filepath,native_label
D:\Potato\_staging\central_java\bacteria\1692332350433.jpg,bacteria
D:\Potato\_staging\central_java\bacteria\1692332350457.jpg,bacteria
D:\Potato\_staging\central_java\bacteria\1692333303178.jpg,bacteria
D:\Potato\_staging\central_java\bacteria\1692333631862.jpg,bacteria
D:\Potato\_staging\central_java\bacteria\1692333631989.jpg,bacteria
D:\Potato\_staging\central_java\bacteria\1692335403904.jpg,bacteria
D:\Potato\_staging\central_java\bacteria\1692336758680.jpg,bacteria
D:\Potato\_staging\central_java\bacteria\1692336758926.jpg,bacteria
D:\Potato\_staging\central_java\bacteria\20230815_111239.jpg,bacteria
D:\Potato\_staging\central_java\bacteria\20230815_111300.jpg,bacteria
D:\Potato\_staging\central_java\bacteria\20230815_111318.jpg,bacteria
D:\Potato\_staging\central_java\bacteria\20230815_111336.jpg,bacteria
D:\Potato\_staging\central_java\bacteria\20230815_111544.jpg,bacteria
D:\Potato\_staging\central_java\bacteria\20230815_111602.jpg,bacteria
D:\Potato\_staging\central_java\bacteria\20230815_111615.jpg,bacteria
D:\Potato\_staging\central_java\bacteria\20230815_111657.jpg,bacteria
D:\Potato\_staging\central_java\bacteria\20230815_111704.jpg,bacteria
D:\Potato\_staging\central_java\bacteria\20230815_111708.jpg,bacteria
D:\Potato\_staging\central_java\bacteria\20230815_111818.jpg,bacteria
D:\Potato\_staging\central_java\bacteria\20230815_111852.jpg,bacteria
D:\Potato\_staging\central_java\bacteria\20230815_111854.jpg,bacteria
D:\Potato\_staging\central_java\bacteria\20230815_111914.jpg,bacteria
D:\Potato\_staging\central_java\bacteria\20230815_111919.jpg,bacteria
D:\Potato\_staging\central_java\bacteria\20230815_111931.jpg,bacteria
D:\Potato\_staging\central_java\bacteria\20230815_113516.jpg,bacteria
D:\Potato\_staging\central_java\bacteria\20230815_113527.jpg,bacteria
D:\Potato\_staging\central_java\bacteria\20230815_113533.jpg,bacteria
D:\Potato\_staging\central_java\bacteria\20230815_113819.jpg,bacteria
D:\Potato\_staging\central_java\bacteria\20230815_113821.jpg,bacteria
D:\Potato\_staging\central_java\bacteria\20230815_113825.jpg,bacteria
D:\Potato\_staging\central_java\bacteria\20230815_113829.jpg,bacteria
D:\Potato\_staging\central_java\bacteria\20230815_113831.jpg,bacteria
D:\Potato\_staging\central_java\bacteria\20230815_113834.jpg,bacteria
D:\Potato\_staging\central_java\bacteria\20230815_113841.jpg,bacteria
D:\Potato\_staging\central_java\bacteria\20230815_113845.jpg,bacteria
D:\Potato\_staging\central_java\bacteria\20230815_113849.jpg,bacteria
D:\Potato\_staging\central_java\bacteria\20230815_113856.jpg,bacteria
D:\Potato\_staging\central_java\bacteria\20230815_113904.jpg,bacteria
D:\Potato\_staging\central_java\bacteria\20230815_113913.jpg,bacteria
D:\Potato\_staging\central_java\bacteria\20230815_113917.jpg,bacteria
D:\Potato\_staging\central_java\bacteria\20230815_113920.jpg,bacteria
D:\Potato\_staging\central_java\bacteria\20230815_113923.jpg,bacteria
D:\Potato\_staging\central_java\bacteria\20230815_113930.jpg,bacteria
D:\Potato\_staging\central_java\bacteria\20230815_113943.jpg,bacteria
D:\Potato\_staging\central_java\bacteria\20230815_113945.jpg,bacteria
D:\Potato\_staging\central_java\bacteria\20230815_113948.jpg,bacteria
D:\Potato\_staging\central_java\bacteria\20230815_114003.jpg,bacteria
D:\Potato\_staging\central_java\bacteria\20230815_114039.jpg,bacteria
D:\Potato\_staging\central_java\bacteria\20230815_114042.jpg,bacteria
D:\Potato\_staging\central_java\bacteria\20230815_114048.jpg,bacteria
D:\Potato\_staging\central_java\bacteria\20230815_114050.jpg,bacteria
D:\Potato\_staging\central_java\bacteria\20230815_114052.jpg,bacteria
D:\Potato\_staging\central_java\bacteria\20230815_114057.jpg,bacteria
D:\Potato\_staging\central_java\bacteria\20230815_114106.jpg,bacteria
D:\Potato\_staging\central_java\bacteria\20230815_114111.jpg,bacteria
D:\Potato\_staging\central_java\bacteria\20230815_114115.jpg,bacteria
D:\Potato\_staging\central_java\bacteria\20230815_114200.jpg,bacteria
D:\Potato\_staging\central_java\bacteria\20230815_114456.jpg,bacteria
D:\Potato\_staging\central_java\bacteria\20230815_114513.jpg,bacteria
D:\Potato\_staging\central_java\bacteria\20230815_114519.jpg,bacteria
D:\Potato\_staging\central_java\bacteria\20230815_114546.jpg,bacteria
D:\Potato\_staging\central_java\bacteria\20230815_114705.jpg,bacteria
D:\Potato\_staging\central_java\bacteria\20230815_114717.jpg,bacteria
D:\Potato\_staging\central_java\bacteria\20230815_114748.jpg,bacteria
D:\Potato\_staging\central_java\bacteria\20230815_114927.jpg,bacteria
D:\Potato\_staging\central_java\bacteria\20230815_115905.jpg,bacteria
D:\Potato\_staging\central_java\bacteria\20230815_120051.jpg,bacteria
D:\Potato\_staging\central_java\bacteria\20230815_120101.jpg,bacteria
D:\Potato\_staging\central_java\bacteria\20230815_120109.jpg,bacteria
D:\Potato\_staging\central_java\bacteria\20230815_120734.jpg,bacteria
D:\Potato\_staging\central_java\bacteria\20230815_120753.jpg,bacteria
D:\Potato\_staging\central_java\bacteria\20230815_120817.jpg,bacteria
D:\Potato\_staging\central_java\bacteria\20230815_121740.jpg,bacteria
D:\Potato\_staging\central_java\bacteria\20230815_122416.jpg,bacteria
D:\Potato\_staging\central_java\bacteria\20230815_122418.jpg,bacteria
D:\Potato\_staging\central_java\bacteria\20230815_122422.jpg,bacteria
D:\Potato\_staging\central_java\bacteria\20230815_122505.jpg,bacteria
D:\Potato\_staging\central_java\bacteria\20230815_122507.jpg,bacteria
D:\Potato\_staging\central_java\bacteria\20230815_153546.jpg,bacteria
D:\Potato\_staging\central_java\bacteria\20230815_153552.jpg,bacteria
D:\Potato\_staging\central_java\bacteria\20230815_153557.jpg,bacteria
D:\Potato\_staging\central_java\bacteria\20230815_153600.jpg,bacteria
D:\Potato\_staging\central_java\bacteria\20230815_153602.jpg,bacteria
D:\Potato\_staging\central_java\bacteria\20230815_153611.jpg,bacteria
D:\Potato\_staging\central_java\bacteria\20230816_091315.jpg,bacteria
D:\Potato\_staging\central_java\bacteria\20230816_091330.jpg,bacteria
D:\Potato\_staging\central_java\bacteria\20230816_120911.jpg,bacteria
D:\Potato\_staging\central_java\bacteria\20230816_120913.jpg,bacteria
D:\Potato\_staging\central_java\bacteria\20230816_120931.jpg,bacteria
D:\Potato\_staging\central_java\bacteria\20230816_120932.jpg,bacteria
D:\Potato\_staging\central_java\bacteria\20230816_120934.jpg,bacteria
D:\Potato\_staging\central_java\bacteria\20230816_121054.jpg,bacteria
D:\Potato\_staging\central_java\bacteria\20230816_122651.jpg,bacteria
D:\Potato\_staging\central_java\bacteria\20230816_123115.jpg,bacteria
D:\Potato\_staging\central_java\bacteria\20230816_134130.jpg,bacteria
D:\Potato\_staging\central_java\bacteria\20230816_134133.jpg,bacteria
D:\Potato\_staging\central_java\bacteria\20230816_134136.jpg,bacteria
D:\Potato\_staging\central_java\bacteria\20230816_134139.jpg,bacteria
D:\Potato\_staging\central_java\bacteria\20230816_134143.jpg,bacteria
D:\Potato\_staging\central_java\bacteria\20230816_134147.jpg,bacteria
D:\Potato\_staging\central_java\bacteria\20230816_134245.jpg,bacteria
D:\Potato\_staging\central_java\bacteria\20230816_134251.jpg,bacteria
D:\Potato\_staging\central_java\bacteria\20230816_134255.jpg,bacteria
D:\Potato\_staging\central_java\bacteria\20230816_134302.jpg,bacteria
D:\Potato\_staging\central_java\bacteria\20230816_134322.jpg,bacteria
D:\Potato\_staging\central_java\bacteria\20230816_134325.jpg,bacteria
D:\Potato\_staging\central_java\bacteria\20230816_134327.jpg,bacteria
D:\Potato\_staging\central_java\bacteria\20230816_134445.jpg,bacteria
D:\Potato\_staging\central_java\bacteria\20230816_134451.jpg,bacteria
D:\Potato\_staging\central_java\bacteria\20230816_134458.jpg,bacteria
D:\Potato\_staging\central_java\bacteria\20230816_134501.jpg,bacteria
D:\Potato\_staging\central_java\bacteria\20230816_134503.jpg,bacteria
D:\Potato\_staging\central_java\bacteria\20230816_134507.jpg,bacteria
D:\Potato\_staging\central_java\bacteria\20230816_134520.jpg,bacteria
D:\Potato\_staging\central_java\bacteria\20230816_134527.jpg,bacteria
D:\Potato\_staging\central_java\bacteria\20230816_134532.jpg,bacteria
D:\Potato\_staging\central_java\bacteria\20230816_134537.jpg,bacteria
D:\Potato\_staging\central_java\bacteria\20230816_134541.jpg,bacteria
D:\Potato\_staging\central_java\bacteria\20230816_134548.jpg,bacteria
D:\Potato\_staging\central_java\bacteria\20230816_134552.jpg,bacteria
D:\Potato\_staging\central_java\bacteria\20230816_134613.jpg,bacteria
D:\Potato\_staging\central_java\bacteria\20230816_134650.jpg,bacteria
D:\Potato\_staging\central_java\bacteria\20230816_134658.jpg,bacteria
D:\Potato\_staging\central_java\bacteria\20230816_134702.jpg,bacteria
D:\Potato\_staging\central_java\bacteria\20230816_134720.jpg,bacteria
D:\Potato\_staging\central_java\bacteria\20230816_134722.jpg,bacteria
D:\Potato\_staging\central_java\bacteria\20230816_134725.jpg,bacteria
D:\Potato\_staging\central_java\bacteria\20230816_134733.jpg,bacteria
D:\Potato\_staging\central_java\bacteria\20230816_134736.jpg,bacteria
D:\Potato\_staging\central_java\bacteria\20230816_134756.jpg,bacteria
D:\Potato\_staging\central_java\bacteria\20230816_134805.jpg,bacteria
D:\Potato\_staging\central_java\bacteria\20230816_134825.jpg,bacteria
D:\Potato\_staging\central_java\bacteria\20230816_134827.jpg,bacteria
D:\Potato\_staging\central_java\bacteria\20230816_135039.jpg,bacteria
D:\Potato\_staging\central_java\bacteria\20230816_135046.jpg,bacteria
D:\Potato\_staging\central_java\bacteria\20230816_135102.jpg,bacteria
D:\Potato\_staging\central_java\bacteria\20230816_135107.jpg,bacteria
D:\Potato\_staging\central_java\bacteria\20230816_135116.jpg,bacteria
D:\Potato\_staging\central_java\bacteria\20230816_135122.jpg,bacteria
D:\Potato\_staging\central_java\bacteria\20230816_135126.jpg,bacteria
D:\Potato\_staging\central_java\bacteria\20230816_135141.jpg,bacteria
D:\Potato\_staging\central_java\bacteria\20230816_135143.jpg,bacteria
D:\Potato\_staging\central_java\bacteria\20230816_135147.jpg,bacteria
D:\Potato\_staging\central_java\bacteria\20230816_135156.jpg,bacteria
D:\Potato\_staging\central_java\bacteria\20230816_135212.jpg,bacteria
D:\Potato\_staging\central_java\bacteria\20230816_135216.jpg,bacteria
D:\Potato\_staging\central_java\bacteria\20230816_135222.jpg,bacteria
D:\Potato\_staging\central_java\bacteria\20230816_135224.jpg,bacteria
D:\Potato\_staging\central_java\bacteria\20230816_135226.jpg,bacteria
D:\Potato\_staging\central_java\bacteria\20230816_135234.jpg,bacteria
D:\Potato\_staging\central_java\bacteria\20230816_135242.jpg,bacteria
D:\Potato\_staging\central_java\bacteria\20230816_135252.jpg,bacteria
D:\Potato\_staging\central_java\bacteria\20230816_135259.jpg,bacteria
D:\Potato\_staging\central_java\bacteria\20230816_135436.jpg,bacteria
D:\Potato\_staging\central_java\bacteria\20230816_135439.jpg,bacteria
D:\Potato\_staging\central_java\bacteria\20230816_135443.jpg,bacteria
D:\Potato\_staging\central_java\bacteria\20230816_135444.jpg,bacteria
D:\Potato\_staging\central_java\bacteria\20230816_135447.jpg,bacteria
D:\Potato\_staging\central_java\bacteria\20230816_135453.jpg,bacteria
D:\Potato\_staging\central_java\bacteria\20230816_135513.jpg,bacteria
D:\Potato\_staging\central_java\bacteria\20230816_135522.jpg,bacteria
D:\Potato\_staging\central_java\bacteria\20230816_135532.jpg,bacteria
D:\Potato\_staging\central_java\bacteria\20230816_135539.jpg,bacteria
D:\Potato\_staging\central_java\bacteria\20230816_135541.jpg,bacteria
D:\Potato\_staging\central_java\bacteria\20230816_135543.jpg,bacteria
D:\Potato\_staging\central_java\bacteria\20230816_135559.jpg,bacteria
D:\Potato\_staging\central_java\bacteria\20230816_135602.jpg,bacteria
D:\Potato\_staging\central_java\bacteria\20230816_135607.jpg,bacteria
D:\Potato\_staging\central_java\bacteria\20230816_135611.jpg,bacteria
D:\Potato\_staging\central_java\bacteria\20230816_135615.jpg,bacteria
D:\Potato\_staging\central_java\bacteria\20230816_135621.jpg,bacteria
D:\Potato\_staging\central_java\bacteria\20230816_135627.jpg,bacteria
D:\Potato\_staging\central_java\bacteria\20230816_135632.jpg,bacteria
D:\Potato\_staging\central_java\bacteria\20230816_135637.jpg,bacteria
D:\Potato\_staging\central_java\bacteria\20230816_135859.jpg,bacteria
D:\Potato\_staging\central_java\bacteria\20230816_135938.jpg,bacteria
D:\Potato\_staging\central_java\bacteria\20230816_135949.jpg,bacteria
D:\Potato\_staging\central_java\bacteria\20230816_135952.jpg,bacteria
D:\Potato\_staging\central_java\bacteria\20230816_140002.jpg,bacteria
D:\Potato\_staging\central_java\bacteria\20230816_140010.jpg,bacteria
D:\Potato\_staging\central_java\bacteria\20230816_140014.jpg,bacteria
D:\Potato\_staging\central_java\bacteria\20230816_140018.jpg,bacteria
D:\Potato\_staging\central_java\bacteria\20230816_140031.jpg,bacteria
D:\Potato\_staging\central_java\bacteria\20230816_140032.jpg,bacteria
D:\Potato\_staging\central_java\bacteria\20230816_140041.jpg,bacteria
D:\Potato\_staging\central_java\bacteria\20230816_140044.jpg,bacteria
D:\Potato\_staging\central_java\bacteria\20230816_140049.jpg,bacteria
D:\Potato\_staging\central_java\bacteria\20230816_140054.jpg,bacteria
D:\Potato\_staging\central_java\bacteria\20230816_140110.jpg,bacteria
D:\Potato\_staging\central_java\bacteria\20230816_140117.jpg,bacteria
D:\Potato\_staging\central_java\bacteria\20230816_140312.jpg,bacteria
D:\Potato\_staging\central_java\bacteria\20230816_140318.jpg,bacteria
D:\Potato\_staging\central_java\bacteria\20230816_140335.jpg,bacteria
D:\Potato\_staging\central_java\bacteria\20230816_140515.jpg,bacteria
D:\Potato\_staging\central_java\bacteria\20230816_140525.jpg,bacteria
D:\Potato\_staging\central_java\bacteria\20230816_140556.jpg,bacteria
D:\Potato\_staging\central_java\bacteria\20230816_140559.jpg,bacteria
D:\Potato\_staging\central_java\bacteria\20230816_140602.jpg,bacteria
D:\Potato\_staging\central_java\bacteria\20230816_140613.jpg,bacteria
D:\Potato\_staging\central_java\bacteria\20230816_140615.jpg,bacteria
D:\Potato\_staging\central_java\bacteria\20230816_140618.jpg,bacteria
D:\Potato\_staging\central_java\bacteria\20230816_140628.jpg,bacteria
D:\Potato\_staging\central_java\bacteria\20230816_140631.jpg,bacteria
D:\Potato\_staging\central_java\bacteria\20230816_140633.jpg,bacteria
D:\Potato\_staging\central_java\bacteria\20230816_140639.jpg,bacteria
D:\Potato\_staging\central_java\bacteria\20230816_140641.jpg,bacteria
D:\Potato\_staging\central_java\bacteria\20230816_140652.jpg,bacteria
D:\Potato\_staging\central_java\bacteria\20230816_140706.jpg,bacteria
D:\Potato\_staging\central_java\bacteria\20230816_140718.jpg,bacteria
D:\Potato\_staging\central_java\bacteria\20230816_140728.jpg,bacteria
D:\Potato\_staging\central_java\bacteria\20230816_140735.jpg,bacteria
D:\Potato\_staging\central_java\bacteria\20230816_140750.jpg,bacteria
D:\Potato\_staging\central_java\bacteria\20230816_140809.jpg,bacteria
D:\Potato\_staging\central_java\bacteria\20230816_140812.jpg,bacteria
D:\Potato\_staging\central_java\bacteria\20230816_140813.jpg,bacteria
D:\Potato\_staging\central_java\bacteria\20230816_140920.jpg,bacteria
D:\Potato\_staging\central_java\bacteria\20230816_140921.jpg,bacteria
D:\Potato\_staging\central_java\bacteria\20230816_140922.jpg,bacteria
D:\Potato\_staging\central_java\bacteria\20230816_140926.jpg,bacteria
D:\Potato\_staging\central_java\bacteria\20230816_140928.jpg,bacteria
D:\Potato\_staging\central_java\bacteria\20230816_140934.jpg,bacteria
D:\Potato\_staging\central_java\bacteria\20230816_140942.jpg,bacteria
D:\Potato\_staging\central_java\bacteria\20230816_140947.jpg,bacteria
D:\Potato\_staging\central_java\bacteria\20230816_140949.jpg,bacteria
D:\Potato\_staging\central_java\bacteria\20230816_140956.jpg,bacteria
D:\Potato\_staging\central_java\bacteria\20230816_141007.jpg,bacteria
D:\Potato\_staging\central_java\bacteria\20230816_141014.jpg,bacteria
D:\Potato\_staging\central_java\bacteria\20230816_141016.jpg,bacteria
D:\Potato\_staging\central_java\bacteria\20230816_141026.jpg,bacteria
D:\Potato\_staging\central_java\bacteria\20230816_141036.jpg,bacteria
D:\Potato\_staging\central_java\bacteria\20230816_141038.jpg,bacteria
D:\Potato\_staging\central_java\bacteria\20230816_141039.jpg,bacteria
D:\Potato\_staging\central_java\bacteria\20230816_141040.jpg,bacteria
D:\Potato\_staging\central_java\bacteria\20230816_141042.jpg,bacteria
D:\Potato\_staging\central_java\bacteria\20230816_141044.jpg,bacteria
D:\Potato\_staging\central_java\bacteria\20230816_141106.jpg,bacteria
D:\Potato\_staging\central_java\bacteria\20230816_141155.jpg,bacteria
D:\Potato\_staging\central_java\bacteria\20230816_141202.jpg,bacteria
D:\Potato\_staging\central_java\bacteria\20230816_141225.jpg,bacteria
D:\Potato\_staging\central_java\bacteria\20230816_141228.jpg,bacteria
D:\Potato\_staging\central_java\bacteria\20230816_141230.jpg,bacteria
D:\Potato\_staging\central_java\bacteria\20230816_141232.jpg,bacteria
D:\Potato\_staging\central_java\bacteria\20230816_141244.jpg,bacteria
D:\Potato\_staging\central_java\bacteria\20230816_141359.jpg,bacteria
D:\Potato\_staging\central_java\bacteria\20230816_141402.jpg,bacteria
D:\Potato\_staging\central_java\bacteria\20230816_141404.jpg,bacteria
D:\Potato\_staging\central_java\bacteria\20230816_141411.jpg,bacteria
D:\Potato\_staging\central_java\bacteria\20230816_141423.jpg,bacteria
D:\Potato\_staging\central_java\bacteria\20230816_141425.jpg,bacteria
D:\Potato\_staging\central_java\bacteria\20230816_141446.jpg,bacteria
D:\Potato\_staging\central_java\bacteria\20230816_141448.jpg,bacteria
D:\Potato\_staging\central_java\bacteria\20230816_141459.jpg,bacteria
D:\Potato\_staging\central_java\bacteria\20230816_141504.jpg,bacteria
D:\Potato\_staging\central_java\bacteria\20230816_141507.jpg,bacteria
D:\Potato\_staging\central_java\bacteria\20230816_141511.jpg,bacteria
D:\Potato\_staging\central_java\bacteria\20230816_141517.jpg,bacteria
D:\Potato\_staging\central_java\bacteria\20230816_141521.jpg,bacteria
D:\Potato\_staging\central_java\bacteria\20230816_141526.jpg,bacteria
D:\Potato\_staging\central_java\bacteria\20230816_141603.jpg,bacteria
D:\Potato\_staging\central_java\bacteria\20230816_141617.jpg,bacteria
D:\Potato\_staging\central_java\bacteria\20230816_141632.jpg,bacteria
D:\Potato\_staging\central_java\bacteria\20230816_141752.jpg,bacteria
D:\Potato\_staging\central_java\bacteria\20230816_141831.jpg,bacteria
D:\Potato\_staging\central_java\bacteria\20230816_141854.jpg,bacteria
D:\Potato\_staging\central_java\bacteria\20230816_141904.jpg,bacteria
D:\Potato\_staging\central_java\bacteria\20230816_142011.jpg,bacteria
D:\Potato\_staging\central_java\bacteria\20230816_142015.jpg,bacteria
D:\Potato\_staging\central_java\bacteria\20230816_142020.jpg,bacteria
D:\Potato\_staging\central_java\bacteria\20230816_142031.jpg,bacteria
D:\Potato\_staging\central_java\bacteria\20230816_142045.jpg,bacteria
D:\Potato\_staging\central_java\bacteria\20230816_142053.jpg,bacteria
D:\Potato\_staging\central_java\bacteria\20230816_142101.jpg,bacteria
D:\Potato\_staging\central_java\bacteria\20230816_142135.jpg,bacteria
D:\Potato\_staging\central_java\bacteria\20230816_142201.jpg,bacteria
D:\Potato\_staging\central_java\bacteria\20230816_142204.jpg,bacteria
D:\Potato\_staging\central_java\bacteria\20230816_142227.jpg,bacteria
D:\Potato\_staging\central_java\bacteria\20230816_142244.jpg,bacteria
D:\Potato\_staging\central_java\bacteria\20230816_142250.jpg,bacteria
D:\Potato\_staging\central_java\bacteria\20230816_142259.jpg,bacteria
D:\Potato\_staging\central_java\bacteria\20230816_142303.jpg,bacteria
D:\Potato\_staging\central_java\bacteria\20230816_142310.jpg,bacteria
D:\Potato\_staging\central_java\bacteria\20230816_142329.jpg,bacteria
D:\Potato\_staging\central_java\bacteria\20230816_142332.jpg,bacteria
D:\Potato\_staging\central_java\bacteria\20230816_142343.jpg,bacteria
D:\Potato\_staging\central_java\bacteria\20230816_142345.jpg,bacteria
D:\Potato\_staging\central_java\bacteria\20230816_142351.jpg,bacteria
D:\Potato\_staging\central_java\bacteria\20230816_142356.jpg,bacteria
D:\Potato\_staging\central_java\bacteria\20230816_142401.jpg,bacteria
D:\Potato\_staging\central_java\bacteria\20230816_142405.jpg,bacteria
D:\Potato\_staging\central_java\bacteria\20230816_142418.jpg,bacteria
D:\Potato\_staging\central_java\bacteria\20230816_142434.jpg,bacteria
D:\Potato\_staging\central_java\bacteria\20230816_142440.jpg,bacteria
D:\Potato\_staging\central_java\bacteria\20230816_142443.jpg,bacteria
D:\Potato\_staging\central_java\bacteria\20230816_142449.jpg,bacteria
D:\Potato\_staging\central_java\bacteria\20230816_142507.jpg,bacteria
D:\Potato\_staging\central_java\bacteria\20230816_142520.jpg,bacteria
D:\Potato\_staging\central_java\bacteria\20230816_142536.jpg,bacteria
D:\Potato\_staging\central_java\bacteria\20230816_142540.jpg,bacteria
D:\Potato\_staging\central_java\bacteria\20230816_142545.jpg,bacteria
D:\Potato\_staging\central_java\bacteria\20230816_142552.jpg,bacteria
D:\Potato\_staging\central_java\bacteria\20230816_142558.jpg,bacteria
D:\Potato\_staging\central_java\bacteria\20230816_142603.jpg,bacteria
D:\Potato\_staging\central_java\bacteria\20230816_142605.jpg,bacteria
D:\Potato\_staging\central_java\bacteria\20230816_142611.jpg,bacteria
D:\Potato\_staging\central_java\bacteria\20230816_142632.jpg,bacteria
D:\Potato\_staging\central_java\bacteria\20230816_142635.jpg,bacteria
D:\Potato\_staging\central_java\bacteria\20230816_142641.jpg,bacteria
D:\Potato\_staging\central_java\bacteria\20230816_142650.jpg,bacteria
D:\Potato\_staging\central_java\bacteria\20230816_142653.jpg,bacteria
D:\Potato\_staging\central_java\bacteria\20230816_142655.jpg,bacteria
D:\Potato\_staging\central_java\bacteria\20230816_142712.jpg,bacteria
D:\Potato\_staging\central_java\bacteria\20230816_142718.jpg,bacteria
D:\Potato\_staging\central_java\bacteria\20230816_142730.jpg,bacteria
D:\Potato\_staging\central_java\bacteria\20230816_142735.jpg,bacteria
D:\Potato\_staging\central_java\bacteria\20230816_142738.jpg,bacteria
D:\Potato\_staging\central_java\bacteria\20230816_142742.jpg,bacteria
D:\Potato\_staging\central_java\bacteria\20230816_142746.jpg,bacteria
D:\Potato\_staging\central_java\bacteria\20230816_142749.jpg,bacteria
D:\Potato\_staging\central_java\bacteria\20230816_142806.jpg,bacteria
D:\Potato\_staging\central_java\bacteria\20230816_142810.jpg,bacteria
D:\Potato\_staging\central_java\bacteria\20230816_142820.jpg,bacteria
D:\Potato\_staging\central_java\bacteria\20230816_142843.jpg,bacteria
D:\Potato\_staging\central_java\bacteria\20230816_143234.jpg,bacteria
D:\Potato\_staging\central_java\bacteria\20230816_143305.jpg,bacteria
D:\Potato\_staging\central_java\bacteria\20230816_143315.jpg,bacteria
D:\Potato\_staging\central_java\bacteria\20230816_143409.jpg,bacteria
D:\Potato\_staging\central_java\bacteria\20230816_143416.jpg,bacteria
D:\Potato\_staging\central_java\bacteria\IMG_0318.JPG,bacteria
D:\Potato\_staging\central_java\bacteria\IMG_0320.JPG,bacteria
D:\Potato\_staging\central_java\bacteria\IMG_0321.JPG,bacteria
D:\Potato\_staging\central_java\bacteria\IMG_0322.JPG,bacteria
D:\Potato\_staging\central_java\bacteria\IMG_0323.JPG,bacteria
D:\Potato\_staging\central_java\bacteria\IMG_0324.JPG,bacteria
D:\Potato\_staging\central_java\bacteria\IMG_0325.JPG,bacteria
D:\Potato\_staging\central_java\bacteria\IMG_0326.JPG,bacteria
D:\Potato\_staging\central_java\bacteria\IMG_0327.JPG,bacteria
D:\Potato\_staging\central_java\bacteria\IMG_0328.JPG,bacteria
D:\Potato\_staging\central_java\bacteria\IMG_0329.JPG,bacteria
D:\Potato\_staging\central_java\bacteria\IMG_0330.JPG,bacteria
D:\Potato\_staging\central_java\bacteria\IMG_0331.JPG,bacteria
D:\Potato\_staging\central_java\bacteria\IMG_0336.JPG,bacteria
D:\Potato\_staging\central_java\bacteria\IMG_0348.JPG,bacteria
D:\Potato\_staging\central_java\bacteria\IMG_0349.JPG,bacteria
D:\Potato\_staging\central_java\bacteria\IMG_0351.JPG,bacteria
D:\Potato\_staging\central_java\bacteria\IMG_0352.JPG,bacteria
D:\Potato\_staging\central_java\bacteria\IMG_0353.JPG,bacteria
D:\Potato\_staging\central_java\bacteria\IMG_0354.JPG,bacteria
D:\Potato\_staging\central_java\bacteria\IMG_0355.JPG,bacteria
D:\Potato\_staging\central_java\bacteria\IMG_0356.JPG,bacteria
D:\Potato\_staging\central_java\bacteria\IMG_0357.JPG,bacteria
D:\Potato\_staging\central_java\bacteria\IMG_0358.JPG,bacteria
D:\Potato\_staging\central_java\bacteria\IMG_0359.JPG,bacteria
D:\Potato\_staging\central_java\bacteria\IMG_0360.JPG,bacteria
D:\Potato\_staging\central_java\bacteria\IMG_0361.JPG,bacteria
D:\Potato\_staging\central_java\bacteria\IMG_0362.JPG,bacteria
D:\Potato\_staging\central_java\bacteria\IMG_0363.JPG,bacteria
D:\Potato\_staging\central_java\bacteria\IMG_0364.JPG,bacteria
D:\Potato\_staging\central_java\bacteria\IMG_0365.JPG,bacteria
D:\Potato\_staging\central_java\bacteria\IMG_0366.JPG,bacteria
D:\Potato\_staging\central_java\bacteria\IMG_0367.JPG,bacteria
D:\Potato\_staging\central_java\bacteria\IMG_0368.JPG,bacteria
D:\Potato\_staging\central_java\bacteria\IMG_0369.JPG,bacteria
D:\Potato\_staging\central_java\bacteria\IMG_0370.JPG,bacteria
D:\Potato\_staging\central_java\bacteria\IMG_0371.JPG,bacteria
D:\Potato\_staging\central_java\bacteria\IMG_0372.JPG,bacteria
D:\Potato\_staging\central_java\bacteria\IMG_0373.JPG,bacteria
D:\Potato\_staging\central_java\bacteria\IMG_0374.JPG,bacteria
D:\Potato\_staging\central_java\bacteria\IMG_0729.JPG,bacteria
D:\Potato\_staging\central_java\bacteria\IMG_0732.JPG,bacteria
D:\Potato\_staging\central_java\bacteria\IMG_0833.JPG,bacteria
D:\Potato\_staging\central_java\bacteria\IMG_0834.JPG,bacteria
D:\Potato\_staging\central_java\bacteria\IMG_0835.JPG,bacteria
D:\Potato\_staging\central_java\bacteria\IMG_0853.JPG,bacteria
D:\Potato\_staging\central_java\bacteria\IMG_0874.JPG,bacteria
D:\Potato\_staging\central_java\bacteria\IMG_0902.JPG,bacteria
D:\Potato\_staging\central_java\bacteria\IMG_0903.JPG,bacteria
D:\Potato\_staging\central_java\bacteria\IMG_0904.JPG,bacteria
D:\Potato\_staging\central_java\bacteria\IMG_0905.JPG,bacteria
D:\Potato\_staging\central_java\bacteria\IMG_0906.JPG,bacteria
D:\Potato\_staging\central_java\bacteria\IMG_0907.JPG,bacteria
D:\Potato\_staging\central_java\bacteria\IMG_0908.JPG,bacteria
D:\Potato\_staging\central_java\bacteria\IMG_0909.JPG,bacteria
D:\Potato\_staging\central_java\bacteria\IMG_0910.JPG,bacteria
D:\Potato\_staging\central_java\bacteria\IMG_0911.JPG,bacteria
D:\Potato\_staging\central_java\bacteria\IMG_0912.JPG,bacteria
D:\Potato\_staging\central_java\bacteria\IMG_0913.JPG,bacteria
D:\Potato\_staging\central_java\bacteria\IMG_0914.JPG,bacteria
D:\Potato\_staging\central_java\bacteria\IMG_0915.JPG,bacteria
D:\Potato\_staging\central_java\bacteria\IMG_0916.JPG,bacteria
D:\Potato\_staging\central_java\bacteria\IMG_0917.JPG,bacteria
D:\Potato\_staging\central_java\bacteria\IMG_0918.JPG,bacteria
D:\Potato\_staging\central_java\bacteria\IMG_0919.JPG,bacteria
D:\Potato\_staging\central_java\bacteria\IMG_0920.JPG,bacteria
D:\Potato\_staging\central_java\bacteria\IMG_0921.JPG,bacteria
D:\Potato\_staging\central_java\bacteria\IMG_0922.JPG,bacteria
D:\Potato\_staging\central_java\bacteria\IMG_0923.JPG,bacteria
D:\Potato\_staging\central_java\bacteria\IMG_0924.JPG,bacteria
D:\Potato\_staging\central_java\bacteria\IMG_0941.JPG,bacteria
D:\Potato\_staging\central_java\bacteria\IMG_0942.JPG,bacteria
D:\Potato\_staging\central_java\bacteria\IMG_0943.JPG,bacteria
D:\Potato\_staging\central_java\bacteria\IMG_0944.JPG,bacteria
D:\Potato\_staging\central_java\bacteria\IMG_0945.JPG,bacteria
D:\Potato\_staging\central_java\bacteria\IMG_0946.JPG,bacteria
D:\Potato\_staging\central_java\bacteria\IMG_0948.JPG,bacteria
D:\Potato\_staging\central_java\bacteria\IMG_0949.JPG,bacteria
D:\Potato\_staging\central_java\bacteria\IMG_0950.JPG,bacteria
D:\Potato\_staging\central_java\bacteria\IMG_0951.JPG,bacteria
D:\Potato\_staging\central_java\bacteria\IMG_1002.JPG,bacteria
D:\Potato\_staging\central_java\bacteria\IMG_1006.JPG,bacteria
D:\Potato\_staging\central_java\bacteria\IMG_1007.JPG,bacteria
D:\Potato\_staging\central_java\bacteria\IMG_1008.JPG,bacteria
D:\Potato\_staging\central_java\bacteria\IMG_1009.JPG,bacteria
D:\Potato\_staging\central_java\bacteria\IMG_1011.JPG,bacteria
D:\Potato\_staging\central_java\bacteria\IMG_1012.JPG,bacteria
D:\Potato\_staging\central_java\bacteria\IMG_1014.JPG,bacteria
D:\Potato\_staging\central_java\bacteria\IMG_1022.JPG,bacteria
D:\Potato\_staging\central_java\bacteria\IMG_1023.JPG,bacteria
D:\Potato\_staging\central_java\bacteria\IMG_1024.JPG,bacteria
D:\Potato\_staging\central_java\bacteria\IMG_1026.JPG,bacteria
D:\Potato\_staging\central_java\bacteria\IMG_1029.JPG,bacteria
D:\Potato\_staging\central_java\bacteria\IMG_1030.JPG,bacteria
D:\Potato\_staging\central_java\bacteria\IMG_1031.JPG,bacteria
D:\Potato\_staging\central_java\bacteria\IMG_1032.JPG,bacteria
D:\Potato\_staging\central_java\bacteria\IMG_1034.JPG,bacteria
D:\Potato\_staging\central_java\bacteria\IMG_1035.JPG,bacteria
D:\Potato\_staging\central_java\bacteria\IMG_1036.JPG,bacteria
D:\Potato\_staging\central_java\bacteria\IMG_1038.JPG,bacteria
D:\Potato\_staging\central_java\bacteria\IMG_1039.JPG,bacteria
D:\Potato\_staging\central_java\bacteria\IMG_1040.JPG,bacteria
D:\Potato\_staging\central_java\bacteria\IMG_1043.JPG,bacteria
D:\Potato\_staging\central_java\bacteria\IMG_1068.JPG,bacteria
D:\Potato\_staging\central_java\bacteria\IMG_1069.JPG,bacteria
D:\Potato\_staging\central_java\bacteria\IMG_1070.JPG,bacteria
D:\Potato\_staging\central_java\bacteria\IMG_1077.JPG,bacteria
D:\Potato\_staging\central_java\bacteria\IMG_1078.JPG,bacteria
D:\Potato\_staging\central_java\bacteria\IMG_1079.JPG,bacteria
D:\Potato\_staging\central_java\bacteria\IMG_1080.JPG,bacteria
D:\Potato\_staging\central_java\bacteria\IMG_1081.JPG,bacteria
D:\Potato\_staging\central_java\bacteria\IMG_1082.JPG,bacteria
D:\Potato\_staging\central_java\bacteria\IMG_1083.JPG,bacteria
D:\Potato\_staging\central_java\bacteria\IMG_1084.JPG,bacteria
D:\Potato\_staging\central_java\bacteria\IMG_1090.JPG,bacteria
D:\Potato\_staging\central_java\bacteria\IMG_1091.JPG,bacteria
D:\Potato\_staging\central_java\bacteria\IMG_1092.JPG,bacteria
D:\Potato\_staging\central_java\bacteria\IMG_1093.JPG,bacteria
D:\Potato\_staging\central_java\bacteria\IMG_1099.JPG,bacteria
D:\Potato\_staging\central_java\bacteria\IMG_1100.JPG,bacteria
D:\Potato\_staging\central_java\bacteria\IMG_1111.JPG,bacteria
D:\Potato\_staging\central_java\bacteria\IMG_1112.JPG,bacteria
D:\Potato\_staging\central_java\bacteria\IMG_1113.JPG,bacteria
D:\Potato\_staging\central_java\bacteria\IMG_1114.JPG,bacteria
D:\Potato\_staging\central_java\bacteria\IMG_1115.JPG,bacteria
D:\Potato\_staging\central_java\bacteria\IMG_1116.JPG,bacteria
D:\Potato\_staging\central_java\bacteria\IMG_1117.JPG,bacteria
D:\Potato\_staging\central_java\bacteria\IMG_1118.JPG,bacteria
D:\Potato\_staging\central_java\bacteria\IMG_1129.JPG,bacteria
D:\Potato\_staging\central_java\bacteria\IMG_1130.JPG,bacteria
D:\Potato\_staging\central_java\bacteria\IMG_1131.JPG,bacteria
D:\Potato\_staging\central_java\bacteria\IMG_1132.JPG,bacteria
D:\Potato\_staging\central_java\bacteria\IMG_1133.JPG,bacteria
D:\Potato\_staging\central_java\bacteria\IMG_1134.JPG,bacteria
D:\Potato\_staging\central_java\bacteria\IMG_1135.JPG,bacteria
D:\Potato\_staging\central_java\bacteria\IMG_1138.JPG,bacteria
D:\Potato\_staging\central_java\bacteria\IMG_1140.JPG,bacteria
D:\Potato\_staging\central_java\bacteria\IMG_1141.JPG,bacteria
D:\Potato\_staging\central_java\bacteria\IMG_1142.JPG,bacteria
D:\Potato\_staging\central_java\bacteria\IMG_1150.JPG,bacteria
D:\Potato\_staging\central_java\bacteria\IMG_1151.JPG,bacteria
D:\Potato\_staging\central_java\bacteria\IMG_1152.JPG,bacteria
D:\Potato\_staging\central_java\bacteria\IMG_1153.JPG,bacteria
D:\Potato\_staging\central_java\bacteria\IMG_1154.JPG,bacteria
D:\Potato\_staging\central_java\bacteria\IMG_1155.JPG,bacteria
D:\Potato\_staging\central_java\bacteria\IMG_1156.JPG,bacteria
D:\Potato\_staging\central_java\bacteria\IMG_1157.JPG,bacteria
D:\Potato\_staging\central_java\bacteria\IMG_1158.JPG,bacteria
D:\Potato\_staging\central_java\bacteria\IMG_1159.JPG,bacteria
D:\Potato\_staging\central_java\bacteria\IMG_1160.JPG,bacteria
D:\Potato\_staging\central_java\bacteria\IMG_1161.JPG,bacteria
D:\Potato\_staging\central_java\bacteria\IMG_1162.JPG,bacteria
D:\Potato\_staging\central_java\bacteria\IMG_1163.JPG,bacteria
D:\Potato\_staging\central_java\bacteria\IMG_1164.JPG,bacteria
D:\Potato\_staging\central_java\bacteria\IMG_1165.JPG,bacteria
D:\Potato\_staging\central_java\bacteria\IMG_1166.JPG,bacteria
D:\Potato\_staging\central_java\bacteria\IMG_1167.JPG,bacteria
D:\Potato\_staging\central_java\bacteria\IMG_1168.JPG,bacteria
D:\Potato\_staging\central_java\bacteria\IMG_1169.JPG,bacteria
D:\Potato\_staging\central_java\bacteria\IMG_1170.JPG,bacteria
D:\Potato\_staging\central_java\bacteria\IMG_1171.JPG,bacteria
D:\Potato\_staging\central_java\bacteria\IMG_1172.JPG,bacteria
D:\Potato\_staging\central_java\bacteria\IMG_1173.JPG,bacteria
D:\Potato\_staging\central_java\bacteria\IMG_1174.JPG,bacteria
D:\Potato\_staging\central_java\bacteria\IMG_1175.JPG,bacteria
D:\Potato\_staging\central_java\bacteria\IMG_1176.JPG,bacteria
D:\Potato\_staging\central_java\bacteria\IMG_1177.JPG,bacteria
D:\Potato\_staging\central_java\bacteria\IMG_1178.JPG,bacteria
D:\Potato\_staging\central_java\bacteria\IMG_1179.JPG,bacteria
D:\Potato\_staging\central_java\bacteria\IMG_1180.JPG,bacteria
D:\Potato\_staging\central_java\bacteria\IMG_1181.JPG,bacteria
D:\Potato\_staging\central_java\bacteria\IMG_1182.JPG,bacteria
D:\Potato\_staging\central_java\bacteria\IMG_1183.JPG,bacteria
D:\Potato\_staging\central_java\bacteria\IMG_1184.JPG,bacteria
D:\Potato\_staging\central_java\bacteria\IMG_1185.JPG,bacteria
D:\Potato\_staging\central_java\bacteria\IMG_1186.JPG,bacteria
D:\Potato\_staging\central_java\bacteria\IMG_1187.JPG,bacteria
D:\Potato\_staging\central_java\bacteria\IMG_1188.JPG,bacteria
D:\Potato\_staging\central_java\bacteria\IMG_1189.JPG,bacteria
D:\Potato\_staging\central_java\bacteria\IMG_1190.JPG,bacteria
D:\Potato\_staging\central_java\bacteria\IMG_1191.JPG,bacteria
D:\Potato\_staging\central_java\bacteria\IMG_1192.JPG,bacteria
D:\Potato\_staging\central_java\bacteria\IMG_1193.JPG,bacteria
D:\Potato\_staging\central_java\bacteria\IMG_1194.JPG,bacteria
D:\Potato\_staging\central_java\bacteria\IMG_1195.JPG,bacteria
D:\Potato\_staging\central_java\bacteria\IMG_1196.JPG,bacteria
D:\Potato\_staging\central_java\bacteria\IMG_1197.JPG,bacteria
D:\Potato\_staging\central_java\bacteria\IMG_1198.JPG,bacteria
D:\Potato\_staging\central_java\bacteria\IMG_1200.JPG,bacteria
D:\Potato\_staging\central_java\bacteria\IMG_1201.JPG,bacteria
D:\Potato\_staging\central_java\bacteria\IMG_1202.JPG,bacteria
D:\Potato\_staging\central_java\bacteria\IMG_1203.JPG,bacteria
D:\Potato\_staging\central_java\bacteria\IMG_1204.JPG,bacteria
D:\Potato\_staging\central_java\bacteria\IMG_1205.JPG,bacteria
D:\Potato\_staging\central_java\bacteria\IMG_1206.JPG,bacteria
D:\Potato\_staging\central_java\bacteria\IMG_1207.JPG,bacteria
D:\Potato\_staging\central_java\bacteria\IMG_1209.JPG,bacteria
D:\Potato\_staging\central_java\bacteria\IMG_1210.JPG,bacteria
D:\Potato\_staging\central_java\bacteria\IMG_1211.JPG,bacteria
D:\Potato\_staging\central_java\bacteria\IMG_1212.JPG,bacteria
D:\Potato\_staging\central_java\bacteria\IMG_1213.JPG,bacteria
D:\Potato\_staging\central_java\bacteria\IMG_1214.JPG,bacteria
D:\Potato\_staging\central_java\bacteria\IMG_1215.JPG,bacteria
D:\Potato\_staging\central_java\bacteria\IMG_1216.JPG,bacteria
D:\Potato\_staging\central_java\bacteria\IMG_1217.JPG,bacteria
D:\Potato\_staging\central_java\bacteria\IMG_1218.JPG,bacteria
D:\Potato\_staging\central_java\bacteria\IMG_1219.JPG,bacteria
D:\Potato\_staging\central_java\bacteria\IMG_1220.JPG,bacteria
D:\Potato\_staging\central_java\bacteria\IMG_1221.JPG,bacteria
D:\Potato\_staging\central_java\bacteria\IMG_1225.JPG,bacteria
D:\Potato\_staging\central_java\bacteria\IMG_1235.JPG,bacteria
D:\Potato\_staging\central_java\bacteria\IMG_1236.JPG,bacteria
D:\Potato\_staging\central_java\bacteria\IMG_1237.JPG,bacteria
D:\Potato\_staging\central_java\bacteria\IMG_1238.JPG,bacteria
D:\Potato\_staging\central_java\bacteria\IMG_1239.JPG,bacteria
D:\Potato\_staging\central_java\bacteria\IMG_1240.JPG,bacteria
D:\Potato\_staging\central_java\bacteria\IMG_1241.JPG,bacteria
D:\Potato\_staging\central_java\bacteria\IMG_1242.JPG,bacteria
D:\Potato\_staging\central_java\bacteria\IMG_1243.JPG,bacteria
D:\Potato\_staging\central_java\bacteria\IMG_1244.JPG,bacteria
D:\Potato\_staging\central_java\bacteria\IMG_1245.JPG,bacteria
D:\Potato\_staging\central_java\bacteria\IMG_1248.JPG,bacteria
D:\Potato\_staging\central_java\bacteria\IMG_1249.JPG,bacteria
D:\Potato\_staging\central_java\bacteria\IMG_1250.JPG,bacteria
D:\Potato\_staging\central_java\bacteria\IMG_1251.JPG,bacteria
D:\Potato\_staging\central_java\bacteria\IMG_1257.JPG,bacteria
D:\Potato\_staging\central_java\bacteria\IMG_1258.JPG,bacteria
D:\Potato\_staging\central_java\bacteria\IMG_20230815_122824.jpg,bacteria
D:\Potato\_staging\central_java\bacteria\IMG_20230816_135014.jpg,bacteria
D:\Potato\_staging\central_java\bacteria\IMG_20230816_135956.jpg,bacteria
D:\Potato\_staging\central_java\bacteria\IMG_20230816_140002.jpg,bacteria
D:\Potato\_staging\central_java\bacteria\IMG_20230816_140239.jpg,bacteria
D:\Potato\_staging\central_java\bacteria\IMG_20230816_140246.jpg,bacteria
D:\Potato\_staging\central_java\bacteria\IMG_20230816_140258.jpg,bacteria
D:\Potato\_staging\central_java\bacteria\IMG_20230816_140302.jpg,bacteria
D:\Potato\_staging\central_java\bacteria\IMG_20230816_140620.jpg,bacteria
D:\Potato\_staging\central_java\bacteria\IMG_20230816_140753.jpg,bacteria
D:\Potato\_staging\central_java\bacteria\IMG_20230816_140950.jpg,bacteria
D:\Potato\_staging\central_java\bacteria\IMG_20230816_141556.jpg,bacteria
D:\Potato\_staging\central_java\bacteria\IMG_20230816_141750.jpg,bacteria
D:\Potato\_staging\central_java\bacteria\IMG_20230816_142811.jpg,bacteria
D:\Potato\_staging\central_java\bacteria\IMG_20230816_142918.jpg,bacteria
D:\Potato\_staging\central_java\fungi\1692332350480.jpg,fungi
D:\Potato\_staging\central_java\fungi\1692332350534.jpg,fungi
D:\Potato\_staging\central_java\fungi\1692332350583.jpg,fungi
D:\Potato\_staging\central_java\fungi\1692333631883.jpg,fungi
D:\Potato\_staging\central_java\fungi\1692333632169.jpg,fungi
D:\Potato\_staging\central_java\fungi\1692333632410.jpg,fungi
D:\Potato\_staging\central_java\fungi\1692333632420.jpg,fungi
D:\Potato\_staging\central_java\fungi\1692334247043.jpg,fungi
D:\Potato\_staging\central_java\fungi\1692334247176.jpg,fungi
D:\Potato\_staging\central_java\fungi\1692334247234.jpg,fungi
D:\Potato\_staging\central_java\fungi\1692334247280.jpg,fungi
D:\Potato\_staging\central_java\fungi\1692334247287.jpg,fungi
D:\Potato\_staging\central_java\fungi\1692334247294.jpg,fungi
D:\Potato\_staging\central_java\fungi\1692334247300.jpg,fungi
D:\Potato\_staging\central_java\fungi\1692334247315.jpg,fungi
D:\Potato\_staging\central_java\fungi\1692334247321.jpg,fungi
D:\Potato\_staging\central_java\fungi\1692334247328.jpg,fungi
D:\Potato\_staging\central_java\fungi\1692334247342.jpg,fungi
D:\Potato\_staging\central_java\fungi\1692334247349.jpg,fungi
D:\Potato\_staging\central_java\fungi\1692334247356.jpg,fungi
D:\Potato\_staging\central_java\fungi\1692334247364.jpg,fungi
D:\Potato\_staging\central_java\fungi\1692334247401.jpg,fungi
D:\Potato\_staging\central_java\fungi\1692334247452.jpg,fungi
D:\Potato\_staging\central_java\fungi\1692334247515.jpg,fungi
D:\Potato\_staging\central_java\fungi\1692334247523.jpg,fungi
D:\Potato\_staging\central_java\fungi\1692334247530.jpg,fungi
D:\Potato\_staging\central_java\fungi\1692334247554.jpg,fungi
D:\Potato\_staging\central_java\fungi\1692334247561.jpg,fungi
D:\Potato\_staging\central_java\fungi\1692334247568.jpg,fungi
D:\Potato\_staging\central_java\fungi\1692334247584.jpg,fungi
D:\Potato\_staging\central_java\fungi\1692334247608.jpg,fungi
D:\Potato\_staging\central_java\fungi\1692334247616.jpg,fungi
D:\Potato\_staging\central_java\fungi\1692334247642.jpg,fungi
D:\Potato\_staging\central_java\fungi\1692334247650.jpg,fungi
D:\Potato\_staging\central_java\fungi\1692334247688.jpg,fungi
D:\Potato\_staging\central_java\fungi\1692334247696.jpg,fungi
D:\Potato\_staging\central_java\fungi\1692334247704.jpg,fungi
D:\Potato\_staging\central_java\fungi\1692334247713.jpg,fungi
D:\Potato\_staging\central_java\fungi\1692334247745.jpg,fungi
D:\Potato\_staging\central_java\fungi\1692334247771.jpg,fungi
D:\Potato\_staging\central_java\fungi\1692334247778.jpg,fungi
D:\Potato\_staging\central_java\fungi\1692334247801.jpg,fungi
D:\Potato\_staging\central_java\fungi\1692335403330.jpg,fungi
D:\Potato\_staging\central_java\fungi\1692335403350.jpg,fungi
D:\Potato\_staging\central_java\fungi\1692335403406.jpg,fungi
D:\Potato\_staging\central_java\fungi\1692335403421.jpg,fungi
D:\Potato\_staging\central_java\fungi\1692335403434.jpg,fungi
D:\Potato\_staging\central_java\fungi\1692335403472.jpg,fungi
D:\Potato\_staging\central_java\fungi\1692335403497.jpg,fungi
D:\Potato\_staging\central_java\fungi\1692335403509.jpg,fungi
D:\Potato\_staging\central_java\fungi\1692335403522.jpg,fungi
D:\Potato\_staging\central_java\fungi\1692335403577.jpg,fungi
D:\Potato\_staging\central_java\fungi\1692335403624.jpg,fungi
D:\Potato\_staging\central_java\fungi\1692335403639.jpg,fungi
D:\Potato\_staging\central_java\fungi\1692335403677.jpg,fungi
D:\Potato\_staging\central_java\fungi\1692335403690.jpg,fungi
D:\Potato\_staging\central_java\fungi\1692335403702.jpg,fungi
D:\Potato\_staging\central_java\fungi\1692335403726.jpg,fungi
D:\Potato\_staging\central_java\fungi\1692335403753.jpg,fungi
D:\Potato\_staging\central_java\fungi\1692335403766.jpg,fungi
D:\Potato\_staging\central_java\fungi\1692335403778.jpg,fungi
D:\Potato\_staging\central_java\fungi\1692335403790.jpg,fungi
D:\Potato\_staging\central_java\fungi\1692335403802.jpg,fungi
D:\Potato\_staging\central_java\fungi\1692335403815.jpg,fungi
D:\Potato\_staging\central_java\fungi\1692335403828.jpg,fungi
D:\Potato\_staging\central_java\fungi\1692335403878.jpg,fungi
D:\Potato\_staging\central_java\fungi\1692335403892.jpg,fungi
D:\Potato\_staging\central_java\fungi\1692335403977.jpg,fungi
D:\Potato\_staging\central_java\fungi\1692335404057.jpg,fungi
D:\Potato\_staging\central_java\fungi\1692336758470.jpg,fungi
D:\Potato\_staging\central_java\fungi\1692336758688.jpg,fungi
D:\Potato\_staging\central_java\fungi\1692336758769.jpg,fungi
D:\Potato\_staging\central_java\fungi\1692336758861.jpg,fungi
D:\Potato\_staging\central_java\fungi\1692336759091.jpg,fungi
D:\Potato\_staging\central_java\fungi\1692336759109.jpg,fungi
D:\Potato\_staging\central_java\fungi\1692336759119.jpg,fungi
D:\Potato\_staging\central_java\fungi\1692336759176.jpg,fungi
D:\Potato\_staging\central_java\fungi\1692338054040.jpg,fungi
D:\Potato\_staging\central_java\fungi\1692338054080.jpg,fungi
D:\Potato\_staging\central_java\fungi\1692338650322.jpg,fungi
D:\Potato\_staging\central_java\fungi\1692338650403.jpg,fungi
D:\Potato\_staging\central_java\fungi\1692338650592.jpg,fungi
D:\Potato\_staging\central_java\fungi\1692338650713.jpg,fungi
D:\Potato\_staging\central_java\fungi\1692338650765.jpg,fungi
D:\Potato\_staging\central_java\fungi\1692338650780.jpg,fungi
D:\Potato\_staging\central_java\fungi\1692339473805.jpg,fungi
D:\Potato\_staging\central_java\fungi\1692339473815.jpg,fungi
D:\Potato\_staging\central_java\fungi\20230712_114543.jpg,fungi
D:\Potato\_staging\central_java\fungi\20230712_114552.jpg,fungi
D:\Potato\_staging\central_java\fungi\20230712_115043.jpg,fungi
D:\Potato\_staging\central_java\fungi\20230712_115130.jpg,fungi
D:\Potato\_staging\central_java\fungi\20230712_115151.jpg,fungi
D:\Potato\_staging\central_java\fungi\20230712_115213.jpg,fungi
D:\Potato\_staging\central_java\fungi\20230712_115329.jpg,fungi
D:\Potato\_staging\central_java\fungi\20230712_120442.jpg,fungi
D:\Potato\_staging\central_java\fungi\20230712_120457.jpg,fungi
D:\Potato\_staging\central_java\fungi\20230712_120515.jpg,fungi
D:\Potato\_staging\central_java\fungi\20230712_120701.jpg,fungi
D:\Potato\_staging\central_java\fungi\20230712_122215.jpg,fungi
D:\Potato\_staging\central_java\fungi\20230712_122247.jpg,fungi
D:\Potato\_staging\central_java\fungi\20230712_122415.jpg,fungi
D:\Potato\_staging\central_java\fungi\20230712_122430.jpg,fungi
D:\Potato\_staging\central_java\fungi\20230712_122911.jpg,fungi
D:\Potato\_staging\central_java\fungi\20230712_123048.jpg,fungi
D:\Potato\_staging\central_java\fungi\20230712_123052.jpg,fungi
D:\Potato\_staging\central_java\fungi\20230712_123147.jpg,fungi
D:\Potato\_staging\central_java\fungi\20230712_123306.jpg,fungi
D:\Potato\_staging\central_java\fungi\20230712_123313.jpg,fungi
D:\Potato\_staging\central_java\fungi\20230712_123544.jpg,fungi
D:\Potato\_staging\central_java\fungi\20230712_123606.jpg,fungi
D:\Potato\_staging\central_java\fungi\20230712_132136.jpg,fungi
D:\Potato\_staging\central_java\fungi\20230712_150034.jpg,fungi
D:\Potato\_staging\central_java\fungi\20230712_150155.jpg,fungi
D:\Potato\_staging\central_java\fungi\20230712_150159.jpg,fungi
D:\Potato\_staging\central_java\fungi\20230712_150330.jpg,fungi
D:\Potato\_staging\central_java\fungi\20230712_153941.jpg,fungi
D:\Potato\_staging\central_java\fungi\20230712_153943.jpg,fungi
D:\Potato\_staging\central_java\fungi\20230712_153956.jpg,fungi
D:\Potato\_staging\central_java\fungi\20230712_154021.jpg,fungi
D:\Potato\_staging\central_java\fungi\20230712_154218.jpg,fungi
D:\Potato\_staging\central_java\fungi\20230712_154242.jpg,fungi
D:\Potato\_staging\central_java\fungi\20230712_154301.jpg,fungi
D:\Potato\_staging\central_java\fungi\20230712_154629.jpg,fungi
D:\Potato\_staging\central_java\fungi\20230712_154633.jpg,fungi
D:\Potato\_staging\central_java\fungi\20230712_154637.jpg,fungi
D:\Potato\_staging\central_java\fungi\20230712_154837.jpg,fungi
D:\Potato\_staging\central_java\fungi\20230712_155134.jpg,fungi
D:\Potato\_staging\central_java\fungi\20230712_155137.jpg,fungi
D:\Potato\_staging\central_java\fungi\20230712_155333.jpg,fungi
D:\Potato\_staging\central_java\fungi\20230712_155536.jpg,fungi
D:\Potato\_staging\central_java\fungi\20230712_155554.jpg,fungi
D:\Potato\_staging\central_java\fungi\20230712_155655.jpg,fungi
D:\Potato\_staging\central_java\fungi\20230712_155710.jpg,fungi
D:\Potato\_staging\central_java\fungi\20230712_155715.jpg,fungi
D:\Potato\_staging\central_java\fungi\20230712_155724.jpg,fungi
D:\Potato\_staging\central_java\fungi\20230712_155729.jpg,fungi
D:\Potato\_staging\central_java\fungi\20230712_155954.jpg,fungi
D:\Potato\_staging\central_java\fungi\20230712_160026.jpg,fungi
D:\Potato\_staging\central_java\fungi\20230712_160035.jpg,fungi
D:\Potato\_staging\central_java\fungi\20230712_160046.jpg,fungi
D:\Potato\_staging\central_java\fungi\20230712_160234.jpg,fungi
D:\Potato\_staging\central_java\fungi\20230712_160906.jpg,fungi
D:\Potato\_staging\central_java\fungi\20230802_104815324.jpg,fungi
D:\Potato\_staging\central_java\fungi\20230802_104832057.jpg,fungi
D:\Potato\_staging\central_java\fungi\20230802_104926298.jpg,fungi
D:\Potato\_staging\central_java\fungi\20230802_105327.jpg,fungi
D:\Potato\_staging\central_java\fungi\20230802_105357.jpg,fungi
D:\Potato\_staging\central_java\fungi\20230802_105407.jpg,fungi
D:\Potato\_staging\central_java\fungi\20230802_105454.jpg,fungi
D:\Potato\_staging\central_java\fungi\20230802_105507586.jpg,fungi
D:\Potato\_staging\central_java\fungi\20230802_105508.jpg,fungi
D:\Potato\_staging\central_java\fungi\20230802_105518694.jpg,fungi
D:\Potato\_staging\central_java\fungi\20230802_105530853.jpg,fungi
D:\Potato\_staging\central_java\fungi\20230802_105545902.jpg,fungi
D:\Potato\_staging\central_java\fungi\20230802_105548.jpg,fungi
D:\Potato\_staging\central_java\fungi\20230802_105548597.jpg,fungi
D:\Potato\_staging\central_java\fungi\20230802_105558.jpg,fungi
D:\Potato\_staging\central_java\fungi\20230802_105604486.jpg,fungi
D:\Potato\_staging\central_java\fungi\20230802_105613.jpg,fungi
D:\Potato\_staging\central_java\fungi\20230802_105621.jpg,fungi
D:\Potato\_staging\central_java\fungi\20230802_105706.jpg,fungi
D:\Potato\_staging\central_java\fungi\20230802_105722.jpg,fungi
D:\Potato\_staging\central_java\fungi\20230802_105747.jpg,fungi
D:\Potato\_staging\central_java\fungi\20230802_105804.jpg,fungi
D:\Potato\_staging\central_java\fungi\20230802_105824.jpg,fungi
D:\Potato\_staging\central_java\fungi\20230802_105838.jpg,fungi
D:\Potato\_staging\central_java\fungi\20230802_105848.jpg,fungi
D:\Potato\_staging\central_java\fungi\20230802_105858781.jpg,fungi
D:\Potato\_staging\central_java\fungi\20230802_105900.jpg,fungi
D:\Potato\_staging\central_java\fungi\20230802_105912793.jpg,fungi
D:\Potato\_staging\central_java\fungi\20230802_105914.jpg,fungi
D:\Potato\_staging\central_java\fungi\20230802_105917183.jpg,fungi
D:\Potato\_staging\central_java\fungi\20230802_105929.jpg,fungi
D:\Potato\_staging\central_java\fungi\20230802_110015.jpg,fungi
D:\Potato\_staging\central_java\fungi\20230802_110025.jpg,fungi
D:\Potato\_staging\central_java\fungi\20230802_110032879.jpg,fungi
D:\Potato\_staging\central_java\fungi\20230802_110035.jpg,fungi
D:\Potato\_staging\central_java\fungi\20230802_110038.jpg,fungi
D:\Potato\_staging\central_java\fungi\20230802_110059.jpg,fungi
D:\Potato\_staging\central_java\fungi\20230802_110105.jpg,fungi
D:\Potato\_staging\central_java\fungi\20230802_110125.jpg,fungi
D:\Potato\_staging\central_java\fungi\20230802_110129620.jpg,fungi
D:\Potato\_staging\central_java\fungi\20230802_110138011.jpg,fungi
D:\Potato\_staging\central_java\fungi\20230802_110149.jpg,fungi
D:\Potato\_staging\central_java\fungi\20230802_110219.jpg,fungi
D:\Potato\_staging\central_java\fungi\20230802_110331.jpg,fungi
D:\Potato\_staging\central_java\fungi\20230802_110338.jpg,fungi
D:\Potato\_staging\central_java\fungi\20230802_110417099.jpg,fungi
D:\Potato\_staging\central_java\fungi\20230802_110422.jpg,fungi
D:\Potato\_staging\central_java\fungi\20230802_110505.jpg,fungi
D:\Potato\_staging\central_java\fungi\20230802_110518.jpg,fungi
D:\Potato\_staging\central_java\fungi\20230802_110528056.jpg,fungi
D:\Potato\_staging\central_java\fungi\20230802_110532.jpg,fungi
D:\Potato\_staging\central_java\fungi\20230802_110636.jpg,fungi
D:\Potato\_staging\central_java\fungi\20230802_110640.jpg,fungi
D:\Potato\_staging\central_java\fungi\20230802_110716.jpg,fungi
D:\Potato\_staging\central_java\fungi\20230802_110718.jpg,fungi
D:\Potato\_staging\central_java\fungi\20230802_110758.jpg,fungi
D:\Potato\_staging\central_java\fungi\20230802_110812.jpg,fungi
D:\Potato\_staging\central_java\fungi\20230802_110822.jpg,fungi
D:\Potato\_staging\central_java\fungi\20230802_110831.jpg,fungi
D:\Potato\_staging\central_java\fungi\20230802_110855185.jpg,fungi
D:\Potato\_staging\central_java\fungi\20230802_110907.jpg,fungi
D:\Potato\_staging\central_java\fungi\20230802_110922671.jpg,fungi
D:\Potato\_staging\central_java\fungi\20230802_110928786.jpg,fungi
D:\Potato\_staging\central_java\fungi\20230802_110934707.jpg,fungi
D:\Potato\_staging\central_java\fungi\20230802_110942974.jpg,fungi
D:\Potato\_staging\central_java\fungi\20230802_110949476.jpg,fungi
D:\Potato\_staging\central_java\fungi\20230802_110957239.jpg,fungi
D:\Potato\_staging\central_java\fungi\20230802_111032.jpg,fungi
D:\Potato\_staging\central_java\fungi\20230802_111100.jpg,fungi
D:\Potato\_staging\central_java\fungi\20230802_111253263.jpg,fungi
D:\Potato\_staging\central_java\fungi\20230802_111302559.jpg,fungi
D:\Potato\_staging\central_java\fungi\20230802_111320.jpg,fungi
D:\Potato\_staging\central_java\fungi\20230802_111326036.jpg,fungi
D:\Potato\_staging\central_java\fungi\20230802_111351.jpg,fungi
D:\Potato\_staging\central_java\fungi\20230802_111439410.jpg,fungi
D:\Potato\_staging\central_java\fungi\20230802_111450833.jpg,fungi
D:\Potato\_staging\central_java\fungi\20230802_111458829.jpg,fungi
D:\Potato\_staging\central_java\fungi\20230802_111513957.jpg,fungi
D:\Potato\_staging\central_java\fungi\20230802_111537860.jpg,fungi
D:\Potato\_staging\central_java\fungi\20230802_111557156.jpg,fungi
D:\Potato\_staging\central_java\fungi\20230802_111602067.jpg,fungi
D:\Potato\_staging\central_java\fungi\20230802_111604999.jpg,fungi
D:\Potato\_staging\central_java\fungi\20230802_111623598.jpg,fungi
D:\Potato\_staging\central_java\fungi\20230802_111657.jpg,fungi
D:\Potato\_staging\central_java\fungi\20230802_111659166.jpg,fungi
D:\Potato\_staging\central_java\fungi\20230802_111715.jpg,fungi
D:\Potato\_staging\central_java\fungi\20230802_111731195.jpg,fungi
D:\Potato\_staging\central_java\fungi\20230802_111741.jpg,fungi
D:\Potato\_staging\central_java\fungi\20230802_111747394.jpg,fungi
D:\Potato\_staging\central_java\fungi\20230802_111812401.jpg,fungi
D:\Potato\_staging\central_java\fungi\20230802_111815.jpg,fungi
D:\Potato\_staging\central_java\fungi\20230802_111817827.jpg,fungi
D:\Potato\_staging\central_java\fungi\20230802_111824.jpg,fungi
D:\Potato\_staging\central_java\fungi\20230802_111836.jpg,fungi
D:\Potato\_staging\central_java\fungi\20230802_111840.jpg,fungi
D:\Potato\_staging\central_java\fungi\20230802_111840203.jpg,fungi
D:\Potato\_staging\central_java\fungi\20230802_111842612.jpg,fungi
D:\Potato\_staging\central_java\fungi\20230802_111845284.jpg,fungi
D:\Potato\_staging\central_java\fungi\20230802_111847.jpg,fungi
D:\Potato\_staging\central_java\fungi\20230802_111913.jpg,fungi
D:\Potato\_staging\central_java\fungi\20230802_111921.jpg,fungi
D:\Potato\_staging\central_java\fungi\20230802_112024.jpg,fungi
D:\Potato\_staging\central_java\fungi\20230802_112029612.jpg,fungi
D:\Potato\_staging\central_java\fungi\20230802_112040679.jpg,fungi
D:\Potato\_staging\central_java\fungi\20230802_112133191.jpg,fungi
D:\Potato\_staging\central_java\fungi\20230802_112205273.jpg,fungi
D:\Potato\_staging\central_java\fungi\20230802_112209100.jpg,fungi
D:\Potato\_staging\central_java\fungi\20230802_112308063.jpg,fungi
D:\Potato\_staging\central_java\fungi\20230802_112313954.jpg,fungi
D:\Potato\_staging\central_java\fungi\20230802_112332586.jpg,fungi
D:\Potato\_staging\central_java\fungi\20230802_112343452.jpg,fungi
D:\Potato\_staging\central_java\fungi\20230802_112729.jpg,fungi
D:\Potato\_staging\central_java\fungi\20230802_112831658.jpg,fungi
D:\Potato\_staging\central_java\fungi\20230802_112904185.jpg,fungi
D:\Potato\_staging\central_java\fungi\20230802_112907.jpg,fungi
D:\Potato\_staging\central_java\fungi\20230802_112919532.jpg,fungi
D:\Potato\_staging\central_java\fungi\20230802_113006.jpg,fungi
D:\Potato\_staging\central_java\fungi\20230802_113011.jpg,fungi
D:\Potato\_staging\central_java\fungi\20230802_113024.jpg,fungi
D:\Potato\_staging\central_java\fungi\20230802_113029.jpg,fungi
D:\Potato\_staging\central_java\fungi\20230802_113031.jpg,fungi
D:\Potato\_staging\central_java\fungi\20230802_113043.jpg,fungi
D:\Potato\_staging\central_java\fungi\20230802_113046.jpg,fungi
D:\Potato\_staging\central_java\fungi\20230802_113050.jpg,fungi
D:\Potato\_staging\central_java\fungi\20230802_113053.jpg,fungi
D:\Potato\_staging\central_java\fungi\20230802_113124667.jpg,fungi
D:\Potato\_staging\central_java\fungi\20230802_113138998.jpg,fungi
D:\Potato\_staging\central_java\fungi\20230802_123439.jpg,fungi
D:\Potato\_staging\central_java\fungi\20230802_124140776.jpg,fungi
D:\Potato\_staging\central_java\fungi\20230802_124340.jpg,fungi
D:\Potato\_staging\central_java\fungi\20230802_124619.jpg,fungi
D:\Potato\_staging\central_java\fungi\20230802_124804236.jpg,fungi
D:\Potato\_staging\central_java\fungi\20230802_130230.jpg,fungi
D:\Potato\_staging\central_java\fungi\20230815_111640.jpg,fungi
D:\Potato\_staging\central_java\fungi\20230815_112230.jpg,fungi
D:\Potato\_staging\central_java\fungi\20230815_112251.jpg,fungi
D:\Potato\_staging\central_java\fungi\20230815_112259.jpg,fungi
D:\Potato\_staging\central_java\fungi\20230815_112323.jpg,fungi
D:\Potato\_staging\central_java\fungi\20230815_112619.jpg,fungi
D:\Potato\_staging\central_java\fungi\20230815_112844.jpg,fungi
D:\Potato\_staging\central_java\fungi\20230815_113141.jpg,fungi
D:\Potato\_staging\central_java\fungi\20230815_113151.jpg,fungi
D:\Potato\_staging\central_java\fungi\20230815_113236.jpg,fungi
D:\Potato\_staging\central_java\fungi\20230815_113305.jpg,fungi
D:\Potato\_staging\central_java\fungi\20230815_115114.jpg,fungi
D:\Potato\_staging\central_java\fungi\20230815_115923.jpg,fungi
D:\Potato\_staging\central_java\fungi\20230815_121541.jpg,fungi
D:\Potato\_staging\central_java\fungi\20230815_122648.jpg,fungi
D:\Potato\_staging\central_java\fungi\20230815_122701.jpg,fungi
D:\Potato\_staging\central_java\fungi\20230815_123000.jpg,fungi
D:\Potato\_staging\central_java\fungi\20230815_152017.jpg,fungi
D:\Potato\_staging\central_java\fungi\20230816_081918.jpg,fungi
D:\Potato\_staging\central_java\fungi\20230816_083119.jpg,fungi
D:\Potato\_staging\central_java\fungi\20230816_083544.jpg,fungi
D:\Potato\_staging\central_java\fungi\20230816_091648.jpg,fungi
D:\Potato\_staging\central_java\fungi\20230816_114201.jpg,fungi
D:\Potato\_staging\central_java\fungi\20230816_114407.jpg,fungi
D:\Potato\_staging\central_java\fungi\20230816_115131.jpg,fungi
D:\Potato\_staging\central_java\fungi\20230816_120933.jpg,fungi
D:\Potato\_staging\central_java\fungi\20230816_120937.jpg,fungi
D:\Potato\_staging\central_java\fungi\20230816_120944.jpg,fungi
D:\Potato\_staging\central_java\fungi\20230816_121002.jpg,fungi
D:\Potato\_staging\central_java\fungi\20230816_121522.jpg,fungi
D:\Potato\_staging\central_java\fungi\20230816_121527.jpg,fungi
D:\Potato\_staging\central_java\fungi\20230816_121534.jpg,fungi
D:\Potato\_staging\central_java\fungi\20230816_122001.jpg,fungi
D:\Potato\_staging\central_java\fungi\20230816_122009.jpg,fungi
D:\Potato\_staging\central_java\fungi\20230816_122020.jpg,fungi
D:\Potato\_staging\central_java\fungi\20230816_122025.jpg,fungi
D:\Potato\_staging\central_java\fungi\20230816_122418.jpg,fungi
D:\Potato\_staging\central_java\fungi\20230816_122426.jpg,fungi
D:\Potato\_staging\central_java\fungi\20230816_122443.jpg,fungi
D:\Potato\_staging\central_java\fungi\20230816_122456.jpg,fungi
D:\Potato\_staging\central_java\fungi\20230816_122510.jpg,fungi
D:\Potato\_staging\central_java\fungi\20230816_122519.jpg,fungi
D:\Potato\_staging\central_java\fungi\20230816_122701.jpg,fungi
D:\Potato\_staging\central_java\fungi\20230816_122721.jpg,fungi
D:\Potato\_staging\central_java\fungi\20230816_123020.jpg,fungi
D:\Potato\_staging\central_java\fungi\20230816_123029.jpg,fungi
D:\Potato\_staging\central_java\fungi\20230816_123051.jpg,fungi
D:\Potato\_staging\central_java\fungi\20230816_123103.jpg,fungi
D:\Potato\_staging\central_java\fungi\20230816_123310.jpg,fungi
D:\Potato\_staging\central_java\fungi\20230816_123332.jpg,fungi
D:\Potato\_staging\central_java\fungi\20230816_140042.jpg,fungi
D:\Potato\_staging\central_java\fungi\20230816_140642.jpg,fungi
D:\Potato\_staging\central_java\fungi\20230816_143114.jpg,fungi
D:\Potato\_staging\central_java\fungi\20230816_143423.jpg,fungi
D:\Potato\_staging\central_java\fungi\Copy of 20230712_154218.jpg,fungi
D:\Potato\_staging\central_java\fungi\IMG_0121.JPG,fungi
D:\Potato\_staging\central_java\fungi\IMG_0127.JPG,fungi
D:\Potato\_staging\central_java\fungi\IMG_0129.JPG,fungi
D:\Potato\_staging\central_java\fungi\IMG_0130.JPG,fungi
D:\Potato\_staging\central_java\fungi\IMG_0134.JPG,fungi
D:\Potato\_staging\central_java\fungi\IMG_0137.JPG,fungi
D:\Potato\_staging\central_java\fungi\IMG_0140.JPG,fungi
D:\Potato\_staging\central_java\fungi\IMG_0141.JPG,fungi
D:\Potato\_staging\central_java\fungi\IMG_0142.JPG,fungi
D:\Potato\_staging\central_java\fungi\IMG_0143.JPG,fungi
D:\Potato\_staging\central_java\fungi\IMG_0145.JPG,fungi
D:\Potato\_staging\central_java\fungi\IMG_0146.JPG,fungi
D:\Potato\_staging\central_java\fungi\IMG_0147.JPG,fungi
D:\Potato\_staging\central_java\fungi\IMG_0148.JPG,fungi
D:\Potato\_staging\central_java\fungi\IMG_0149.JPG,fungi
D:\Potato\_staging\central_java\fungi\IMG_0150.JPG,fungi
D:\Potato\_staging\central_java\fungi\IMG_0151.JPG,fungi
D:\Potato\_staging\central_java\fungi\IMG_0153.JPG,fungi
D:\Potato\_staging\central_java\fungi\IMG_0154.JPG,fungi
D:\Potato\_staging\central_java\fungi\IMG_0157.JPG,fungi
D:\Potato\_staging\central_java\fungi\IMG_0158.JPG,fungi
D:\Potato\_staging\central_java\fungi\IMG_0162.JPG,fungi
D:\Potato\_staging\central_java\fungi\IMG_0163.JPG,fungi
D:\Potato\_staging\central_java\fungi\IMG_0164.JPG,fungi
D:\Potato\_staging\central_java\fungi\IMG_0165.JPG,fungi
D:\Potato\_staging\central_java\fungi\IMG_0168.JPG,fungi
D:\Potato\_staging\central_java\fungi\IMG_0169.JPG,fungi
D:\Potato\_staging\central_java\fungi\IMG_0203.JPG,fungi
D:\Potato\_staging\central_java\fungi\IMG_0204.JPG,fungi
D:\Potato\_staging\central_java\fungi\IMG_0207.JPG,fungi
D:\Potato\_staging\central_java\fungi\IMG_0209.JPG,fungi
D:\Potato\_staging\central_java\fungi\IMG_0210.JPG,fungi
D:\Potato\_staging\central_java\fungi\IMG_0219.JPG,fungi
D:\Potato\_staging\central_java\fungi\IMG_0227.JPG,fungi
D:\Potato\_staging\central_java\fungi\IMG_0229.JPG,fungi
D:\Potato\_staging\central_java\fungi\IMG_0236.JPG,fungi
D:\Potato\_staging\central_java\fungi\IMG_0237.JPG,fungi
D:\Potato\_staging\central_java\fungi\IMG_0240.JPG,fungi
D:\Potato\_staging\central_java\fungi\IMG_0247.JPG,fungi
D:\Potato\_staging\central_java\fungi\IMG_0249.JPG,fungi
D:\Potato\_staging\central_java\fungi\IMG_0250.JPG,fungi
D:\Potato\_staging\central_java\fungi\IMG_0251.JPG,fungi
D:\Potato\_staging\central_java\fungi\IMG_0253 (1).JPG,fungi
D:\Potato\_staging\central_java\fungi\IMG_0253.JPG,fungi
D:\Potato\_staging\central_java\fungi\IMG_0254 (1).JPG,fungi
D:\Potato\_staging\central_java\fungi\IMG_0254.JPG,fungi
D:\Potato\_staging\central_java\fungi\IMG_0255 (1).JPG,fungi
D:\Potato\_staging\central_java\fungi\IMG_0255.JPG,fungi
D:\Potato\_staging\central_java\fungi\IMG_0256 (1).JPG,fungi
D:\Potato\_staging\central_java\fungi\IMG_0256.JPG,fungi
D:\Potato\_staging\central_java\fungi\IMG_0257 (1).JPG,fungi
D:\Potato\_staging\central_java\fungi\IMG_0257.JPG,fungi
D:\Potato\_staging\central_java\fungi\IMG_0258.JPG,fungi
D:\Potato\_staging\central_java\fungi\IMG_0261.JPG,fungi
D:\Potato\_staging\central_java\fungi\IMG_0262 - Copy.JPG,fungi
D:\Potato\_staging\central_java\fungi\IMG_0262.JPG,fungi
D:\Potato\_staging\central_java\fungi\IMG_0263 - Copy.JPG,fungi
D:\Potato\_staging\central_java\fungi\IMG_0264.JPG,fungi
D:\Potato\_staging\central_java\fungi\IMG_0265 (1).JPG,fungi
D:\Potato\_staging\central_java\fungi\IMG_0265.JPG,fungi
D:\Potato\_staging\central_java\fungi\IMG_0266 (1).JPG,fungi
D:\Potato\_staging\central_java\fungi\IMG_0266.JPG,fungi
D:\Potato\_staging\central_java\fungi\IMG_0267.JPG,fungi
D:\Potato\_staging\central_java\fungi\IMG_0268.JPG,fungi
D:\Potato\_staging\central_java\fungi\IMG_0269.JPG,fungi
D:\Potato\_staging\central_java\fungi\IMG_0270.JPG,fungi
D:\Potato\_staging\central_java\fungi\IMG_0271.JPG,fungi
D:\Potato\_staging\central_java\fungi\IMG_0272.JPG,fungi
D:\Potato\_staging\central_java\fungi\IMG_0274.JPG,fungi
D:\Potato\_staging\central_java\fungi\IMG_0275.JPG,fungi
D:\Potato\_staging\central_java\fungi\IMG_0277 (1).JPG,fungi
D:\Potato\_staging\central_java\fungi\IMG_0277.JPG,fungi
D:\Potato\_staging\central_java\fungi\IMG_0278.JPG,fungi
D:\Potato\_staging\central_java\fungi\IMG_0279.JPG,fungi
D:\Potato\_staging\central_java\fungi\IMG_0280 (1).JPG,fungi
D:\Potato\_staging\central_java\fungi\IMG_0280.JPG,fungi
D:\Potato\_staging\central_java\fungi\IMG_0281.JPG,fungi
D:\Potato\_staging\central_java\fungi\IMG_0282.JPG,fungi
D:\Potato\_staging\central_java\fungi\IMG_0283.JPG,fungi
D:\Potato\_staging\central_java\fungi\IMG_0285.JPG,fungi
D:\Potato\_staging\central_java\fungi\IMG_0286.JPG,fungi
D:\Potato\_staging\central_java\fungi\IMG_0287.JPG,fungi
D:\Potato\_staging\central_java\fungi\IMG_0288.JPG,fungi
D:\Potato\_staging\central_java\fungi\IMG_0289.JPG,fungi
D:\Potato\_staging\central_java\fungi\IMG_0290.JPG,fungi
D:\Potato\_staging\central_java\fungi\IMG_0291.JPG,fungi
D:\Potato\_staging\central_java\fungi\IMG_0294.JPG,fungi
D:\Potato\_staging\central_java\fungi\IMG_0313.JPG,fungi
D:\Potato\_staging\central_java\fungi\IMG_0316.JPG,fungi
D:\Potato\_staging\central_java\fungi\IMG_0401 (1).JPG,fungi
D:\Potato\_staging\central_java\fungi\IMG_0403 (1).JPG,fungi
D:\Potato\_staging\central_java\fungi\IMG_0613.JPG,fungi
D:\Potato\_staging\central_java\fungi\IMG_0627.JPG,fungi
D:\Potato\_staging\central_java\fungi\IMG_0628.JPG,fungi
D:\Potato\_staging\central_java\fungi\IMG_0662.JPG,fungi
D:\Potato\_staging\central_java\fungi\IMG_0667.JPG,fungi
D:\Potato\_staging\central_java\fungi\IMG_0668.JPG,fungi
D:\Potato\_staging\central_java\fungi\IMG_0669.JPG,fungi
D:\Potato\_staging\central_java\fungi\IMG_0670.JPG,fungi
D:\Potato\_staging\central_java\fungi\IMG_0704.JPG,fungi
D:\Potato\_staging\central_java\fungi\IMG_0705.JPG,fungi
D:\Potato\_staging\central_java\fungi\IMG_0706.JPG,fungi
D:\Potato\_staging\central_java\fungi\IMG_0707.JPG,fungi
D:\Potato\_staging\central_java\fungi\IMG_0708.JPG,fungi
D:\Potato\_staging\central_java\fungi\IMG_0709.JPG,fungi
D:\Potato\_staging\central_java\fungi\IMG_0727.JPG,fungi
D:\Potato\_staging\central_java\fungi\IMG_0728.JPG,fungi
D:\Potato\_staging\central_java\fungi\IMG_0741.JPG,fungi
D:\Potato\_staging\central_java\fungi\IMG_0743.JPG,fungi
D:\Potato\_staging\central_java\fungi\IMG_0744.JPG,fungi
D:\Potato\_staging\central_java\fungi\IMG_0745.JPG,fungi
D:\Potato\_staging\central_java\fungi\IMG_0746.JPG,fungi
D:\Potato\_staging\central_java\fungi\IMG_0747.JPG,fungi
D:\Potato\_staging\central_java\fungi\IMG_0748.JPG,fungi
D:\Potato\_staging\central_java\fungi\IMG_0749.JPG,fungi
D:\Potato\_staging\central_java\fungi\IMG_0750.JPG,fungi
D:\Potato\_staging\central_java\fungi\IMG_0751.JPG,fungi
D:\Potato\_staging\central_java\fungi\IMG_0774.JPG,fungi
D:\Potato\_staging\central_java\fungi\IMG_0775.JPG,fungi
D:\Potato\_staging\central_java\fungi\IMG_0776.JPG,fungi
D:\Potato\_staging\central_java\fungi\IMG_0777.JPG,fungi
D:\Potato\_staging\central_java\fungi\IMG_0778.JPG,fungi
D:\Potato\_staging\central_java\fungi\IMG_0790.JPG,fungi
D:\Potato\_staging\central_java\fungi\IMG_0793.JPG,fungi
D:\Potato\_staging\central_java\fungi\IMG_0794.JPG,fungi
D:\Potato\_staging\central_java\fungi\IMG_0795.JPG,fungi
D:\Potato\_staging\central_java\fungi\IMG_0796.JPG,fungi
D:\Potato\_staging\central_java\fungi\IMG_0814.JPG,fungi
D:\Potato\_staging\central_java\fungi\IMG_0815.JPG,fungi
D:\Potato\_staging\central_java\fungi\IMG_0817.JPG,fungi
D:\Potato\_staging\central_java\fungi\IMG_0852.JPG,fungi
D:\Potato\_staging\central_java\fungi\IMG_0868.JPG,fungi
D:\Potato\_staging\central_java\fungi\IMG_0869.JPG,fungi
D:\Potato\_staging\central_java\fungi\IMG_0870.JPG,fungi
D:\Potato\_staging\central_java\fungi\IMG_0871.JPG,fungi
D:\Potato\_staging\central_java\fungi\IMG_0872.JPG,fungi
D:\Potato\_staging\central_java\fungi\IMG_0873.JPG,fungi
D:\Potato\_staging\central_java\fungi\IMG_0954.JPG,fungi
D:\Potato\_staging\central_java\fungi\IMG_1101.JPG,fungi
D:\Potato\_staging\central_java\fungi\IMG_20230815_112257.jpg,fungi
D:\Potato\_staging\central_java\fungi\IMG_20230815_112322.jpg,fungi
D:\Potato\_staging\central_java\fungi\IMG_20230815_112512~2 (2).jpg,fungi
D:\Potato\_staging\central_java\fungi\IMG_20230815_112512~2.jpg,fungi
D:\Potato\_staging\central_java\fungi\IMG_20230815_112711~2.jpg,fungi
D:\Potato\_staging\central_java\fungi\IMG_20230815_112811~2.jpg,fungi
D:\Potato\_staging\central_java\fungi\IMG_20230815_112858~2.jpg,fungi
D:\Potato\_staging\central_java\fungi\IMG_20230815_113207~2.jpg,fungi
D:\Potato\_staging\central_java\fungi\IMG_20230815_113227~2.jpg,fungi
D:\Potato\_staging\central_java\fungi\IMG_20230815_113656~2.jpg,fungi
D:\Potato\_staging\central_java\fungi\IMG_20230815_113928~2.jpg,fungi
D:\Potato\_staging\central_java\fungi\IMG_20230815_114008~2.jpg,fungi
D:\Potato\_staging\central_java\fungi\IMG_20230815_114308~2.jpg,fungi
D:\Potato\_staging\central_java\fungi\IMG_20230815_114555~2.jpg,fungi
D:\Potato\_staging\central_java\fungi\IMG_20230815_115235.jpg,fungi
D:\Potato\_staging\central_java\fungi\IMG_20230815_115653~2.jpg,fungi
D:\Potato\_staging\central_java\fungi\IMG_20230815_115746~2.jpg,fungi
D:\Potato\_staging\central_java\fungi\IMG_20230815_120043~2.jpg,fungi
D:\Potato\_staging\central_java\fungi\IMG_20230815_120159~2.jpg,fungi
D:\Potato\_staging\central_java\fungi\IMG_20230815_120708~2.jpg,fungi
D:\Potato\_staging\central_java\fungi\IMG_20230815_120732~2.jpg,fungi
D:\Potato\_staging\central_java\fungi\IMG_20230815_120840~2.jpg,fungi
D:\Potato\_staging\central_java\fungi\IMG_20230815_121024~2.jpg,fungi
D:\Potato\_staging\central_java\fungi\IMG_20230815_121241~2.jpg,fungi
D:\Potato\_staging\central_java\fungi\IMG_20230815_121308~2.jpg,fungi
D:\Potato\_staging\central_java\fungi\IMG_20230815_121604.jpg,fungi
D:\Potato\_staging\central_java\fungi\IMG_20230815_121940.jpg,fungi
D:\Potato\_staging\central_java\fungi\IMG_20230815_122239~2.jpg,fungi
D:\Potato\_staging\central_java\fungi\IMG_20230815_122258~2.jpg,fungi
D:\Potato\_staging\central_java\fungi\IMG_20230815_122340~2(1).jpg,fungi
D:\Potato\_staging\central_java\fungi\IMG_20230815_122340~2.jpg,fungi
D:\Potato\_staging\central_java\fungi\IMG_20230815_122511~2.jpg,fungi
D:\Potato\_staging\central_java\fungi\IMG_20230815_123012~2.jpg,fungi
D:\Potato\_staging\central_java\fungi\IMG_20230815_123024~2.jpg,fungi
D:\Potato\_staging\central_java\fungi\IMG_20230815_150341.jpg,fungi
D:\Potato\_staging\central_java\fungi\IMG_20230815_151853.jpg,fungi
D:\Potato\_staging\central_java\fungi\IMG_20230815_152008~2.jpg,fungi
D:\Potato\_staging\central_java\fungi\IMG_20230815_152113~2.jpg,fungi
D:\Potato\_staging\central_java\fungi\IMG_20230815_153304~2.jpg,fungi
D:\Potato\_staging\central_java\fungi\IMG_20230815_153359.jpg,fungi
D:\Potato\_staging\central_java\fungi\IMG_20230815_153553~2.jpg,fungi
D:\Potato\_staging\central_java\fungi\IMG_20230815_153607.jpg,fungi
D:\Potato\_staging\central_java\fungi\IMG_20230815_153643~2.jpg,fungi
D:\Potato\_staging\central_java\fungi\IMG_20230815_153702.jpg,fungi
D:\Potato\_staging\central_java\fungi\IMG_20230815_154144~2.jpg,fungi
D:\Potato\_staging\central_java\fungi\IMG_20230815_154600~2.jpg,fungi
D:\Potato\_staging\central_java\fungi\IMG_20230816_080308.jpg,fungi
D:\Potato\_staging\central_java\fungi\IMG_20230816_080308_1.jpg,fungi
D:\Potato\_staging\central_java\fungi\IMG_20230816_080501.jpg,fungi
D:\Potato\_staging\central_java\fungi\IMG_20230816_081407.jpg,fungi
D:\Potato\_staging\central_java\fungi\IMG_20230816_081411 (1).jpg,fungi
D:\Potato\_staging\central_java\fungi\IMG_20230816_082445 (1).jpg,fungi
D:\Potato\_staging\central_java\fungi\IMG_20230816_082529 (1).jpg,fungi
D:\Potato\_staging\central_java\fungi\IMG_20230816_083255 (1).jpg,fungi
D:\Potato\_staging\central_java\fungi\IMG_20230816_084638 (1)(1).jpg,fungi
D:\Potato\_staging\central_java\fungi\IMG_20230816_084638 (1).jpg,fungi
D:\Potato\_staging\central_java\fungi\IMG_20230816_090628 (1).jpg,fungi
D:\Potato\_staging\central_java\fungi\IMG_20230816_090727 (1).jpg,fungi
D:\Potato\_staging\central_java\fungi\IMG_20230816_090841.jpg,fungi
D:\Potato\_staging\central_java\fungi\IMG_20230816_091248 (1).jpg,fungi
D:\Potato\_staging\central_java\fungi\IMG_20230816_112407.jpg,fungi
D:\Potato\_staging\central_java\fungi\IMG_20230816_112541.jpg,fungi
D:\Potato\_staging\central_java\fungi\IMG_20230816_113645.jpg,fungi
D:\Potato\_staging\central_java\fungi\IMG_20230816_113726.jpg,fungi
D:\Potato\_staging\central_java\fungi\IMG_20230816_113915.jpg,fungi
D:\Potato\_staging\central_java\fungi\IMG_20230816_113919.jpg,fungi
D:\Potato\_staging\central_java\fungi\IMG_20230816_113939~2.jpg,fungi
D:\Potato\_staging\central_java\fungi\IMG_20230816_114322~2.jpg,fungi
D:\Potato\_staging\central_java\fungi\IMG_20230816_114402.jpg,fungi
D:\Potato\_staging\central_java\fungi\IMG_20230816_114422.jpg,fungi
D:\Potato\_staging\central_java\fungi\IMG_20230816_114425.jpg,fungi
D:\Potato\_staging\central_java\fungi\IMG_20230816_114753~2.jpg,fungi
D:\Potato\_staging\central_java\fungi\IMG_20230816_114803.jpg,fungi
D:\Potato\_staging\central_java\fungi\IMG_20230816_115028.jpg,fungi
D:\Potato\_staging\central_java\fungi\IMG_20230816_115039.jpg,fungi
D:\Potato\_staging\central_java\fungi\IMG_20230816_115540.jpg,fungi
D:\Potato\_staging\central_java\fungi\IMG_20230816_115624.jpg,fungi
D:\Potato\_staging\central_java\fungi\IMG_20230816_115633~2.jpg,fungi
D:\Potato\_staging\central_java\fungi\IMG_20230816_120829.jpg,fungi
D:\Potato\_staging\central_java\fungi\IMG_20230816_120944.jpg,fungi
D:\Potato\_staging\central_java\fungi\IMG_20230816_121010.jpg,fungi
D:\Potato\_staging\central_java\fungi\IMG_20230816_121027.jpg,fungi
D:\Potato\_staging\central_java\fungi\IMG_20230816_121041.jpg,fungi
D:\Potato\_staging\central_java\fungi\IMG_20230816_121103.jpg,fungi
D:\Potato\_staging\central_java\fungi\IMG_20230816_121111.jpg,fungi
D:\Potato\_staging\central_java\fungi\IMG_20230816_121122.jpg,fungi
D:\Potato\_staging\central_java\fungi\IMG_20230816_121138.jpg,fungi
D:\Potato\_staging\central_java\fungi\IMG_20230816_121311.jpg,fungi
D:\Potato\_staging\central_java\fungi\IMG_20230816_121356.jpg,fungi
D:\Potato\_staging\central_java\fungi\IMG_20230816_121402.jpg,fungi
D:\Potato\_staging\central_java\fungi\IMG_20230816_121446.jpg,fungi
D:\Potato\_staging\central_java\fungi\IMG_20230816_121453.jpg,fungi
D:\Potato\_staging\central_java\fungi\IMG_20230816_121459~2.jpg,fungi
D:\Potato\_staging\central_java\fungi\IMG_20230816_121536~2.jpg,fungi
D:\Potato\_staging\central_java\fungi\IMG_20230816_121542~2.jpg,fungi
D:\Potato\_staging\central_java\fungi\IMG_20230816_121600.jpg,fungi
D:\Potato\_staging\central_java\fungi\IMG_20230816_121701~2.jpg,fungi
D:\Potato\_staging\central_java\fungi\IMG_20230816_121737.jpg,fungi
D:\Potato\_staging\central_java\fungi\IMG_20230816_121750.jpg,fungi
D:\Potato\_staging\central_java\fungi\IMG_20230816_121858.jpg,fungi
D:\Potato\_staging\central_java\fungi\IMG_20230816_121903.jpg,fungi
D:\Potato\_staging\central_java\fungi\IMG_20230816_121926.jpg,fungi
D:\Potato\_staging\central_java\fungi\IMG_20230816_122017.jpg,fungi
D:\Potato\_staging\central_java\fungi\IMG_20230816_122029.jpg,fungi
D:\Potato\_staging\central_java\fungi\IMG_20230816_122345~2 (2).jpg,fungi
D:\Potato\_staging\central_java\fungi\IMG_20230816_122345~2.jpg,fungi
D:\Potato\_staging\central_java\fungi\IMG_20230816_122348.jpg,fungi
D:\Potato\_staging\central_java\fungi\IMG_20230816_122456.jpg,fungi
D:\Potato\_staging\central_java\fungi\IMG_20230816_122536.jpg,fungi
D:\Potato\_staging\central_java\fungi\IMG_20230816_122537.jpg,fungi
D:\Potato\_staging\central_java\fungi\IMG_20230816_122553.jpg,fungi
D:\Potato\_staging\central_java\fungi\IMG_20230816_122600.jpg,fungi
D:\Potato\_staging\central_java\fungi\IMG_20230816_122603~2.jpg,fungi
D:\Potato\_staging\central_java\fungi\IMG_20230816_122620.jpg,fungi
D:\Potato\_staging\central_java\fungi\IMG_20230816_122631~2.jpg,fungi
D:\Potato\_staging\central_java\fungi\IMG_20230816_122740.jpg,fungi
D:\Potato\_staging\central_java\fungi\IMG_20230816_122806~2.jpg,fungi
D:\Potato\_staging\central_java\fungi\IMG_20230816_122916.jpg,fungi
D:\Potato\_staging\central_java\fungi\IMG_20230816_122932~2.jpg,fungi
D:\Potato\_staging\central_java\fungi\IMG_20230816_123146.jpg,fungi
D:\Potato\_staging\central_java\fungi\IMG_20230816_123538~2.jpg,fungi
D:\Potato\_staging\central_java\fungi\IMG_20230816_123551.jpg,fungi
D:\Potato\_staging\central_java\fungi\IMG_4662.JPG,fungi
D:\Potato\_staging\central_java\fungi\IMG_4663.JPG,fungi
D:\Potato\_staging\central_java\fungi\IMG_4664.JPG,fungi
D:\Potato\_staging\central_java\fungi\IMG_4665.JPG,fungi
D:\Potato\_staging\central_java\fungi\IMG_4666.JPG,fungi
D:\Potato\_staging\central_java\fungi\IMG_4668.JPG,fungi
D:\Potato\_staging\central_java\fungi\IMG_4669.JPG,fungi
D:\Potato\_staging\central_java\fungi\IMG_4670.JPG,fungi
D:\Potato\_staging\central_java\fungi\IMG_4672.JPG,fungi
D:\Potato\_staging\central_java\fungi\IMG_4674.JPG,fungi
D:\Potato\_staging\central_java\fungi\IMG_4675.JPG,fungi
D:\Potato\_staging\central_java\fungi\IMG_4676.JPG,fungi
D:\Potato\_staging\central_java\fungi\IMG_4677.JPG,fungi
D:\Potato\_staging\central_java\fungi\IMG_4682.JPG,fungi
D:\Potato\_staging\central_java\fungi\IMG_4685.JPG,fungi
D:\Potato\_staging\central_java\fungi\IMG_4690.JPG,fungi
D:\Potato\_staging\central_java\fungi\IMG_4691.JPG,fungi
D:\Potato\_staging\central_java\fungi\IMG_4692.JPG,fungi
D:\Potato\_staging\central_java\fungi\IMG_4699.JPG,fungi
D:\Potato\_staging\central_java\fungi\IMG_4703.JPG,fungi
D:\Potato\_staging\central_java\fungi\IMG_4705.JPG,fungi
D:\Potato\_staging\central_java\fungi\IMG_4708.JPG,fungi
D:\Potato\_staging\central_java\fungi\IMG_4720.JPG,fungi
D:\Potato\_staging\central_java\fungi\IMG_4725.JPG,fungi
D:\Potato\_staging\central_java\fungi\IMG_4729.JPG,fungi
D:\Potato\_staging\central_java\fungi\IMG_4730.JPG,fungi
D:\Potato\_staging\central_java\fungi\IMG_4734.JPG,fungi
D:\Potato\_staging\central_java\fungi\IMG_4736.JPG,fungi
D:\Potato\_staging\central_java\fungi\IMG_4737.JPG,fungi
D:\Potato\_staging\central_java\fungi\IMG_4749.JPG,fungi
D:\Potato\_staging\central_java\fungi\IMG_4751.JPG,fungi
D:\Potato\_staging\central_java\fungi\IMG_4752.JPG,fungi
D:\Potato\_staging\central_java\fungi\IMG_4753.JPG,fungi
D:\Potato\_staging\central_java\fungi\IMG_4754.JPG,fungi
D:\Potato\_staging\central_java\fungi\IMG_4755.JPG,fungi
D:\Potato\_staging\central_java\fungi\IMG_4756.JPG,fungi
D:\Potato\_staging\central_java\fungi\IMG_4758.JPG,fungi
D:\Potato\_staging\central_java\fungi\IMG_4759.JPG,fungi
D:\Potato\_staging\central_java\fungi\IMG_4762.JPG,fungi
D:\Potato\_staging\central_java\fungi\IMG_4777.JPG,fungi
D:\Potato\_staging\central_java\fungi\IMG_4779.JPG,fungi
D:\Potato\_staging\central_java\fungi\IMG_4781.JPG,fungi
D:\Potato\_staging\central_java\fungi\IMG_4782.JPG,fungi
D:\Potato\_staging\central_java\fungi\IMG_4783.JPG,fungi
D:\Potato\_staging\central_java\fungi\IMG_4785.JPG,fungi
D:\Potato\_staging\central_java\fungi\IMG_4786.JPG,fungi
D:\Potato\_staging\central_java\fungi\IMG_4787.JPG,fungi
D:\Potato\_staging\central_java\fungi\IMG_4788.JPG,fungi
D:\Potato\_staging\central_java\fungi\IMG_4790.JPG,fungi
D:\Potato\_staging\central_java\fungi\IMG_4797.JPG,fungi
D:\Potato\_staging\central_java\fungi\IMG_4798.JPG,fungi
D:\Potato\_staging\central_java\fungi\IMG_4799.JPG,fungi
D:\Potato\_staging\central_java\fungi\IMG_4800.JPG,fungi
D:\Potato\_staging\central_java\fungi\IMG_4810.JPG,fungi
D:\Potato\_staging\central_java\fungi\IMG_8078.JPG,fungi
D:\Potato\_staging\central_java\fungi\IMG_8079.JPG,fungi
D:\Potato\_staging\central_java\fungi\IMG_8102.JPG,fungi
D:\Potato\_staging\central_java\fungi\IMG_8109.JPG,fungi
D:\Potato\_staging\central_java\fungi\IMG_8113.JPG,fungi
D:\Potato\_staging\central_java\fungi\IMG_8125.JPG,fungi
D:\Potato\_staging\central_java\fungi\IMG_8127.JPG,fungi
D:\Potato\_staging\central_java\fungi\IMG_8135.JPG,fungi
D:\Potato\_staging\central_java\fungi\IMG_8147.JPG,fungi
D:\Potato\_staging\central_java\fungi\IMG_8148.JPG,fungi
D:\Potato\_staging\central_java\fungi\IMG_8152.JPG,fungi
D:\Potato\_staging\central_java\fungi\IMG_8159.JPG,fungi
D:\Potato\_staging\central_java\fungi\IMG_8197.JPG,fungi
D:\Potato\_staging\central_java\fungi\IMG_8198.JPG,fungi
D:\Potato\_staging\central_java\fungi\IMG_8199.JPG,fungi
D:\Potato\_staging\central_java\fungi\IMG_8201.JPG,fungi
D:\Potato\_staging\central_java\fungi\IMG_8220.JPG,fungi
D:\Potato\_staging\central_java\fungi\IMG_8243.JPG,fungi
D:\Potato\_staging\central_java\fungi\IMG_8245.JPG,fungi
D:\Potato\_staging\central_java\fungi\IMG_8281.JPG,fungi
D:\Potato\_staging\central_java\fungi\IMG_8282.JPG,fungi
D:\Potato\_staging\central_java\fungi\IMG_8283.JPG,fungi
D:\Potato\_staging\central_java\fungi\IMG_8320.JPG,fungi
D:\Potato\_staging\central_java\fungi\IMG_8351.JPG,fungi
D:\Potato\_staging\central_java\fungi\IMG_8352.JPG,fungi
D:\Potato\_staging\central_java\fungi\IMG_9360.JPG,fungi
D:\Potato\_staging\central_java\fungi\IMG_9361.JPG,fungi
D:\Potato\_staging\central_java\fungi\IMG_9362.JPG,fungi
D:\Potato\_staging\central_java\fungi\IMG_9363.JPG,fungi
D:\Potato\_staging\central_java\fungi\IMG_9364.JPG,fungi
D:\Potato\_staging\central_java\fungi\IMG_9365.JPG,fungi
D:\Potato\_staging\central_java\fungi\IMG_9369.JPG,fungi
D:\Potato\_staging\central_java\fungi\IMG_9370.JPG,fungi
D:\Potato\_staging\central_java\fungi\IMG_9375.JPG,fungi
D:\Potato\_staging\central_java\fungi\IMG_9376.JPG,fungi
D:\Potato\_staging\central_java\fungi\IMG_9377.JPG,fungi
D:\Potato\_staging\central_java\fungi\IMG_9378.JPG,fungi
D:\Potato\_staging\central_java\fungi\IMG_9379.JPG,fungi
D:\Potato\_staging\central_java\fungi\IMG_9380.JPG,fungi
D:\Potato\_staging\central_java\fungi\IMG_9381.JPG,fungi
D:\Potato\_staging\central_java\fungi\IMG_9382.JPG,fungi
D:\Potato\_staging\central_java\fungi\IMG_9384.JPG,fungi
D:\Potato\_staging\central_java\fungi\IMG_9385.JPG,fungi
D:\Potato\_staging\central_java\fungi\IMG_9386.JPG,fungi
D:\Potato\_staging\central_java\fungi\IMG_9390.JPG,fungi
D:\Potato\_staging\central_java\fungi\IMG_9391.JPG,fungi
D:\Potato\_staging\central_java\fungi\IMG_9392.JPG,fungi
D:\Potato\_staging\central_java\fungi\IMG_9393.JPG,fungi
D:\Potato\_staging\central_java\fungi\IMG_9394.JPG,fungi
D:\Potato\_staging\central_java\fungi\IMG_9395.JPG,fungi
D:\Potato\_staging\central_java\fungi\IMG_9399.JPG,fungi
D:\Potato\_staging\central_java\fungi\IMG_9400.JPG,fungi
D:\Potato\_staging\central_java\fungi\IMG_9403.JPG,fungi
D:\Potato\_staging\central_java\fungi\IMG_9404.JPG,fungi
D:\Potato\_staging\central_java\fungi\IMG_9405.JPG,fungi
D:\Potato\_staging\central_java\fungi\IMG_9406.JPG,fungi
D:\Potato\_staging\central_java\fungi\IMG_9407.JPG,fungi
D:\Potato\_staging\central_java\fungi\IMG_9409.JPG,fungi
D:\Potato\_staging\central_java\fungi\IMG_9410.JPG,fungi
D:\Potato\_staging\central_java\fungi\IMG_9411.JPG,fungi
D:\Potato\_staging\central_java\fungi\IMG_9414.JPG,fungi
D:\Potato\_staging\central_java\fungi\IMG_9415.JPG,fungi
D:\Potato\_staging\central_java\fungi\IMG_9416.JPG,fungi
D:\Potato\_staging\central_java\fungi\IMG_9420.JPG,fungi
D:\Potato\_staging\central_java\fungi\IMG_9421.JPG,fungi
D:\Potato\_staging\central_java\fungi\IMG_9422.JPG,fungi
D:\Potato\_staging\central_java\fungi\IMG_9423.JPG,fungi
D:\Potato\_staging\central_java\fungi\IMG_9424.JPG,fungi
D:\Potato\_staging\central_java\fungi\IMG_9428.JPG,fungi
D:\Potato\_staging\central_java\fungi\IMG_9429.JPG,fungi
D:\Potato\_staging\central_java\fungi\IMG_9431.JPG,fungi
D:\Potato\_staging\central_java\fungi\IMG_9432.JPG,fungi
D:\Potato\_staging\central_java\fungi\IMG_9433.JPG,fungi
D:\Potato\_staging\central_java\fungi\IMG_9434.JPG,fungi
D:\Potato\_staging\central_java\fungi\IMG_9435.JPG,fungi
D:\Potato\_staging\central_java\fungi\IMG_9436.JPG,fungi
D:\Potato\_staging\central_java\fungi\IMG_9437.JPG,fungi
D:\Potato\_staging\central_java\fungi\IMG_9438.JPG,fungi
D:\Potato\_staging\central_java\fungi\IMG_9441.JPG,fungi
D:\Potato\_staging\central_java\fungi\IMG_9442.JPG,fungi
D:\Potato\_staging\central_java\fungi\IMG_9444.JPG,fungi
D:\Potato\_staging\central_java\fungi\IMG_9445.JPG,fungi
D:\Potato\_staging\central_java\fungi\IMG_9446.JPG,fungi
D:\Potato\_staging\central_java\fungi\IMG_9450.JPG,fungi
D:\Potato\_staging\central_java\fungi\IMG_9451.JPG,fungi
D:\Potato\_staging\central_java\fungi\IMG_9452.JPG,fungi
D:\Potato\_staging\central_java\fungi\IMG_9453.JPG,fungi
D:\Potato\_staging\central_java\fungi\IMG_9454.JPG,fungi
D:\Potato\_staging\central_java\fungi\IMG_9455.JPG,fungi
D:\Potato\_staging\central_java\fungi\IMG_9456.JPG,fungi
D:\Potato\_staging\central_java\fungi\IMG_9457.JPG,fungi
D:\Potato\_staging\central_java\fungi\IMG_9458.JPG,fungi
D:\Potato\_staging\central_java\fungi\IMG_9459.JPG,fungi
D:\Potato\_staging\central_java\fungi\IMG_9460.JPG,fungi
D:\Potato\_staging\central_java\fungi\IMG_9466.JPG,fungi
D:\Potato\_staging\central_java\fungi\IMG_9467.JPG,fungi
D:\Potato\_staging\central_java\fungi\IMG_9468.JPG,fungi
D:\Potato\_staging\central_java\fungi\IMG_9469.JPG,fungi
D:\Potato\_staging\central_java\fungi\IMG_9470.JPG,fungi
D:\Potato\_staging\central_java\fungi\IMG_9471.JPG,fungi
D:\Potato\_staging\central_java\fungi\IMG_9476.JPG,fungi
D:\Potato\_staging\central_java\fungi\IMG_9477.JPG,fungi
D:\Potato\_staging\central_java\fungi\IMG_9481.JPG,fungi
D:\Potato\_staging\central_java\healthy\1692336758850.jpg,healthy
D:\Potato\_staging\central_java\healthy\1692336758935.jpg,healthy
D:\Potato\_staging\central_java\healthy\20230712_120140.jpg,healthy
D:\Potato\_staging\central_java\healthy\20230712_120306.jpg,healthy
D:\Potato\_staging\central_java\healthy\20230712_120415.jpg,healthy
D:\Potato\_staging\central_java\healthy\20230712_121641.jpg,healthy
D:\Potato\_staging\central_java\healthy\20230712_121645 (1).jpg,healthy
D:\Potato\_staging\central_java\healthy\20230712_121645.jpg,healthy
D:\Potato\_staging\central_java\healthy\20230712_121709.jpg,healthy
D:\Potato\_staging\central_java\healthy\20230712_121732.jpg,healthy
D:\Potato\_staging\central_java\healthy\20230712_121740.jpg,healthy
D:\Potato\_staging\central_java\healthy\20230712_121759.jpg,healthy
D:\Potato\_staging\central_java\healthy\20230712_122657.jpg,healthy
D:\Potato\_staging\central_java\healthy\20230712_122712.jpg,healthy
D:\Potato\_staging\central_java\healthy\20230712_122717.jpg,healthy
D:\Potato\_staging\central_java\healthy\20230712_122740.jpg,healthy
D:\Potato\_staging\central_java\healthy\20230712_122745.jpg,healthy
D:\Potato\_staging\central_java\healthy\20230712_122751.jpg,healthy
D:\Potato\_staging\central_java\healthy\20230712_123714.jpg,healthy
D:\Potato\_staging\central_java\healthy\20230712_123812.jpg,healthy
D:\Potato\_staging\central_java\healthy\20230712_123830.jpg,healthy
D:\Potato\_staging\central_java\healthy\20230712_123836.jpg,healthy
D:\Potato\_staging\central_java\healthy\20230712_123841.jpg,healthy
D:\Potato\_staging\central_java\healthy\20230712_123858.jpg,healthy
D:\Potato\_staging\central_java\healthy\20230712_123902.jpg,healthy
D:\Potato\_staging\central_java\healthy\20230712_123935.jpg,healthy
D:\Potato\_staging\central_java\healthy\20230712_124016.jpg,healthy
D:\Potato\_staging\central_java\healthy\20230712_124019.jpg,healthy
D:\Potato\_staging\central_java\healthy\20230712_124025.jpg,healthy
D:\Potato\_staging\central_java\healthy\20230712_124945.jpg,healthy
D:\Potato\_staging\central_java\healthy\20230712_130618.jpg,healthy
D:\Potato\_staging\central_java\healthy\20230712_130703.jpg,healthy
D:\Potato\_staging\central_java\healthy\20230712_130718.jpg,healthy
D:\Potato\_staging\central_java\healthy\20230712_130720.jpg,healthy
D:\Potato\_staging\central_java\healthy\20230712_130724.jpg,healthy
D:\Potato\_staging\central_java\healthy\20230712_130746.jpg,healthy
D:\Potato\_staging\central_java\healthy\20230712_130753.jpg,healthy
D:\Potato\_staging\central_java\healthy\20230712_130756.jpg,healthy
D:\Potato\_staging\central_java\healthy\20230712_130758.jpg,healthy
D:\Potato\_staging\central_java\healthy\20230712_130800.jpg,healthy
D:\Potato\_staging\central_java\healthy\20230712_130814.jpg,healthy
D:\Potato\_staging\central_java\healthy\20230712_130852.jpg,healthy
D:\Potato\_staging\central_java\healthy\20230712_131002.jpg,healthy
D:\Potato\_staging\central_java\healthy\20230712_131035.jpg,healthy
D:\Potato\_staging\central_java\healthy\20230712_131215.jpg,healthy
D:\Potato\_staging\central_java\healthy\20230712_131219.jpg,healthy
D:\Potato\_staging\central_java\healthy\20230712_131224.jpg,healthy
D:\Potato\_staging\central_java\healthy\20230712_131253.jpg,healthy
D:\Potato\_staging\central_java\healthy\20230712_131432.jpg,healthy
D:\Potato\_staging\central_java\healthy\20230712_131450.jpg,healthy
D:\Potato\_staging\central_java\healthy\20230712_131524.jpg,healthy
D:\Potato\_staging\central_java\healthy\20230712_131637.jpg,healthy
D:\Potato\_staging\central_java\healthy\20230712_132240.jpg,healthy
D:\Potato\_staging\central_java\healthy\20230712_132255.jpg,healthy
D:\Potato\_staging\central_java\healthy\20230712_132347.jpg,healthy
D:\Potato\_staging\central_java\healthy\20230712_133008.jpg,healthy
D:\Potato\_staging\central_java\healthy\20230712_133011.jpg,healthy
D:\Potato\_staging\central_java\healthy\20230712_133031.jpg,healthy
D:\Potato\_staging\central_java\healthy\20230712_143913.jpg,healthy
D:\Potato\_staging\central_java\healthy\20230712_143916.jpg,healthy
D:\Potato\_staging\central_java\healthy\20230712_143950.jpg,healthy
D:\Potato\_staging\central_java\healthy\20230712_144356.jpg,healthy
D:\Potato\_staging\central_java\healthy\20230712_154114.jpg,healthy
D:\Potato\_staging\central_java\healthy\20230802_105306832.jpg,healthy
D:\Potato\_staging\central_java\healthy\20230802_105340269.jpg,healthy
D:\Potato\_staging\central_java\healthy\20230802_112947115.jpg,healthy
D:\Potato\_staging\central_java\healthy\20230802_113050671.jpg,healthy
D:\Potato\_staging\central_java\healthy\20230802_113059419.jpg,healthy
D:\Potato\_staging\central_java\healthy\20230802_115527375.jpg,healthy
D:\Potato\_staging\central_java\healthy\20230802_115747831.jpg,healthy
D:\Potato\_staging\central_java\healthy\20230802_115906199.jpg,healthy
D:\Potato\_staging\central_java\healthy\20230802_115921170.jpg,healthy
D:\Potato\_staging\central_java\healthy\20230802_115924153.jpg,healthy
D:\Potato\_staging\central_java\healthy\20230802_115928713.jpg,healthy
D:\Potato\_staging\central_java\healthy\20230802_115936805.jpg,healthy
D:\Potato\_staging\central_java\healthy\20230802_120332778.jpg,healthy
D:\Potato\_staging\central_java\healthy\20230802_120336970.jpg,healthy
D:\Potato\_staging\central_java\healthy\20230802_120348475.jpg,healthy
D:\Potato\_staging\central_java\healthy\20230802_120558111.jpg,healthy
D:\Potato\_staging\central_java\healthy\20230802_120908.jpg,healthy
D:\Potato\_staging\central_java\healthy\20230802_121046.jpg,healthy
D:\Potato\_staging\central_java\healthy\20230802_121149531.jpg,healthy
D:\Potato\_staging\central_java\healthy\20230802_123219828.jpg,healthy
D:\Potato\_staging\central_java\healthy\20230802_123641857.jpg,healthy
D:\Potato\_staging\central_java\healthy\20230802_123822.jpg,healthy
D:\Potato\_staging\central_java\healthy\20230802_124114061.jpg,healthy
D:\Potato\_staging\central_java\healthy\20230802_124148.jpg,healthy
D:\Potato\_staging\central_java\healthy\20230802_124213.jpg,healthy
D:\Potato\_staging\central_java\healthy\20230802_124215.jpg,healthy
D:\Potato\_staging\central_java\healthy\20230802_124220.jpg,healthy
D:\Potato\_staging\central_java\healthy\20230802_124829.jpg,healthy
D:\Potato\_staging\central_java\healthy\20230802_124831.jpg,healthy
D:\Potato\_staging\central_java\healthy\20230802_124914.jpg,healthy
D:\Potato\_staging\central_java\healthy\20230802_130139.jpg,healthy
D:\Potato\_staging\central_java\healthy\20230802_130151.jpg,healthy
D:\Potato\_staging\central_java\healthy\20230802_130212.jpg,healthy
D:\Potato\_staging\central_java\healthy\20230815_111720.jpg,healthy
D:\Potato\_staging\central_java\healthy\20230815_112010.jpg,healthy
D:\Potato\_staging\central_java\healthy\20230815_112459.jpg,healthy
D:\Potato\_staging\central_java\healthy\20230815_112803.jpg,healthy
D:\Potato\_staging\central_java\healthy\20230815_114115.jpg,healthy
D:\Potato\_staging\central_java\healthy\20230815_115544.jpg,healthy
D:\Potato\_staging\central_java\healthy\20230815_115651.jpg,healthy
D:\Potato\_staging\central_java\healthy\20230815_115654.jpg,healthy
D:\Potato\_staging\central_java\healthy\20230815_115704.jpg,healthy
D:\Potato\_staging\central_java\healthy\20230815_115706.jpg,healthy
D:\Potato\_staging\central_java\healthy\20230815_115710.jpg,healthy
D:\Potato\_staging\central_java\healthy\20230815_115718.jpg,healthy
D:\Potato\_staging\central_java\healthy\20230815_115726.jpg,healthy
D:\Potato\_staging\central_java\healthy\20230815_120132.jpg,healthy
D:\Potato\_staging\central_java\healthy\20230815_120135.jpg,healthy
D:\Potato\_staging\central_java\healthy\20230815_120822.jpg,healthy
D:\Potato\_staging\central_java\healthy\20230815_121155.jpg,healthy
D:\Potato\_staging\central_java\healthy\20230815_121157.jpg,healthy
D:\Potato\_staging\central_java\healthy\20230815_121201.jpg,healthy
D:\Potato\_staging\central_java\healthy\20230815_121223.jpg,healthy
D:\Potato\_staging\central_java\healthy\20230815_122255.jpg,healthy
D:\Potato\_staging\central_java\healthy\20230815_122517.jpg,healthy
D:\Potato\_staging\central_java\healthy\20230815_122522.jpg,healthy
D:\Potato\_staging\central_java\healthy\20230815_123008.jpg,healthy
D:\Potato\_staging\central_java\healthy\20230815_123246.jpg,healthy
D:\Potato\_staging\central_java\healthy\20230815_144827.jpg,healthy
D:\Potato\_staging\central_java\healthy\20230815_152832.jpg,healthy
D:\Potato\_staging\central_java\healthy\20230816_081755.jpg,healthy
D:\Potato\_staging\central_java\healthy\20230816_083748.jpg,healthy
D:\Potato\_staging\central_java\healthy\20230816_085016.jpg,healthy
D:\Potato\_staging\central_java\healthy\20230816_115114.jpg,healthy
D:\Potato\_staging\central_java\healthy\20230816_115745.jpg,healthy
D:\Potato\_staging\central_java\healthy\20230816_115751.jpg,healthy
D:\Potato\_staging\central_java\healthy\20230816_121130.jpg,healthy
D:\Potato\_staging\central_java\healthy\20230816_121133.jpg,healthy
D:\Potato\_staging\central_java\healthy\20230816_121138.jpg,healthy
D:\Potato\_staging\central_java\healthy\20230816_121140.jpg,healthy
D:\Potato\_staging\central_java\healthy\20230816_121144.jpg,healthy
D:\Potato\_staging\central_java\healthy\20230816_121147.jpg,healthy
D:\Potato\_staging\central_java\healthy\20230816_121149.jpg,healthy
D:\Potato\_staging\central_java\healthy\20230816_121242.jpg,healthy
D:\Potato\_staging\central_java\healthy\20230816_121244.jpg,healthy
D:\Potato\_staging\central_java\healthy\20230816_121544.jpg,healthy
D:\Potato\_staging\central_java\healthy\20230816_121545.jpg,healthy
D:\Potato\_staging\central_java\healthy\20230816_121553.jpg,healthy
D:\Potato\_staging\central_java\healthy\20230816_121556.jpg,healthy
D:\Potato\_staging\central_java\healthy\20230816_121559.jpg,healthy
D:\Potato\_staging\central_java\healthy\20230816_121602.jpg,healthy
D:\Potato\_staging\central_java\healthy\20230816_121606.jpg,healthy
D:\Potato\_staging\central_java\healthy\20230816_123045.jpg,healthy
D:\Potato\_staging\central_java\healthy\20230816_123429.jpg,healthy
D:\Potato\_staging\central_java\healthy\20230922_154044.jpg,healthy
D:\Potato\_staging\central_java\healthy\20230922_154128.jpg,healthy
D:\Potato\_staging\central_java\healthy\20230922_154132.jpg,healthy
D:\Potato\_staging\central_java\healthy\20230922_154136.jpg,healthy
D:\Potato\_staging\central_java\healthy\20230922_154158.jpg,healthy
D:\Potato\_staging\central_java\healthy\20230922_154200.jpg,healthy
D:\Potato\_staging\central_java\healthy\20230922_154212.jpg,healthy
D:\Potato\_staging\central_java\healthy\20230922_154218.jpg,healthy
D:\Potato\_staging\central_java\healthy\20230922_154220.jpg,healthy
D:\Potato\_staging\central_java\healthy\20230922_154237.jpg,healthy
D:\Potato\_staging\central_java\healthy\20230922_154242.jpg,healthy
D:\Potato\_staging\central_java\healthy\20230922_154244.jpg,healthy
D:\Potato\_staging\central_java\healthy\20230922_154252.jpg,healthy
D:\Potato\_staging\central_java\healthy\20230922_155409.jpg,healthy
D:\Potato\_staging\central_java\healthy\20230922_155419.jpg,healthy
D:\Potato\_staging\central_java\healthy\20230922_155425.jpg,healthy
D:\Potato\_staging\central_java\healthy\20230922_155829.jpg,healthy
D:\Potato\_staging\central_java\healthy\20230922_155832.jpg,healthy
D:\Potato\_staging\central_java\healthy\20230922_155838.jpg,healthy
D:\Potato\_staging\central_java\healthy\20230922_155846.jpg,healthy
D:\Potato\_staging\central_java\healthy\IMG_0132.JPG,healthy
D:\Potato\_staging\central_java\healthy\IMG_0710.JPG,healthy
D:\Potato\_staging\central_java\healthy\IMG_0712.JPG,healthy
D:\Potato\_staging\central_java\healthy\IMG_0720.JPG,healthy
D:\Potato\_staging\central_java\healthy\IMG_0791.JPG,healthy
D:\Potato\_staging\central_java\healthy\IMG_1252.JPG,healthy
D:\Potato\_staging\central_java\healthy\IMG_1253.JPG,healthy
D:\Potato\_staging\central_java\healthy\IMG_20230815_112958~2.jpg,healthy
D:\Potato\_staging\central_java\healthy\IMG_20230815_114456~2.jpg,healthy
D:\Potato\_staging\central_java\healthy\IMG_20230815_120532~2.jpg,healthy
D:\Potato\_staging\central_java\healthy\IMG_20230815_122148~2.jpg,healthy
D:\Potato\_staging\central_java\healthy\IMG_20230815_150518.jpg,healthy
D:\Potato\_staging\central_java\healthy\IMG_20230815_152320.jpg,healthy
D:\Potato\_staging\central_java\healthy\IMG_20230816_082347 (1).jpg,healthy
D:\Potato\_staging\central_java\healthy\IMG_20230816_085637 (1).jpg,healthy
D:\Potato\_staging\central_java\healthy\IMG_4654.JPG,healthy
D:\Potato\_staging\central_java\healthy\IMG_4696.JPG,healthy
D:\Potato\_staging\central_java\healthy\IMG_4767.JPG,healthy
D:\Potato\_staging\central_java\healthy\IMG_4772.JPG,healthy
D:\Potato\_staging\central_java\healthy\IMG_4773.JPG,healthy
D:\Potato\_staging\central_java\healthy\IMG_4780.JPG,healthy
D:\Potato\_staging\central_java\healthy\IMG_4789.JPG,healthy
D:\Potato\_staging\central_java\healthy\IMG_4802.JPG,healthy
D:\Potato\_staging\central_java\healthy\IMG_4812.JPG,healthy
D:\Potato\_staging\central_java\healthy\IMG_8184.JPG,healthy
D:\Potato\_staging\central_java\healthy\IMG_8204.JPG,healthy
D:\Potato\_staging\central_java\healthy\IMG_8223.JPG,healthy
D:\Potato\_staging\central_java\healthy\IMG_9417.JPG,healthy
D:\Potato\_staging\central_java\healthy\IMG_9418.JPG,healthy
D:\Potato\_staging\central_java\healthy\IMG_9419.JPG,healthy
D:\Potato\_staging\central_java\healthy\IMG_9447.JPG,healthy
D:\Potato\_staging\central_java\healthy\IMG_9473.JPG,healthy
D:\Potato\_staging\central_java\healthy\IMG_9497.JPG,healthy
D:\Potato\_staging\central_java\healthy\IMG_9557.JPG,healthy
D:\Potato\_staging\central_java\nematode\20230712_120750.jpg,nematode
D:\Potato\_staging\central_java\nematode\20230712_120909.jpg,nematode
D:\Potato\_staging\central_java\nematode\20230712_121038.jpg,nematode
D:\Potato\_staging\central_java\nematode\20230712_122802.jpg,nematode
D:\Potato\_staging\central_java\nematode\20230712_122808.jpg,nematode
D:\Potato\_staging\central_java\nematode\20230712_153742.jpg,nematode
D:\Potato\_staging\central_java\nematode\20230712_154537.jpg,nematode
D:\Potato\_staging\central_java\nematode\20230712_154559.jpg,nematode
D:\Potato\_staging\central_java\nematode\20230712_154702.jpg,nematode
D:\Potato\_staging\central_java\nematode\20230712_154713.jpg,nematode
D:\Potato\_staging\central_java\nematode\20230712_154725.jpg,nematode
D:\Potato\_staging\central_java\nematode\20230712_155420.jpg,nematode
D:\Potato\_staging\central_java\nematode\20230712_155744.jpg,nematode
D:\Potato\_staging\central_java\nematode\20230712_155746.jpg,nematode
D:\Potato\_staging\central_java\nematode\20230712_155753.jpg,nematode
D:\Potato\_staging\central_java\nematode\20230802_105202.jpg,nematode
D:\Potato\_staging\central_java\nematode\20230802_105225.jpg,nematode
D:\Potato\_staging\central_java\nematode\20230802_105230.jpg,nematode
D:\Potato\_staging\central_java\nematode\20230802_105249.jpg,nematode
D:\Potato\_staging\central_java\nematode\20230815_122751.jpg,nematode
D:\Potato\_staging\central_java\nematode\20230815_122808.jpg,nematode
D:\Potato\_staging\central_java\nematode\20230815_122851.jpg,nematode
D:\Potato\_staging\central_java\nematode\20230815_122900.jpg,nematode
D:\Potato\_staging\central_java\nematode\20230815_122915.jpg,nematode
D:\Potato\_staging\central_java\nematode\20230815_123026.jpg,nematode
D:\Potato\_staging\central_java\nematode\20230815_151412.jpg,nematode
D:\Potato\_staging\central_java\nematode\20230815_152953.jpg,nematode
D:\Potato\_staging\central_java\nematode\20230815_153019.jpg,nematode
D:\Potato\_staging\central_java\nematode\20230815_153903.jpg,nematode
D:\Potato\_staging\central_java\nematode\20230816_082906.jpg,nematode
D:\Potato\_staging\central_java\nematode\20230816_084155.jpg,nematode
D:\Potato\_staging\central_java\nematode\20230816_084203.jpg,nematode
D:\Potato\_staging\central_java\nematode\20230816_090814.jpg,nematode
D:\Potato\_staging\central_java\nematode\20230816_121307.jpg,nematode
D:\Potato\_staging\central_java\nematode\20230816_121614.jpg,nematode
D:\Potato\_staging\central_java\nematode\20230816_122536.jpg,nematode
D:\Potato\_staging\central_java\nematode\IMG_0156.JPG,nematode
D:\Potato\_staging\central_java\nematode\IMG_0192.JPG,nematode
D:\Potato\_staging\central_java\nematode\IMG_0193.JPG,nematode
D:\Potato\_staging\central_java\nematode\IMG_0194.JPG,nematode
D:\Potato\_staging\central_java\nematode\IMG_0200.JPG,nematode
D:\Potato\_staging\central_java\nematode\IMG_0259.JPG,nematode
D:\Potato\_staging\central_java\nematode\IMG_0302.JPG,nematode
D:\Potato\_staging\central_java\nematode\IMG_0303.JPG,nematode
D:\Potato\_staging\central_java\nematode\IMG_0816.JPG,nematode
D:\Potato\_staging\central_java\nematode\IMG_20230815_113804~2.jpg,nematode
D:\Potato\_staging\central_java\nematode\IMG_20230815_113853~2.jpg,nematode
D:\Potato\_staging\central_java\nematode\IMG_20230815_114341~2.jpg,nematode
D:\Potato\_staging\central_java\nematode\IMG_20230815_114824~2.jpg,nematode
D:\Potato\_staging\central_java\nematode\IMG_20230815_114900.jpg,nematode
D:\Potato\_staging\central_java\nematode\IMG_20230815_122722 - Copy.jpg,nematode
D:\Potato\_staging\central_java\nematode\IMG_20230815_145142.jpg,nematode
D:\Potato\_staging\central_java\nematode\IMG_20230815_150824~2.jpg,nematode
D:\Potato\_staging\central_java\nematode\IMG_20230816_083730 (1).jpg,nematode
D:\Potato\_staging\central_java\nematode\IMG_20230816_121830.jpg,nematode
D:\Potato\_staging\central_java\nematode\IMG_20230816_121904~2.jpg,nematode
D:\Potato\_staging\central_java\nematode\IMG_4733.JPG,nematode
D:\Potato\_staging\central_java\nematode\IMG_4738.JPG,nematode
D:\Potato\_staging\central_java\nematode\IMG_8142.JPG,nematode
D:\Potato\_staging\central_java\nematode\IMG_8318.JPG,nematode
D:\Potato\_staging\central_java\nematode\IMG_8324.JPG,nematode
D:\Potato\_staging\central_java\nematode\IMG_8330.JPG,nematode
D:\Potato\_staging\central_java\nematode\IMG_8331.JPG,nematode
D:\Potato\_staging\central_java\nematode\IMG_8333.JPG,nematode
D:\Potato\_staging\central_java\nematode\IMG_8338.JPG,nematode
D:\Potato\_staging\central_java\nematode\IMG_8339.JPG,nematode
D:\Potato\_staging\central_java\nematode\IMG_9461.JPG,nematode
D:\Potato\_staging\central_java\nematode\IMG_9462.JPG,nematode
D:\Potato\_staging\central_java\pest\1692332350400.jpg,pest
D:\Potato\_staging\central_java\pest\1692332350409.jpg,pest
D:\Potato\_staging\central_java\pest\1692332350450.jpg,pest
D:\Potato\_staging\central_java\pest\1692332350525.jpg,pest
D:\Potato\_staging\central_java\pest\1692332350573.jpg,pest
D:\Potato\_staging\central_java\pest\1692332762088.jpg,pest
D:\Potato\_staging\central_java\pest\1692332762374.jpg,pest
D:\Potato\_staging\central_java\pest\1692333303029.jpg,pest
D:\Potato\_staging\central_java\pest\1692333632158.jpg,pest
D:\Potato\_staging\central_java\pest\1692333632203.jpg,pest
D:\Potato\_staging\central_java\pest\1692333632280.jpg,pest
D:\Potato\_staging\central_java\pest\1692333632291.jpg,pest
D:\Potato\_staging\central_java\pest\1692333632301.jpg,pest
D:\Potato\_staging\central_java\pest\1692333632391.jpg,pest
D:\Potato\_staging\central_java\pest\1692334247052.jpg,pest
D:\Potato\_staging\central_java\pest\1692334247071.jpg,pest
D:\Potato\_staging\central_java\pest\1692334247101.jpg,pest
D:\Potato\_staging\central_java\pest\1692334247132.jpg,pest
D:\Potato\_staging\central_java\pest\1692334247225.jpg,pest
D:\Potato\_staging\central_java\pest\1692334247335.jpg,pest
D:\Potato\_staging\central_java\pest\1692335403841.jpg,pest
D:\Potato\_staging\central_java\pest\1692335403953.jpg,pest
D:\Potato\_staging\central_java\pest\1692336758380.jpg,pest
D:\Potato\_staging\central_java\pest\1692336758584.jpg,pest
D:\Potato\_staging\central_java\pest\1692336758593.jpg,pest
D:\Potato\_staging\central_java\pest\1692336758609.jpg,pest
D:\Potato\_staging\central_java\pest\1692336758616.jpg,pest
D:\Potato\_staging\central_java\pest\1692336758816.jpg,pest
D:\Potato\_staging\central_java\pest\1692336759075.jpg,pest
D:\Potato\_staging\central_java\pest\1692336759099.jpg,pest
D:\Potato\_staging\central_java\pest\1692336759137.jpg,pest
D:\Potato\_staging\central_java\pest\1692336759166.jpg,pest
D:\Potato\_staging\central_java\pest\1692338054059.jpg,pest
D:\Potato\_staging\central_java\pest\1692338650304.jpg,pest
D:\Potato\_staging\central_java\pest\1692338650566.jpg,pest
D:\Potato\_staging\central_java\pest\1692338650582.jpg,pest
D:\Potato\_staging\central_java\pest\1692338650651.jpg,pest
D:\Potato\_staging\central_java\pest\1692338650721.jpg,pest
D:\Potato\_staging\central_java\pest\1692339473834.jpg,pest
D:\Potato\_staging\central_java\pest\20230712_114223.jpg,pest
D:\Potato\_staging\central_java\pest\20230712_114249.jpg,pest
D:\Potato\_staging\central_java\pest\20230712_114316.jpg,pest
D:\Potato\_staging\central_java\pest\20230712_114335.jpg,pest
D:\Potato\_staging\central_java\pest\20230712_114353.jpg,pest
D:\Potato\_staging\central_java\pest\20230712_114410.jpg,pest
D:\Potato\_staging\central_java\pest\20230712_114434.jpg,pest
D:\Potato\_staging\central_java\pest\20230712_114443.jpg,pest
D:\Potato\_staging\central_java\pest\20230712_114649.jpg,pest
D:\Potato\_staging\central_java\pest\20230712_114657.jpg,pest
D:\Potato\_staging\central_java\pest\20230712_114721.jpg,pest
D:\Potato\_staging\central_java\pest\20230712_114727.jpg,pest
D:\Potato\_staging\central_java\pest\20230712_114800.jpg,pest
D:\Potato\_staging\central_java\pest\20230712_114924.jpg,pest
D:\Potato\_staging\central_java\pest\20230712_114942.jpg,pest
D:\Potato\_staging\central_java\pest\20230712_115011.jpg,pest
D:\Potato\_staging\central_java\pest\20230712_115043.jpg,pest
D:\Potato\_staging\central_java\pest\20230712_115056.jpg,pest
D:\Potato\_staging\central_java\pest\20230712_115250.jpg,pest
D:\Potato\_staging\central_java\pest\20230712_115405.jpg,pest
D:\Potato\_staging\central_java\pest\20230712_115559.jpg,pest
D:\Potato\_staging\central_java\pest\20230712_115700.jpg,pest
D:\Potato\_staging\central_java\pest\20230712_115900.jpg,pest
D:\Potato\_staging\central_java\pest\20230712_115906.jpg,pest
D:\Potato\_staging\central_java\pest\20230712_121220.jpg,pest
D:\Potato\_staging\central_java\pest\20230712_121301.jpg,pest
D:\Potato\_staging\central_java\pest\20230712_121910.jpg,pest
D:\Potato\_staging\central_java\pest\20230712_121915.jpg,pest
D:\Potato\_staging\central_java\pest\20230712_121930.jpg,pest
D:\Potato\_staging\central_java\pest\20230712_121944.jpg,pest
D:\Potato\_staging\central_java\pest\20230712_122034.jpg,pest
D:\Potato\_staging\central_java\pest\20230712_122053.jpg,pest
D:\Potato\_staging\central_java\pest\20230712_122101.jpg,pest
D:\Potato\_staging\central_java\pest\20230712_122134.jpg,pest
D:\Potato\_staging\central_java\pest\20230712_122203.jpg,pest
D:\Potato\_staging\central_java\pest\20230712_122233.jpg,pest
D:\Potato\_staging\central_java\pest\20230712_122340.jpg,pest
D:\Potato\_staging\central_java\pest\20230712_122404.jpg,pest
D:\Potato\_staging\central_java\pest\20230712_122808.jpg,pest
D:\Potato\_staging\central_java\pest\20230712_122835.jpg,pest
D:\Potato\_staging\central_java\pest\20230712_123331.jpg,pest
D:\Potato\_staging\central_java\pest\20230712_123334.jpg,pest
D:\Potato\_staging\central_java\pest\20230712_123358.jpg,pest
D:\Potato\_staging\central_java\pest\20230712_123408.jpg,pest
D:\Potato\_staging\central_java\pest\20230712_124120.jpg,pest
D:\Potato\_staging\central_java\pest\20230712_124133.jpg,pest
D:\Potato\_staging\central_java\pest\20230712_124201.jpg,pest
D:\Potato\_staging\central_java\pest\20230712_124214.jpg,pest
D:\Potato\_staging\central_java\pest\20230712_124303.jpg,pest
D:\Potato\_staging\central_java\pest\20230712_124311.jpg,pest
D:\Potato\_staging\central_java\pest\20230712_124318.jpg,pest
D:\Potato\_staging\central_java\pest\20230712_124453.jpg,pest
D:\Potato\_staging\central_java\pest\20230712_124513.jpg,pest
D:\Potato\_staging\central_java\pest\20230712_124530.jpg,pest
D:\Potato\_staging\central_java\pest\20230712_124554.jpg,pest
D:\Potato\_staging\central_java\pest\20230712_124651.jpg,pest
D:\Potato\_staging\central_java\pest\20230712_130852.jpg,pest
D:\Potato\_staging\central_java\pest\20230712_132814.jpg,pest
D:\Potato\_staging\central_java\pest\20230712_132924.jpg,pest
D:\Potato\_staging\central_java\pest\20230712_132929.jpg,pest
D:\Potato\_staging\central_java\pest\20230712_132933.jpg,pest
D:\Potato\_staging\central_java\pest\20230712_133044.jpg,pest
D:\Potato\_staging\central_java\pest\20230712_133047.jpg,pest
D:\Potato\_staging\central_java\pest\20230712_133050.jpg,pest
D:\Potato\_staging\central_java\pest\20230712_133300.jpg,pest
D:\Potato\_staging\central_java\pest\20230712_133308.jpg,pest
D:\Potato\_staging\central_java\pest\20230712_133449.jpg,pest
D:\Potato\_staging\central_java\pest\20230712_143935.jpg,pest
D:\Potato\_staging\central_java\pest\20230712_144035.jpg,pest
D:\Potato\_staging\central_java\pest\20230712_144204.jpg,pest
D:\Potato\_staging\central_java\pest\20230712_144218.jpg,pest
D:\Potato\_staging\central_java\pest\20230712_144547.jpg,pest
D:\Potato\_staging\central_java\pest\20230712_145420.jpg,pest
D:\Potato\_staging\central_java\pest\20230712_145440.jpg,pest
D:\Potato\_staging\central_java\pest\20230712_145457.jpg,pest
D:\Potato\_staging\central_java\pest\20230712_145943.jpg,pest
D:\Potato\_staging\central_java\pest\20230712_145948.jpg,pest
D:\Potato\_staging\central_java\pest\20230712_150155.jpg,pest
D:\Potato\_staging\central_java\pest\20230712_150313.jpg,pest
D:\Potato\_staging\central_java\pest\20230712_150348.jpg,pest
D:\Potato\_staging\central_java\pest\20230712_153547.jpg,pest
D:\Potato\_staging\central_java\pest\20230712_153639.jpg,pest
D:\Potato\_staging\central_java\pest\20230712_154041.jpg,pest
D:\Potato\_staging\central_java\pest\20230712_154044.jpg,pest
D:\Potato\_staging\central_java\pest\20230712_154059.jpg,pest
D:\Potato\_staging\central_java\pest\20230712_154337.jpg,pest
D:\Potato\_staging\central_java\pest\20230712_154516.jpg,pest
D:\Potato\_staging\central_java\pest\20230712_154844.jpg,pest
D:\Potato\_staging\central_java\pest\20230712_155226.jpg,pest
D:\Potato\_staging\central_java\pest\20230712_155445.jpg,pest
D:\Potato\_staging\central_java\pest\20230712_155749.jpg,pest
D:\Potato\_staging\central_java\pest\20230712_160121.jpg,pest
D:\Potato\_staging\central_java\pest\20230712_160248.jpg,pest
D:\Potato\_staging\central_java\pest\20230712_160312.jpg,pest
D:\Potato\_staging\central_java\pest\20230802_104846805.jpg,pest
D:\Potato\_staging\central_java\pest\20230802_104911728.jpg,pest
D:\Potato\_staging\central_java\pest\20230802_104926298.jpg,pest
D:\Potato\_staging\central_java\pest\20230802_105056702.jpg,pest
D:\Potato\_staging\central_java\pest\20230802_105206317.jpg,pest
D:\Potato\_staging\central_java\pest\20230802_105208815.jpg,pest
D:\Potato\_staging\central_java\pest\20230802_105220186.jpg,pest
D:\Potato\_staging\central_java\pest\20230802_105420786.jpg,pest
D:\Potato\_staging\central_java\pest\20230802_105425218.jpg,pest
D:\Potato\_staging\central_java\pest\20230802_105826966.jpg,pest
D:\Potato\_staging\central_java\pest\20230802_110008548.jpg,pest
D:\Potato\_staging\central_java\pest\20230802_110153223.jpg,pest
D:\Potato\_staging\central_java\pest\20230802_110208620.jpg,pest
D:\Potato\_staging\central_java\pest\20230802_110220113.jpg,pest
D:\Potato\_staging\central_java\pest\20230802_110248604.jpg,pest
D:\Potato\_staging\central_java\pest\20230802_110817804.jpg,pest
D:\Potato\_staging\central_java\pest\20230802_112436363.jpg,pest
D:\Potato\_staging\central_java\pest\20230802_112758979.jpg,pest
D:\Potato\_staging\central_java\pest\20230802_112805894.jpg,pest
D:\Potato\_staging\central_java\pest\20230802_112826.jpg,pest
D:\Potato\_staging\central_java\pest\20230802_113227919.jpg,pest
D:\Potato\_staging\central_java\pest\20230802_115125860.jpg,pest
D:\Potato\_staging\central_java\pest\20230802_115132228.jpg,pest
D:\Potato\_staging\central_java\pest\20230802_115322.jpg,pest
D:\Potato\_staging\central_java\pest\20230802_115325.jpg,pest
D:\Potato\_staging\central_java\pest\20230802_115332.jpg,pest
D:\Potato\_staging\central_java\pest\20230802_115337.jpg,pest
D:\Potato\_staging\central_java\pest\20230802_115340.jpg,pest
D:\Potato\_staging\central_java\pest\20230802_115340806.jpg,pest
D:\Potato\_staging\central_java\pest\20230802_115351.jpg,pest
D:\Potato\_staging\central_java\pest\20230802_115353.jpg,pest
D:\Potato\_staging\central_java\pest\20230802_115400636.jpg,pest
D:\Potato\_staging\central_java\pest\20230802_115420646.jpg,pest
D:\Potato\_staging\central_java\pest\20230802_115425918.jpg,pest
D:\Potato\_staging\central_java\pest\20230802_115539571.jpg,pest
D:\Potato\_staging\central_java\pest\20230802_115546172.jpg,pest
D:\Potato\_staging\central_java\pest\20230802_115548315.jpg,pest
D:\Potato\_staging\central_java\pest\20230802_115606492.jpg,pest
D:\Potato\_staging\central_java\pest\20230802_115611973.jpg,pest
D:\Potato\_staging\central_java\pest\20230802_115655.jpg,pest
D:\Potato\_staging\central_java\pest\20230802_115658.jpg,pest
D:\Potato\_staging\central_java\pest\20230802_115707.jpg,pest
D:\Potato\_staging\central_java\pest\20230802_115710981.jpg,pest
D:\Potato\_staging\central_java\pest\20230802_115717636.jpg,pest
D:\Potato\_staging\central_java\pest\20230802_115723.jpg,pest
D:\Potato\_staging\central_java\pest\20230802_115742137.jpg,pest
D:\Potato\_staging\central_java\pest\20230802_115744.jpg,pest
D:\Potato\_staging\central_java\pest\20230802_115747.jpg,pest
D:\Potato\_staging\central_java\pest\20230802_115750.jpg,pest
D:\Potato\_staging\central_java\pest\20230802_115803802.jpg,pest
D:\Potato\_staging\central_java\pest\20230802_115833816.jpg,pest
D:\Potato\_staging\central_java\pest\20230802_115839605.jpg,pest
D:\Potato\_staging\central_java\pest\20230802_115842608.jpg,pest
D:\Potato\_staging\central_java\pest\20230802_115851687.jpg,pest
D:\Potato\_staging\central_java\pest\20230802_115856088.jpg,pest
D:\Potato\_staging\central_java\pest\20230802_115901674.jpg,pest
D:\Potato\_staging\central_java\pest\20230802_115910618.jpg,pest
D:\Potato\_staging\central_java\pest\20230802_115914794.jpg,pest
D:\Potato\_staging\central_java\pest\20230802_115949654.jpg,pest
D:\Potato\_staging\central_java\pest\20230802_115958308.jpg,pest
D:\Potato\_staging\central_java\pest\20230802_120008542.jpg,pest
D:\Potato\_staging\central_java\pest\20230802_120027734.jpg,pest
D:\Potato\_staging\central_java\pest\20230802_120034066.jpg,pest
D:\Potato\_staging\central_java\pest\20230802_120043567.jpg,pest
D:\Potato\_staging\central_java\pest\20230802_120048127.jpg,pest
D:\Potato\_staging\central_java\pest\20230802_120056918.jpg,pest
D:\Potato\_staging\central_java\pest\20230802_120059781.jpg,pest
D:\Potato\_staging\central_java\pest\20230802_120119897.jpg,pest
D:\Potato\_staging\central_java\pest\20230802_120137740.jpg,pest
D:\Potato\_staging\central_java\pest\20230802_120143907.jpg,pest
D:\Potato\_staging\central_java\pest\20230802_120215373.jpg,pest
D:\Potato\_staging\central_java\pest\20230802_120228868.jpg,pest
D:\Potato\_staging\central_java\pest\20230802_120239780.jpg,pest
D:\Potato\_staging\central_java\pest\20230802_120246564.jpg,pest
D:\Potato\_staging\central_java\pest\20230802_120254590.jpg,pest
D:\Potato\_staging\central_java\pest\20230802_120320622.jpg,pest
D:\Potato\_staging\central_java\pest\20230802_120341080.jpg,pest
D:\Potato\_staging\central_java\pest\20230802_120451215.jpg,pest
D:\Potato\_staging\central_java\pest\20230802_120455999.jpg,pest
D:\Potato\_staging\central_java\pest\20230802_120500572.jpg,pest
D:\Potato\_staging\central_java\pest\20230802_120503364.jpg,pest
D:\Potato\_staging\central_java\pest\20230802_120511035.jpg,pest
D:\Potato\_staging\central_java\pest\20230802_120516836.jpg,pest
D:\Potato\_staging\central_java\pest\20230802_120525928.jpg,pest
D:\Potato\_staging\central_java\pest\20230802_120531056.jpg,pest
D:\Potato\_staging\central_java\pest\20230802_120801487.jpg,pest
D:\Potato\_staging\central_java\pest\20230802_121126801.jpg,pest
D:\Potato\_staging\central_java\pest\20230802_123514.jpg,pest
D:\Potato\_staging\central_java\pest\20230802_123516.jpg,pest
D:\Potato\_staging\central_java\pest\20230802_123654369.jpg,pest
D:\Potato\_staging\central_java\pest\20230802_124023.jpg,pest
D:\Potato\_staging\central_java\pest\20230802_124040.jpg,pest
D:\Potato\_staging\central_java\pest\20230802_124241968.jpg,pest
D:\Potato\_staging\central_java\pest\20230802_124616.jpg,pest
D:\Potato\_staging\central_java\pest\20230802_124743.jpg,pest
D:\Potato\_staging\central_java\pest\20230802_124806.jpg,pest
D:\Potato\_staging\central_java\pest\20230802_124809.jpg,pest
D:\Potato\_staging\central_java\pest\20230802_124823720.jpg,pest
D:\Potato\_staging\central_java\pest\20230802_124914.jpg,pest
D:\Potato\_staging\central_java\pest\20230802_124926.jpg,pest
D:\Potato\_staging\central_java\pest\20230802_124933.jpg,pest
D:\Potato\_staging\central_java\pest\20230802_125050.jpg,pest
D:\Potato\_staging\central_java\pest\20230802_125058.jpg,pest
D:\Potato\_staging\central_java\pest\20230802_125114.jpg,pest
D:\Potato\_staging\central_java\pest\20230802_125209.jpg,pest
D:\Potato\_staging\central_java\pest\20230802_125238.jpg,pest
D:\Potato\_staging\central_java\pest\20230802_125246.jpg,pest
D:\Potato\_staging\central_java\pest\20230802_125249.jpg,pest
D:\Potato\_staging\central_java\pest\20230802_125300.jpg,pest
D:\Potato\_staging\central_java\pest\20230802_125302.jpg,pest
D:\Potato\_staging\central_java\pest\20230802_125355.jpg,pest
D:\Potato\_staging\central_java\pest\20230802_125358.jpg,pest
D:\Potato\_staging\central_java\pest\20230802_125428.jpg,pest
D:\Potato\_staging\central_java\pest\20230802_125430.jpg,pest
D:\Potato\_staging\central_java\pest\20230802_125914.jpg,pest
D:\Potato\_staging\central_java\pest\20230802_125927.jpg,pest
D:\Potato\_staging\central_java\pest\20230802_125929.jpg,pest
D:\Potato\_staging\central_java\pest\20230802_125947.jpg,pest
D:\Potato\_staging\central_java\pest\20230802_125955.jpg,pest
D:\Potato\_staging\central_java\pest\20230802_125959.jpg,pest
D:\Potato\_staging\central_java\pest\20230802_130236.jpg,pest
D:\Potato\_staging\central_java\pest\20230802_130247.jpg,pest
D:\Potato\_staging\central_java\pest\20230802_130322.jpg,pest
D:\Potato\_staging\central_java\pest\20230802_130334.jpg,pest
D:\Potato\_staging\central_java\pest\20230802_130338.jpg,pest
D:\Potato\_staging\central_java\pest\20230815_113911.jpg,pest
D:\Potato\_staging\central_java\pest\20230815_153541.jpg,pest
D:\Potato\_staging\central_java\pest\20230816_082635.jpg,pest
D:\Potato\_staging\central_java\pest\20230816_082704.jpg,pest
D:\Potato\_staging\central_java\pest\20230816_085819.jpg,pest
D:\Potato\_staging\central_java\pest\20230816_122913.jpg,pest
D:\Potato\_staging\central_java\pest\20230816_135202.jpg,pest
D:\Potato\_staging\central_java\pest\20230816_135244.jpg,pest
D:\Potato\_staging\central_java\pest\20230816_140316.jpg,pest
D:\Potato\_staging\central_java\pest\20230816_140322.jpg,pest
D:\Potato\_staging\central_java\pest\20230816_140341.jpg,pest
D:\Potato\_staging\central_java\pest\20230816_142514.jpg,pest
D:\Potato\_staging\central_java\pest\20230816_142938.jpg,pest
D:\Potato\_staging\central_java\pest\20230816_142942.jpg,pest
D:\Potato\_staging\central_java\pest\20230816_142946.jpg,pest
D:\Potato\_staging\central_java\pest\20230816_143131.jpg,pest
D:\Potato\_staging\central_java\pest\20230816_143340.jpg,pest
D:\Potato\_staging\central_java\pest\20230922_163443.jpg,pest
D:\Potato\_staging\central_java\pest\20230922_163445.jpg,pest
D:\Potato\_staging\central_java\pest\20230922_163448.jpg,pest
D:\Potato\_staging\central_java\pest\20230922_163450.jpg,pest
D:\Potato\_staging\central_java\pest\20230922_163458.jpg,pest
D:\Potato\_staging\central_java\pest\20230922_163500.jpg,pest
D:\Potato\_staging\central_java\pest\20230922_163504.jpg,pest
D:\Potato\_staging\central_java\pest\20230922_163506.jpg,pest
D:\Potato\_staging\central_java\pest\20230922_163509.jpg,pest
D:\Potato\_staging\central_java\pest\20230922_163513.jpg,pest
D:\Potato\_staging\central_java\pest\20230922_163520.jpg,pest
D:\Potato\_staging\central_java\pest\20230922_163525.jpg,pest
D:\Potato\_staging\central_java\pest\20230922_163528.jpg,pest
D:\Potato\_staging\central_java\pest\20230922_163534.jpg,pest
D:\Potato\_staging\central_java\pest\20230922_163540.jpg,pest
D:\Potato\_staging\central_java\pest\20230922_163543.jpg,pest
D:\Potato\_staging\central_java\pest\20230922_163547.jpg,pest
D:\Potato\_staging\central_java\pest\20230922_163556.jpg,pest
D:\Potato\_staging\central_java\pest\20230922_163615.jpg,pest
D:\Potato\_staging\central_java\pest\20230922_163617.jpg,pest
D:\Potato\_staging\central_java\pest\20230922_163620.jpg,pest
D:\Potato\_staging\central_java\pest\20230922_163656.jpg,pest
D:\Potato\_staging\central_java\pest\20230922_163659.jpg,pest
D:\Potato\_staging\central_java\pest\20230922_163726.jpg,pest
D:\Potato\_staging\central_java\pest\20230922_163736.jpg,pest
D:\Potato\_staging\central_java\pest\20230922_163742.jpg,pest
D:\Potato\_staging\central_java\pest\20230922_163745.jpg,pest
D:\Potato\_staging\central_java\pest\20230922_163749.jpg,pest
D:\Potato\_staging\central_java\pest\20230922_163752.jpg,pest
D:\Potato\_staging\central_java\pest\20230922_163831.jpg,pest
D:\Potato\_staging\central_java\pest\20230922_163839.jpg,pest
D:\Potato\_staging\central_java\pest\20230922_163841.jpg,pest
D:\Potato\_staging\central_java\pest\20230922_163845.jpg,pest
D:\Potato\_staging\central_java\pest\IMG_0123 (1).JPG,pest
D:\Potato\_staging\central_java\pest\IMG_0123.JPG,pest
D:\Potato\_staging\central_java\pest\IMG_0160.JPG,pest
D:\Potato\_staging\central_java\pest\IMG_0170.JPG,pest
D:\Potato\_staging\central_java\pest\IMG_0173.JPG,pest
D:\Potato\_staging\central_java\pest\IMG_0179.JPG,pest
D:\Potato\_staging\central_java\pest\IMG_0180.JPG,pest
D:\Potato\_staging\central_java\pest\IMG_0181.JPG,pest
D:\Potato\_staging\central_java\pest\IMG_0182.JPG,pest
D:\Potato\_staging\central_java\pest\IMG_0183.JPG,pest
D:\Potato\_staging\central_java\pest\IMG_0186.JPG,pest
D:\Potato\_staging\central_java\pest\IMG_0189.JPG,pest
D:\Potato\_staging\central_java\pest\IMG_0190.JPG,pest
D:\Potato\_staging\central_java\pest\IMG_0191.JPG,pest
D:\Potato\_staging\central_java\pest\IMG_0192.JPG,pest
D:\Potato\_staging\central_java\pest\IMG_0197.JPG,pest
D:\Potato\_staging\central_java\pest\IMG_0198.JPG,pest
D:\Potato\_staging\central_java\pest\IMG_0200.JPG,pest
D:\Potato\_staging\central_java\pest\IMG_0201.JPG,pest
D:\Potato\_staging\central_java\pest\IMG_0202.JPG,pest
D:\Potato\_staging\central_java\pest\IMG_0203.JPG,pest
D:\Potato\_staging\central_java\pest\IMG_0204.JPG,pest
D:\Potato\_staging\central_java\pest\IMG_0205 (1).JPG,pest
D:\Potato\_staging\central_java\pest\IMG_0205.JPG,pest
D:\Potato\_staging\central_java\pest\IMG_0206 (1).JPG,pest
D:\Potato\_staging\central_java\pest\IMG_0208 (1).JPG,pest
D:\Potato\_staging\central_java\pest\IMG_0208.JPG,pest
D:\Potato\_staging\central_java\pest\IMG_0211.JPG,pest
D:\Potato\_staging\central_java\pest\IMG_0213 (1).JPG,pest
D:\Potato\_staging\central_java\pest\IMG_0214.JPG,pest
D:\Potato\_staging\central_java\pest\IMG_0215.JPG,pest
D:\Potato\_staging\central_java\pest\IMG_0216 (1).JPG,pest
D:\Potato\_staging\central_java\pest\IMG_0217 (1).JPG,pest
D:\Potato\_staging\central_java\pest\IMG_0218.JPG,pest
D:\Potato\_staging\central_java\pest\IMG_0219.JPG,pest
D:\Potato\_staging\central_java\pest\IMG_0220.JPG,pest
D:\Potato\_staging\central_java\pest\IMG_0221.JPG,pest
D:\Potato\_staging\central_java\pest\IMG_0223.JPG,pest
D:\Potato\_staging\central_java\pest\IMG_0224.JPG,pest
D:\Potato\_staging\central_java\pest\IMG_0225 (1).JPG,pest
D:\Potato\_staging\central_java\pest\IMG_0225.JPG,pest
D:\Potato\_staging\central_java\pest\IMG_0228.JPG,pest
D:\Potato\_staging\central_java\pest\IMG_0229.JPG,pest
D:\Potato\_staging\central_java\pest\IMG_0230.JPG,pest
D:\Potato\_staging\central_java\pest\IMG_0231.JPG,pest
D:\Potato\_staging\central_java\pest\IMG_0232.JPG,pest
D:\Potato\_staging\central_java\pest\IMG_0233.JPG,pest
D:\Potato\_staging\central_java\pest\IMG_0235.JPG,pest
D:\Potato\_staging\central_java\pest\IMG_0253 - Copy.JPG,pest
D:\Potato\_staging\central_java\pest\IMG_0272.JPG,pest
D:\Potato\_staging\central_java\pest\IMG_0273.JPG,pest
D:\Potato\_staging\central_java\pest\IMG_0276.JPG,pest
D:\Potato\_staging\central_java\pest\IMG_0278.JPG,pest
D:\Potato\_staging\central_java\pest\IMG_0279.JPG,pest
D:\Potato\_staging\central_java\pest\IMG_0285 - Copy.JPG,pest
D:\Potato\_staging\central_java\pest\IMG_0285.JPG,pest
D:\Potato\_staging\central_java\pest\IMG_0286.JPG,pest
D:\Potato\_staging\central_java\pest\IMG_0292.JPG,pest
D:\Potato\_staging\central_java\pest\IMG_0293.JPG,pest
D:\Potato\_staging\central_java\pest\IMG_0294.JPG,pest
D:\Potato\_staging\central_java\pest\IMG_0295.JPG,pest
D:\Potato\_staging\central_java\pest\IMG_0296.JPG,pest
D:\Potato\_staging\central_java\pest\IMG_0297.JPG,pest
D:\Potato\_staging\central_java\pest\IMG_0299.JPG,pest
D:\Potato\_staging\central_java\pest\IMG_0301.JPG,pest
D:\Potato\_staging\central_java\pest\IMG_0302.JPG,pest
D:\Potato\_staging\central_java\pest\IMG_0303.JPG,pest
D:\Potato\_staging\central_java\pest\IMG_0304.JPG,pest
D:\Potato\_staging\central_java\pest\IMG_0312.JPG,pest
D:\Potato\_staging\central_java\pest\IMG_0320.JPG,pest
D:\Potato\_staging\central_java\pest\IMG_0321.JPG,pest
D:\Potato\_staging\central_java\pest\IMG_0322.JPG,pest
D:\Potato\_staging\central_java\pest\IMG_0323.JPG,pest
D:\Potato\_staging\central_java\pest\IMG_0324.JPG,pest
D:\Potato\_staging\central_java\pest\IMG_0325.JPG,pest
D:\Potato\_staging\central_java\pest\IMG_0328.JPG,pest
D:\Potato\_staging\central_java\pest\IMG_0333.JPG,pest
D:\Potato\_staging\central_java\pest\IMG_0334.JPG,pest
D:\Potato\_staging\central_java\pest\IMG_0335.JPG,pest
D:\Potato\_staging\central_java\pest\IMG_0346 - Copy.JPG,pest
D:\Potato\_staging\central_java\pest\IMG_0347.JPG,pest
D:\Potato\_staging\central_java\pest\IMG_0349 - Copy.JPG,pest
D:\Potato\_staging\central_java\pest\IMG_0350.JPG,pest
D:\Potato\_staging\central_java\pest\IMG_0355.JPG,pest
D:\Potato\_staging\central_java\pest\IMG_0396.JPG,pest
D:\Potato\_staging\central_java\pest\IMG_0398.JPG,pest
D:\Potato\_staging\central_java\pest\IMG_0606.JPG,pest
D:\Potato\_staging\central_java\pest\IMG_0609.JPG,pest
D:\Potato\_staging\central_java\pest\IMG_0610.JPG,pest
D:\Potato\_staging\central_java\pest\IMG_0676.JPG,pest
D:\Potato\_staging\central_java\pest\IMG_0797.JPG,pest
D:\Potato\_staging\central_java\pest\IMG_0805.JPG,pest
D:\Potato\_staging\central_java\pest\IMG_0811.JPG,pest
D:\Potato\_staging\central_java\pest\IMG_0827.JPG,pest
D:\Potato\_staging\central_java\pest\IMG_0838.JPG,pest
D:\Potato\_staging\central_java\pest\IMG_0841.JPG,pest
D:\Potato\_staging\central_java\pest\IMG_0855.JPG,pest
D:\Potato\_staging\central_java\pest\IMG_0862.JPG,pest
D:\Potato\_staging\central_java\pest\IMG_0930.JPG,pest
D:\Potato\_staging\central_java\pest\IMG_0931.JPG,pest
D:\Potato\_staging\central_java\pest\IMG_0932.JPG,pest
D:\Potato\_staging\central_java\pest\IMG_0937.JPG,pest
D:\Potato\_staging\central_java\pest\IMG_0938.JPG,pest
D:\Potato\_staging\central_java\pest\IMG_0939.JPG,pest
D:\Potato\_staging\central_java\pest\IMG_0940.JPG,pest
D:\Potato\_staging\central_java\pest\IMG_1066.JPG,pest
D:\Potato\_staging\central_java\pest\IMG_1096.JPG,pest
D:\Potato\_staging\central_java\pest\IMG_1108.JPG,pest
D:\Potato\_staging\central_java\pest\IMG_1110.JPG,pest
D:\Potato\_staging\central_java\pest\IMG_1256.JPG,pest
D:\Potato\_staging\central_java\pest\IMG_20230815_111722~2.jpg,pest
D:\Potato\_staging\central_java\pest\IMG_20230815_115520~2.jpg,pest
D:\Potato\_staging\central_java\pest\IMG_20230815_121211.jpg,pest
D:\Potato\_staging\central_java\pest\IMG_20230815_122949~2.jpg,pest
D:\Potato\_staging\central_java\pest\IMG_20230815_123142.jpg,pest
D:\Potato\_staging\central_java\pest\IMG_20230815_152343.jpg,pest
D:\Potato\_staging\central_java\pest\IMG_20230816_081552.jpg,pest
D:\Potato\_staging\central_java\pest\IMG_20230816_114257.jpg,pest
D:\Potato\_staging\central_java\pest\IMG_20230816_114403.jpg,pest
D:\Potato\_staging\central_java\pest\IMG_20230816_115049~2.jpg,pest
D:\Potato\_staging\central_java\pest\IMG_20230816_120814.jpg,pest
D:\Potato\_staging\central_java\pest\IMG_20230816_122236~2.jpg,pest
D:\Potato\_staging\central_java\pest\IMG_20230816_122742.jpg,pest
D:\Potato\_staging\central_java\pest\IMG_20230816_122835.jpg,pest
D:\Potato\_staging\central_java\pest\IMG_20230816_123049.jpg,pest
D:\Potato\_staging\central_java\pest\IMG_20230816_123440~2.jpg,pest
D:\Potato\_staging\central_java\pest\IMG_20230816_134245.jpg,pest
D:\Potato\_staging\central_java\pest\IMG_20230816_134324~2.jpg,pest
D:\Potato\_staging\central_java\pest\IMG_20230816_134335.jpg,pest
D:\Potato\_staging\central_java\pest\IMG_20230816_134419.jpg,pest
D:\Potato\_staging\central_java\pest\IMG_20230816_134419~2.jpg,pest
D:\Potato\_staging\central_java\pest\IMG_20230816_134440.jpg,pest
D:\Potato\_staging\central_java\pest\IMG_20230816_134445.jpg,pest
D:\Potato\_staging\central_java\pest\IMG_20230816_134505.jpg,pest
D:\Potato\_staging\central_java\pest\IMG_20230816_134507.jpg,pest
D:\Potato\_staging\central_java\pest\IMG_20230816_134527.jpg,pest
D:\Potato\_staging\central_java\pest\IMG_20230816_134539.jpg,pest
D:\Potato\_staging\central_java\pest\IMG_20230816_134543.jpg,pest
D:\Potato\_staging\central_java\pest\IMG_20230816_134609.jpg,pest
D:\Potato\_staging\central_java\pest\IMG_20230816_134630.jpg,pest
D:\Potato\_staging\central_java\pest\IMG_20230816_134632.jpg,pest
D:\Potato\_staging\central_java\pest\IMG_20230816_134943.jpg,pest
D:\Potato\_staging\central_java\pest\IMG_20230816_134953.jpg,pest
D:\Potato\_staging\central_java\pest\IMG_20230816_135045.jpg,pest
D:\Potato\_staging\central_java\pest\IMG_20230816_135123.jpg,pest
D:\Potato\_staging\central_java\pest\IMG_20230816_135134.jpg,pest
D:\Potato\_staging\central_java\pest\IMG_20230816_135217.jpg,pest
D:\Potato\_staging\central_java\pest\IMG_20230816_135224.jpg,pest
D:\Potato\_staging\central_java\pest\IMG_20230816_135235.jpg,pest
D:\Potato\_staging\central_java\pest\IMG_20230816_135440.jpg,pest
D:\Potato\_staging\central_java\pest\IMG_20230816_135708~2.jpg,pest
D:\Potato\_staging\central_java\pest\IMG_20230816_135810~2.jpg,pest
D:\Potato\_staging\central_java\pest\IMG_20230816_135829~2.jpg,pest
D:\Potato\_staging\central_java\pest\IMG_20230816_135850~2.jpg,pest
D:\Potato\_staging\central_java\pest\IMG_20230816_135902.jpg,pest
D:\Potato\_staging\central_java\pest\IMG_20230816_135922~2.jpg,pest
D:\Potato\_staging\central_java\pest\IMG_20230816_135923.jpg,pest
D:\Potato\_staging\central_java\pest\IMG_20230816_140018.jpg,pest
D:\Potato\_staging\central_java\pest\IMG_20230816_140040~2.jpg,pest
D:\Potato\_staging\central_java\pest\IMG_20230816_140103.jpg,pest
D:\Potato\_staging\central_java\pest\IMG_20230816_140106.jpg,pest
D:\Potato\_staging\central_java\pest\IMG_20230816_140113.jpg,pest
D:\Potato\_staging\central_java\pest\IMG_20230816_140116.jpg,pest
D:\Potato\_staging\central_java\pest\IMG_20230816_140126.jpg,pest
D:\Potato\_staging\central_java\pest\IMG_20230816_140130.jpg,pest
D:\Potato\_staging\central_java\pest\IMG_20230816_140138.jpg,pest
D:\Potato\_staging\central_java\pest\IMG_20230816_140201.jpg,pest
D:\Potato\_staging\central_java\pest\IMG_20230816_140442~2.jpg,pest
D:\Potato\_staging\central_java\pest\IMG_20230816_140606~2.jpg,pest
D:\Potato\_staging\central_java\pest\IMG_20230816_140703.jpg,pest
D:\Potato\_staging\central_java\pest\IMG_20230816_140721.jpg,pest
D:\Potato\_staging\central_java\pest\IMG_20230816_140731.jpg,pest
D:\Potato\_staging\central_java\pest\IMG_20230816_140744.jpg,pest
D:\Potato\_staging\central_java\pest\IMG_20230816_140757~2.jpg,pest
D:\Potato\_staging\central_java\pest\IMG_20230816_140825~2.jpg,pest
D:\Potato\_staging\central_java\pest\IMG_20230816_140828.jpg,pest
D:\Potato\_staging\central_java\pest\IMG_20230816_140933~2.jpg,pest
D:\Potato\_staging\central_java\pest\IMG_20230816_141013.jpg,pest
D:\Potato\_staging\central_java\pest\IMG_20230816_141029.jpg,pest
D:\Potato\_staging\central_java\pest\IMG_20230816_141054~2.jpg,pest
D:\Potato\_staging\central_java\pest\IMG_20230816_141119.jpg,pest
D:\Potato\_staging\central_java\pest\IMG_20230816_141201.jpg,pest
D:\Potato\_staging\central_java\pest\IMG_20230816_141234.jpg,pest
D:\Potato\_staging\central_java\pest\IMG_20230816_141245.jpg,pest
D:\Potato\_staging\central_java\pest\IMG_20230816_141322.jpg,pest
D:\Potato\_staging\central_java\pest\IMG_20230816_141325.jpg,pest
D:\Potato\_staging\central_java\pest\IMG_20230816_141334.jpg,pest
D:\Potato\_staging\central_java\pest\IMG_20230816_141440.jpg,pest
D:\Potato\_staging\central_java\pest\IMG_20230816_141500.jpg,pest
D:\Potato\_staging\central_java\pest\IMG_20230816_141504.jpg,pest
D:\Potato\_staging\central_java\pest\IMG_20230816_141517.jpg,pest
D:\Potato\_staging\central_java\pest\IMG_20230816_141609.jpg,pest
D:\Potato\_staging\central_java\pest\IMG_20230816_141628.jpg,pest
D:\Potato\_staging\central_java\pest\IMG_20230816_141633.jpg,pest
D:\Potato\_staging\central_java\pest\IMG_20230816_141704.jpg,pest
D:\Potato\_staging\central_java\pest\IMG_20230816_141821.jpg,pest
D:\Potato\_staging\central_java\pest\IMG_20230816_141925.jpg,pest
D:\Potato\_staging\central_java\pest\IMG_20230816_142004.jpg,pest
D:\Potato\_staging\central_java\pest\IMG_20230816_142007.jpg,pest
D:\Potato\_staging\central_java\pest\IMG_20230816_142417~2.jpg,pest
D:\Potato\_staging\central_java\pest\IMG_20230816_142642~2.jpg,pest
D:\Potato\_staging\central_java\pest\IMG_20230816_142750~2.jpg,pest
D:\Potato\_staging\central_java\pest\IMG_20230816_142801.jpg,pest
D:\Potato\_staging\central_java\pest\IMG_20230816_142825.jpg,pest
D:\Potato\_staging\central_java\pest\IMG_20230816_142854.jpg,pest
D:\Potato\_staging\central_java\pest\IMG_20230816_142904.jpg,pest
D:\Potato\_staging\central_java\pest\IMG_20230816_142927.jpg,pest
D:\Potato\_staging\central_java\pest\IMG_20230816_142933.jpg,pest
D:\Potato\_staging\central_java\pest\IMG_20230816_142937.jpg,pest
D:\Potato\_staging\central_java\pest\IMG_20230816_142939.jpg,pest
D:\Potato\_staging\central_java\pest\IMG_20230816_142945.jpg,pest
D:\Potato\_staging\central_java\pest\IMG_20230816_142948.jpg,pest
D:\Potato\_staging\central_java\pest\IMG_20230816_143028~2.jpg,pest
D:\Potato\_staging\central_java\pest\IMG_20230816_143059.jpg,pest
D:\Potato\_staging\central_java\pest\IMG_20230816_143114.jpg,pest
D:\Potato\_staging\central_java\pest\IMG_20230816_143125.jpg,pest
D:\Potato\_staging\central_java\pest\IMG_20230816_143438.jpg,pest
D:\Potato\_staging\central_java\pest\IMG_4711.JPG,pest
D:\Potato\_staging\central_java\pest\IMG_4721.JPG,pest
D:\Potato\_staging\central_java\pest\IMG_4722.JPG,pest
D:\Potato\_staging\central_java\pest\IMG_4724.JPG,pest
D:\Potato\_staging\central_java\pest\IMG_4726.JPG,pest
D:\Potato\_staging\central_java\pest\IMG_4727.JPG,pest
D:\Potato\_staging\central_java\pest\IMG_4728.JPG,pest
D:\Potato\_staging\central_java\pest\IMG_4732.JPG,pest
D:\Potato\_staging\central_java\pest\IMG_4735.JPG,pest
D:\Potato\_staging\central_java\pest\IMG_4741.JPG,pest
D:\Potato\_staging\central_java\pest\IMG_4742.JPG,pest
D:\Potato\_staging\central_java\pest\IMG_4743.JPG,pest
D:\Potato\_staging\central_java\pest\IMG_4744.JPG,pest
D:\Potato\_staging\central_java\pest\IMG_4745.JPG,pest
D:\Potato\_staging\central_java\pest\IMG_4746.JPG,pest
D:\Potato\_staging\central_java\pest\IMG_4747.JPG,pest
D:\Potato\_staging\central_java\pest\IMG_4748.JPG,pest
D:\Potato\_staging\central_java\pest\IMG_4760.JPG,pest
D:\Potato\_staging\central_java\pest\IMG_4761.JPG,pest
D:\Potato\_staging\central_java\pest\IMG_4764.JPG,pest
D:\Potato\_staging\central_java\pest\IMG_4765.JPG,pest
D:\Potato\_staging\central_java\pest\IMG_4768.JPG,pest
D:\Potato\_staging\central_java\pest\IMG_4796.JPG,pest
D:\Potato\_staging\central_java\pest\IMG_4801.JPG,pest
D:\Potato\_staging\central_java\pest\IMG_4805.JPG,pest
D:\Potato\_staging\central_java\pest\IMG_4806.JPG,pest
D:\Potato\_staging\central_java\pest\IMG_4813.JPG,pest
D:\Potato\_staging\central_java\pest\IMG_4830.JPG,pest
D:\Potato\_staging\central_java\pest\IMG_4831.JPG,pest
D:\Potato\_staging\central_java\pest\IMG_8076.JPG,pest
D:\Potato\_staging\central_java\pest\IMG_8077.JPG,pest
D:\Potato\_staging\central_java\pest\IMG_8084.JPG,pest
D:\Potato\_staging\central_java\pest\IMG_8086.JPG,pest
D:\Potato\_staging\central_java\pest\IMG_8087.JPG,pest
D:\Potato\_staging\central_java\pest\IMG_8089.JPG,pest
D:\Potato\_staging\central_java\pest\IMG_8094.JPG,pest
D:\Potato\_staging\central_java\pest\IMG_8095.JPG,pest
D:\Potato\_staging\central_java\pest\IMG_8097.JPG,pest
D:\Potato\_staging\central_java\pest\IMG_8098.JPG,pest
D:\Potato\_staging\central_java\pest\IMG_8103.JPG,pest
D:\Potato\_staging\central_java\pest\IMG_8115.JPG,pest
D:\Potato\_staging\central_java\pest\IMG_8116.JPG,pest
D:\Potato\_staging\central_java\pest\IMG_8117.JPG,pest
D:\Potato\_staging\central_java\pest\IMG_8136.JPG,pest
D:\Potato\_staging\central_java\pest\IMG_8137.JPG,pest
D:\Potato\_staging\central_java\pest\IMG_8141.JPG,pest
D:\Potato\_staging\central_java\pest\IMG_8160.JPG,pest
D:\Potato\_staging\central_java\pest\IMG_8161.JPG,pest
D:\Potato\_staging\central_java\pest\IMG_8162.JPG,pest
D:\Potato\_staging\central_java\pest\IMG_8166.JPG,pest
D:\Potato\_staging\central_java\pest\IMG_8170.JPG,pest
D:\Potato\_staging\central_java\pest\IMG_8174.JPG,pest
D:\Potato\_staging\central_java\pest\IMG_8177.JPG,pest
D:\Potato\_staging\central_java\pest\IMG_8229.JPG,pest
D:\Potato\_staging\central_java\pest\IMG_8239.JPG,pest
D:\Potato\_staging\central_java\pest\IMG_8270.JPG,pest
D:\Potato\_staging\central_java\pest\IMG_8288.JPG,pest
D:\Potato\_staging\central_java\pest\IMG_8296.JPG,pest
D:\Potato\_staging\central_java\pest\IMG_8297.JPG,pest
D:\Potato\_staging\central_java\pest\IMG_8298.JPG,pest
D:\Potato\_staging\central_java\pest\IMG_8300.JPG,pest
D:\Potato\_staging\central_java\pest\IMG_8307.JPG,pest
D:\Potato\_staging\central_java\pest\IMG_8308.JPG,pest
D:\Potato\_staging\central_java\pest\IMG_8316.JPG,pest
D:\Potato\_staging\central_java\pest\IMG_8321.JPG,pest
D:\Potato\_staging\central_java\pest\IMG_8326.JPG,pest
D:\Potato\_staging\central_java\pest\IMG_8327.JPG,pest
D:\Potato\_staging\central_java\pest\IMG_8329.JPG,pest
D:\Potato\_staging\central_java\pest\IMG_8337.JPG,pest
D:\Potato\_staging\central_java\pest\IMG_8344.JPG,pest
D:\Potato\_staging\central_java\pest\IMG_8346.JPG,pest
D:\Potato\_staging\central_java\pest\IMG_8348.JPG,pest
D:\Potato\_staging\central_java\pest\IMG_8350.JPG,pest
D:\Potato\_staging\central_java\pest\IMG_9387.JPG,pest
D:\Potato\_staging\central_java\pest\IMG_9412.JPG,pest
D:\Potato\_staging\central_java\pest\IMG_9413.JPG,pest
D:\Potato\_staging\central_java\pest\IMG_9491.JPG,pest
D:\Potato\_staging\central_java\pest\IMG_9492.JPG,pest
D:\Potato\_staging\central_java\pest\IMG_9521.JPG,pest
D:\Potato\_staging\central_java\pest\IMG_9530.JPG,pest
D:\Potato\_staging\central_java\pest\IMG_9532.JPG,pest
D:\Potato\_staging\central_java\pest\IMG_9533.JPG,pest
D:\Potato\_staging\central_java\pest\IMG_9551.JPG,pest
D:\Potato\_staging\central_java\pest\IMG_9552.JPG,pest
D:\Potato\_staging\central_java\pest\IMG_9553.JPG,pest
D:\Potato\_staging\central_java\pest\IMG_9558.JPG,pest
D:\Potato\_staging\central_java\phytophthora\1692332350385.jpg,phytophthora
D:\Potato\_staging\central_java\phytophthora\1692335404516.jpg,phytophthora
D:\Potato\_staging\central_java\phytophthora\1692336758747.jpg,phytophthora
D:\Potato\_staging\central_java\phytophthora\1692336759084.jpg,phytophthora
D:\Potato\_staging\central_java\phytophthora\20230712_115252.jpg,phytophthora
D:\Potato\_staging\central_java\phytophthora\20230712_120436.jpg,phytophthora
D:\Potato\_staging\central_java\phytophthora\20230712_144044.jpg,phytophthora
D:\Potato\_staging\central_java\phytophthora\20230712_144143.jpg,phytophthora
D:\Potato\_staging\central_java\phytophthora\20230712_154128.jpg,phytophthora
D:\Potato\_staging\central_java\phytophthora\20230712_154222.jpg,phytophthora
D:\Potato\_staging\central_java\phytophthora\20230712_154232.jpg,phytophthora
D:\Potato\_staging\central_java\phytophthora\20230712_154258.jpg,phytophthora
D:\Potato\_staging\central_java\phytophthora\20230712_154940.jpg,phytophthora
D:\Potato\_staging\central_java\phytophthora\20230712_155047.jpg,phytophthora
D:\Potato\_staging\central_java\phytophthora\20230712_155052.jpg,phytophthora
D:\Potato\_staging\central_java\phytophthora\20230712_160142.jpg,phytophthora
D:\Potato\_staging\central_java\phytophthora\20230712_160214.jpg,phytophthora
D:\Potato\_staging\central_java\phytophthora\20230712_160218.jpg,phytophthora
D:\Potato\_staging\central_java\phytophthora\20230712_160344.jpg,phytophthora
D:\Potato\_staging\central_java\phytophthora\20230802_105945.jpg,phytophthora
D:\Potato\_staging\central_java\phytophthora\20230802_110909.jpg,phytophthora
D:\Potato\_staging\central_java\phytophthora\20230802_115546.jpg,phytophthora
D:\Potato\_staging\central_java\phytophthora\20230802_115549.jpg,phytophthora
D:\Potato\_staging\central_java\phytophthora\20230802_123312346.jpg,phytophthora
D:\Potato\_staging\central_java\phytophthora\20230802_123356.jpg,phytophthora
D:\Potato\_staging\central_java\phytophthora\20230802_123410851.jpg,phytophthora
D:\Potato\_staging\central_java\phytophthora\20230802_123415.jpg,phytophthora
D:\Potato\_staging\central_java\phytophthora\20230802_123417.jpg,phytophthora
D:\Potato\_staging\central_java\phytophthora\20230802_123430.jpg,phytophthora
D:\Potato\_staging\central_java\phytophthora\20230802_123436584.jpg,phytophthora
D:\Potato\_staging\central_java\phytophthora\20230802_123443538.jpg,phytophthora
D:\Potato\_staging\central_java\phytophthora\20230802_123451.jpg,phytophthora
D:\Potato\_staging\central_java\phytophthora\20230802_123456.jpg,phytophthora
D:\Potato\_staging\central_java\phytophthora\20230802_123520567.jpg,phytophthora
D:\Potato\_staging\central_java\phytophthora\20230802_123535.jpg,phytophthora
D:\Potato\_staging\central_java\phytophthora\20230802_123555.jpg,phytophthora
D:\Potato\_staging\central_java\phytophthora\20230802_123615.jpg,phytophthora
D:\Potato\_staging\central_java\phytophthora\20230802_123623700.jpg,phytophthora
D:\Potato\_staging\central_java\phytophthora\20230802_123634.jpg,phytophthora
D:\Potato\_staging\central_java\phytophthora\20230802_123635614.jpg,phytophthora
D:\Potato\_staging\central_java\phytophthora\20230802_123641.jpg,phytophthora
D:\Potato\_staging\central_java\phytophthora\20230802_123643.jpg,phytophthora
D:\Potato\_staging\central_java\phytophthora\20230802_123704486.jpg,phytophthora
D:\Potato\_staging\central_java\phytophthora\20230802_123716813.jpg,phytophthora
D:\Potato\_staging\central_java\phytophthora\20230802_123720754.jpg,phytophthora
D:\Potato\_staging\central_java\phytophthora\20230802_123726.jpg,phytophthora
D:\Potato\_staging\central_java\phytophthora\20230802_123732806.jpg,phytophthora
D:\Potato\_staging\central_java\phytophthora\20230802_123736.jpg,phytophthora
D:\Potato\_staging\central_java\phytophthora\20230802_123741535.jpg,phytophthora
D:\Potato\_staging\central_java\phytophthora\20230802_123749.jpg,phytophthora
D:\Potato\_staging\central_java\phytophthora\20230802_123755.jpg,phytophthora
D:\Potato\_staging\central_java\phytophthora\20230802_123759.jpg,phytophthora
D:\Potato\_staging\central_java\phytophthora\20230802_123759725.jpg,phytophthora
D:\Potato\_staging\central_java\phytophthora\20230802_123806.jpg,phytophthora
D:\Potato\_staging\central_java\phytophthora\20230802_123806707.jpg,phytophthora
D:\Potato\_staging\central_java\phytophthora\20230802_123809.jpg,phytophthora
D:\Potato\_staging\central_java\phytophthora\20230802_123816.jpg,phytophthora
D:\Potato\_staging\central_java\phytophthora\20230802_123816600.jpg,phytophthora
D:\Potato\_staging\central_java\phytophthora\20230802_123819.jpg,phytophthora
D:\Potato\_staging\central_java\phytophthora\20230802_123821829.jpg,phytophthora
D:\Potato\_staging\central_java\phytophthora\20230802_123856145.jpg,phytophthora
D:\Potato\_staging\central_java\phytophthora\20230802_123916.jpg,phytophthora
D:\Potato\_staging\central_java\phytophthora\20230802_123919.jpg,phytophthora
D:\Potato\_staging\central_java\phytophthora\20230802_123921.jpg,phytophthora
D:\Potato\_staging\central_java\phytophthora\20230802_123939665.jpg,phytophthora
D:\Potato\_staging\central_java\phytophthora\20230802_123953.jpg,phytophthora
D:\Potato\_staging\central_java\phytophthora\20230802_123957.jpg,phytophthora
D:\Potato\_staging\central_java\phytophthora\20230802_124002473.jpg,phytophthora
D:\Potato\_staging\central_java\phytophthora\20230802_124004.jpg,phytophthora
D:\Potato\_staging\central_java\phytophthora\20230802_124021.jpg,phytophthora
D:\Potato\_staging\central_java\phytophthora\20230802_124025.jpg,phytophthora
D:\Potato\_staging\central_java\phytophthora\20230802_124108005.jpg,phytophthora
D:\Potato\_staging\central_java\phytophthora\20230802_124148.jpg,phytophthora
D:\Potato\_staging\central_java\phytophthora\20230802_124152.jpg,phytophthora
D:\Potato\_staging\central_java\phytophthora\20230802_124302.jpg,phytophthora
D:\Potato\_staging\central_java\phytophthora\20230802_124308.jpg,phytophthora
D:\Potato\_staging\central_java\phytophthora\20230802_124313.jpg,phytophthora
D:\Potato\_staging\central_java\phytophthora\20230802_124316.jpg,phytophthora
D:\Potato\_staging\central_java\phytophthora\20230802_124336.jpg,phytophthora
D:\Potato\_staging\central_java\phytophthora\20230802_124350.jpg,phytophthora
D:\Potato\_staging\central_java\phytophthora\20230802_124354.jpg,phytophthora
D:\Potato\_staging\central_java\phytophthora\20230802_124436.jpg,phytophthora
D:\Potato\_staging\central_java\phytophthora\20230802_124445.jpg,phytophthora
D:\Potato\_staging\central_java\phytophthora\20230802_124453444.jpg,phytophthora
D:\Potato\_staging\central_java\phytophthora\20230802_124456.jpg,phytophthora
D:\Potato\_staging\central_java\phytophthora\20230802_124505.jpg,phytophthora
D:\Potato\_staging\central_java\phytophthora\20230802_124526691.jpg,phytophthora
D:\Potato\_staging\central_java\phytophthora\20230802_124543.jpg,phytophthora
D:\Potato\_staging\central_java\phytophthora\20230802_124605422.jpg,phytophthora
D:\Potato\_staging\central_java\phytophthora\20230802_124622.jpg,phytophthora
D:\Potato\_staging\central_java\phytophthora\20230802_124624.jpg,phytophthora
D:\Potato\_staging\central_java\phytophthora\20230802_124636.jpg,phytophthora
D:\Potato\_staging\central_java\phytophthora\20230802_124643.jpg,phytophthora
D:\Potato\_staging\central_java\phytophthora\20230802_124647.jpg,phytophthora
D:\Potato\_staging\central_java\phytophthora\20230802_124700039.jpg,phytophthora
D:\Potato\_staging\central_java\phytophthora\20230802_124709348.jpg,phytophthora
D:\Potato\_staging\central_java\phytophthora\20230802_124715.jpg,phytophthora
D:\Potato\_staging\central_java\phytophthora\20230802_124725.jpg,phytophthora
D:\Potato\_staging\central_java\phytophthora\20230802_124734789.jpg,phytophthora
D:\Potato\_staging\central_java\phytophthora\20230802_124739.jpg,phytophthora
D:\Potato\_staging\central_java\phytophthora\20230802_124741.jpg,phytophthora
D:\Potato\_staging\central_java\phytophthora\20230802_124744990.jpg,phytophthora
D:\Potato\_staging\central_java\phytophthora\20230802_124750970.jpg,phytophthora
D:\Potato\_staging\central_java\phytophthora\20230802_124755.jpg,phytophthora
D:\Potato\_staging\central_java\phytophthora\20230802_124756.jpg,phytophthora
D:\Potato\_staging\central_java\phytophthora\20230802_124841651.jpg,phytophthora
D:\Potato\_staging\central_java\phytophthora\20230802_124852301.jpg,phytophthora
D:\Potato\_staging\central_java\phytophthora\20230802_124902.jpg,phytophthora
D:\Potato\_staging\central_java\phytophthora\20230802_124910.jpg,phytophthora
D:\Potato\_staging\central_java\phytophthora\20230802_124923980.jpg,phytophthora
D:\Potato\_staging\central_java\phytophthora\20230802_124932.jpg,phytophthora
D:\Potato\_staging\central_java\phytophthora\20230802_124937943.jpg,phytophthora
D:\Potato\_staging\central_java\phytophthora\20230802_124940973.jpg,phytophthora
D:\Potato\_staging\central_java\phytophthora\20230802_124958342.jpg,phytophthora
D:\Potato\_staging\central_java\phytophthora\20230802_125005.jpg,phytophthora
D:\Potato\_staging\central_java\phytophthora\20230802_125012171.jpg,phytophthora
D:\Potato\_staging\central_java\phytophthora\20230802_125018630.jpg,phytophthora
D:\Potato\_staging\central_java\phytophthora\20230802_125027862.jpg,phytophthora
D:\Potato\_staging\central_java\phytophthora\20230802_125035887.jpg,phytophthora
D:\Potato\_staging\central_java\phytophthora\20230802_125057734.jpg,phytophthora
D:\Potato\_staging\central_java\phytophthora\20230802_125119145.jpg,phytophthora
D:\Potato\_staging\central_java\phytophthora\20230802_125410.jpg,phytophthora
D:\Potato\_staging\central_java\phytophthora\20230802_125412.jpg,phytophthora
D:\Potato\_staging\central_java\phytophthora\20230802_125507.jpg,phytophthora
D:\Potato\_staging\central_java\phytophthora\20230802_125533.jpg,phytophthora
D:\Potato\_staging\central_java\phytophthora\20230802_125536.jpg,phytophthora
D:\Potato\_staging\central_java\phytophthora\20230802_125538.jpg,phytophthora
D:\Potato\_staging\central_java\phytophthora\20230802_125541.jpg,phytophthora
D:\Potato\_staging\central_java\phytophthora\20230802_125551.jpg,phytophthora
D:\Potato\_staging\central_java\phytophthora\20230802_125709.jpg,phytophthora
D:\Potato\_staging\central_java\phytophthora\20230802_125803.jpg,phytophthora
D:\Potato\_staging\central_java\phytophthora\20230802_125847.jpg,phytophthora
D:\Potato\_staging\central_java\phytophthora\20230802_130028.jpg,phytophthora
D:\Potato\_staging\central_java\phytophthora\20230802_130247.jpg,phytophthora
D:\Potato\_staging\central_java\phytophthora\20230815_121437.jpg,phytophthora
D:\Potato\_staging\central_java\phytophthora\20230816_083249.jpg,phytophthora
D:\Potato\_staging\central_java\phytophthora\20230816_121945.jpg,phytophthora
D:\Potato\_staging\central_java\phytophthora\20230816_122432.jpg,phytophthora
D:\Potato\_staging\central_java\phytophthora\20230816_122505.jpg,phytophthora
D:\Potato\_staging\central_java\phytophthora\20230816_122601.jpg,phytophthora
D:\Potato\_staging\central_java\phytophthora\IMG_0131.JPG,phytophthora
D:\Potato\_staging\central_java\phytophthora\IMG_0244 (1).JPG,phytophthora
D:\Potato\_staging\central_java\phytophthora\IMG_0244.JPG,phytophthora
D:\Potato\_staging\central_java\phytophthora\IMG_0245.JPG,phytophthora
D:\Potato\_staging\central_java\phytophthora\IMG_0246.JPG,phytophthora
D:\Potato\_staging\central_java\phytophthora\IMG_0248.JPG,phytophthora
D:\Potato\_staging\central_java\phytophthora\IMG_0249 - Copy.JPG,phytophthora
D:\Potato\_staging\central_java\phytophthora\IMG_0250 - Copy.JPG,phytophthora
D:\Potato\_staging\central_java\phytophthora\IMG_0251 - Copy.JPG,phytophthora
D:\Potato\_staging\central_java\phytophthora\IMG_0252 - Copy.JPG,phytophthora
D:\Potato\_staging\central_java\phytophthora\IMG_0254 - Copy.JPG,phytophthora
D:\Potato\_staging\central_java\phytophthora\IMG_0255 - Copy.JPG,phytophthora
D:\Potato\_staging\central_java\phytophthora\IMG_0256 - Copy.JPG,phytophthora
D:\Potato\_staging\central_java\phytophthora\IMG_0261 - Copy (1).JPG,phytophthora
D:\Potato\_staging\central_java\phytophthora\IMG_0261 - Copy.JPG,phytophthora
D:\Potato\_staging\central_java\phytophthora\IMG_0267 (1).JPG,phytophthora
D:\Potato\_staging\central_java\phytophthora\IMG_0268 (1).JPG,phytophthora
D:\Potato\_staging\central_java\phytophthora\IMG_0270 - Copy.JPG,phytophthora
D:\Potato\_staging\central_java\phytophthora\IMG_0286 - Copy.JPG,phytophthora
D:\Potato\_staging\central_java\phytophthora\IMG_0288 - Copy.JPG,phytophthora
D:\Potato\_staging\central_java\phytophthora\IMG_0289 - Copy.JPG,phytophthora
D:\Potato\_staging\central_java\phytophthora\IMG_0290 - Copy.JPG,phytophthora
D:\Potato\_staging\central_java\phytophthora\IMG_0292 - Copy.JPG,phytophthora
D:\Potato\_staging\central_java\phytophthora\IMG_0293 - Copy.JPG,phytophthora
D:\Potato\_staging\central_java\phytophthora\IMG_0294 - Copy.JPG,phytophthora
D:\Potato\_staging\central_java\phytophthora\IMG_0296 - Copy.JPG,phytophthora
D:\Potato\_staging\central_java\phytophthora\IMG_0310 - Copy.JPG,phytophthora
D:\Potato\_staging\central_java\phytophthora\IMG_0312 - Copy.JPG,phytophthora
D:\Potato\_staging\central_java\phytophthora\IMG_0313 - Copy.JPG,phytophthora
D:\Potato\_staging\central_java\phytophthora\IMG_0314 - Copy.JPG,phytophthora
D:\Potato\_staging\central_java\phytophthora\IMG_0329 - Copy.JPG,phytophthora
D:\Potato\_staging\central_java\phytophthora\IMG_0330.JPG,phytophthora
D:\Potato\_staging\central_java\phytophthora\IMG_0332.JPG,phytophthora
D:\Potato\_staging\central_java\phytophthora\IMG_0336 - Copy.JPG,phytophthora
D:\Potato\_staging\central_java\phytophthora\IMG_0336.JPG,phytophthora
D:\Potato\_staging\central_java\phytophthora\IMG_0337.JPG,phytophthora
D:\Potato\_staging\central_java\phytophthora\IMG_0339.JPG,phytophthora
D:\Potato\_staging\central_java\phytophthora\IMG_0340.JPG,phytophthora
D:\Potato\_staging\central_java\phytophthora\IMG_0341.JPG,phytophthora
D:\Potato\_staging\central_java\phytophthora\IMG_0342.JPG,phytophthora
D:\Potato\_staging\central_java\phytophthora\IMG_0343.JPG,phytophthora
D:\Potato\_staging\central_java\phytophthora\IMG_0344.JPG,phytophthora
D:\Potato\_staging\central_java\phytophthora\IMG_0345 - Copy.JPG,phytophthora
D:\Potato\_staging\central_java\phytophthora\IMG_0346.JPG,phytophthora
D:\Potato\_staging\central_java\phytophthora\IMG_0349.JPG,phytophthora
D:\Potato\_staging\central_java\phytophthora\IMG_0350.JPG,phytophthora
D:\Potato\_staging\central_java\phytophthora\IMG_0351.JPG,phytophthora
D:\Potato\_staging\central_java\phytophthora\IMG_0353.JPG,phytophthora
D:\Potato\_staging\central_java\phytophthora\IMG_0354.JPG,phytophthora
D:\Potato\_staging\central_java\phytophthora\IMG_0356.JPG,phytophthora
D:\Potato\_staging\central_java\phytophthora\IMG_0357.JPG,phytophthora
D:\Potato\_staging\central_java\phytophthora\IMG_0358.JPG,phytophthora
D:\Potato\_staging\central_java\phytophthora\IMG_0361.JPG,phytophthora
D:\Potato\_staging\central_java\phytophthora\IMG_0362.JPG,phytophthora
D:\Potato\_staging\central_java\phytophthora\IMG_0363.JPG,phytophthora
D:\Potato\_staging\central_java\phytophthora\IMG_0365.JPG,phytophthora
D:\Potato\_staging\central_java\phytophthora\IMG_0366.JPG,phytophthora
D:\Potato\_staging\central_java\phytophthora\IMG_0367.JPG,phytophthora
D:\Potato\_staging\central_java\phytophthora\IMG_0368.JPG,phytophthora
D:\Potato\_staging\central_java\phytophthora\IMG_0369.JPG,phytophthora
D:\Potato\_staging\central_java\phytophthora\IMG_0370.JPG,phytophthora
D:\Potato\_staging\central_java\phytophthora\IMG_0371.JPG,phytophthora
D:\Potato\_staging\central_java\phytophthora\IMG_0372.JPG,phytophthora
D:\Potato\_staging\central_java\phytophthora\IMG_0373.JPG,phytophthora
D:\Potato\_staging\central_java\phytophthora\IMG_0374.JPG,phytophthora
D:\Potato\_staging\central_java\phytophthora\IMG_0375.JPG,phytophthora
D:\Potato\_staging\central_java\phytophthora\IMG_0376.JPG,phytophthora
D:\Potato\_staging\central_java\phytophthora\IMG_0377.JPG,phytophthora
D:\Potato\_staging\central_java\phytophthora\IMG_0378.JPG,phytophthora
D:\Potato\_staging\central_java\phytophthora\IMG_0379.JPG,phytophthora
D:\Potato\_staging\central_java\phytophthora\IMG_0380.JPG,phytophthora
D:\Potato\_staging\central_java\phytophthora\IMG_0381.JPG,phytophthora
D:\Potato\_staging\central_java\phytophthora\IMG_0382.JPG,phytophthora
D:\Potato\_staging\central_java\phytophthora\IMG_0383.JPG,phytophthora
D:\Potato\_staging\central_java\phytophthora\IMG_0384.JPG,phytophthora
D:\Potato\_staging\central_java\phytophthora\IMG_0385.JPG,phytophthora
D:\Potato\_staging\central_java\phytophthora\IMG_0386.JPG,phytophthora
D:\Potato\_staging\central_java\phytophthora\IMG_0387.JPG,phytophthora
D:\Potato\_staging\central_java\phytophthora\IMG_0388.JPG,phytophthora
D:\Potato\_staging\central_java\phytophthora\IMG_0389.JPG,phytophthora
D:\Potato\_staging\central_java\phytophthora\IMG_0390 (1).JPG,phytophthora
D:\Potato\_staging\central_java\phytophthora\IMG_0390.JPG,phytophthora
D:\Potato\_staging\central_java\phytophthora\IMG_0392.JPG,phytophthora
D:\Potato\_staging\central_java\phytophthora\IMG_0393.JPG,phytophthora
D:\Potato\_staging\central_java\phytophthora\IMG_0394.JPG,phytophthora
D:\Potato\_staging\central_java\phytophthora\IMG_0395.JPG,phytophthora
D:\Potato\_staging\central_java\phytophthora\IMG_0397.JPG,phytophthora
D:\Potato\_staging\central_java\phytophthora\IMG_0399.JPG,phytophthora
D:\Potato\_staging\central_java\phytophthora\IMG_0400.JPG,phytophthora
D:\Potato\_staging\central_java\phytophthora\IMG_0401.JPG,phytophthora
D:\Potato\_staging\central_java\phytophthora\IMG_0402.JPG,phytophthora
D:\Potato\_staging\central_java\phytophthora\IMG_0403.JPG,phytophthora
D:\Potato\_staging\central_java\phytophthora\IMG_0404.JPG,phytophthora
D:\Potato\_staging\central_java\phytophthora\IMG_0405.JPG,phytophthora
D:\Potato\_staging\central_java\phytophthora\IMG_0818.JPG,phytophthora
D:\Potato\_staging\central_java\phytophthora\IMG_0836.JPG,phytophthora
D:\Potato\_staging\central_java\phytophthora\IMG_0837.JPG,phytophthora
D:\Potato\_staging\central_java\phytophthora\IMG_20230815_123121.jpg,phytophthora
D:\Potato\_staging\central_java\phytophthora\IMG_20230815_151502.jpg,phytophthora
D:\Potato\_staging\central_java\phytophthora\IMG_20230816_075617.jpg,phytophthora
D:\Potato\_staging\central_java\phytophthora\IMG_20230816_080837.jpg,phytophthora
D:\Potato\_staging\central_java\phytophthora\IMG_20230816_080859.jpg,phytophthora
D:\Potato\_staging\central_java\phytophthora\IMG_20230816_081619.jpg,phytophthora
D:\Potato\_staging\central_java\phytophthora\IMG_20230816_081651.jpg,phytophthora
D:\Potato\_staging\central_java\phytophthora\IMG_20230816_082126.jpg,phytophthora
D:\Potato\_staging\central_java\phytophthora\IMG_20230816_121440.jpg,phytophthora
D:\Potato\_staging\central_java\phytophthora\IMG_20230816_122247.jpg,phytophthora
D:\Potato\_staging\central_java\phytophthora\IMG_20230816_122433.jpg,phytophthora
D:\Potato\_staging\central_java\phytophthora\IMG_4661.JPG,phytophthora
D:\Potato\_staging\central_java\phytophthora\IMG_4687.JPG,phytophthora
D:\Potato\_staging\central_java\phytophthora\IMG_4693.JPG,phytophthora
D:\Potato\_staging\central_java\phytophthora\IMG_4698.JPG,phytophthora
D:\Potato\_staging\central_java\phytophthora\IMG_4704.JPG,phytophthora
D:\Potato\_staging\central_java\phytophthora\IMG_4707.JPG,phytophthora
D:\Potato\_staging\central_java\phytophthora\IMG_4712.JPG,phytophthora
D:\Potato\_staging\central_java\phytophthora\IMG_4714.JPG,phytophthora
D:\Potato\_staging\central_java\phytophthora\IMG_4716.JPG,phytophthora
D:\Potato\_staging\central_java\phytophthora\IMG_4719.JPG,phytophthora
D:\Potato\_staging\central_java\phytophthora\IMG_4763.JPG,phytophthora
D:\Potato\_staging\central_java\phytophthora\IMG_4815 (1).JPG,phytophthora
D:\Potato\_staging\central_java\phytophthora\IMG_4815.JPG,phytophthora
D:\Potato\_staging\central_java\phytophthora\IMG_8080.JPG,phytophthora
D:\Potato\_staging\central_java\phytophthora\IMG_8099.JPG,phytophthora
D:\Potato\_staging\central_java\phytophthora\IMG_8100.JPG,phytophthora
D:\Potato\_staging\central_java\phytophthora\IMG_8105.JPG,phytophthora
D:\Potato\_staging\central_java\phytophthora\IMG_8124.JPG,phytophthora
D:\Potato\_staging\central_java\phytophthora\IMG_8140.JPG,phytophthora
D:\Potato\_staging\central_java\phytophthora\IMG_8145.JPG,phytophthora
D:\Potato\_staging\central_java\phytophthora\IMG_8146.JPG,phytophthora
D:\Potato\_staging\central_java\phytophthora\IMG_8290.JPG,phytophthora
D:\Potato\_staging\central_java\phytophthora\IMG_8323.JPG,phytophthora
D:\Potato\_staging\central_java\phytophthora\IMG_9366.JPG,phytophthora
D:\Potato\_staging\central_java\phytophthora\IMG_9367.JPG,phytophthora
D:\Potato\_staging\central_java\phytophthora\IMG_9368.JPG,phytophthora
D:\Potato\_staging\central_java\phytophthora\IMG_9372.JPG,phytophthora
D:\Potato\_staging\central_java\phytophthora\IMG_9402.JPG,phytophthora
D:\Potato\_staging\central_java\phytophthora\IMG_9425 (1).JPG,phytophthora
D:\Potato\_staging\central_java\phytophthora\IMG_9425.JPG,phytophthora
D:\Potato\_staging\central_java\phytophthora\IMG_9426 (1).JPG,phytophthora
D:\Potato\_staging\central_java\phytophthora\IMG_9426.JPG,phytophthora
D:\Potato\_staging\central_java\phytophthora\IMG_9430 (1).JPG,phytophthora
D:\Potato\_staging\central_java\phytophthora\IMG_9430.JPG,phytophthora
D:\Potato\_staging\central_java\phytophthora\IMG_9439 (1).JPG,phytophthora
D:\Potato\_staging\central_java\phytophthora\IMG_9439.JPG,phytophthora
D:\Potato\_staging\central_java\phytophthora\IMG_9440 (1).JPG,phytophthora
D:\Potato\_staging\central_java\phytophthora\IMG_9440.JPG,phytophthora
D:\Potato\_staging\central_java\phytophthora\IMG_9443 (1).JPG,phytophthora
D:\Potato\_staging\central_java\phytophthora\IMG_9443.JPG,phytophthora
D:\Potato\_staging\central_java\phytophthora\IMG_9463 (1).JPG,phytophthora
D:\Potato\_staging\central_java\phytophthora\IMG_9463.JPG,phytophthora
D:\Potato\_staging\central_java\phytophthora\IMG_9464 (1).JPG,phytophthora
D:\Potato\_staging\central_java\phytophthora\IMG_9464.JPG,phytophthora
D:\Potato\_staging\central_java\phytophthora\IMG_9506 (1).JPG,phytophthora
D:\Potato\_staging\central_java\phytophthora\IMG_9506.JPG,phytophthora
D:\Potato\_staging\central_java\phytophthora\IMG_9508 (1).JPG,phytophthora
D:\Potato\_staging\central_java\phytophthora\IMG_9508.JPG,phytophthora
D:\Potato\_staging\central_java\phytophthora\IMG_9509 (1).JPG,phytophthora
D:\Potato\_staging\central_java\phytophthora\IMG_9509.JPG,phytophthora
D:\Potato\_staging\central_java\phytophthora\IMG_9510 (1).JPG,phytophthora
D:\Potato\_staging\central_java\phytophthora\IMG_9510.JPG,phytophthora
D:\Potato\_staging\central_java\phytophthora\IMG_9511 (1).JPG,phytophthora
D:\Potato\_staging\central_java\phytophthora\IMG_9511.JPG,phytophthora
D:\Potato\_staging\central_java\phytophthora\IMG_9512 (1).JPG,phytophthora
D:\Potato\_staging\central_java\phytophthora\IMG_9512.JPG,phytophthora
D:\Potato\_staging\central_java\phytophthora\IMG_9514 (1).JPG,phytophthora
D:\Potato\_staging\central_java\phytophthora\IMG_9514.JPG,phytophthora
D:\Potato\_staging\central_java\phytophthora\IMG_9517 (1).JPG,phytophthora
D:\Potato\_staging\central_java\phytophthora\IMG_9517.JPG,phytophthora
D:\Potato\_staging\central_java\phytophthora\IMG_9518 (1).JPG,phytophthora
D:\Potato\_staging\central_java\phytophthora\IMG_9518.JPG,phytophthora
D:\Potato\_staging\central_java\phytophthora\IMG_9519 (1).JPG,phytophthora
D:\Potato\_staging\central_java\phytophthora\IMG_9519.JPG,phytophthora
D:\Potato\_staging\central_java\phytophthora\IMG_9520 (1).JPG,phytophthora
D:\Potato\_staging\central_java\phytophthora\IMG_9520.JPG,phytophthora
D:\Potato\_staging\central_java\phytophthora\IMG_9523 (1).JPG,phytophthora
D:\Potato\_staging\central_java\phytophthora\IMG_9523.JPG,phytophthora
D:\Potato\_staging\central_java\phytophthora\IMG_9524 (1).JPG,phytophthora
D:\Potato\_staging\central_java\phytophthora\IMG_9524.JPG,phytophthora
D:\Potato\_staging\central_java\phytophthora\IMG_9525.JPG,phytophthora
D:\Potato\_staging\central_java\phytophthora\IMG_9526 (1).JPG,phytophthora
D:\Potato\_staging\central_java\phytophthora\IMG_9526.JPG,phytophthora
D:\Potato\_staging\central_java\phytophthora\IMG_9531 (1).JPG,phytophthora
D:\Potato\_staging\central_java\phytophthora\IMG_9531.JPG,phytophthora
D:\Potato\_staging\central_java\phytophthora\IMG_9534 (1).JPG,phytophthora
D:\Potato\_staging\central_java\phytophthora\IMG_9534.JPG,phytophthora
D:\Potato\_staging\central_java\phytophthora\IMG_9535 (1).JPG,phytophthora
D:\Potato\_staging\central_java\phytophthora\IMG_9535.JPG,phytophthora
D:\Potato\_staging\central_java\phytophthora\IMG_9536 (1).JPG,phytophthora
D:\Potato\_staging\central_java\phytophthora\IMG_9536.JPG,phytophthora
D:\Potato\_staging\central_java\phytophthora\IMG_9537 (1).JPG,phytophthora
D:\Potato\_staging\central_java\phytophthora\IMG_9537.JPG,phytophthora
D:\Potato\_staging\central_java\phytophthora\IMG_9538 (1).JPG,phytophthora
D:\Potato\_staging\central_java\phytophthora\IMG_9538.JPG,phytophthora
D:\Potato\_staging\central_java\phytophthora\IMG_9539 (1).JPG,phytophthora
D:\Potato\_staging\central_java\phytophthora\IMG_9539.JPG,phytophthora
D:\Potato\_staging\central_java\phytophthora\IMG_9540 (1).JPG,phytophthora
D:\Potato\_staging\central_java\phytophthora\IMG_9540.JPG,phytophthora
D:\Potato\_staging\central_java\phytophthora\IMG_9560 (1).JPG,phytophthora
D:\Potato\_staging\central_java\phytophthora\IMG_9560.JPG,phytophthora
D:\Potato\_staging\central_java\phytophthora\IMG_9561 (1).JPG,phytophthora
D:\Potato\_staging\central_java\phytophthora\IMG_9561.JPG,phytophthora
D:\Potato\_staging\central_java\phytophthora\IMG_9565 (1).JPG,phytophthora
D:\Potato\_staging\central_java\phytophthora\IMG_9565.JPG,phytophthora
D:\Potato\_staging\central_java\phytophthora\IMG_9566 (1).JPG,phytophthora
D:\Potato\_staging\central_java\phytophthora\IMG_9566.JPG,phytophthora
D:\Potato\_staging\central_java\phytophthora\IMG_9567 (1).JPG,phytophthora
D:\Potato\_staging\central_java\phytophthora\IMG_9567.JPG,phytophthora
D:\Potato\_staging\central_java\virus\1692335404669.jpg,virus
D:\Potato\_staging\central_java\virus\1692336758600.jpg,virus
D:\Potato\_staging\central_java\virus\1692336758660.jpg,virus
D:\Potato\_staging\central_java\virus\1692336758670.jpg,virus
D:\Potato\_staging\central_java\virus\1692338053986.jpg,virus
D:\Potato\_staging\central_java\virus\1692338650296.jpg,virus
D:\Potato\_staging\central_java\virus\1692338650371.jpg,virus
D:\Potato\_staging\central_java\virus\20230712_132401.jpg,virus
D:\Potato\_staging\central_java\virus\20230712_132441.jpg,virus
D:\Potato\_staging\central_java\virus\20230712_132641.jpg,virus
D:\Potato\_staging\central_java\virus\20230712_132819.jpg,virus
D:\Potato\_staging\central_java\virus\20230712_132843.jpg,virus
D:\Potato\_staging\central_java\virus\20230712_132900.jpg,virus
D:\Potato\_staging\central_java\virus\20230712_132914.jpg,virus
D:\Potato\_staging\central_java\virus\20230712_133012.jpg,virus
D:\Potato\_staging\central_java\virus\20230712_133020.jpg,virus
D:\Potato\_staging\central_java\virus\20230712_133208.jpg,virus
D:\Potato\_staging\central_java\virus\20230712_133213.jpg,virus
D:\Potato\_staging\central_java\virus\20230712_133220.jpg,virus
D:\Potato\_staging\central_java\virus\20230712_133224.jpg,virus
D:\Potato\_staging\central_java\virus\20230712_133229.jpg,virus
D:\Potato\_staging\central_java\virus\20230712_133340.jpg,virus
D:\Potato\_staging\central_java\virus\20230712_133347.jpg,virus
D:\Potato\_staging\central_java\virus\20230712_133356.jpg,virus
D:\Potato\_staging\central_java\virus\20230712_133418.jpg,virus
D:\Potato\_staging\central_java\virus\20230712_133611.jpg,virus
D:\Potato\_staging\central_java\virus\20230712_154616.jpg,virus
D:\Potato\_staging\central_java\virus\20230712_155104.jpg,virus
D:\Potato\_staging\central_java\virus\20230802_112937392.jpg,virus
D:\Potato\_staging\central_java\virus\20230802_115606.jpg,virus
D:\Potato\_staging\central_java\virus\20230802_115610.jpg,virus
D:\Potato\_staging\central_java\virus\20230802_115616.jpg,virus
D:\Potato\_staging\central_java\virus\20230802_115620.jpg,virus
D:\Potato\_staging\central_java\virus\20230802_115626.jpg,virus
D:\Potato\_staging\central_java\virus\20230802_115629.jpg,virus
D:\Potato\_staging\central_java\virus\20230802_115635.jpg,virus
D:\Potato\_staging\central_java\virus\20230802_115644.jpg,virus
D:\Potato\_staging\central_java\virus\20230802_115738.jpg,virus
D:\Potato\_staging\central_java\virus\20230802_115927.jpg,virus
D:\Potato\_staging\central_java\virus\20230802_115956.jpg,virus
D:\Potato\_staging\central_java\virus\20230802_120000.jpg,virus
D:\Potato\_staging\central_java\virus\20230802_120041.jpg,virus
D:\Potato\_staging\central_java\virus\20230802_120044.jpg,virus
D:\Potato\_staging\central_java\virus\20230802_120054.jpg,virus
D:\Potato\_staging\central_java\virus\20230802_120657.jpg,virus
D:\Potato\_staging\central_java\virus\20230802_120700.jpg,virus
D:\Potato\_staging\central_java\virus\20230802_120703.jpg,virus
D:\Potato\_staging\central_java\virus\20230802_120710.jpg,virus
D:\Potato\_staging\central_java\virus\20230802_120716.jpg,virus
D:\Potato\_staging\central_java\virus\20230802_120719.jpg,virus
D:\Potato\_staging\central_java\virus\20230802_120721.jpg,virus
D:\Potato\_staging\central_java\virus\20230802_124113.jpg,virus
D:\Potato\_staging\central_java\virus\20230802_124122.jpg,virus
D:\Potato\_staging\central_java\virus\20230802_125836.jpg,virus
D:\Potato\_staging\central_java\virus\20230802_125850.jpg,virus
D:\Potato\_staging\central_java\virus\20230802_130014.jpg,virus
D:\Potato\_staging\central_java\virus\20230815_112356.jpg,virus
D:\Potato\_staging\central_java\virus\20230815_112402.jpg,virus
D:\Potato\_staging\central_java\virus\20230815_112410.jpg,virus
D:\Potato\_staging\central_java\virus\20230815_112423.jpg,virus
D:\Potato\_staging\central_java\virus\20230815_112427.jpg,virus
D:\Potato\_staging\central_java\virus\20230815_112515.jpg,virus
D:\Potato\_staging\central_java\virus\20230815_112519.jpg,virus
D:\Potato\_staging\central_java\virus\20230815_112555.jpg,virus
D:\Potato\_staging\central_java\virus\20230815_112557.jpg,virus
D:\Potato\_staging\central_java\virus\20230815_112600.jpg,virus
D:\Potato\_staging\central_java\virus\20230815_112606.jpg,virus
D:\Potato\_staging\central_java\virus\20230815_112609.jpg,virus
D:\Potato\_staging\central_java\virus\20230815_112614.jpg,virus
D:\Potato\_staging\central_java\virus\20230815_112620.jpg,virus
D:\Potato\_staging\central_java\virus\20230815_112631.jpg,virus
D:\Potato\_staging\central_java\virus\20230815_112639.jpg,virus
D:\Potato\_staging\central_java\virus\20230815_112644.jpg,virus
D:\Potato\_staging\central_java\virus\20230815_112652.jpg,virus
D:\Potato\_staging\central_java\virus\20230815_112658.jpg,virus
D:\Potato\_staging\central_java\virus\20230815_112745.jpg,virus
D:\Potato\_staging\central_java\virus\20230815_112748.jpg,virus
D:\Potato\_staging\central_java\virus\20230815_112801.jpg,virus
D:\Potato\_staging\central_java\virus\20230815_112817.jpg,virus
D:\Potato\_staging\central_java\virus\20230815_112931.jpg,virus
D:\Potato\_staging\central_java\virus\20230815_113102.jpg,virus
D:\Potato\_staging\central_java\virus\20230815_113110.jpg,virus
D:\Potato\_staging\central_java\virus\20230815_113612.jpg,virus
D:\Potato\_staging\central_java\virus\20230815_113616.jpg,virus
D:\Potato\_staging\central_java\virus\20230815_113706.jpg,virus
D:\Potato\_staging\central_java\virus\20230815_113714.jpg,virus
D:\Potato\_staging\central_java\virus\20230815_113727.jpg,virus
D:\Potato\_staging\central_java\virus\20230815_113731.jpg,virus
D:\Potato\_staging\central_java\virus\20230815_114137.jpg,virus
D:\Potato\_staging\central_java\virus\20230815_114141.jpg,virus
D:\Potato\_staging\central_java\virus\20230815_114213.jpg,virus
D:\Potato\_staging\central_java\virus\20230815_114235.jpg,virus
D:\Potato\_staging\central_java\virus\20230815_114241.jpg,virus
D:\Potato\_staging\central_java\virus\20230815_114243.jpg,virus
D:\Potato\_staging\central_java\virus\20230815_114247.jpg,virus
D:\Potato\_staging\central_java\virus\20230815_114254.jpg,virus
D:\Potato\_staging\central_java\virus\20230815_114328.jpg,virus
D:\Potato\_staging\central_java\virus\20230815_114339.jpg,virus
D:\Potato\_staging\central_java\virus\20230815_114425.jpg,virus
D:\Potato\_staging\central_java\virus\20230815_114456.jpg,virus
D:\Potato\_staging\central_java\virus\20230815_115129.jpg,virus
D:\Potato\_staging\central_java\virus\20230815_115132.jpg,virus
D:\Potato\_staging\central_java\virus\20230815_115312.jpg,virus
D:\Potato\_staging\central_java\virus\20230815_115800.jpg,virus
D:\Potato\_staging\central_java\virus\20230815_120100.jpg,virus
D:\Potato\_staging\central_java\virus\20230815_120324.jpg,virus
D:\Potato\_staging\central_java\virus\20230815_120339.jpg,virus
D:\Potato\_staging\central_java\virus\20230815_120345.jpg,virus
D:\Potato\_staging\central_java\virus\20230815_120534.jpg,virus
D:\Potato\_staging\central_java\virus\20230815_120537.jpg,virus
D:\Potato\_staging\central_java\virus\20230815_120540.jpg,virus
D:\Potato\_staging\central_java\virus\20230815_120547.jpg,virus
D:\Potato\_staging\central_java\virus\20230815_120551.jpg,virus
D:\Potato\_staging\central_java\virus\20230815_120616.jpg,virus
D:\Potato\_staging\central_java\virus\20230815_120713.jpg,virus
D:\Potato\_staging\central_java\virus\20230815_120750.jpg,virus
D:\Potato\_staging\central_java\virus\20230815_121209.jpg,virus
D:\Potato\_staging\central_java\virus\20230815_121336.jpg,virus
D:\Potato\_staging\central_java\virus\20230815_121340.jpg,virus
D:\Potato\_staging\central_java\virus\20230815_121347.jpg,virus
D:\Potato\_staging\central_java\virus\20230815_121818.jpg,virus
D:\Potato\_staging\central_java\virus\20230815_121830.jpg,virus
D:\Potato\_staging\central_java\virus\20230815_121837.jpg,virus
D:\Potato\_staging\central_java\virus\20230815_121930.jpg,virus
D:\Potato\_staging\central_java\virus\20230815_122007.jpg,virus
D:\Potato\_staging\central_java\virus\20230815_122031.jpg,virus
D:\Potato\_staging\central_java\virus\20230815_122405.jpg,virus
D:\Potato\_staging\central_java\virus\20230815_144859.jpg,virus
D:\Potato\_staging\central_java\virus\20230815_144912.jpg,virus
D:\Potato\_staging\central_java\virus\20230815_145044.jpg,virus
D:\Potato\_staging\central_java\virus\20230815_145053.jpg,virus
D:\Potato\_staging\central_java\virus\20230815_145058.jpg,virus
D:\Potato\_staging\central_java\virus\20230815_145104.jpg,virus
D:\Potato\_staging\central_java\virus\20230815_145626.jpg,virus
D:\Potato\_staging\central_java\virus\20230815_145643.jpg,virus
D:\Potato\_staging\central_java\virus\20230815_145647.jpg,virus
D:\Potato\_staging\central_java\virus\20230815_145815.jpg,virus
D:\Potato\_staging\central_java\virus\20230815_150341.jpg,virus
D:\Potato\_staging\central_java\virus\20230815_150431.jpg,virus
D:\Potato\_staging\central_java\virus\20230815_150441.jpg,virus
D:\Potato\_staging\central_java\virus\20230815_150450.jpg,virus
D:\Potato\_staging\central_java\virus\20230815_150456.jpg,virus
D:\Potato\_staging\central_java\virus\20230815_150500.jpg,virus
D:\Potato\_staging\central_java\virus\20230815_150510.jpg,virus
D:\Potato\_staging\central_java\virus\20230815_150516.jpg,virus
D:\Potato\_staging\central_java\virus\20230815_150520.jpg,virus
D:\Potato\_staging\central_java\virus\20230815_150527.jpg,virus
D:\Potato\_staging\central_java\virus\20230815_150534.jpg,virus
D:\Potato\_staging\central_java\virus\20230815_150540.jpg,virus
D:\Potato\_staging\central_java\virus\20230815_150557.jpg,virus
D:\Potato\_staging\central_java\virus\20230815_150626.jpg,virus
D:\Potato\_staging\central_java\virus\20230815_150640.jpg,virus
D:\Potato\_staging\central_java\virus\20230815_150647.jpg,virus
D:\Potato\_staging\central_java\virus\20230815_150657.jpg,virus
D:\Potato\_staging\central_java\virus\20230815_150700.jpg,virus
D:\Potato\_staging\central_java\virus\20230815_150702.jpg,virus
D:\Potato\_staging\central_java\virus\20230815_150846.jpg,virus
D:\Potato\_staging\central_java\virus\20230815_150906.jpg,virus
D:\Potato\_staging\central_java\virus\20230815_151048.jpg,virus
D:\Potato\_staging\central_java\virus\20230815_151137.jpg,virus
D:\Potato\_staging\central_java\virus\20230815_151144.jpg,virus
D:\Potato\_staging\central_java\virus\20230815_151212.jpg,virus
D:\Potato\_staging\central_java\virus\20230815_151214.jpg,virus
D:\Potato\_staging\central_java\virus\20230815_151217.jpg,virus
D:\Potato\_staging\central_java\virus\20230815_151254.jpg,virus
D:\Potato\_staging\central_java\virus\20230815_151332.jpg,virus
D:\Potato\_staging\central_java\virus\20230815_151340.jpg,virus
D:\Potato\_staging\central_java\virus\20230815_151344.jpg,virus
D:\Potato\_staging\central_java\virus\20230815_151538.jpg,virus
D:\Potato\_staging\central_java\virus\20230815_151633.jpg,virus
D:\Potato\_staging\central_java\virus\20230815_151639.jpg,virus
D:\Potato\_staging\central_java\virus\20230815_151643.jpg,virus
D:\Potato\_staging\central_java\virus\20230815_151656.jpg,virus
D:\Potato\_staging\central_java\virus\20230815_151718.jpg,virus
D:\Potato\_staging\central_java\virus\20230815_151720.jpg,virus
D:\Potato\_staging\central_java\virus\20230815_151722.jpg,virus
D:\Potato\_staging\central_java\virus\20230815_151731.jpg,virus
D:\Potato\_staging\central_java\virus\20230815_151747.jpg,virus
D:\Potato\_staging\central_java\virus\20230815_151758.jpg,virus
D:\Potato\_staging\central_java\virus\20230815_151836.jpg,virus
D:\Potato\_staging\central_java\virus\20230815_151846.jpg,virus
D:\Potato\_staging\central_java\virus\20230815_151944.jpg,virus
D:\Potato\_staging\central_java\virus\20230815_152839.jpg,virus
D:\Potato\_staging\central_java\virus\20230815_152846.jpg,virus
D:\Potato\_staging\central_java\virus\20230815_152853.jpg,virus
D:\Potato\_staging\central_java\virus\20230815_152953.jpg,virus
D:\Potato\_staging\central_java\virus\20230815_152957.jpg,virus
D:\Potato\_staging\central_java\virus\20230815_153220.jpg,virus
D:\Potato\_staging\central_java\virus\20230815_153230.jpg,virus
D:\Potato\_staging\central_java\virus\20230815_153232.jpg,virus
D:\Potato\_staging\central_java\virus\20230815_153826.jpg,virus
D:\Potato\_staging\central_java\virus\20230815_154031.jpg,virus
D:\Potato\_staging\central_java\virus\20230815_154044.jpg,virus
D:\Potato\_staging\central_java\virus\20230815_154324.jpg,virus
D:\Potato\_staging\central_java\virus\20230816_081932.jpg,virus
D:\Potato\_staging\central_java\virus\20230816_082040.jpg,virus
D:\Potato\_staging\central_java\virus\20230816_112938.jpg,virus
D:\Potato\_staging\central_java\virus\20230816_112941.jpg,virus
D:\Potato\_staging\central_java\virus\20230816_113005.jpg,virus
D:\Potato\_staging\central_java\virus\20230816_113008.jpg,virus
D:\Potato\_staging\central_java\virus\20230816_113014.jpg,virus
D:\Potato\_staging\central_java\virus\20230816_113018.jpg,virus
D:\Potato\_staging\central_java\virus\20230816_113022.jpg,virus
D:\Potato\_staging\central_java\virus\20230816_113030.jpg,virus
D:\Potato\_staging\central_java\virus\20230816_113034.jpg,virus
D:\Potato\_staging\central_java\virus\20230816_113041.jpg,virus
D:\Potato\_staging\central_java\virus\20230816_113204.jpg,virus
D:\Potato\_staging\central_java\virus\20230816_113206.jpg,virus
D:\Potato\_staging\central_java\virus\20230816_113207.jpg,virus
D:\Potato\_staging\central_java\virus\20230816_113416.jpg,virus
D:\Potato\_staging\central_java\virus\20230816_113607.jpg,virus
D:\Potato\_staging\central_java\virus\20230816_113724.jpg,virus
D:\Potato\_staging\central_java\virus\20230816_113726.jpg,virus
D:\Potato\_staging\central_java\virus\20230816_113830.jpg,virus
D:\Potato\_staging\central_java\virus\20230816_113837.jpg,virus
D:\Potato\_staging\central_java\virus\20230816_113912.jpg,virus
D:\Potato\_staging\central_java\virus\20230816_113924.jpg,virus
D:\Potato\_staging\central_java\virus\20230816_113928.jpg,virus
D:\Potato\_staging\central_java\virus\20230816_113942.jpg,virus
D:\Potato\_staging\central_java\virus\20230816_113955.jpg,virus
D:\Potato\_staging\central_java\virus\20230816_114002.jpg,virus
D:\Potato\_staging\central_java\virus\20230816_114008.jpg,virus
D:\Potato\_staging\central_java\virus\20230816_114016.jpg,virus
D:\Potato\_staging\central_java\virus\20230816_114019.jpg,virus
D:\Potato\_staging\central_java\virus\20230816_114050.jpg,virus
D:\Potato\_staging\central_java\virus\20230816_114318.jpg,virus
D:\Potato\_staging\central_java\virus\20230816_114351.jpg,virus
D:\Potato\_staging\central_java\virus\20230816_114354.jpg,virus
D:\Potato\_staging\central_java\virus\20230816_114355.jpg,virus
D:\Potato\_staging\central_java\virus\20230816_114357.jpg,virus
D:\Potato\_staging\central_java\virus\20230816_114405.jpg,virus
D:\Potato\_staging\central_java\virus\20230816_114442.jpg,virus
D:\Potato\_staging\central_java\virus\20230816_114445.jpg,virus
D:\Potato\_staging\central_java\virus\20230816_114447.jpg,virus
D:\Potato\_staging\central_java\virus\20230816_114454.jpg,virus
D:\Potato\_staging\central_java\virus\20230816_114456.jpg,virus
D:\Potato\_staging\central_java\virus\20230816_114506.jpg,virus
D:\Potato\_staging\central_java\virus\20230816_114701.jpg,virus
D:\Potato\_staging\central_java\virus\20230816_114808.jpg,virus
D:\Potato\_staging\central_java\virus\20230816_114955.jpg,virus
D:\Potato\_staging\central_java\virus\20230816_114959.jpg,virus
D:\Potato\_staging\central_java\virus\20230816_115002.jpg,virus
D:\Potato\_staging\central_java\virus\20230816_115007.jpg,virus
D:\Potato\_staging\central_java\virus\20230816_115010.jpg,virus
D:\Potato\_staging\central_java\virus\20230816_115013.jpg,virus
D:\Potato\_staging\central_java\virus\20230816_115016.jpg,virus
D:\Potato\_staging\central_java\virus\20230816_115019.jpg,virus
D:\Potato\_staging\central_java\virus\20230816_115027.jpg,virus
D:\Potato\_staging\central_java\virus\20230816_115033.jpg,virus
D:\Potato\_staging\central_java\virus\20230816_115041.jpg,virus
D:\Potato\_staging\central_java\virus\20230816_115110.jpg,virus
D:\Potato\_staging\central_java\virus\20230816_115118.jpg,virus
D:\Potato\_staging\central_java\virus\20230816_120848.jpg,virus
D:\Potato\_staging\central_java\virus\20230816_120852.jpg,virus
D:\Potato\_staging\central_java\virus\20230816_121314.jpg,virus
D:\Potato\_staging\central_java\virus\20230816_121317.jpg,virus
D:\Potato\_staging\central_java\virus\20230816_121409.jpg,virus
D:\Potato\_staging\central_java\virus\20230816_121417.jpg,virus
D:\Potato\_staging\central_java\virus\20230816_122540.jpg,virus
D:\Potato\_staging\central_java\virus\20230816_122543.jpg,virus
D:\Potato\_staging\central_java\virus\20230816_122549.jpg,virus
D:\Potato\_staging\central_java\virus\20230816_122902.jpg,virus
D:\Potato\_staging\central_java\virus\20230816_123055.jpg,virus
D:\Potato\_staging\central_java\virus\20230816_123119.jpg,virus
D:\Potato\_staging\central_java\virus\20230816_123120.jpg,virus
D:\Potato\_staging\central_java\virus\20230816_123332.jpg,virus
D:\Potato\_staging\central_java\virus\20230816_123336.jpg,virus
D:\Potato\_staging\central_java\virus\20230816_123440.jpg,virus
D:\Potato\_staging\central_java\virus\20230816_123442.jpg,virus
D:\Potato\_staging\central_java\virus\20230816_123444.jpg,virus
D:\Potato\_staging\central_java\virus\20230816_123449.jpg,virus
D:\Potato\_staging\central_java\virus\20230816_144150.jpg,virus
D:\Potato\_staging\central_java\virus\20230816_145811.jpg,virus
D:\Potato\_staging\central_java\virus\20230816_145813.jpg,virus
D:\Potato\_staging\central_java\virus\20230816_145815.jpg,virus
D:\Potato\_staging\central_java\virus\20230816_145816.jpg,virus
D:\Potato\_staging\central_java\virus\20230816_145819.jpg,virus
D:\Potato\_staging\central_java\virus\20230816_145822.jpg,virus
D:\Potato\_staging\central_java\virus\20230922_155854.jpg,virus
D:\Potato\_staging\central_java\virus\20230922_155857.jpg,virus
D:\Potato\_staging\central_java\virus\20230922_155900.jpg,virus
D:\Potato\_staging\central_java\virus\20230922_155902.jpg,virus
D:\Potato\_staging\central_java\virus\IMG_0212.JPG,virus
D:\Potato\_staging\central_java\virus\IMG_0215.JPG,virus
D:\Potato\_staging\central_java\virus\IMG_0218.JPG,virus
D:\Potato\_staging\central_java\virus\IMG_0222.JPG,virus
D:\Potato\_staging\central_java\virus\IMG_0223.JPG,virus
D:\Potato\_staging\central_java\virus\IMG_0242.JPG,virus
D:\Potato\_staging\central_java\virus\IMG_0249.JPG,virus
D:\Potato\_staging\central_java\virus\IMG_0250.JPG,virus
D:\Potato\_staging\central_java\virus\IMG_0263.JPG,virus
D:\Potato\_staging\central_java\virus\IMG_0264 - Copy.JPG,virus
D:\Potato\_staging\central_java\virus\IMG_0270.JPG,virus
D:\Potato\_staging\central_java\virus\IMG_0271.JPG,virus
D:\Potato\_staging\central_java\virus\IMG_0274.JPG,virus
D:\Potato\_staging\central_java\virus\IMG_0275.JPG,virus
D:\Potato\_staging\central_java\virus\IMG_0281.JPG,virus
D:\Potato\_staging\central_java\virus\IMG_0282.JPG,virus
D:\Potato\_staging\central_java\virus\IMG_0300.JPG,virus
D:\Potato\_staging\central_java\virus\IMG_0301.JPG,virus
D:\Potato\_staging\central_java\virus\IMG_0305.JPG,virus
D:\Potato\_staging\central_java\virus\IMG_0306.JPG,virus
D:\Potato\_staging\central_java\virus\IMG_0308.JPG,virus
D:\Potato\_staging\central_java\virus\IMG_0309.JPG,virus
D:\Potato\_staging\central_java\virus\IMG_0310.JPG,virus
D:\Potato\_staging\central_java\virus\IMG_0311 (1).JPG,virus
D:\Potato\_staging\central_java\virus\IMG_0312.JPG,virus
D:\Potato\_staging\central_java\virus\IMG_0314 (1).JPG,virus
D:\Potato\_staging\central_java\virus\IMG_0315 (1).JPG,virus
D:\Potato\_staging\central_java\virus\IMG_0338.JPG,virus
D:\Potato\_staging\central_java\virus\IMG_0339.JPG,virus
D:\Potato\_staging\central_java\virus\IMG_0340.JPG,virus
D:\Potato\_staging\central_java\virus\IMG_0343.JPG,virus
D:\Potato\_staging\central_java\virus\IMG_0375.JPG,virus
D:\Potato\_staging\central_java\virus\IMG_0376.JPG,virus
D:\Potato\_staging\central_java\virus\IMG_0377.JPG,virus
D:\Potato\_staging\central_java\virus\IMG_0378.JPG,virus
D:\Potato\_staging\central_java\virus\IMG_0391.JPG,virus
D:\Potato\_staging\central_java\virus\IMG_0392.JPG,virus
D:\Potato\_staging\central_java\virus\IMG_0393.JPG,virus
D:\Potato\_staging\central_java\virus\IMG_0394.JPG,virus
D:\Potato\_staging\central_java\virus\IMG_0395.JPG,virus
D:\Potato\_staging\central_java\virus\IMG_0407.JPG,virus
D:\Potato\_staging\central_java\virus\IMG_0408.JPG,virus
D:\Potato\_staging\central_java\virus\IMG_0409.JPG,virus
D:\Potato\_staging\central_java\virus\IMG_0412.JPG,virus
D:\Potato\_staging\central_java\virus\IMG_0413.JPG,virus
D:\Potato\_staging\central_java\virus\IMG_0414.JPG,virus
D:\Potato\_staging\central_java\virus\IMG_0415.JPG,virus
D:\Potato\_staging\central_java\virus\IMG_0422.JPG,virus
D:\Potato\_staging\central_java\virus\IMG_0424.JPG,virus
D:\Potato\_staging\central_java\virus\IMG_0434.JPG,virus
D:\Potato\_staging\central_java\virus\IMG_0438.JPG,virus
D:\Potato\_staging\central_java\virus\IMG_0439.JPG,virus
D:\Potato\_staging\central_java\virus\IMG_0443.JPG,virus
D:\Potato\_staging\central_java\virus\IMG_0444.JPG,virus
D:\Potato\_staging\central_java\virus\IMG_0449.JPG,virus
D:\Potato\_staging\central_java\virus\IMG_0450.JPG,virus
D:\Potato\_staging\central_java\virus\IMG_0451.JPG,virus
D:\Potato\_staging\central_java\virus\IMG_0454.JPG,virus
D:\Potato\_staging\central_java\virus\IMG_0456.JPG,virus
D:\Potato\_staging\central_java\virus\IMG_0457.JPG,virus
D:\Potato\_staging\central_java\virus\IMG_0460.JPG,virus
D:\Potato\_staging\central_java\virus\IMG_0461.JPG,virus
D:\Potato\_staging\central_java\virus\IMG_0462.JPG,virus
D:\Potato\_staging\central_java\virus\IMG_0463.JPG,virus
D:\Potato\_staging\central_java\virus\IMG_0464.JPG,virus
D:\Potato\_staging\central_java\virus\IMG_0465.JPG,virus
D:\Potato\_staging\central_java\virus\IMG_0466.JPG,virus
D:\Potato\_staging\central_java\virus\IMG_0467.JPG,virus
D:\Potato\_staging\central_java\virus\IMG_0468.JPG,virus
D:\Potato\_staging\central_java\virus\IMG_0469.JPG,virus
D:\Potato\_staging\central_java\virus\IMG_0470.JPG,virus
D:\Potato\_staging\central_java\virus\IMG_0471.JPG,virus
D:\Potato\_staging\central_java\virus\IMG_0472.JPG,virus
D:\Potato\_staging\central_java\virus\IMG_0473.JPG,virus
D:\Potato\_staging\central_java\virus\IMG_0474.JPG,virus
D:\Potato\_staging\central_java\virus\IMG_0475.JPG,virus
D:\Potato\_staging\central_java\virus\IMG_0476.JPG,virus
D:\Potato\_staging\central_java\virus\IMG_0477.JPG,virus
D:\Potato\_staging\central_java\virus\IMG_0481.JPG,virus
D:\Potato\_staging\central_java\virus\IMG_0482.JPG,virus
D:\Potato\_staging\central_java\virus\IMG_0483.JPG,virus
D:\Potato\_staging\central_java\virus\IMG_0484.JPG,virus
D:\Potato\_staging\central_java\virus\IMG_0485.JPG,virus
D:\Potato\_staging\central_java\virus\IMG_0488.JPG,virus
D:\Potato\_staging\central_java\virus\IMG_0489.JPG,virus
D:\Potato\_staging\central_java\virus\IMG_0490.JPG,virus
D:\Potato\_staging\central_java\virus\IMG_0491.JPG,virus
D:\Potato\_staging\central_java\virus\IMG_0493.JPG,virus
D:\Potato\_staging\central_java\virus\IMG_0504.JPG,virus
D:\Potato\_staging\central_java\virus\IMG_0505.JPG,virus
D:\Potato\_staging\central_java\virus\IMG_0506.JPG,virus
D:\Potato\_staging\central_java\virus\IMG_0513.JPG,virus
D:\Potato\_staging\central_java\virus\IMG_0514.JPG,virus
D:\Potato\_staging\central_java\virus\IMG_0515.JPG,virus
D:\Potato\_staging\central_java\virus\IMG_0584.JPG,virus
D:\Potato\_staging\central_java\virus\IMG_0602.JPG,virus
D:\Potato\_staging\central_java\virus\IMG_0603.JPG,virus
D:\Potato\_staging\central_java\virus\IMG_0604.JPG,virus
D:\Potato\_staging\central_java\virus\IMG_0605.JPG,virus
D:\Potato\_staging\central_java\virus\IMG_0607.JPG,virus
D:\Potato\_staging\central_java\virus\IMG_0614.JPG,virus
D:\Potato\_staging\central_java\virus\IMG_0615.JPG,virus
D:\Potato\_staging\central_java\virus\IMG_0616.JPG,virus
D:\Potato\_staging\central_java\virus\IMG_0617.JPG,virus
D:\Potato\_staging\central_java\virus\IMG_0618.JPG,virus
D:\Potato\_staging\central_java\virus\IMG_0619.JPG,virus
D:\Potato\_staging\central_java\virus\IMG_0620.JPG,virus
D:\Potato\_staging\central_java\virus\IMG_0621.JPG,virus
D:\Potato\_staging\central_java\virus\IMG_0622.JPG,virus
D:\Potato\_staging\central_java\virus\IMG_0623.JPG,virus
D:\Potato\_staging\central_java\virus\IMG_0624.JPG,virus
D:\Potato\_staging\central_java\virus\IMG_0625.JPG,virus
D:\Potato\_staging\central_java\virus\IMG_0626.JPG,virus
D:\Potato\_staging\central_java\virus\IMG_0630.JPG,virus
D:\Potato\_staging\central_java\virus\IMG_0633.JPG,virus
D:\Potato\_staging\central_java\virus\IMG_0634.JPG,virus
D:\Potato\_staging\central_java\virus\IMG_0635.JPG,virus
D:\Potato\_staging\central_java\virus\IMG_0637.JPG,virus
D:\Potato\_staging\central_java\virus\IMG_0638.JPG,virus
D:\Potato\_staging\central_java\virus\IMG_0644.JPG,virus
D:\Potato\_staging\central_java\virus\IMG_0645.JPG,virus
D:\Potato\_staging\central_java\virus\IMG_0646.JPG,virus
D:\Potato\_staging\central_java\virus\IMG_0647.JPG,virus
D:\Potato\_staging\central_java\virus\IMG_0649.JPG,virus
D:\Potato\_staging\central_java\virus\IMG_0650.JPG,virus
D:\Potato\_staging\central_java\virus\IMG_0651.JPG,virus
D:\Potato\_staging\central_java\virus\IMG_0652.JPG,virus
D:\Potato\_staging\central_java\virus\IMG_0653.JPG,virus
D:\Potato\_staging\central_java\virus\IMG_0654.JPG,virus
D:\Potato\_staging\central_java\virus\IMG_0685.JPG,virus
D:\Potato\_staging\central_java\virus\IMG_0703.JPG,virus
D:\Potato\_staging\central_java\virus\IMG_0722.JPG,virus
D:\Potato\_staging\central_java\virus\IMG_0738.JPG,virus
D:\Potato\_staging\central_java\virus\IMG_0786.JPG,virus
D:\Potato\_staging\central_java\virus\IMG_0787.JPG,virus
D:\Potato\_staging\central_java\virus\IMG_0788.JPG,virus
D:\Potato\_staging\central_java\virus\IMG_0789.JPG,virus
D:\Potato\_staging\central_java\virus\IMG_0808.JPG,virus
D:\Potato\_staging\central_java\virus\IMG_0812.JPG,virus
D:\Potato\_staging\central_java\virus\IMG_0813.JPG,virus
D:\Potato\_staging\central_java\virus\IMG_0819.JPG,virus
D:\Potato\_staging\central_java\virus\IMG_0820.JPG,virus
D:\Potato\_staging\central_java\virus\IMG_0821.JPG,virus
D:\Potato\_staging\central_java\virus\IMG_0830.JPG,virus
D:\Potato\_staging\central_java\virus\IMG_0840.JPG,virus
D:\Potato\_staging\central_java\virus\IMG_0844.JPG,virus
D:\Potato\_staging\central_java\virus\IMG_0861.JPG,virus
D:\Potato\_staging\central_java\virus\IMG_0863.JPG,virus
D:\Potato\_staging\central_java\virus\IMG_0865.JPG,virus
D:\Potato\_staging\central_java\virus\IMG_0933.JPG,virus
D:\Potato\_staging\central_java\virus\IMG_0934.JPG,virus
D:\Potato\_staging\central_java\virus\IMG_0952.JPG,virus
D:\Potato\_staging\central_java\virus\IMG_0953.JPG,virus
D:\Potato\_staging\central_java\virus\IMG_0967.JPG,virus
D:\Potato\_staging\central_java\virus\IMG_0968.JPG,virus
D:\Potato\_staging\central_java\virus\IMG_0978.JPG,virus
D:\Potato\_staging\central_java\virus\IMG_0981.JPG,virus
D:\Potato\_staging\central_java\virus\IMG_0982.JPG,virus
D:\Potato\_staging\central_java\virus\IMG_0983.JPG,virus
D:\Potato\_staging\central_java\virus\IMG_0984.JPG,virus
D:\Potato\_staging\central_java\virus\IMG_0986.JPG,virus
D:\Potato\_staging\central_java\virus\IMG_0987.JPG,virus
D:\Potato\_staging\central_java\virus\IMG_0988.JPG,virus
D:\Potato\_staging\central_java\virus\IMG_0989.JPG,virus
D:\Potato\_staging\central_java\virus\IMG_0991.JPG,virus
D:\Potato\_staging\central_java\virus\IMG_0993.JPG,virus
D:\Potato\_staging\central_java\virus\IMG_0994.JPG,virus
D:\Potato\_staging\central_java\virus\IMG_0995.JPG,virus
D:\Potato\_staging\central_java\virus\IMG_0996.JPG,virus
D:\Potato\_staging\central_java\virus\IMG_0997.JPG,virus
D:\Potato\_staging\central_java\virus\IMG_0999.JPG,virus
D:\Potato\_staging\central_java\virus\IMG_1001.JPG,virus
D:\Potato\_staging\central_java\virus\IMG_1010.JPG,virus
D:\Potato\_staging\central_java\virus\IMG_1053.JPG,virus
D:\Potato\_staging\central_java\virus\IMG_1057.JPG,virus
D:\Potato\_staging\central_java\virus\IMG_1058.JPG,virus
D:\Potato\_staging\central_java\virus\IMG_1059.JPG,virus
D:\Potato\_staging\central_java\virus\IMG_1071.JPG,virus
D:\Potato\_staging\central_java\virus\IMG_1072.JPG,virus
D:\Potato\_staging\central_java\virus\IMG_1073.JPG,virus
D:\Potato\_staging\central_java\virus\IMG_1085.JPG,virus
D:\Potato\_staging\central_java\virus\IMG_1098.JPG,virus
D:\Potato\_staging\central_java\virus\IMG_1103.JPG,virus
D:\Potato\_staging\central_java\virus\IMG_1104.JPG,virus
D:\Potato\_staging\central_java\virus\IMG_1105.JPG,virus
D:\Potato\_staging\central_java\virus\IMG_1106.JPG,virus
D:\Potato\_staging\central_java\virus\IMG_1119.JPG,virus
D:\Potato\_staging\central_java\virus\IMG_1120.JPG,virus
D:\Potato\_staging\central_java\virus\IMG_1121.JPG,virus
D:\Potato\_staging\central_java\virus\IMG_1122.JPG,virus
D:\Potato\_staging\central_java\virus\IMG_1125.JPG,virus
D:\Potato\_staging\central_java\virus\IMG_1127.JPG,virus
D:\Potato\_staging\central_java\virus\IMG_1144.JPG,virus
D:\Potato\_staging\central_java\virus\IMG_1146.JPG,virus
D:\Potato\_staging\central_java\virus\IMG_1222.JPG,virus
D:\Potato\_staging\central_java\virus\IMG_1223.JPG,virus
D:\Potato\_staging\central_java\virus\IMG_1230.JPG,virus
D:\Potato\_staging\central_java\virus\IMG_1254.JPG,virus
D:\Potato\_staging\central_java\virus\IMG_1265.JPG,virus
D:\Potato\_staging\central_java\virus\IMG_1266.JPG,virus
D:\Potato\_staging\central_java\virus\IMG_20230815_112603~2.jpg,virus
D:\Potato\_staging\central_java\virus\IMG_20230815_115317~2.jpg,virus
D:\Potato\_staging\central_java\virus\IMG_20230815_115355~2.jpg,virus
D:\Potato\_staging\central_java\virus\IMG_20230815_120802~2.jpg,virus
D:\Potato\_staging\central_java\virus\IMG_20230815_150415.jpg,virus
D:\Potato\_staging\central_java\virus\IMG_20230815_151108.jpg,virus
D:\Potato\_staging\central_java\virus\IMG_20230815_152645_Burst01.jpg,virus
D:\Potato\_staging\central_java\virus\IMG_20230815_152740(1).jpg,virus
D:\Potato\_staging\central_java\virus\IMG_20230815_152740.jpg,virus
D:\Potato\_staging\central_java\virus\IMG_20230815_153050~2.jpg,virus
D:\Potato\_staging\central_java\virus\IMG_20230815_153212~2.jpg,virus
D:\Potato\_staging\central_java\virus\IMG_20230815_153724.jpg,virus
D:\Potato\_staging\central_java\virus\IMG_20230816_075730.jpg,virus
D:\Potato\_staging\central_java\virus\IMG_20230816_075736.jpg,virus
D:\Potato\_staging\central_java\virus\IMG_20230816_075908.jpg,virus
D:\Potato\_staging\central_java\virus\IMG_20230816_081247.jpg,virus
D:\Potato\_staging\central_java\virus\IMG_20230816_081814.jpg,virus
D:\Potato\_staging\central_java\virus\IMG_20230816_082237.jpg,virus
D:\Potato\_staging\central_java\virus\IMG_20230816_113505~2.jpg,virus
D:\Potato\_staging\central_java\virus\IMG_20230816_115049~2.jpg,virus
D:\Potato\_staging\central_java\virus\IMG_20230816_115306~2.jpg,virus
D:\Potato\_staging\central_java\virus\IMG_4808.JPG,virus
D:\Potato\_staging\central_java\virus\IMG_4809.JPG,virus
D:\Potato\_staging\central_java\virus\IMG_8108.JPG,virus
D:\Potato\_staging\central_java\virus\IMG_8192.JPG,virus
D:\Potato\_staging\central_java\virus\IMG_8194.JPG,virus
D:\Potato\_staging\central_java\virus\IMG_8206.JPG,virus
D:\Potato\_staging\central_java\virus\IMG_8207.JPG,virus
D:\Potato\_staging\central_java\virus\IMG_8208.JPG,virus
D:\Potato\_staging\central_java\virus\IMG_8209.JPG,virus
D:\Potato\_staging\central_java\virus\IMG_8211.JPG,virus
D:\Potato\_staging\central_java\virus\IMG_8222.JPG,virus
D:\Potato\_staging\central_java\virus\IMG_8226.JPG,virus
D:\Potato\_staging\central_java\virus\IMG_8228.JPG,virus
D:\Potato\_staging\central_java\virus\IMG_8232.JPG,virus
D:\Potato\_staging\central_java\virus\IMG_8256.JPG,virus
D:\Potato\_staging\central_java\virus\IMG_8258.JPG,virus
D:\Potato\_staging\central_java\virus\IMG_8259.JPG,virus
D:\Potato\_staging\central_java\virus\IMG_8260.JPG,virus
D:\Potato\_staging\central_java\virus\IMG_8272.JPG,virus
D:\Potato\_staging\central_java\virus\IMG_8342.JPG,virus
D:\Potato\_staging\central_java\virus\IMG_9522.JPG,virus
D:\Potato\_staging\central_java\virus\IMG_9527.JPG,virus
D:\Potato\_staging\central_java\virus\IMG_9528.JPG,virus
D:\Potato\_staging\central_java\virus\IMG_9529.JPG,virus
D:\Potato\_staging\central_java\virus\IMG_9541.JPG,virus
D:\Potato\_staging\central_java\virus\IMG_9545.JPG,virus
D:\Potato\_staging\central_java\virus\IMG_9546.JPG,virus
D:\Potato\_staging\central_java\virus\IMG_9547.JPG,virus
D:\Potato\_staging\central_java\virus\IMG_9548.JPG,virus
D:\Potato\_staging\ethiopia\root\Local\Healthy\Healthy (10).jpg,ethiopia_healthy
D:\Potato\_staging\ethiopia\root\Local\Healthy\Healthy (11).jpg,ethiopia_healthy
D:\Potato\_staging\ethiopia\root\Local\Healthy\Healthy (12).jpg,ethiopia_healthy
D:\Potato\_staging\ethiopia\root\Local\Healthy\Healthy (13).jpg,ethiopia_healthy
D:\Potato\_staging\ethiopia\root\Local\Healthy\Healthy (14).jpg,ethiopia_healthy
D:\Potato\_staging\ethiopia\root\Local\Healthy\Healthy (15).jpg,ethiopia_healthy
D:\Potato\_staging\ethiopia\root\Local\Healthy\Healthy (16).jpg,ethiopia_healthy
D:\Potato\_staging\ethiopia\root\Local\Healthy\Healthy (17).jpg,ethiopia_healthy
D:\Potato\_staging\ethiopia\root\Local\Healthy\Healthy (179).jpg,ethiopia_healthy
D:\Potato\_staging\ethiopia\root\Local\Healthy\Healthy (18).jpg,ethiopia_healthy
D:\Potato\_staging\ethiopia\root\Local\Healthy\Healthy (180).jpg,ethiopia_healthy
D:\Potato\_staging\ethiopia\root\Local\Healthy\Healthy (181).jpg,ethiopia_healthy
D:\Potato\_staging\ethiopia\root\Local\Healthy\Healthy (182).jpg,ethiopia_healthy
D:\Potato\_staging\ethiopia\root\Local\Healthy\Healthy (183).jpg,ethiopia_healthy
D:\Potato\_staging\ethiopia\root\Local\Healthy\Healthy (184).jpg,ethiopia_healthy
D:\Potato\_staging\ethiopia\root\Local\Healthy\Healthy (185).jpg,ethiopia_healthy
D:\Potato\_staging\ethiopia\root\Local\Healthy\Healthy (186).jpg,ethiopia_healthy
D:\Potato\_staging\ethiopia\root\Local\Healthy\Healthy (187).jpg,ethiopia_healthy
D:\Potato\_staging\ethiopia\root\Local\Healthy\Healthy (188).jpg,ethiopia_healthy
D:\Potato\_staging\ethiopia\root\Local\Healthy\Healthy (189).jpg,ethiopia_healthy
D:\Potato\_staging\ethiopia\root\Local\Healthy\Healthy (19).jpg,ethiopia_healthy
D:\Potato\_staging\ethiopia\root\Local\Healthy\Healthy (190).jpg,ethiopia_healthy
D:\Potato\_staging\ethiopia\root\Local\Healthy\Healthy (191).jpg,ethiopia_healthy
D:\Potato\_staging\ethiopia\root\Local\Healthy\Healthy (192).jpg,ethiopia_healthy
D:\Potato\_staging\ethiopia\root\Local\Healthy\Healthy (193).jpg,ethiopia_healthy
D:\Potato\_staging\ethiopia\root\Local\Healthy\Healthy (194).jpg,ethiopia_healthy
D:\Potato\_staging\ethiopia\root\Local\Healthy\Healthy (195).jpg,ethiopia_healthy
D:\Potato\_staging\ethiopia\root\Local\Healthy\Healthy (196).jpg,ethiopia_healthy
D:\Potato\_staging\ethiopia\root\Local\Healthy\Healthy (197).jpg,ethiopia_healthy
D:\Potato\_staging\ethiopia\root\Local\Healthy\Healthy (198).jpg,ethiopia_healthy
D:\Potato\_staging\ethiopia\root\Local\Healthy\Healthy (199).jpg,ethiopia_healthy
D:\Potato\_staging\ethiopia\root\Local\Healthy\Healthy (2).jpg,ethiopia_healthy
D:\Potato\_staging\ethiopia\root\Local\Healthy\Healthy (20).jpg,ethiopia_healthy
D:\Potato\_staging\ethiopia\root\Local\Healthy\Healthy (200).jpg,ethiopia_healthy
D:\Potato\_staging\ethiopia\root\Local\Healthy\Healthy (201).jpg,ethiopia_healthy
D:\Potato\_staging\ethiopia\root\Local\Healthy\Healthy (202).jpg,ethiopia_healthy
D:\Potato\_staging\ethiopia\root\Local\Healthy\Healthy (203).jpg,ethiopia_healthy
D:\Potato\_staging\ethiopia\root\Local\Healthy\Healthy (204).jpg,ethiopia_healthy
D:\Potato\_staging\ethiopia\root\Local\Healthy\Healthy (205).jpg,ethiopia_healthy
D:\Potato\_staging\ethiopia\root\Local\Healthy\Healthy (206).jpg,ethiopia_healthy
D:\Potato\_staging\ethiopia\root\Local\Healthy\Healthy (207).jpg,ethiopia_healthy
D:\Potato\_staging\ethiopia\root\Local\Healthy\Healthy (208).jpg,ethiopia_healthy
D:\Potato\_staging\ethiopia\root\Local\Healthy\Healthy (209).jpg,ethiopia_healthy
D:\Potato\_staging\ethiopia\root\Local\Healthy\Healthy (21).jpg,ethiopia_healthy
D:\Potato\_staging\ethiopia\root\Local\Healthy\Healthy (210).jpg,ethiopia_healthy
D:\Potato\_staging\ethiopia\root\Local\Healthy\Healthy (211).jpg,ethiopia_healthy
D:\Potato\_staging\ethiopia\root\Local\Healthy\Healthy (212).jpg,ethiopia_healthy
D:\Potato\_staging\ethiopia\root\Local\Healthy\Healthy (213).jpg,ethiopia_healthy
D:\Potato\_staging\ethiopia\root\Local\Healthy\Healthy (214).jpg,ethiopia_healthy
D:\Potato\_staging\ethiopia\root\Local\Healthy\Healthy (215).jpg,ethiopia_healthy
D:\Potato\_staging\ethiopia\root\Local\Healthy\Healthy (216).jpg,ethiopia_healthy
D:\Potato\_staging\ethiopia\root\Local\Healthy\Healthy (217).jpg,ethiopia_healthy
D:\Potato\_staging\ethiopia\root\Local\Healthy\Healthy (218).jpg,ethiopia_healthy
D:\Potato\_staging\ethiopia\root\Local\Healthy\Healthy (219).jpg,ethiopia_healthy
D:\Potato\_staging\ethiopia\root\Local\Healthy\Healthy (22).jpg,ethiopia_healthy
D:\Potato\_staging\ethiopia\root\Local\Healthy\Healthy (220).jpg,ethiopia_healthy
D:\Potato\_staging\ethiopia\root\Local\Healthy\Healthy (221).jpg,ethiopia_healthy
D:\Potato\_staging\ethiopia\root\Local\Healthy\Healthy (222).jpg,ethiopia_healthy
D:\Potato\_staging\ethiopia\root\Local\Healthy\Healthy (223).jpg,ethiopia_healthy
D:\Potato\_staging\ethiopia\root\Local\Healthy\Healthy (224).jpg,ethiopia_healthy
D:\Potato\_staging\ethiopia\root\Local\Healthy\Healthy (225).jpg,ethiopia_healthy
D:\Potato\_staging\ethiopia\root\Local\Healthy\Healthy (226).jpg,ethiopia_healthy
D:\Potato\_staging\ethiopia\root\Local\Healthy\Healthy (227).jpg,ethiopia_healthy
D:\Potato\_staging\ethiopia\root\Local\Healthy\Healthy (228).jpg,ethiopia_healthy
D:\Potato\_staging\ethiopia\root\Local\Healthy\Healthy (229).jpg,ethiopia_healthy
D:\Potato\_staging\ethiopia\root\Local\Healthy\Healthy (23).jpg,ethiopia_healthy
D:\Potato\_staging\ethiopia\root\Local\Healthy\Healthy (230).jpg,ethiopia_healthy
D:\Potato\_staging\ethiopia\root\Local\Healthy\Healthy (231).jpg,ethiopia_healthy
D:\Potato\_staging\ethiopia\root\Local\Healthy\Healthy (232).jpg,ethiopia_healthy
D:\Potato\_staging\ethiopia\root\Local\Healthy\Healthy (233).jpg,ethiopia_healthy
D:\Potato\_staging\ethiopia\root\Local\Healthy\Healthy (234).jpg,ethiopia_healthy
D:\Potato\_staging\ethiopia\root\Local\Healthy\Healthy (235).jpg,ethiopia_healthy
D:\Potato\_staging\ethiopia\root\Local\Healthy\Healthy (236).jpg,ethiopia_healthy
D:\Potato\_staging\ethiopia\root\Local\Healthy\Healthy (237).jpg,ethiopia_healthy
D:\Potato\_staging\ethiopia\root\Local\Healthy\Healthy (238).jpg,ethiopia_healthy
D:\Potato\_staging\ethiopia\root\Local\Healthy\Healthy (239).jpg,ethiopia_healthy
D:\Potato\_staging\ethiopia\root\Local\Healthy\Healthy (24).jpg,ethiopia_healthy
D:\Potato\_staging\ethiopia\root\Local\Healthy\Healthy (240).jpg,ethiopia_healthy
D:\Potato\_staging\ethiopia\root\Local\Healthy\Healthy (241).jpg,ethiopia_healthy
D:\Potato\_staging\ethiopia\root\Local\Healthy\Healthy (242).jpg,ethiopia_healthy
D:\Potato\_staging\ethiopia\root\Local\Healthy\Healthy (243).jpg,ethiopia_healthy
D:\Potato\_staging\ethiopia\root\Local\Healthy\Healthy (244).jpg,ethiopia_healthy
D:\Potato\_staging\ethiopia\root\Local\Healthy\Healthy (245).jpg,ethiopia_healthy
D:\Potato\_staging\ethiopia\root\Local\Healthy\Healthy (246).jpg,ethiopia_healthy
D:\Potato\_staging\ethiopia\root\Local\Healthy\Healthy (247).jpg,ethiopia_healthy
D:\Potato\_staging\ethiopia\root\Local\Healthy\Healthy (248).jpg,ethiopia_healthy
D:\Potato\_staging\ethiopia\root\Local\Healthy\Healthy (249).jpg,ethiopia_healthy
D:\Potato\_staging\ethiopia\root\Local\Healthy\Healthy (25).jpg,ethiopia_healthy
D:\Potato\_staging\ethiopia\root\Local\Healthy\Healthy (250).jpg,ethiopia_healthy
D:\Potato\_staging\ethiopia\root\Local\Healthy\Healthy (251).jpg,ethiopia_healthy
D:\Potato\_staging\ethiopia\root\Local\Healthy\Healthy (252).jpg,ethiopia_healthy
D:\Potato\_staging\ethiopia\root\Local\Healthy\Healthy (253).jpg,ethiopia_healthy
D:\Potato\_staging\ethiopia\root\Local\Healthy\Healthy (254).jpg,ethiopia_healthy
D:\Potato\_staging\ethiopia\root\Local\Healthy\Healthy (255).jpg,ethiopia_healthy
D:\Potato\_staging\ethiopia\root\Local\Healthy\Healthy (256).jpg,ethiopia_healthy
D:\Potato\_staging\ethiopia\root\Local\Healthy\Healthy (257).jpg,ethiopia_healthy
D:\Potato\_staging\ethiopia\root\Local\Healthy\Healthy (258).jpg,ethiopia_healthy
D:\Potato\_staging\ethiopia\root\Local\Healthy\Healthy (259).jpg,ethiopia_healthy
D:\Potato\_staging\ethiopia\root\Local\Healthy\Healthy (26).jpg,ethiopia_healthy
D:\Potato\_staging\ethiopia\root\Local\Healthy\Healthy (260).jpg,ethiopia_healthy
D:\Potato\_staging\ethiopia\root\Local\Healthy\Healthy (261).jpg,ethiopia_healthy
D:\Potato\_staging\ethiopia\root\Local\Healthy\Healthy (262).jpg,ethiopia_healthy
D:\Potato\_staging\ethiopia\root\Local\Healthy\Healthy (263).jpg,ethiopia_healthy
D:\Potato\_staging\ethiopia\root\Local\Healthy\Healthy (264).jpg,ethiopia_healthy
D:\Potato\_staging\ethiopia\root\Local\Healthy\Healthy (265).jpg,ethiopia_healthy
D:\Potato\_staging\ethiopia\root\Local\Healthy\Healthy (266).jpg,ethiopia_healthy
D:\Potato\_staging\ethiopia\root\Local\Healthy\Healthy (267).jpg,ethiopia_healthy
D:\Potato\_staging\ethiopia\root\Local\Healthy\Healthy (268).jpg,ethiopia_healthy
D:\Potato\_staging\ethiopia\root\Local\Healthy\Healthy (269).jpg,ethiopia_healthy
D:\Potato\_staging\ethiopia\root\Local\Healthy\Healthy (27).jpg,ethiopia_healthy
D:\Potato\_staging\ethiopia\root\Local\Healthy\Healthy (270).jpg,ethiopia_healthy
D:\Potato\_staging\ethiopia\root\Local\Healthy\Healthy (271).jpg,ethiopia_healthy
D:\Potato\_staging\ethiopia\root\Local\Healthy\Healthy (272).jpg,ethiopia_healthy
D:\Potato\_staging\ethiopia\root\Local\Healthy\Healthy (273).jpg,ethiopia_healthy
D:\Potato\_staging\ethiopia\root\Local\Healthy\Healthy (274).jpg,ethiopia_healthy
D:\Potato\_staging\ethiopia\root\Local\Healthy\Healthy (275).jpg,ethiopia_healthy
D:\Potato\_staging\ethiopia\root\Local\Healthy\Healthy (276).jpg,ethiopia_healthy
D:\Potato\_staging\ethiopia\root\Local\Healthy\Healthy (277).jpg,ethiopia_healthy
D:\Potato\_staging\ethiopia\root\Local\Healthy\Healthy (278).jpg,ethiopia_healthy
D:\Potato\_staging\ethiopia\root\Local\Healthy\Healthy (279).jpg,ethiopia_healthy
D:\Potato\_staging\ethiopia\root\Local\Healthy\Healthy (280).jpg,ethiopia_healthy
D:\Potato\_staging\ethiopia\root\Local\Healthy\Healthy (281).jpg,ethiopia_healthy
D:\Potato\_staging\ethiopia\root\Local\Healthy\Healthy (282).jpg,ethiopia_healthy
D:\Potato\_staging\ethiopia\root\Local\Healthy\Healthy (283).jpg,ethiopia_healthy
D:\Potato\_staging\ethiopia\root\Local\Healthy\Healthy (284).jpg,ethiopia_healthy
D:\Potato\_staging\ethiopia\root\Local\Healthy\Healthy (285).jpg,ethiopia_healthy
D:\Potato\_staging\ethiopia\root\Local\Healthy\Healthy (286).jpg,ethiopia_healthy
D:\Potato\_staging\ethiopia\root\Local\Healthy\Healthy (287).jpg,ethiopia_healthy
D:\Potato\_staging\ethiopia\root\Local\Healthy\Healthy (288).jpg,ethiopia_healthy
D:\Potato\_staging\ethiopia\root\Local\Healthy\Healthy (289).jpg,ethiopia_healthy
D:\Potato\_staging\ethiopia\root\Local\Healthy\Healthy (290).jpg,ethiopia_healthy
D:\Potato\_staging\ethiopia\root\Local\Healthy\Healthy (291).jpg,ethiopia_healthy
D:\Potato\_staging\ethiopia\root\Local\Healthy\Healthy (292).jpg,ethiopia_healthy
D:\Potato\_staging\ethiopia\root\Local\Healthy\Healthy (293).jpg,ethiopia_healthy
D:\Potato\_staging\ethiopia\root\Local\Healthy\Healthy (294).jpg,ethiopia_healthy
D:\Potato\_staging\ethiopia\root\Local\Healthy\Healthy (295).jpg,ethiopia_healthy
D:\Potato\_staging\ethiopia\root\Local\Healthy\Healthy (296).jpg,ethiopia_healthy
D:\Potato\_staging\ethiopia\root\Local\Healthy\Healthy (297).jpg,ethiopia_healthy
D:\Potato\_staging\ethiopia\root\Local\Healthy\Healthy (298).jpg,ethiopia_healthy
D:\Potato\_staging\ethiopia\root\Local\Healthy\Healthy (299).jpg,ethiopia_healthy
D:\Potato\_staging\ethiopia\root\Local\Healthy\Healthy (3).jpg,ethiopia_healthy
D:\Potato\_staging\ethiopia\root\Local\Healthy\Healthy (300).jpg,ethiopia_healthy
D:\Potato\_staging\ethiopia\root\Local\Healthy\Healthy (301).jpg,ethiopia_healthy
D:\Potato\_staging\ethiopia\root\Local\Healthy\Healthy (302).jpg,ethiopia_healthy
D:\Potato\_staging\ethiopia\root\Local\Healthy\Healthy (303).jpg,ethiopia_healthy
D:\Potato\_staging\ethiopia\root\Local\Healthy\Healthy (304).jpg,ethiopia_healthy
D:\Potato\_staging\ethiopia\root\Local\Healthy\Healthy (305).jpg,ethiopia_healthy
D:\Potato\_staging\ethiopia\root\Local\Healthy\Healthy (306).jpg,ethiopia_healthy
D:\Potato\_staging\ethiopia\root\Local\Healthy\Healthy (307).jpg,ethiopia_healthy
D:\Potato\_staging\ethiopia\root\Local\Healthy\Healthy (308).jpg,ethiopia_healthy
D:\Potato\_staging\ethiopia\root\Local\Healthy\Healthy (309).jpg,ethiopia_healthy
D:\Potato\_staging\ethiopia\root\Local\Healthy\Healthy (310).jpg,ethiopia_healthy
D:\Potato\_staging\ethiopia\root\Local\Healthy\Healthy (311).jpg,ethiopia_healthy
D:\Potato\_staging\ethiopia\root\Local\Healthy\Healthy (312).jpg,ethiopia_healthy
D:\Potato\_staging\ethiopia\root\Local\Healthy\Healthy (313).jpg,ethiopia_healthy
D:\Potato\_staging\ethiopia\root\Local\Healthy\Healthy (314).jpg,ethiopia_healthy
D:\Potato\_staging\ethiopia\root\Local\Healthy\Healthy (315).jpg,ethiopia_healthy
D:\Potato\_staging\ethiopia\root\Local\Healthy\Healthy (316).jpg,ethiopia_healthy
D:\Potato\_staging\ethiopia\root\Local\Healthy\Healthy (317).jpg,ethiopia_healthy
D:\Potato\_staging\ethiopia\root\Local\Healthy\Healthy (318).jpg,ethiopia_healthy
D:\Potato\_staging\ethiopia\root\Local\Healthy\Healthy (319).jpg,ethiopia_healthy
D:\Potato\_staging\ethiopia\root\Local\Healthy\Healthy (320).jpg,ethiopia_healthy
D:\Potato\_staging\ethiopia\root\Local\Healthy\Healthy (321).jpg,ethiopia_healthy
D:\Potato\_staging\ethiopia\root\Local\Healthy\Healthy (322).jpg,ethiopia_healthy
D:\Potato\_staging\ethiopia\root\Local\Healthy\Healthy (323).jpg,ethiopia_healthy
D:\Potato\_staging\ethiopia\root\Local\Healthy\Healthy (324).jpg,ethiopia_healthy
D:\Potato\_staging\ethiopia\root\Local\Healthy\Healthy (325).jpg,ethiopia_healthy
D:\Potato\_staging\ethiopia\root\Local\Healthy\Healthy (326).jpg,ethiopia_healthy
D:\Potato\_staging\ethiopia\root\Local\Healthy\Healthy (327).jpg,ethiopia_healthy
D:\Potato\_staging\ethiopia\root\Local\Healthy\Healthy (328).jpg,ethiopia_healthy
D:\Potato\_staging\ethiopia\root\Local\Healthy\Healthy (329).jpg,ethiopia_healthy
D:\Potato\_staging\ethiopia\root\Local\Healthy\Healthy (330).jpg,ethiopia_healthy
D:\Potato\_staging\ethiopia\root\Local\Healthy\Healthy (331).jpg,ethiopia_healthy
D:\Potato\_staging\ethiopia\root\Local\Healthy\Healthy (332).jpg,ethiopia_healthy
D:\Potato\_staging\ethiopia\root\Local\Healthy\Healthy (333).jpg,ethiopia_healthy
D:\Potato\_staging\ethiopia\root\Local\Healthy\Healthy (334).jpg,ethiopia_healthy
D:\Potato\_staging\ethiopia\root\Local\Healthy\Healthy (335).jpg,ethiopia_healthy
D:\Potato\_staging\ethiopia\root\Local\Healthy\Healthy (336).jpg,ethiopia_healthy
D:\Potato\_staging\ethiopia\root\Local\Healthy\Healthy (337).jpg,ethiopia_healthy
D:\Potato\_staging\ethiopia\root\Local\Healthy\Healthy (338).jpg,ethiopia_healthy
D:\Potato\_staging\ethiopia\root\Local\Healthy\Healthy (339).jpg,ethiopia_healthy
D:\Potato\_staging\ethiopia\root\Local\Healthy\Healthy (340).jpg,ethiopia_healthy
D:\Potato\_staging\ethiopia\root\Local\Healthy\Healthy (341).jpg,ethiopia_healthy
D:\Potato\_staging\ethiopia\root\Local\Healthy\Healthy (342).jpg,ethiopia_healthy
D:\Potato\_staging\ethiopia\root\Local\Healthy\Healthy (343).jpg,ethiopia_healthy
D:\Potato\_staging\ethiopia\root\Local\Healthy\Healthy (344).jpg,ethiopia_healthy
D:\Potato\_staging\ethiopia\root\Local\Healthy\Healthy (345).jpg,ethiopia_healthy
D:\Potato\_staging\ethiopia\root\Local\Healthy\Healthy (346).jpg,ethiopia_healthy
D:\Potato\_staging\ethiopia\root\Local\Healthy\Healthy (347).jpg,ethiopia_healthy
D:\Potato\_staging\ethiopia\root\Local\Healthy\Healthy (348).jpg,ethiopia_healthy
D:\Potato\_staging\ethiopia\root\Local\Healthy\Healthy (349).jpg,ethiopia_healthy
D:\Potato\_staging\ethiopia\root\Local\Healthy\Healthy (350).jpg,ethiopia_healthy
D:\Potato\_staging\ethiopia\root\Local\Healthy\Healthy (351).jpg,ethiopia_healthy
D:\Potato\_staging\ethiopia\root\Local\Healthy\Healthy (352).jpg,ethiopia_healthy
D:\Potato\_staging\ethiopia\root\Local\Healthy\Healthy (353).jpg,ethiopia_healthy
D:\Potato\_staging\ethiopia\root\Local\Healthy\Healthy (354).jpg,ethiopia_healthy
D:\Potato\_staging\ethiopia\root\Local\Healthy\Healthy (355).jpg,ethiopia_healthy
D:\Potato\_staging\ethiopia\root\Local\Healthy\Healthy (356).jpg,ethiopia_healthy
D:\Potato\_staging\ethiopia\root\Local\Healthy\Healthy (357).jpg,ethiopia_healthy
D:\Potato\_staging\ethiopia\root\Local\Healthy\Healthy (358).jpg,ethiopia_healthy
D:\Potato\_staging\ethiopia\root\Local\Healthy\Healthy (359).jpg,ethiopia_healthy
D:\Potato\_staging\ethiopia\root\Local\Healthy\Healthy (360).jpg,ethiopia_healthy
D:\Potato\_staging\ethiopia\root\Local\Healthy\Healthy (361).jpg,ethiopia_healthy
D:\Potato\_staging\ethiopia\root\Local\Healthy\Healthy (362).jpg,ethiopia_healthy
D:\Potato\_staging\ethiopia\root\Local\Healthy\Healthy (363).jpg,ethiopia_healthy
D:\Potato\_staging\ethiopia\root\Local\Healthy\Healthy (364).jpg,ethiopia_healthy
D:\Potato\_staging\ethiopia\root\Local\Healthy\Healthy (365).jpg,ethiopia_healthy
D:\Potato\_staging\ethiopia\root\Local\Healthy\Healthy (366).jpg,ethiopia_healthy
D:\Potato\_staging\ethiopia\root\Local\Healthy\Healthy (367).jpg,ethiopia_healthy
D:\Potato\_staging\ethiopia\root\Local\Healthy\Healthy (368).jpg,ethiopia_healthy
D:\Potato\_staging\ethiopia\root\Local\Healthy\Healthy (369).jpg,ethiopia_healthy
D:\Potato\_staging\ethiopia\root\Local\Healthy\Healthy (370).jpg,ethiopia_healthy
D:\Potato\_staging\ethiopia\root\Local\Healthy\Healthy (371).jpg,ethiopia_healthy
D:\Potato\_staging\ethiopia\root\Local\Healthy\Healthy (372).jpg,ethiopia_healthy
D:\Potato\_staging\ethiopia\root\Local\Healthy\Healthy (373).jpg,ethiopia_healthy
D:\Potato\_staging\ethiopia\root\Local\Healthy\Healthy (374).jpg,ethiopia_healthy
D:\Potato\_staging\ethiopia\root\Local\Healthy\Healthy (375).jpg,ethiopia_healthy
D:\Potato\_staging\ethiopia\root\Local\Healthy\Healthy (376).jpg,ethiopia_healthy
D:\Potato\_staging\ethiopia\root\Local\Healthy\Healthy (377).jpg,ethiopia_healthy
D:\Potato\_staging\ethiopia\root\Local\Healthy\Healthy (378).jpg,ethiopia_healthy
D:\Potato\_staging\ethiopia\root\Local\Healthy\Healthy (379).jpg,ethiopia_healthy
D:\Potato\_staging\ethiopia\root\Local\Healthy\Healthy (380).jpg,ethiopia_healthy
D:\Potato\_staging\ethiopia\root\Local\Healthy\Healthy (381).jpg,ethiopia_healthy
D:\Potato\_staging\ethiopia\root\Local\Healthy\Healthy (382).jpg,ethiopia_healthy
D:\Potato\_staging\ethiopia\root\Local\Healthy\Healthy (383).jpg,ethiopia_healthy
D:\Potato\_staging\ethiopia\root\Local\Healthy\Healthy (384).jpg,ethiopia_healthy
D:\Potato\_staging\ethiopia\root\Local\Healthy\Healthy (385).jpg,ethiopia_healthy
D:\Potato\_staging\ethiopia\root\Local\Healthy\Healthy (386).jpg,ethiopia_healthy
D:\Potato\_staging\ethiopia\root\Local\Healthy\Healthy (387).jpg,ethiopia_healthy
D:\Potato\_staging\ethiopia\root\Local\Healthy\Healthy (388).jpg,ethiopia_healthy
D:\Potato\_staging\ethiopia\root\Local\Healthy\Healthy (389).jpg,ethiopia_healthy
D:\Potato\_staging\ethiopia\root\Local\Healthy\Healthy (390).jpg,ethiopia_healthy
D:\Potato\_staging\ethiopia\root\Local\Healthy\Healthy (391).jpg,ethiopia_healthy
D:\Potato\_staging\ethiopia\root\Local\Healthy\Healthy (392).jpg,ethiopia_healthy
D:\Potato\_staging\ethiopia\root\Local\Healthy\Healthy (393).jpg,ethiopia_healthy
D:\Potato\_staging\ethiopia\root\Local\Healthy\Healthy (394).jpg,ethiopia_healthy
D:\Potato\_staging\ethiopia\root\Local\Healthy\Healthy (395).jpg,ethiopia_healthy
D:\Potato\_staging\ethiopia\root\Local\Healthy\Healthy (396).jpg,ethiopia_healthy
D:\Potato\_staging\ethiopia\root\Local\Healthy\Healthy (397).jpg,ethiopia_healthy
D:\Potato\_staging\ethiopia\root\Local\Healthy\Healthy (398).jpg,ethiopia_healthy
D:\Potato\_staging\ethiopia\root\Local\Healthy\Healthy (399).jpg,ethiopia_healthy
D:\Potato\_staging\ethiopia\root\Local\Healthy\Healthy (4).jpg,ethiopia_healthy
D:\Potato\_staging\ethiopia\root\Local\Healthy\Healthy (400).jpg,ethiopia_healthy
D:\Potato\_staging\ethiopia\root\Local\Healthy\Healthy (401).jpg,ethiopia_healthy
D:\Potato\_staging\ethiopia\root\Local\Healthy\Healthy (402).jpg,ethiopia_healthy
D:\Potato\_staging\ethiopia\root\Local\Healthy\Healthy (403).jpg,ethiopia_healthy
D:\Potato\_staging\ethiopia\root\Local\Healthy\Healthy (404).jpg,ethiopia_healthy
D:\Potato\_staging\ethiopia\root\Local\Healthy\Healthy (405).jpg,ethiopia_healthy
D:\Potato\_staging\ethiopia\root\Local\Healthy\Healthy (406).jpg,ethiopia_healthy
D:\Potato\_staging\ethiopia\root\Local\Healthy\Healthy (407).jpg,ethiopia_healthy
D:\Potato\_staging\ethiopia\root\Local\Healthy\Healthy (408).jpg,ethiopia_healthy
D:\Potato\_staging\ethiopia\root\Local\Healthy\Healthy (409).jpg,ethiopia_healthy
D:\Potato\_staging\ethiopia\root\Local\Healthy\Healthy (410).jpg,ethiopia_healthy
D:\Potato\_staging\ethiopia\root\Local\Healthy\Healthy (411).jpg,ethiopia_healthy
D:\Potato\_staging\ethiopia\root\Local\Healthy\Healthy (412).jpg,ethiopia_healthy
D:\Potato\_staging\ethiopia\root\Local\Healthy\Healthy (413).jpg,ethiopia_healthy
D:\Potato\_staging\ethiopia\root\Local\Healthy\Healthy (414).jpg,ethiopia_healthy
D:\Potato\_staging\ethiopia\root\Local\Healthy\Healthy (415).jpg,ethiopia_healthy
D:\Potato\_staging\ethiopia\root\Local\Healthy\Healthy (416).jpg,ethiopia_healthy
D:\Potato\_staging\ethiopia\root\Local\Healthy\Healthy (417).jpg,ethiopia_healthy
D:\Potato\_staging\ethiopia\root\Local\Healthy\Healthy (418).jpg,ethiopia_healthy
D:\Potato\_staging\ethiopia\root\Local\Healthy\Healthy (419).jpg,ethiopia_healthy
D:\Potato\_staging\ethiopia\root\Local\Healthy\Healthy (420).jpg,ethiopia_healthy
D:\Potato\_staging\ethiopia\root\Local\Healthy\Healthy (421).jpg,ethiopia_healthy
D:\Potato\_staging\ethiopia\root\Local\Healthy\Healthy (422).jpg,ethiopia_healthy
D:\Potato\_staging\ethiopia\root\Local\Healthy\Healthy (423).jpg,ethiopia_healthy
D:\Potato\_staging\ethiopia\root\Local\Healthy\Healthy (424).jpg,ethiopia_healthy
D:\Potato\_staging\ethiopia\root\Local\Healthy\Healthy (425).jpg,ethiopia_healthy
D:\Potato\_staging\ethiopia\root\Local\Healthy\Healthy (426).jpg,ethiopia_healthy
D:\Potato\_staging\ethiopia\root\Local\Healthy\Healthy (427).jpg,ethiopia_healthy
D:\Potato\_staging\ethiopia\root\Local\Healthy\Healthy (428).jpg,ethiopia_healthy
D:\Potato\_staging\ethiopia\root\Local\Healthy\Healthy (429).jpg,ethiopia_healthy
D:\Potato\_staging\ethiopia\root\Local\Healthy\Healthy (430).jpg,ethiopia_healthy
D:\Potato\_staging\ethiopia\root\Local\Healthy\Healthy (431).jpg,ethiopia_healthy
D:\Potato\_staging\ethiopia\root\Local\Healthy\Healthy (432).jpg,ethiopia_healthy
D:\Potato\_staging\ethiopia\root\Local\Healthy\Healthy (433).jpg,ethiopia_healthy
D:\Potato\_staging\ethiopia\root\Local\Healthy\Healthy (434).jpg,ethiopia_healthy
D:\Potato\_staging\ethiopia\root\Local\Healthy\Healthy (435).jpg,ethiopia_healthy
D:\Potato\_staging\ethiopia\root\Local\Healthy\Healthy (436).jpg,ethiopia_healthy
D:\Potato\_staging\ethiopia\root\Local\Healthy\Healthy (437).jpg,ethiopia_healthy
D:\Potato\_staging\ethiopia\root\Local\Healthy\Healthy (438).jpg,ethiopia_healthy
D:\Potato\_staging\ethiopia\root\Local\Healthy\Healthy (439).jpg,ethiopia_healthy
D:\Potato\_staging\ethiopia\root\Local\Healthy\Healthy (440).jpg,ethiopia_healthy
D:\Potato\_staging\ethiopia\root\Local\Healthy\Healthy (441).jpg,ethiopia_healthy
D:\Potato\_staging\ethiopia\root\Local\Healthy\Healthy (442).jpg,ethiopia_healthy
D:\Potato\_staging\ethiopia\root\Local\Healthy\Healthy (443).jpg,ethiopia_healthy
D:\Potato\_staging\ethiopia\root\Local\Healthy\Healthy (444).jpg,ethiopia_healthy
D:\Potato\_staging\ethiopia\root\Local\Healthy\Healthy (445).jpg,ethiopia_healthy
D:\Potato\_staging\ethiopia\root\Local\Healthy\Healthy (446).jpg,ethiopia_healthy
D:\Potato\_staging\ethiopia\root\Local\Healthy\Healthy (447).jpg,ethiopia_healthy
D:\Potato\_staging\ethiopia\root\Local\Healthy\Healthy (448).jpg,ethiopia_healthy
D:\Potato\_staging\ethiopia\root\Local\Healthy\Healthy (449).jpg,ethiopia_healthy
D:\Potato\_staging\ethiopia\root\Local\Healthy\Healthy (450).jpg,ethiopia_healthy
D:\Potato\_staging\ethiopia\root\Local\Healthy\Healthy (451).jpg,ethiopia_healthy
D:\Potato\_staging\ethiopia\root\Local\Healthy\Healthy (452).jpg,ethiopia_healthy
D:\Potato\_staging\ethiopia\root\Local\Healthy\Healthy (453).jpg,ethiopia_healthy
D:\Potato\_staging\ethiopia\root\Local\Healthy\Healthy (454).jpg,ethiopia_healthy
D:\Potato\_staging\ethiopia\root\Local\Healthy\Healthy (455).jpg,ethiopia_healthy
D:\Potato\_staging\ethiopia\root\Local\Healthy\Healthy (456).jpg,ethiopia_healthy
D:\Potato\_staging\ethiopia\root\Local\Healthy\Healthy (457).jpg,ethiopia_healthy
D:\Potato\_staging\ethiopia\root\Local\Healthy\Healthy (458).jpg,ethiopia_healthy
D:\Potato\_staging\ethiopia\root\Local\Healthy\Healthy (459).jpg,ethiopia_healthy
D:\Potato\_staging\ethiopia\root\Local\Healthy\Healthy (460).jpg,ethiopia_healthy
D:\Potato\_staging\ethiopia\root\Local\Healthy\Healthy (461).jpg,ethiopia_healthy
D:\Potato\_staging\ethiopia\root\Local\Healthy\Healthy (462).jpg,ethiopia_healthy
D:\Potato\_staging\ethiopia\root\Local\Healthy\Healthy (463).jpg,ethiopia_healthy
D:\Potato\_staging\ethiopia\root\Local\Healthy\Healthy (464).jpg,ethiopia_healthy
D:\Potato\_staging\ethiopia\root\Local\Healthy\Healthy (465).jpg,ethiopia_healthy
D:\Potato\_staging\ethiopia\root\Local\Healthy\Healthy (466).jpg,ethiopia_healthy
D:\Potato\_staging\ethiopia\root\Local\Healthy\Healthy (467).jpg,ethiopia_healthy
D:\Potato\_staging\ethiopia\root\Local\Healthy\Healthy (468).jpg,ethiopia_healthy
D:\Potato\_staging\ethiopia\root\Local\Healthy\Healthy (469).jpg,ethiopia_healthy
D:\Potato\_staging\ethiopia\root\Local\Healthy\Healthy (470).jpg,ethiopia_healthy
D:\Potato\_staging\ethiopia\root\Local\Healthy\Healthy (471).jpg,ethiopia_healthy
D:\Potato\_staging\ethiopia\root\Local\Healthy\Healthy (472).jpg,ethiopia_healthy
D:\Potato\_staging\ethiopia\root\Local\Healthy\Healthy (473).jpg,ethiopia_healthy
D:\Potato\_staging\ethiopia\root\Local\Healthy\Healthy (474).jpg,ethiopia_healthy
D:\Potato\_staging\ethiopia\root\Local\Healthy\Healthy (475).jpg,ethiopia_healthy
D:\Potato\_staging\ethiopia\root\Local\Healthy\Healthy (476).jpg,ethiopia_healthy
D:\Potato\_staging\ethiopia\root\Local\Healthy\Healthy (477).jpg,ethiopia_healthy
D:\Potato\_staging\ethiopia\root\Local\Healthy\Healthy (478).jpg,ethiopia_healthy
D:\Potato\_staging\ethiopia\root\Local\Healthy\Healthy (479).jpg,ethiopia_healthy
D:\Potato\_staging\ethiopia\root\Local\Healthy\Healthy (480).jpg,ethiopia_healthy
D:\Potato\_staging\ethiopia\root\Local\Healthy\Healthy (481).jpg,ethiopia_healthy
D:\Potato\_staging\ethiopia\root\Local\Healthy\Healthy (482).jpg,ethiopia_healthy
D:\Potato\_staging\ethiopia\root\Local\Healthy\Healthy (483).jpg,ethiopia_healthy
D:\Potato\_staging\ethiopia\root\Local\Healthy\Healthy (484).jpg,ethiopia_healthy
D:\Potato\_staging\ethiopia\root\Local\Healthy\Healthy (485).jpg,ethiopia_healthy
D:\Potato\_staging\ethiopia\root\Local\Healthy\Healthy (486).jpg,ethiopia_healthy
D:\Potato\_staging\ethiopia\root\Local\Healthy\Healthy (487).jpg,ethiopia_healthy
D:\Potato\_staging\ethiopia\root\Local\Healthy\Healthy (488).jpg,ethiopia_healthy
D:\Potato\_staging\ethiopia\root\Local\Healthy\Healthy (489).jpg,ethiopia_healthy
D:\Potato\_staging\ethiopia\root\Local\Healthy\Healthy (490).jpg,ethiopia_healthy
D:\Potato\_staging\ethiopia\root\Local\Healthy\Healthy (491).jpg,ethiopia_healthy
D:\Potato\_staging\ethiopia\root\Local\Healthy\Healthy (492).jpg,ethiopia_healthy
D:\Potato\_staging\ethiopia\root\Local\Healthy\Healthy (493).jpg,ethiopia_healthy
D:\Potato\_staging\ethiopia\root\Local\Healthy\Healthy (494).jpg,ethiopia_healthy
D:\Potato\_staging\ethiopia\root\Local\Healthy\Healthy (495).jpg,ethiopia_healthy
D:\Potato\_staging\ethiopia\root\Local\Healthy\Healthy (496).jpg,ethiopia_healthy
D:\Potato\_staging\ethiopia\root\Local\Healthy\Healthy (497).jpg,ethiopia_healthy
D:\Potato\_staging\ethiopia\root\Local\Healthy\Healthy (498).jpg,ethiopia_healthy
D:\Potato\_staging\ethiopia\root\Local\Healthy\Healthy (499).jpg,ethiopia_healthy
D:\Potato\_staging\ethiopia\root\Local\Healthy\Healthy (5).jpg,ethiopia_healthy
D:\Potato\_staging\ethiopia\root\Local\Healthy\Healthy (500).jpg,ethiopia_healthy
D:\Potato\_staging\ethiopia\root\Local\Healthy\Healthy (501).jpg,ethiopia_healthy
D:\Potato\_staging\ethiopia\root\Local\Healthy\Healthy (502).jpg,ethiopia_healthy
D:\Potato\_staging\ethiopia\root\Local\Healthy\Healthy (503).jpg,ethiopia_healthy
D:\Potato\_staging\ethiopia\root\Local\Healthy\Healthy (504).jpg,ethiopia_healthy
D:\Potato\_staging\ethiopia\root\Local\Healthy\Healthy (505).jpg,ethiopia_healthy
D:\Potato\_staging\ethiopia\root\Local\Healthy\Healthy (506).jpg,ethiopia_healthy
D:\Potato\_staging\ethiopia\root\Local\Healthy\Healthy (507).jpg,ethiopia_healthy
D:\Potato\_staging\ethiopia\root\Local\Healthy\Healthy (508).jpg,ethiopia_healthy
D:\Potato\_staging\ethiopia\root\Local\Healthy\Healthy (509).jpg,ethiopia_healthy
D:\Potato\_staging\ethiopia\root\Local\Healthy\Healthy (510).jpg,ethiopia_healthy
D:\Potato\_staging\ethiopia\root\Local\Healthy\Healthy (511).jpg,ethiopia_healthy
D:\Potato\_staging\ethiopia\root\Local\Healthy\Healthy (512).jpg,ethiopia_healthy
D:\Potato\_staging\ethiopia\root\Local\Healthy\Healthy (513).jpg,ethiopia_healthy
D:\Potato\_staging\ethiopia\root\Local\Healthy\Healthy (514).jpg,ethiopia_healthy
D:\Potato\_staging\ethiopia\root\Local\Healthy\Healthy (515).jpg,ethiopia_healthy
D:\Potato\_staging\ethiopia\root\Local\Healthy\Healthy (6).jpg,ethiopia_healthy
D:\Potato\_staging\ethiopia\root\Local\Healthy\Healthy (7).jpg,ethiopia_healthy
D:\Potato\_staging\ethiopia\root\Local\Healthy\Healthy (8).jpg,ethiopia_healthy
D:\Potato\_staging\ethiopia\root\Local\Healthy\Healthy (9).jpg,ethiopia_healthy
D:\Potato\_staging\ethiopia\root\Local\Late Blight\Late_Blight (449).jpg,ethiopia_late_blight
D:\Potato\_staging\ethiopia\root\Local\Late Blight\Late_Blight (450).jpg,ethiopia_late_blight
D:\Potato\_staging\ethiopia\root\Local\Late Blight\Late_Blight (451).jpg,ethiopia_late_blight
D:\Potato\_staging\ethiopia\root\Local\Late Blight\Late_Blight (452).jpg,ethiopia_late_blight
D:\Potato\_staging\ethiopia\root\Local\Late Blight\Late_Blight (453).jpg,ethiopia_late_blight
D:\Potato\_staging\ethiopia\root\Local\Late Blight\Late_Blight (454).jpg,ethiopia_late_blight
D:\Potato\_staging\ethiopia\root\Local\Late Blight\Late_Blight (455).jpg,ethiopia_late_blight
D:\Potato\_staging\ethiopia\root\Local\Late Blight\Late_Blight (456).jpg,ethiopia_late_blight
D:\Potato\_staging\ethiopia\root\Local\Late Blight\Late_Blight (457).jpg,ethiopia_late_blight
D:\Potato\_staging\ethiopia\root\Local\Late Blight\Late_Blight (458).jpg,ethiopia_late_blight
D:\Potato\_staging\ethiopia\root\Local\Late Blight\Late_Blight (459).jpg,ethiopia_late_blight
D:\Potato\_staging\ethiopia\root\Local\Late Blight\Late_Blight (460).jpg,ethiopia_late_blight
D:\Potato\_staging\ethiopia\root\Local\Late Blight\Late_Blight (461).jpg,ethiopia_late_blight
D:\Potato\_staging\ethiopia\root\Local\Late Blight\Late_Blight (462).jpg,ethiopia_late_blight
D:\Potato\_staging\ethiopia\root\Local\Late Blight\Late_Blight (463).jpg,ethiopia_late_blight
D:\Potato\_staging\ethiopia\root\Local\Late Blight\Late_Blight (464).jpg,ethiopia_late_blight
D:\Potato\_staging\ethiopia\root\Local\Late Blight\Late_Blight (465).jpg,ethiopia_late_blight
D:\Potato\_staging\ethiopia\root\Local\Late Blight\Late_Blight (466).jpg,ethiopia_late_blight
D:\Potato\_staging\ethiopia\root\Local\Late Blight\Late_Blight (467).jpg,ethiopia_late_blight
D:\Potato\_staging\ethiopia\root\Local\Late Blight\Late_Blight (468).jpg,ethiopia_late_blight
D:\Potato\_staging\ethiopia\root\Local\Late Blight\Late_Blight (469).jpg,ethiopia_late_blight
D:\Potato\_staging\ethiopia\root\Local\Late Blight\Late_Blight (470).jpg,ethiopia_late_blight
D:\Potato\_staging\ethiopia\root\Local\Late Blight\Late_Blight (471).jpg,ethiopia_late_blight
D:\Potato\_staging\ethiopia\root\Local\Late Blight\Late_Blight (472).jpg,ethiopia_late_blight
D:\Potato\_staging\ethiopia\root\Local\Late Blight\Late_Blight (473).jpg,ethiopia_late_blight
D:\Potato\_staging\ethiopia\root\Local\Late Blight\Late_Blight (474).jpg,ethiopia_late_blight
D:\Potato\_staging\ethiopia\root\Local\Late Blight\Late_Blight (475).jpg,ethiopia_late_blight
D:\Potato\_staging\ethiopia\root\Local\Late Blight\Late_Blight (476).jpg,ethiopia_late_blight
D:\Potato\_staging\ethiopia\root\Local\Late Blight\Late_Blight (477).jpg,ethiopia_late_blight
D:\Potato\_staging\ethiopia\root\Local\Late Blight\Late_Blight (478).jpg,ethiopia_late_blight
D:\Potato\_staging\ethiopia\root\Local\Late Blight\Late_Blight (479).jpg,ethiopia_late_blight
D:\Potato\_staging\ethiopia\root\Local\Late Blight\Late_Blight (480).jpg,ethiopia_late_blight
D:\Potato\_staging\ethiopia\root\Local\Late Blight\Late_Blight (481).jpg,ethiopia_late_blight
D:\Potato\_staging\ethiopia\root\Local\Late Blight\Late_Blight (482).jpg,ethiopia_late_blight
D:\Potato\_staging\ethiopia\root\Local\Late Blight\Late_Blight (483).jpg,ethiopia_late_blight
D:\Potato\_staging\ethiopia\root\Local\Late Blight\Late_Blight (484).jpg,ethiopia_late_blight
D:\Potato\_staging\ethiopia\root\Local\Late Blight\Late_Blight (485).jpg,ethiopia_late_blight
D:\Potato\_staging\ethiopia\root\Local\Late Blight\Late_Blight (486).jpg,ethiopia_late_blight
D:\Potato\_staging\ethiopia\root\Local\Late Blight\Late_Blight (487).jpg,ethiopia_late_blight
D:\Potato\_staging\ethiopia\root\Local\Late Blight\Late_Blight (488).jpg,ethiopia_late_blight
D:\Potato\_staging\ethiopia\root\Local\Late Blight\Late_Blight (489).jpg,ethiopia_late_blight
D:\Potato\_staging\ethiopia\root\Local\Late Blight\Late_Blight (490).jpg,ethiopia_late_blight
D:\Potato\_staging\ethiopia\root\Local\Late Blight\Late_Blight (491).jpg,ethiopia_late_blight
D:\Potato\_staging\ethiopia\root\Local\Late Blight\Late_Blight (492).jpg,ethiopia_late_blight
D:\Potato\_staging\ethiopia\root\Local\Late Blight\Late_Blight (493).jpg,ethiopia_late_blight
D:\Potato\_staging\ethiopia\root\Local\Late Blight\Late_Blight (494).jpg,ethiopia_late_blight
D:\Potato\_staging\ethiopia\root\Local\Late Blight\Late_Blight (495).jpg,ethiopia_late_blight
D:\Potato\_staging\ethiopia\root\Local\Late Blight\Late_Blight (496).jpg,ethiopia_late_blight
D:\Potato\_staging\ethiopia\root\Local\Late Blight\Late_Blight (497).jpg,ethiopia_late_blight
D:\Potato\_staging\ethiopia\root\Local\Late Blight\Late_Blight (498).jpg,ethiopia_late_blight
D:\Potato\_staging\ethiopia\root\Local\Late Blight\Late_Blight (499).jpg,ethiopia_late_blight
D:\Potato\_staging\ethiopia\root\Local\Late Blight\Late_Blight (500).jpg,ethiopia_late_blight
D:\Potato\_staging\ethiopia\root\Local\Late Blight\Late_Blight (501).jpg,ethiopia_late_blight
D:\Potato\_staging\ethiopia\root\Local\Late Blight\Late_Blight (502).jpg,ethiopia_late_blight
D:\Potato\_staging\ethiopia\root\Local\Late Blight\Late_Blight (503).jpg,ethiopia_late_blight
D:\Potato\_staging\ethiopia\root\Local\Late Blight\Late_Blight (504).jpg,ethiopia_late_blight
D:\Potato\_staging\ethiopia\root\Local\Late Blight\Late_Blight (505).jpg,ethiopia_late_blight
D:\Potato\_staging\ethiopia\root\Local\Late Blight\Late_Blight (506).jpg,ethiopia_late_blight
D:\Potato\_staging\ethiopia\root\Local\Late Blight\Late_Blight (507).jpg,ethiopia_late_blight
D:\Potato\_staging\ethiopia\root\Local\Late Blight\Late_Blight (508).jpg,ethiopia_late_blight
D:\Potato\_staging\ethiopia\root\Local\Late Blight\Late_Blight (509).jpg,ethiopia_late_blight
D:\Potato\_staging\ethiopia\root\Local\Late Blight\Late_Blight (510).jpg,ethiopia_late_blight
D:\Potato\_staging\ethiopia\root\Local\Late Blight\Late_Blight (511).jpg,ethiopia_late_blight
D:\Potato\_staging\ethiopia\root\Local\Late Blight\Late_Blight (512).jpg,ethiopia_late_blight
D:\Potato\_staging\ethiopia\root\Local\Late Blight\Late_Blight (513).jpg,ethiopia_late_blight
D:\Potato\_staging\ethiopia\root\Local\Late Blight\Late_Blight (514).jpg,ethiopia_late_blight
D:\Potato\_staging\ethiopia\root\Local\Late Blight\Late_Blight (515).jpg,ethiopia_late_blight
D:\Potato\_staging\bari\Potato Leaf Disease Dataset\Bacterial Soft Rot\orig_2.jpg,bari_bacterial_soft_rot
D:\Potato\_staging\bari\Potato Leaf Disease Dataset\Bacterial Soft Rot\orig_5.jpg,bari_bacterial_soft_rot
D:\Potato\_staging\bari\Potato Leaf Disease Dataset\Bacterial Soft Rot\orig_6.jpg,bari_bacterial_soft_rot
D:\Potato\_staging\bari\Potato Leaf Disease Dataset\Bacterial Soft Rot\orig_0.jpg,bari_bacterial_soft_rot
D:\Potato\_staging\bari\Potato Leaf Disease Dataset\Bacterial Soft Rot\orig_1.jpg,bari_bacterial_soft_rot
D:\Potato\_staging\bari\Potato Leaf Disease Dataset\Bacterial Soft Rot\orig_4.jpg,bari_bacterial_soft_rot
D:\Potato\_staging\bari\Potato Leaf Disease Dataset\Bacterial Soft Rot\orig_3.jpg,bari_bacterial_soft_rot
D:\Potato\_staging\bari\Potato Leaf Disease Dataset\Healthy\orig_10.jpg,bari_healthy
D:\Potato\_staging\bari\Potato Leaf Disease Dataset\Healthy\orig_14.jpg,bari_healthy
D:\Potato\_staging\bari\Potato Leaf Disease Dataset\Healthy\orig_11.jpg,bari_healthy
D:\Potato\_staging\bari\Potato Leaf Disease Dataset\Healthy\orig_13.jpg,bari_healthy
D:\Potato\_staging\bari\Potato Leaf Disease Dataset\Healthy\orig_6.jpg,bari_healthy
D:\Potato\_staging\bari\Potato Leaf Disease Dataset\Healthy\orig_5.jpg,bari_healthy
D:\Potato\_staging\bari\Potato Leaf Disease Dataset\Healthy\orig_12.jpg,bari_healthy
D:\Potato\_staging\bari\Potato Leaf Disease Dataset\Healthy\orig_15.jpg,bari_healthy
D:\Potato\_staging\bari\Potato Leaf Disease Dataset\Healthy\orig_9.jpg,bari_healthy
D:\Potato\_staging\bari\Potato Leaf Disease Dataset\Healthy\orig_7.jpg,bari_healthy
D:\Potato\_staging\bari\Potato Leaf Disease Dataset\Healthy\orig_3.jpg,bari_healthy
D:\Potato\_staging\bari\Potato Leaf Disease Dataset\Healthy\orig_8.jpg,bari_healthy
D:\Potato\_staging\bari\Potato Leaf Disease Dataset\Healthy\orig_4.jpg,bari_healthy
D:\Potato\_staging\bari\Potato Leaf Disease Dataset\Healthy\orig_2.jpg,bari_healthy
D:\Potato\_staging\bari\Potato Leaf Disease Dataset\Viral Leaf Roll\orig_30.jpg,bari_viral_leaf_roll
D:\Potato\_staging\bari\Potato Leaf Disease Dataset\Viral Leaf Roll\orig_32.jpg,bari_viral_leaf_roll
D:\Potato\_staging\bari\Potato Leaf Disease Dataset\Viral Leaf Roll\orig_20.jpg,bari_viral_leaf_roll
D:\Potato\_staging\bari\Potato Leaf Disease Dataset\Viral Leaf Roll\orig_18.jpg,bari_viral_leaf_roll
D:\Potato\_staging\bari\Potato Leaf Disease Dataset\Viral Leaf Roll\orig_29.jpg,bari_viral_leaf_roll
D:\Potato\_staging\bari\Potato Leaf Disease Dataset\Viral Leaf Roll\orig_25.jpg,bari_viral_leaf_roll
D:\Potato\_staging\bari\Potato Leaf Disease Dataset\Viral Leaf Roll\orig_17.jpg,bari_viral_leaf_roll
D:\Potato\_staging\bari\Potato Leaf Disease Dataset\Viral Leaf Roll\orig_21.jpg,bari_viral_leaf_roll
D:\Potato\_staging\bari\Potato Leaf Disease Dataset\Healthy\orig_1.jpg,bari_healthy
D:\Potato\_staging\bari\Potato Leaf Disease Dataset\Viral Leaf Roll\orig_28.jpg,bari_viral_leaf_roll
D:\Potato\_staging\bari\Potato Leaf Disease Dataset\Viral Leaf Roll\orig_26.jpg,bari_viral_leaf_roll
D:\Potato\_staging\bari\Potato Leaf Disease Dataset\Viral Leaf Roll\orig_24.jpg,bari_viral_leaf_roll
D:\Potato\_staging\bari\Potato Leaf Disease Dataset\Viral Leaf Roll\orig_19.jpg,bari_viral_leaf_roll
D:\Potato\_staging\bari\Potato Leaf Disease Dataset\Viral Leaf Roll\orig_15.jpg,bari_viral_leaf_roll
D:\Potato\_staging\bari\Potato Leaf Disease Dataset\Viral Leaf Roll\orig_27.jpg,bari_viral_leaf_roll
D:\Potato\_staging\bari\Potato Leaf Disease Dataset\Viral Leaf Roll\orig_23.jpg,bari_viral_leaf_roll
D:\Potato\_staging\bari\Potato Leaf Disease Dataset\Viral Leaf Roll\orig_22.jpg,bari_viral_leaf_roll
D:\Potato\_staging\bari\Potato Leaf Disease Dataset\Viral Leaf Roll\orig_16.jpg,bari_viral_leaf_roll
D:\Potato\_staging\bari\Potato Leaf Disease Dataset\Viral Leaf Roll\orig_31.jpg,bari_viral_leaf_roll
D:\Potato\_staging\bari\Potato Leaf Disease Dataset\Viral Leaf Roll\orig_14.jpg,bari_viral_leaf_roll
D:\Potato\_staging\bari\Potato Leaf Disease Dataset\Viral Leaf Roll\orig_11.jpg,bari_viral_leaf_roll
D:\Potato\_staging\bari\Potato Leaf Disease Dataset\Viral Leaf Roll\orig_3.jpg,bari_viral_leaf_roll
D:\Potato\_staging\bari\Potato Leaf Disease Dataset\Healthy\orig_0.jpg,bari_healthy
D:\Potato\_staging\bari\Potato Leaf Disease Dataset\Viral Leaf Roll\orig_10.jpg,bari_viral_leaf_roll
D:\Potato\_staging\bari\Potato Leaf Disease Dataset\Viral Leaf Roll\orig_13.jpg,bari_viral_leaf_roll
D:\Potato\_staging\bari\Potato Leaf Disease Dataset\Viral Leaf Roll\orig_4.jpg,bari_viral_leaf_roll
D:\Potato\_staging\bari\Potato Leaf Disease Dataset\Viral Leaf Roll\orig_5.jpg,bari_viral_leaf_roll
D:\Potato\_staging\bari\Potato Leaf Disease Dataset\Viral Leaf Roll\orig_6.jpg,bari_viral_leaf_roll
D:\Potato\_staging\bari\Potato Leaf Disease Dataset\Viral Leaf Roll\orig_9.jpg,bari_viral_leaf_roll
D:\Potato\_staging\bari\Potato Leaf Disease Dataset\Viral Leaf Roll\orig_8.jpg,bari_viral_leaf_roll
D:\Potato\_staging\bari\Potato Leaf Disease Dataset\Viral Leaf Roll\orig_7.jpg,bari_viral_leaf_roll
D:\Potato\_staging\bari\Potato Leaf Disease Dataset\Viral Leaf Roll\orig_1.jpg,bari_viral_leaf_roll
D:\Potato\_staging\bari\Potato Leaf Disease Dataset\Viral Leaf Roll\orig_2.jpg,bari_viral_leaf_roll
D:\Potato\_staging\bari\Potato Leaf Disease Dataset\Viral Leaf Roll\orig_12.jpg,bari_viral_leaf_roll
D:\Potato\_staging\bari\Potato Leaf Disease Dataset\Viral Leaf Roll\orig_0.jpg,bari_viral_leaf_roll
D:\Potato\_staging\bari\Potato Leaf Disease Dataset\Viral PVY\orig_0.jpg,bari_viral_pvy
D:\Potato\_staging\bari\Potato Leaf Disease Dataset\Viral PVY\orig_1.jpg,bari_viral_pvy
D:\Potato\_staging\bari\Potato Leaf Disease Dataset\Fungal Late Blight\orig_7.jpg,bari_fungal_late_blight
D:\Potato\_staging\bari\Potato Leaf Disease Dataset\Fungal Late Blight\orig_8.jpg,bari_fungal_late_blight
D:\Potato\_staging\bari\Potato Leaf Disease Dataset\Fungal Late Blight\orig_3.jpg,bari_fungal_late_blight
D:\Potato\_staging\bari\Potato Leaf Disease Dataset\Fungal Late Blight\orig_9.jpg,bari_fungal_late_blight
D:\Potato\_staging\bari\Potato Leaf Disease Dataset\Fungal Late Blight\orig_2.jpg,bari_fungal_late_blight
D:\Potato\_staging\bari\Potato Leaf Disease Dataset\Fungal Late Blight\orig_6.jpg,bari_fungal_late_blight
D:\Potato\_staging\bari\Potato Leaf Disease Dataset\Fungal Late Blight\orig_1.jpg,bari_fungal_late_blight
D:\Potato\_staging\bari\Potato Leaf Disease Dataset\Fungal Late Blight\orig_0.jpg,bari_fungal_late_blight
D:\Potato\_staging\bari\Potato Leaf Disease Dataset\Fungal Late Blight\orig_5.jpg,bari_fungal_late_blight
D:\Potato\_staging\bari\Potato Leaf Disease Dataset\Fungal Late Blight\orig_4.jpg,bari_fungal_late_blight
D:\Potato\_staging\bari\Potato Leaf Disease Dataset\Fungal Late Blight\orig_19.jpg,bari_fungal_late_blight
D:\Potato\_staging\bari\Potato Leaf Disease Dataset\Fungal Late Blight\orig_17.jpg,bari_fungal_late_blight
D:\Potato\_staging\bari\Potato Leaf Disease Dataset\Fungal Late Blight\orig_18.jpg,bari_fungal_late_blight
D:\Potato\_staging\bari\Potato Leaf Disease Dataset\Fungal Late Blight\orig_16.jpg,bari_fungal_late_blight
D:\Potato\_staging\bari\Potato Leaf Disease Dataset\Viral PVX\orig_5.jpg,bari_viral_pvx
D:\Potato\_staging\bari\Potato Leaf Disease Dataset\Fungal Late Blight\orig_15.jpg,bari_fungal_late_blight
D:\Potato\_staging\bari\Potato Leaf Disease Dataset\Fungal Late Blight\orig_14.jpg,bari_fungal_late_blight
D:\Potato\_staging\bari\Potato Leaf Disease Dataset\Viral PVX\orig_4.jpg,bari_viral_pvx
D:\Potato\_staging\bari\Potato Leaf Disease Dataset\Viral PVX\orig_3.jpg,bari_viral_pvx
D:\Potato\_staging\bari\Potato Leaf Disease Dataset\Fungal Late Blight\orig_13.jpg,bari_fungal_late_blight
D:\Potato\_staging\bari\Potato Leaf Disease Dataset\Viral PVX\orig_2.jpg,bari_viral_pvx
D:\Potato\_staging\bari\Potato Leaf Disease Dataset\Fungal Late Blight\orig_12.jpg,bari_fungal_late_blight
D:\Potato\_staging\bari\Potato Leaf Disease Dataset\Viral PVX\orig_1.jpg,bari_viral_pvx
D:\Potato\_staging\bari\Potato Leaf Disease Dataset\Fungal Late Blight\orig_11.jpg,bari_fungal_late_blight
D:\Potato\_staging\bari\Potato Leaf Disease Dataset\Fungal Late Blight\orig_10.jpg,bari_fungal_late_blight
D:\Potato\_staging\bari\Potato Leaf Disease Dataset\Viral PVX\orig_0.jpg,bari_viral_pvx
