image_id,url,thumb_url,oi_label,bucket,license,split
baa36e86db249f5f,https://c8.staticflickr.com/6/5458/7079903327_476d71fba6_o.jpg,https://c3.staticflickr.com/6/5458/7079903327_547c9e27e8_z.jpg,/m/01g317,animals_people,https://creativecommons.org/licenses/by/2.0/,openset
1cbe5ba5232e46b8,https://c1.staticflickr.com/1/203/505723645_b12f622c93_o.jpg,https://c4.staticflickr.com/1/203/505723645_c06baa9d86_z.jpg,/m/01g317,animals_people,https://creativecommons.org/licenses/by/2.0/,openset
04f14622a934cb31,https://farm2.staticflickr.com/68/171854383_5f2544a807_o.jpg,https://c7.staticflickr.com/1/68/171854383_5f2544a807_z.jpg?zz=1,/m/01g317,animals_people,https://creativecommons.org/licenses/by/2.0/,openset
da9d94134ce7f01f,https://c8.staticflickr.com/4/3778/8975819814_9571bcc5b5_o.jpg,https://c1.staticflickr.com/4/3778/8975819814_62e7777d6d_z.jpg,/m/01g317,animals_people,https://creativecommons.org/licenses/by/2.0/,openset
4d5af3cc44ab8d7c,https://c5.staticflickr.com/3/2696/4521186962_32165c10ed_o.jpg,https://c2.staticflickr.com/3/2696/4521186962_8a38762545_z.jpg,/m/01g317,animals_people,https://creativecommons.org/licenses/by/2.0/,openset
44599da5c27923b8,https://c1.staticflickr.com/1/152/358742647_f901664e7a_o.jpg,https://c2.staticflickr.com/1/152/358742647_f901664e7a_z.jpg?zz=1,/m/01g317,animals_people,https://creativecommons.org/licenses/by/2.0/,openset
3db7a8ad34d1a07c,https://c5.staticflickr.com/4/3455/3812606722_573665b313_o.jpg,https://c8.staticflickr.com/4/3455/3812606722_d48c1813c5_z.jpg,/m/01g317,animals_people,https://creativecommons.org/licenses/by/2.0/,openset
2521063c77889730,https://farm1.staticflickr.com/7234/7052892803_c00f48dfdc_o.jpg,https://c5.staticflickr.com/8/7234/7052892803_09245049e2_z.jpg,/m/01g317,animals_people,https://creativecommons.org/licenses/by/2.0/,openset
d9116215d92f08c0,https://farm1.staticflickr.com/3210/2652263445_16be1834f2_o.jpg,https://c6.staticflickr.com/4/3210/2652263445_acafbe01b5_z.jpg,/m/01g317,animals_people,https://creativecommons.org/licenses/by/2.0/,openset
1a0b3b4a630b2f53,https://farm4.staticflickr.com/7428/12467714054_2213715c63_o.jpg,https://c8.staticflickr.com/8/7428/12467714054_a35b64dac8_z.jpg,/m/01g317,animals_people,https://creativecommons.org/licenses/by/2.0/,openset
c62bddd63576f8f3,https://farm4.staticflickr.com/2938/14521529385_d4ca7f580d_o.jpg,https://c6.staticflickr.com/3/2938/14521529385_4511bcc68b_z.jpg,/m/01g317,animals_people,https://creativecommons.org/licenses/by/2.0/,openset
da5a1538a85d511d,https://c6.staticflickr.com/1/49/184443055_8680bf07be_o.jpg,https://c5.staticflickr.com/1/49/184443055_8680bf07be_z.jpg?zz=1,/m/01g317,animals_people,https://creativecommons.org/licenses/by/2.0/,openset
9e76c703a7d765e4,https://farm5.staticflickr.com/4134/4860303591_26a3034896_o.jpg,https://c4.staticflickr.com/5/4134/4860303591_c7e517c0b2_z.jpg,/m/01g317,animals_people,https://creativecommons.org/licenses/by/2.0/,openset
15a8f1680157449f,https://c8.staticflickr.com/8/7283/16862169652_b98c1e999b_o.jpg,https://c6.staticflickr.com/8/7283/16862169652_5f9439cce9_z.jpg,/m/01g317,animals_people,https://creativecommons.org/licenses/by/2.0/,openset
ac077c410fd6c5f6,https://farm7.staticflickr.com/5169/14073332743_4a4abc1aec_o.jpg,https://c4.staticflickr.com/6/5169/14073332743_a58e276d59_z.jpg,/m/01g317,animals_people,https://creativecommons.org/licenses/by/2.0/,openset
79474020222424ce,https://c7.staticflickr.com/4/3745/9391524026_31b30b0055_o.jpg,https://c6.staticflickr.com/4/3745/9391524026_263a9bee6e_z.jpg,/m/01g317,animals_people,https://creativecommons.org/licenses/by/2.0/,openset
06afc29fd637b2e8,https://c1.staticflickr.com/4/3850/14202146800_5dc93ff6e8_o.jpg,https://c8.staticflickr.com/4/3850/14202146800_53b5188671_z.jpg,/m/01g317,animals_people,https://creativecommons.org/licenses/by/2.0/,openset
062f534d850b6098,https://c1.staticflickr.com/9/8257/8663677818_54a74a10e3_o.jpg,https://c5.staticflickr.com/9/8257/8663677818_0c19231960_z.jpg,/m/01g317,animals_people,https://creativecommons.org/licenses/by/2.0/,openset
178a94a16b5256f7,https://farm8.staticflickr.com/2682/4105172224_59067e2ca0_o.jpg,,/m/01g317,animals_people,https://creativecommons.org/licenses/by/2.0/,openset
3c524d532891e43d,https://c6.staticflickr.com/8/7339/10697639403_088f7d5bef_o.jpg,https://c1.staticflickr.com/8/7339/10697639403_9416a11b74_z.jpg,/m/01g317,animals_people,https://creativecommons.org/licenses/by/2.0/,openset
40a6271089f41a07,https://farm8.staticflickr.com/6028/5933118005_c85ec56177_o.jpg,https://c8.staticflickr.com/7/6028/5933118005_9e73184f0d_z.jpg,/m/01g317,animals_people,https://creativecommons.org/licenses/by/2.0/,openset
925efad59807469b,https://c4.staticflickr.com/6/5305/5631585706_838a57bac4_o.jpg,https://c2.staticflickr.com/6/5305/5631585706_798292fe15_z.jpg,/m/01g317,animals_people,https://creativecommons.org/licenses/by/2.0/,openset
af7371c9d89668a9,https://c2.staticflickr.com/9/8438/7833462294_f9db3af5bc_o.jpg,https://c7.staticflickr.com/9/8438/7833462294_32a0114d46_z.jpg,/m/01g317,animals_people,https://creativecommons.org/licenses/by/2.0/,openset
0556139ee15a2ecb,https://c4.staticflickr.com/9/8033/7914550478_f791dbd80e_o.jpg,https://c6.staticflickr.com/9/8033/7914550478_836823af28_z.jpg,/m/01g317,animals_people,https://creativecommons.org/licenses/by/2.0/,openset
a33ce2af0c81fc47,https://farm8.staticflickr.com/3870/14677308257_c94d0681e1_o.jpg,https://c6.staticflickr.com/4/3870/14677308257_aaa806f306_z.jpg,/m/01g317,animals_people,https://creativecommons.org/licenses/by/2.0/,openset
366deac0597d9043,https://farm4.staticflickr.com/2468/4089988380_808e337a9b_o.jpg,,/m/01g317,animals_people,https://creativecommons.org/licenses/by/2.0/,openset
d28cd817588a099f,https://c8.staticflickr.com/1/477/17939339314_36ed538ff3_o.jpg,https://c4.staticflickr.com/1/477/17939339314_1f72de898b_z.jpg,/m/01g317,animals_people,https://creativecommons.org/licenses/by/2.0/,openset
bdd879f4c55d214d,https://c6.staticflickr.com/5/4093/4747387999_f0c71e6999_o.jpg,https://c4.staticflickr.com/5/4093/4747387999_7f5e971d33_z.jpg,/m/01g317,animals_people,https://creativecommons.org/licenses/by/2.0/,openset
cdde1ab7f51d3bc4,https://farm5.staticflickr.com/8011/7534234184_2aa80aefdc_o.jpg,https://c1.staticflickr.com/9/8011/7534234184_57959cb901_z.jpg,/m/01g317,animals_people,https://creativecommons.org/licenses/by/2.0/,openset
9e52617eb7164699,https://c2.staticflickr.com/3/2555/4153526635_1cfc3aa3e5_o.jpg,https://c4.staticflickr.com/3/2555/4153526635_c044248639_z.jpg,/m/01g317,animals_people,https://creativecommons.org/licenses/by/2.0/,openset
789103875b7d9ae8,https://c1.staticflickr.com/5/4043/4468523889_5c7e8ef2fb_o.jpg,https://c6.staticflickr.com/5/4043/4468523889_7476569e4d_z.jpg,/m/01g317,animals_people,https://creativecommons.org/licenses/by/2.0/,openset
3cdf9772aebbc08f,https://c8.staticflickr.com/8/7605/16760373836_1343317153_o.jpg,https://c4.staticflickr.com/8/7605/16760373836_5668884cc2_z.jpg,/m/01g317,animals_people,https://creativecommons.org/licenses/by/2.0/,openset
81643d80d74251a3,https://farm4.staticflickr.com/4073/4936865536_ed0998c925_o.jpg,https://c3.staticflickr.com/5/4073/4936865536_c599c2f024_z.jpg,/m/01g317,animals_people,https://creativecommons.org/licenses/by/2.0/,openset
abade7daa982b9a7,https://farm8.staticflickr.com/1/189766934_a42a7389b3_o.jpg,https://c8.staticflickr.com/1/1/189766934_a42a7389b3_z.jpg?zz=1,/m/01g317,animals_people,https://creativecommons.org/licenses/by/2.0/,openset
4e46dc89511cf45b,https://c4.staticflickr.com/5/4039/4181951348_718a396cc8_o.jpg,https://c2.staticflickr.com/5/4039/4181951348_130a95eacc_z.jpg,/m/01g317,animals_people,https://creativecommons.org/licenses/by/2.0/,openset
f1af79c106b4266a,https://c3.staticflickr.com/4/3401/3626860940_ce2d8d1d5d_o.jpg,https://c6.staticflickr.com/4/3401/3626860940_e87128052f_z.jpg,/m/01g317,animals_people,https://creativecommons.org/licenses/by/2.0/,openset
00dd26d71df3e35c,https://c5.staticflickr.com/4/3542/3459272712_e4489be4f4_o.jpg,https://c2.staticflickr.com/4/3542/3459272712_fd62052454_z.jpg,/m/01g317,animals_people,https://creativecommons.org/licenses/by/2.0/,openset
e0137efeb2cfc3c4,https://farm5.staticflickr.com/3066/3249688618_85ce9b4586_o.jpg,https://c4.staticflickr.com/4/3066/3249688618_704a36a7bf_z.jpg,/m/01g317,animals_people,https://creativecommons.org/licenses/by/2.0/,openset
f06f430b3f1a68bc,https://c5.staticflickr.com/5/4091/5064832942_a92afd0a7a_o.jpg,https://c2.staticflickr.com/5/4091/5064832942_48a37c2fd6_z.jpg,/m/01g317,animals_people,https://creativecommons.org/licenses/by/2.0/,openset
2b05934463dff186,https://farm7.staticflickr.com/2831/10482428236_da31a99cce_o.jpg,https://c1.staticflickr.com/3/2831/10482428236_87936ea1a5_z.jpg,/m/01g317,animals_people,https://creativecommons.org/licenses/by/2.0/,openset
cce1aaab3474a97c,https://c5.staticflickr.com/8/7269/7417267982_9da1324f6d_o.jpg,https://c5.staticflickr.com/8/7269/7417267982_bde6dc87e3_z.jpg,/m/01g317,animals_people,https://creativecommons.org/licenses/by/2.0/,openset
7979f24df26158e9,https://c2.staticflickr.com/4/3615/3555241870_ceecfa4d09_o.jpg,https://c6.staticflickr.com/4/3615/3555241870_be44f60071_z.jpg,/m/01g317,animals_people,https://creativecommons.org/licenses/by/2.0/,openset
60dc5522a0ae4892,https://farm3.staticflickr.com/3788/10126223075_f1f15d23c5_o.jpg,https://c3.staticflickr.com/4/3788/10126223075_6f9d6b0871_z.jpg,/m/01g317,animals_people,https://creativecommons.org/licenses/by/2.0/,openset
4e30a7a02c3bc77d,https://c6.staticflickr.com/6/5505/11432457036_2077622cd5_o.jpg,https://c7.staticflickr.com/6/5505/11432457036_151e849d80_z.jpg,/m/01g317,animals_people,https://creativecommons.org/licenses/by/2.0/,openset
29c99feed5b4f2b4,https://farm5.staticflickr.com/5580/14527070057_beabf862a6_o.jpg,,/m/01g317,animals_people,https://creativecommons.org/licenses/by/2.0/,openset
3b4edc4ed6072829,https://c2.staticflickr.com/2/1391/5163885711_6a77f4085f_o.jpg,https://c6.staticflickr.com/2/1391/5163885711_693fa065ab_z.jpg,/m/01g317,animals_people,https://creativecommons.org/licenses/by/2.0/,openset
e1bb5fdeacd4b11d,https://c6.staticflickr.com/6/5559/14802649075_cc1332557e_o.jpg,https://c3.staticflickr.com/6/5559/14802649075_4902a4f900_z.jpg,/m/01g317,animals_people,https://creativecommons.org/licenses/by/2.0/,openset
5fc8e1aaabbdc970,https://farm1.staticflickr.com/5070/5616698237_70e83b3d88_o.jpg,https://c8.staticflickr.com/6/5070/5616698237_472435c6bb_z.jpg,/m/01g317,animals_people,https://creativecommons.org/licenses/by/2.0/,openset
19f599cef1f4c00f,https://c8.staticflickr.com/4/3833/10601926084_e53a5c234d_o.jpg,https://c7.staticflickr.com/4/3833/10601926084_c923276db8_z.jpg,/m/01g317,animals_people,https://creativecommons.org/licenses/by/2.0/,openset
17484d0bc2603b0c,https://c5.staticflickr.com/1/152/436023863_4c9e0a3a37_o.jpg,https://c6.staticflickr.com/1/152/436023863_51c109b2f4_z.jpg,/m/01g317,animals_people,https://creativecommons.org/licenses/by/2.0/,openset
6caddaff8e2cb82c,https://c5.staticflickr.com/9/8109/8459364247_3199b07de7_o.jpg,https://c6.staticflickr.com/9/8109/8459364247_0546d19917_z.jpg,/m/01g317,animals_people,https://creativecommons.org/licenses/by/2.0/,openset
18671e02b53bd89e,https://c7.staticflickr.com/3/2321/2328038387_d6fbec98b6_o.jpg,https://c1.staticflickr.com/3/2321/2328038387_50b6b84e88_z.jpg,/m/01g317,animals_people,https://creativecommons.org/licenses/by/2.0/,openset
666dc09fc9da597a,https://c3.staticflickr.com/3/2946/15432849581_3fd373196f_o.jpg,https://c6.staticflickr.com/3/2946/15432849581_909ea79fb8_z.jpg,/m/01g317,animals_people,https://creativecommons.org/licenses/by/2.0/,openset
fe3c6920802c43c9,https://c2.staticflickr.com/7/6126/5930304050_e573de0754_o.jpg,https://c2.staticflickr.com/7/6126/5930304050_bd009e325a_z.jpg,/m/01g317,animals_people,https://creativecommons.org/licenses/by/2.0/,openset
61f2c71d689a5899,https://c2.staticflickr.com/5/4040/4356412628_e48ec78e66_o.jpg,https://c2.staticflickr.com/5/4040/4356412628_da01ed8ed6_z.jpg,/m/01g317,animals_people,https://creativecommons.org/licenses/by/2.0/,openset
afef79ee5d1287bc,https://c5.staticflickr.com/3/2523/4135708321_f210300300_o.jpg,https://c7.staticflickr.com/3/2523/4135708321_1588d9e655_z.jpg,/m/01g317,animals_people,https://creativecommons.org/licenses/by/2.0/,openset
4a36a2b5465c3e16,https://farm7.staticflickr.com/3731/9435862932_3e2d8d4a9b_o.jpg,https://c7.staticflickr.com/4/3731/9435862932_4be735d471_z.jpg,/m/01g317,animals_people,https://creativecommons.org/licenses/by/2.0/,openset
f0e64e699e6bdbd2,https://farm3.staticflickr.com/1210/839650008_5f8444a27b_o.jpg,https://c4.staticflickr.com/2/1210/839650008_3d47601b69_z.jpg,/m/01g317,animals_people,https://creativecommons.org/licenses/by/2.0/,openset
09b4d95c0505048b,https://c4.staticflickr.com/1/170/419162269_03a8f60766_o.jpg,https://c4.staticflickr.com/1/170/419162269_0eb537d7f9_z.jpg?zz=1,/m/01g317,animals_people,https://creativecommons.org/licenses/by/2.0/,openset
d6f00e5d9f4b5752,https://farm3.staticflickr.com/4014/4370157315_6aea762735_o.jpg,https://c1.staticflickr.com/5/4014/4370157315_9d558b09e2_z.jpg,/m/01g317,animals_people,https://creativecommons.org/licenses/by/2.0/,openset
846ca70c36648a5f,https://c8.staticflickr.com/9/8001/7541540348_87a8ee80a6_o.jpg,https://c7.staticflickr.com/9/8001/7541540348_82fd2c6073_z.jpg,/m/01g317,animals_people,https://creativecommons.org/licenses/by/2.0/,openset
9bb4c23cb25b46db,https://c4.staticflickr.com/4/3091/2810642820_9f4993f1a3_o.jpg,https://c8.staticflickr.com/4/3091/2810642820_46755ce690_z.jpg?zz=1,/m/01g317,animals_people,https://creativecommons.org/licenses/by/2.0/,openset
20d6e7c255086d7a,https://c3.staticflickr.com/7/6123/5930472734_718b429c9e_o.jpg,https://c1.staticflickr.com/7/6123/5930472734_2c4ba9137e_z.jpg,/m/01g317,animals_people,https://creativecommons.org/licenses/by/2.0/,openset
6c3c6dd41cd5b897,https://farm8.staticflickr.com/5627/20655793688_e0dc154c43_o.jpg,https://c2.staticflickr.com/6/5627/20655793688_8fd3c311e8_z.jpg,/m/01g317,animals_people,https://creativecommons.org/licenses/by/2.0/,openset
135e979ee09ad7fa,https://c3.staticflickr.com/1/49/151427640_2195566bcd_o.jpg,https://c6.staticflickr.com/1/49/151427640_2195566bcd_z.jpg,/m/01g317,animals_people,https://creativecommons.org/licenses/by/2.0/,openset
a07d5cc6a2347455,https://farm6.staticflickr.com/3113/5796687466_2e0970b5f6_o.jpg,https://c4.staticflickr.com/4/3113/5796687466_32be101d05_z.jpg,/m/01g317,animals_people,https://creativecommons.org/licenses/by/2.0/,openset
52cfeb3fe1a64148,https://c1.staticflickr.com/2/1166/951191007_86eb568c48_o.jpg,,/m/01g317,animals_people,https://creativecommons.org/licenses/by/2.0/,openset
f85f54a7a89ad90e,https://c7.staticflickr.com/4/3310/3627342420_bb482c960e_o.jpg,https://c2.staticflickr.com/4/3310/3627342420_ba4db545b4_z.jpg,/m/01g317,animals_people,https://creativecommons.org/licenses/by/2.0/,openset
b7651cefa1e77791,https://farm2.staticflickr.com/5141/5669371996_fe883d8e64_o.jpg,https://c3.staticflickr.com/6/5141/5669371996_5ba4bd5d28_z.jpg,/m/01g317,animals_people,https://creativecommons.org/licenses/by/2.0/,openset
b462e7c9523df1b9,https://c2.staticflickr.com/9/8607/15856736699_50e6ab733f_o.jpg,https://c1.staticflickr.com/9/8607/15856736699_6933867dc0_z.jpg,/m/01g317,animals_people,https://creativecommons.org/licenses/by/2.0/,openset
673813e4ae72b78c,https://c5.staticflickr.com/7/6080/6038412942_b379ccb11c_o.jpg,https://c1.staticflickr.com/7/6080/6038412942_4eea0504e2_z.jpg,/m/01g317,animals_people,https://creativecommons.org/licenses/by/2.0/,openset
a810b778fae7f46d,https://c6.staticflickr.com/1/16/22358907_f4c7485eb8_o.jpg,,/m/01g317,animals_people,https://creativecommons.org/licenses/by/2.0/,openset
3485a55001afca0a,https://c3.staticflickr.com/9/8328/8132982487_8fe7c9bde0_o.jpg,https://c7.staticflickr.com/9/8328/8132982487_9c1f4f9a09_z.jpg,/m/01g317,animals_people,https://creativecommons.org/licenses/by/2.0/,openset
cee954e4e3b103ef,https://c8.staticflickr.com/9/8021/7155658167_0d422637d0_o.jpg,https://c6.staticflickr.com/9/8021/7155658167_6f682cccb8_z.jpg,/m/01g317,animals_people,https://creativecommons.org/licenses/by/2.0/,openset
10d73b7795e4144f,https://c8.staticflickr.com/8/7220/7373445786_a3c283874e_o.jpg,https://c7.staticflickr.com/8/7220/7373445786_5e58ea67cc_z.jpg,/m/01g317,animals_people,https://creativecommons.org/licenses/by/2.0/,openset
0a5946130db82c47,https://farm8.staticflickr.com/1382/4611095424_a293a8c1fa_o.jpg,https://c8.staticflickr.com/2/1382/4611095424_3e0cf03026_z.jpg,/m/01g317,animals_people,https://creativecommons.org/licenses/by/2.0/,openset
c13db32dafe665f1,https://farm2.staticflickr.com/3495/3828713670_db92980007_o.jpg,https://c1.staticflickr.com/4/3495/3828713670_2884a0f5b3_z.jpg,/m/01g317,animals_people,https://creativecommons.org/licenses/by/2.0/,openset
3f29ca3b8a0bb728,https://c1.staticflickr.com/6/5024/5672024433_7c74035a44_o.jpg,https://c2.staticflickr.com/6/5024/5672024433_fdc06e8853_z.jpg,/m/01g317,animals_people,https://creativecommons.org/licenses/by/2.0/,openset
e514c07b401da5a1,https://farm2.staticflickr.com/7171/6470858699_a760891667_o.jpg,https://c2.staticflickr.com/8/7171/6470858699_583d2b0db5_z.jpg,/m/01g317,animals_people,https://creativecommons.org/licenses/by/2.0/,openset
51a815e24f25d8e1,https://farm2.staticflickr.com/1416/1401372329_93340f7a8e_o.jpg,https://c8.staticflickr.com/2/1416/1401372329_215ff19d58_z.jpg,/m/01g317,animals_people,https://creativecommons.org/licenses/by/2.0/,openset
13a8e5b0761fe254,https://farm5.staticflickr.com/3750/14303265053_3082587b1e_o.jpg,https://c6.staticflickr.com/4/3750/14303265053_032ca1d87e_z.jpg,/m/01g317,animals_people,https://creativecommons.org/licenses/by/2.0/,openset
40b11fd03e129ab3,https://farm4.staticflickr.com/7313/13946462227_7da6fa2a13_o.jpg,https://c2.staticflickr.com/8/7313/13946462227_ceb4fab2bf_z.jpg,/m/01g317,animals_people,https://creativecommons.org/licenses/by/2.0/,openset
19a08ac5be587d35,https://c3.staticflickr.com/6/5099/5393226661_4ab9da954f_o.jpg,https://c1.staticflickr.com/6/5099/5393226661_2665735342_z.jpg,/m/01g317,animals_people,https://creativecommons.org/licenses/by/2.0/,openset
6cbdb5e4d0f097f4,https://farm5.staticflickr.com/362/20211464602_3600810747_o.jpg,https://c6.staticflickr.com/1/362/20211464602_462deb570a_z.jpg,/m/01g317,animals_people,https://creativecommons.org/licenses/by/2.0/,openset
4e373c8d82cdda51,https://farm2.staticflickr.com/5297/5467940125_0efb5ae7ca_o.jpg,https://c5.staticflickr.com/6/5297/5467940125_a167141f9f_z.jpg,/m/01g317,animals_people,https://creativecommons.org/licenses/by/2.0/,openset
82a9b06c86d60390,https://farm1.staticflickr.com/7426/9033371640_735655f071_o.jpg,https://c2.staticflickr.com/8/7426/9033371640_700b08e918_z.jpg,/m/01g317,animals_people,https://creativecommons.org/licenses/by/2.0/,openset
b981e171859fb58a,https://c3.staticflickr.com/5/4031/5161984038_abfe9fecc7_o.jpg,https://c2.staticflickr.com/5/4031/5161984038_3897a31b74_z.jpg,/m/01g317,animals_people,https://creativecommons.org/licenses/by/2.0/,openset
f9ef63d48323a3f9,https://c2.staticflickr.com/8/7419/16397560578_19187c4e99_o.jpg,https://c1.staticflickr.com/8/7419/16397560578_47dc4d2fba_z.jpg,/m/01g317,animals_people,https://creativecommons.org/licenses/by/2.0/,openset
68252871852fbc54,https://farm5.staticflickr.com/7139/6975307090_a9f374aab6_o.jpg,https://c2.staticflickr.com/8/7139/6975307090_dfc8d2b30a_z.jpg,/m/01g317,animals_people,https://creativecommons.org/licenses/by/2.0/,openset
2be85e5e60673276,https://farm7.staticflickr.com/4066/4266592885_27a9fb4313_o.jpg,https://c6.staticflickr.com/5/4066/4266592885_acf11d457b_z.jpg,/m/01g317,animals_people,https://creativecommons.org/licenses/by/2.0/,openset
69be06a028e177d0,https://farm1.staticflickr.com/7430/16210191319_d30d8fb67c_o.jpg,https://c5.staticflickr.com/8/7430/16210191319_f1dc3912a7_z.jpg,/m/01g317,animals_people,https://creativecommons.org/licenses/by/2.0/,openset
654fab2d20f069ed,https://c6.staticflickr.com/8/7042/6973260553_f6d0544e21_o.jpg,https://c5.staticflickr.com/8/7042/6973260553_ab17383817_z.jpg,/m/01g317,animals_people,https://creativecommons.org/licenses/by/2.0/,openset
3998bbe0e3c9daf4,https://farm5.staticflickr.com/1/4389757_4c2d46c340_o.jpg,https://c2.staticflickr.com/1/1/4389757_4c2d46c340_z.jpg?zz=1,/m/01g317,animals_people,https://creativecommons.org/licenses/by/2.0/,openset
c4156e2e361fc41a,https://c3.staticflickr.com/6/5800/21259245641_f9ca3df55c_o.jpg,,/m/01g317,animals_people,https://creativecommons.org/licenses/by/2.0/,openset
4af0d2177b4071ba,https://c3.staticflickr.com/4/3013/2745210971_6f75453a2d_o.jpg,https://c7.staticflickr.com/4/3013/2745210971_0f7ffa9ab2_z.jpg,/m/01g317,animals_people,https://creativecommons.org/licenses/by/2.0/,openset
ce079e1ff479f0d7,https://farm8.staticflickr.com/5016/5428541146_588239910b_o.jpg,https://c2.staticflickr.com/6/5016/5428541146_4474bffc72_z.jpg,/m/01g317,animals_people,https://creativecommons.org/licenses/by/2.0/,openset
c849dfbdf95f36e0,https://farm1.staticflickr.com/7697/17136826831_4039b899e0_o.jpg,https://c4.staticflickr.com/8/7697/17136826831_bed20055c2_z.jpg,/m/01g317,animals_people,https://creativecommons.org/licenses/by/2.0/,openset
bd4bcd8ddfea1bb7,https://farm8.staticflickr.com/3825/9714102997_b5215c94c7_o.jpg,https://c4.staticflickr.com/4/3825/9714102997_3501bfe7a4_z.jpg,/m/01g317,animals_people,https://creativecommons.org/licenses/by/2.0/,openset
1159394df9e5fd39,https://c2.staticflickr.com/3/2433/3872239717_e282a4096e_o.jpg,,/m/01g317,animals_people,https://creativecommons.org/licenses/by/2.0/,openset
b18c94d5466196b6,https://farm7.staticflickr.com/3439/3840825232_aaa5b1a6d6_o.jpg,https://c6.staticflickr.com/4/3439/3840825232_6dfda43ed3_z.jpg,/m/01g317,animals_people,https://creativecommons.org/licenses/by/2.0/,openset
b94cd224b19ce57f,https://c8.staticflickr.com/3/2684/4059504497_6c4293b825_o.jpg,https://c3.staticflickr.com/3/2684/4059504497_f51b4d7183_z.jpg?zz=1,/m/01g317,animals_people,https://creativecommons.org/licenses/by/2.0/,openset
2e68edeb3629a676,https://farm7.staticflickr.com/2833/10986461153_150343cdfe_o.jpg,https://c5.staticflickr.com/3/2833/10986461153_1c3da3f5d1_z.jpg,/m/01g317,animals_people,https://creativecommons.org/licenses/by/2.0/,openset
9b1352d046e54eec,https://c5.staticflickr.com/6/5564/15094776552_2f2c283be6_o.jpg,https://c3.staticflickr.com/6/5564/15094776552_ce98c78104_z.jpg,/m/01g317,animals_people,https://creativecommons.org/licenses/by/2.0/,openset
d6bac80f82b41333,https://farm4.staticflickr.com/67/225951839_56d17759cc_o.jpg,https://c4.staticflickr.com/1/67/225951839_56d17759cc_z.jpg,/m/01g317,animals_people,https://creativecommons.org/licenses/by/2.0/,openset
44532d3a07cd3488,https://c1.staticflickr.com/1/569/21393739426_a47c80207e_o.jpg,https://c5.staticflickr.com/1/569/21393739426_833bdb6d82_z.jpg,/m/01g317,animals_people,https://creativecommons.org/licenses/by/2.0/,openset
2c1e4f6b0ea2ef02,https://farm3.staticflickr.com/6208/6042410512_a660e5b018_o.jpg,https://c7.staticflickr.com/7/6208/6042410512_bb785d6fef_z.jpg,/m/01g317,animals_people,https://creativecommons.org/licenses/by/2.0/,openset
85437b75aae1f3cc,https://c5.staticflickr.com/4/3361/5848426044_5e04a07225_o.jpg,https://c1.staticflickr.com/4/3361/5848426044_06466f5144_z.jpg,/m/01g317,animals_people,https://creativecommons.org/licenses/by/2.0/,openset
6c8761b15e41a7c8,https://c1.staticflickr.com/5/4146/5434593958_a66e76894e_o.jpg,https://c7.staticflickr.com/5/4146/5434593958_6e9a1a129c_z.jpg,/m/01g317,animals_people,https://creativecommons.org/licenses/by/2.0/,openset
4bd2763af65645fe,https://c7.staticflickr.com/1/22/32450768_2c89d079e1_o.jpg,https://c2.staticflickr.com/1/22/32450768_2c89d079e1_z.jpg,/m/01g317,animals_people,https://creativecommons.org/licenses/by/2.0/,openset
baccf2cfeec9416f,https://c8.staticflickr.com/6/5288/5200430140_e44d4c8dac_o.jpg,https://c8.staticflickr.com/6/5288/5200430140_567b30c5c0_z.jpg,/m/01g317,animals_people,https://creativecommons.org/licenses/by/2.0/,openset
c9c58f98f28a2f3a,https://c3.staticflickr.com/7/6218/6243308512_588e84f1e1_o.jpg,https://c2.staticflickr.com/7/6218/6243308512_b1094fa4f7_z.jpg,/m/01g317,animals_people,https://creativecommons.org/licenses/by/2.0/,openset
a1f413dd4c52a952,https://farm3.staticflickr.com/7295/8895858337_7b4d265093_o.jpg,https://c7.staticflickr.com/8/7295/8895858337_68103b0172_z.jpg,/m/01g317,animals_people,https://creativecommons.org/licenses/by/2.0/,openset
3c9d9769f4fa8abc,https://c5.staticflickr.com/5/4061/4451358215_aeaf3e5972_o.jpg,https://c1.staticflickr.com/5/4061/4451358215_600bd06d4f_z.jpg?zz=1,/m/01g317,animals_people,https://creativecommons.org/licenses/by/2.0/,openset
c8a1925a2f2ee9c3,https://farm4.staticflickr.com/8041/8069655274_de48e1901c_o.jpg,https://c4.staticflickr.com/9/8041/8069655274_32922896bf_z.jpg,/m/01g317,animals_people,https://creativecommons.org/licenses/by/2.0/,openset
5c1e5f79a1a8fd8a,https://c3.staticflickr.com/7/6117/6357706651_8831085d02_o.jpg,https://c4.staticflickr.com/7/6117/6357706651_eea4d6f828_z.jpg,/m/01g317,animals_people,https://creativecommons.org/licenses/by/2.0/,openset
fcbd2b125c508892,https://farm3.staticflickr.com/8514/8385556752_e4d3445e56_o.jpg,https://c3.staticflickr.com/9/8514/8385556752_c3d8621b7b_z.jpg,/m/01g317,animals_people,https://creativecommons.org/licenses/by/2.0/,openset
e369c7602ca0b2dc,https://c5.staticflickr.com/1/35/72432277_8f122c879d_o.jpg,https://c3.staticflickr.com/1/35/72432277_8f122c879d_z.jpg?zz=1,/m/01g317,animals_people,https://creativecommons.org/licenses/by/2.0/,openset
e62089da55fc5103,https://farm4.staticflickr.com/7286/16829019496_f3c79c4a4f_o.jpg,https://c4.staticflickr.com/8/7286/16829019496_f1df609807_z.jpg,/m/01g317,animals_people,https://creativecommons.org/licenses/by/2.0/,openset
0d138cb756b78502,https://farm3.staticflickr.com/4010/4432920134_d87e6ea330_o.jpg,https://c3.staticflickr.com/5/4010/4432920134_bbb9ca2438_z.jpg,/m/01g317,animals_people,https://creativecommons.org/licenses/by/2.0/,openset
3f872aeb8ebad7b9,https://c2.staticflickr.com/4/3460/4565854652_4044abcaa3_o.jpg,https://c4.staticflickr.com/4/3460/4565854652_1d240f412e_z.jpg,/m/01g317,animals_people,https://creativecommons.org/licenses/by/2.0/,openset
f5e47ba8da3472fe,https://c7.staticflickr.com/1/137/349720066_074801d793_o.jpg,https://c6.staticflickr.com/1/137/349720066_074801d793_z.jpg?zz=1,/m/01g317,animals_people,https://creativecommons.org/licenses/by/2.0/,openset
06c53dace4023565,https://farm6.staticflickr.com/88/256715389_ea61e2f34e_o.jpg,https://c3.staticflickr.com/1/88/256715389_ea61e2f34e_z.jpg,/m/01g317,animals_people,https://creativecommons.org/licenses/by/2.0/,openset
f02b323d2058755f,https://c8.staticflickr.com/8/7147/6842125499_5d93e61490_o.jpg,https://c8.staticflickr.com/8/7147/6842125499_ef7a46ebf9_z.jpg,/m/01g317,animals_people,https://creativecommons.org/licenses/by/2.0/,openset
5976fa76d105cc9f,https://c8.staticflickr.com/7/6155/6257700398_6c57d102f9_o.jpg,https://c4.staticflickr.com/7/6155/6257700398_ee2a4ee06c_z.jpg,/m/01g317,animals_people,https://creativecommons.org/licenses/by/2.0/,openset
72ff9668958d79ac,https://c5.staticflickr.com/1/110/306643104_d92a3deb01_o.jpg,https://c5.staticflickr.com/1/110/306643104_d92a3deb01_z.jpg?zz=1,/m/01g317,animals_people,https://creativecommons.org/licenses/by/2.0/,openset
4b2ad0d64829d915,https://farm6.staticflickr.com/7277/8164812120_c30f69e41a_o.jpg,https://c3.staticflickr.com/8/7277/8164812120_45f8cfca93_z.jpg,/m/01g317,animals_people,https://creativecommons.org/licenses/by/2.0/,openset
0fee13d2fd144a6a,https://c3.staticflickr.com/4/3437/13068266515_e1020c3e58_o.jpg,https://c4.staticflickr.com/4/3437/13068266515_9381bfe4a5_z.jpg,/m/01g317,animals_people,https://creativecommons.org/licenses/by/2.0/,openset
3a07192d90dcf4b1,https://farm2.staticflickr.com/2301/2185049604_99edec72ee_o.jpg,https://c2.staticflickr.com/3/2301/2185049604_d1aee7f33b_z.jpg,/m/01g317,animals_people,https://creativecommons.org/licenses/by/2.0/,openset
a502af5e34f33a8f,https://c8.staticflickr.com/5/4084/5016176236_dbe986d4c5_o.jpg,https://c3.staticflickr.com/5/4084/5016176236_4c00811e6c_z.jpg,/m/01g317,animals_people,https://creativecommons.org/licenses/by/2.0/,openset
d321c34e244d07a0,https://farm1.staticflickr.com/5595/14807926369_6e89aaefd7_o.jpg,https://c1.staticflickr.com/6/5595/14807926369_c72d2701d3_z.jpg,/m/01g317,animals_people,https://creativecommons.org/licenses/by/2.0/,openset
59374886e6b86cc8,https://c1.staticflickr.com/7/6036/6297797990_9251f5f1c4_o.jpg,https://c7.staticflickr.com/7/6036/6297797990_7110fd08b8_z.jpg,/m/01g317,animals_people,https://creativecommons.org/licenses/by/2.0/,openset
3a84a0662751ab07,https://farm8.staticflickr.com/3540/3288476529_2da3d2be35_o.jpg,https://c2.staticflickr.com/4/3540/3288476529_82863a87ff_z.jpg,/m/01g317,animals_people,https://creativecommons.org/licenses/by/2.0/,openset
bf7ee49bc729a42a,https://c3.staticflickr.com/8/7430/16583989072_42c2e67a82_o.jpg,https://c3.staticflickr.com/8/7430/16583989072_443b14de69_z.jpg,/m/01g317,animals_people,https://creativecommons.org/licenses/by/2.0/,openset
907a9622381d3d83,https://farm4.staticflickr.com/5178/5434046149_757291d7e4_o.jpg,https://c3.staticflickr.com/6/5178/5434046149_fb9b7019c5_z.jpg,/m/01g317,animals_people,https://creativecommons.org/licenses/by/2.0/,openset
7157829dc8470a90,https://farm1.staticflickr.com/3236/2665102397_17f078b6c9_o.jpg,https://c8.staticflickr.com/4/3236/2665102397_eba2d6d2e0_z.jpg,/m/01g317,animals_people,https://creativecommons.org/licenses/by/2.0/,openset
bbb7b567e03d1e5d,https://c6.staticflickr.com/6/5330/9840447355_1be472a8ac_o.jpg,https://c4.staticflickr.com/6/5330/9840447355_fa0bd3bd76_z.jpg,/m/01g317,animals_people,https://creativecommons.org/licenses/by/2.0/,openset
843f3b1051b3c5d4,https://farm5.staticflickr.com/5560/15266684396_2fa28755de_o.jpg,https://c4.staticflickr.com/6/5560/15266684396_eaaebb3af2_z.jpg,/m/01g317,animals_people,https://creativecommons.org/licenses/by/2.0/,openset
261f9bb3073d4f22,https://farm3.staticflickr.com/3927/15235660639_01dc539fa0_o.jpg,https://c1.staticflickr.com/4/3927/15235660639_8988f4c3a6_z.jpg,/m/01g317,animals_people,https://creativecommons.org/licenses/by/2.0/,openset
4a5259406cb6e218,https://c1.staticflickr.com/4/3691/13209942113_3c8478c7ae_o.jpg,https://c7.staticflickr.com/4/3691/13209942113_bd5c9c1a12_z.jpg,/m/01g317,animals_people,https://creativecommons.org/licenses/by/2.0/,openset
2527723bb7d1b673,https://farm4.staticflickr.com/3176/2525323832_ae8b135d03_o.jpg,https://c4.staticflickr.com/4/3176/2525323832_6c8dc687d0_z.jpg?zz=1,/m/01g317,animals_people,https://creativecommons.org/licenses/by/2.0/,openset
44de46260949d808,https://c1.staticflickr.com/6/5615/15387172948_8fc0be7d2a_o.jpg,https://c2.staticflickr.com/6/5615/15387172948_204e68fd47_z.jpg,/m/01g317,animals_people,https://creativecommons.org/licenses/by/2.0/,openset
dbb455c2ce36c0b8,https://c1.staticflickr.com/4/3853/15175498376_89bf1b495a_o.jpg,https://c2.staticflickr.com/4/3853/15175498376_7b5beff0d0_z.jpg,/m/01g317,animals_people,https://creativecommons.org/licenses/by/2.0/,openset
a3472afbeac062f9,https://c2.staticflickr.com/6/5326/17184906064_65d45f97fc_o.jpg,https://c2.staticflickr.com/6/5326/17184906064_663039c905_z.jpg,/m/01g317,animals_people,https://creativecommons.org/licenses/by/2.0/,openset
9c89c0c9561fef34,https://farm5.staticflickr.com/4118/4800456646_75537c552c_o.jpg,https://c2.staticflickr.com/5/4118/4800456646_ff9719f526_z.jpg,/m/01g317,animals_people,https://creativecommons.org/licenses/by/2.0/,openset
49a7d4a49d7a9e86,https://farm7.staticflickr.com/2010/2159441291_32b6e6f4d2_o.jpg,https://c8.staticflickr.com/3/2010/2159441291_2f58501b53_z.jpg,/m/01g317,animals_people,https://creativecommons.org/licenses/by/2.0/,openset
dc578b70c4633c26,https://farm7.staticflickr.com/219/494054684_2de1246bbd_o.jpg,https://c8.staticflickr.com/1/219/494054684_a1d966423b_z.jpg?zz=1,/m/01g317,animals_people,https://creativecommons.org/licenses/by/2.0/,openset
aa448c6a232745c5,https://farm6.staticflickr.com/7748/17557588124_5fb8df749b_o.jpg,https://c7.staticflickr.com/8/7748/17557588124_bff56a09bb_z.jpg,/m/01g317,animals_people,https://creativecommons.org/licenses/by/2.0/,openset
7b38c1a3b3ed3ad3,https://farm4.staticflickr.com/8238/8381258473_29c7387447_o.jpg,https://c2.staticflickr.com/9/8238/8381258473_54339f3a85_z.jpg,/m/01g317,animals_people,https://creativecommons.org/licenses/by/2.0/,openset
a9f727a79d06c5d1,https://farm2.staticflickr.com/5596/14602360860_947fc60853_o.jpg,https://c3.staticflickr.com/6/5596/14602360860_ab87b65095_z.jpg,/m/01g317,animals_people,https://creativecommons.org/licenses/by/2.0/,openset
72768e211cede7ba,https://c3.staticflickr.com/6/5315/7213653738_87c573a6a0_o.jpg,https://c1.staticflickr.com/6/5315/7213653738_5295b470a2_z.jpg,/m/01g317,animals_people,https://creativecommons.org/licenses/by/2.0/,openset
6751d64ec7dd9b09,https://c2.staticflickr.com/8/7358/13286505854_16a063c9f9_o.jpg,https://c1.staticflickr.com/8/7358/13286505854_f89068dce3_z.jpg,/m/01g317,animals_people,https://creativecommons.org/licenses/by/2.0/,openset
3c846de2feed478f,https://c8.staticflickr.com/7/6058/6388190615_a00a94f8c2_o.jpg,https://c2.staticflickr.com/7/6058/6388190615_3b57953958_z.jpg,/m/01g317,animals_people,https://creativecommons.org/licenses/by/2.0/,openset
24c73a46484cc3cf,https://c8.staticflickr.com/5/4012/4499269790_66666a66c5_o.jpg,https://c1.staticflickr.com/5/4012/4499269790_b5f4c7274e_z.jpg,/m/01g317,animals_people,https://creativecommons.org/licenses/by/2.0/,openset
939cfbee9b45ccfa,https://c3.staticflickr.com/3/2340/1801923192_f9dd8c493e_o.jpg,https://c2.staticflickr.com/3/2340/1801923192_31ddf81bd7_z.jpg?zz=1,/m/01g317,animals_people,https://creativecommons.org/licenses/by/2.0/,openset
8ec98ce3e59e3ef4,https://farm5.staticflickr.com/3158/2663994460_2fe738441a_o.jpg,https://c8.staticflickr.com/4/3158/2663994460_e8654692da_z.jpg,/m/01g317,animals_people,https://creativecommons.org/licenses/by/2.0/,openset
16c3a2f07bf68b86,https://farm7.staticflickr.com/7223/7203211876_b05bb2a0d1_o.jpg,https://c8.staticflickr.com/8/7223/7203211876_9da6e237fa_z.jpg,/m/01g317,animals_people,https://creativecommons.org/licenses/by/2.0/,openset
df226843c253a825,https://farm6.staticflickr.com/5184/5619004690_49b9f7e1de_o.jpg,https://c1.staticflickr.com/6/5184/5619004690_4bb2271a0e_z.jpg,/m/01g317,animals_people,https://creativecommons.org/licenses/by/2.0/,openset
0aaafd28de63bb5f,https://c8.staticflickr.com/6/5532/14181583501_5a61c8ce50_o.jpg,https://c6.staticflickr.com/6/5532/14181583501_432fec7c12_z.jpg,/m/01g317,animals_people,https://creativecommons.org/licenses/by/2.0/,openset
1c37a5a4ed661dc0,https://farm1.staticflickr.com/8334/8078374856_552407d429_o.jpg,https://c6.staticflickr.com/9/8334/8078374856_a5e041cb6f_z.jpg,/m/01g317,animals_people,https://creativecommons.org/licenses/by/2.0/,openset
2908e4ac21d11909,https://c2.staticflickr.com/1/130/366417735_f7ed85e846_o.jpg,https://c4.staticflickr.com/1/130/366417735_f7ed85e846_z.jpg,/m/01g317,animals_people,https://creativecommons.org/licenses/by/2.0/,openset
b709e40813d0d117,https://farm8.staticflickr.com/3086/3147100400_dec0ba3ac8_o.jpg,https://c5.staticflickr.com/4/3086/3147100400_22058a4bc2_z.jpg,/m/01g317,animals_people,https://creativecommons.org/licenses/by/2.0/,openset
2b1c54f12dfccab0,https://farm1.staticflickr.com/385/19903815739_9f6bd40a1f_o.jpg,https://c1.staticflickr.com/1/385/19903815739_f4a273b627_z.jpg,/m/01g317,animals_people,https://creativecommons.org/licenses/by/2.0/,openset
ebbc32f4e7dd7071,https://farm2.staticflickr.com/8043/8388705751_4b94e99665_o.jpg,https://c2.staticflickr.com/9/8043/8388705751_49126af60f_z.jpg,/m/01g317,animals_people,https://creativecommons.org/licenses/by/2.0/,openset
c7594822ee193f7f,https://c8.staticflickr.com/4/3853/14799259834_435093efa5_o.jpg,https://c7.staticflickr.com/4/3853/14799259834_97a87a9150_z.jpg,/m/01g317,animals_people,https://creativecommons.org/licenses/by/2.0/,openset
7957b44ef7205f8b,https://c4.staticflickr.com/4/3786/9075127091_2c81808173_o.jpg,https://c7.staticflickr.com/4/3786/9075127091_a25b8619ca_z.jpg,/m/01g317,animals_people,https://creativecommons.org/licenses/by/2.0/,openset
adc5c2800bec8faa,https://c3.staticflickr.com/3/2514/3802246674_d6c3b3403c_o.jpg,https://c7.staticflickr.com/3/2514/3802246674_5a32268ec0_z.jpg?zz=1,/m/01g317,animals_people,https://creativecommons.org/licenses/by/2.0/,openset
0f2f249f45ae8a79,https://c2.staticflickr.com/6/5034/14056882097_c4d41270f3_o.jpg,https://c2.staticflickr.com/6/5034/14056882097_f59d0ccd61_z.jpg,/m/01g317,animals_people,https://creativecommons.org/licenses/by/2.0/,openset
6e1acd1a9de5dae7,https://farm8.staticflickr.com/2429/3659101667_2baa676450_o.jpg,https://c2.staticflickr.com/3/2429/3659101667_1f97171865_z.jpg,/m/01g317,animals_people,https://creativecommons.org/licenses/by/2.0/,openset
6d2df24e597e5e06,https://farm7.staticflickr.com/2635/3959127476_80d2a59f6e_o.jpg,https://c8.staticflickr.com/3/2635/3959127476_44a985c2a6_z.jpg?zz=1,/m/01g317,animals_people,https://creativecommons.org/licenses/by/2.0/,openset
ad9ff96712dfd8d9,https://c2.staticflickr.com/4/3184/2905988127_66cd90d682_o.jpg,https://c2.staticflickr.com/4/3184/2905988127_011c454eae_z.jpg,/m/01g317,animals_people,https://creativecommons.org/licenses/by/2.0/,openset
8711e0d2b45eacd2,https://farm3.staticflickr.com/4056/4682747065_ee40c7ae37_o.jpg,https://c8.staticflickr.com/5/4056/4682747065_fbb90e5987_z.jpg,/m/01g317,animals_people,https://creativecommons.org/licenses/by/2.0/,openset
998e9bdd16c33e13,https://farm4.staticflickr.com/8148/7101143855_385311bb66_o.jpg,https://c2.staticflickr.com/9/8148/7101143855_9867bc329b_z.jpg,/m/01g317,animals_people,https://creativecommons.org/licenses/by/2.0/,openset
464bfc7c929c45e2,https://farm3.staticflickr.com/5242/5321219159_65983051fa_o.jpg,https://c3.staticflickr.com/6/5242/5321219159_2df40c8e4a_z.jpg,/m/01g317,animals_people,https://creativecommons.org/licenses/by/2.0/,openset
a0dc6d74d0189d66,https://farm7.staticflickr.com/7196/6838660474_60d34a47ed_o.jpg,https://c2.staticflickr.com/8/7196/6838660474_3e2a082c54_z.jpg,/m/01g317,animals_people,https://creativecommons.org/licenses/by/2.0/,openset
01ac4681503e722b,https://c4.staticflickr.com/1/64/203876462_11f8a71ae7_o.jpg,https://c4.staticflickr.com/1/64/203876462_11f8a71ae7_z.jpg,/m/01g317,animals_people,https://creativecommons.org/licenses/by/2.0/,openset
c746f665f3e1416c,https://c5.staticflickr.com/6/5609/15528872750_0a1eabcc34_o.jpg,https://c3.staticflickr.com/6/5609/15528872750_08f053d447_z.jpg,/m/01g317,animals_people,https://creativecommons.org/licenses/by/2.0/,openset
d40a4536d0176cb7,https://farm8.staticflickr.com/30/48532793_1c4709a6a2_o.jpg,https://c3.staticflickr.com/1/30/48532793_1c4709a6a2_z.jpg,/m/01g317,animals_people,https://creativecommons.org/licenses/by/2.0/,openset
1dc738de77094043,https://farm4.staticflickr.com/3116/2868964393_820eb0f604_o.jpg,https://c8.staticflickr.com/4/3116/2868964393_62d76de73f_z.jpg,/m/01g317,animals_people,https://creativecommons.org/licenses/by/2.0/,openset
c7b945a8943e84be,https://c7.staticflickr.com/4/3020/2989430515_08daae5dfa_o.jpg,https://c6.staticflickr.com/4/3020/2989430515_4b98f9244e_z.jpg?zz=1,/m/01g317,animals_people,https://creativecommons.org/licenses/by/2.0/,openset
9bec96f4e794b374,https://farm5.staticflickr.com/1331/682586438_76f077c008_o.jpg,https://c8.staticflickr.com/2/1331/682586438_83a3b6da5e_z.jpg?zz=1,/m/01g317,animals_people,https://creativecommons.org/licenses/by/2.0/,openset
dd8f9d0c3fe27c68,https://c1.staticflickr.com/8/7419/14101239041_b1ccf9b411_o.jpg,https://c2.staticflickr.com/8/7419/14101239041_cb09826714_z.jpg,/m/01g317,animals_people,https://creativecommons.org/licenses/by/2.0/,openset
4ae488a157d2d40d,https://c6.staticflickr.com/4/3928/15224411077_922b6f34ec_o.jpg,https://c1.staticflickr.com/4/3928/15224411077_f4bc5ffb9c_z.jpg,/m/01g317,animals_people,https://creativecommons.org/licenses/by/2.0/,openset
e383250c228be612,https://farm3.staticflickr.com/7014/6521376473_05669646e4_o.jpg,https://c8.staticflickr.com/8/7014/6521376473_1f0abc8873_z.jpg,/m/01g317,animals_people,https://creativecommons.org/licenses/by/2.0/,openset
bb1c310d4f8e9dc1,https://farm2.staticflickr.com/5230/5647086448_664a4a695f_o.jpg,https://c6.staticflickr.com/6/5230/5647086448_c455064a43_z.jpg,/m/01g317,animals_people,https://creativecommons.org/licenses/by/2.0/,openset
60d5e69171bc638f,https://c8.staticflickr.com/9/8125/8655985229_0e4de968c2_o.jpg,https://c5.staticflickr.com/9/8125/8655985229_638c8864ea_z.jpg,/m/01g317,animals_people,https://creativecommons.org/licenses/by/2.0/,openset
1ccf30bee9f6198c,https://c5.staticflickr.com/5/4047/4669626279_11b022b3e6_o.jpg,https://c8.staticflickr.com/5/4047/4669626279_3f164da821_z.jpg,/m/01g317,animals_people,https://creativecommons.org/licenses/by/2.0/,openset
52e87b25937d3344,https://farm5.staticflickr.com/6132/5995364671_e2953a08aa_o.jpg,https://c5.staticflickr.com/7/6132/5995364671_15681301c8_z.jpg,/m/01g317,animals_people,https://creativecommons.org/licenses/by/2.0/,openset
7d143894f5e282a9,https://c2.staticflickr.com/4/3010/2781005169_8e6ca61e61_o.jpg,https://c8.staticflickr.com/4/3010/2781005169_c82f53c67d_z.jpg,/m/01g317,animals_people,https://creativecommons.org/licenses/by/2.0/,openset
2a917f5543c4a006,https://farm7.staticflickr.com/5179/5529158570_647ab94405_o.jpg,https://c1.staticflickr.com/6/5179/5529158570_793e1cbe60_z.jpg,/m/01g317,animals_people,https://creativecommons.org/licenses/by/2.0/,openset
82c101f48ffa7ca6,https://farm7.staticflickr.com/7089/7105704941_58bbe997d0_o.jpg,https://c3.staticflickr.com/8/7089/7105704941_ec50650b40_z.jpg,/m/01g317,animals_people,https://creativecommons.org/licenses/by/2.0/,openset
006e51138c1bb747,https://farm8.staticflickr.com/2037/1692018787_9f60587109_o.jpg,https://c1.staticflickr.com/3/2037/1692018787_39a32ae441_z.jpg,/m/01g317,animals_people,https://creativecommons.org/licenses/by/2.0/,openset
d47ec5e264f74686,https://farm7.staticflickr.com/4034/5151387193_e9c404fe4d_o.jpg,https://c1.staticflickr.com/5/4034/5151387193_1e08b58421_z.jpg,/m/01g317,animals_people,https://creativecommons.org/licenses/by/2.0/,openset
d3b358d9e2671f0c,https://c5.staticflickr.com/3/2045/2581049348_ec91b943d4_o.jpg,https://c8.staticflickr.com/3/2045/2581049348_f593dd0af4_z.jpg,/m/01g317,animals_people,https://creativecommons.org/licenses/by/2.0/,openset
49dc8fd7cec3a1b7,https://farm8.staticflickr.com/5220/5457829273_9d7c7b8c5e_o.jpg,https://c6.staticflickr.com/6/5220/5457829273_b18bb69e22_z.jpg,/m/01g317,animals_people,https://creativecommons.org/licenses/by/2.0/,openset
90e4c72eb2d67e36,https://farm7.staticflickr.com/8777/18261084691_f30f2577e2_o.jpg,https://c8.staticflickr.com/9/8777/18261084691_f49601dd80_z.jpg,/m/01g317,animals_people,https://creativecommons.org/licenses/by/2.0/,openset
e133096f305608f1,https://farm2.staticflickr.com/2476/3761856872_91fc6c9a30_o.jpg,https://c5.staticflickr.com/3/2476/3761856872_4c97680d68_z.jpg,/m/01g317,animals_people,https://creativecommons.org/licenses/by/2.0/,openset
30945ce7f1b4d687,https://farm8.staticflickr.com/5613/15547585735_8414a3a13b_o.jpg,https://c4.staticflickr.com/6/5613/15547585735_ffa4e62821_z.jpg,/m/01g317,animals_people,https://creativecommons.org/licenses/by/2.0/,openset
93137d856f22dece,https://c7.staticflickr.com/6/5518/14592174734_e99ea4ea32_o.jpg,https://c4.staticflickr.com/6/5518/14592174734_304d1a531f_z.jpg,/m/01g317,animals_people,https://creativecommons.org/licenses/by/2.0/,openset
1b3b37d766cbd348,https://c1.staticflickr.com/4/3261/2414375398_0218bd6869_o.jpg,https://c1.staticflickr.com/4/3261/2414375398_c5d36d4191_z.jpg,/m/01g317,animals_people,https://creativecommons.org/licenses/by/2.0/,openset
b6686232ad36933a,https://c3.staticflickr.com/4/3044/2611424967_6ba8983d33_o.jpg,https://c8.staticflickr.com/4/3044/2611424967_4ed7a8d303_z.jpg,/m/01g317,animals_people,https://creativecommons.org/licenses/by/2.0/,openset
545c464554637fdb,https://c4.staticflickr.com/7/6103/6348144599_de25f2c6ff_o.jpg,https://c8.staticflickr.com/7/6103/6348144599_4f7bc122bc_z.jpg,/m/01g317,animals_people,https://creativecommons.org/licenses/by/2.0/,openset
fc5924fe2b242508,https://c1.staticflickr.com/1/304/19244249162_3d281b223a_o.jpg,https://c3.staticflickr.com/1/304/19244249162_8ed37ee4d9_z.jpg,/m/01g317,animals_people,https://creativecommons.org/licenses/by/2.0/,openset
ba7ce6f5936d949e,https://c7.staticflickr.com/1/187/405004134_f32e78232c_o.jpg,https://c1.staticflickr.com/1/187/405004134_f32e78232c_z.jpg,/m/01g317,animals_people,https://creativecommons.org/licenses/by/2.0/,openset
93120eaa7b592356,https://farm7.staticflickr.com/3065/2838244076_b6f54a5bf5_o.jpg,https://c7.staticflickr.com/4/3065/2838244076_b992f8831c_z.jpg,/m/01g317,animals_people,https://creativecommons.org/licenses/by/2.0/,openset
b181ef004ced3770,https://farm1.staticflickr.com/3548/3546753016_9bc6d1ca70_o.jpg,https://c1.staticflickr.com/4/3548/3546753016_8b54c34b6d_z.jpg,/m/01g317,animals_people,https://creativecommons.org/licenses/by/2.0/,openset
36743efde95020f0,https://farm1.staticflickr.com/2661/3828111909_95b49a86c5_o.jpg,https://c6.staticflickr.com/3/2661/3828111909_26285cc508_z.jpg,/m/01g317,animals_people,https://creativecommons.org/licenses/by/2.0/,openset
29086f387906e960,https://farm1.staticflickr.com/3891/14818844844_4d649f098f_o.jpg,https://c5.staticflickr.com/4/3891/14818844844_0aa256a1ee_z.jpg,/m/01g317,animals_people,https://creativecommons.org/licenses/by/2.0/,openset
6adf671af67849a5,https://farm6.staticflickr.com/3891/14795408218_b8c5587905_o.jpg,https://c8.staticflickr.com/4/3891/14795408218_0ecba3c9bd_z.jpg,/m/01g317,animals_people,https://creativecommons.org/licenses/by/2.0/,openset
e1670ecfb05ce8d7,https://farm8.staticflickr.com/5150/5553149844_69f5a95322_o.jpg,https://c3.staticflickr.com/6/5150/5553149844_a4a4104b84_z.jpg,/m/01g317,animals_people,https://creativecommons.org/licenses/by/2.0/,openset
2b92b2d64af57095,https://farm6.staticflickr.com/2590/3784278823_ccf7ff238a_o.jpg,https://c8.staticflickr.com/3/2590/3784278823_944f24b0b1_z.jpg?zz=1,/m/01g317,animals_people,https://creativecommons.org/licenses/by/2.0/,openset
9ca9befde10a46c8,https://c1.staticflickr.com/4/3951/15502029658_827b1658d0_o.jpg,https://c5.staticflickr.com/4/3951/15502029658_dcb6186546_z.jpg,/m/01g317,animals_people,https://creativecommons.org/licenses/by/2.0/,openset
e711a27ccb080e7a,https://c3.staticflickr.com/5/4040/4450065475_2aecac6e21_o.jpg,https://c7.staticflickr.com/5/4040/4450065475_d03f6c8c18_z.jpg,/m/01g317,animals_people,https://creativecommons.org/licenses/by/2.0/,openset
99ee08358203edf1,https://farm2.staticflickr.com/8094/8569935031_f037f1e136_o.jpg,https://c7.staticflickr.com/9/8094/8569935031_d077622c57_z.jpg,/m/01g317,animals_people,https://creativecommons.org/licenses/by/2.0/,openset
000abc075d659122,https://farm3.staticflickr.com/7140/7698132814_aeabf23e31_o.jpg,https://c7.staticflickr.com/8/7140/7698132814_633d410b20_z.jpg,/m/01g317,animals_people,https://creativecommons.org/licenses/by/2.0/,openset
ae85d762f61ba114,https://farm5.staticflickr.com/3144/2777719896_1bea179397_o.jpg,https://c1.staticflickr.com/4/3144/2777719896_b070963a7e_z.jpg?zz=1,/m/01g317,animals_people,https://creativecommons.org/licenses/by/2.0/,openset
5c14902028bc46f7,https://farm8.staticflickr.com/3559/3794259899_142dc99fe9_o.jpg,https://c3.staticflickr.com/4/3559/3794259899_6619cfd06a_z.jpg,/m/01g317,animals_people,https://creativecommons.org/licenses/by/2.0/,openset
8d590b767d2eb208,https://c1.staticflickr.com/2/1163/1405678096_b915f1861c_o.jpg,https://c7.staticflickr.com/2/1163/1405678096_5fdf8a3522_z.jpg,/m/01g317,animals_people,https://creativecommons.org/licenses/by/2.0/,openset
0392ba31423602d8,https://c1.staticflickr.com/9/8806/16546506253_6ae6ed4f82_o.jpg,https://c2.staticflickr.com/9/8806/16546506253_f7b743a563_z.jpg,/m/01g317,animals_people,https://creativecommons.org/licenses/by/2.0/,openset
1cea29b1c23e2306,https://farm7.staticflickr.com/3823/18216239043_84c6533678_o.jpg,https://c2.staticflickr.com/4/3823/18216239043_50f99caaf8_z.jpg,/m/01g317,animals_people,https://creativecommons.org/licenses/by/2.0/,openset
679cf9858012f24d,https://c6.staticflickr.com/5/4090/5085391212_9ae30d724f_o.jpg,https://c6.staticflickr.com/5/4090/5085391212_210f35cddc_z.jpg,/m/01g317,animals_people,https://creativecommons.org/licenses/by/2.0/,openset
f91e9c0f8b76c650,https://farm1.staticflickr.com/3783/10601150344_305d5d0be0_o.jpg,https://c5.staticflickr.com/4/3783/10601150344_f955e5097a_z.jpg,/m/01g317,animals_people,https://creativecommons.org/licenses/by/2.0/,openset
f0c65898d2b78a35,https://farm6.staticflickr.com/7425/16422847135_39a7d633ce_o.jpg,https://c2.staticflickr.com/8/7425/16422847135_94d02c144a_z.jpg,/m/01g317,animals_people,https://creativecommons.org/licenses/by/2.0/,openset
571fb79ec9469dcb,https://c4.staticflickr.com/3/2929/14755891041_fb20f6985e_o.jpg,https://c8.staticflickr.com/3/2929/14755891041_0d4275b0a0_z.jpg,/m/01g317,animals_people,https://creativecommons.org/licenses/by/2.0/,openset
42b83811aec375b6,https://farm7.staticflickr.com/3549/3831318078_1b9cecc989_o.jpg,https://c4.staticflickr.com/4/3549/3831318078_e4203fc2db_z.jpg,/m/01g317,animals_people,https://creativecommons.org/licenses/by/2.0/,openset
0da1561a47e023fb,https://c4.staticflickr.com/4/3777/12587409013_5cd67f710b_o.jpg,https://c1.staticflickr.com/4/3777/12587409013_b6c73933b6_z.jpg,/m/01g317,animals_people,https://creativecommons.org/licenses/by/2.0/,openset
43240132adba0e5a,https://c3.staticflickr.com/9/8370/8359534374_56fd802947_o.jpg,https://c4.staticflickr.com/9/8370/8359534374_e4b63862d4_z.jpg,/m/01g317,animals_people,https://creativecommons.org/licenses/by/2.0/,openset
a510350019df05da,https://c3.staticflickr.com/9/8060/8258273088_4ff48557c9_o.jpg,https://c5.staticflickr.com/9/8060/8258273088_8e885e89dd_z.jpg,/m/01g317,animals_people,https://creativecommons.org/licenses/by/2.0/,openset
135b2f5b4de57058,https://c1.staticflickr.com/3/2832/12890887315_86f9ec98da_o.jpg,https://c1.staticflickr.com/3/2832/12890887315_1b4dc10030_z.jpg,/m/01g317,animals_people,https://creativecommons.org/licenses/by/2.0/,openset
154d2b40fdc47248,https://c1.staticflickr.com/6/5018/5392341830_8a4c449fa2_o.jpg,https://c3.staticflickr.com/6/5018/5392341830_9934110973_z.jpg,/m/01g317,animals_people,https://creativecommons.org/licenses/by/2.0/,openset
d79f3a99420cc92b,https://c4.staticflickr.com/8/7110/7616171536_f5743a4dcb_o.jpg,https://c7.staticflickr.com/8/7110/7616171536_258c4346c9_z.jpg,/m/01g317,animals_people,https://creativecommons.org/licenses/by/2.0/,openset
8c8a3b5e3178942a,https://c3.staticflickr.com/3/2932/14507550685_9dedac49c4_o.jpg,https://c1.staticflickr.com/3/2932/14507550685_89d4666b91_z.jpg,/m/01g317,animals_people,https://creativecommons.org/licenses/by/2.0/,openset
f3eac9d11b76acb1,https://farm2.staticflickr.com/6116/6313156835_424d8c51b0_o.jpg,https://c1.staticflickr.com/7/6116/6313156835_637bc2e9b6_z.jpg,/m/01g317,animals_people,https://creativecommons.org/licenses/by/2.0/,openset
10bd73c2081b6b28,https://c1.staticflickr.com/2/1322/565490817_10b4fee36f_o.jpg,https://c7.staticflickr.com/2/1322/565490817_76d143e871_z.jpg,/m/01g317,animals_people,https://creativecommons.org/licenses/by/2.0/,openset
e0b3c9044926ce88,https://c1.staticflickr.com/8/7260/6857276208_ec6c533c9c_o.jpg,https://c1.staticflickr.com/8/7260/6857276208_55e9415451_z.jpg,/m/01g317,animals_people,https://creativecommons.org/licenses/by/2.0/,openset
9aa71f6b924c460c,https://c5.staticflickr.com/4/3848/15371341936_65cfff84af_o.jpg,https://c2.staticflickr.com/4/3848/15371341936_b3a0378566_z.jpg,/m/01g317,animals_people,https://creativecommons.org/licenses/by/2.0/,openset
e28ed129261829e9,https://c2.staticflickr.com/1/481/19870922563_d22e7d653a_o.jpg,https://c1.staticflickr.com/1/481/19870922563_fc12552910_z.jpg,/m/01g317,animals_people,https://creativecommons.org/licenses/by/2.0/,openset
211d4b7b99d03c0b,https://c4.staticflickr.com/2/1004/581495212_643232b779_o.jpg,https://c1.staticflickr.com/2/1004/581495212_2afafb11dc_z.jpg?zz=1,/m/01g317,animals_people,https://creativecommons.org/licenses/by/2.0/,openset
21e1fcd99e94e565,https://farm6.staticflickr.com/8159/7365514048_c00ab85ae6_o.jpg,https://c3.staticflickr.com/9/8159/7365514048_2579bdf112_z.jpg,/m/01g317,animals_people,https://creativecommons.org/licenses/by/2.0/,openset
c0c5d828231530ba,https://c3.staticflickr.com/8/7635/16662053990_56085653d7_o.jpg,https://c2.staticflickr.com/8/7635/16662053990_8001e52c6d_z.jpg,/m/01g317,animals_people,https://creativecommons.org/licenses/by/2.0/,openset
894958cf9c00e6cb,https://c4.staticflickr.com/4/3283/2614333847_4659acd55e_o.jpg,https://c3.staticflickr.com/4/3283/2614333847_abb6a63be9_z.jpg,/m/01g317,animals_people,https://creativecommons.org/licenses/by/2.0/,openset
9fcf926e55117027,https://farm7.staticflickr.com/4119/4889843704_e2ecdaf035_o.jpg,https://c1.staticflickr.com/5/4119/4889843704_723d59f1a1_z.jpg,/m/01g317,animals_people,https://creativecommons.org/licenses/by/2.0/,openset
2ca025b840aac1b1,https://farm2.staticflickr.com/7134/7689821574_41e2989b8e_o.jpg,https://c3.staticflickr.com/8/7134/7689821574_4aabd1602e_z.jpg,/m/01g317,animals_people,https://creativecommons.org/licenses/by/2.0/,openset
4a6143afec7123f9,https://c2.staticflickr.com/6/5330/17951411556_bd56ea4d88_o.jpg,https://c7.staticflickr.com/6/5330/17951411556_9c9942d280_z.jpg,/m/01g317,animals_people,https://creativecommons.org/licenses/by/2.0/,openset
991ac642194dc866,https://farm7.staticflickr.com/3940/15404306967_978331352c_o.jpg,https://c1.staticflickr.com/4/3940/15404306967_d38005247b_z.jpg,/m/01g317,animals_people,https://creativecommons.org/licenses/by/2.0/,openset
b0c7fbba9cf2e2f9,https://c2.staticflickr.com/9/8487/8199968175_edd24c5753_o.jpg,https://c6.staticflickr.com/9/8487/8199968175_6368f9f9a6_z.jpg,/m/01g317,animals_people,https://creativecommons.org/licenses/by/2.0/,openset
79a1cc63d7b19a0a,https://c3.staticflickr.com/6/5294/5410676483_704fbdfba2_o.jpg,https://c4.staticflickr.com/6/5294/5410676483_afa5ac29cc_z.jpg,/m/01g317,animals_people,https://creativecommons.org/licenses/by/2.0/,openset
3a3ff64a6cc08bb8,https://c1.staticflickr.com/1/78/230584839_e183820f47_o.jpg,https://c6.staticflickr.com/1/78/230584839_e183820f47_z.jpg,/m/01g317,animals_people,https://creativecommons.org/licenses/by/2.0/,openset
9ca2607acf4c50d5,https://farm6.staticflickr.com/8691/16849974002_30f4715886_o.jpg,https://c8.staticflickr.com/9/8691/16849974002_a617a2e9d7_z.jpg,/m/01g317,animals_people,https://creativecommons.org/licenses/by/2.0/,openset
defa5e3bcb8e269a,https://c3.staticflickr.com/5/4154/4847125708_043574e540_o.jpg,https://c5.staticflickr.com/5/4154/4847125708_dab0c38ac6_z.jpg,/m/01g317,animals_people,https://creativecommons.org/licenses/by/2.0/,openset
d6ffe139bee1f3b8,https://c1.staticflickr.com/3/2757/4102884870_b142bbff1a_o.jpg,https://c7.staticflickr.com/3/2757/4102884870_0a05cfd28e_z.jpg?zz=1,/m/01g317,animals_people,https://creativecommons.org/licenses/by/2.0/,openset
ca4f6025ee1babfc,https://c5.staticflickr.com/4/3783/13239265274_fb81fd0c13_o.jpg,https://c6.staticflickr.com/4/3783/13239265274_8485b03118_z.jpg,/m/01g317,animals_people,https://creativecommons.org/licenses/by/2.0/,openset
371c6f2cc9261526,https://farm7.staticflickr.com/4098/4740582920_2381aec4bc_o.jpg,https://c3.staticflickr.com/5/4098/4740582920_51a41e7660_z.jpg,/m/01g317,animals_people,https://creativecommons.org/licenses/by/2.0/,openset
d18b4c4bd85e4260,https://farm1.staticflickr.com/3054/3012727800_632ed77f0d_o.jpg,https://c5.staticflickr.com/4/3054/3012727800_2183ef5e48_z.jpg,/m/01g317,animals_people,https://creativecommons.org/licenses/by/2.0/,openset
585d15bebf21efc0,https://farm1.staticflickr.com/8204/8226340995_fb4d33426c_o.jpg,https://c5.staticflickr.com/9/8204/8226340995_dbb881785d_z.jpg,/m/01g317,animals_people,https://creativecommons.org/licenses/by/2.0/,openset
72585591ad38fd05,https://farm6.staticflickr.com/2517/3716653854_5b50a6d6b9_o.jpg,https://c4.staticflickr.com/3/2517/3716653854_51048d7ca8_z.jpg,/m/01g317,animals_people,https://creativecommons.org/licenses/by/2.0/,openset
c48cf3554d0fce00,https://farm1.staticflickr.com/2864/13715791714_74fc898843_o.jpg,https://c8.staticflickr.com/3/2864/13715791714_ffe27218fe_z.jpg,/m/01g317,animals_people,https://creativecommons.org/licenses/by/2.0/,openset
bdd7d4c0f98bbe06,https://farm7.staticflickr.com/4060/4571559653_67ce7498b8_o.jpg,https://c8.staticflickr.com/5/4060/4571559653_6f08820f2c_z.jpg,/m/01g317,animals_people,https://creativecommons.org/licenses/by/2.0/,openset
6abba63a6b1a0d0d,https://c6.staticflickr.com/1/545/19964793758_6a7f820088_o.jpg,https://c4.staticflickr.com/1/545/19964793758_b635a8f9cc_z.jpg,/m/01g317,animals_people,https://creativecommons.org/licenses/by/2.0/,openset
7e15d2d7459604f5,https://farm6.staticflickr.com/121/278582179_0ee511c66b_o.jpg,https://c8.staticflickr.com/1/121/278582179_0ee511c66b_z.jpg?zz=1,/m/01g317,animals_people,https://creativecommons.org/licenses/by/2.0/,openset
96110af8d5997ee1,https://farm2.staticflickr.com/6029/5882975049_423cb1a988_o.jpg,https://c7.staticflickr.com/7/6029/5882975049_fbb97e4043_z.jpg,/m/01g317,animals_people,https://creativecommons.org/licenses/by/2.0/,openset
8214bcc1f73be515,https://farm6.staticflickr.com/4100/4816232266_30199e620d_o.jpg,https://c2.staticflickr.com/5/4100/4816232266_3465e2f804_z.jpg,/m/01g317,animals_people,https://creativecommons.org/licenses/by/2.0/,openset
1faa94d14f505580,https://farm1.staticflickr.com/486/17864698693_935c1e939c_o.jpg,https://c7.staticflickr.com/1/486/17864698693_d26127faba_z.jpg,/m/01g317,animals_people,https://creativecommons.org/licenses/by/2.0/,openset
45426e8de0fba3b9,https://c2.staticflickr.com/4/3812/13432910665_38e0314516_o.jpg,https://c8.staticflickr.com/4/3812/13432910665_58570a7a7a_z.jpg,/m/01g317,animals_people,https://creativecommons.org/licenses/by/2.0/,openset
3e2ede42bf6c9a2f,https://c8.staticflickr.com/4/3903/14357603647_8280bd5d02_o.jpg,https://c7.staticflickr.com/4/3903/14357603647_f17529e50d_z.jpg,/m/01g317,animals_people,https://creativecommons.org/licenses/by/2.0/,openset
0f521967126fe01f,https://c8.staticflickr.com/3/2896/14172725283_6a5e24e59d_o.jpg,https://c8.staticflickr.com/3/2896/14172725283_8d31749155_z.jpg,/m/01g317,animals_people,https://creativecommons.org/licenses/by/2.0/,openset
603dc553ace0242c,https://c5.staticflickr.com/4/3954/14971373023_b36f42a580_o.jpg,https://c8.staticflickr.com/4/3954/14971373023_2f642f21d3_z.jpg,/m/01g317,animals_people,https://creativecommons.org/licenses/by/2.0/,openset
03f526f3f4559ec4,https://farm5.staticflickr.com/8474/8124847519_99623ed2f1_o.jpg,https://c6.staticflickr.com/9/8474/8124847519_8124edf90a_z.jpg,/m/01g317,animals_people,https://creativecommons.org/licenses/by/2.0/,openset
ab65275ccb02ad30,https://farm1.staticflickr.com/2351/2088607618_f494f3efe9_o.jpg,https://c6.staticflickr.com/3/2351/2088607618_f86f0ff96a_z.jpg,/m/01g317,animals_people,https://creativecommons.org/licenses/by/2.0/,openset
a1104cf878cd48f1,https://farm2.staticflickr.com/3800/9721634865_e6e11c340e_o.jpg,https://c8.staticflickr.com/4/3800/9721634865_89d2e5f223_z.jpg,/m/01g317,animals_people,https://creativecommons.org/licenses/by/2.0/,openset
3fdb6d4d4e87b6dc,https://c5.staticflickr.com/9/8196/8091031777_3034d4a17c_o.jpg,https://c6.staticflickr.com/9/8196/8091031777_b5841cb65f_z.jpg,/m/01g317,animals_people,https://creativecommons.org/licenses/by/2.0/,openset
ab6e54d00094dd99,https://c2.staticflickr.com/9/8090/8491914963_345a50044e_o.jpg,https://c2.staticflickr.com/9/8090/8491914963_bda5de1c93_z.jpg,/m/01g317,animals_people,https://creativecommons.org/licenses/by/2.0/,openset
3ccee75c5e0780d5,https://farm6.staticflickr.com/8345/8202899179_43df4f58a8_o.jpg,https://c2.staticflickr.com/9/8345/8202899179_4ece7d2298_z.jpg,/m/01g317,animals_people,https://creativecommons.org/licenses/by/2.0/,openset
00f2c47ea8f0bd09,https://c2.staticflickr.com/9/8661/15955699156_2d05e5583a_o.jpg,https://c7.staticflickr.com/9/8661/15955699156_1ba7005a33_z.jpg,/m/01g317,animals_people,https://creativecommons.org/licenses/by/2.0/,openset
113cafc3b8f037e1,https://farm2.staticflickr.com/7173/6490347981_a92b6a8b6a_o.jpg,https://c5.staticflickr.com/8/7173/6490347981_163788d3f5_z.jpg,/m/01g317,animals_people,https://creativecommons.org/licenses/by/2.0/,openset
cff602da31c4fd38,https://c1.staticflickr.com/6/5595/15071257401_a414c4397e_o.jpg,,/m/01g317,animals_people,https://creativecommons.org/licenses/by/2.0/,openset
b8220c42dea5dafc,https://c5.staticflickr.com/6/5064/5696711147_41c6506174_o.jpg,https://c8.staticflickr.com/6/5064/5696711147_8e10dc9d5b_z.jpg,/m/01g317,animals_people,https://creativecommons.org/licenses/by/2.0/,openset
0de2bc45e6e222cb,https://c4.staticflickr.com/1/25/65544341_e5cfc83937_o.jpg,https://c2.staticflickr.com/1/25/65544341_e5cfc83937_z.jpg,/m/01g317,animals_people,https://creativecommons.org/licenses/by/2.0/,openset
3f7e0290382e6fe2,https://farm3.staticflickr.com/2139/2222418843_9edf7d9ac2_o.jpg,https://c2.staticflickr.com/3/2139/2222418843_a933042e8c_z.jpg,/m/01g317,animals_people,https://creativecommons.org/licenses/by/2.0/,openset
103f0b56cf760d41,https://farm2.staticflickr.com/8201/8212933728_606d93283a_o.jpg,https://c2.staticflickr.com/9/8201/8212933728_8d9cfac390_z.jpg,/m/01g317,animals_people,https://creativecommons.org/licenses/by/2.0/,openset
0697da67300beb3f,https://c8.staticflickr.com/1/53/188009412_80d001f538_o.jpg,https://c2.staticflickr.com/1/53/188009412_80d001f538_z.jpg,/m/01g317,animals_people,https://creativecommons.org/licenses/by/2.0/,openset
5def49ab74d8c2ed,https://c6.staticflickr.com/4/3132/2852418131_212eef4cd5_o.jpg,https://c4.staticflickr.com/4/3132/2852418131_b419eff6c8_z.jpg,/m/01g317,animals_people,https://creativecommons.org/licenses/by/2.0/,openset
1133525bbb942dae,https://c7.staticflickr.com/5/4029/4702795047_fed8569c86_o.jpg,https://c3.staticflickr.com/5/4029/4702795047_6aff13445d_z.jpg,/m/01g317,animals_people,https://creativecommons.org/licenses/by/2.0/,openset
95033b8b5b6243cc,https://c5.staticflickr.com/8/7777/17174308779_1dd480083c_o.jpg,https://c1.staticflickr.com/8/7777/17174308779_6fa7faaa63_z.jpg,/m/01g317,animals_people,https://creativecommons.org/licenses/by/2.0/,openset
4246e14e0605c459,https://c2.staticflickr.com/4/3251/5860170779_fb8e2d23a4_o.jpg,https://c3.staticflickr.com/4/3251/5860170779_9a1ea320e2_z.jpg,/m/01g317,animals_people,https://creativecommons.org/licenses/by/2.0/,openset
4e5f1867987229a5,https://farm6.staticflickr.com/2489/4314043371_2ff665b3a7_o.jpg,https://c3.staticflickr.com/3/2489/4314043371_cede584434_z.jpg?zz=1,/m/01g317,animals_people,https://creativecommons.org/licenses/by/2.0/,openset
c3ad11c68df30a8a,https://c3.staticflickr.com/4/3916/14224813250_7091c686ee_o.jpg,https://c3.staticflickr.com/4/3916/14224813250_d032aab378_z.jpg,/m/01g317,animals_people,https://creativecommons.org/licenses/by/2.0/,openset
8c60c5217a185546,https://farm7.staticflickr.com/7415/10756682684_65aca4fb25_o.jpg,https://c7.staticflickr.com/8/7415/10756682684_e1aa89a95f_z.jpg,/m/01g317,animals_people,https://creativecommons.org/licenses/by/2.0/,openset
3afefeea4a39a40e,https://c7.staticflickr.com/4/3322/3427280408_f3742f7ed0_o.jpg,https://c8.staticflickr.com/4/3322/3427280408_0e3c67c610_z.jpg,/m/01g317,animals_people,https://creativecommons.org/licenses/by/2.0/,openset
9c9e953d375678d9,https://c2.staticflickr.com/8/7503/15085121554_fdcfb106a7_o.jpg,https://c2.staticflickr.com/8/7503/15085121554_c35e7b081e_z.jpg,/m/01g317,animals_people,https://creativecommons.org/licenses/by/2.0/,openset
23009f45047d2834,https://farm5.staticflickr.com/3630/3665363485_78b4a05767_o.jpg,https://c5.staticflickr.com/4/3630/3665363485_f0864ac678_z.jpg?zz=1,/m/01g317,animals_people,https://creativecommons.org/licenses/by/2.0/,openset
d4e5710d57f49fc9,https://c2.staticflickr.com/4/3255/2653583748_5e13d63d99_o.jpg,https://c8.staticflickr.com/4/3255/2653583748_d94b4159ca_z.jpg,/m/01g317,animals_people,https://creativecommons.org/licenses/by/2.0/,openset
a627d0aa867efedb,https://c4.staticflickr.com/6/5218/5475688143_7144d8f9c3_o.jpg,https://c4.staticflickr.com/6/5218/5475688143_9710ac2f48_z.jpg,/m/01g317,animals_people,https://creativecommons.org/licenses/by/2.0/,openset
a7b7dbe362e012a6,https://farm7.staticflickr.com/8054/8137895054_3e4ff6151f_o.jpg,https://c3.staticflickr.com/9/8054/8137895054_b6b4fb99bf_z.jpg,/m/01g317,animals_people,https://creativecommons.org/licenses/by/2.0/,openset
887b40f773702be1,https://farm2.staticflickr.com/4130/5133542592_419303ae6a_o.jpg,https://c2.staticflickr.com/5/4130/5133542592_4dfb3d79a9_z.jpg,/m/01g317,animals_people,https://creativecommons.org/licenses/by/2.0/,openset
43ccdd82b5ccb0db,https://c4.staticflickr.com/3/2447/3625016996_7053c6217b_o.jpg,https://c1.staticflickr.com/3/2447/3625016996_9ffd34b9c0_z.jpg,/m/01g317,animals_people,https://creativecommons.org/licenses/by/2.0/,openset
e91fd3afd07badb2,https://farm3.staticflickr.com/2314/2240440784_995ab87b43_o.jpg,https://c8.staticflickr.com/3/2314/2240440784_f48e4ae75c_z.jpg,/m/01g317,animals_people,https://creativecommons.org/licenses/by/2.0/,openset
889408fb1e0e6f86,https://farm7.staticflickr.com/8717/17049426232_eae0425c74_o.jpg,https://c2.staticflickr.com/9/8717/17049426232_8ab707e607_z.jpg,/m/01g317,animals_people,https://creativecommons.org/licenses/by/2.0/,openset
f107905b95227a90,https://farm1.staticflickr.com/3757/18944646969_4070245d92_o.jpg,https://c2.staticflickr.com/4/3757/18944646969_13d540b2d3_z.jpg,/m/01g317,animals_people,https://creativecommons.org/licenses/by/2.0/,openset
74cd162f4f588552,https://farm3.staticflickr.com/3901/14873555468_ba26899d38_o.jpg,https://c1.staticflickr.com/4/3901/14873555468_6e8db55c41_z.jpg,/m/01g317,animals_people,https://creativecommons.org/licenses/by/2.0/,openset
33fb23e4317038d8,https://c1.staticflickr.com/4/3138/2744586191_b1e809e747_o.jpg,https://c6.staticflickr.com/4/3138/2744586191_08b3ef8f06_z.jpg,/m/01g317,animals_people,https://creativecommons.org/licenses/by/2.0/,openset
17ba50c90e064c38,https://c1.staticflickr.com/4/3423/3223212336_8cfddbd875_o.jpg,https://c4.staticflickr.com/4/3423/3223212336_7a672ecfc7_z.jpg,/m/01g317,animals_people,https://creativecommons.org/licenses/by/2.0/,openset
1876e650330582e3,https://farm4.staticflickr.com/7389/9722222343_3a6e33f1c0_o.jpg,https://c8.staticflickr.com/8/7389/9722222343_5b00f14025_z.jpg,/m/01g317,animals_people,https://creativecommons.org/licenses/by/2.0/,openset
c08a97fbb0dcdb5a,https://c3.staticflickr.com/8/7390/10026793274_7b26a27801_o.jpg,https://c8.staticflickr.com/8/7390/10026793274_a8001068dc_z.jpg,/m/01g317,animals_people,https://creativecommons.org/licenses/by/2.0/,openset
7bf79f79a7955c1c,https://c5.staticflickr.com/4/3512/3220634580_877eb89439_o.jpg,https://c1.staticflickr.com/4/3512/3220634580_0590a2a6cd_z.jpg,/m/01g317,animals_people,https://creativecommons.org/licenses/by/2.0/,openset
650618c6cb918a3e,https://c7.staticflickr.com/7/6003/5944096343_f8ece68d21_o.jpg,https://c8.staticflickr.com/7/6003/5944096343_bf3f002fe8_z.jpg,/m/01g317,animals_people,https://creativecommons.org/licenses/by/2.0/,openset
79c0df14545e1cb5,https://farm6.staticflickr.com/3185/3107300646_96a8730b4f_o.jpg,https://c3.staticflickr.com/4/3185/3107300646_16cf920b2c_z.jpg,/m/01g317,animals_people,https://creativecommons.org/licenses/by/2.0/,openset
7608aeff29b65a0b,https://c4.staticflickr.com/8/7136/7139570885_43bf69a5ff_o.jpg,https://c2.staticflickr.com/8/7136/7139570885_3148cb0852_z.jpg,/m/01g317,animals_people,https://creativecommons.org/licenses/by/2.0/,openset
86bddd2670d34574,https://farm5.staticflickr.com/2679/5817495987_e40c00fac8_o.jpg,https://c8.staticflickr.com/3/2679/5817495987_ff542aa63a_z.jpg,/m/01g317,animals_people,https://creativecommons.org/licenses/by/2.0/,openset
d6b5d1eba0f418af,https://c8.staticflickr.com/7/6024/5970162626_6cd541433f_o.jpg,https://c2.staticflickr.com/7/6024/5970162626_8e3fb9a8de_z.jpg,/m/01g317,animals_people,https://creativecommons.org/licenses/by/2.0/,openset
0c96ad5dd95500a5,https://farm6.staticflickr.com/8142/7542909456_dda8032cee_o.jpg,https://c6.staticflickr.com/9/8142/7542909456_2396440cd0_z.jpg,/m/01g317,animals_people,https://creativecommons.org/licenses/by/2.0/,openset
c516fa9b5787a4bb,https://c4.staticflickr.com/9/8341/8232132137_5fdd12675f_o.jpg,https://c8.staticflickr.com/9/8341/8232132137_45ea850c35_z.jpg,/m/01g317,animals_people,https://creativecommons.org/licenses/by/2.0/,openset
beead5ae8c30f445,https://farm6.staticflickr.com/5124/5228499487_31bc525cff_o.jpg,https://c1.staticflickr.com/6/5124/5228499487_f2bc849f2b_z.jpg,/m/01g317,animals_people,https://creativecommons.org/licenses/by/2.0/,openset
bcbba7d6759b2843,https://farm4.staticflickr.com/2891/9380399297_7248838c5e_o.jpg,https://c5.staticflickr.com/3/2891/9380399297_5738e4872e_z.jpg,/m/01g317,animals_people,https://creativecommons.org/licenses/by/2.0/,openset
18e6642a49cf39a9,https://c2.staticflickr.com/1/164/348620370_e8b060f15a_o.jpg,https://c1.staticflickr.com/1/164/348620370_e8b060f15a_z.jpg,/m/01g317,animals_people,https://creativecommons.org/licenses/by/2.0/,openset
0e603774c6a4edf0,https://farm1.staticflickr.com/5249/5369175747_3d4838bb85_o.jpg,https://c6.staticflickr.com/6/5249/5369175747_a61f0c1db7_z.jpg,/m/01g317,animals_people,https://creativecommons.org/licenses/by/2.0/,openset
73744c6981ebc66f,https://c8.staticflickr.com/8/7416/9135811893_6e3251a173_o.jpg,https://c8.staticflickr.com/8/7416/9135811893_6e452aab14_z.jpg,/m/01g317,animals_people,https://creativecommons.org/licenses/by/2.0/,openset
d67128f5de53ad7c,https://c5.staticflickr.com/3/2041/1855787346_f78bf9507d_o.jpg,https://c1.staticflickr.com/3/2041/1855787346_f8cb3a2aa8_z.jpg?zz=1,/m/01g317,animals_people,https://creativecommons.org/licenses/by/2.0/,openset
6096637cb97f9475,https://farm6.staticflickr.com/3888/14824514087_7a13042732_o.jpg,https://c5.staticflickr.com/4/3888/14824514087_29a60357d0_z.jpg,/m/01g317,animals_people,https://creativecommons.org/licenses/by/2.0/,openset
eea0be115a18a2e6,https://farm7.staticflickr.com/3859/15378131742_d869ab8318_o.jpg,https://c4.staticflickr.com/4/3859/15378131742_9bae795a37_z.jpg,/m/01g317,animals_people,https://creativecommons.org/licenses/by/2.0/,openset
1c18a024c311ac30,https://farm1.staticflickr.com/4035/4463083049_9d7ebf5720_o.jpg,https://c7.staticflickr.com/5/4035/4463083049_fe11838e1c_z.jpg,/m/01g317,animals_people,https://creativecommons.org/licenses/by/2.0/,openset
457c76e30ca02c80,https://farm1.staticflickr.com/3309/3198264257_0c42df3873_o.jpg,https://c4.staticflickr.com/4/3309/3198264257_788e701519_z.jpg,/m/01g317,animals_people,https://creativecommons.org/licenses/by/2.0/,openset
34516ef6f0adc9c8,https://c1.staticflickr.com/8/7206/7005906305_8f6a97a47b_o.jpg,https://c6.staticflickr.com/8/7206/7005906305_cfd5675546_z.jpg,/m/01g317,animals_people,https://creativecommons.org/licenses/by/2.0/,openset
33edd12aa8865fe2,https://farm3.staticflickr.com/3334/4595573377_f6786c9393_o.jpg,https://c7.staticflickr.com/4/3334/4595573377_50ff4b2b6f_z.jpg,/m/01g317,animals_people,https://creativecommons.org/licenses/by/2.0/,openset
9bb908cf2fc90277,https://farm8.staticflickr.com/8388/8516391482_5fca1774f1_o.jpg,https://c7.staticflickr.com/9/8388/8516391482_1183a6db92_z.jpg,/m/01g317,animals_people,https://creativecommons.org/licenses/by/2.0/,openset
813b13100fd4b89d,https://c6.staticflickr.com/7/6145/5957247945_c2b83b7185_o.jpg,https://c4.staticflickr.com/7/6145/5957247945_021e6877c2_z.jpg,/m/01g317,animals_people,https://creativecommons.org/licenses/by/2.0/,openset
2553cc86658d740e,https://c7.staticflickr.com/8/7278/7632081370_3550b1ae72_o.jpg,https://c6.staticflickr.com/8/7278/7632081370_77116a3f29_z.jpg,/m/01g317,animals_people,https://creativecommons.org/licenses/by/2.0/,openset
794468d9e6566ce6,https://farm7.staticflickr.com/2860/8988804694_42af5eeb8a_o.jpg,https://c4.staticflickr.com/3/2860/8988804694_da7d370ae5_z.jpg,/m/01g317,animals_people,https://creativecommons.org/licenses/by/2.0/,openset
31fa166f7b39bfca,https://c3.staticflickr.com/6/5232/6917521432_db094084b9_o.jpg,https://c6.staticflickr.com/6/5232/6917521432_df663cdba9_z.jpg,/m/01g317,animals_people,https://creativecommons.org/licenses/by/2.0/,openset
4e63eb9da7b12fff,https://c8.staticflickr.com/1/136/350695262_8d22911149_o.jpg,https://c8.staticflickr.com/1/136/350695262_8d22911149_z.jpg,/m/01g317,animals_people,https://creativecommons.org/licenses/by/2.0/,openset
8561ff4024abae6e,https://c7.staticflickr.com/9/8067/8209059992_9171fda0a7_o.jpg,https://c8.staticflickr.com/9/8067/8209059992_acdcc52b03_z.jpg,/m/01g317,animals_people,https://creativecommons.org/licenses/by/2.0/,openset
45d247ee63eec8b6,https://farm7.staticflickr.com/8150/7535284576_2c618a3039_o.jpg,https://c8.staticflickr.com/9/8150/7535284576_5082cba097_z.jpg,/m/01g317,animals_people,https://creativecommons.org/licenses/by/2.0/,openset
12743179dd26cd68,https://c1.staticflickr.com/9/8115/8640552285_8ddd0b15e6_o.jpg,https://c7.staticflickr.com/9/8115/8640552285_8585ae8452_z.jpg,/m/01g317,animals_people,https://creativecommons.org/licenses/by/2.0/,openset
7f8fcf6ead51ec95,https://farm6.staticflickr.com/3645/3633858194_208832a345_o.jpg,https://c5.staticflickr.com/4/3645/3633858194_1b05f08e15_z.jpg,/m/01g317,animals_people,https://creativecommons.org/licenses/by/2.0/,openset
f134d5ff2a683759,https://c2.staticflickr.com/3/2897/14036729922_7cb73c8900_o.jpg,https://c2.staticflickr.com/3/2897/14036729922_90287532ac_z.jpg,/m/01g317,animals_people,https://creativecommons.org/licenses/by/2.0/,openset
9ffa109c310c9abd,https://c6.staticflickr.com/9/8393/8704837496_2434c8878f_o.jpg,https://c6.staticflickr.com/9/8393/8704837496_467003d27b_z.jpg,/m/01g317,animals_people,https://creativecommons.org/licenses/by/2.0/,openset
18c249a9b1ee1db3,https://farm4.staticflickr.com/2587/3983097174_bfc2ddcb4c_o.jpg,https://c6.staticflickr.com/3/2587/3983097174_ff23acc92c_z.jpg,/m/01g317,animals_people,https://creativecommons.org/licenses/by/2.0/,openset
0b9a87af1fc79249,https://c2.staticflickr.com/8/7394/10124643363_ab1022061f_o.jpg,https://c5.staticflickr.com/8/7394/10124643363_56108ef89e_z.jpg,/m/01g317,animals_people,https://creativecommons.org/licenses/by/2.0/,openset
be8a9875ec0cd29c,https://c5.staticflickr.com/3/2833/8998104449_94826c30b1_o.jpg,https://c6.staticflickr.com/3/2833/8998104449_1692c5cc57_z.jpg,/m/01g317,animals_people,https://creativecommons.org/licenses/by/2.0/,openset
9d07b72c5bc57630,https://farm1.staticflickr.com/2903/14506606472_afb24698d1_o.jpg,https://c5.staticflickr.com/3/2903/14506606472_e92df8bc66_z.jpg,/m/01g317,animals_people,https://creativecommons.org/licenses/by/2.0/,openset
fa8c51e25900497e,https://c7.staticflickr.com/3/2859/10730015436_bdb34c236c_o.jpg,https://c7.staticflickr.com/3/2859/10730015436_73c086a4a3_z.jpg,/m/01g317,animals_people,https://creativecommons.org/licenses/by/2.0/,openset
0268f23b762f36de,https://c7.staticflickr.com/3/2343/1983948809_2296df65c3_o.jpg,,/m/01g317,animals_people,https://creativecommons.org/licenses/by/2.0/,openset
176d5b4a15cd549d,https://c6.staticflickr.com/1/95/259965107_fe4c3a5556_o.jpg,https://c2.staticflickr.com/1/95/259965107_fe4c3a5556_z.jpg?zz=1,/m/01g317,animals_people,https://creativecommons.org/licenses/by/2.0/,openset
de6eabbbb1d64f2a,https://c3.staticflickr.com/1/96/226438380_c0e7614137_o.jpg,https://c1.staticflickr.com/1/96/226438380_c0e7614137_z.jpg,/m/01g317,animals_people,https://creativecommons.org/licenses/by/2.0/,openset
fea00fc401b1b3cc,https://c5.staticflickr.com/5/4105/5054466719_7602ec4796_o.jpg,https://c3.staticflickr.com/5/4105/5054466719_d1471ed313_z.jpg,/m/01g317,animals_people,https://creativecommons.org/licenses/by/2.0/,openset
41c973c0c096d398,https://c1.staticflickr.com/2/1061/1266226219_2ee7535568_o.jpg,https://c7.staticflickr.com/2/1061/1266226219_a9a0498a58_z.jpg,/m/01g317,animals_people,https://creativecommons.org/licenses/by/2.0/,openset
2cf6a3278abdf8f8,https://c1.staticflickr.com/5/4147/4990687229_4a947fb15e_o.jpg,https://c2.staticflickr.com/5/4147/4990687229_2defc1d023_z.jpg,/m/01g317,animals_people,https://creativecommons.org/licenses/by/2.0/,openset
749903d6d5a7b8d8,https://c1.staticflickr.com/1/56/129757555_d308dc95d1_o.jpg,https://c3.staticflickr.com/1/56/129757555_d308dc95d1_z.jpg?zz=1,/m/01g317,animals_people,https://creativecommons.org/licenses/by/2.0/,openset
8c73020485fbcaed,https://c6.staticflickr.com/4/3368/3199629729_85a4a7e2b1_o.jpg,https://c1.staticflickr.com/4/3368/3199629729_d874a928b4_z.jpg,/m/01g317,animals_people,https://creativecommons.org/licenses/by/2.0/,openset
8b2cc315b36feedc,https://c5.staticflickr.com/3/2375/1686442985_c8b22e2afa_o.jpg,https://c4.staticflickr.com/3/2375/1686442985_39cd627e65_z.jpg,/m/01g317,animals_people,https://creativecommons.org/licenses/by/2.0/,openset
3ad7f34f492b2899,https://c2.staticflickr.com/8/7193/6982973121_b424ebb447_o.jpg,https://c1.staticflickr.com/8/7193/6982973121_a6b97e39d6_z.jpg,/m/01g317,animals_people,https://creativecommons.org/licenses/by/2.0/,openset
719738e4a28bddf5,https://farm6.staticflickr.com/7013/6733298817_51193dc864_o.jpg,https://c8.staticflickr.com/8/7013/6733298817_6da9f38c00_z.jpg,/m/0jbk,animals_people,https://creativecommons.org/licenses/by/2.0/,openset
05ece660aeafe2af,https://c8.staticflickr.com/5/4097/4745273731_92aff23097_o.jpg,https://c5.staticflickr.com/5/4097/4745273731_2e3c07a075_z.jpg,/m/0jbk,animals_people,https://creativecommons.org/licenses/by/2.0/,openset
1b3761d1d2dfa699,https://c2.staticflickr.com/6/5598/15271606838_bdc28d0933_o.jpg,https://c5.staticflickr.com/6/5598/15271606838_384375ca90_z.jpg,/m/0jbk,animals_people,https://creativecommons.org/licenses/by/2.0/,openset
69afea2f12f1258a,https://c3.staticflickr.com/3/2164/2401547089_87daa550c3_o.jpg,https://c7.staticflickr.com/3/2164/2401547089_6a4f49b9ed_z.jpg?zz=1,/m/0jbk,animals_people,https://creativecommons.org/licenses/by/2.0/,openset
0027f5d43f2a1f95,https://farm6.staticflickr.com/8087/8491564300_820d5389dd_o.jpg,https://c5.staticflickr.com/9/8087/8491564300_93e9759bff_z.jpg,/m/0jbk,animals_people,https://creativecommons.org/licenses/by/2.0/,openset
6dbfe63e67b2f17d,https://c6.staticflickr.com/6/5188/5792699034_311a5c2fce_o.jpg,https://c2.staticflickr.com/6/5188/5792699034_2505abc2a5_z.jpg,/m/0jbk,animals_people,https://creativecommons.org/licenses/by/2.0/,openset
3fc6de35c172e841,https://farm2.staticflickr.com/5514/14247870990_301b27ed96_o.jpg,https://c3.staticflickr.com/6/5514/14247870990_d3b0fcaca6_z.jpg,/m/0jbk,animals_people,https://creativecommons.org/licenses/by/2.0/,openset
8420d1abf1491bbf,https://c8.staticflickr.com/4/3852/14394506813_e9c94a549a_o.jpg,https://c3.staticflickr.com/4/3852/14394506813_c1686f9761_z.jpg,/m/0jbk,animals_people,https://creativecommons.org/licenses/by/2.0/,openset
476e59ad84a17800,https://farm1.staticflickr.com/8173/7979276305_f6329fd652_o.jpg,https://c2.staticflickr.com/9/8173/7979276305_8297538e84_z.jpg,/m/0jbk,animals_people,https://creativecommons.org/licenses/by/2.0/,openset
7902d146e0b7a84f,https://c8.staticflickr.com/1/352/18366367060_b5f13095ef_o.jpg,https://c7.staticflickr.com/1/352/18366367060_e38c7ebd3d_z.jpg,/m/0jbk,animals_people,https://creativecommons.org/licenses/by/2.0/,openset
dd699ea85a293133,https://farm4.staticflickr.com/3834/9153487078_4b63d70e32_o.jpg,https://c4.staticflickr.com/4/3834/9153487078_b08c027e97_z.jpg,/m/0jbk,animals_people,https://creativecommons.org/licenses/by/2.0/,openset
ebe5da9cc3199f3e,https://c7.staticflickr.com/4/3704/12420354794_fa262266ff_o.jpg,https://c4.staticflickr.com/4/3704/12420354794_92af2a0897_z.jpg,/m/0jbk,animals_people,https://creativecommons.org/licenses/by/2.0/,openset
a8965668f3a0ed86,https://farm7.staticflickr.com/6159/6184076877_e0643c4bec_o.jpg,https://c1.staticflickr.com/7/6159/6184076877_405e4d6ecc_z.jpg,/m/0jbk,animals_people,https://creativecommons.org/licenses/by/2.0/,openset
cfef2c74b29cb088,https://c1.staticflickr.com/1/109/252406670_e5ae7b480c_o.jpg,https://c1.staticflickr.com/1/109/252406670_3427dbc320_z.jpg,/m/0jbk,animals_people,https://creativecommons.org/licenses/by/2.0/,openset
e6b7d07d56856412,https://farm3.staticflickr.com/2638/3754130829_160fc89bed_o.jpg,https://c4.staticflickr.com/3/2638/3754130829_a2310cd110_z.jpg,/m/0jbk,animals_people,https://creativecommons.org/licenses/by/2.0/,openset
8fe2173d933237f2,https://farm3.staticflickr.com/5302/5693867603_80aa23aa5c_o.jpg,https://c8.staticflickr.com/6/5302/5693867603_a97a556305_z.jpg,/m/0jbk,animals_people,https://creativecommons.org/licenses/by/2.0/,openset
17af056ee8bf3aa1,https://farm2.staticflickr.com/8496/8341102802_a0e3c4625c_o.jpg,https://c6.staticflickr.com/9/8496/8341102802_395a9f4899_z.jpg,/m/0jbk,animals_people,https://creativecommons.org/licenses/by/2.0/,openset
2431f8f2ec0f9c95,https://farm6.staticflickr.com/7407/10574247474_b55dcc9aa1_o.jpg,https://c1.staticflickr.com/8/7407/10574247474_76f7cddfed_z.jpg,/m/0jbk,animals_people,https://creativecommons.org/licenses/by/2.0/,openset
4bc3bb4107f95c23,https://farm4.staticflickr.com/2817/12915317004_305b0cea7b_o.jpg,https://c1.staticflickr.com/3/2817/12915317004_61f328d808_z.jpg,/m/0jbk,animals_people,https://creativecommons.org/licenses/by/2.0/,openset
2e1414c375d893fe,https://c7.staticflickr.com/2/1379/5162160076_ec3d8b3d0b_o.jpg,https://c5.staticflickr.com/2/1379/5162160076_780debbbd5_z.jpg,/m/0jbk,animals_people,https://creativecommons.org/licenses/by/2.0/,openset
05ea968734ba7cff,https://c8.staticflickr.com/9/8857/17164078470_7799516ac4_o.jpg,https://c1.staticflickr.com/9/8857/17164078470_76d16af237_z.jpg,/m/0jbk,animals_people,https://creativecommons.org/licenses/by/2.0/,openset
b0f7517139dfe23f,https://c8.staticflickr.com/9/8067/8184540312_429950bffe_o.jpg,https://c6.staticflickr.com/9/8067/8184540312_67e116e16e_z.jpg,/m/0jbk,animals_people,https://creativecommons.org/licenses/by/2.0/,openset
ee02186d247e87bd,https://c6.staticflickr.com/4/3767/9780122006_7994c4f755_o.jpg,https://c5.staticflickr.com/4/3767/9780122006_b4850e943b_z.jpg,/m/0jbk,animals_people,https://creativecommons.org/licenses/by/2.0/,openset
a3ae66f7bb3a9056,https://farm7.staticflickr.com/7256/7075441107_7a723510eb_o.jpg,https://c4.staticflickr.com/8/7256/7075441107_dac6ba7b15_z.jpg,/m/0jbk,animals_people,https://creativecommons.org/licenses/by/2.0/,openset
06202904ccdb03b1,https://farm2.staticflickr.com/5489/9051026471_cdd295a277_o.jpg,https://c2.staticflickr.com/6/5489/9051026471_919e051520_z.jpg,/m/0jbk,animals_people,https://creativecommons.org/licenses/by/2.0/,openset
f3298fa578436d9b,https://c4.staticflickr.com/8/7123/7527459220_818c5bee33_o.jpg,https://c5.staticflickr.com/8/7123/7527459220_a0cec51b69_z.jpg,/m/0jbk,animals_people,https://creativecommons.org/licenses/by/2.0/,openset
51e2ccc2c7517d4d,https://c6.staticflickr.com/9/8174/7990730652_a43cc13e23_o.jpg,https://c1.staticflickr.com/9/8174/7990730652_2fe4ed7246_z.jpg,/m/0jbk,animals_people,https://creativecommons.org/licenses/by/2.0/,openset
05cacf959674d397,https://farm8.staticflickr.com/8438/7785058578_6f6fa48ee3_o.jpg,https://c5.staticflickr.com/9/8438/7785058578_630fd3858b_z.jpg,/m/0jbk,animals_people,https://creativecommons.org/licenses/by/2.0/,openset
052f3f1d6c7abd2e,https://c7.staticflickr.com/1/201/502712270_a748c20da7_o.jpg,https://c7.staticflickr.com/1/201/502712270_cd372c70bc_z.jpg,/m/0jbk,animals_people,https://creativecommons.org/licenses/by/2.0/,openset
b2b0969a9ee6ec88,https://c1.staticflickr.com/4/3579/3323319985_49ce873d30_o.jpg,https://c6.staticflickr.com/4/3579/3323319985_11be3bbb34_z.jpg,/m/0jbk,animals_people,https://creativecommons.org/licenses/by/2.0/,openset
8c3d7b186cf8978d,https://c6.staticflickr.com/3/2804/4460623305_9f7837353b_o.jpg,https://c4.staticflickr.com/3/2804/4460623305_5e2180f41c_z.jpg?zz=1,/m/0jbk,animals_people,https://creativecommons.org/licenses/by/2.0/,openset
9589ba42a2e0b9c4,https://farm5.staticflickr.com/3080/3137909622_b1a70ff03b_o.jpg,https://c5.staticflickr.com/4/3080/3137909622_f9c8701ae6_z.jpg,/m/0jbk,animals_people,https://creativecommons.org/licenses/by/2.0/,openset
9f907ea323cc6753,https://farm4.staticflickr.com/5474/11556335906_4acf202871_o.jpg,https://c4.staticflickr.com/6/5474/11556335906_7cd1067615_z.jpg,/m/0jbk,animals_people,https://creativecommons.org/licenses/by/2.0/,openset
189f00bcdf56cc9f,https://c8.staticflickr.com/7/6071/6094458020_5e07af4396_o.jpg,https://c4.staticflickr.com/7/6071/6094458020_57dfbe6baa_z.jpg,/m/0jbk,animals_people,https://creativecommons.org/licenses/by/2.0/,openset
05c3f43d5549f1da,https://c3.staticflickr.com/4/3037/2944526022_e14ac9a714_o.jpg,https://c6.staticflickr.com/4/3037/2944526022_68eebe3510_z.jpg,/m/0jbk,animals_people,https://creativecommons.org/licenses/by/2.0/,openset
97656780ab4c128f,https://c8.staticflickr.com/4/3530/3756943762_232bee1dd9_o.jpg,https://c4.staticflickr.com/4/3530/3756943762_1487cdfdc4_z.jpg,/m/0jbk,animals_people,https://creativecommons.org/licenses/by/2.0/,openset
07c6df90330ade1a,https://c3.staticflickr.com/4/3105/2848419914_b74cb301b2_o.jpg,https://c4.staticflickr.com/4/3105/2848419914_5e7efc770a_z.jpg,/m/0jbk,animals_people,https://creativecommons.org/licenses/by/2.0/,openset
22d6f65a6f16f9d9,https://c2.staticflickr.com/9/8706/16845682858_abb9f96656_o.jpg,https://c7.staticflickr.com/9/8706/16845682858_15070d096d_z.jpg,/m/0jbk,animals_people,https://creativecommons.org/licenses/by/2.0/,openset
06c908b0eefaf3e2,https://farm3.staticflickr.com/7550/15639998793_a7e853c0be_o.jpg,https://c1.staticflickr.com/8/7550/15639998793_64465258e9_z.jpg,/m/0jbk,animals_people,https://creativecommons.org/licenses/by/2.0/,openset
b683212ec3bf1e9c,https://c5.staticflickr.com/3/2601/4060851774_b39f424c92_o.jpg,,/m/0jbk,animals_people,https://creativecommons.org/licenses/by/2.0/,openset
06bbd72752431a73,https://farm4.staticflickr.com/2928/14034100237_14101745d0_o.jpg,https://c6.staticflickr.com/3/2928/14034100237_b03b46f3ba_z.jpg,/m/0jbk,animals_people,https://creativecommons.org/licenses/by/2.0/,openset
d50563e6ae64f428,https://c1.staticflickr.com/6/5265/5635018628_fda0de00ec_o.jpg,https://c8.staticflickr.com/6/5265/5635018628_866cd34a41_z.jpg,/m/0jbk,animals_people,https://creativecommons.org/licenses/by/2.0/,openset
3495fd2bc0159c55,https://farm6.staticflickr.com/6072/6124922469_5d0901fd4b_o.jpg,https://c4.staticflickr.com/7/6072/6124922469_b16955efcf_z.jpg,/m/0jbk,animals_people,https://creativecommons.org/licenses/by/2.0/,openset
729431e5788ee8d2,https://farm3.staticflickr.com/5131/5388980609_9ebcdcbf96_o.jpg,https://c2.staticflickr.com/6/5131/5388980609_ee75b7b8a3_z.jpg,/m/0jbk,animals_people,https://creativecommons.org/licenses/by/2.0/,openset
0b8e9ebadf741cd2,https://farm3.staticflickr.com/187/407778853_887fea64b7_o.jpg,https://c2.staticflickr.com/1/187/407778853_c1f0fc4202_z.jpg?zz=1,/m/0jbk,animals_people,https://creativecommons.org/licenses/by/2.0/,openset
ada25c3519157a23,https://farm4.staticflickr.com/1383/4726439541_270b60638f_o.jpg,https://c7.staticflickr.com/2/1383/4726439541_2653115257_z.jpg,/m/0jbk,animals_people,https://creativecommons.org/licenses/by/2.0/,openset
38b7768096683365,https://farm6.staticflickr.com/8161/6956049564_c9ee948d02_o.jpg,https://c6.staticflickr.com/9/8161/6956049564_47d980a356_z.jpg,/m/0jbk,animals_people,https://creativecommons.org/licenses/by/2.0/,openset
b0e5e00046eb801d,https://c6.staticflickr.com/4/3457/3374455590_e0eba47bfc_o.jpg,https://c1.staticflickr.com/4/3457/3374455590_fab196f615_z.jpg,/m/0jbk,animals_people,https://creativecommons.org/licenses/by/2.0/,openset
b655d1cf0a4dbb8f,https://c8.staticflickr.com/3/2624/4146497916_a0db283796_o.jpg,https://c4.staticflickr.com/3/2624/4146497916_99b3a7ca2a_z.jpg,/m/0jbk,animals_people,https://creativecommons.org/licenses/by/2.0/,openset
0436c3baa9ab0172,https://farm3.staticflickr.com/3466/3396413596_073d066b37_o.jpg,https://c5.staticflickr.com/4/3466/3396413596_59ee9edeed_z.jpg,/m/0jbk,animals_people,https://creativecommons.org/licenses/by/2.0/,openset
bf2eeef15f0be547,https://farm8.staticflickr.com/7630/16909149685_134af29045_o.jpg,https://c1.staticflickr.com/8/7630/16909149685_7d65cc22aa_z.jpg,/m/0jbk,animals_people,https://creativecommons.org/licenses/by/2.0/,openset
07f00300de413981,https://farm2.staticflickr.com/170/471627631_d6fa747801_o.jpg,https://c6.staticflickr.com/1/170/471627631_240b3ad45f_z.jpg,/m/0jbk,animals_people,https://creativecommons.org/licenses/by/2.0/,openset
77dc09574a28a578,https://c1.staticflickr.com/8/7546/16033630875_83f1da62f8_o.jpg,https://c5.staticflickr.com/8/7546/16033630875_1f3c6d9c07_z.jpg,/m/0jbk,animals_people,https://creativecommons.org/licenses/by/2.0/,openset
ce26c2c18f24ccff,https://c8.staticflickr.com/6/5612/15357874728_023cf63404_o.jpg,https://c4.staticflickr.com/6/5612/15357874728_6c58e468ae_z.jpg,/m/0jbk,animals_people,https://creativecommons.org/licenses/by/2.0/,openset
b2820ffcee29af92,https://farm3.staticflickr.com/2867/11118492414_7914c3b1aa_o.jpg,https://c5.staticflickr.com/3/2867/11118492414_64d7fe1d5f_z.jpg,/m/0jbk,animals_people,https://creativecommons.org/licenses/by/2.0/,openset
abfae5235fc31d1e,https://c7.staticflickr.com/5/4027/4443582060_b36649a248_o.jpg,,/m/0jbk,animals_people,https://creativecommons.org/licenses/by/2.0/,openset
9cb2fe765424a03b,https://c4.staticflickr.com/7/6181/6070512900_b22ce8e591_o.jpg,https://c3.staticflickr.com/7/6181/6070512900_c29e2f96e3_z.jpg,/m/0jbk,animals_people,https://creativecommons.org/licenses/by/2.0/,openset
52e760939d2693f7,https://farm8.staticflickr.com/3662/3380503062_c7608741e6_o.jpg,https://c4.staticflickr.com/4/3662/3380503062_8f8733f6a7_z.jpg?zz=1,/m/0jbk,animals_people,https://creativecommons.org/licenses/by/2.0/,openset
3e0837a4ce01a143,https://farm4.staticflickr.com/5616/15539612208_37b24fe8ac_o.jpg,https://c1.staticflickr.com/6/5616/15539612208_844c94643f_z.jpg,/m/0jbk,animals_people,https://creativecommons.org/licenses/by/2.0/,openset
2918c86035bea7e3,https://farm4.staticflickr.com/3838/14442833098_3119d6a1cf_o.jpg,https://c5.staticflickr.com/4/3838/14442833098_cf021d342d_z.jpg,/m/0jbk,animals_people,https://creativecommons.org/licenses/by/2.0/,openset
d2d98d0f08bffc5e,https://c7.staticflickr.com/4/3900/14989520047_bc3862d956_o.jpg,https://c5.staticflickr.com/4/3900/14989520047_9bff788d10_z.jpg,/m/0jbk,animals_people,https://creativecommons.org/licenses/by/2.0/,openset
e5cbff7840a7f88f,https://c8.staticflickr.com/8/7279/6851710606_85298017d1_o.jpg,https://c7.staticflickr.com/8/7279/6851710606_dd0faf9e8b_z.jpg,/m/0jbk,animals_people,https://creativecommons.org/licenses/by/2.0/,openset
521f2fce20859970,https://farm1.staticflickr.com/7538/16005701649_395b67ce4d_o.jpg,https://c4.staticflickr.com/8/7538/16005701649_12851028e6_z.jpg,/m/0jbk,animals_people,https://creativecommons.org/licenses/by/2.0/,openset
35ce7270d57ca3f0,https://farm1.staticflickr.com/3126/2899547025_46f9540d61_o.jpg,https://c1.staticflickr.com/4/3126/2899547025_7664d4bdbd_z.jpg?zz=1,/m/0jbk,animals_people,https://creativecommons.org/licenses/by/2.0/,openset
3ff16af4b97a2845,https://farm6.staticflickr.com/2106/3532681268_547491148c_o.jpg,https://c3.staticflickr.com/3/2106/3532681268_8b1036347b_z.jpg,/m/0jbk,animals_people,https://creativecommons.org/licenses/by/2.0/,openset
6fa8cb9aff82bc81,https://farm2.staticflickr.com/2263/2455639623_018571a7a4_o.jpg,https://c7.staticflickr.com/3/2263/2455639623_2d5a0678ae_z.jpg?zz=1,/m/0jbk,animals_people,https://creativecommons.org/licenses/by/2.0/,openset
0f53277af9c0bcbd,https://c6.staticflickr.com/5/4048/4556641859_803a7383e1_o.jpg,https://c3.staticflickr.com/5/4048/4556641859_eae0835cd0_z.jpg,/m/0jbk,animals_people,https://creativecommons.org/licenses/by/2.0/,openset
d3a1e5745fb9320a,https://c3.staticflickr.com/6/5161/5349789885_bd5768c65a_o.jpg,,/m/0jbk,animals_people,https://creativecommons.org/licenses/by/2.0/,openset
c9457acd96a2b6ed,https://c6.staticflickr.com/8/7033/6515619433_cd9c45df22_o.jpg,https://c4.staticflickr.com/8/7033/6515619433_cb751c4a5b_z.jpg,/m/0jbk,animals_people,https://creativecommons.org/licenses/by/2.0/,openset
4ce65bb0752c323a,https://c3.staticflickr.com/3/2374/2358900733_275e73055f_o.jpg,https://c6.staticflickr.com/3/2374/2358900733_749785eed9_z.jpg?zz=1,/m/0jbk,animals_people,https://creativecommons.org/licenses/by/2.0/,openset
84f7f7dc841d12c8,https://c1.staticflickr.com/6/5050/5234773556_0ea35b734b_o.jpg,https://c6.staticflickr.com/6/5050/5234773556_56fb04e2cd_z.jpg,/m/0jbk,animals_people,https://creativecommons.org/licenses/by/2.0/,openset
52d84d56b6e539c6,https://farm7.staticflickr.com/2422/3868669947_c08783e8f0_o.jpg,https://c8.staticflickr.com/3/2422/3868669947_b4cba6cff7_z.jpg,/m/0jbk,animals_people,https://creativecommons.org/licenses/by/2.0/,openset
f4c6946639c649da,https://c3.staticflickr.com/6/5487/14133506528_abff858b06_o.jpg,https://c8.staticflickr.com/6/5487/14133506528_b3ed747ee8_z.jpg,/m/0jbk,animals_people,https://creativecommons.org/licenses/by/2.0/,openset
072135cacf9b35ba,https://c3.staticflickr.com/4/3865/15121338252_81c850343f_o.jpg,https://c6.staticflickr.com/4/3865/15121338252_fc9ac22049_z.jpg,/m/0jbk,animals_people,https://creativecommons.org/licenses/by/2.0/,openset
010a1b61fb2d7fa1,https://farm2.staticflickr.com/8044/8440938147_f610499993_o.jpg,https://c5.staticflickr.com/9/8044/8440938147_bde71a5cf1_z.jpg,/m/0jbk,animals_people,https://creativecommons.org/licenses/by/2.0/,openset
854b44007dd10199,https://c2.staticflickr.com/7/6196/6128911878_70526d5ffe_o.jpg,https://c8.staticflickr.com/7/6196/6128911878_49a9a52feb_z.jpg,/m/0jbk,animals_people,https://creativecommons.org/licenses/by/2.0/,openset
bfdefa73f45595a5,https://farm6.staticflickr.com/4004/4427047751_397a19d3b2_o.jpg,https://c1.staticflickr.com/5/4004/4427047751_3025ff41da_z.jpg,/m/0jbk,animals_people,https://creativecommons.org/licenses/by/2.0/,openset
ab1ff7bbed1afe5b,https://c4.staticflickr.com/4/3492/3863976609_47948e5e8b_o.jpg,https://c5.staticflickr.com/4/3492/3863976609_099b733259_z.jpg,/m/0jbk,animals_people,https://creativecommons.org/licenses/by/2.0/,openset
097c90dc01a71046,https://farm7.staticflickr.com/3154/2740642901_f7b1b429d0_o.jpg,https://c2.staticflickr.com/4/3154/2740642901_2c005dd4ef_z.jpg,/m/0jbk,animals_people,https://creativecommons.org/licenses/by/2.0/,openset
072f60c147dd6736,https://farm7.staticflickr.com/8202/8178505511_a1fe7a968e_o.jpg,https://c3.staticflickr.com/9/8202/8178505511_a179aab057_z.jpg,/m/0jbk,animals_people,https://creativecommons.org/licenses/by/2.0/,openset
a1f3d077abbe23d0,https://farm1.staticflickr.com/3902/14836154769_4c3825b58e_o.jpg,https://c3.staticflickr.com/4/3902/14836154769_e6c84ae6e4_z.jpg,/m/0jbk,animals_people,https://creativecommons.org/licenses/by/2.0/,openset
2c79deb6a7c0baa0,https://farm1.staticflickr.com/36/124340669_4de6da1c50_o.jpg,,/m/0jbk,animals_people,https://creativecommons.org/licenses/by/2.0/,openset
96b1ec6063516938,https://c1.staticflickr.com/9/8570/16464466348_73b5015228_o.jpg,https://c7.staticflickr.com/9/8570/16464466348_34694889a9_z.jpg,/m/0jbk,animals_people,https://creativecommons.org/licenses/by/2.0/,openset
0fd9b56714624ffc,https://c5.staticflickr.com/4/3412/3425840576_057d12aa33_o.jpg,https://c2.staticflickr.com/4/3412/3425840576_fa556ac9c8_z.jpg,/m/0jbk,animals_people,https://creativecommons.org/licenses/by/2.0/,openset
5f02da1efefa1408,https://c1.staticflickr.com/8/7342/16250976507_bac1ee8b8f_o.jpg,https://c5.staticflickr.com/8/7342/16250976507_1e7ac62a0f_z.jpg,/m/0jbk,animals_people,https://creativecommons.org/licenses/by/2.0/,openset
06d01cef00dca0cd,https://c6.staticflickr.com/9/8086/8375834794_5fb7b3270c_o.jpg,https://c1.staticflickr.com/9/8086/8375834794_b20670f618_z.jpg,/m/0jbk,animals_people,https://creativecommons.org/licenses/by/2.0/,openset
37f142d9b6c209fb,https://c4.staticflickr.com/6/5021/5612917854_265237067f_o.jpg,https://c5.staticflickr.com/6/5021/5612917854_9eb32ec542_z.jpg,/m/0jbk,animals_people,https://creativecommons.org/licenses/by/2.0/,openset
66536bf5b6b09c92,https://farm3.staticflickr.com/5282/5341570547_4e3bb7fa02_o.jpg,https://c2.staticflickr.com/6/5282/5341570547_806068c194_z.jpg,/m/0jbk,animals_people,https://creativecommons.org/licenses/by/2.0/,openset
4751907fd787589d,https://c6.staticflickr.com/5/4094/4882327416_beb4815b48_o.jpg,https://c4.staticflickr.com/5/4094/4882327416_60bc18e091_z.jpg,/m/0jbk,animals_people,https://creativecommons.org/licenses/by/2.0/,openset
18bc5848f0700935,https://farm6.staticflickr.com/3737/11867699095_14a0d62a16_o.jpg,https://c4.staticflickr.com/4/3737/11867699095_6e6a383c87_z.jpg,/m/0jbk,animals_people,https://creativecommons.org/licenses/by/2.0/,openset
7e0a3a7b6039228b,https://c4.staticflickr.com/2/1293/532960610_2d3f71b58c_o.jpg,https://c2.staticflickr.com/2/1293/532960610_167a832dd7_z.jpg?zz=1,/m/0jbk,animals_people,https://creativecommons.org/licenses/by/2.0/,openset
a400adf59de2c3a2,https://farm3.staticflickr.com/4038/4260695219_e5cd669a54_o.jpg,https://c6.staticflickr.com/5/4038/4260695219_4b9038e1f5_z.jpg,/m/0jbk,animals_people,https://creativecommons.org/licenses/by/2.0/,openset
e011852b1ea76b6b,https://c4.staticflickr.com/7/6028/5981479349_cfd0a702d5_o.jpg,https://c7.staticflickr.com/7/6028/5981479349_7c3bee67b3_z.jpg,/m/0jbk,animals_people,https://creativecommons.org/licenses/by/2.0/,openset
4ddced7bc891a73c,https://c5.staticflickr.com/3/2903/14514013319_0a748629d3_o.jpg,https://c1.staticflickr.com/3/2903/14514013319_082cc3d9f2_z.jpg,/m/0jbk,animals_people,https://creativecommons.org/licenses/by/2.0/,openset
bc53b5040900b558,https://c1.staticflickr.com/4/3217/2992486147_64b722c154_o.jpg,https://c7.staticflickr.com/4/3217/2992486147_3abbaf249a_z.jpg,/m/0jbk,animals_people,https://creativecommons.org/licenses/by/2.0/,openset
ccd196736249c6cc,https://c5.staticflickr.com/3/2362/2281524539_3153ece984_o.jpg,https://c1.staticflickr.com/3/2362/2281524539_09daf3dfb5_z.jpg,/m/0jbk,animals_people,https://creativecommons.org/licenses/by/2.0/,openset
9ec04d46c3bffc7e,https://c7.staticflickr.com/9/8194/8127400177_d276bf7878_o.jpg,https://c4.staticflickr.com/9/8194/8127400177_ed070940a6_z.jpg,/m/0jbk,animals_people,https://creativecommons.org/licenses/by/2.0/,openset
00daf44b578e08ef,https://c8.staticflickr.com/9/8394/8680469859_3543309334_o.jpg,https://c1.staticflickr.com/9/8394/8680469859_39f5afc778_z.jpg,/m/0jbk,animals_people,https://creativecommons.org/licenses/by/2.0/,openset
d2283be501cca6dc,https://c5.staticflickr.com/4/3054/3056350939_6663026b0a_o.jpg,https://c3.staticflickr.com/4/3054/3056350939_ba21703aba_z.jpg,/m/0jbk,animals_people,https://creativecommons.org/licenses/by/2.0/,openset
a83c034e33b34e4d,https://c6.staticflickr.com/9/8750/16936290219_0e01e7699d_o.jpg,https://c8.staticflickr.com/9/8750/16936290219_1b7804f8da_z.jpg,/m/0jbk,animals_people,https://creativecommons.org/licenses/by/2.0/,openset
4caef4a467a27509,https://c2.staticflickr.com/9/8543/8859984945_c9397a7cc9_o.jpg,https://c2.staticflickr.com/9/8543/8859984945_2a793cd1ae_z.jpg,/m/0jbk,animals_people,https://creativecommons.org/licenses/by/2.0/,openset
d076324d2bb77b7c,https://c5.staticflickr.com/8/7640/16959037771_2d192162f7_o.jpg,https://c4.staticflickr.com/8/7640/16959037771_558666742f_z.jpg,/m/0jbk,animals_people,https://creativecommons.org/licenses/by/2.0/,openset
09cc7766ee9445ee,https://c7.staticflickr.com/4/3828/11386170664_85e8251e63_o.jpg,https://c7.staticflickr.com/4/3828/11386170664_46d9f8b5e7_z.jpg,/m/0jbk,animals_people,https://creativecommons.org/licenses/by/2.0/,openset
1092eff4667bb31c,https://c5.staticflickr.com/4/3339/3340646698_d562f7067b_o.jpg,https://c5.staticflickr.com/4/3339/3340646698_a308e3b891_z.jpg,/m/0jbk,animals_people,https://creativecommons.org/licenses/by/2.0/,openset
3f7f76c58f75053e,https://c7.staticflickr.com/9/8227/8524256410_9e5fd22f0e_o.jpg,https://c7.staticflickr.com/9/8227/8524256410_7214813540_z.jpg,/m/0jbk,animals_people,https://creativecommons.org/licenses/by/2.0/,openset
0ac68198e535255e,https://c7.staticflickr.com/8/7235/7309215378_3a3e6a6149_o.jpg,https://c1.staticflickr.com/8/7235/7309215378_88879d224c_z.jpg,/m/0jbk,animals_people,https://creativecommons.org/licenses/by/2.0/,openset
0a1490767c559dd9,https://c2.staticflickr.com/4/3770/9543492015_d5ff2d08b4_o.jpg,https://c8.staticflickr.com/4/3770/9543492015_192f7efc58_z.jpg,/m/0jbk,animals_people,https://creativecommons.org/licenses/by/2.0/,openset
f0ccd613879f676f,https://c8.staticflickr.com/8/7383/12820710293_97e4d022c8_o.jpg,https://c5.staticflickr.com/8/7383/12820710293_1ee70e4496_z.jpg,/m/0jbk,animals_people,https://creativecommons.org/licenses/by/2.0/,openset
a7b5890c7bdbdc23,https://farm4.staticflickr.com/3908/14982858785_851bf821b2_o.jpg,https://c7.staticflickr.com/4/3908/14982858785_b62b2930db_z.jpg,/m/0jbk,animals_people,https://creativecommons.org/licenses/by/2.0/,openset
17e7ce91efe204d3,https://farm4.staticflickr.com/3087/2757519367_b6c2f32f6b_o.jpg,https://c1.staticflickr.com/4/3087/2757519367_7b82e9e54b_z.jpg,/m/0jbk,animals_people,https://creativecommons.org/licenses/by/2.0/,openset
4298940ef5655047,https://farm8.staticflickr.com/5602/14948374984_7e9c846fe3_o.jpg,https://c6.staticflickr.com/6/5602/14948374984_25d81f9846_z.jpg,/m/0jbk,animals_people,https://creativecommons.org/licenses/by/2.0/,openset
460f2d1b16d8c80b,https://c4.staticflickr.com/3/2207/1806133487_7e6250a3ab_o.jpg,https://c5.staticflickr.com/3/2207/1806133487_4fe97f111d_z.jpg,/m/0jbk,animals_people,https://creativecommons.org/licenses/by/2.0/,openset
b9f9e225442441d6,https://farm7.staticflickr.com/6153/6194994694_631400e862_o.jpg,https://c3.staticflickr.com/7/6153/6194994694_bd92b08e3c_z.jpg,/m/0jbk,animals_people,https://creativecommons.org/licenses/by/2.0/,openset
2b89e12fcd3907db,https://c4.staticflickr.com/1/232/490543771_3a5c94dcaa_o.jpg,https://c2.staticflickr.com/1/232/490543771_a3505b2286_z.jpg,/m/0jbk,animals_people,https://creativecommons.org/licenses/by/2.0/,openset
e657299175327657,https://farm8.staticflickr.com/2291/2210420924_3896ddd0e6_o.jpg,,/m/0jbk,animals_people,https://creativecommons.org/licenses/by/2.0/,openset
5cb8ea4d248fa8bf,https://c8.staticflickr.com/7/6140/6022153406_801b296946_o.jpg,https://c6.staticflickr.com/7/6140/6022153406_10f073a098_z.jpg,/m/0jbk,animals_people,https://creativecommons.org/licenses/by/2.0/,openset
28dd4a8c34427445,https://farm6.staticflickr.com/1227/5145679880_7b2140b02a_o.jpg,https://c7.staticflickr.com/2/1227/5145679880_f4ceca6349_z.jpg,/m/0jbk,animals_people,https://creativecommons.org/licenses/by/2.0/,openset
d9c2d0949b3601c5,https://farm6.staticflickr.com/120/255541964_bdb318081c_o.jpg,https://c8.staticflickr.com/1/120/255541964_bdb318081c_z.jpg?zz=1,/m/0jbk,animals_people,https://creativecommons.org/licenses/by/2.0/,openset
c512317233f8a719,https://c2.staticflickr.com/3/2810/9040520560_1d54653375_o.jpg,https://c1.staticflickr.com/3/2810/9040520560_f5e95507a4_z.jpg,/m/0jbk,animals_people,https://creativecommons.org/licenses/by/2.0/,openset
3f48dfa807ea5a75,https://farm6.staticflickr.com/2181/1694801407_9329fa77fd_o.jpg,https://c2.staticflickr.com/3/2181/1694801407_5afcb2e852_z.jpg,/m/0jbk,animals_people,https://creativecommons.org/licenses/by/2.0/,openset
968971195c1538b4,https://farm5.staticflickr.com/2808/8750225455_375f62fe7e_o.jpg,https://c4.staticflickr.com/3/2808/8750225455_9dd1c02e86_z.jpg,/m/0jbk,animals_people,https://creativecommons.org/licenses/by/2.0/,openset
9088fd0fee0005da,https://c3.staticflickr.com/1/13/14831261_fbb88065a7_o.jpg,https://c3.staticflickr.com/1/13/14831261_fbb88065a7_z.jpg,/m/0jbk,animals_people,https://creativecommons.org/licenses/by/2.0/,openset
3a5bd1e4915cd556,https://farm7.staticflickr.com/2803/4448140776_59eb4381f6_o.jpg,https://c6.staticflickr.com/3/2803/4448140776_bd293a3826_z.jpg,/m/0jbk,animals_people,https://creativecommons.org/licenses/by/2.0/,openset
053cb5a521d5b189,https://c2.staticflickr.com/8/7423/11355543714_d3799f9064_o.jpg,https://c4.staticflickr.com/8/7423/11355543714_dc4dd3c28d_z.jpg,/m/0jbk,animals_people,https://creativecommons.org/licenses/by/2.0/,openset
08d986833c9340c1,https://farm2.staticflickr.com/333/19913201019_69426e4345_o.jpg,https://c1.staticflickr.com/1/333/19913201019_1241078967_z.jpg,/m/0jbk,animals_people,https://creativecommons.org/licenses/by/2.0/,openset
c51666b97a23a72c,https://c5.staticflickr.com/8/7332/13667504285_2429e24427_o.jpg,https://c2.staticflickr.com/8/7332/13667504285_f59e53c981_z.jpg,/m/0jbk,animals_people,https://creativecommons.org/licenses/by/2.0/,openset
792ba624409c0d88,https://c1.staticflickr.com/8/7377/9156834497_0e8262fcc4_o.jpg,https://c8.staticflickr.com/8/7377/9156834497_b3e3a7c54e_z.jpg,/m/0jbk,animals_people,https://creativecommons.org/licenses/by/2.0/,openset
443f2f30cd7993cb,https://c4.staticflickr.com/6/5200/14078526718_52a320ceaf_o.jpg,https://c1.staticflickr.com/6/5200/14078526718_e7911203b6_z.jpg,/m/0jbk,animals_people,https://creativecommons.org/licenses/by/2.0/,openset
04a65d7e939c991d,https://c6.staticflickr.com/6/5210/5295596884_aa6b45a07a_o.jpg,https://c8.staticflickr.com/6/5210/5295596884_dea6226eb3_z.jpg,/m/0jbk,animals_people,https://creativecommons.org/licenses/by/2.0/,openset
003fc1e9d6110dcc,https://c5.staticflickr.com/8/7765/17345334906_bd216d1481_o.jpg,https://c8.staticflickr.com/8/7765/17345334906_e674c4f2be_z.jpg,/m/0jbk,animals_people,https://creativecommons.org/licenses/by/2.0/,openset
594c720726146cd7,https://farm8.staticflickr.com/398/19728773444_c34459457c_o.jpg,https://c3.staticflickr.com/1/398/19728773444_48d4787fc9_z.jpg,/m/0jbk,animals_people,https://creativecommons.org/licenses/by/2.0/,openset
fc479df7cd149556,https://farm7.staticflickr.com/5612/15381997288_db14f48142_o.jpg,https://c5.staticflickr.com/6/5612/15381997288_23864771ee_z.jpg,/m/0jbk,animals_people,https://creativecommons.org/licenses/by/2.0/,openset
0f507f2951add07a,https://c3.staticflickr.com/8/7726/17344238206_c126862e50_o.jpg,https://c4.staticflickr.com/8/7726/17344238206_34286336a1_z.jpg,/m/0jbk,animals_people,https://creativecommons.org/licenses/by/2.0/,openset
c6232cc1040d3ac4,https://farm5.staticflickr.com/2355/3545627685_40748bf30f_o.jpg,https://c2.staticflickr.com/3/2355/3545627685_c0e9c94779_z.jpg,/m/0jbk,animals_people,https://creativecommons.org/licenses/by/2.0/,openset
3e80da1f1294606e,https://c7.staticflickr.com/8/7276/7454146592_abc9a64b75_o.jpg,https://c4.staticflickr.com/8/7276/7454146592_f3d956027e_z.jpg,/m/0jbk,animals_people,https://creativecommons.org/licenses/by/2.0/,openset
1a1c4c8227cc541f,https://c8.staticflickr.com/3/2090/2025836210_94af34040a_o.jpg,https://c8.staticflickr.com/3/2090/2025836210_d8601e3f40_z.jpg?zz=1,/m/0jbk,animals_people,https://creativecommons.org/licenses/by/2.0/,openset
f03df9d6f150ab4c,https://c5.staticflickr.com/8/7444/9900291426_19d7aa831c_o.jpg,https://c5.staticflickr.com/8/7444/9900291426_6ab6c327c4_z.jpg,/m/0jbk,animals_people,https://creativecommons.org/licenses/by/2.0/,openset
7f5a93515c3d5a4d,https://c6.staticflickr.com/8/7146/6418702163_b2493911cb_o.jpg,https://c7.staticflickr.com/8/7146/6418702163_0f9c6d7561_z.jpg,/m/0jbk,animals_people,https://creativecommons.org/licenses/by/2.0/,openset
a721dbeb20f482ca,https://c3.staticflickr.com/3/2718/4170555120_4bcb44f910_o.jpg,https://c8.staticflickr.com/3/2718/4170555120_507cf84a76_z.jpg?zz=1,/m/0jbk,animals_people,https://creativecommons.org/licenses/by/2.0/,openset
e0fb78a21fefe38d,https://c6.staticflickr.com/3/2375/5756026166_bbd95b8ff1_o.jpg,https://c7.staticflickr.com/3/2375/5756026166_42002049ce_z.jpg,/m/0jbk,animals_people,https://creativecommons.org/licenses/by/2.0/,openset
7a96d147a446dcb4,https://farm5.staticflickr.com/3767/13318955005_166e0ba620_o.jpg,https://c3.staticflickr.com/4/3767/13318955005_5065548309_z.jpg,/m/0jbk,animals_people,https://creativecommons.org/licenses/by/2.0/,openset
aa6743a990d75c1a,https://c3.staticflickr.com/3/2889/12111196776_7566fa3a91_o.jpg,https://c1.staticflickr.com/3/2889/12111196776_d8dcefd723_z.jpg,/m/0jbk,animals_people,https://creativecommons.org/licenses/by/2.0/,openset
011993e395696b60,https://farm1.staticflickr.com/8338/8227762681_2a2170017c_o.jpg,https://c2.staticflickr.com/9/8338/8227762681_d27b0e1b39_z.jpg,/m/0jbk,animals_people,https://creativecommons.org/licenses/by/2.0/,openset
0a7b5cddffbde306,https://farm7.staticflickr.com/3933/15272342907_af5f656195_o.jpg,https://c8.staticflickr.com/4/3933/15272342907_424d75ab19_z.jpg,/m/0jbk,animals_people,https://creativecommons.org/licenses/by/2.0/,openset
075e01720a218120,https://farm1.staticflickr.com/4047/4412958901_f8b8e0894b_o.jpg,https://c7.staticflickr.com/5/4047/4412958901_01cf99d32e_z.jpg,/m/0jbk,animals_people,https://creativecommons.org/licenses/by/2.0/,openset
db18777f018b4513,https://farm4.staticflickr.com/5541/14241384294_70f855292d_o.jpg,https://c4.staticflickr.com/6/5541/14241384294_1c44f2b1f9_z.jpg,/m/0jbk,animals_people,https://creativecommons.org/licenses/by/2.0/,openset
15b551835173b7ee,https://c7.staticflickr.com/9/8827/17429608305_35a0341fd2_o.jpg,https://c8.staticflickr.com/9/8827/17429608305_def8b64ab7_z.jpg,/m/0jbk,animals_people,https://creativecommons.org/licenses/by/2.0/,openset
a4e530c0cea14ff4,https://farm5.staticflickr.com/8734/16979384731_365007010a_o.jpg,https://c4.staticflickr.com/9/8734/16979384731_cd4861190f_z.jpg,/m/0jbk,animals_people,https://creativecommons.org/licenses/by/2.0/,openset
03d93a454ca1087c,https://c5.staticflickr.com/9/8285/7588393244_736a54c671_o.jpg,,/m/0jbk,animals_people,https://creativecommons.org/licenses/by/2.0/,openset
6634f23b71600562,https://farm3.staticflickr.com/3682/13175173354_1230823ac8_o.jpg,https://c2.staticflickr.com/4/3682/13175173354_5bc770c276_z.jpg,/m/0jbk,animals_people,https://creativecommons.org/licenses/by/2.0/,openset
99a7814f629ba3e7,https://farm8.staticflickr.com/6087/6078206542_5690771e63_o.jpg,https://c2.staticflickr.com/7/6087/6078206542_e1093610f0_z.jpg,/m/0k4j,phone_random,https://creativecommons.org/licenses/by/2.0/,openset
9187fe7310c74b9c,https://c5.staticflickr.com/4/3259/3125857678_956b404165_o.jpg,https://c3.staticflickr.com/4/3259/3125857678_f680895fa0_z.jpg,/m/0k4j,phone_random,https://creativecommons.org/licenses/by/2.0/,openset
2513d014fa5cb50b,https://c4.staticflickr.com/6/5539/10766104244_fd6e3053a2_o.jpg,https://c3.staticflickr.com/6/5539/10766104244_ae8e8260b0_z.jpg,/m/0k4j,phone_random,https://creativecommons.org/licenses/by/2.0/,openset
70305236df0b598d,https://c6.staticflickr.com/6/5097/5465918416_98b52dd4c0_o.jpg,https://c1.staticflickr.com/6/5097/5465918416_d24b733101_z.jpg,/m/0k4j,phone_random,https://creativecommons.org/licenses/by/2.0/,openset
1fae7ee1fbcf4abe,https://c7.staticflickr.com/4/3267/3147468385_e56b7c40ff_o.jpg,https://c6.staticflickr.com/4/3267/3147468385_5d304ee504_z.jpg,/m/0k4j,phone_random,https://creativecommons.org/licenses/by/2.0/,openset
0a87911cb43e8c57,https://farm8.staticflickr.com/5703/20086980823_79bc980003_o.jpg,https://c5.staticflickr.com/6/5703/20086980823_febe594a21_z.jpg,/m/0k4j,phone_random,https://creativecommons.org/licenses/by/2.0/,openset
4faca3a147dc2944,https://farm5.staticflickr.com/5112/8412369044_ed222fd023_o.jpg,https://c8.staticflickr.com/6/5112/8412369044_f6b0e8797d_z.jpg,/m/0k4j,phone_random,https://creativecommons.org/licenses/by/2.0/,openset
5eccf3c76287c5a8,https://c1.staticflickr.com/1/22/34168377_2a8a20c852_o.jpg,https://c1.staticflickr.com/1/22/34168377_2a8a20c852_z.jpg?zz=1,/m/0k4j,phone_random,https://creativecommons.org/licenses/by/2.0/,openset
dbdc0218688fbdd5,https://farm6.staticflickr.com/3262/2452268198_f451527f20_o.jpg,https://c2.staticflickr.com/4/3262/2452268198_d67e404289_z.jpg,/m/0k4j,phone_random,https://creativecommons.org/licenses/by/2.0/,openset
f5012f4809448866,https://farm7.staticflickr.com/187/370635100_96e866dec8_o.jpg,https://c3.staticflickr.com/1/187/370635100_96e866dec8_z.jpg,/m/0k4j,phone_random,https://creativecommons.org/licenses/by/2.0/,openset
0a141ad9b5c05982,https://farm3.staticflickr.com/5176/5723588374_96e0c5cdf2_o.jpg,https://c3.staticflickr.com/6/5176/5723588374_0196142f28_z.jpg,/m/0k4j,phone_random,https://creativecommons.org/licenses/by/2.0/,openset
5cfb8ff6fcdf750c,https://c5.staticflickr.com/4/3793/9683141748_e2cec2830d_o.jpg,https://c6.staticflickr.com/4/3793/9683141748_6d7935def2_z.jpg,/m/0k4j,phone_random,https://creativecommons.org/licenses/by/2.0/,openset
35682e2714913f13,https://farm4.staticflickr.com/5200/7374902336_63e27e7158_o.jpg,https://c6.staticflickr.com/6/5200/7374902336_a15aba8867_z.jpg,/m/0k4j,phone_random,https://creativecommons.org/licenses/by/2.0/,openset
b61caa616ecb9fc6,https://farm7.staticflickr.com/6202/6030763127_482daa3047_o.jpg,https://c1.staticflickr.com/7/6202/6030763127_4a128c29ea_z.jpg,/m/0k4j,phone_random,https://creativecommons.org/licenses/by/2.0/,openset
3fed7c9a04218020,https://farm1.staticflickr.com/3518/3237186795_817ce1a7f8_o.jpg,https://c7.staticflickr.com/4/3518/3237186795_3dd165c796_z.jpg?zz=1,/m/0k4j,phone_random,https://creativecommons.org/licenses/by/2.0/,openset
b1a4ae087351f86c,https://c5.staticflickr.com/9/8347/8249380166_abc288ec83_o.jpg,https://c7.staticflickr.com/9/8347/8249380166_f18da118ab_z.jpg,/m/0k4j,phone_random,https://creativecommons.org/licenses/by/2.0/,openset
19804d20eab6ec0e,https://c7.staticflickr.com/7/6025/5941589805_4d5a19f384_o.jpg,https://c5.staticflickr.com/7/6025/5941589805_0e13c10739_z.jpg,/m/0k4j,phone_random,https://creativecommons.org/licenses/by/2.0/,openset
5be1ebd5d96b7926,https://farm7.staticflickr.com/7589/16925340957_6f5c659ae8_o.jpg,https://c4.staticflickr.com/8/7589/16925340957_3de3463d18_z.jpg,/m/0k4j,phone_random,https://creativecommons.org/licenses/by/2.0/,openset
d688dd7ec3a9b58d,https://c6.staticflickr.com/4/3787/12197118003_2877df3db7_o.jpg,https://c3.staticflickr.com/4/3787/12197118003_b5a9d0e34c_z.jpg,/m/0k4j,phone_random,https://creativecommons.org/licenses/by/2.0/,openset
938597bf49d572b3,https://farm4.staticflickr.com/1184/1339935384_db7462233b_o.jpg,https://c2.staticflickr.com/2/1184/1339935384_517059dbb7_z.jpg,/m/0k4j,phone_random,https://creativecommons.org/licenses/by/2.0/,openset
ffd8af4d1a34a4b5,https://farm6.staticflickr.com/3597/3548114836_3810dfa803_o.jpg,https://c5.staticflickr.com/4/3597/3548114836_f1fa35d16c_z.jpg,/m/0k4j,phone_random,https://creativecommons.org/licenses/by/2.0/,openset
fb6a51324893e52b,https://c4.staticflickr.com/5/4065/4347032125_814b06a3a5_o.jpg,https://c4.staticflickr.com/5/4065/4347032125_8a5c61394b_z.jpg,/m/0k4j,phone_random,https://creativecommons.org/licenses/by/2.0/,openset
69d5e5a345837f4a,https://c3.staticflickr.com/6/5320/5851091679_f72cdb7722_o.jpg,https://c3.staticflickr.com/6/5320/5851091679_6280c41ed3_z.jpg,/m/0k4j,phone_random,https://creativecommons.org/licenses/by/2.0/,openset
a44ae01af40e604d,https://c6.staticflickr.com/1/24/64557945_85d1358a74_o.jpg,https://c6.staticflickr.com/1/24/64557945_85d1358a74_z.jpg,/m/0k4j,phone_random,https://creativecommons.org/licenses/by/2.0/,openset
cc4dac07f1a41400,https://farm1.staticflickr.com/3234/2381617311_5b131535b0_o.jpg,https://c8.staticflickr.com/4/3234/2381617311_ae49fe49bd_z.jpg?zz=1,/m/0k4j,phone_random,https://creativecommons.org/licenses/by/2.0/,openset
26ab53ea8c8a7166,https://farm7.staticflickr.com/5463/9021384506_317b2ae9ae_o.jpg,https://c8.staticflickr.com/6/5463/9021384506_2aa2d1cfd9_z.jpg,/m/0k4j,phone_random,https://creativecommons.org/licenses/by/2.0/,openset
3c82ae8f86dc189f,https://c8.staticflickr.com/1/360/19147447156_5e4bbeae28_o.jpg,https://c7.staticflickr.com/1/360/19147447156_2752e13059_z.jpg,/m/0k4j,phone_random,https://creativecommons.org/licenses/by/2.0/,openset
f6c2bc8b93de87ff,https://c8.staticflickr.com/6/5256/5396332413_24b501f28e_o.jpg,https://c4.staticflickr.com/6/5256/5396332413_ae19b4c397_z.jpg,/m/0k4j,phone_random,https://creativecommons.org/licenses/by/2.0/,openset
28bad244e4dc0a39,https://c2.staticflickr.com/1/66/192025618_c544e8134f_o.jpg,https://c2.staticflickr.com/1/66/192025618_c544e8134f_z.jpg,/m/0k4j,phone_random,https://creativecommons.org/licenses/by/2.0/,openset
dd1fa70e9789e5b0,https://farm1.staticflickr.com/5505/10540828724_aa6eda2124_o.jpg,https://c4.staticflickr.com/6/5505/10540828724_a7cf6c205e_z.jpg,/m/0k4j,phone_random,https://creativecommons.org/licenses/by/2.0/,openset
e10e2b67bebd79db,https://c4.staticflickr.com/3/2538/4226930625_6bd6636c12_o.jpg,https://c6.staticflickr.com/3/2538/4226930625_2e04674409_z.jpg?zz=1,/m/0k4j,phone_random,https://creativecommons.org/licenses/by/2.0/,openset
2c907bb01b3d9d14,https://farm5.staticflickr.com/2251/2279100471_d7451a8334_o.jpg,https://c5.staticflickr.com/3/2251/2279100471_3cbb5f2802_z.jpg,/m/0k4j,phone_random,https://creativecommons.org/licenses/by/2.0/,openset
fe8841ec5338acca,https://c3.staticflickr.com/4/3220/2761011492_d0d45b77cb_o.jpg,https://c1.staticflickr.com/4/3220/2761011492_d56326dd4f_z.jpg,/m/0k4j,phone_random,https://creativecommons.org/licenses/by/2.0/,openset
6b748faf9b612dbb,https://c4.staticflickr.com/5/4109/4997301258_a23128cb2b_o.jpg,https://c3.staticflickr.com/5/4109/4997301258_21e63dfbf7_z.jpg,/m/0k4j,phone_random,https://creativecommons.org/licenses/by/2.0/,openset
066b76915458519f,https://c8.staticflickr.com/8/7587/16688480697_09783b7fab_o.jpg,https://c1.staticflickr.com/8/7587/16688480697_b0463ca3e7_z.jpg,/m/0k4j,phone_random,https://creativecommons.org/licenses/by/2.0/,openset
2d28ccbdbf9131bd,https://c6.staticflickr.com/6/5261/5884317004_b6c14039cc_o.jpg,https://c3.staticflickr.com/6/5261/5884317004_7d9ac7ce95_z.jpg,/m/0k4j,phone_random,https://creativecommons.org/licenses/by/2.0/,openset
c7faacbf07fdac56,https://farm7.staticflickr.com/2939/14232480915_d81464f683_o.jpg,https://c5.staticflickr.com/3/2939/14232480915_4dd3ac011d_z.jpg,/m/0k4j,phone_random,https://creativecommons.org/licenses/by/2.0/,openset
5617e46b9bc9fa5f,https://c8.staticflickr.com/9/8107/8647518274_d3ee950b6c_o.jpg,https://c6.staticflickr.com/9/8107/8647518274_ba4ba9e29d_z.jpg,/m/0k4j,phone_random,https://creativecommons.org/licenses/by/2.0/,openset
d7539f2b5e7c6cbf,https://c8.staticflickr.com/3/2938/14148527723_afa23574e1_o.jpg,https://c3.staticflickr.com/3/2938/14148527723_65d326f6b0_z.jpg,/m/0k4j,phone_random,https://creativecommons.org/licenses/by/2.0/,openset
6b4b4e4842c625ca,https://c3.staticflickr.com/4/3835/14586156038_c442c16e89_o.jpg,https://c3.staticflickr.com/4/3835/14586156038_2bacabb844_z.jpg,/m/0k4j,phone_random,https://creativecommons.org/licenses/by/2.0/,openset
de006a5618d1f57f,https://c8.staticflickr.com/3/2941/15388619006_dba6750841_o.jpg,https://c1.staticflickr.com/3/2941/15388619006_032273117d_z.jpg,/m/0k4j,phone_random,https://creativecommons.org/licenses/by/2.0/,openset
b2869cd18fd460f2,https://farm3.staticflickr.com/5245/5269319321_d65a62b974_o.jpg,,/m/0k4j,phone_random,https://creativecommons.org/licenses/by/2.0/,openset
f686c1d8d7e1c7b7,https://farm8.staticflickr.com/7547/16134836529_069ee20e57_o.jpg,https://c2.staticflickr.com/8/7547/16134836529_4537a8fdf2_z.jpg,/m/0k4j,phone_random,https://creativecommons.org/licenses/by/2.0/,openset
c7775187f637c9af,https://c8.staticflickr.com/6/5577/15237595181_7090369989_o.jpg,https://c4.staticflickr.com/6/5577/15237595181_d75e610713_z.jpg,/m/0k4j,phone_random,https://creativecommons.org/licenses/by/2.0/,openset
e10d16382c33c100,https://farm1.staticflickr.com/3937/15576572685_bf590b4c7f_o.jpg,https://c3.staticflickr.com/4/3937/15576572685_30839e7e5c_z.jpg,/m/0k4j,phone_random,https://creativecommons.org/licenses/by/2.0/,openset
3f91f9af79a9197c,https://c5.staticflickr.com/4/3543/3865294335_ab85dabf40_o.jpg,https://c1.staticflickr.com/4/3543/3865294335_2cf0bf2fb8_z.jpg,/m/0k4j,phone_random,https://creativecommons.org/licenses/by/2.0/,openset
44960f52640e622c,https://c5.staticflickr.com/6/5232/7202910304_b2e28af95e_o.jpg,https://c3.staticflickr.com/6/5232/7202910304_3f072db78e_z.jpg,/m/0k4j,phone_random,https://creativecommons.org/licenses/by/2.0/,openset
27daf79cbc88c10c,https://c5.staticflickr.com/8/7302/16585827361_b18d5e31a2_o.jpg,https://c1.staticflickr.com/8/7302/16585827361_8e163713ce_z.jpg,/m/0k4j,phone_random,https://creativecommons.org/licenses/by/2.0/,openset
d8e84f46f1649112,https://farm3.staticflickr.com/3049/3146752803_69e28611d3_o.jpg,https://c8.staticflickr.com/4/3049/3146752803_1821dccc08_z.jpg,/m/0k4j,phone_random,https://creativecommons.org/licenses/by/2.0/,openset
bc577ae56d7dfa78,https://c1.staticflickr.com/2/1222/1412230407_03ed29b23f_o.jpg,https://c6.staticflickr.com/2/1222/1412230407_5d0ed7b278_z.jpg?zz=1,/m/0k4j,phone_random,https://creativecommons.org/licenses/by/2.0/,openset
1adb925d6a295833,https://farm4.staticflickr.com/7546/16043721517_7daa60a4a3_o.jpg,https://c8.staticflickr.com/8/7546/16043721517_1368f8cce7_z.jpg,/m/0k4j,phone_random,https://creativecommons.org/licenses/by/2.0/,openset
637a227e51473e1c,https://c5.staticflickr.com/4/3367/3506283374_db6c2e87f5_o.jpg,https://c1.staticflickr.com/4/3367/3506283374_45b7f46ab5_z.jpg,/m/0k4j,phone_random,https://creativecommons.org/licenses/by/2.0/,openset
fa44f828393fb35c,https://c5.staticflickr.com/4/3916/14308263897_c5503a20a5_o.jpg,https://c2.staticflickr.com/4/3916/14308263897_20ba619192_z.jpg,/m/0k4j,phone_random,https://creativecommons.org/licenses/by/2.0/,openset
09ca4947045fd7db,https://c4.staticflickr.com/6/5145/5645277410_c4c2b9aef1_o.jpg,https://c1.staticflickr.com/6/5145/5645277410_92c827f865_z.jpg,/m/0k4j,phone_random,https://creativecommons.org/licenses/by/2.0/,openset
f40d1b564b43f503,https://farm4.staticflickr.com/57/196969212_d6342786b5_o.jpg,https://c4.staticflickr.com/1/57/196969212_d6342786b5_z.jpg,/m/0k4j,phone_random,https://creativecommons.org/licenses/by/2.0/,openset
7b72ee136670b943,https://farm4.staticflickr.com/211/486106433_7f97536a34_o.jpg,https://c6.staticflickr.com/1/211/486106433_92514bf78b_z.jpg?zz=1,/m/0k4j,phone_random,https://creativecommons.org/licenses/by/2.0/,openset
38b2d8e60e5be593,https://farm4.staticflickr.com/7001/6490455515_e7a2624eb2_o.jpg,https://c5.staticflickr.com/8/7001/6490455515_6dc28f1641_z.jpg,/m/0k4j,phone_random,https://creativecommons.org/licenses/by/2.0/,openset
32a42739d4c73291,https://farm2.staticflickr.com/5004/5300353763_128f2575e8_o.jpg,https://c3.staticflickr.com/6/5004/5300353763_b3fc97c05c_z.jpg,/m/0k4j,phone_random,https://creativecommons.org/licenses/by/2.0/,openset
e345af1403367483,https://farm4.staticflickr.com/2801/4305009269_3a32497f24_o.jpg,https://c6.staticflickr.com/3/2801/4305009269_4658a4a7be_z.jpg,/m/0k4j,phone_random,https://creativecommons.org/licenses/by/2.0/,openset
788bba8cd65bc93b,https://c4.staticflickr.com/1/100/306686538_d9f6575401_o.jpg,https://c2.staticflickr.com/1/100/306686538_d9f6575401_z.jpg?zz=1,/m/0k4j,phone_random,https://creativecommons.org/licenses/by/2.0/,openset
5ac45a790ce07a6a,https://c3.staticflickr.com/7/6149/5982320152_de4f381225_o.jpg,https://c6.staticflickr.com/7/6149/5982320152_022ec567e1_z.jpg,/m/0k4j,phone_random,https://creativecommons.org/licenses/by/2.0/,openset
4eda425d1f6fc820,https://farm1.staticflickr.com/3584/3500206209_1108589721_o.jpg,https://c5.staticflickr.com/4/3584/3500206209_d57e2e539b_z.jpg,/m/0k4j,phone_random,https://creativecommons.org/licenses/by/2.0/,openset
e4b6575dd234d70d,https://c6.staticflickr.com/1/170/424183287_046af11571_o.jpg,https://c6.staticflickr.com/1/170/424183287_61a4abc153_z.jpg?zz=1,/m/0k4j,phone_random,https://creativecommons.org/licenses/by/2.0/,openset
db9805e62bdc562b,https://c4.staticflickr.com/4/3376/5767429243_b1e6e44cbc_o.jpg,https://c8.staticflickr.com/4/3376/5767429243_aef5cc2e49_z.jpg,/m/0k4j,phone_random,https://creativecommons.org/licenses/by/2.0/,openset
f9e1b9fc84e34029,https://c2.staticflickr.com/9/8237/8408253067_7219995c02_o.jpg,https://c6.staticflickr.com/9/8237/8408253067_285125f3fe_z.jpg,/m/0k4j,phone_random,https://creativecommons.org/licenses/by/2.0/,openset
3a192ddb0da4a0ae,https://c7.staticflickr.com/6/5011/5499524483_f6db4e9642_o.jpg,https://c5.staticflickr.com/6/5011/5499524483_0f13a1b5fc_z.jpg,/m/0k4j,phone_random,https://creativecommons.org/licenses/by/2.0/,openset
38d73b97651ef023,https://farm4.staticflickr.com/14/18435954_579d7bb3e1_o.jpg,https://c8.staticflickr.com/1/14/18435954_579d7bb3e1_z.jpg,/m/0k4j,phone_random,https://creativecommons.org/licenses/by/2.0/,openset
0625d860a4574a91,https://farm2.staticflickr.com/6123/5940968060_61255d0081_o.jpg,https://c5.staticflickr.com/7/6123/5940968060_ab6b32d04a_z.jpg,/m/0k4j,phone_random,https://creativecommons.org/licenses/by/2.0/,openset
af9e7ef9939ceb76,https://farm7.staticflickr.com/8217/8269284299_5712caea9e_o.jpg,https://c4.staticflickr.com/9/8217/8269284299_f2e085a7da_z.jpg,/m/0k4j,phone_random,https://creativecommons.org/licenses/by/2.0/,openset
30dc7aa4911b2289,https://c2.staticflickr.com/8/7237/7066696399_852e6f8fe2_o.jpg,https://c1.staticflickr.com/8/7237/7066696399_ac68f6d9a0_z.jpg,/m/0k4j,phone_random,https://creativecommons.org/licenses/by/2.0/,openset
67bf7fa0cc974e6b,https://c4.staticflickr.com/5/4060/4674387074_dbc65c0e12_o.jpg,https://c5.staticflickr.com/5/4060/4674387074_5c3d9c1219_z.jpg,/m/0k4j,phone_random,https://creativecommons.org/licenses/by/2.0/,openset
55048e04531afe38,https://c1.staticflickr.com/2/1176/1459343508_75fbd16227_o.jpg,https://c3.staticflickr.com/2/1176/1459343508_7bb9d40f08_z.jpg,/m/0k4j,phone_random,https://creativecommons.org/licenses/by/2.0/,openset
47a91b8be7b80e56,https://farm7.staticflickr.com/4133/5081552853_150d1f0dcb_o.jpg,https://c4.staticflickr.com/5/4133/5081552853_a79e1939cd_z.jpg,/m/0k4j,phone_random,https://creativecommons.org/licenses/by/2.0/,openset
f6a85a41a88d0f44,https://farm5.staticflickr.com/3293/2937396015_9981535800_o.jpg,https://c5.staticflickr.com/4/3293/2937396015_46fc33c2a0_z.jpg,/m/0k4j,phone_random,https://creativecommons.org/licenses/by/2.0/,openset
112b9399919b3e12,https://farm3.staticflickr.com/31/50371095_d27049555f_o.jpg,https://c8.staticflickr.com/1/31/50371095_d27049555f_z.jpg,/m/0k4j,phone_random,https://creativecommons.org/licenses/by/2.0/,openset
d444c69091658b2c,https://c5.staticflickr.com/4/3897/15186810687_7a5f5fb6a4_o.jpg,https://c5.staticflickr.com/4/3897/15186810687_02b91ea6be_z.jpg,/m/0k4j,phone_random,https://creativecommons.org/licenses/by/2.0/,openset
47cd46b1c882f1ac,https://c5.staticflickr.com/6/5002/5268391715_631d24ac72_o.jpg,https://c1.staticflickr.com/6/5002/5268391715_45f934409d_z.jpg,/m/0k4j,phone_random,https://creativecommons.org/licenses/by/2.0/,openset
5b32e44102345f01,https://farm2.staticflickr.com/5610/15578093970_2a09cd508b_o.jpg,https://c2.staticflickr.com/6/5610/15578093970_4afd4a40a6_z.jpg,/m/0k4j,phone_random,https://creativecommons.org/licenses/by/2.0/,openset
aa1a7783813f4b27,https://farm8.staticflickr.com/3876/14969468109_21534db211_o.jpg,https://c1.staticflickr.com/4/3876/14969468109_c04f0ed0b4_z.jpg,/m/0k4j,phone_random,https://creativecommons.org/licenses/by/2.0/,openset
85e145f9f9a87a5e,https://c7.staticflickr.com/3/2916/14501664967_9a0479a331_o.jpg,https://c8.staticflickr.com/3/2916/14501664967_0016e8d1c4_z.jpg,/m/0k4j,phone_random,https://creativecommons.org/licenses/by/2.0/,openset
68126a25d1c385ed,https://c6.staticflickr.com/9/8021/7343650832_bb45e50838_o.jpg,https://c1.staticflickr.com/9/8021/7343650832_197b821f5b_z.jpg,/m/0k4j,phone_random,https://creativecommons.org/licenses/by/2.0/,openset
b55c011bd46280a7,https://farm8.staticflickr.com/5610/15636039221_206337a8ed_o.jpg,https://c5.staticflickr.com/6/5610/15636039221_8755c8f95f_z.jpg,/m/0k4j,phone_random,https://creativecommons.org/licenses/by/2.0/,openset
ed3ff87a0b4ac8f2,https://farm3.staticflickr.com/2524/3940528279_1c8ee91d26_o.jpg,https://c3.staticflickr.com/3/2524/3940528279_7a71dd10a9_z.jpg?zz=1,/m/0k4j,phone_random,https://creativecommons.org/licenses/by/2.0/,openset
8d1faa58cd39cdc2,https://farm3.staticflickr.com/3953/15585216631_f64e6ed08a_o.jpg,https://c1.staticflickr.com/4/3953/15585216631_fa33239c99_z.jpg,/m/0k4j,phone_random,https://creativecommons.org/licenses/by/2.0/,openset
55d18c3327d279b6,https://farm7.staticflickr.com/5549/12457356335_9f052495e4_o.jpg,https://c4.staticflickr.com/6/5549/12457356335_8ab4a87400_z.jpg,/m/0k4j,phone_random,https://creativecommons.org/licenses/by/2.0/,openset
071d35672baf39d8,https://c1.staticflickr.com/3/2386/2155242588_94b1a8596d_o.jpg,https://c1.staticflickr.com/3/2386/2155242588_723bcb45a8_z.jpg,/m/0k4j,phone_random,https://creativecommons.org/licenses/by/2.0/,openset
1ca8334d6db235d2,https://farm3.staticflickr.com/3687/8868766345_9f9e63c5f2_o.jpg,https://c1.staticflickr.com/4/3687/8868766345_6ca617c59e_z.jpg,/m/0k4j,phone_random,https://creativecommons.org/licenses/by/2.0/,openset
fc7e1113a97df618,https://c1.staticflickr.com/4/3199/2835427755_e6e53628c5_o.jpg,https://c1.staticflickr.com/4/3199/2835427755_e3a143da2a_z.jpg,/m/0k4j,phone_random,https://creativecommons.org/licenses/by/2.0/,openset
43112da20ed9c8db,https://c4.staticflickr.com/4/3668/12466688895_16013a45d1_o.jpg,https://c3.staticflickr.com/4/3668/12466688895_25c6264ff3_z.jpg,/m/0k4j,phone_random,https://creativecommons.org/licenses/by/2.0/,openset
2cf621c370688269,https://c2.staticflickr.com/5/4123/4769705184_d1d4e11cae_o.jpg,https://c3.staticflickr.com/5/4123/4769705184_2fa07f7bbe_z.jpg,/m/0k4j,phone_random,https://creativecommons.org/licenses/by/2.0/,openset
9923915e4259a80b,https://c4.staticflickr.com/5/4148/5008727104_7720792d18_o.jpg,https://c7.staticflickr.com/5/4148/5008727104_67cfe9f2ed_z.jpg,/m/0k4j,phone_random,https://creativecommons.org/licenses/by/2.0/,openset
4436ab1d863fc13c,https://c5.staticflickr.com/1/383/19673241278_eca06e7a08_o.jpg,https://c1.staticflickr.com/1/383/19673241278_a90cb1702b_z.jpg,/m/0k4j,phone_random,https://creativecommons.org/licenses/by/2.0/,openset
09ac16cbe8c6b4e6,https://farm7.staticflickr.com/4072/4645305431_a800051ceb_o.jpg,https://c6.staticflickr.com/5/4072/4645305431_664642593c_z.jpg,/m/0k4j,phone_random,https://creativecommons.org/licenses/by/2.0/,openset
1aeceaf6a653a8f9,https://c2.staticflickr.com/8/7267/7501768936_90387cae01_o.jpg,https://c2.staticflickr.com/8/7267/7501768936_35df159cc3_z.jpg,/m/0k4j,phone_random,https://creativecommons.org/licenses/by/2.0/,openset
9d9369f06101c596,https://farm7.staticflickr.com/2279/2409796066_e8e465dc79_o.jpg,https://c4.staticflickr.com/3/2279/2409796066_0972616423_z.jpg,/m/0k4j,phone_random,https://creativecommons.org/licenses/by/2.0/,openset
717f384e2f779fde,https://c7.staticflickr.com/5/4076/4935842250_0f702a4ea3_o.jpg,https://c8.staticflickr.com/5/4076/4935842250_e59fc2a7a9_z.jpg,/m/0k4j,phone_random,https://creativecommons.org/licenses/by/2.0/,openset
59b12e52d1e4c67f,https://c8.staticflickr.com/6/5150/5676782465_93ea80607a_o.jpg,https://c1.staticflickr.com/6/5150/5676782465_b050e092ac_z.jpg,/m/0k4j,phone_random,https://creativecommons.org/licenses/by/2.0/,openset
c54a617a019b6302,https://farm3.staticflickr.com/4065/5155590905_7eec5ef9c9_o.jpg,https://c7.staticflickr.com/5/4065/5155590905_402dc5b232_z.jpg,/m/0k4j,phone_random,https://creativecommons.org/licenses/by/2.0/,openset
d89ca1987ab58382,https://farm3.staticflickr.com/8220/8421138499_f15f21666c_o.jpg,https://c5.staticflickr.com/9/8220/8421138499_5f15796c65_z.jpg,/m/0k4j,phone_random,https://creativecommons.org/licenses/by/2.0/,openset
512093b21ce554b4,https://farm5.staticflickr.com/214/513459276_7b954b1e06_o.jpg,https://c2.staticflickr.com/1/214/513459276_882bd13253_z.jpg?zz=1,/m/0k4j,phone_random,https://creativecommons.org/licenses/by/2.0/,openset
a8c2597904589591,https://farm2.staticflickr.com/5211/5505204959_c3fa8ba729_o.jpg,https://c5.staticflickr.com/6/5211/5505204959_81575ef924_z.jpg,/m/02wbm,phone_random,https://creativecommons.org/licenses/by/2.0/,openset
d28417483c2fcd4f,https://c8.staticflickr.com/3/2832/12711704285_61c202a68e_o.jpg,https://c5.staticflickr.com/3/2832/12711704285_b0b30004a4_z.jpg,/m/02wbm,phone_random,https://creativecommons.org/licenses/by/2.0/,openset
2748384f4f1185ef,https://c8.staticflickr.com/3/2309/2193365373_dc272b02e1_o.jpg,https://c5.staticflickr.com/3/2309/2193365373_472ea736ca_z.jpg?zz=1,/m/02wbm,phone_random,https://creativecommons.org/licenses/by/2.0/,openset
8faacc6e3e8f1dc2,https://farm3.staticflickr.com/310/18505412559_801d5db094_o.jpg,https://c4.staticflickr.com/1/310/18505412559_ca2ef9295d_z.jpg,/m/02wbm,phone_random,https://creativecommons.org/licenses/by/2.0/,openset
f8769d471c0784c6,https://farm7.staticflickr.com/4090/5066822302_d73a1b98be_o.jpg,https://c3.staticflickr.com/5/4090/5066822302_16a282f702_z.jpg,/m/02wbm,phone_random,https://creativecommons.org/licenses/by/2.0/,openset
41c4fd17b08eaf71,https://farm2.staticflickr.com/4069/4410415618_7b80fb84a5_o.jpg,https://c2.staticflickr.com/5/4069/4410415618_d3e1310a37_z.jpg,/m/02wbm,phone_random,https://creativecommons.org/licenses/by/2.0/,openset
5a20d2367c03ad7c,https://c5.staticflickr.com/4/3198/2972232418_c0269492ab_o.jpg,https://c7.staticflickr.com/4/3198/2972232418_5c16c421e6_z.jpg,/m/02wbm,phone_random,https://creativecommons.org/licenses/by/2.0/,openset
0ead32f44e76fd88,https://c1.staticflickr.com/3/2456/3882678734_c9b1a47bfb_o.jpg,https://c4.staticflickr.com/3/2456/3882678734_a890ec57d1_z.jpg,/m/02wbm,phone_random,https://creativecommons.org/licenses/by/2.0/,openset
a895d244cf37dd38,https://c1.staticflickr.com/6/5601/14935683143_18c5a4aebb_o.jpg,https://c2.staticflickr.com/6/5601/14935683143_05b5cea477_z.jpg,/m/02wbm,phone_random,https://creativecommons.org/licenses/by/2.0/,openset
00aad33b953deef6,https://farm7.staticflickr.com/2861/13646034614_14e176f96f_o.jpg,https://c6.staticflickr.com/3/2861/13646034614_76b24d8184_z.jpg,/m/02wbm,phone_random,https://creativecommons.org/licenses/by/2.0/,openset
d75064533930cb2d,https://c6.staticflickr.com/6/5491/13843502243_4349257e8e_o.jpg,https://c4.staticflickr.com/6/5491/13843502243_8bccf6b173_z.jpg,/m/02wbm,phone_random,https://creativecommons.org/licenses/by/2.0/,openset
e21bbef87c66afd3,https://farm4.staticflickr.com/5526/9601878369_fe9a0e1b25_o.jpg,https://c2.staticflickr.com/6/5526/9601878369_448bb75916_z.jpg,/m/02wbm,phone_random,https://creativecommons.org/licenses/by/2.0/,openset
444be2903149db1b,https://c4.staticflickr.com/8/7524/16044048340_847a3cd003_o.jpg,https://c5.staticflickr.com/8/7524/16044048340_97d1b8f29b_z.jpg,/m/02wbm,phone_random,https://creativecommons.org/licenses/by/2.0/,openset
85e55581b891a349,https://c2.staticflickr.com/9/8220/8306778397_b4d73aeae6_o.jpg,https://c6.staticflickr.com/9/8220/8306778397_36c3fc62b8_z.jpg,/m/02wbm,phone_random,https://creativecommons.org/licenses/by/2.0/,openset
a63eed5b27cf5ac1,https://farm2.staticflickr.com/5494/9824128083_5701b17170_o.jpg,https://c3.staticflickr.com/6/5494/9824128083_60dd883e0c_z.jpg,/m/02wbm,phone_random,https://creativecommons.org/licenses/by/2.0/,openset
1740bd940de37766,https://farm7.staticflickr.com/4049/4677824530_f1130ac000_o.jpg,https://c8.staticflickr.com/5/4049/4677824530_0485fb9008_z.jpg,/m/02wbm,phone_random,https://creativecommons.org/licenses/by/2.0/,openset
76cd17581c566b1c,https://c5.staticflickr.com/9/8518/8504149175_0cbce2b33c_o.jpg,https://c1.staticflickr.com/9/8518/8504149175_30791bfbb6_z.jpg,/m/02wbm,phone_random,https://creativecommons.org/licenses/by/2.0/,openset
7099e428f8965ee0,https://farm1.staticflickr.com/7318/13222639153_81d463c251_o.jpg,https://c4.staticflickr.com/8/7318/13222639153_cc8a2323c4_z.jpg,/m/02wbm,phone_random,https://creativecommons.org/licenses/by/2.0/,openset
2a705d78c14c5d42,https://farm3.staticflickr.com/2930/14739383571_11b9c2a656_o.jpg,https://c3.staticflickr.com/3/2930/14739383571_d3237ed149_z.jpg,/m/02wbm,phone_random,https://creativecommons.org/licenses/by/2.0/,openset
6b689a2dcabbb773,https://farm4.staticflickr.com/8640/15981607774_6f615b2406_o.jpg,https://c2.staticflickr.com/9/8640/15981607774_0d22bf5196_z.jpg,/m/02wbm,phone_random,https://creativecommons.org/licenses/by/2.0/,openset
d01be9d856a8a2da,https://c3.staticflickr.com/8/7030/6781557105_fb7cc7864b_o.jpg,https://c6.staticflickr.com/8/7030/6781557105_33fd78f3fe_z.jpg,/m/02wbm,phone_random,https://creativecommons.org/licenses/by/2.0/,openset
6ed1cbd3ecbc85e8,https://c1.staticflickr.com/4/3166/3986565411_5bae6185bd_o.jpg,,/m/02wbm,phone_random,https://creativecommons.org/licenses/by/2.0/,openset
9adf30f2009b8666,https://farm7.staticflickr.com/3674/9045632808_1f83fb41eb_o.jpg,https://c2.staticflickr.com/4/3674/9045632808_e9aafc6a07_z.jpg,/m/02wbm,phone_random,https://creativecommons.org/licenses/by/2.0/,openset
754a12f25c2defb2,https://farm3.staticflickr.com/3536/3704963546_b36d39b46c_o.jpg,https://c3.staticflickr.com/4/3536/3704963546_24a5de5167_z.jpg,/m/02wbm,phone_random,https://creativecommons.org/licenses/by/2.0/,openset
97f8fc27036bab97,https://farm8.staticflickr.com/2512/4108407830_be337f7af8_o.jpg,https://c6.staticflickr.com/3/2512/4108407830_8f2d1d1c16_z.jpg,/m/02wbm,phone_random,https://creativecommons.org/licenses/by/2.0/,openset
69a981e203e78ffd,https://c6.staticflickr.com/8/7142/6506296957_4cac959f2c_o.jpg,https://c6.staticflickr.com/8/7142/6506296957_2484f56f50_z.jpg,/m/02wbm,phone_random,https://creativecommons.org/licenses/by/2.0/,openset
eb73ae11c8b1092d,https://c6.staticflickr.com/6/5063/5702482140_d6c03995db_o.jpg,https://c5.staticflickr.com/6/5063/5702482140_e3b5d8dc5d_z.jpg,/m/02wbm,phone_random,https://creativecommons.org/licenses/by/2.0/,openset
2b661298d612d89c,https://c5.staticflickr.com/3/2789/4295686462_ed54b0598a_o.jpg,https://c6.staticflickr.com/3/2789/4295686462_5fe5e4bb13_z.jpg,/m/02wbm,phone_random,https://creativecommons.org/licenses/by/2.0/,openset
42675b80dcea409d,https://c6.staticflickr.com/4/3018/3007767283_247852f11d_o.jpg,https://c6.staticflickr.com/4/3018/3007767283_0d2177f498_z.jpg,/m/02wbm,phone_random,https://creativecommons.org/licenses/by/2.0/,openset
a0cec9aa5f48e65c,https://c5.staticflickr.com/8/7753/16719373924_817cff27e4_o.jpg,https://c1.staticflickr.com/8/7753/16719373924_a7e7428b43_z.jpg,/m/02wbm,phone_random,https://creativecommons.org/licenses/by/2.0/,openset
8ce2e1c002602416,https://farm7.staticflickr.com/3694/9339797482_7e2c017b26_o.jpg,https://c2.staticflickr.com/4/3694/9339797482_2aa07cc8a6_z.jpg,/m/02wbm,phone_random,https://creativecommons.org/licenses/by/2.0/,openset
3c092204c1ac1ba8,https://c1.staticflickr.com/3/2925/14166146086_e238d9ff81_o.jpg,https://c6.staticflickr.com/3/2925/14166146086_b3038d2ebd_z.jpg,/m/02wbm,phone_random,https://creativecommons.org/licenses/by/2.0/,openset
f3f08ab567242127,https://farm8.staticflickr.com/7419/12725860633_98b4e693db_o.jpg,https://c4.staticflickr.com/8/7419/12725860633_be900b78c8_z.jpg,/m/02wbm,phone_random,https://creativecommons.org/licenses/by/2.0/,openset
6ba7e978afb3568f,https://c8.staticflickr.com/4/3485/4078898411_2c8249e62a_o.jpg,https://c8.staticflickr.com/4/3485/4078898411_2e97891e9c_z.jpg?zz=1,/m/02wbm,phone_random,https://creativecommons.org/licenses/by/2.0/,openset
99cb2383b20a232c,https://c5.staticflickr.com/3/2119/2449375898_4a389cb388_o.jpg,https://c3.staticflickr.com/3/2119/2449375898_72723c8362_z.jpg,/m/02wbm,phone_random,https://creativecommons.org/licenses/by/2.0/,openset
e7a1a5d91c799533,https://farm4.staticflickr.com/8184/8089633752_ac207ddd89_o.jpg,https://c4.staticflickr.com/9/8184/8089633752_37a93154e0_z.jpg,/m/02wbm,phone_random,https://creativecommons.org/licenses/by/2.0/,openset
002cb1807c634e46,https://farm7.staticflickr.com/4105/4831857920_e8293c3bf3_o.jpg,https://c3.staticflickr.com/5/4105/4831857920_32cf9e127a_z.jpg,/m/02wbm,phone_random,https://creativecommons.org/licenses/by/2.0/,openset
6cb7386cdfcc8cb8,https://c1.staticflickr.com/4/3501/3964360756_b218e3e4e7_o.jpg,https://c7.staticflickr.com/4/3501/3964360756_617ab4b4ff_z.jpg,/m/02wbm,phone_random,https://creativecommons.org/licenses/by/2.0/,openset
664647677b742867,https://farm8.staticflickr.com/106/270661625_dcabe6de95_o.jpg,https://c2.staticflickr.com/1/106/270661625_dcabe6de95_z.jpg,/m/02wbm,phone_random,https://creativecommons.org/licenses/by/2.0/,openset
49266f0e84bd600f,https://c8.staticflickr.com/4/3941/15317168437_5abfaffbde_o.jpg,https://c7.staticflickr.com/4/3941/15317168437_20dfd5659d_z.jpg,/m/02wbm,phone_random,https://creativecommons.org/licenses/by/2.0/,openset
a580b20990cc0329,https://c2.staticflickr.com/4/3564/3612740217_5630c76093_o.jpg,https://c5.staticflickr.com/4/3564/3612740217_02369a1cd9_z.jpg,/m/02wbm,phone_random,https://creativecommons.org/licenses/by/2.0/,openset
fa709796722f3080,https://farm1.staticflickr.com/6078/6125454432_5718438216_o.jpg,https://c3.staticflickr.com/7/6078/6125454432_f643341be0_z.jpg,/m/02wbm,phone_random,https://creativecommons.org/licenses/by/2.0/,openset
73cbc37797a7af06,https://farm7.staticflickr.com/7505/15709999470_ca6362af51_o.jpg,https://c3.staticflickr.com/8/7505/15709999470_51370ba1c4_z.jpg,/m/02wbm,phone_random,https://creativecommons.org/licenses/by/2.0/,openset
b8616e03bcf0175e,https://c7.staticflickr.com/9/8723/17425076966_e0a839dbdd_o.jpg,https://c8.staticflickr.com/9/8723/17425076966_7273767c6d_z.jpg,/m/02wbm,phone_random,https://creativecommons.org/licenses/by/2.0/,openset
ab8dda188d85d5d2,https://farm3.staticflickr.com/3887/14946976657_083b148cf3_o.jpg,https://c4.staticflickr.com/4/3887/14946976657_e75cb9df88_z.jpg,/m/02wbm,phone_random,https://creativecommons.org/licenses/by/2.0/,openset
abc4d6068b9f1340,https://farm1.staticflickr.com/3209/3063022918_08a86092bd_o.jpg,https://c3.staticflickr.com/4/3209/3063022918_b123563d53_z.jpg?zz=1,/m/02wbm,phone_random,https://creativecommons.org/licenses/by/2.0/,openset
4a7acbfde4d3420e,https://c7.staticflickr.com/5/4023/5153248179_ca9e8c48d2_o.jpg,https://c1.staticflickr.com/5/4023/5153248179_ca46a6aa47_z.jpg,/m/02wbm,phone_random,https://creativecommons.org/licenses/by/2.0/,openset
d26267db2fce4cbd,https://c6.staticflickr.com/6/5305/5656788566_9eb168540a_o.jpg,https://c3.staticflickr.com/6/5305/5656788566_d5c15fa20c_z.jpg,/m/02wbm,phone_random,https://creativecommons.org/licenses/by/2.0/,openset
bce5d733e2d04f85,https://farm6.staticflickr.com/2705/4504782492_800c4ca79c_o.jpg,https://c1.staticflickr.com/3/2705/4504782492_ed5877d7f5_z.jpg,/m/02wbm,phone_random,https://creativecommons.org/licenses/by/2.0/,openset
3a7a8014d0a598b4,https://farm5.staticflickr.com/2103/2447108888_08ea785f4b_o.jpg,https://c1.staticflickr.com/3/2103/2447108888_3a57f275d3_z.jpg?zz=1,/m/02wbm,phone_random,https://creativecommons.org/licenses/by/2.0/,openset
1c616531931bdacc,https://c5.staticflickr.com/3/2516/3978293615_92baa8db78_o.jpg,https://c1.staticflickr.com/3/2516/3978293615_44a8391ef2_z.jpg,/m/02wbm,phone_random,https://creativecommons.org/licenses/by/2.0/,openset
650d93dcd27ddee1,https://farm2.staticflickr.com/2348/2266464028_7e52bea295_o.jpg,https://c8.staticflickr.com/3/2348/2266464028_6036aaef6d_z.jpg,/m/02wbm,phone_random,https://creativecommons.org/licenses/by/2.0/,openset
d4c3abd858c172a6,https://farm7.staticflickr.com/6111/6334594676_7d272ce192_o.jpg,https://c6.staticflickr.com/7/6111/6334594676_f86a30235c_z.jpg,/m/02wbm,phone_random,https://creativecommons.org/licenses/by/2.0/,openset
78b9073caa61c0fa,https://c3.staticflickr.com/3/2812/13822756725_671eafd1a7_o.jpg,https://c6.staticflickr.com/3/2812/13822756725_f472d6f15c_z.jpg,/m/02wbm,phone_random,https://creativecommons.org/licenses/by/2.0/,openset
1f6a15883d659417,https://farm8.staticflickr.com/3292/2404978202_f716babc35_o.jpg,https://c4.staticflickr.com/4/3292/2404978202_f973d09aba_z.jpg?zz=1,/m/02wbm,phone_random,https://creativecommons.org/licenses/by/2.0/,openset
527a01a207b26b8c,https://c5.staticflickr.com/6/5302/5649181204_7ac5e2c969_o.jpg,https://c7.staticflickr.com/6/5302/5649181204_467013be90_z.jpg,/m/02wbm,phone_random,https://creativecommons.org/licenses/by/2.0/,openset
6f4589bb6a5b45d7,https://farm8.staticflickr.com/27/90748312_0630453854_o.jpg,https://c8.staticflickr.com/1/27/90748312_0630453854_z.jpg,/m/02wbm,phone_random,https://creativecommons.org/licenses/by/2.0/,openset
4e986ef92a45f872,https://farm3.staticflickr.com/3123/3108826428_6156c19bbd_o.jpg,https://c3.staticflickr.com/4/3123/3108826428_23c26edae3_z.jpg,/m/02wbm,phone_random,https://creativecommons.org/licenses/by/2.0/,openset
4511b2207cb42b69,https://c2.staticflickr.com/3/2201/1719759531_cf515a586d_o.jpg,https://c4.staticflickr.com/3/2201/1719759531_5dc95fc417_z.jpg,/m/02wbm,phone_random,https://creativecommons.org/licenses/by/2.0/,openset
326d0fca7de78645,https://farm6.staticflickr.com/2950/15173409759_7901d9d7b9_o.jpg,https://c4.staticflickr.com/3/2950/15173409759_eaa6809199_z.jpg,/m/02wbm,phone_random,https://creativecommons.org/licenses/by/2.0/,openset
080e9b8b18f342a7,https://farm8.staticflickr.com/7674/17348765915_02c5171c47_o.jpg,https://c1.staticflickr.com/8/7674/17348765915_826b38b4d8_z.jpg,/m/02wbm,phone_random,https://creativecommons.org/licenses/by/2.0/,openset
0f496a3f86b33a0f,https://c8.staticflickr.com/4/3879/15046667587_a448f82691_o.jpg,https://c8.staticflickr.com/4/3879/15046667587_e1f2c9cde3_z.jpg,/m/02wbm,phone_random,https://creativecommons.org/licenses/by/2.0/,openset
56508fbe18d62efb,https://c4.staticflickr.com/5/4096/4737176336_5a22e1c8ee_o.jpg,https://c1.staticflickr.com/5/4096/4737176336_a77e29a94b_z.jpg,/m/02wbm,phone_random,https://creativecommons.org/licenses/by/2.0/,openset
bdfa6bcb4ad6a7b2,https://farm3.staticflickr.com/7718/16660500913_7d4026b778_o.jpg,https://c3.staticflickr.com/8/7718/16660500913_d5d5d19136_z.jpg,/m/02wbm,phone_random,https://creativecommons.org/licenses/by/2.0/,openset
183e3d7cc42189ef,https://c8.staticflickr.com/4/3815/10756007986_7ca2763a3a_o.jpg,https://c5.staticflickr.com/4/3815/10756007986_a2fc69ed12_z.jpg,/m/02wbm,phone_random,https://creativecommons.org/licenses/by/2.0/,openset
b3077d701557c301,https://farm2.staticflickr.com/1196/5133207106_7f3d16f684_o.jpg,https://c2.staticflickr.com/2/1196/5133207106_c1dfe5c87c_z.jpg,/m/02wbm,phone_random,https://creativecommons.org/licenses/by/2.0/,openset
9dcc9b15a9c2fb7e,https://c7.staticflickr.com/6/5672/20624599066_8f99253d10_o.jpg,https://c3.staticflickr.com/6/5672/20624599066_403c3da2a2_z.jpg,/m/02wbm,phone_random,https://creativecommons.org/licenses/by/2.0/,openset
f7e4eb82a322cd2f,https://c8.staticflickr.com/4/3929/15562778612_38f5cc9d24_o.jpg,https://c6.staticflickr.com/4/3929/15562778612_a1b538a107_z.jpg,/m/02wbm,phone_random,https://creativecommons.org/licenses/by/2.0/,openset
435c6d5eaa0ec385,https://farm6.staticflickr.com/3795/10282763424_48cfe2aa85_o.jpg,https://c5.staticflickr.com/4/3795/10282763424_7aa85a6c38_z.jpg,/m/02wbm,phone_random,https://creativecommons.org/licenses/by/2.0/,openset
8f17f29a00dd329c,https://c5.staticflickr.com/1/116/301241497_19e51fb5dd_o.jpg,https://c6.staticflickr.com/1/116/301241497_19e51fb5dd_z.jpg,/m/02wbm,phone_random,https://creativecommons.org/licenses/by/2.0/,openset
c8eb2e0fb2af2945,https://farm6.staticflickr.com/6114/6270588736_427b851b5c_o.jpg,https://c3.staticflickr.com/7/6114/6270588736_a450534161_z.jpg,/m/02wbm,phone_random,https://creativecommons.org/licenses/by/2.0/,openset
96a149f60e65f7f8,https://c1.staticflickr.com/9/8496/8372891520_a9c4812633_o.jpg,https://c4.staticflickr.com/9/8496/8372891520_85df0bc933_z.jpg,/m/02wbm,phone_random,https://creativecommons.org/licenses/by/2.0/,openset
55f5b4c9e4a7e602,https://farm3.staticflickr.com/1350/3267931710_4539658f04_o.jpg,https://c5.staticflickr.com/2/1350/3267931710_106361cbfc_z.jpg?zz=1,/m/02wbm,phone_random,https://creativecommons.org/licenses/by/2.0/,openset
327f7f9864dc8e12,https://farm3.staticflickr.com/7330/9238838473_17b6ce23f5_o.jpg,https://c2.staticflickr.com/8/7330/9238838473_efc81630e9_z.jpg,/m/02wbm,phone_random,https://creativecommons.org/licenses/by/2.0/,openset
01f9b1be997ec181,https://farm2.staticflickr.com/8709/17261922486_3b855921f2_o.jpg,https://c1.staticflickr.com/9/8709/17261922486_145a8c209a_z.jpg,/m/02wbm,phone_random,https://creativecommons.org/licenses/by/2.0/,openset
23fcd46021ce1da9,https://c2.staticflickr.com/8/7051/6795193456_db4d8dc2e4_o.jpg,https://c2.staticflickr.com/8/7051/6795193456_269d71af64_z.jpg,/m/02wbm,phone_random,https://creativecommons.org/licenses/by/2.0/,openset
a32d9c71faeadd8e,https://c7.staticflickr.com/9/8376/8431601104_9a6b5fa609_o.jpg,https://c5.staticflickr.com/9/8376/8431601104_06834f8f2d_z.jpg,/m/02wbm,phone_random,https://creativecommons.org/licenses/by/2.0/,openset
4c679b6977977277,https://farm8.staticflickr.com/7365/9408617993_c36aef4e6c_o.jpg,https://c7.staticflickr.com/8/7365/9408617993_67dc7acc4f_z.jpg,/m/02wbm,phone_random,https://creativecommons.org/licenses/by/2.0/,openset
3cab37e1bd1dcd69,https://c2.staticflickr.com/3/2700/4114294457_745c893c19_o.jpg,https://c8.staticflickr.com/3/2700/4114294457_81fd7ea6de_z.jpg,/m/02wbm,phone_random,https://creativecommons.org/licenses/by/2.0/,openset
d638862b90450259,https://c2.staticflickr.com/8/7453/13609283115_b8aa2c235c_o.jpg,https://c7.staticflickr.com/8/7453/13609283115_25d7f40a56_z.jpg,/m/02wbm,phone_random,https://creativecommons.org/licenses/by/2.0/,openset
85e026611b596f4f,https://c8.staticflickr.com/9/8283/7772268822_3488568317_o.jpg,https://c8.staticflickr.com/9/8283/7772268822_9187567ceb_z.jpg,/m/05s2s,other_crops,https://creativecommons.org/licenses/by/2.0/,openset
0d6428b815c61b0f,https://c8.staticflickr.com/7/6105/6287466428_75f5d43f4a_o.jpg,https://c1.staticflickr.com/7/6105/6287466428_b169aa10d4_z.jpg,/m/05s2s,other_crops,https://creativecommons.org/licenses/by/2.0/,openset
a103420399341c92,https://farm3.staticflickr.com/7641/16499654403_3204098245_o.jpg,https://c5.staticflickr.com/8/7641/16499654403_ba077825e7_z.jpg,/m/05s2s,other_crops,https://creativecommons.org/licenses/by/2.0/,openset
4711dbdac62cc6aa,https://c3.staticflickr.com/1/5/8287158_871c108968_o.jpg,https://c6.staticflickr.com/1/5/8287158_871c108968_z.jpg?zz=1,/m/05s2s,other_crops,https://creativecommons.org/licenses/by/2.0/,openset
f986aec5a135e01f,https://c8.staticflickr.com/5/4073/4751531251_b35481d579_o.jpg,https://c2.staticflickr.com/5/4073/4751531251_bb29f6801a_z.jpg,/m/05s2s,other_crops,https://creativecommons.org/licenses/by/2.0/,openset
21b20851b6525828,https://c1.staticflickr.com/6/5517/9129594642_6f9f9da00d_o.jpg,https://c4.staticflickr.com/6/5517/9129594642_17a9430302_z.jpg,/m/05s2s,other_crops,https://creativecommons.org/licenses/by/2.0/,openset
839f57fb89084768,https://c1.staticflickr.com/5/4058/4652557999_422b0bc6f7_o.jpg,https://c3.staticflickr.com/5/4058/4652557999_2ff537d1a0_z.jpg,/m/05s2s,other_crops,https://creativecommons.org/licenses/by/2.0/,openset
2513bda2d1ce200c,https://c5.staticflickr.com/9/8194/8088067645_20f5f48abd_o.jpg,https://c2.staticflickr.com/9/8194/8088067645_47c36c076b_z.jpg,/m/05s2s,other_crops,https://creativecommons.org/licenses/by/2.0/,openset
e9fbf894ab7022d3,https://farm4.staticflickr.com/7195/6779289916_8d9dae51ed_o.jpg,https://c8.staticflickr.com/8/7195/6779289916_d88783e0cb_z.jpg,/m/05s2s,other_crops,https://creativecommons.org/licenses/by/2.0/,openset
85e60bb5b992006a,https://c3.staticflickr.com/5/4100/4860877344_7b48a85344_o.jpg,https://c4.staticflickr.com/5/4100/4860877344_47afdca461_z.jpg,/m/05s2s,other_crops,https://creativecommons.org/licenses/by/2.0/,openset
c11421c6ac1ab2f8,https://c1.staticflickr.com/4/3766/10424686863_6e363991ba_o.jpg,https://c7.staticflickr.com/4/3766/10424686863_c578c5e10f_z.jpg,/m/05s2s,other_crops,https://creativecommons.org/licenses/by/2.0/,openset
99373b31b430d649,https://c2.staticflickr.com/8/7239/7283872264_3aa70a8554_o.jpg,https://c7.staticflickr.com/8/7239/7283872264_c8568d73b0_z.jpg,/m/05s2s,other_crops,https://creativecommons.org/licenses/by/2.0/,openset
a178a02abf70f90c,https://c5.staticflickr.com/8/7507/15519943698_4e703e3602_o.jpg,https://c5.staticflickr.com/8/7507/15519943698_c3117105a5_z.jpg,/m/05s2s,other_crops,https://creativecommons.org/licenses/by/2.0/,openset
ac2a474e1fcbdf77,https://farm8.staticflickr.com/3908/14506357332_2e20af6677_o.jpg,https://c5.staticflickr.com/4/3908/14506357332_0686fcc8ce_z.jpg,/m/05s2s,other_crops,https://creativecommons.org/licenses/by/2.0/,openset
5aa3ae653883e8ff,https://c8.staticflickr.com/3/2454/3908489219_567383aa48_o.jpg,https://c6.staticflickr.com/3/2454/3908489219_4e24859de4_z.jpg?zz=1,/m/05s2s,other_crops,https://creativecommons.org/licenses/by/2.0/,openset
db879c5c4d9db862,https://farm3.staticflickr.com/65/250994894_17d4bc935e_o.jpg,https://c5.staticflickr.com/1/65/250994894_17d4bc935e_z.jpg,/m/05s2s,other_crops,https://creativecommons.org/licenses/by/2.0/,openset
7f9179d07024a3ba,https://c3.staticflickr.com/2/1015/1240769973_ca9c591e38_o.jpg,https://c7.staticflickr.com/2/1015/1240769973_732b584723_z.jpg,/m/05s2s,other_crops,https://creativecommons.org/licenses/by/2.0/,openset
b1135cc62356f639,https://c2.staticflickr.com/2/1291/809127167_6a8c92edd2_o.jpg,https://c3.staticflickr.com/2/1291/809127167_84c8b0df98_z.jpg?zz=1,/m/05s2s,other_crops,https://creativecommons.org/licenses/by/2.0/,openset
ee77936220342547,https://farm8.staticflickr.com/102/276674929_034bc4d1af_o.jpg,https://c7.staticflickr.com/1/102/276674929_034bc4d1af_z.jpg?zz=1,/m/05s2s,other_crops,https://creativecommons.org/licenses/by/2.0/,openset
d0c3be8674cf0b61,https://farm2.staticflickr.com/3011/2858291490_9aa8217b99_o.jpg,https://c2.staticflickr.com/4/3011/2858291490_de310e5810_z.jpg?zz=1,/m/05s2s,other_crops,https://creativecommons.org/licenses/by/2.0/,openset
9175315c099bbd6c,https://c5.staticflickr.com/6/5503/10257963704_3df8e450df_o.jpg,https://c1.staticflickr.com/6/5503/10257963704_9fa63a9c19_z.jpg,/m/05s2s,other_crops,https://creativecommons.org/licenses/by/2.0/,openset
7afc9a9b4a4b3f45,https://farm6.staticflickr.com/8200/8193687805_0e5c8df144_o.jpg,https://c7.staticflickr.com/9/8200/8193687805_f98e3f0cd6_z.jpg,/m/05s2s,other_crops,https://creativecommons.org/licenses/by/2.0/,openset
f3c7ed1ad36fb918,https://c1.staticflickr.com/5/4055/4484715568_d7287fcdd1_o.jpg,https://c5.staticflickr.com/5/4055/4484715568_f9fb3b2a35_z.jpg,/m/05s2s,other_crops,https://creativecommons.org/licenses/by/2.0/,openset
9e20dbeaf3673873,https://farm4.staticflickr.com/3177/3098366797_1587e8f6b9_o.jpg,https://c1.staticflickr.com/4/3177/3098366797_96ff9eb176_z.jpg?zz=1,/m/05s2s,other_crops,https://creativecommons.org/licenses/by/2.0/,openset
8085a502670b2295,https://farm6.staticflickr.com/4025/4677257165_45c68c3a7e_o.jpg,https://c7.staticflickr.com/5/4025/4677257165_c05dc8fe49_z.jpg,/m/05s2s,other_crops,https://creativecommons.org/licenses/by/2.0/,openset
2ca5556214b9c0b3,https://farm4.staticflickr.com/542/19003580923_b3b96fce27_o.jpg,https://c8.staticflickr.com/1/542/19003580923_7bf737454b_z.jpg,/m/05s2s,other_crops,https://creativecommons.org/licenses/by/2.0/,openset
d7f0770cd8fd5cda,https://c3.staticflickr.com/5/4134/4821144345_226053ddbe_o.jpg,https://c7.staticflickr.com/5/4134/4821144345_7569ef4714_z.jpg,/m/05s2s,other_crops,https://creativecommons.org/licenses/by/2.0/,openset
fd9b8244e01e366a,https://c3.staticflickr.com/3/2104/1622620547_0676595fc1_o.jpg,https://c6.staticflickr.com/3/2104/1622620547_46e956052a_z.jpg,/m/05s2s,other_crops,https://creativecommons.org/licenses/by/2.0/,openset
88b70b2f230d7f35,https://farm6.staticflickr.com/3497/13066918853_a775c360d4_o.jpg,https://c6.staticflickr.com/4/3497/13066918853_e8b12da87c_z.jpg,/m/05s2s,other_crops,https://creativecommons.org/licenses/by/2.0/,openset
81c54f6638a2bbbd,https://c6.staticflickr.com/4/3798/13464734423_89e1b0e0d8_o.jpg,https://c2.staticflickr.com/4/3798/13464734423_db845dec8f_z.jpg,/m/05s2s,other_crops,https://creativecommons.org/licenses/by/2.0/,openset
4a066204a835039a,https://c3.staticflickr.com/3/2757/4307103551_ed22dbfc4b_o.jpg,https://c2.staticflickr.com/3/2757/4307103551_e1ebae9914_z.jpg,/m/05s2s,other_crops,https://creativecommons.org/licenses/by/2.0/,openset
da690bfe8eabcdb4,https://farm5.staticflickr.com/8494/8288446675_1dedbee002_o.jpg,https://c2.staticflickr.com/9/8494/8288446675_b4820e7d22_z.jpg,/m/05s2s,other_crops,https://creativecommons.org/licenses/by/2.0/,openset
468cdc072826bfc7,https://farm8.staticflickr.com/2539/3892984602_c5794c1ea5_o.jpg,https://c1.staticflickr.com/3/2539/3892984602_18abebd42d_z.jpg,/m/05s2s,other_crops,https://creativecommons.org/licenses/by/2.0/,openset
f6eeca4968e1afef,https://c8.staticflickr.com/4/3866/14883159554_f5c988c11f_o.jpg,https://c7.staticflickr.com/4/3866/14883159554_d9291452a1_z.jpg,/m/05s2s,other_crops,https://creativecommons.org/licenses/by/2.0/,openset
b869e18800d3d3b8,https://c1.staticflickr.com/7/6153/6265370719_668a7603cd_o.jpg,https://c1.staticflickr.com/7/6153/6265370719_f5e522dbd1_z.jpg,/m/05s2s,other_crops,https://creativecommons.org/licenses/by/2.0/,openset
4f308fb3164b91ba,https://c3.staticflickr.com/6/5340/17790956035_ffdf3d1766_o.jpg,https://c5.staticflickr.com/6/5340/17790956035_bc9d088c33_z.jpg,/m/05s2s,other_crops,https://creativecommons.org/licenses/by/2.0/,openset
deb547ae0b39383c,https://c5.staticflickr.com/3/2877/10679772754_212396291d_o.jpg,https://c6.staticflickr.com/3/2877/10679772754_87aaa8c4df_z.jpg,/m/05s2s,other_crops,https://creativecommons.org/licenses/by/2.0/,openset
e2843e967d8b1d39,https://c2.staticflickr.com/8/7024/6846827793_a95ebd50a9_o.jpg,https://c8.staticflickr.com/8/7024/6846827793_0316eb5ff5_z.jpg,/m/05s2s,other_crops,https://creativecommons.org/licenses/by/2.0/,openset
965059f604da7137,https://farm8.staticflickr.com/195/517054153_e5b4519fa1_o.jpg,https://c8.staticflickr.com/1/195/517054153_80240a4e20_z.jpg,/m/05s2s,other_crops,https://creativecommons.org/licenses/by/2.0/,openset
8bab3538c4c7bbb5,https://farm6.staticflickr.com/91/231822019_f97f054f3b_o.jpg,https://c3.staticflickr.com/1/91/231822019_f97f054f3b_z.jpg?zz=1,/m/05s2s,other_crops,https://creativecommons.org/licenses/by/2.0/,openset
b53e7bf1af3e7f05,https://farm6.staticflickr.com/5576/15125739289_7f85e33d23_o.jpg,https://c6.staticflickr.com/6/5576/15125739289_dbbaf142fc_z.jpg,/m/05s2s,other_crops,https://creativecommons.org/licenses/by/2.0/,openset
442bdd5ffff292dd,https://c6.staticflickr.com/4/3237/3408921577_4380beb293_o.jpg,https://c3.staticflickr.com/4/3237/3408921577_46e4164d36_z.jpg,/m/05s2s,other_crops,https://creativecommons.org/licenses/by/2.0/,openset
4e74b511b8dc9084,https://farm5.staticflickr.com/7356/9044931239_6c6a27a261_o.jpg,https://c3.staticflickr.com/8/7356/9044931239_1494e6a381_z.jpg,/m/05s2s,other_crops,https://creativecommons.org/licenses/by/2.0/,openset
7ebe9d48eb37c61b,https://c4.staticflickr.com/1/110/303114267_bb568cc6e9_o.jpg,https://c7.staticflickr.com/1/110/303114267_bb568cc6e9_z.jpg,/m/05s2s,other_crops,https://creativecommons.org/licenses/by/2.0/,openset
1523f15b50285e62,https://farm3.staticflickr.com/2214/2114642275_05318a9253_o.jpg,https://c3.staticflickr.com/3/2214/2114642275_768587dd3e_z.jpg?zz=1,/m/05s2s,other_crops,https://creativecommons.org/licenses/by/2.0/,openset
ceff1d244d4ae5fd,https://c6.staticflickr.com/1/23/32381088_fadb8a5b73_o.jpg,https://c6.staticflickr.com/1/23/32381088_fadb8a5b73_z.jpg?zz=1,/m/05s2s,other_crops,https://creativecommons.org/licenses/by/2.0/,openset
519dbfd78f78bdd6,https://farm7.staticflickr.com/3289/2792527782_a8e46cdb3e_o.jpg,https://c1.staticflickr.com/4/3289/2792527782_724c044206_z.jpg?zz=1,/m/05s2s,other_crops,https://creativecommons.org/licenses/by/2.0/,openset
42c7fb15c31e10d6,https://farm7.staticflickr.com/3453/3987322927_18ed49a3d4_o.jpg,https://c2.staticflickr.com/4/3453/3987322927_6f8cc688d3_z.jpg,/m/05s2s,other_crops,https://creativecommons.org/licenses/by/2.0/,openset
4daa58aea48f5397,https://farm8.staticflickr.com/2445/3963688219_d1f61688eb_o.jpg,https://c7.staticflickr.com/3/2445/3963688219_0baa0de94c_z.jpg?zz=1,/m/05s2s,other_crops,https://creativecommons.org/licenses/by/2.0/,openset
6009f93969db7bd8,https://c1.staticflickr.com/8/7220/6855235614_4fc9fe4f5d_o.jpg,https://c4.staticflickr.com/8/7220/6855235614_94fd7fff05_z.jpg,/m/05s2s,other_crops,https://creativecommons.org/licenses/by/2.0/,openset
5b55411375e34917,https://farm8.staticflickr.com/182/446680559_ac8977fc20_o.jpg,https://c1.staticflickr.com/1/182/446680559_9334c3017e_z.jpg?zz=1,/m/05s2s,other_crops,https://creativecommons.org/licenses/by/2.0/,openset
9be766d0a0029fb4,https://farm5.staticflickr.com/8066/8212238389_e8c60d8d98_o.jpg,https://c1.staticflickr.com/9/8066/8212238389_6ac435cc2d_z.jpg,/m/05s2s,other_crops,https://creativecommons.org/licenses/by/2.0/,openset
1604de1495f0cb26,https://farm7.staticflickr.com/4067/4713027581_cda1c10521_o.jpg,https://c3.staticflickr.com/5/4067/4713027581_6a4d42bfb4_z.jpg,/m/05s2s,other_crops,https://creativecommons.org/licenses/by/2.0/,openset
268b52a5aa4338eb,https://c4.staticflickr.com/7/6094/6297747403_aa59a45eba_o.jpg,https://c7.staticflickr.com/7/6094/6297747403_a97eeaa7b6_z.jpg,/m/05s2s,other_crops,https://creativecommons.org/licenses/by/2.0/,openset
2a38f2b2a00eda0d,https://c6.staticflickr.com/3/2474/3700626942_3f1034dc9c_o.jpg,https://c5.staticflickr.com/3/2474/3700626942_2a7a0d589f_z.jpg,/m/05s2s,other_crops,https://creativecommons.org/licenses/by/2.0/,openset
41c9f5d48ccd854f,https://c8.staticflickr.com/2/1400/1446781331_938143ea4e_o.jpg,https://c3.staticflickr.com/2/1400/1446781331_363843b5cb_z.jpg,/m/05s2s,other_crops,https://creativecommons.org/licenses/by/2.0/,openset
6ddf2fdeb6cc01cc,https://c5.staticflickr.com/1/115/263513064_626d1116c9_o.jpg,https://c1.staticflickr.com/1/115/263513064_626d1116c9_z.jpg,/m/05s2s,other_crops,https://creativecommons.org/licenses/by/2.0/,openset
c8e8f673babc8a49,https://c2.staticflickr.com/4/3472/5709595831_92557d0a6b_o.jpg,https://c1.staticflickr.com/4/3472/5709595831_cbb59f4344_z.jpg,/m/05s2s,other_crops,https://creativecommons.org/licenses/by/2.0/,openset
2ac882525138318b,https://c4.staticflickr.com/8/7575/15986036510_a84c0aa62e_o.jpg,https://c4.staticflickr.com/8/7575/15986036510_6499848119_z.jpg,/m/05s2s,other_crops,https://creativecommons.org/licenses/by/2.0/,openset
ccc17678e3cb9db5,https://farm6.staticflickr.com/7643/17160968155_8c824de9a0_o.jpg,https://c7.staticflickr.com/8/7643/17160968155_d1f5a3ee5e_z.jpg,/m/05s2s,other_crops,https://creativecommons.org/licenses/by/2.0/,openset
3cb2cda0c97f888f,https://c8.staticflickr.com/3/2730/4122530468_3944a0c87e_o.jpg,https://c2.staticflickr.com/3/2730/4122530468_945c1d8a5d_z.jpg,/m/05s2s,other_crops,https://creativecommons.org/licenses/by/2.0/,openset
115a7286e6f77890,https://farm1.staticflickr.com/8033/7978267283_af02206aee_o.jpg,https://c3.staticflickr.com/9/8033/7978267283_b682c490c3_z.jpg,/m/05s2s,other_crops,https://creativecommons.org/licenses/by/2.0/,openset
7755c3e1b217da66,https://farm7.staticflickr.com/7328/9466266123_6155349702_o.jpg,https://c1.staticflickr.com/8/7328/9466266123_899c6e07b6_z.jpg,/m/05s2s,other_crops,https://creativecommons.org/licenses/by/2.0/,openset
7530fc84e3fd5156,https://farm7.staticflickr.com/2119/2315149152_d236265a4c_o.jpg,https://c7.staticflickr.com/3/2119/2315149152_91673fc25e_z.jpg,/m/05s2s,other_crops,https://creativecommons.org/licenses/by/2.0/,openset
5e9127aaeac1a19c,https://c5.staticflickr.com/8/7052/6873992311_9d58749a59_o.jpg,https://c6.staticflickr.com/8/7052/6873992311_4aa68c1b3d_z.jpg,/m/05s2s,other_crops,https://creativecommons.org/licenses/by/2.0/,openset
9c8fec83d6632fad,https://c6.staticflickr.com/5/4085/5026041567_5b7b7d6d2f_o.jpg,https://c8.staticflickr.com/5/4085/5026041567_11b44b93a7_z.jpg,/m/05s2s,other_crops,https://creativecommons.org/licenses/by/2.0/,openset
8644ed54b1bc32fb,https://c4.staticflickr.com/1/353/18815669354_37ef074c9c_o.jpg,https://c7.staticflickr.com/1/353/18815669354_62e02dca06_z.jpg,/m/05s2s,other_crops,https://creativecommons.org/licenses/by/2.0/,openset
77979e5063c86561,https://farm2.staticflickr.com/7526/15883790736_04bd3393e7_o.jpg,https://c2.staticflickr.com/8/7526/15883790736_0d30fed570_z.jpg,/m/05s2s,other_crops,https://creativecommons.org/licenses/by/2.0/,openset
10bed3bf14e61b09,https://c2.staticflickr.com/8/7086/7161239931_9503c7528f_o.jpg,https://c2.staticflickr.com/8/7086/7161239931_57cb414691_z.jpg,/m/05s2s,other_crops,https://creativecommons.org/licenses/by/2.0/,openset
3a80e95abf925787,https://farm8.staticflickr.com/133/319713177_f1fc19db8f_o.jpg,https://c6.staticflickr.com/1/133/319713177_f707c2f34d_z.jpg,/m/05s2s,other_crops,https://creativecommons.org/licenses/by/2.0/,openset
f4924fd9368cf27b,https://c4.staticflickr.com/3/2206/2514577942_a78e49da3f_o.jpg,https://c1.staticflickr.com/3/2206/2514577942_28d4b5d553_z.jpg,/m/05s2s,other_crops,https://creativecommons.org/licenses/by/2.0/,openset
79052c571a471034,https://farm5.staticflickr.com/3215/2759396665_76d2419dcc_o.jpg,https://c1.staticflickr.com/4/3215/2759396665_2e2954581e_z.jpg,/m/05s2s,other_crops,https://creativecommons.org/licenses/by/2.0/,openset
6fe8a2b3d27e53ac,https://c5.staticflickr.com/9/8156/7710606648_7c700eafef_o.jpg,https://c3.staticflickr.com/9/8156/7710606648_9acc6cc193_z.jpg,/m/05s2s,other_crops,https://creativecommons.org/licenses/by/2.0/,openset
dff3ad26f011b0f2,https://farm3.staticflickr.com/8224/8290775900_5a93b3057f_o.jpg,https://c3.staticflickr.com/9/8224/8290775900_89a9fb2488_z.jpg,/m/05s2s,other_crops,https://creativecommons.org/licenses/by/2.0/,openset
a8d1df46ab8602d8,https://c1.staticflickr.com/9/8106/8481737136_a57f181610_o.jpg,https://c7.staticflickr.com/9/8106/8481737136_a7bee98b2a_z.jpg,/m/05s2s,other_crops,https://creativecommons.org/licenses/by/2.0/,openset
c95f093038f348f0,https://farm1.staticflickr.com/22/30578788_899c82bdcd_o.jpg,https://c2.staticflickr.com/1/22/30578788_899c82bdcd_z.jpg?zz=1,/m/05s2s,other_crops,https://creativecommons.org/licenses/by/2.0/,openset
04a827b8b8801928,https://c1.staticflickr.com/6/5512/12176834053_09e7387d61_o.jpg,https://c8.staticflickr.com/6/5512/12176834053_4b8b7d2c8c_z.jpg,/m/05s2s,other_crops,https://creativecommons.org/licenses/by/2.0/,openset
fc25af6b54fad276,https://farm7.staticflickr.com/4147/4835554706_752b5b5fac_o.jpg,https://c4.staticflickr.com/5/4147/4835554706_c5d5773117_z.jpg,/m/05s2s,other_crops,https://creativecommons.org/licenses/by/2.0/,openset
dea74b6d5c542db2,https://farm3.staticflickr.com/5601/15256313550_56a461f09c_o.jpg,https://c5.staticflickr.com/6/5601/15256313550_5f43413f2a_z.jpg,/m/05s2s,other_crops,https://creativecommons.org/licenses/by/2.0/,openset
a658ddcc48e53e68,https://c1.staticflickr.com/9/8508/8424877603_431e14a865_o.jpg,https://c1.staticflickr.com/9/8508/8424877603_6730f8763a_z.jpg,/m/05s2s,other_crops,https://creativecommons.org/licenses/by/2.0/,openset
6d2121b35f7f2488,https://c1.staticflickr.com/2/1090/569715586_58088f08cc_o.jpg,https://c5.staticflickr.com/2/1090/569715586_4410d9e60d_z.jpg,/m/05s2s,other_crops,https://creativecommons.org/licenses/by/2.0/,openset
89708b24680bb390,https://farm1.staticflickr.com/70/155527838_74ce00852b_o.jpg,https://c7.staticflickr.com/1/70/155527838_74ce00852b_z.jpg?zz=1,/m/05s2s,other_crops,https://creativecommons.org/licenses/by/2.0/,openset
00f83b5befcb5cd7,https://farm8.staticflickr.com/7011/6563601559_edc89b4983_o.jpg,https://c5.staticflickr.com/8/7011/6563601559_231e84d267_z.jpg,/m/05s2s,other_crops,https://creativecommons.org/licenses/by/2.0/,openset
649e8e75a8a3b819,https://c2.staticflickr.com/1/41/114582436_336866912d_o.jpg,https://c2.staticflickr.com/1/41/114582436_336866912d_z.jpg,/m/05s2s,other_crops,https://creativecommons.org/licenses/by/2.0/,openset
552834ac9ccf490e,https://c7.staticflickr.com/5/4147/5051614428_b2fc51d302_o.jpg,https://c6.staticflickr.com/5/4147/5051614428_819017dc17_z.jpg,/m/05s2s,other_crops,https://creativecommons.org/licenses/by/2.0/,openset
daf6a8d3fa486cb7,https://farm8.staticflickr.com/7463/15705776729_f9f9790e74_o.jpg,https://c3.staticflickr.com/8/7463/15705776729_ddccec2725_z.jpg,/m/05s2s,other_crops,https://creativecommons.org/licenses/by/2.0/,openset
701187dd3f05ac0a,https://c3.staticflickr.com/9/8157/7157060312_63227d69f5_o.jpg,https://c4.staticflickr.com/9/8157/7157060312_dc453b1936_z.jpg,/m/05s2s,other_crops,https://creativecommons.org/licenses/by/2.0/,openset
fb1dc25cf6dbbad6,https://farm7.staticflickr.com/2409/2077305838_1d93fecdda_o.jpg,https://c4.staticflickr.com/3/2409/2077305838_6c62c0d6ec_z.jpg,/m/05s2s,other_crops,https://creativecommons.org/licenses/by/2.0/,openset
f593c5806a6de28d,https://c6.staticflickr.com/7/6176/6188406445_730a238a70_o.jpg,https://c6.staticflickr.com/7/6176/6188406445_879c36efd8_z.jpg,/m/05s2s,other_crops,https://creativecommons.org/licenses/by/2.0/,openset
78b5fa7a50527e9f,https://c8.staticflickr.com/1/209/457116292_293a44cbc8_o.jpg,https://c1.staticflickr.com/1/209/457116292_49b70c54de_z.jpg,/m/05s2s,other_crops,https://creativecommons.org/licenses/by/2.0/,openset
9b4adbb6d2ca2618,https://c1.staticflickr.com/5/4049/4717008638_9a6e867b9f_o.jpg,https://c4.staticflickr.com/5/4049/4717008638_25d2f9c7f7_z.jpg,/m/05s2s,other_crops,https://creativecommons.org/licenses/by/2.0/,openset
d91db4d000f68727,https://farm8.staticflickr.com/10/15679064_0a3fe5f6e2_o.jpg,,/m/05s2s,other_crops,https://creativecommons.org/licenses/by/2.0/,openset
d53d887763735f9f,https://c8.staticflickr.com/1/36/146352732_048139a860_o.jpg,https://c8.staticflickr.com/1/36/146352732_048139a860_z.jpg?zz=1,/m/05s2s,other_crops,https://creativecommons.org/licenses/by/2.0/,openset
9d8d47c1e658a320,https://farm1.staticflickr.com/3010/5802042033_7d8021ddba_o.jpg,https://c7.staticflickr.com/4/3010/5802042033_1d51de43f3_z.jpg,/m/05s2s,other_crops,https://creativecommons.org/licenses/by/2.0/,openset
e983350487851dfc,https://c5.staticflickr.com/9/8484/8209605272_8792914a1a_o.jpg,https://c1.staticflickr.com/9/8484/8209605272_68f65e404a_z.jpg,/m/05s2s,other_crops,https://creativecommons.org/licenses/by/2.0/,openset
ae575009d31604a9,https://c2.staticflickr.com/9/8720/16436342613_c0fbb47a5f_o.jpg,https://c7.staticflickr.com/9/8720/16436342613_7b7c88aa5d_z.jpg,/m/05s2s,other_crops,https://creativecommons.org/licenses/by/2.0/,openset
3ebd70ecac263d96,https://farm7.staticflickr.com/394/20068497008_119215bb0d_o.jpg,https://c4.staticflickr.com/1/394/20068497008_917027ca0a_z.jpg,/m/05s2s,other_crops,https://creativecommons.org/licenses/by/2.0/,openset
8cc20e7646b288dc,https://c5.staticflickr.com/3/2045/2057497071_834b45f8e1_o.jpg,https://c1.staticflickr.com/3/2045/2057497071_2670c7516c_z.jpg,/m/05s2s,other_crops,https://creativecommons.org/licenses/by/2.0/,openset
3e6580d898bfa6a4,https://farm5.staticflickr.com/2431/4065341199_a37e698c29_o.jpg,https://c2.staticflickr.com/3/2431/4065341199_423fbb548a_z.jpg,/m/05s2s,other_crops,https://creativecommons.org/licenses/by/2.0/,openset
4e047dc7a5fb1b4c,https://c5.staticflickr.com/3/2626/3877954295_7ecd26b5dd_o.jpg,https://c6.staticflickr.com/3/2626/3877954295_dc5edd07b2_z.jpg,/m/05s2s,other_crops,https://creativecommons.org/licenses/by/2.0/,openset
7d98425086b2973c,https://c5.staticflickr.com/5/4072/4682336394_a1638772fb_o.jpg,https://c4.staticflickr.com/5/4072/4682336394_09f1bac323_z.jpg,/m/05s2s,other_crops,https://creativecommons.org/licenses/by/2.0/,openset
8bfe2305bcc568ef,https://c8.staticflickr.com/4/3799/10620982335_278fa62c77_o.jpg,https://c4.staticflickr.com/4/3799/10620982335_8257634d5e_z.jpg,/m/05s2s,other_crops,https://creativecommons.org/licenses/by/2.0/,openset
07426c4701407dee,https://c7.staticflickr.com/4/3784/19694828170_0cc7e23dd6_o.jpg,https://c3.staticflickr.com/4/3784/19694828170_57ca32944c_z.jpg,/m/05s2s,other_crops,https://creativecommons.org/licenses/by/2.0/,openset
6fbb6e433bfbfaaf,https://c8.staticflickr.com/7/6110/6353601533_3757b8ceaa_o.jpg,https://c5.staticflickr.com/7/6110/6353601533_5810ddf104_z.jpg,/m/05s2s,other_crops,https://creativecommons.org/licenses/by/2.0/,openset
6021c8e51e091079,https://c2.staticflickr.com/2/1138/5129277465_6e4945610b_o.jpg,https://c1.staticflickr.com/2/1138/5129277465_0c88162245_z.jpg,/m/05s2s,other_crops,https://creativecommons.org/licenses/by/2.0/,openset
c174d56dfda135e0,https://farm1.staticflickr.com/8184/8098932254_0926d568ec_o.jpg,https://c7.staticflickr.com/9/8184/8098932254_cf42c12c57_z.jpg,/m/05s2s,other_crops,https://creativecommons.org/licenses/by/2.0/,openset
c468a41deab7c47f,https://c8.staticflickr.com/5/4137/4751215888_930c8b61b8_o.jpg,https://c1.staticflickr.com/5/4137/4751215888_709798e8b5_z.jpg,/m/05s2s,other_crops,https://creativecommons.org/licenses/by/2.0/,openset
e8f3fcb9ca3dc1ec,https://c5.staticflickr.com/4/3513/3752425585_ab72df1a24_o.jpg,https://c6.staticflickr.com/4/3513/3752425585_ff70ac788e_z.jpg,/m/05s2s,other_crops,https://creativecommons.org/licenses/by/2.0/,openset
744359bb4f5ec127,https://farm8.staticflickr.com/4042/4524652842_28fd1dc95e_o.jpg,https://c2.staticflickr.com/5/4042/4524652842_d3c0d3e84a_z.jpg,/m/05s2s,other_crops,https://creativecommons.org/licenses/by/2.0/,openset
d238151916a75ce0,https://farm1.staticflickr.com/2768/4422634072_ddd8cecaa0_o.jpg,https://c2.staticflickr.com/3/2768/4422634072_3d66647290_z.jpg,/m/05s2s,other_crops,https://creativecommons.org/licenses/by/2.0/,openset
2e55310de59c3a1e,https://c7.staticflickr.com/4/3867/15302623865_8cea1c1176_o.jpg,https://c7.staticflickr.com/4/3867/15302623865_161ec87efd_z.jpg,/m/05s2s,other_crops,https://creativecommons.org/licenses/by/2.0/,openset
f71e502c7b13eebe,https://c7.staticflickr.com/3/2941/15102507027_bc1860a6d9_o.jpg,https://c5.staticflickr.com/3/2941/15102507027_0327d4e3f8_z.jpg,/m/05s2s,other_crops,https://creativecommons.org/licenses/by/2.0/,openset
86a36b1208570231,https://farm2.staticflickr.com/8007/7666959994_b885e2a515_o.jpg,https://c7.staticflickr.com/9/8007/7666959994_1ec331816b_z.jpg,/m/05s2s,other_crops,https://creativecommons.org/licenses/by/2.0/,openset
237bcadfbe8b3ebd,https://c6.staticflickr.com/4/3417/5770633187_7a91e15611_o.jpg,https://c8.staticflickr.com/4/3417/5770633187_65f28298b8_z.jpg,/m/05s2s,other_crops,https://creativecommons.org/licenses/by/2.0/,openset
b3e558f68ec4f89a,https://c3.staticflickr.com/4/3952/15644737982_3250e3f76e_o.jpg,https://c6.staticflickr.com/4/3952/15644737982_f1a63717db_z.jpg,/m/05s2s,other_crops,https://creativecommons.org/licenses/by/2.0/,openset
9a16e11f307b7398,https://c1.staticflickr.com/8/7700/17234798886_10d641eab2_o.jpg,https://c2.staticflickr.com/8/7700/17234798886_01d0857300_z.jpg,/m/05s2s,other_crops,https://creativecommons.org/licenses/by/2.0/,openset
06bde91f8949d9de,https://c7.staticflickr.com/6/5302/5671374195_9d520d7a11_o.jpg,https://c5.staticflickr.com/6/5302/5671374195_fe86b1803c_z.jpg,/m/05s2s,other_crops,https://creativecommons.org/licenses/by/2.0/,openset
7129fe94a4cd4e1d,https://c6.staticflickr.com/6/5173/5555141363_4ab5793e20_o.jpg,https://c5.staticflickr.com/6/5173/5555141363_d9a31325fd_z.jpg,/m/05s2s,other_crops,https://creativecommons.org/licenses/by/2.0/,openset
ab266387c5bd3f60,https://farm1.staticflickr.com/3921/14881206629_071c0c095a_o.jpg,https://c1.staticflickr.com/4/3921/14881206629_9136689161_z.jpg,/m/05s2s,other_crops,https://creativecommons.org/licenses/by/2.0/,openset
a31b03a3e427ca8f,https://c8.staticflickr.com/3/2765/4126494083_5ed159fe7d_o.jpg,https://c6.staticflickr.com/3/2765/4126494083_00c162149f_z.jpg,/m/05s2s,other_crops,https://creativecommons.org/licenses/by/2.0/,openset
