dataset_name,dataset_version,source_url,download_date,native_label,mapped_label,image_id,original_filename,sha256,perceptual_hash,source_split,manual_review_status,license,included_in_training,included_in_calibration,included_in_final_test
central_java,v1,https://data.mendeley.com/datasets/ptz377bwb8/1,2026-09-26,fungi,,,1692332350480.jpg,,,external_test,folder-mapped(paper-T1+visual),CC BY 4.0,0,0,1
central_java,v1,https://data.mendeley.com/datasets/ptz377bwb8/1,2026-09-26,fungi,,,1692332350534.jpg,,,external_test,folder-mapped(paper-T1+visual),CC BY 4.0,0,0,1
central_java,v1,https://data.mendeley.com/datasets/ptz377bwb8/1,2026-09-26,fungi,,,1692332350583.jpg,,,external_test,folder-mapped(paper-T1+visual),CC BY 4.0,0,0,1
central_java,v1,https://data.mendeley.com/datasets/ptz377bwb8/1,2026-09-26,fungi,,,1692333631883.jpg,,,external_test,folder-mapped(paper-T1+visual),CC BY 4.0,0,0,1
central_java,v1,https://data.mendeley.com/datasets/ptz377bwb8/1,2026-09-26,fungi,,,1692333632169.jpg,,,external_test,folder-mapped(paper-T1+visual),CC BY 4.0,0,0,1
central_java,v1,https://data.mendeley.com/datasets/ptz377bwb8/1,2026-09-26,fungi,,,1692333632410.jpg,,,external_test,folder-mapped(paper-T1+visual),CC BY 4.0,0,0,1
central_java,v1,https://data.mendeley.com/datasets/ptz377bwb8/1,2026-09-26,fungi,,,1692333632420.jpg,,,external_test,folder-mapped(paper-T1+visual),CC BY 4.0,0,0,1
central_java,v1,https://data.mendeley.com/datasets/ptz377bwb8/1,2026-09-26,fungi,,,1692334247043.jpg,,,external_test,folder-mapped(paper-T1+visual),CC BY 4.0,0,0,1
central_java,v1,https://data.mendeley.com/datasets/ptz377bwb8/1,2026-09-26,fungi,,,1692334247176.jpg,,,external_test,folder-mapped(paper-T1+visual),CC BY 4.0,0,0,1
central_java,v1,https://data.mendeley.com/datasets/ptz377bwb8/1,2026-09-26,fungi,,,1692334247234.jpg,,,external_test,folder-mapped(paper-T1+visual),CC BY 4.0,0,0,1
central_java,v1,https://data.mendeley.com/datasets/ptz377bwb8/1,2026-09-26,fungi,,,1692334247280.jpg,,,external_test,folder-mapped(paper-T1+visual),CC BY 4.0,0,0,1
central_java,v1,https://data.mendeley.com/datasets/ptz377bwb8/1,2026-09-26,fungi,,,1692334247287.jpg,,,external_test,folder-mapped(paper-T1+visual),CC BY 4.0,0,0,1
central_java,v1,https://data.mendeley.com/datasets/ptz377bwb8/1,2026-09-26,fungi,,,1692334247294.jpg,,,external_test,folder-mapped(paper-T1+visual),CC BY 4.0,0,0,1
central_java,v1,https://data.mendeley.com/datasets/ptz377bwb8/1,2026-09-26,fungi,,,1692334247300.jpg,,,external_test,folder-mapped(paper-T1+visual),CC BY 4.0,0,0,1
central_java,v1,https://data.mendeley.com/datasets/ptz377bwb8/1,2026-09-26,fungi,,,1692334247315.jpg,,,external_test,folder-mapped(paper-T1+visual),CC BY 4.0,0,0,1
central_java,v1,https://data.mendeley.com/datasets/ptz377bwb8/1,2026-09-26,fungi,,,1692334247321.jpg,,,external_test,folder-mapped(paper-T1+visual),CC BY 4.0,0,0,1
central_java,v1,https://data.mendeley.com/datasets/ptz377bwb8/1,2026-09-26,fungi,,,1692334247328.jpg,,,external_test,folder-mapped(paper-T1+visual),CC BY 4.0,0,0,1
central_java,v1,https://data.mendeley.com/datasets/ptz377bwb8/1,2026-09-26,fungi,,,1692334247342.jpg,,,external_test,folder-mapped(paper-T1+visual),CC BY 4.0,0,0,1
central_java,v1,https://data.mendeley.com/datasets/ptz377bwb8/1,2026-09-26,fungi,,,1692334247349.jpg,,,external_test,folder-mapped(paper-T1+visual),CC BY 4.0,0,0,1
central_java,v1,https://data.mendeley.com/datasets/ptz377bwb8/1,2026-09-26,fungi,,,1692334247356.jpg,,,external_test,folder-mapped(paper-T1+visual),CC BY 4.0,0,0,1
central_java,v1,https://data.mendeley.com/datasets/ptz377bwb8/1,2026-09-26,fungi,,,1692334247364.jpg,,,external_test,folder-mapped(paper-T1+visual),CC BY 4.0,0,0,1
central_java,v1,https://data.mendeley.com/datasets/ptz377bwb8/1,2026-09-26,fungi,,,1692334247401.jpg,,,external_test,folder-mapped(paper-T1+visual),CC BY 4.0,0,0,1
central_java,v1,https://data.mendeley.com/datasets/ptz377bwb8/1,2026-09-26,fungi,,,1692334247452.jpg,,,external_test,folder-mapped(paper-T1+visual),CC BY 4.0,0,0,1
central_java,v1,https://data.mendeley.com/datasets/ptz377bwb8/1,2026-09-26,fungi,,,1692334247515.jpg,,,external_test,folder-mapped(paper-T1+visual),CC BY 4.0,0,0,1
central_java,v1,https://data.mendeley.com/datasets/ptz377bwb8/1,2026-09-26,fungi,,,1692334247523.jpg,,,external_test,folder-mapped(paper-T1+visual),CC BY 4.0,0,0,1
central_java,v1,https://data.mendeley.com/datasets/ptz377bwb8/1,2026-09-26,fungi,,,1692334247530.jpg,,,external_test,folder-mapped(paper-T1+visual),CC BY 4.0,0,0,1
central_java,v1,https://data.mendeley.com/datasets/ptz377bwb8/1,2026-09-26,fungi,,,1692334247554.jpg,,,external_test,folder-mapped(paper-T1+visual),CC BY 4.0,0,0,1
central_java,v1,https://data.mendeley.com/datasets/ptz377bwb8/1,2026-09-26,fungi,,,1692334247561.jpg,,,external_test,folder-mapped(paper-T1+visual),CC BY 4.0,0,0,1
central_java,v1,https://data.mendeley.com/datasets/ptz377bwb8/1,2026-09-26,fungi,,,1692334247568.jpg,,,external_test,folder-mapped(paper-T1+visual),CC BY 4.0,0,0,1
central_java,v1,https://data.mendeley.com/datasets/ptz377bwb8/1,2026-09-26,fungi,,,1692334247584.jpg,,,external_test,folder-mapped(paper-T1+visual),CC BY 4.0,0,0,1
central_java,v1,https://data.mendeley.com/datasets/ptz377bwb8/1,2026-09-26,fungi,,,1692334247608.jpg,,,external_test,folder-mapped(paper-T1+visual),CC BY 4.0,0,0,1
central_java,v1,https://data.mendeley.com/datasets/ptz377bwb8/1,2026-09-26,fungi,,,1692334247616.jpg,,,external_test,folder-mapped(paper-T1+visual),CC BY 4.0,0,0,1
central_java,v1,https://data.mendeley.com/datasets/ptz377bwb8/1,2026-09-26,fungi,,,1692334247642.jpg,,,external_test,folder-mapped(paper-T1+visual),CC BY 4.0,0,0,1
central_java,v1,https://data.mendeley.com/datasets/ptz377bwb8/1,2026-09-26,fungi,,,1692334247650.jpg,,,external_test,folder-mapped(paper-T1+visual),CC BY 4.0,0,0,1
central_java,v1,https://data.mendeley.com/datasets/ptz377bwb8/1,2026-09-26,fungi,,,1692334247688.jpg,,,external_test,folder-mapped(paper-T1+visual),CC BY 4.0,0,0,1
central_java,v1,https://data.mendeley.com/datasets/ptz377bwb8/1,2026-09-26,fungi,,,1692334247696.jpg,,,external_test,folder-mapped(paper-T1+visual),CC BY 4.0,0,0,1
central_java,v1,https://data.mendeley.com/datasets/ptz377bwb8/1,2026-09-26,fungi,,,1692334247704.jpg,,,external_test,folder-mapped(paper-T1+visual),CC BY 4.0,0,0,1
central_java,v1,https://data.mendeley.com/datasets/ptz377bwb8/1,2026-09-26,fungi,,,1692334247713.jpg,,,external_test,folder-mapped(paper-T1+visual),CC BY 4.0,0,0,1
central_java,v1,https://data.mendeley.com/datasets/ptz377bwb8/1,2026-09-26,fungi,,,1692334247745.jpg,,,external_test,folder-mapped(paper-T1+visual),CC BY 4.0,0,0,1
central_java,v1,https://data.mendeley.com/datasets/ptz377bwb8/1,2026-09-26,fungi,,,1692334247771.jpg,,,external_test,folder-mapped(paper-T1+visual),CC BY 4.0,0,0,1
central_java,v1,https://data.mendeley.com/datasets/ptz377bwb8/1,2026-09-26,fungi,,,1692334247778.jpg,,,external_test,folder-mapped(paper-T1+visual),CC BY 4.0,0,0,1
central_java,v1,https://data.mendeley.com/datasets/ptz377bwb8/1,2026-09-26,fungi,,,1692334247801.jpg,,,external_test,folder-mapped(paper-T1+visual),CC BY 4.0,0,0,1
central_java,v1,https://data.mendeley.com/datasets/ptz377bwb8/1,2026-09-26,fungi,,,1692335403330.jpg,,,external_test,folder-mapped(paper-T1+visual),CC BY 4.0,0,0,1
central_java,v1,https://data.mendeley.com/datasets/ptz377bwb8/1,2026-09-26,fungi,,,1692335403350.jpg,,,external_test,folder-mapped(paper-T1+visual),CC BY 4.0,0,0,1
central_java,v1,https://data.mendeley.com/datasets/ptz377bwb8/1,2026-09-26,fungi,,,1692335403406.jpg,,,external_test,folder-mapped(paper-T1+visual),CC BY 4.0,0,0,1
central_java,v1,https://data.mendeley.com/datasets/ptz377bwb8/1,2026-09-26,fungi,,,1692335403421.jpg,,,external_test,folder-mapped(paper-T1+visual),CC BY 4.0,0,0,1
central_java,v1,https://data.mendeley.com/datasets/ptz377bwb8/1,2026-09-26,fungi,,,1692335403434.jpg,,,external_test,folder-mapped(paper-T1+visual),CC BY 4.0,0,0,1
central_java,v1,https://data.mendeley.com/datasets/ptz377bwb8/1,2026-09-26,fungi,,,1692335403472.jpg,,,external_test,folder-mapped(paper-T1+visual),CC BY 4.0,0,0,1
central_java,v1,https://data.mendeley.com/datasets/ptz377bwb8/1,2026-09-26,fungi,,,1692335403497.jpg,,,external_test,folder-mapped(paper-T1+visual),CC BY 4.0,0,0,1
central_java,v1,https://data.mendeley.com/datasets/ptz377bwb8/1,2026-09-26,fungi,,,1692335403509.jpg,,,external_test,folder-mapped(paper-T1+visual),CC BY 4.0,0,0,1
central_java,v1,https://data.mendeley.com/datasets/ptz377bwb8/1,2026-09-26,fungi,,,1692335403522.jpg,,,external_test,folder-mapped(paper-T1+visual),CC BY 4.0,0,0,1
central_java,v1,https://data.mendeley.com/datasets/ptz377bwb8/1,2026-09-26,fungi,,,1692335403577.jpg,,,external_test,folder-mapped(paper-T1+visual),CC BY 4.0,0,0,1
central_java,v1,https://data.mendeley.com/datasets/ptz377bwb8/1,2026-09-26,fungi,,,1692335403624.jpg,,,external_test,folder-mapped(paper-T1+visual),CC BY 4.0,0,0,1
central_java,v1,https://data.mendeley.com/datasets/ptz377bwb8/1,2026-09-26,fungi,,,1692335403639.jpg,,,external_test,folder-mapped(paper-T1+visual),CC BY 4.0,0,0,1
central_java,v1,https://data.mendeley.com/datasets/ptz377bwb8/1,2026-09-26,fungi,,,1692335403677.jpg,,,external_test,folder-mapped(paper-T1+visual),CC BY 4.0,0,0,1
central_java,v1,https://data.mendeley.com/datasets/ptz377bwb8/1,2026-09-26,fungi,,,1692335403690.jpg,,,external_test,folder-mapped(paper-T1+visual),CC BY 4.0,0,0,1
central_java,v1,https://data.mendeley.com/datasets/ptz377bwb8/1,2026-09-26,fungi,,,1692335403702.jpg,,,external_test,folder-mapped(paper-T1+visual),CC BY 4.0,0,0,1
central_java,v1,https://data.mendeley.com/datasets/ptz377bwb8/1,2026-09-26,fungi,,,1692335403726.jpg,,,external_test,folder-mapped(paper-T1+visual),CC BY 4.0,0,0,1
central_java,v1,https://data.mendeley.com/datasets/ptz377bwb8/1,2026-09-26,fungi,,,1692335403753.jpg,,,external_test,folder-mapped(paper-T1+visual),CC BY 4.0,0,0,1
central_java,v1,https://data.mendeley.com/datasets/ptz377bwb8/1,2026-09-26,fungi,,,1692335403766.jpg,,,external_test,folder-mapped(paper-T1+visual),CC BY 4.0,0,0,1
central_java,v1,https://data.mendeley.com/datasets/ptz377bwb8/1,2026-09-26,fungi,,,1692335403778.jpg,,,external_test,folder-mapped(paper-T1+visual),CC BY 4.0,0,0,1
central_java,v1,https://data.mendeley.com/datasets/ptz377bwb8/1,2026-09-26,fungi,,,1692335403790.jpg,,,external_test,folder-mapped(paper-T1+visual),CC BY 4.0,0,0,1
central_java,v1,https://data.mendeley.com/datasets/ptz377bwb8/1,2026-09-26,fungi,,,1692335403802.jpg,,,external_test,folder-mapped(paper-T1+visual),CC BY 4.0,0,0,1
central_java,v1,https://data.mendeley.com/datasets/ptz377bwb8/1,2026-09-26,fungi,,,1692335403815.jpg,,,external_test,folder-mapped(paper-T1+visual),CC BY 4.0,0,0,1
central_java,v1,https://data.mendeley.com/datasets/ptz377bwb8/1,2026-09-26,fungi,,,1692335403828.jpg,,,external_test,folder-mapped(paper-T1+visual),CC BY 4.0,0,0,1
central_java,v1,https://data.mendeley.com/datasets/ptz377bwb8/1,2026-09-26,fungi,,,1692335403878.jpg,,,external_test,folder-mapped(paper-T1+visual),CC BY 4.0,0,0,1
central_java,v1,https://data.mendeley.com/datasets/ptz377bwb8/1,2026-09-26,fungi,,,1692335403892.jpg,,,external_test,folder-mapped(paper-T1+visual),CC BY 4.0,0,0,1
central_java,v1,https://data.mendeley.com/datasets/ptz377bwb8/1,2026-09-26,fungi,,,1692335403977.jpg,,,external_test,folder-mapped(paper-T1+visual),CC BY 4.0,0,0,1
central_java,v1,https://data.mendeley.com/datasets/ptz377bwb8/1,2026-09-26,fungi,,,1692335404057.jpg,,,external_test,folder-mapped(paper-T1+visual),CC BY 4.0,0,0,1
central_java,v1,https://data.mendeley.com/datasets/ptz377bwb8/1,2026-09-26,fungi,,,1692336758470.jpg,,,external_test,folder-mapped(paper-T1+visual),CC BY 4.0,0,0,1
central_java,v1,https://data.mendeley.com/datasets/ptz377bwb8/1,2026-09-26,fungi,,,1692336758688.jpg,,,external_test,folder-mapped(paper-T1+visual),CC BY 4.0,0,0,1
central_java,v1,https://data.mendeley.com/datasets/ptz377bwb8/1,2026-09-26,fungi,,,1692336758769.jpg,,,external_test,folder-mapped(paper-T1+visual),CC BY 4.0,0,0,1
central_java,v1,https://data.mendeley.com/datasets/ptz377bwb8/1,2026-09-26,fungi,,,1692336758861.jpg,,,external_test,folder-mapped(paper-T1+visual),CC BY 4.0,0,0,1
central_java,v1,https://data.mendeley.com/datasets/ptz377bwb8/1,2026-09-26,fungi,,,1692336759091.jpg,,,external_test,folder-mapped(paper-T1+visual),CC BY 4.0,0,0,1
central_java,v1,https://data.mendeley.com/datasets/ptz377bwb8/1,2026-09-26,fungi,,,1692336759109.jpg,,,external_test,folder-mapped(paper-T1+visual),CC BY 4.0,0,0,1
central_java,v1,https://data.mendeley.com/datasets/ptz377bwb8/1,2026-09-26,fungi,,,1692336759119.jpg,,,external_test,folder-mapped(paper-T1+visual),CC BY 4.0,0,0,1
central_java,v1,https://data.mendeley.com/datasets/ptz377bwb8/1,2026-09-26,fungi,,,1692336759176.jpg,,,external_test,folder-mapped(paper-T1+visual),CC BY 4.0,0,0,1
central_java,v1,https://data.mendeley.com/datasets/ptz377bwb8/1,2026-09-26,fungi,,,1692338054040.jpg,,,external_test,folder-mapped(paper-T1+visual),CC BY 4.0,0,0,1
central_java,v1,https://data.mendeley.com/datasets/ptz377bwb8/1,2026-09-26,fungi,,,1692338054080.jpg,,,external_test,folder-mapped(paper-T1+visual),CC BY 4.0,0,0,1
central_java,v1,https://data.mendeley.com/datasets/ptz377bwb8/1,2026-09-26,fungi,,,1692338650322.jpg,,,external_test,folder-mapped(paper-T1+visual),CC BY 4.0,0,0,1
central_java,v1,https://data.mendeley.com/datasets/ptz377bwb8/1,2026-09-26,fungi,,,1692338650403.jpg,,,external_test,folder-mapped(paper-T1+visual),CC BY 4.0,0,0,1
central_java,v1,https://data.mendeley.com/datasets/ptz377bwb8/1,2026-09-26,fungi,,,1692338650592.jpg,,,external_test,folder-mapped(paper-T1+visual),CC BY 4.0,0,0,1
central_java,v1,https://data.mendeley.com/datasets/ptz377bwb8/1,2026-09-26,fungi,,,1692338650713.jpg,,,external_test,folder-mapped(paper-T1+visual),CC BY 4.0,0,0,1
central_java,v1,https://data.mendeley.com/datasets/ptz377bwb8/1,2026-09-26,fungi,,,1692338650765.jpg,,,external_test,folder-mapped(paper-T1+visual),CC BY 4.0,0,0,1
central_java,v1,https://data.mendeley.com/datasets/ptz377bwb8/1,2026-09-26,fungi,,,1692338650780.jpg,,,external_test,folder-mapped(paper-T1+visual),CC BY 4.0,0,0,1
central_java,v1,https://data.mendeley.com/datasets/ptz377bwb8/1,2026-09-26,fungi,,,1692339473805.jpg,,,external_test,folder-mapped(paper-T1+visual),CC BY 4.0,0,0,1
central_java,v1,https://data.mendeley.com/datasets/ptz377bwb8/1,2026-09-26,fungi,,,1692339473815.jpg,,,external_test,folder-mapped(paper-T1+visual),CC BY 4.0,0,0,1
central_java,v1,https://data.mendeley.com/datasets/ptz377bwb8/1,2026-09-26,fungi,,,20230712_114543.jpg,,,external_test,folder-mapped(paper-T1+visual),CC BY 4.0,0,0,1
central_java,v1,https://data.mendeley.com/datasets/ptz377bwb8/1,2026-09-26,fungi,,,20230712_114552.jpg,,,external_test,folder-mapped(paper-T1+visual),CC BY 4.0,0,0,1
central_java,v1,https://data.mendeley.com/datasets/ptz377bwb8/1,2026-09-26,fungi,,,20230712_115043.jpg,,,external_test,folder-mapped(paper-T1+visual),CC BY 4.0,0,0,1
central_java,v1,https://data.mendeley.com/datasets/ptz377bwb8/1,2026-09-26,fungi,,,20230712_115130.jpg,,,external_test,folder-mapped(paper-T1+visual),CC BY 4.0,0,0,1
central_java,v1,https://data.mendeley.com/datasets/ptz377bwb8/1,2026-09-26,fungi,,,20230712_115151.jpg,,,external_test,folder-mapped(paper-T1+visual),CC BY 4.0,0,0,1
central_java,v1,https://data.mendeley.com/datasets/ptz377bwb8/1,2026-09-26,fungi,,,20230712_115213.jpg,,,external_test,folder-mapped(paper-T1+visual),CC BY 4.0,0,0,1
central_java,v1,https://data.mendeley.com/datasets/ptz377bwb8/1,2026-09-26,fungi,,,20230712_115329.jpg,,,external_test,folder-mapped(paper-T1+visual),CC BY 4.0,0,0,1
central_java,v1,https://data.mendeley.com/datasets/ptz377bwb8/1,2026-09-26,fungi,,,20230712_120442.jpg,,,external_test,folder-mapped(paper-T1+visual),CC BY 4.0,0,0,1
central_java,v1,https://data.mendeley.com/datasets/ptz377bwb8/1,2026-09-26,fungi,,,20230712_120457.jpg,,,external_test,folder-mapped(paper-T1+visual),CC BY 4.0,0,0,1
central_java,v1,https://data.mendeley.com/datasets/ptz377bwb8/1,2026-09-26,fungi,,,20230712_120515.jpg,,,external_test,folder-mapped(paper-T1+visual),CC BY 4.0,0,0,1
central_java,v1,https://data.mendeley.com/datasets/ptz377bwb8/1,2026-09-26,fungi,,,20230712_120701.jpg,,,external_test,folder-mapped(paper-T1+visual),CC BY 4.0,0,0,1
central_java,v1,https://data.mendeley.com/datasets/ptz377bwb8/1,2026-09-26,fungi,,,20230712_122215.jpg,,,external_test,folder-mapped(paper-T1+visual),CC BY 4.0,0,0,1
central_java,v1,https://data.mendeley.com/datasets/ptz377bwb8/1,2026-09-26,fungi,,,20230712_122247.jpg,,,external_test,folder-mapped(paper-T1+visual),CC BY 4.0,0,0,1
central_java,v1,https://data.mendeley.com/datasets/ptz377bwb8/1,2026-09-26,fungi,,,20230712_122415.jpg,,,external_test,folder-mapped(paper-T1+visual),CC BY 4.0,0,0,1
central_java,v1,https://data.mendeley.com/datasets/ptz377bwb8/1,2026-09-26,fungi,,,20230712_122430.jpg,,,external_test,folder-mapped(paper-T1+visual),CC BY 4.0,0,0,1
central_java,v1,https://data.mendeley.com/datasets/ptz377bwb8/1,2026-09-26,fungi,,,20230712_122911.jpg,,,external_test,folder-mapped(paper-T1+visual),CC BY 4.0,0,0,1
central_java,v1,https://data.mendeley.com/datasets/ptz377bwb8/1,2026-09-26,fungi,,,20230712_123048.jpg,,,external_test,folder-mapped(paper-T1+visual),CC BY 4.0,0,0,1
central_java,v1,https://data.mendeley.com/datasets/ptz377bwb8/1,2026-09-26,fungi,,,20230712_123052.jpg,,,external_test,folder-mapped(paper-T1+visual),CC BY 4.0,0,0,1
central_java,v1,https://data.mendeley.com/datasets/ptz377bwb8/1,2026-09-26,fungi,,,20230712_123147.jpg,,,external_test,folder-mapped(paper-T1+visual),CC BY 4.0,0,0,1
central_java,v1,https://data.mendeley.com/datasets/ptz377bwb8/1,2026-09-26,fungi,,,20230712_123306.jpg,,,external_test,folder-mapped(paper-T1+visual),CC BY 4.0,0,0,1
central_java,v1,https://data.mendeley.com/datasets/ptz377bwb8/1,2026-09-26,fungi,,,20230712_123313.jpg,,,external_test,folder-mapped(paper-T1+visual),CC BY 4.0,0,0,1
central_java,v1,https://data.mendeley.com/datasets/ptz377bwb8/1,2026-09-26,fungi,,,20230712_123544.jpg,,,external_test,folder-mapped(paper-T1+visual),CC BY 4.0,0,0,1
central_java,v1,https://data.mendeley.com/datasets/ptz377bwb8/1,2026-09-26,fungi,,,20230712_123606.jpg,,,external_test,folder-mapped(paper-T1+visual),CC BY 4.0,0,0,1
central_java,v1,https://data.mendeley.com/datasets/ptz377bwb8/1,2026-09-26,fungi,,,20230712_132136.jpg,,,external_test,folder-mapped(paper-T1+visual),CC BY 4.0,0,0,1
central_java,v1,https://data.mendeley.com/datasets/ptz377bwb8/1,2026-09-26,fungi,,,20230712_150034.jpg,,,external_test,folder-mapped(paper-T1+visual),CC BY 4.0,0,0,1
central_java,v1,https://data.mendeley.com/datasets/ptz377bwb8/1,2026-09-26,fungi,,,20230712_150155.jpg,,,external_test,folder-mapped(paper-T1+visual),CC BY 4.0,0,0,1
central_java,v1,https://data.mendeley.com/datasets/ptz377bwb8/1,2026-09-26,fungi,,,20230712_150159.jpg,,,external_test,folder-mapped(paper-T1+visual),CC BY 4.0,0,0,1
central_java,v1,https://data.mendeley.com/datasets/ptz377bwb8/1,2026-09-26,fungi,,,20230712_150330.jpg,,,external_test,folder-mapped(paper-T1+visual),CC BY 4.0,0,0,1
central_java,v1,https://data.mendeley.com/datasets/ptz377bwb8/1,2026-09-26,fungi,,,20230712_153941.jpg,,,external_test,folder-mapped(paper-T1+visual),CC BY 4.0,0,0,1
central_java,v1,https://data.mendeley.com/datasets/ptz377bwb8/1,2026-09-26,fungi,,,20230712_153943.jpg,,,external_test,folder-mapped(paper-T1+visual),CC BY 4.0,0,0,1
central_java,v1,https://data.mendeley.com/datasets/ptz377bwb8/1,2026-09-26,fungi,,,20230712_153956.jpg,,,external_test,folder-mapped(paper-T1+visual),CC BY 4.0,0,0,1
central_java,v1,https://data.mendeley.com/datasets/ptz377bwb8/1,2026-09-26,fungi,,,20230712_154021.jpg,,,external_test,folder-mapped(paper-T1+visual),CC BY 4.0,0,0,1
central_java,v1,https://data.mendeley.com/datasets/ptz377bwb8/1,2026-09-26,fungi,,,20230712_154218.jpg,,,external_test,folder-mapped(paper-T1+visual),CC BY 4.0,0,0,1
central_java,v1,https://data.mendeley.com/datasets/ptz377bwb8/1,2026-09-26,fungi,,,20230712_154242.jpg,,,external_test,folder-mapped(paper-T1+visual),CC BY 4.0,0,0,1
central_java,v1,https://data.mendeley.com/datasets/ptz377bwb8/1,2026-09-26,fungi,,,20230712_154301.jpg,,,external_test,folder-mapped(paper-T1+visual),CC BY 4.0,0,0,1
central_java,v1,https://data.mendeley.com/datasets/ptz377bwb8/1,2026-09-26,fungi,,,20230712_154629.jpg,,,external_test,folder-mapped(paper-T1+visual),CC BY 4.0,0,0,1
central_java,v1,https://data.mendeley.com/datasets/ptz377bwb8/1,2026-09-26,fungi,,,20230712_154633.jpg,,,external_test,folder-mapped(paper-T1+visual),CC BY 4.0,0,0,1
central_java,v1,https://data.mendeley.com/datasets/ptz377bwb8/1,2026-09-26,fungi,,,20230712_154637.jpg,,,external_test,folder-mapped(paper-T1+visual),CC BY 4.0,0,0,1
central_java,v1,https://data.mendeley.com/datasets/ptz377bwb8/1,2026-09-26,fungi,,,20230712_154837.jpg,,,external_test,folder-mapped(paper-T1+visual),CC BY 4.0,0,0,1
central_java,v1,https://data.mendeley.com/datasets/ptz377bwb8/1,2026-09-26,fungi,,,20230712_155134.jpg,,,external_test,folder-mapped(paper-T1+visual),CC BY 4.0,0,0,1
central_java,v1,https://data.mendeley.com/datasets/ptz377bwb8/1,2026-09-26,fungi,,,20230712_155137.jpg,,,external_test,folder-mapped(paper-T1+visual),CC BY 4.0,0,0,1
central_java,v1,https://data.mendeley.com/datasets/ptz377bwb8/1,2026-09-26,fungi,,,20230712_155333.jpg,,,external_test,folder-mapped(paper-T1+visual),CC BY 4.0,0,0,1
central_java,v1,https://data.mendeley.com/datasets/ptz377bwb8/1,2026-09-26,fungi,,,20230712_155536.jpg,,,external_test,folder-mapped(paper-T1+visual),CC BY 4.0,0,0,1
central_java,v1,https://data.mendeley.com/datasets/ptz377bwb8/1,2026-09-26,fungi,,,20230712_155554.jpg,,,external_test,folder-mapped(paper-T1+visual),CC BY 4.0,0,0,1
central_java,v1,https://data.mendeley.com/datasets/ptz377bwb8/1,2026-09-26,fungi,,,20230712_155655.jpg,,,external_test,folder-mapped(paper-T1+visual),CC BY 4.0,0,0,1
central_java,v1,https://data.mendeley.com/datasets/ptz377bwb8/1,2026-09-26,fungi,,,20230712_155710.jpg,,,external_test,folder-mapped(paper-T1+visual),CC BY 4.0,0,0,1
central_java,v1,https://data.mendeley.com/datasets/ptz377bwb8/1,2026-09-26,fungi,,,20230712_155715.jpg,,,external_test,folder-mapped(paper-T1+visual),CC BY 4.0,0,0,1
central_java,v1,https://data.mendeley.com/datasets/ptz377bwb8/1,2026-09-26,fungi,,,20230712_155724.jpg,,,external_test,folder-mapped(paper-T1+visual),CC BY 4.0,0,0,1
central_java,v1,https://data.mendeley.com/datasets/ptz377bwb8/1,2026-09-26,fungi,,,20230712_155729.jpg,,,external_test,folder-mapped(paper-T1+visual),CC BY 4.0,0,0,1
central_java,v1,https://data.mendeley.com/datasets/ptz377bwb8/1,2026-09-26,fungi,,,20230712_155954.jpg,,,external_test,folder-mapped(paper-T1+visual),CC BY 4.0,0,0,1
central_java,v1,https://data.mendeley.com/datasets/ptz377bwb8/1,2026-09-26,fungi,,,20230712_160026.jpg,,,external_test,folder-mapped(paper-T1+visual),CC BY 4.0,0,0,1
central_java,v1,https://data.mendeley.com/datasets/ptz377bwb8/1,2026-09-26,fungi,,,20230712_160035.jpg,,,external_test,folder-mapped(paper-T1+visual),CC BY 4.0,0,0,1
central_java,v1,https://data.mendeley.com/datasets/ptz377bwb8/1,2026-09-26,fungi,,,20230712_160046.jpg,,,external_test,folder-mapped(paper-T1+visual),CC BY 4.0,0,0,1
central_java,v1,https://data.mendeley.com/datasets/ptz377bwb8/1,2026-09-26,fungi,,,20230712_160234.jpg,,,external_test,folder-mapped(paper-T1+visual),CC BY 4.0,0,0,1
central_java,v1,https://data.mendeley.com/datasets/ptz377bwb8/1,2026-09-26,fungi,,,20230712_160906.jpg,,,external_test,folder-mapped(paper-T1+visual),CC BY 4.0,0,0,1
central_java,v1,https://data.mendeley.com/datasets/ptz377bwb8/1,2026-09-26,fungi,,,20230802_104815324.jpg,,,external_test,folder-mapped(paper-T1+visual),CC BY 4.0,0,0,1
central_java,v1,https://data.mendeley.com/datasets/ptz377bwb8/1,2026-09-26,fungi,,,20230802_104832057.jpg,,,external_test,folder-mapped(paper-T1+visual),CC BY 4.0,0,0,1
central_java,v1,https://data.mendeley.com/datasets/ptz377bwb8/1,2026-09-26,fungi,,,20230802_104926298.jpg,,,external_test,folder-mapped(paper-T1+visual),CC BY 4.0,0,0,1
central_java,v1,https://data.mendeley.com/datasets/ptz377bwb8/1,2026-09-26,fungi,,,20230802_105327.jpg,,,external_test,folder-mapped(paper-T1+visual),CC BY 4.0,0,0,1
central_java,v1,https://data.mendeley.com/datasets/ptz377bwb8/1,2026-09-26,fungi,,,20230802_105357.jpg,,,external_test,folder-mapped(paper-T1+visual),CC BY 4.0,0,0,1
central_java,v1,https://data.mendeley.com/datasets/ptz377bwb8/1,2026-09-26,fungi,,,20230802_105407.jpg,,,external_test,folder-mapped(paper-T1+visual),CC BY 4.0,0,0,1
central_java,v1,https://data.mendeley.com/datasets/ptz377bwb8/1,2026-09-26,fungi,,,20230802_105454.jpg,,,external_test,folder-mapped(paper-T1+visual),CC BY 4.0,0,0,1
central_java,v1,https://data.mendeley.com/datasets/ptz377bwb8/1,2026-09-26,fungi,,,20230802_105507586.jpg,,,external_test,folder-mapped(paper-T1+visual),CC BY 4.0,0,0,1
central_java,v1,https://data.mendeley.com/datasets/ptz377bwb8/1,2026-09-26,fungi,,,20230802_105508.jpg,,,external_test,folder-mapped(paper-T1+visual),CC BY 4.0,0,0,1
central_java,v1,https://data.mendeley.com/datasets/ptz377bwb8/1,2026-09-26,fungi,,,20230802_105518694.jpg,,,external_test,folder-mapped(paper-T1+visual),CC BY 4.0,0,0,1
central_java,v1,https://data.mendeley.com/datasets/ptz377bwb8/1,2026-09-26,fungi,,,20230802_105530853.jpg,,,external_test,folder-mapped(paper-T1+visual),CC BY 4.0,0,0,1
central_java,v1,https://data.mendeley.com/datasets/ptz377bwb8/1,2026-09-26,fungi,,,20230802_105545902.jpg,,,external_test,folder-mapped(paper-T1+visual),CC BY 4.0,0,0,1
central_java,v1,https://data.mendeley.com/datasets/ptz377bwb8/1,2026-09-26,fungi,,,20230802_105548.jpg,,,external_test,folder-mapped(paper-T1+visual),CC BY 4.0,0,0,1
central_java,v1,https://data.mendeley.com/datasets/ptz377bwb8/1,2026-09-26,fungi,,,20230802_105548597.jpg,,,external_test,folder-mapped(paper-T1+visual),CC BY 4.0,0,0,1
central_java,v1,https://data.mendeley.com/datasets/ptz377bwb8/1,2026-09-26,fungi,,,20230802_105558.jpg,,,external_test,folder-mapped(paper-T1+visual),CC BY 4.0,0,0,1
central_java,v1,https://data.mendeley.com/datasets/ptz377bwb8/1,2026-09-26,fungi,,,20230802_105604486.jpg,,,external_test,folder-mapped(paper-T1+visual),CC BY 4.0,0,0,1
central_java,v1,https://data.mendeley.com/datasets/ptz377bwb8/1,2026-09-26,fungi,,,20230802_105613.jpg,,,external_test,folder-mapped(paper-T1+visual),CC BY 4.0,0,0,1
central_java,v1,https://data.mendeley.com/datasets/ptz377bwb8/1,2026-09-26,fungi,,,20230802_105621.jpg,,,external_test,folder-mapped(paper-T1+visual),CC BY 4.0,0,0,1
central_java,v1,https://data.mendeley.com/datasets/ptz377bwb8/1,2026-09-26,fungi,,,20230802_105706.jpg,,,external_test,folder-mapped(paper-T1+visual),CC BY 4.0,0,0,1
central_java,v1,https://data.mendeley.com/datasets/ptz377bwb8/1,2026-09-26,fungi,,,20230802_105722.jpg,,,external_test,folder-mapped(paper-T1+visual),CC BY 4.0,0,0,1
central_java,v1,https://data.mendeley.com/datasets/ptz377bwb8/1,2026-09-26,fungi,,,20230802_105747.jpg,,,external_test,folder-mapped(paper-T1+visual),CC BY 4.0,0,0,1
central_java,v1,https://data.mendeley.com/datasets/ptz377bwb8/1,2026-09-26,fungi,,,20230802_105804.jpg,,,external_test,folder-mapped(paper-T1+visual),CC BY 4.0,0,0,1
central_java,v1,https://data.mendeley.com/datasets/ptz377bwb8/1,2026-09-26,fungi,,,20230802_105824.jpg,,,external_test,folder-mapped(paper-T1+visual),CC BY 4.0,0,0,1
central_java,v1,https://data.mendeley.com/datasets/ptz377bwb8/1,2026-09-26,fungi,,,20230802_105838.jpg,,,external_test,folder-mapped(paper-T1+visual),CC BY 4.0,0,0,1
central_java,v1,https://data.mendeley.com/datasets/ptz377bwb8/1,2026-09-26,fungi,,,20230802_105848.jpg,,,external_test,folder-mapped(paper-T1+visual),CC BY 4.0,0,0,1
central_java,v1,https://data.mendeley.com/datasets/ptz377bwb8/1,2026-09-26,fungi,,,20230802_105858781.jpg,,,external_test,folder-mapped(paper-T1+visual),CC BY 4.0,0,0,1
central_java,v1,https://data.mendeley.com/datasets/ptz377bwb8/1,2026-09-26,fungi,,,20230802_105900.jpg,,,external_test,folder-mapped(paper-T1+visual),CC BY 4.0,0,0,1
central_java,v1,https://data.mendeley.com/datasets/ptz377bwb8/1,2026-09-26,fungi,,,20230802_105912793.jpg,,,external_test,folder-mapped(paper-T1+visual),CC BY 4.0,0,0,1
central_java,v1,https://data.mendeley.com/datasets/ptz377bwb8/1,2026-09-26,fungi,,,20230802_105914.jpg,,,external_test,folder-mapped(paper-T1+visual),CC BY 4.0,0,0,1
central_java,v1,https://data.mendeley.com/datasets/ptz377bwb8/1,2026-09-26,fungi,,,20230802_105917183.jpg,,,external_test,folder-mapped(paper-T1+visual),CC BY 4.0,0,0,1
central_java,v1,https://data.mendeley.com/datasets/ptz377bwb8/1,2026-09-26,fungi,,,20230802_105929.jpg,,,external_test,folder-mapped(paper-T1+visual),CC BY 4.0,0,0,1
central_java,v1,https://data.mendeley.com/datasets/ptz377bwb8/1,2026-09-26,fungi,,,20230802_110015.jpg,,,external_test,folder-mapped(paper-T1+visual),CC BY 4.0,0,0,1
central_java,v1,https://data.mendeley.com/datasets/ptz377bwb8/1,2026-09-26,fungi,,,20230802_110025.jpg,,,external_test,folder-mapped(paper-T1+visual),CC BY 4.0,0,0,1
central_java,v1,https://data.mendeley.com/datasets/ptz377bwb8/1,2026-09-26,fungi,,,20230802_110032879.jpg,,,external_test,folder-mapped(paper-T1+visual),CC BY 4.0,0,0,1
central_java,v1,https://data.mendeley.com/datasets/ptz377bwb8/1,2026-09-26,fungi,,,20230802_110035.jpg,,,external_test,folder-mapped(paper-T1+visual),CC BY 4.0,0,0,1
central_java,v1,https://data.mendeley.com/datasets/ptz377bwb8/1,2026-09-26,fungi,,,20230802_110038.jpg,,,external_test,folder-mapped(paper-T1+visual),CC BY 4.0,0,0,1
central_java,v1,https://data.mendeley.com/datasets/ptz377bwb8/1,2026-09-26,fungi,,,20230802_110059.jpg,,,external_test,folder-mapped(paper-T1+visual),CC BY 4.0,0,0,1
central_java,v1,https://data.mendeley.com/datasets/ptz377bwb8/1,2026-09-26,fungi,,,20230802_110105.jpg,,,external_test,folder-mapped(paper-T1+visual),CC BY 4.0,0,0,1
central_java,v1,https://data.mendeley.com/datasets/ptz377bwb8/1,2026-09-26,fungi,,,20230802_110125.jpg,,,external_test,folder-mapped(paper-T1+visual),CC BY 4.0,0,0,1
central_java,v1,https://data.mendeley.com/datasets/ptz377bwb8/1,2026-09-26,fungi,,,20230802_110129620.jpg,,,external_test,folder-mapped(paper-T1+visual),CC BY 4.0,0,0,1
central_java,v1,https://data.mendeley.com/datasets/ptz377bwb8/1,2026-09-26,fungi,,,20230802_110138011.jpg,,,external_test,folder-mapped(paper-T1+visual),CC BY 4.0,0,0,1
central_java,v1,https://data.mendeley.com/datasets/ptz377bwb8/1,2026-09-26,fungi,,,20230802_110149.jpg,,,external_test,folder-mapped(paper-T1+visual),CC BY 4.0,0,0,1
central_java,v1,https://data.mendeley.com/datasets/ptz377bwb8/1,2026-09-26,fungi,,,20230802_110219.jpg,,,external_test,folder-mapped(paper-T1+visual),CC BY 4.0,0,0,1
central_java,v1,https://data.mendeley.com/datasets/ptz377bwb8/1,2026-09-26,fungi,,,20230802_110331.jpg,,,external_test,folder-mapped(paper-T1+visual),CC BY 4.0,0,0,1
central_java,v1,https://data.mendeley.com/datasets/ptz377bwb8/1,2026-09-26,fungi,,,20230802_110338.jpg,,,external_test,folder-mapped(paper-T1+visual),CC BY 4.0,0,0,1
central_java,v1,https://data.mendeley.com/datasets/ptz377bwb8/1,2026-09-26,fungi,,,20230802_110417099.jpg,,,external_test,folder-mapped(paper-T1+visual),CC BY 4.0,0,0,1
central_java,v1,https://data.mendeley.com/datasets/ptz377bwb8/1,2026-09-26,fungi,,,20230802_110422.jpg,,,external_test,folder-mapped(paper-T1+visual),CC BY 4.0,0,0,1
central_java,v1,https://data.mendeley.com/datasets/ptz377bwb8/1,2026-09-26,fungi,,,20230802_110505.jpg,,,external_test,folder-mapped(paper-T1+visual),CC BY 4.0,0,0,1
central_java,v1,https://data.mendeley.com/datasets/ptz377bwb8/1,2026-09-26,fungi,,,20230802_110518.jpg,,,external_test,folder-mapped(paper-T1+visual),CC BY 4.0,0,0,1
central_java,v1,https://data.mendeley.com/datasets/ptz377bwb8/1,2026-09-26,fungi,,,20230802_110528056.jpg,,,external_test,folder-mapped(paper-T1+visual),CC BY 4.0,0,0,1
central_java,v1,https://data.mendeley.com/datasets/ptz377bwb8/1,2026-09-26,fungi,,,20230802_110532.jpg,,,external_test,folder-mapped(paper-T1+visual),CC BY 4.0,0,0,1
central_java,v1,https://data.mendeley.com/datasets/ptz377bwb8/1,2026-09-26,fungi,,,20230802_110636.jpg,,,external_test,folder-mapped(paper-T1+visual),CC BY 4.0,0,0,1
central_java,v1,https://data.mendeley.com/datasets/ptz377bwb8/1,2026-09-26,fungi,,,20230802_110640.jpg,,,external_test,folder-mapped(paper-T1+visual),CC BY 4.0,0,0,1
central_java,v1,https://data.mendeley.com/datasets/ptz377bwb8/1,2026-09-26,fungi,,,20230802_110716.jpg,,,external_test,folder-mapped(paper-T1+visual),CC BY 4.0,0,0,1
central_java,v1,https://data.mendeley.com/datasets/ptz377bwb8/1,2026-09-26,fungi,,,20230802_110718.jpg,,,external_test,folder-mapped(paper-T1+visual),CC BY 4.0,0,0,1
central_java,v1,https://data.mendeley.com/datasets/ptz377bwb8/1,2026-09-26,fungi,,,20230802_110758.jpg,,,external_test,folder-mapped(paper-T1+visual),CC BY 4.0,0,0,1
central_java,v1,https://data.mendeley.com/datasets/ptz377bwb8/1,2026-09-26,fungi,,,20230802_110812.jpg,,,external_test,folder-mapped(paper-T1+visual),CC BY 4.0,0,0,1
central_java,v1,https://data.mendeley.com/datasets/ptz377bwb8/1,2026-09-26,fungi,,,20230802_110822.jpg,,,external_test,folder-mapped(paper-T1+visual),CC BY 4.0,0,0,1
central_java,v1,https://data.mendeley.com/datasets/ptz377bwb8/1,2026-09-26,fungi,,,20230802_110831.jpg,,,external_test,folder-mapped(paper-T1+visual),CC BY 4.0,0,0,1
central_java,v1,https://data.mendeley.com/datasets/ptz377bwb8/1,2026-09-26,fungi,,,20230802_110855185.jpg,,,external_test,folder-mapped(paper-T1+visual),CC BY 4.0,0,0,1
central_java,v1,https://data.mendeley.com/datasets/ptz377bwb8/1,2026-09-26,fungi,,,20230802_110907.jpg,,,external_test,folder-mapped(paper-T1+visual),CC BY 4.0,0,0,1
central_java,v1,https://data.mendeley.com/datasets/ptz377bwb8/1,2026-09-26,fungi,,,20230802_110922671.jpg,,,external_test,folder-mapped(paper-T1+visual),CC BY 4.0,0,0,1
central_java,v1,https://data.mendeley.com/datasets/ptz377bwb8/1,2026-09-26,fungi,,,20230802_110928786.jpg,,,external_test,folder-mapped(paper-T1+visual),CC BY 4.0,0,0,1
central_java,v1,https://data.mendeley.com/datasets/ptz377bwb8/1,2026-09-26,fungi,,,20230802_110934707.jpg,,,external_test,folder-mapped(paper-T1+visual),CC BY 4.0,0,0,1
central_java,v1,https://data.mendeley.com/datasets/ptz377bwb8/1,2026-09-26,fungi,,,20230802_110942974.jpg,,,external_test,folder-mapped(paper-T1+visual),CC BY 4.0,0,0,1
central_java,v1,https://data.mendeley.com/datasets/ptz377bwb8/1,2026-09-26,fungi,,,20230802_110949476.jpg,,,external_test,folder-mapped(paper-T1+visual),CC BY 4.0,0,0,1
central_java,v1,https://data.mendeley.com/datasets/ptz377bwb8/1,2026-09-26,fungi,,,20230802_110957239.jpg,,,external_test,folder-mapped(paper-T1+visual),CC BY 4.0,0,0,1
central_java,v1,https://data.mendeley.com/datasets/ptz377bwb8/1,2026-09-26,fungi,,,20230802_111032.jpg,,,external_test,folder-mapped(paper-T1+visual),CC BY 4.0,0,0,1
central_java,v1,https://data.mendeley.com/datasets/ptz377bwb8/1,2026-09-26,fungi,,,20230802_111100.jpg,,,external_test,folder-mapped(paper-T1+visual),CC BY 4.0,0,0,1
central_java,v1,https://data.mendeley.com/datasets/ptz377bwb8/1,2026-09-26,fungi,,,20230802_111253263.jpg,,,external_test,folder-mapped(paper-T1+visual),CC BY 4.0,0,0,1
central_java,v1,https://data.mendeley.com/datasets/ptz377bwb8/1,2026-09-26,fungi,,,20230802_111302559.jpg,,,external_test,folder-mapped(paper-T1+visual),CC BY 4.0,0,0,1
central_java,v1,https://data.mendeley.com/datasets/ptz377bwb8/1,2026-09-26,fungi,,,20230802_111320.jpg,,,external_test,folder-mapped(paper-T1+visual),CC BY 4.0,0,0,1
central_java,v1,https://data.mendeley.com/datasets/ptz377bwb8/1,2026-09-26,fungi,,,20230802_111326036.jpg,,,external_test,folder-mapped(paper-T1+visual),CC BY 4.0,0,0,1
central_java,v1,https://data.mendeley.com/datasets/ptz377bwb8/1,2026-09-26,fungi,,,20230802_111351.jpg,,,external_test,folder-mapped(paper-T1+visual),CC BY 4.0,0,0,1
central_java,v1,https://data.mendeley.com/datasets/ptz377bwb8/1,2026-09-26,fungi,,,20230802_111439410.jpg,,,external_test,folder-mapped(paper-T1+visual),CC BY 4.0,0,0,1
central_java,v1,https://data.mendeley.com/datasets/ptz377bwb8/1,2026-09-26,fungi,,,20230802_111450833.jpg,,,external_test,folder-mapped(paper-T1+visual),CC BY 4.0,0,0,1
central_java,v1,https://data.mendeley.com/datasets/ptz377bwb8/1,2026-09-26,fungi,,,20230802_111458829.jpg,,,external_test,folder-mapped(paper-T1+visual),CC BY 4.0,0,0,1
central_java,v1,https://data.mendeley.com/datasets/ptz377bwb8/1,2026-09-26,fungi,,,20230802_111513957.jpg,,,external_test,folder-mapped(paper-T1+visual),CC BY 4.0,0,0,1
central_java,v1,https://data.mendeley.com/datasets/ptz377bwb8/1,2026-09-26,fungi,,,20230802_111537860.jpg,,,external_test,folder-mapped(paper-T1+visual),CC BY 4.0,0,0,1
central_java,v1,https://data.mendeley.com/datasets/ptz377bwb8/1,2026-09-26,fungi,,,20230802_111557156.jpg,,,external_test,folder-mapped(paper-T1+visual),CC BY 4.0,0,0,1
central_java,v1,https://data.mendeley.com/datasets/ptz377bwb8/1,2026-09-26,fungi,,,20230802_111602067.jpg,,,external_test,folder-mapped(paper-T1+visual),CC BY 4.0,0,0,1
central_java,v1,https://data.mendeley.com/datasets/ptz377bwb8/1,2026-09-26,fungi,,,20230802_111604999.jpg,,,external_test,folder-mapped(paper-T1+visual),CC BY 4.0,0,0,1
central_java,v1,https://data.mendeley.com/datasets/ptz377bwb8/1,2026-09-26,fungi,,,20230802_111623598.jpg,,,external_test,folder-mapped(paper-T1+visual),CC BY 4.0,0,0,1
central_java,v1,https://data.mendeley.com/datasets/ptz377bwb8/1,2026-09-26,fungi,,,20230802_111657.jpg,,,external_test,folder-mapped(paper-T1+visual),CC BY 4.0,0,0,1
central_java,v1,https://data.mendeley.com/datasets/ptz377bwb8/1,2026-09-26,fungi,,,20230802_111659166.jpg,,,external_test,folder-mapped(paper-T1+visual),CC BY 4.0,0,0,1
central_java,v1,https://data.mendeley.com/datasets/ptz377bwb8/1,2026-09-26,fungi,,,20230802_111715.jpg,,,external_test,folder-mapped(paper-T1+visual),CC BY 4.0,0,0,1
central_java,v1,https://data.mendeley.com/datasets/ptz377bwb8/1,2026-09-26,fungi,,,20230802_111731195.jpg,,,external_test,folder-mapped(paper-T1+visual),CC BY 4.0,0,0,1
central_java,v1,https://data.mendeley.com/datasets/ptz377bwb8/1,2026-09-26,fungi,,,20230802_111741.jpg,,,external_test,folder-mapped(paper-T1+visual),CC BY 4.0,0,0,1
central_java,v1,https://data.mendeley.com/datasets/ptz377bwb8/1,2026-09-26,fungi,,,20230802_111747394.jpg,,,external_test,folder-mapped(paper-T1+visual),CC BY 4.0,0,0,1
central_java,v1,https://data.mendeley.com/datasets/ptz377bwb8/1,2026-09-26,fungi,,,20230802_111812401.jpg,,,external_test,folder-mapped(paper-T1+visual),CC BY 4.0,0,0,1
central_java,v1,https://data.mendeley.com/datasets/ptz377bwb8/1,2026-09-26,fungi,,,20230802_111815.jpg,,,external_test,folder-mapped(paper-T1+visual),CC BY 4.0,0,0,1
central_java,v1,https://data.mendeley.com/datasets/ptz377bwb8/1,2026-09-26,fungi,,,20230802_111817827.jpg,,,external_test,folder-mapped(paper-T1+visual),CC BY 4.0,0,0,1
central_java,v1,https://data.mendeley.com/datasets/ptz377bwb8/1,2026-09-26,fungi,,,20230802_111824.jpg,,,external_test,folder-mapped(paper-T1+visual),CC BY 4.0,0,0,1
central_java,v1,https://data.mendeley.com/datasets/ptz377bwb8/1,2026-09-26,fungi,,,20230802_111836.jpg,,,external_test,folder-mapped(paper-T1+visual),CC BY 4.0,0,0,1
central_java,v1,https://data.mendeley.com/datasets/ptz377bwb8/1,2026-09-26,fungi,,,20230802_111840.jpg,,,external_test,folder-mapped(paper-T1+visual),CC BY 4.0,0,0,1
central_java,v1,https://data.mendeley.com/datasets/ptz377bwb8/1,2026-09-26,fungi,,,20230802_111840203.jpg,,,external_test,folder-mapped(paper-T1+visual),CC BY 4.0,0,0,1
central_java,v1,https://data.mendeley.com/datasets/ptz377bwb8/1,2026-09-26,fungi,,,20230802_111842612.jpg,,,external_test,folder-mapped(paper-T1+visual),CC BY 4.0,0,0,1
central_java,v1,https://data.mendeley.com/datasets/ptz377bwb8/1,2026-09-26,fungi,,,20230802_111845284.jpg,,,external_test,folder-mapped(paper-T1+visual),CC BY 4.0,0,0,1
central_java,v1,https://data.mendeley.com/datasets/ptz377bwb8/1,2026-09-26,fungi,,,20230802_111847.jpg,,,external_test,folder-mapped(paper-T1+visual),CC BY 4.0,0,0,1
central_java,v1,https://data.mendeley.com/datasets/ptz377bwb8/1,2026-09-26,fungi,,,20230802_111913.jpg,,,external_test,folder-mapped(paper-T1+visual),CC BY 4.0,0,0,1
central_java,v1,https://data.mendeley.com/datasets/ptz377bwb8/1,2026-09-26,fungi,,,20230802_111921.jpg,,,external_test,folder-mapped(paper-T1+visual),CC BY 4.0,0,0,1
central_java,v1,https://data.mendeley.com/datasets/ptz377bwb8/1,2026-09-26,fungi,,,20230802_112024.jpg,,,external_test,folder-mapped(paper-T1+visual),CC BY 4.0,0,0,1
central_java,v1,https://data.mendeley.com/datasets/ptz377bwb8/1,2026-09-26,fungi,,,20230802_112029612.jpg,,,external_test,folder-mapped(paper-T1+visual),CC BY 4.0,0,0,1
central_java,v1,https://data.mendeley.com/datasets/ptz377bwb8/1,2026-09-26,fungi,,,20230802_112040679.jpg,,,external_test,folder-mapped(paper-T1+visual),CC BY 4.0,0,0,1
central_java,v1,https://data.mendeley.com/datasets/ptz377bwb8/1,2026-09-26,fungi,,,20230802_112133191.jpg,,,external_test,folder-mapped(paper-T1+visual),CC BY 4.0,0,0,1
central_java,v1,https://data.mendeley.com/datasets/ptz377bwb8/1,2026-09-26,fungi,,,20230802_112205273.jpg,,,external_test,folder-mapped(paper-T1+visual),CC BY 4.0,0,0,1
central_java,v1,https://data.mendeley.com/datasets/ptz377bwb8/1,2026-09-26,fungi,,,20230802_112209100.jpg,,,external_test,folder-mapped(paper-T1+visual),CC BY 4.0,0,0,1
central_java,v1,https://data.mendeley.com/datasets/ptz377bwb8/1,2026-09-26,fungi,,,20230802_112308063.jpg,,,external_test,folder-mapped(paper-T1+visual),CC BY 4.0,0,0,1
central_java,v1,https://data.mendeley.com/datasets/ptz377bwb8/1,2026-09-26,fungi,,,20230802_112313954.jpg,,,external_test,folder-mapped(paper-T1+visual),CC BY 4.0,0,0,1
central_java,v1,https://data.mendeley.com/datasets/ptz377bwb8/1,2026-09-26,fungi,,,20230802_112332586.jpg,,,external_test,folder-mapped(paper-T1+visual),CC BY 4.0,0,0,1
central_java,v1,https://data.mendeley.com/datasets/ptz377bwb8/1,2026-09-26,fungi,,,20230802_112343452.jpg,,,external_test,folder-mapped(paper-T1+visual),CC BY 4.0,0,0,1
central_java,v1,https://data.mendeley.com/datasets/ptz377bwb8/1,2026-09-26,fungi,,,20230802_112729.jpg,,,external_test,folder-mapped(paper-T1+visual),CC BY 4.0,0,0,1
central_java,v1,https://data.mendeley.com/datasets/ptz377bwb8/1,2026-09-26,fungi,,,20230802_112831658.jpg,,,external_test,folder-mapped(paper-T1+visual),CC BY 4.0,0,0,1
central_java,v1,https://data.mendeley.com/datasets/ptz377bwb8/1,2026-09-26,fungi,,,20230802_112904185.jpg,,,external_test,folder-mapped(paper-T1+visual),CC BY 4.0,0,0,1
central_java,v1,https://data.mendeley.com/datasets/ptz377bwb8/1,2026-09-26,fungi,,,20230802_112907.jpg,,,external_test,folder-mapped(paper-T1+visual),CC BY 4.0,0,0,1
central_java,v1,https://data.mendeley.com/datasets/ptz377bwb8/1,2026-09-26,fungi,,,20230802_112919532.jpg,,,external_test,folder-mapped(paper-T1+visual),CC BY 4.0,0,0,1
central_java,v1,https://data.mendeley.com/datasets/ptz377bwb8/1,2026-09-26,fungi,,,20230802_113006.jpg,,,external_test,folder-mapped(paper-T1+visual),CC BY 4.0,0,0,1
central_java,v1,https://data.mendeley.com/datasets/ptz377bwb8/1,2026-09-26,fungi,,,20230802_113011.jpg,,,external_test,folder-mapped(paper-T1+visual),CC BY 4.0,0,0,1
central_java,v1,https://data.mendeley.com/datasets/ptz377bwb8/1,2026-09-26,fungi,,,20230802_113024.jpg,,,external_test,folder-mapped(paper-T1+visual),CC BY 4.0,0,0,1
central_java,v1,https://data.mendeley.com/datasets/ptz377bwb8/1,2026-09-26,fungi,,,20230802_113029.jpg,,,external_test,folder-mapped(paper-T1+visual),CC BY 4.0,0,0,1
central_java,v1,https://data.mendeley.com/datasets/ptz377bwb8/1,2026-09-26,fungi,,,20230802_113031.jpg,,,external_test,folder-mapped(paper-T1+visual),CC BY 4.0,0,0,1
central_java,v1,https://data.mendeley.com/datasets/ptz377bwb8/1,2026-09-26,fungi,,,20230802_113043.jpg,,,external_test,folder-mapped(paper-T1+visual),CC BY 4.0,0,0,1
central_java,v1,https://data.mendeley.com/datasets/ptz377bwb8/1,2026-09-26,fungi,,,20230802_113046.jpg,,,external_test,folder-mapped(paper-T1+visual),CC BY 4.0,0,0,1
central_java,v1,https://data.mendeley.com/datasets/ptz377bwb8/1,2026-09-26,fungi,,,20230802_113050.jpg,,,external_test,folder-mapped(paper-T1+visual),CC BY 4.0,0,0,1
central_java,v1,https://data.mendeley.com/datasets/ptz377bwb8/1,2026-09-26,fungi,,,20230802_113053.jpg,,,external_test,folder-mapped(paper-T1+visual),CC BY 4.0,0,0,1
central_java,v1,https://data.mendeley.com/datasets/ptz377bwb8/1,2026-09-26,fungi,,,20230802_113124667.jpg,,,external_test,folder-mapped(paper-T1+visual),CC BY 4.0,0,0,1
central_java,v1,https://data.mendeley.com/datasets/ptz377bwb8/1,2026-09-26,fungi,,,20230802_113138998.jpg,,,external_test,folder-mapped(paper-T1+visual),CC BY 4.0,0,0,1
central_java,v1,https://data.mendeley.com/datasets/ptz377bwb8/1,2026-09-26,fungi,,,20230802_123439.jpg,,,external_test,folder-mapped(paper-T1+visual),CC BY 4.0,0,0,1
central_java,v1,https://data.mendeley.com/datasets/ptz377bwb8/1,2026-09-26,fungi,,,20230802_124140776.jpg,,,external_test,folder-mapped(paper-T1+visual),CC BY 4.0,0,0,1
central_java,v1,https://data.mendeley.com/datasets/ptz377bwb8/1,2026-09-26,fungi,,,20230802_124340.jpg,,,external_test,folder-mapped(paper-T1+visual),CC BY 4.0,0,0,1
central_java,v1,https://data.mendeley.com/datasets/ptz377bwb8/1,2026-09-26,fungi,,,20230802_124619.jpg,,,external_test,folder-mapped(paper-T1+visual),CC BY 4.0,0,0,1
central_java,v1,https://data.mendeley.com/datasets/ptz377bwb8/1,2026-09-26,fungi,,,20230802_124804236.jpg,,,external_test,folder-mapped(paper-T1+visual),CC BY 4.0,0,0,1
central_java,v1,https://data.mendeley.com/datasets/ptz377bwb8/1,2026-09-26,fungi,,,20230802_130230.jpg,,,external_test,folder-mapped(paper-T1+visual),CC BY 4.0,0,0,1
central_java,v1,https://data.mendeley.com/datasets/ptz377bwb8/1,2026-09-26,fungi,,,20230815_111640.jpg,,,external_test,folder-mapped(paper-T1+visual),CC BY 4.0,0,0,1
central_java,v1,https://data.mendeley.com/datasets/ptz377bwb8/1,2026-09-26,fungi,,,20230815_112230.jpg,,,external_test,folder-mapped(paper-T1+visual),CC BY 4.0,0,0,1
central_java,v1,https://data.mendeley.com/datasets/ptz377bwb8/1,2026-09-26,fungi,,,20230815_112251.jpg,,,external_test,folder-mapped(paper-T1+visual),CC BY 4.0,0,0,1
central_java,v1,https://data.mendeley.com/datasets/ptz377bwb8/1,2026-09-26,fungi,,,20230815_112259.jpg,,,external_test,folder-mapped(paper-T1+visual),CC BY 4.0,0,0,1
central_java,v1,https://data.mendeley.com/datasets/ptz377bwb8/1,2026-09-26,fungi,,,20230815_112323.jpg,,,external_test,folder-mapped(paper-T1+visual),CC BY 4.0,0,0,1
central_java,v1,https://data.mendeley.com/datasets/ptz377bwb8/1,2026-09-26,fungi,,,20230815_112619.jpg,,,external_test,folder-mapped(paper-T1+visual),CC BY 4.0,0,0,1
central_java,v1,https://data.mendeley.com/datasets/ptz377bwb8/1,2026-09-26,fungi,,,20230815_112844.jpg,,,external_test,folder-mapped(paper-T1+visual),CC BY 4.0,0,0,1
central_java,v1,https://data.mendeley.com/datasets/ptz377bwb8/1,2026-09-26,fungi,,,20230815_113141.jpg,,,external_test,folder-mapped(paper-T1+visual),CC BY 4.0,0,0,1
central_java,v1,https://data.mendeley.com/datasets/ptz377bwb8/1,2026-09-26,fungi,,,20230815_113151.jpg,,,external_test,folder-mapped(paper-T1+visual),CC BY 4.0,0,0,1
central_java,v1,https://data.mendeley.com/datasets/ptz377bwb8/1,2026-09-26,fungi,,,20230815_113236.jpg,,,external_test,folder-mapped(paper-T1+visual),CC BY 4.0,0,0,1
central_java,v1,https://data.mendeley.com/datasets/ptz377bwb8/1,2026-09-26,fungi,,,20230815_113305.jpg,,,external_test,folder-mapped(paper-T1+visual),CC BY 4.0,0,0,1
central_java,v1,https://data.mendeley.com/datasets/ptz377bwb8/1,2026-09-26,fungi,,,20230815_115114.jpg,,,external_test,folder-mapped(paper-T1+visual),CC BY 4.0,0,0,1
central_java,v1,https://data.mendeley.com/datasets/ptz377bwb8/1,2026-09-26,fungi,,,20230815_115923.jpg,,,external_test,folder-mapped(paper-T1+visual),CC BY 4.0,0,0,1
central_java,v1,https://data.mendeley.com/datasets/ptz377bwb8/1,2026-09-26,fungi,,,20230815_121541.jpg,,,external_test,folder-mapped(paper-T1+visual),CC BY 4.0,0,0,1
central_java,v1,https://data.mendeley.com/datasets/ptz377bwb8/1,2026-09-26,fungi,,,20230815_122648.jpg,,,external_test,folder-mapped(paper-T1+visual),CC BY 4.0,0,0,1
central_java,v1,https://data.mendeley.com/datasets/ptz377bwb8/1,2026-09-26,fungi,,,20230815_122701.jpg,,,external_test,folder-mapped(paper-T1+visual),CC BY 4.0,0,0,1
central_java,v1,https://data.mendeley.com/datasets/ptz377bwb8/1,2026-09-26,fungi,,,20230815_123000.jpg,,,external_test,folder-mapped(paper-T1+visual),CC BY 4.0,0,0,1
central_java,v1,https://data.mendeley.com/datasets/ptz377bwb8/1,2026-09-26,fungi,,,20230815_152017.jpg,,,external_test,folder-mapped(paper-T1+visual),CC BY 4.0,0,0,1
central_java,v1,https://data.mendeley.com/datasets/ptz377bwb8/1,2026-09-26,fungi,,,20230816_081918.jpg,,,external_test,folder-mapped(paper-T1+visual),CC BY 4.0,0,0,1
central_java,v1,https://data.mendeley.com/datasets/ptz377bwb8/1,2026-09-26,fungi,,,20230816_083119.jpg,,,external_test,folder-mapped(paper-T1+visual),CC BY 4.0,0,0,1
central_java,v1,https://data.mendeley.com/datasets/ptz377bwb8/1,2026-09-26,fungi,,,20230816_083544.jpg,,,external_test,folder-mapped(paper-T1+visual),CC BY 4.0,0,0,1
central_java,v1,https://data.mendeley.com/datasets/ptz377bwb8/1,2026-09-26,fungi,,,20230816_091648.jpg,,,external_test,folder-mapped(paper-T1+visual),CC BY 4.0,0,0,1
central_java,v1,https://data.mendeley.com/datasets/ptz377bwb8/1,2026-09-26,fungi,,,20230816_114201.jpg,,,external_test,folder-mapped(paper-T1+visual),CC BY 4.0,0,0,1
central_java,v1,https://data.mendeley.com/datasets/ptz377bwb8/1,2026-09-26,fungi,,,20230816_114407.jpg,,,external_test,folder-mapped(paper-T1+visual),CC BY 4.0,0,0,1
central_java,v1,https://data.mendeley.com/datasets/ptz377bwb8/1,2026-09-26,fungi,,,20230816_115131.jpg,,,external_test,folder-mapped(paper-T1+visual),CC BY 4.0,0,0,1
central_java,v1,https://data.mendeley.com/datasets/ptz377bwb8/1,2026-09-26,fungi,,,20230816_120933.jpg,,,external_test,folder-mapped(paper-T1+visual),CC BY 4.0,0,0,1
central_java,v1,https://data.mendeley.com/datasets/ptz377bwb8/1,2026-09-26,fungi,,,20230816_120937.jpg,,,external_test,folder-mapped(paper-T1+visual),CC BY 4.0,0,0,1
central_java,v1,https://data.mendeley.com/datasets/ptz377bwb8/1,2026-09-26,fungi,,,20230816_120944.jpg,,,external_test,folder-mapped(paper-T1+visual),CC BY 4.0,0,0,1
central_java,v1,https://data.mendeley.com/datasets/ptz377bwb8/1,2026-09-26,fungi,,,20230816_121002.jpg,,,external_test,folder-mapped(paper-T1+visual),CC BY 4.0,0,0,1
central_java,v1,https://data.mendeley.com/datasets/ptz377bwb8/1,2026-09-26,fungi,,,20230816_121522.jpg,,,external_test,folder-mapped(paper-T1+visual),CC BY 4.0,0,0,1
central_java,v1,https://data.mendeley.com/datasets/ptz377bwb8/1,2026-09-26,fungi,,,20230816_121527.jpg,,,external_test,folder-mapped(paper-T1+visual),CC BY 4.0,0,0,1
central_java,v1,https://data.mendeley.com/datasets/ptz377bwb8/1,2026-09-26,fungi,,,20230816_121534.jpg,,,external_test,folder-mapped(paper-T1+visual),CC BY 4.0,0,0,1
central_java,v1,https://data.mendeley.com/datasets/ptz377bwb8/1,2026-09-26,fungi,,,20230816_122001.jpg,,,external_test,folder-mapped(paper-T1+visual),CC BY 4.0,0,0,1
central_java,v1,https://data.mendeley.com/datasets/ptz377bwb8/1,2026-09-26,fungi,,,20230816_122009.jpg,,,external_test,folder-mapped(paper-T1+visual),CC BY 4.0,0,0,1
central_java,v1,https://data.mendeley.com/datasets/ptz377bwb8/1,2026-09-26,fungi,,,20230816_122020.jpg,,,external_test,folder-mapped(paper-T1+visual),CC BY 4.0,0,0,1
central_java,v1,https://data.mendeley.com/datasets/ptz377bwb8/1,2026-09-26,fungi,,,20230816_122025.jpg,,,external_test,folder-mapped(paper-T1+visual),CC BY 4.0,0,0,1
central_java,v1,https://data.mendeley.com/datasets/ptz377bwb8/1,2026-09-26,fungi,,,20230816_122418.jpg,,,external_test,folder-mapped(paper-T1+visual),CC BY 4.0,0,0,1
central_java,v1,https://data.mendeley.com/datasets/ptz377bwb8/1,2026-09-26,fungi,,,20230816_122426.jpg,,,external_test,folder-mapped(paper-T1+visual),CC BY 4.0,0,0,1
central_java,v1,https://data.mendeley.com/datasets/ptz377bwb8/1,2026-09-26,fungi,,,20230816_122443.jpg,,,external_test,folder-mapped(paper-T1+visual),CC BY 4.0,0,0,1
central_java,v1,https://data.mendeley.com/datasets/ptz377bwb8/1,2026-09-26,fungi,,,20230816_122456.jpg,,,external_test,folder-mapped(paper-T1+visual),CC BY 4.0,0,0,1
central_java,v1,https://data.mendeley.com/datasets/ptz377bwb8/1,2026-09-26,fungi,,,20230816_122510.jpg,,,external_test,folder-mapped(paper-T1+visual),CC BY 4.0,0,0,1
central_java,v1,https://data.mendeley.com/datasets/ptz377bwb8/1,2026-09-26,fungi,,,20230816_122519.jpg,,,external_test,folder-mapped(paper-T1+visual),CC BY 4.0,0,0,1
central_java,v1,https://data.mendeley.com/datasets/ptz377bwb8/1,2026-09-26,fungi,,,20230816_122701.jpg,,,external_test,folder-mapped(paper-T1+visual),CC BY 4.0,0,0,1
central_java,v1,https://data.mendeley.com/datasets/ptz377bwb8/1,2026-09-26,fungi,,,20230816_122721.jpg,,,external_test,folder-mapped(paper-T1+visual),CC BY 4.0,0,0,1
central_java,v1,https://data.mendeley.com/datasets/ptz377bwb8/1,2026-09-26,fungi,,,20230816_123020.jpg,,,external_test,folder-mapped(paper-T1+visual),CC BY 4.0,0,0,1
central_java,v1,https://data.mendeley.com/datasets/ptz377bwb8/1,2026-09-26,fungi,,,20230816_123029.jpg,,,external_test,folder-mapped(paper-T1+visual),CC BY 4.0,0,0,1
central_java,v1,https://data.mendeley.com/datasets/ptz377bwb8/1,2026-09-26,fungi,,,20230816_123051.jpg,,,external_test,folder-mapped(paper-T1+visual),CC BY 4.0,0,0,1
central_java,v1,https://data.mendeley.com/datasets/ptz377bwb8/1,2026-09-26,fungi,,,20230816_123103.jpg,,,external_test,folder-mapped(paper-T1+visual),CC BY 4.0,0,0,1
central_java,v1,https://data.mendeley.com/datasets/ptz377bwb8/1,2026-09-26,fungi,,,20230816_123310.jpg,,,external_test,folder-mapped(paper-T1+visual),CC BY 4.0,0,0,1
central_java,v1,https://data.mendeley.com/datasets/ptz377bwb8/1,2026-09-26,fungi,,,20230816_123332.jpg,,,external_test,folder-mapped(paper-T1+visual),CC BY 4.0,0,0,1
central_java,v1,https://data.mendeley.com/datasets/ptz377bwb8/1,2026-09-26,fungi,,,20230816_140042.jpg,,,external_test,folder-mapped(paper-T1+visual),CC BY 4.0,0,0,1
central_java,v1,https://data.mendeley.com/datasets/ptz377bwb8/1,2026-09-26,fungi,,,20230816_140642.jpg,,,external_test,folder-mapped(paper-T1+visual),CC BY 4.0,0,0,1
central_java,v1,https://data.mendeley.com/datasets/ptz377bwb8/1,2026-09-26,fungi,,,20230816_143114.jpg,,,external_test,folder-mapped(paper-T1+visual),CC BY 4.0,0,0,1
central_java,v1,https://data.mendeley.com/datasets/ptz377bwb8/1,2026-09-26,fungi,,,20230816_143423.jpg,,,external_test,folder-mapped(paper-T1+visual),CC BY 4.0,0,0,1
central_java,v1,https://data.mendeley.com/datasets/ptz377bwb8/1,2026-09-26,fungi,,,Copy of 20230712_154218.jpg,,,external_test,folder-mapped(paper-T1+visual),CC BY 4.0,0,0,1
central_java,v1,https://data.mendeley.com/datasets/ptz377bwb8/1,2026-09-26,fungi,,,IMG_0121.JPG,,,external_test,folder-mapped(paper-T1+visual),CC BY 4.0,0,0,1
central_java,v1,https://data.mendeley.com/datasets/ptz377bwb8/1,2026-09-26,fungi,,,IMG_0127.JPG,,,external_test,folder-mapped(paper-T1+visual),CC BY 4.0,0,0,1
central_java,v1,https://data.mendeley.com/datasets/ptz377bwb8/1,2026-09-26,fungi,,,IMG_0129.JPG,,,external_test,folder-mapped(paper-T1+visual),CC BY 4.0,0,0,1
central_java,v1,https://data.mendeley.com/datasets/ptz377bwb8/1,2026-09-26,fungi,,,IMG_0130.JPG,,,external_test,folder-mapped(paper-T1+visual),CC BY 4.0,0,0,1
central_java,v1,https://data.mendeley.com/datasets/ptz377bwb8/1,2026-09-26,fungi,,,IMG_0134.JPG,,,external_test,folder-mapped(paper-T1+visual),CC BY 4.0,0,0,1
central_java,v1,https://data.mendeley.com/datasets/ptz377bwb8/1,2026-09-26,fungi,,,IMG_0137.JPG,,,external_test,folder-mapped(paper-T1+visual),CC BY 4.0,0,0,1
central_java,v1,https://data.mendeley.com/datasets/ptz377bwb8/1,2026-09-26,fungi,,,IMG_0140.JPG,,,external_test,folder-mapped(paper-T1+visual),CC BY 4.0,0,0,1
central_java,v1,https://data.mendeley.com/datasets/ptz377bwb8/1,2026-09-26,fungi,,,IMG_0141.JPG,,,external_test,folder-mapped(paper-T1+visual),CC BY 4.0,0,0,1
central_java,v1,https://data.mendeley.com/datasets/ptz377bwb8/1,2026-09-26,fungi,,,IMG_0142.JPG,,,external_test,folder-mapped(paper-T1+visual),CC BY 4.0,0,0,1
central_java,v1,https://data.mendeley.com/datasets/ptz377bwb8/1,2026-09-26,fungi,,,IMG_0143.JPG,,,external_test,folder-mapped(paper-T1+visual),CC BY 4.0,0,0,1
central_java,v1,https://data.mendeley.com/datasets/ptz377bwb8/1,2026-09-26,fungi,,,IMG_0145.JPG,,,external_test,folder-mapped(paper-T1+visual),CC BY 4.0,0,0,1
central_java,v1,https://data.mendeley.com/datasets/ptz377bwb8/1,2026-09-26,fungi,,,IMG_0146.JPG,,,external_test,folder-mapped(paper-T1+visual),CC BY 4.0,0,0,1
central_java,v1,https://data.mendeley.com/datasets/ptz377bwb8/1,2026-09-26,fungi,,,IMG_0147.JPG,,,external_test,folder-mapped(paper-T1+visual),CC BY 4.0,0,0,1
central_java,v1,https://data.mendeley.com/datasets/ptz377bwb8/1,2026-09-26,fungi,,,IMG_0148.JPG,,,external_test,folder-mapped(paper-T1+visual),CC BY 4.0,0,0,1
central_java,v1,https://data.mendeley.com/datasets/ptz377bwb8/1,2026-09-26,fungi,,,IMG_0149.JPG,,,external_test,folder-mapped(paper-T1+visual),CC BY 4.0,0,0,1
central_java,v1,https://data.mendeley.com/datasets/ptz377bwb8/1,2026-09-26,fungi,,,IMG_0150.JPG,,,external_test,folder-mapped(paper-T1+visual),CC BY 4.0,0,0,1
central_java,v1,https://data.mendeley.com/datasets/ptz377bwb8/1,2026-09-26,fungi,,,IMG_0151.JPG,,,external_test,folder-mapped(paper-T1+visual),CC BY 4.0,0,0,1
central_java,v1,https://data.mendeley.com/datasets/ptz377bwb8/1,2026-09-26,fungi,,,IMG_0153.JPG,,,external_test,folder-mapped(paper-T1+visual),CC BY 4.0,0,0,1
central_java,v1,https://data.mendeley.com/datasets/ptz377bwb8/1,2026-09-26,fungi,,,IMG_0154.JPG,,,external_test,folder-mapped(paper-T1+visual),CC BY 4.0,0,0,1
central_java,v1,https://data.mendeley.com/datasets/ptz377bwb8/1,2026-09-26,fungi,,,IMG_0157.JPG,,,external_test,folder-mapped(paper-T1+visual),CC BY 4.0,0,0,1
central_java,v1,https://data.mendeley.com/datasets/ptz377bwb8/1,2026-09-26,fungi,,,IMG_0158.JPG,,,external_test,folder-mapped(paper-T1+visual),CC BY 4.0,0,0,1
central_java,v1,https://data.mendeley.com/datasets/ptz377bwb8/1,2026-09-26,fungi,,,IMG_0162.JPG,,,external_test,folder-mapped(paper-T1+visual),CC BY 4.0,0,0,1
central_java,v1,https://data.mendeley.com/datasets/ptz377bwb8/1,2026-09-26,fungi,,,IMG_0163.JPG,,,external_test,folder-mapped(paper-T1+visual),CC BY 4.0,0,0,1
central_java,v1,https://data.mendeley.com/datasets/ptz377bwb8/1,2026-09-26,fungi,,,IMG_0164.JPG,,,external_test,folder-mapped(paper-T1+visual),CC BY 4.0,0,0,1
central_java,v1,https://data.mendeley.com/datasets/ptz377bwb8/1,2026-09-26,fungi,,,IMG_0165.JPG,,,external_test,folder-mapped(paper-T1+visual),CC BY 4.0,0,0,1
central_java,v1,https://data.mendeley.com/datasets/ptz377bwb8/1,2026-09-26,fungi,,,IMG_0168.JPG,,,external_test,folder-mapped(paper-T1+visual),CC BY 4.0,0,0,1
central_java,v1,https://data.mendeley.com/datasets/ptz377bwb8/1,2026-09-26,fungi,,,IMG_0169.JPG,,,external_test,folder-mapped(paper-T1+visual),CC BY 4.0,0,0,1
central_java,v1,https://data.mendeley.com/datasets/ptz377bwb8/1,2026-09-26,fungi,,,IMG_0203.JPG,,,external_test,folder-mapped(paper-T1+visual),CC BY 4.0,0,0,1
central_java,v1,https://data.mendeley.com/datasets/ptz377bwb8/1,2026-09-26,fungi,,,IMG_0204.JPG,,,external_test,folder-mapped(paper-T1+visual),CC BY 4.0,0,0,1
central_java,v1,https://data.mendeley.com/datasets/ptz377bwb8/1,2026-09-26,fungi,,,IMG_0207.JPG,,,external_test,folder-mapped(paper-T1+visual),CC BY 4.0,0,0,1
central_java,v1,https://data.mendeley.com/datasets/ptz377bwb8/1,2026-09-26,fungi,,,IMG_0209.JPG,,,external_test,folder-mapped(paper-T1+visual),CC BY 4.0,0,0,1
central_java,v1,https://data.mendeley.com/datasets/ptz377bwb8/1,2026-09-26,fungi,,,IMG_0210.JPG,,,external_test,folder-mapped(paper-T1+visual),CC BY 4.0,0,0,1
central_java,v1,https://data.mendeley.com/datasets/ptz377bwb8/1,2026-09-26,fungi,,,IMG_0219.JPG,,,external_test,folder-mapped(paper-T1+visual),CC BY 4.0,0,0,1
central_java,v1,https://data.mendeley.com/datasets/ptz377bwb8/1,2026-09-26,fungi,,,IMG_0227.JPG,,,external_test,folder-mapped(paper-T1+visual),CC BY 4.0,0,0,1
central_java,v1,https://data.mendeley.com/datasets/ptz377bwb8/1,2026-09-26,fungi,,,IMG_0229.JPG,,,external_test,folder-mapped(paper-T1+visual),CC BY 4.0,0,0,1
central_java,v1,https://data.mendeley.com/datasets/ptz377bwb8/1,2026-09-26,fungi,,,IMG_0236.JPG,,,external_test,folder-mapped(paper-T1+visual),CC BY 4.0,0,0,1
central_java,v1,https://data.mendeley.com/datasets/ptz377bwb8/1,2026-09-26,fungi,,,IMG_0237.JPG,,,external_test,folder-mapped(paper-T1+visual),CC BY 4.0,0,0,1
central_java,v1,https://data.mendeley.com/datasets/ptz377bwb8/1,2026-09-26,fungi,,,IMG_0240.JPG,,,external_test,folder-mapped(paper-T1+visual),CC BY 4.0,0,0,1
central_java,v1,https://data.mendeley.com/datasets/ptz377bwb8/1,2026-09-26,fungi,,,IMG_0247.JPG,,,external_test,folder-mapped(paper-T1+visual),CC BY 4.0,0,0,1
central_java,v1,https://data.mendeley.com/datasets/ptz377bwb8/1,2026-09-26,fungi,,,IMG_0249.JPG,,,external_test,folder-mapped(paper-T1+visual),CC BY 4.0,0,0,1
central_java,v1,https://data.mendeley.com/datasets/ptz377bwb8/1,2026-09-26,fungi,,,IMG_0250.JPG,,,external_test,folder-mapped(paper-T1+visual),CC BY 4.0,0,0,1
central_java,v1,https://data.mendeley.com/datasets/ptz377bwb8/1,2026-09-26,fungi,,,IMG_0251.JPG,,,external_test,folder-mapped(paper-T1+visual),CC BY 4.0,0,0,1
central_java,v1,https://data.mendeley.com/datasets/ptz377bwb8/1,2026-09-26,fungi,,,IMG_0253 (1).JPG,,,external_test,folder-mapped(paper-T1+visual),CC BY 4.0,0,0,1
central_java,v1,https://data.mendeley.com/datasets/ptz377bwb8/1,2026-09-26,fungi,,,IMG_0253.JPG,,,external_test,folder-mapped(paper-T1+visual),CC BY 4.0,0,0,1
central_java,v1,https://data.mendeley.com/datasets/ptz377bwb8/1,2026-09-26,fungi,,,IMG_0254 (1).JPG,,,external_test,folder-mapped(paper-T1+visual),CC BY 4.0,0,0,1
central_java,v1,https://data.mendeley.com/datasets/ptz377bwb8/1,2026-09-26,fungi,,,IMG_0254.JPG,,,external_test,folder-mapped(paper-T1+visual),CC BY 4.0,0,0,1
central_java,v1,https://data.mendeley.com/datasets/ptz377bwb8/1,2026-09-26,fungi,,,IMG_0255 (1).JPG,,,external_test,folder-mapped(paper-T1+visual),CC BY 4.0,0,0,1
central_java,v1,https://data.mendeley.com/datasets/ptz377bwb8/1,2026-09-26,fungi,,,IMG_0255.JPG,,,external_test,folder-mapped(paper-T1+visual),CC BY 4.0,0,0,1
central_java,v1,https://data.mendeley.com/datasets/ptz377bwb8/1,2026-09-26,fungi,,,IMG_0256 (1).JPG,,,external_test,folder-mapped(paper-T1+visual),CC BY 4.0,0,0,1
central_java,v1,https://data.mendeley.com/datasets/ptz377bwb8/1,2026-09-26,fungi,,,IMG_0256.JPG,,,external_test,folder-mapped(paper-T1+visual),CC BY 4.0,0,0,1
central_java,v1,https://data.mendeley.com/datasets/ptz377bwb8/1,2026-09-26,fungi,,,IMG_0257 (1).JPG,,,external_test,folder-mapped(paper-T1+visual),CC BY 4.0,0,0,1
central_java,v1,https://data.mendeley.com/datasets/ptz377bwb8/1,2026-09-26,fungi,,,IMG_0257.JPG,,,external_test,folder-mapped(paper-T1+visual),CC BY 4.0,0,0,1
central_java,v1,https://data.mendeley.com/datasets/ptz377bwb8/1,2026-09-26,fungi,,,IMG_0258.JPG,,,external_test,folder-mapped(paper-T1+visual),CC BY 4.0,0,0,1
central_java,v1,https://data.mendeley.com/datasets/ptz377bwb8/1,2026-09-26,fungi,,,IMG_0261.JPG,,,external_test,folder-mapped(paper-T1+visual),CC BY 4.0,0,0,1
central_java,v1,https://data.mendeley.com/datasets/ptz377bwb8/1,2026-09-26,fungi,,,IMG_0262 - Copy.JPG,,,external_test,folder-mapped(paper-T1+visual),CC BY 4.0,0,0,1
central_java,v1,https://data.mendeley.com/datasets/ptz377bwb8/1,2026-09-26,fungi,,,IMG_0262.JPG,,,external_test,folder-mapped(paper-T1+visual),CC BY 4.0,0,0,1
central_java,v1,https://data.mendeley.com/datasets/ptz377bwb8/1,2026-09-26,fungi,,,IMG_0263 - Copy.JPG,,,external_test,folder-mapped(paper-T1+visual),CC BY 4.0,0,0,1
central_java,v1,https://data.mendeley.com/datasets/ptz377bwb8/1,2026-09-26,fungi,,,IMG_0264.JPG,,,external_test,folder-mapped(paper-T1+visual),CC BY 4.0,0,0,1
central_java,v1,https://data.mendeley.com/datasets/ptz377bwb8/1,2026-09-26,fungi,,,IMG_0265 (1).JPG,,,external_test,folder-mapped(paper-T1+visual),CC BY 4.0,0,0,1
central_java,v1,https://data.mendeley.com/datasets/ptz377bwb8/1,2026-09-26,fungi,,,IMG_0265.JPG,,,external_test,folder-mapped(paper-T1+visual),CC BY 4.0,0,0,1
central_java,v1,https://data.mendeley.com/datasets/ptz377bwb8/1,2026-09-26,fungi,,,IMG_0266 (1).JPG,,,external_test,folder-mapped(paper-T1+visual),CC BY 4.0,0,0,1
central_java,v1,https://data.mendeley.com/datasets/ptz377bwb8/1,2026-09-26,fungi,,,IMG_0266.JPG,,,external_test,folder-mapped(paper-T1+visual),CC BY 4.0,0,0,1
central_java,v1,https://data.mendeley.com/datasets/ptz377bwb8/1,2026-09-26,fungi,,,IMG_0267.JPG,,,external_test,folder-mapped(paper-T1+visual),CC BY 4.0,0,0,1
central_java,v1,https://data.mendeley.com/datasets/ptz377bwb8/1,2026-09-26,fungi,,,IMG_0268.JPG,,,external_test,folder-mapped(paper-T1+visual),CC BY 4.0,0,0,1
central_java,v1,https://data.mendeley.com/datasets/ptz377bwb8/1,2026-09-26,fungi,,,IMG_0269.JPG,,,external_test,folder-mapped(paper-T1+visual),CC BY 4.0,0,0,1
central_java,v1,https://data.mendeley.com/datasets/ptz377bwb8/1,2026-09-26,fungi,,,IMG_0270.JPG,,,external_test,folder-mapped(paper-T1+visual),CC BY 4.0,0,0,1
central_java,v1,https://data.mendeley.com/datasets/ptz377bwb8/1,2026-09-26,fungi,,,IMG_0271.JPG,,,external_test,folder-mapped(paper-T1+visual),CC BY 4.0,0,0,1
central_java,v1,https://data.mendeley.com/datasets/ptz377bwb8/1,2026-09-26,fungi,,,IMG_0272.JPG,,,external_test,folder-mapped(paper-T1+visual),CC BY 4.0,0,0,1
central_java,v1,https://data.mendeley.com/datasets/ptz377bwb8/1,2026-09-26,fungi,,,IMG_0274.JPG,,,external_test,folder-mapped(paper-T1+visual),CC BY 4.0,0,0,1
central_java,v1,https://data.mendeley.com/datasets/ptz377bwb8/1,2026-09-26,fungi,,,IMG_0275.JPG,,,external_test,folder-mapped(paper-T1+visual),CC BY 4.0,0,0,1
central_java,v1,https://data.mendeley.com/datasets/ptz377bwb8/1,2026-09-26,fungi,,,IMG_0277 (1).JPG,,,external_test,folder-mapped(paper-T1+visual),CC BY 4.0,0,0,1
central_java,v1,https://data.mendeley.com/datasets/ptz377bwb8/1,2026-09-26,fungi,,,IMG_0277.JPG,,,external_test,folder-mapped(paper-T1+visual),CC BY 4.0,0,0,1
central_java,v1,https://data.mendeley.com/datasets/ptz377bwb8/1,2026-09-26,fungi,,,IMG_0278.JPG,,,external_test,folder-mapped(paper-T1+visual),CC BY 4.0,0,0,1
central_java,v1,https://data.mendeley.com/datasets/ptz377bwb8/1,2026-09-26,fungi,,,IMG_0279.JPG,,,external_test,folder-mapped(paper-T1+visual),CC BY 4.0,0,0,1
central_java,v1,https://data.mendeley.com/datasets/ptz377bwb8/1,2026-09-26,fungi,,,IMG_0280 (1).JPG,,,external_test,folder-mapped(paper-T1+visual),CC BY 4.0,0,0,1
central_java,v1,https://data.mendeley.com/datasets/ptz377bwb8/1,2026-09-26,fungi,,,IMG_0280.JPG,,,external_test,folder-mapped(paper-T1+visual),CC BY 4.0,0,0,1
central_java,v1,https://data.mendeley.com/datasets/ptz377bwb8/1,2026-09-26,fungi,,,IMG_0281.JPG,,,external_test,folder-mapped(paper-T1+visual),CC BY 4.0,0,0,1
central_java,v1,https://data.mendeley.com/datasets/ptz377bwb8/1,2026-09-26,fungi,,,IMG_0282.JPG,,,external_test,folder-mapped(paper-T1+visual),CC BY 4.0,0,0,1
central_java,v1,https://data.mendeley.com/datasets/ptz377bwb8/1,2026-09-26,fungi,,,IMG_0283.JPG,,,external_test,folder-mapped(paper-T1+visual),CC BY 4.0,0,0,1
central_java,v1,https://data.mendeley.com/datasets/ptz377bwb8/1,2026-09-26,fungi,,,IMG_0285.JPG,,,external_test,folder-mapped(paper-T1+visual),CC BY 4.0,0,0,1
central_java,v1,https://data.mendeley.com/datasets/ptz377bwb8/1,2026-09-26,fungi,,,IMG_0286.JPG,,,external_test,folder-mapped(paper-T1+visual),CC BY 4.0,0,0,1
central_java,v1,https://data.mendeley.com/datasets/ptz377bwb8/1,2026-09-26,fungi,,,IMG_0287.JPG,,,external_test,folder-mapped(paper-T1+visual),CC BY 4.0,0,0,1
central_java,v1,https://data.mendeley.com/datasets/ptz377bwb8/1,2026-09-26,fungi,,,IMG_0288.JPG,,,external_test,folder-mapped(paper-T1+visual),CC BY 4.0,0,0,1
central_java,v1,https://data.mendeley.com/datasets/ptz377bwb8/1,2026-09-26,fungi,,,IMG_0289.JPG,,,external_test,folder-mapped(paper-T1+visual),CC BY 4.0,0,0,1
central_java,v1,https://data.mendeley.com/datasets/ptz377bwb8/1,2026-09-26,fungi,,,IMG_0290.JPG,,,external_test,folder-mapped(paper-T1+visual),CC BY 4.0,0,0,1
central_java,v1,https://data.mendeley.com/datasets/ptz377bwb8/1,2026-09-26,fungi,,,IMG_0291.JPG,,,external_test,folder-mapped(paper-T1+visual),CC BY 4.0,0,0,1
central_java,v1,https://data.mendeley.com/datasets/ptz377bwb8/1,2026-09-26,fungi,,,IMG_0294.JPG,,,external_test,folder-mapped(paper-T1+visual),CC BY 4.0,0,0,1
central_java,v1,https://data.mendeley.com/datasets/ptz377bwb8/1,2026-09-26,fungi,,,IMG_0313.JPG,,,external_test,folder-mapped(paper-T1+visual),CC BY 4.0,0,0,1
central_java,v1,https://data.mendeley.com/datasets/ptz377bwb8/1,2026-09-26,fungi,,,IMG_0316.JPG,,,external_test,folder-mapped(paper-T1+visual),CC BY 4.0,0,0,1
central_java,v1,https://data.mendeley.com/datasets/ptz377bwb8/1,2026-09-26,fungi,,,IMG_0401 (1).JPG,,,external_test,folder-mapped(paper-T1+visual),CC BY 4.0,0,0,1
central_java,v1,https://data.mendeley.com/datasets/ptz377bwb8/1,2026-09-26,fungi,,,IMG_0403 (1).JPG,,,external_test,folder-mapped(paper-T1+visual),CC BY 4.0,0,0,1
central_java,v1,https://data.mendeley.com/datasets/ptz377bwb8/1,2026-09-26,fungi,,,IMG_0613.JPG,,,external_test,folder-mapped(paper-T1+visual),CC BY 4.0,0,0,1
central_java,v1,https://data.mendeley.com/datasets/ptz377bwb8/1,2026-09-26,fungi,,,IMG_0627.JPG,,,external_test,folder-mapped(paper-T1+visual),CC BY 4.0,0,0,1
central_java,v1,https://data.mendeley.com/datasets/ptz377bwb8/1,2026-09-26,fungi,,,IMG_0628.JPG,,,external_test,folder-mapped(paper-T1+visual),CC BY 4.0,0,0,1
central_java,v1,https://data.mendeley.com/datasets/ptz377bwb8/1,2026-09-26,fungi,,,IMG_0662.JPG,,,external_test,folder-mapped(paper-T1+visual),CC BY 4.0,0,0,1
central_java,v1,https://data.mendeley.com/datasets/ptz377bwb8/1,2026-09-26,fungi,,,IMG_0667.JPG,,,external_test,folder-mapped(paper-T1+visual),CC BY 4.0,0,0,1
central_java,v1,https://data.mendeley.com/datasets/ptz377bwb8/1,2026-09-26,fungi,,,IMG_0668.JPG,,,external_test,folder-mapped(paper-T1+visual),CC BY 4.0,0,0,1
central_java,v1,https://data.mendeley.com/datasets/ptz377bwb8/1,2026-09-26,fungi,,,IMG_0669.JPG,,,external_test,folder-mapped(paper-T1+visual),CC BY 4.0,0,0,1
central_java,v1,https://data.mendeley.com/datasets/ptz377bwb8/1,2026-09-26,fungi,,,IMG_0670.JPG,,,external_test,folder-mapped(paper-T1+visual),CC BY 4.0,0,0,1
central_java,v1,https://data.mendeley.com/datasets/ptz377bwb8/1,2026-09-26,fungi,,,IMG_0704.JPG,,,external_test,folder-mapped(paper-T1+visual),CC BY 4.0,0,0,1
central_java,v1,https://data.mendeley.com/datasets/ptz377bwb8/1,2026-09-26,fungi,,,IMG_0705.JPG,,,external_test,folder-mapped(paper-T1+visual),CC BY 4.0,0,0,1
central_java,v1,https://data.mendeley.com/datasets/ptz377bwb8/1,2026-09-26,fungi,,,IMG_0706.JPG,,,external_test,folder-mapped(paper-T1+visual),CC BY 4.0,0,0,1
central_java,v1,https://data.mendeley.com/datasets/ptz377bwb8/1,2026-09-26,fungi,,,IMG_0707.JPG,,,external_test,folder-mapped(paper-T1+visual),CC BY 4.0,0,0,1
central_java,v1,https://data.mendeley.com/datasets/ptz377bwb8/1,2026-09-26,fungi,,,IMG_0708.JPG,,,external_test,folder-mapped(paper-T1+visual),CC BY 4.0,0,0,1
central_java,v1,https://data.mendeley.com/datasets/ptz377bwb8/1,2026-09-26,fungi,,,IMG_0709.JPG,,,external_test,folder-mapped(paper-T1+visual),CC BY 4.0,0,0,1
central_java,v1,https://data.mendeley.com/datasets/ptz377bwb8/1,2026-09-26,fungi,,,IMG_0727.JPG,,,external_test,folder-mapped(paper-T1+visual),CC BY 4.0,0,0,1
central_java,v1,https://data.mendeley.com/datasets/ptz377bwb8/1,2026-09-26,fungi,,,IMG_0728.JPG,,,external_test,folder-mapped(paper-T1+visual),CC BY 4.0,0,0,1
central_java,v1,https://data.mendeley.com/datasets/ptz377bwb8/1,2026-09-26,fungi,,,IMG_0741.JPG,,,external_test,folder-mapped(paper-T1+visual),CC BY 4.0,0,0,1
central_java,v1,https://data.mendeley.com/datasets/ptz377bwb8/1,2026-09-26,fungi,,,IMG_0743.JPG,,,external_test,folder-mapped(paper-T1+visual),CC BY 4.0,0,0,1
central_java,v1,https://data.mendeley.com/datasets/ptz377bwb8/1,2026-09-26,fungi,,,IMG_0744.JPG,,,external_test,folder-mapped(paper-T1+visual),CC BY 4.0,0,0,1
central_java,v1,https://data.mendeley.com/datasets/ptz377bwb8/1,2026-09-26,fungi,,,IMG_0745.JPG,,,external_test,folder-mapped(paper-T1+visual),CC BY 4.0,0,0,1
central_java,v1,https://data.mendeley.com/datasets/ptz377bwb8/1,2026-09-26,fungi,,,IMG_0746.JPG,,,external_test,folder-mapped(paper-T1+visual),CC BY 4.0,0,0,1
central_java,v1,https://data.mendeley.com/datasets/ptz377bwb8/1,2026-09-26,fungi,,,IMG_0747.JPG,,,external_test,folder-mapped(paper-T1+visual),CC BY 4.0,0,0,1
central_java,v1,https://data.mendeley.com/datasets/ptz377bwb8/1,2026-09-26,fungi,,,IMG_0748.JPG,,,external_test,folder-mapped(paper-T1+visual),CC BY 4.0,0,0,1
central_java,v1,https://data.mendeley.com/datasets/ptz377bwb8/1,2026-09-26,fungi,,,IMG_0749.JPG,,,external_test,folder-mapped(paper-T1+visual),CC BY 4.0,0,0,1
central_java,v1,https://data.mendeley.com/datasets/ptz377bwb8/1,2026-09-26,fungi,,,IMG_0750.JPG,,,external_test,folder-mapped(paper-T1+visual),CC BY 4.0,0,0,1
central_java,v1,https://data.mendeley.com/datasets/ptz377bwb8/1,2026-09-26,fungi,,,IMG_0751.JPG,,,external_test,folder-mapped(paper-T1+visual),CC BY 4.0,0,0,1
central_java,v1,https://data.mendeley.com/datasets/ptz377bwb8/1,2026-09-26,fungi,,,IMG_0774.JPG,,,external_test,folder-mapped(paper-T1+visual),CC BY 4.0,0,0,1
central_java,v1,https://data.mendeley.com/datasets/ptz377bwb8/1,2026-09-26,fungi,,,IMG_0775.JPG,,,external_test,folder-mapped(paper-T1+visual),CC BY 4.0,0,0,1
central_java,v1,https://data.mendeley.com/datasets/ptz377bwb8/1,2026-09-26,fungi,,,IMG_0776.JPG,,,external_test,folder-mapped(paper-T1+visual),CC BY 4.0,0,0,1
central_java,v1,https://data.mendeley.com/datasets/ptz377bwb8/1,2026-09-26,fungi,,,IMG_0777.JPG,,,external_test,folder-mapped(paper-T1+visual),CC BY 4.0,0,0,1
central_java,v1,https://data.mendeley.com/datasets/ptz377bwb8/1,2026-09-26,fungi,,,IMG_0778.JPG,,,external_test,folder-mapped(paper-T1+visual),CC BY 4.0,0,0,1
central_java,v1,https://data.mendeley.com/datasets/ptz377bwb8/1,2026-09-26,fungi,,,IMG_0790.JPG,,,external_test,folder-mapped(paper-T1+visual),CC BY 4.0,0,0,1
central_java,v1,https://data.mendeley.com/datasets/ptz377bwb8/1,2026-09-26,fungi,,,IMG_0793.JPG,,,external_test,folder-mapped(paper-T1+visual),CC BY 4.0,0,0,1
central_java,v1,https://data.mendeley.com/datasets/ptz377bwb8/1,2026-09-26,fungi,,,IMG_0794.JPG,,,external_test,folder-mapped(paper-T1+visual),CC BY 4.0,0,0,1
central_java,v1,https://data.mendeley.com/datasets/ptz377bwb8/1,2026-09-26,fungi,,,IMG_0795.JPG,,,external_test,folder-mapped(paper-T1+visual),CC BY 4.0,0,0,1
central_java,v1,https://data.mendeley.com/datasets/ptz377bwb8/1,2026-09-26,fungi,,,IMG_0796.JPG,,,external_test,folder-mapped(paper-T1+visual),CC BY 4.0,0,0,1
central_java,v1,https://data.mendeley.com/datasets/ptz377bwb8/1,2026-09-26,fungi,,,IMG_0814.JPG,,,external_test,folder-mapped(paper-T1+visual),CC BY 4.0,0,0,1
central_java,v1,https://data.mendeley.com/datasets/ptz377bwb8/1,2026-09-26,fungi,,,IMG_0815.JPG,,,external_test,folder-mapped(paper-T1+visual),CC BY 4.0,0,0,1
central_java,v1,https://data.mendeley.com/datasets/ptz377bwb8/1,2026-09-26,fungi,,,IMG_0817.JPG,,,external_test,folder-mapped(paper-T1+visual),CC BY 4.0,0,0,1
central_java,v1,https://data.mendeley.com/datasets/ptz377bwb8/1,2026-09-26,fungi,,,IMG_0852.JPG,,,external_test,folder-mapped(paper-T1+visual),CC BY 4.0,0,0,1
central_java,v1,https://data.mendeley.com/datasets/ptz377bwb8/1,2026-09-26,fungi,,,IMG_0868.JPG,,,external_test,folder-mapped(paper-T1+visual),CC BY 4.0,0,0,1
central_java,v1,https://data.mendeley.com/datasets/ptz377bwb8/1,2026-09-26,fungi,,,IMG_0869.JPG,,,external_test,folder-mapped(paper-T1+visual),CC BY 4.0,0,0,1
central_java,v1,https://data.mendeley.com/datasets/ptz377bwb8/1,2026-09-26,fungi,,,IMG_0870.JPG,,,external_test,folder-mapped(paper-T1+visual),CC BY 4.0,0,0,1
central_java,v1,https://data.mendeley.com/datasets/ptz377bwb8/1,2026-09-26,fungi,,,IMG_0871.JPG,,,external_test,folder-mapped(paper-T1+visual),CC BY 4.0,0,0,1
central_java,v1,https://data.mendeley.com/datasets/ptz377bwb8/1,2026-09-26,fungi,,,IMG_0872.JPG,,,external_test,folder-mapped(paper-T1+visual),CC BY 4.0,0,0,1
central_java,v1,https://data.mendeley.com/datasets/ptz377bwb8/1,2026-09-26,fungi,,,IMG_0873.JPG,,,external_test,folder-mapped(paper-T1+visual),CC BY 4.0,0,0,1
central_java,v1,https://data.mendeley.com/datasets/ptz377bwb8/1,2026-09-26,fungi,,,IMG_0954.JPG,,,external_test,folder-mapped(paper-T1+visual),CC BY 4.0,0,0,1
central_java,v1,https://data.mendeley.com/datasets/ptz377bwb8/1,2026-09-26,fungi,,,IMG_1101.JPG,,,external_test,folder-mapped(paper-T1+visual),CC BY 4.0,0,0,1
central_java,v1,https://data.mendeley.com/datasets/ptz377bwb8/1,2026-09-26,fungi,,,IMG_20230815_112257.jpg,,,external_test,folder-mapped(paper-T1+visual),CC BY 4.0,0,0,1
central_java,v1,https://data.mendeley.com/datasets/ptz377bwb8/1,2026-09-26,fungi,,,IMG_20230815_112322.jpg,,,external_test,folder-mapped(paper-T1+visual),CC BY 4.0,0,0,1
central_java,v1,https://data.mendeley.com/datasets/ptz377bwb8/1,2026-09-26,fungi,,,IMG_20230815_112512~2 (2).jpg,,,external_test,folder-mapped(paper-T1+visual),CC BY 4.0,0,0,1
central_java,v1,https://data.mendeley.com/datasets/ptz377bwb8/1,2026-09-26,fungi,,,IMG_20230815_112512~2.jpg,,,external_test,folder-mapped(paper-T1+visual),CC BY 4.0,0,0,1
central_java,v1,https://data.mendeley.com/datasets/ptz377bwb8/1,2026-09-26,fungi,,,IMG_20230815_112711~2.jpg,,,external_test,folder-mapped(paper-T1+visual),CC BY 4.0,0,0,1
central_java,v1,https://data.mendeley.com/datasets/ptz377bwb8/1,2026-09-26,fungi,,,IMG_20230815_112811~2.jpg,,,external_test,folder-mapped(paper-T1+visual),CC BY 4.0,0,0,1
central_java,v1,https://data.mendeley.com/datasets/ptz377bwb8/1,2026-09-26,fungi,,,IMG_20230815_112858~2.jpg,,,external_test,folder-mapped(paper-T1+visual),CC BY 4.0,0,0,1
central_java,v1,https://data.mendeley.com/datasets/ptz377bwb8/1,2026-09-26,fungi,,,IMG_20230815_113207~2.jpg,,,external_test,folder-mapped(paper-T1+visual),CC BY 4.0,0,0,1
central_java,v1,https://data.mendeley.com/datasets/ptz377bwb8/1,2026-09-26,fungi,,,IMG_20230815_113227~2.jpg,,,external_test,folder-mapped(paper-T1+visual),CC BY 4.0,0,0,1
central_java,v1,https://data.mendeley.com/datasets/ptz377bwb8/1,2026-09-26,fungi,,,IMG_20230815_113656~2.jpg,,,external_test,folder-mapped(paper-T1+visual),CC BY 4.0,0,0,1
central_java,v1,https://data.mendeley.com/datasets/ptz377bwb8/1,2026-09-26,fungi,,,IMG_20230815_113928~2.jpg,,,external_test,folder-mapped(paper-T1+visual),CC BY 4.0,0,0,1
central_java,v1,https://data.mendeley.com/datasets/ptz377bwb8/1,2026-09-26,fungi,,,IMG_20230815_114008~2.jpg,,,external_test,folder-mapped(paper-T1+visual),CC BY 4.0,0,0,1
central_java,v1,https://data.mendeley.com/datasets/ptz377bwb8/1,2026-09-26,fungi,,,IMG_20230815_114308~2.jpg,,,external_test,folder-mapped(paper-T1+visual),CC BY 4.0,0,0,1
central_java,v1,https://data.mendeley.com/datasets/ptz377bwb8/1,2026-09-26,fungi,,,IMG_20230815_114555~2.jpg,,,external_test,folder-mapped(paper-T1+visual),CC BY 4.0,0,0,1
central_java,v1,https://data.mendeley.com/datasets/ptz377bwb8/1,2026-09-26,fungi,,,IMG_20230815_115235.jpg,,,external_test,folder-mapped(paper-T1+visual),CC BY 4.0,0,0,1
central_java,v1,https://data.mendeley.com/datasets/ptz377bwb8/1,2026-09-26,fungi,,,IMG_20230815_115653~2.jpg,,,external_test,folder-mapped(paper-T1+visual),CC BY 4.0,0,0,1
central_java,v1,https://data.mendeley.com/datasets/ptz377bwb8/1,2026-09-26,fungi,,,IMG_20230815_115746~2.jpg,,,external_test,folder-mapped(paper-T1+visual),CC BY 4.0,0,0,1
central_java,v1,https://data.mendeley.com/datasets/ptz377bwb8/1,2026-09-26,fungi,,,IMG_20230815_120043~2.jpg,,,external_test,folder-mapped(paper-T1+visual),CC BY 4.0,0,0,1
central_java,v1,https://data.mendeley.com/datasets/ptz377bwb8/1,2026-09-26,fungi,,,IMG_20230815_120159~2.jpg,,,external_test,folder-mapped(paper-T1+visual),CC BY 4.0,0,0,1
central_java,v1,https://data.mendeley.com/datasets/ptz377bwb8/1,2026-09-26,fungi,,,IMG_20230815_120708~2.jpg,,,external_test,folder-mapped(paper-T1+visual),CC BY 4.0,0,0,1
central_java,v1,https://data.mendeley.com/datasets/ptz377bwb8/1,2026-09-26,fungi,,,IMG_20230815_120732~2.jpg,,,external_test,folder-mapped(paper-T1+visual),CC BY 4.0,0,0,1
central_java,v1,https://data.mendeley.com/datasets/ptz377bwb8/1,2026-09-26,fungi,,,IMG_20230815_120840~2.jpg,,,external_test,folder-mapped(paper-T1+visual),CC BY 4.0,0,0,1
central_java,v1,https://data.mendeley.com/datasets/ptz377bwb8/1,2026-09-26,fungi,,,IMG_20230815_121024~2.jpg,,,external_test,folder-mapped(paper-T1+visual),CC BY 4.0,0,0,1
central_java,v1,https://data.mendeley.com/datasets/ptz377bwb8/1,2026-09-26,fungi,,,IMG_20230815_121241~2.jpg,,,external_test,folder-mapped(paper-T1+visual),CC BY 4.0,0,0,1
central_java,v1,https://data.mendeley.com/datasets/ptz377bwb8/1,2026-09-26,fungi,,,IMG_20230815_121308~2.jpg,,,external_test,folder-mapped(paper-T1+visual),CC BY 4.0,0,0,1
central_java,v1,https://data.mendeley.com/datasets/ptz377bwb8/1,2026-09-26,fungi,,,IMG_20230815_121604.jpg,,,external_test,folder-mapped(paper-T1+visual),CC BY 4.0,0,0,1
central_java,v1,https://data.mendeley.com/datasets/ptz377bwb8/1,2026-09-26,fungi,,,IMG_20230815_121940.jpg,,,external_test,folder-mapped(paper-T1+visual),CC BY 4.0,0,0,1
central_java,v1,https://data.mendeley.com/datasets/ptz377bwb8/1,2026-09-26,fungi,,,IMG_20230815_122239~2.jpg,,,external_test,folder-mapped(paper-T1+visual),CC BY 4.0,0,0,1
central_java,v1,https://data.mendeley.com/datasets/ptz377bwb8/1,2026-09-26,fungi,,,IMG_20230815_122258~2.jpg,,,external_test,folder-mapped(paper-T1+visual),CC BY 4.0,0,0,1
central_java,v1,https://data.mendeley.com/datasets/ptz377bwb8/1,2026-09-26,fungi,,,IMG_20230815_122340~2.jpg,,,external_test,folder-mapped(paper-T1+visual),CC BY 4.0,0,0,1
central_java,v1,https://data.mendeley.com/datasets/ptz377bwb8/1,2026-09-26,fungi,,,IMG_20230815_122340~2(1).jpg,,,external_test,folder-mapped(paper-T1+visual),CC BY 4.0,0,0,1
central_java,v1,https://data.mendeley.com/datasets/ptz377bwb8/1,2026-09-26,fungi,,,IMG_20230815_122511~2.jpg,,,external_test,folder-mapped(paper-T1+visual),CC BY 4.0,0,0,1
central_java,v1,https://data.mendeley.com/datasets/ptz377bwb8/1,2026-09-26,fungi,,,IMG_20230815_123012~2.jpg,,,external_test,folder-mapped(paper-T1+visual),CC BY 4.0,0,0,1
central_java,v1,https://data.mendeley.com/datasets/ptz377bwb8/1,2026-09-26,fungi,,,IMG_20230815_123024~2.jpg,,,external_test,folder-mapped(paper-T1+visual),CC BY 4.0,0,0,1
central_java,v1,https://data.mendeley.com/datasets/ptz377bwb8/1,2026-09-26,fungi,,,IMG_20230815_150341.jpg,,,external_test,folder-mapped(paper-T1+visual),CC BY 4.0,0,0,1
central_java,v1,https://data.mendeley.com/datasets/ptz377bwb8/1,2026-09-26,fungi,,,IMG_20230815_151853.jpg,,,external_test,folder-mapped(paper-T1+visual),CC BY 4.0,0,0,1
central_java,v1,https://data.mendeley.com/datasets/ptz377bwb8/1,2026-09-26,fungi,,,IMG_20230815_152008~2.jpg,,,external_test,folder-mapped(paper-T1+visual),CC BY 4.0,0,0,1
central_java,v1,https://data.mendeley.com/datasets/ptz377bwb8/1,2026-09-26,fungi,,,IMG_20230815_152113~2.jpg,,,external_test,folder-mapped(paper-T1+visual),CC BY 4.0,0,0,1
central_java,v1,https://data.mendeley.com/datasets/ptz377bwb8/1,2026-09-26,fungi,,,IMG_20230815_153304~2.jpg,,,external_test,folder-mapped(paper-T1+visual),CC BY 4.0,0,0,1
central_java,v1,https://data.mendeley.com/datasets/ptz377bwb8/1,2026-09-26,fungi,,,IMG_20230815_153359.jpg,,,external_test,folder-mapped(paper-T1+visual),CC BY 4.0,0,0,1
central_java,v1,https://data.mendeley.com/datasets/ptz377bwb8/1,2026-09-26,fungi,,,IMG_20230815_153553~2.jpg,,,external_test,folder-mapped(paper-T1+visual),CC BY 4.0,0,0,1
central_java,v1,https://data.mendeley.com/datasets/ptz377bwb8/1,2026-09-26,fungi,,,IMG_20230815_153607.jpg,,,external_test,folder-mapped(paper-T1+visual),CC BY 4.0,0,0,1
central_java,v1,https://data.mendeley.com/datasets/ptz377bwb8/1,2026-09-26,fungi,,,IMG_20230815_153643~2.jpg,,,external_test,folder-mapped(paper-T1+visual),CC BY 4.0,0,0,1
central_java,v1,https://data.mendeley.com/datasets/ptz377bwb8/1,2026-09-26,fungi,,,IMG_20230815_153702.jpg,,,external_test,folder-mapped(paper-T1+visual),CC BY 4.0,0,0,1
central_java,v1,https://data.mendeley.com/datasets/ptz377bwb8/1,2026-09-26,fungi,,,IMG_20230815_154144~2.jpg,,,external_test,folder-mapped(paper-T1+visual),CC BY 4.0,0,0,1
central_java,v1,https://data.mendeley.com/datasets/ptz377bwb8/1,2026-09-26,fungi,,,IMG_20230815_154600~2.jpg,,,external_test,folder-mapped(paper-T1+visual),CC BY 4.0,0,0,1
central_java,v1,https://data.mendeley.com/datasets/ptz377bwb8/1,2026-09-26,fungi,,,IMG_20230816_080308_1.jpg,,,external_test,folder-mapped(paper-T1+visual),CC BY 4.0,0,0,1
central_java,v1,https://data.mendeley.com/datasets/ptz377bwb8/1,2026-09-26,fungi,,,IMG_20230816_080308.jpg,,,external_test,folder-mapped(paper-T1+visual),CC BY 4.0,0,0,1
central_java,v1,https://data.mendeley.com/datasets/ptz377bwb8/1,2026-09-26,fungi,,,IMG_20230816_080501.jpg,,,external_test,folder-mapped(paper-T1+visual),CC BY 4.0,0,0,1
central_java,v1,https://data.mendeley.com/datasets/ptz377bwb8/1,2026-09-26,fungi,,,IMG_20230816_081407.jpg,,,external_test,folder-mapped(paper-T1+visual),CC BY 4.0,0,0,1
central_java,v1,https://data.mendeley.com/datasets/ptz377bwb8/1,2026-09-26,fungi,,,IMG_20230816_081411 (1).jpg,,,external_test,folder-mapped(paper-T1+visual),CC BY 4.0,0,0,1
central_java,v1,https://data.mendeley.com/datasets/ptz377bwb8/1,2026-09-26,fungi,,,IMG_20230816_082445 (1).jpg,,,external_test,folder-mapped(paper-T1+visual),CC BY 4.0,0,0,1
central_java,v1,https://data.mendeley.com/datasets/ptz377bwb8/1,2026-09-26,fungi,,,IMG_20230816_082529 (1).jpg,,,external_test,folder-mapped(paper-T1+visual),CC BY 4.0,0,0,1
central_java,v1,https://data.mendeley.com/datasets/ptz377bwb8/1,2026-09-26,fungi,,,IMG_20230816_083255 (1).jpg,,,external_test,folder-mapped(paper-T1+visual),CC BY 4.0,0,0,1
central_java,v1,https://data.mendeley.com/datasets/ptz377bwb8/1,2026-09-26,fungi,,,IMG_20230816_084638 (1).jpg,,,external_test,folder-mapped(paper-T1+visual),CC BY 4.0,0,0,1
central_java,v1,https://data.mendeley.com/datasets/ptz377bwb8/1,2026-09-26,fungi,,,IMG_20230816_084638 (1)(1).jpg,,,external_test,folder-mapped(paper-T1+visual),CC BY 4.0,0,0,1
central_java,v1,https://data.mendeley.com/datasets/ptz377bwb8/1,2026-09-26,fungi,,,IMG_20230816_090628 (1).jpg,,,external_test,folder-mapped(paper-T1+visual),CC BY 4.0,0,0,1
central_java,v1,https://data.mendeley.com/datasets/ptz377bwb8/1,2026-09-26,fungi,,,IMG_20230816_090727 (1).jpg,,,external_test,folder-mapped(paper-T1+visual),CC BY 4.0,0,0,1
central_java,v1,https://data.mendeley.com/datasets/ptz377bwb8/1,2026-09-26,fungi,,,IMG_20230816_090841.jpg,,,external_test,folder-mapped(paper-T1+visual),CC BY 4.0,0,0,1
central_java,v1,https://data.mendeley.com/datasets/ptz377bwb8/1,2026-09-26,fungi,,,IMG_20230816_091248 (1).jpg,,,external_test,folder-mapped(paper-T1+visual),CC BY 4.0,0,0,1
central_java,v1,https://data.mendeley.com/datasets/ptz377bwb8/1,2026-09-26,fungi,,,IMG_20230816_112407.jpg,,,external_test,folder-mapped(paper-T1+visual),CC BY 4.0,0,0,1
central_java,v1,https://data.mendeley.com/datasets/ptz377bwb8/1,2026-09-26,fungi,,,IMG_20230816_112541.jpg,,,external_test,folder-mapped(paper-T1+visual),CC BY 4.0,0,0,1
central_java,v1,https://data.mendeley.com/datasets/ptz377bwb8/1,2026-09-26,fungi,,,IMG_20230816_113645.jpg,,,external_test,folder-mapped(paper-T1+visual),CC BY 4.0,0,0,1
central_java,v1,https://data.mendeley.com/datasets/ptz377bwb8/1,2026-09-26,fungi,,,IMG_20230816_113726.jpg,,,external_test,folder-mapped(paper-T1+visual),CC BY 4.0,0,0,1
central_java,v1,https://data.mendeley.com/datasets/ptz377bwb8/1,2026-09-26,fungi,,,IMG_20230816_113915.jpg,,,external_test,folder-mapped(paper-T1+visual),CC BY 4.0,0,0,1
central_java,v1,https://data.mendeley.com/datasets/ptz377bwb8/1,2026-09-26,fungi,,,IMG_20230816_113919.jpg,,,external_test,folder-mapped(paper-T1+visual),CC BY 4.0,0,0,1
central_java,v1,https://data.mendeley.com/datasets/ptz377bwb8/1,2026-09-26,fungi,,,IMG_20230816_113939~2.jpg,,,external_test,folder-mapped(paper-T1+visual),CC BY 4.0,0,0,1
central_java,v1,https://data.mendeley.com/datasets/ptz377bwb8/1,2026-09-26,fungi,,,IMG_20230816_114322~2.jpg,,,external_test,folder-mapped(paper-T1+visual),CC BY 4.0,0,0,1
central_java,v1,https://data.mendeley.com/datasets/ptz377bwb8/1,2026-09-26,fungi,,,IMG_20230816_114402.jpg,,,external_test,folder-mapped(paper-T1+visual),CC BY 4.0,0,0,1
central_java,v1,https://data.mendeley.com/datasets/ptz377bwb8/1,2026-09-26,fungi,,,IMG_20230816_114422.jpg,,,external_test,folder-mapped(paper-T1+visual),CC BY 4.0,0,0,1
central_java,v1,https://data.mendeley.com/datasets/ptz377bwb8/1,2026-09-26,fungi,,,IMG_20230816_114425.jpg,,,external_test,folder-mapped(paper-T1+visual),CC BY 4.0,0,0,1
central_java,v1,https://data.mendeley.com/datasets/ptz377bwb8/1,2026-09-26,fungi,,,IMG_20230816_114753~2.jpg,,,external_test,folder-mapped(paper-T1+visual),CC BY 4.0,0,0,1
central_java,v1,https://data.mendeley.com/datasets/ptz377bwb8/1,2026-09-26,fungi,,,IMG_20230816_114803.jpg,,,external_test,folder-mapped(paper-T1+visual),CC BY 4.0,0,0,1
central_java,v1,https://data.mendeley.com/datasets/ptz377bwb8/1,2026-09-26,fungi,,,IMG_20230816_115028.jpg,,,external_test,folder-mapped(paper-T1+visual),CC BY 4.0,0,0,1
central_java,v1,https://data.mendeley.com/datasets/ptz377bwb8/1,2026-09-26,fungi,,,IMG_20230816_115039.jpg,,,external_test,folder-mapped(paper-T1+visual),CC BY 4.0,0,0,1
central_java,v1,https://data.mendeley.com/datasets/ptz377bwb8/1,2026-09-26,fungi,,,IMG_20230816_115540.jpg,,,external_test,folder-mapped(paper-T1+visual),CC BY 4.0,0,0,1
central_java,v1,https://data.mendeley.com/datasets/ptz377bwb8/1,2026-09-26,fungi,,,IMG_20230816_115624.jpg,,,external_test,folder-mapped(paper-T1+visual),CC BY 4.0,0,0,1
central_java,v1,https://data.mendeley.com/datasets/ptz377bwb8/1,2026-09-26,fungi,,,IMG_20230816_115633~2.jpg,,,external_test,folder-mapped(paper-T1+visual),CC BY 4.0,0,0,1
central_java,v1,https://data.mendeley.com/datasets/ptz377bwb8/1,2026-09-26,fungi,,,IMG_20230816_120829.jpg,,,external_test,folder-mapped(paper-T1+visual),CC BY 4.0,0,0,1
central_java,v1,https://data.mendeley.com/datasets/ptz377bwb8/1,2026-09-26,fungi,,,IMG_20230816_120944.jpg,,,external_test,folder-mapped(paper-T1+visual),CC BY 4.0,0,0,1
central_java,v1,https://data.mendeley.com/datasets/ptz377bwb8/1,2026-09-26,fungi,,,IMG_20230816_121010.jpg,,,external_test,folder-mapped(paper-T1+visual),CC BY 4.0,0,0,1
central_java,v1,https://data.mendeley.com/datasets/ptz377bwb8/1,2026-09-26,fungi,,,IMG_20230816_121027.jpg,,,external_test,folder-mapped(paper-T1+visual),CC BY 4.0,0,0,1
central_java,v1,https://data.mendeley.com/datasets/ptz377bwb8/1,2026-09-26,fungi,,,IMG_20230816_121041.jpg,,,external_test,folder-mapped(paper-T1+visual),CC BY 4.0,0,0,1
central_java,v1,https://data.mendeley.com/datasets/ptz377bwb8/1,2026-09-26,fungi,,,IMG_20230816_121103.jpg,,,external_test,folder-mapped(paper-T1+visual),CC BY 4.0,0,0,1
central_java,v1,https://data.mendeley.com/datasets/ptz377bwb8/1,2026-09-26,fungi,,,IMG_20230816_121111.jpg,,,external_test,folder-mapped(paper-T1+visual),CC BY 4.0,0,0,1
central_java,v1,https://data.mendeley.com/datasets/ptz377bwb8/1,2026-09-26,fungi,,,IMG_20230816_121122.jpg,,,external_test,folder-mapped(paper-T1+visual),CC BY 4.0,0,0,1
central_java,v1,https://data.mendeley.com/datasets/ptz377bwb8/1,2026-09-26,fungi,,,IMG_20230816_121138.jpg,,,external_test,folder-mapped(paper-T1+visual),CC BY 4.0,0,0,1
central_java,v1,https://data.mendeley.com/datasets/ptz377bwb8/1,2026-09-26,fungi,,,IMG_20230816_121311.jpg,,,external_test,folder-mapped(paper-T1+visual),CC BY 4.0,0,0,1
central_java,v1,https://data.mendeley.com/datasets/ptz377bwb8/1,2026-09-26,fungi,,,IMG_20230816_121356.jpg,,,external_test,folder-mapped(paper-T1+visual),CC BY 4.0,0,0,1
central_java,v1,https://data.mendeley.com/datasets/ptz377bwb8/1,2026-09-26,fungi,,,IMG_20230816_121402.jpg,,,external_test,folder-mapped(paper-T1+visual),CC BY 4.0,0,0,1
central_java,v1,https://data.mendeley.com/datasets/ptz377bwb8/1,2026-09-26,fungi,,,IMG_20230816_121446.jpg,,,external_test,folder-mapped(paper-T1+visual),CC BY 4.0,0,0,1
central_java,v1,https://data.mendeley.com/datasets/ptz377bwb8/1,2026-09-26,fungi,,,IMG_20230816_121453.jpg,,,external_test,folder-mapped(paper-T1+visual),CC BY 4.0,0,0,1
central_java,v1,https://data.mendeley.com/datasets/ptz377bwb8/1,2026-09-26,fungi,,,IMG_20230816_121459~2.jpg,,,external_test,folder-mapped(paper-T1+visual),CC BY 4.0,0,0,1
central_java,v1,https://data.mendeley.com/datasets/ptz377bwb8/1,2026-09-26,fungi,,,IMG_20230816_121536~2.jpg,,,external_test,folder-mapped(paper-T1+visual),CC BY 4.0,0,0,1
central_java,v1,https://data.mendeley.com/datasets/ptz377bwb8/1,2026-09-26,fungi,,,IMG_20230816_121542~2.jpg,,,external_test,folder-mapped(paper-T1+visual),CC BY 4.0,0,0,1
central_java,v1,https://data.mendeley.com/datasets/ptz377bwb8/1,2026-09-26,fungi,,,IMG_20230816_121600.jpg,,,external_test,folder-mapped(paper-T1+visual),CC BY 4.0,0,0,1
central_java,v1,https://data.mendeley.com/datasets/ptz377bwb8/1,2026-09-26,fungi,,,IMG_20230816_121701~2.jpg,,,external_test,folder-mapped(paper-T1+visual),CC BY 4.0,0,0,1
central_java,v1,https://data.mendeley.com/datasets/ptz377bwb8/1,2026-09-26,fungi,,,IMG_20230816_121737.jpg,,,external_test,folder-mapped(paper-T1+visual),CC BY 4.0,0,0,1
central_java,v1,https://data.mendeley.com/datasets/ptz377bwb8/1,2026-09-26,fungi,,,IMG_20230816_121750.jpg,,,external_test,folder-mapped(paper-T1+visual),CC BY 4.0,0,0,1
central_java,v1,https://data.mendeley.com/datasets/ptz377bwb8/1,2026-09-26,fungi,,,IMG_20230816_121858.jpg,,,external_test,folder-mapped(paper-T1+visual),CC BY 4.0,0,0,1
central_java,v1,https://data.mendeley.com/datasets/ptz377bwb8/1,2026-09-26,fungi,,,IMG_20230816_121903.jpg,,,external_test,folder-mapped(paper-T1+visual),CC BY 4.0,0,0,1
central_java,v1,https://data.mendeley.com/datasets/ptz377bwb8/1,2026-09-26,fungi,,,IMG_20230816_121926.jpg,,,external_test,folder-mapped(paper-T1+visual),CC BY 4.0,0,0,1
central_java,v1,https://data.mendeley.com/datasets/ptz377bwb8/1,2026-09-26,fungi,,,IMG_20230816_122017.jpg,,,external_test,folder-mapped(paper-T1+visual),CC BY 4.0,0,0,1
central_java,v1,https://data.mendeley.com/datasets/ptz377bwb8/1,2026-09-26,fungi,,,IMG_20230816_122029.jpg,,,external_test,folder-mapped(paper-T1+visual),CC BY 4.0,0,0,1
central_java,v1,https://data.mendeley.com/datasets/ptz377bwb8/1,2026-09-26,fungi,,,IMG_20230816_122345~2 (2).jpg,,,external_test,folder-mapped(paper-T1+visual),CC BY 4.0,0,0,1
central_java,v1,https://data.mendeley.com/datasets/ptz377bwb8/1,2026-09-26,fungi,,,IMG_20230816_122345~2.jpg,,,external_test,folder-mapped(paper-T1+visual),CC BY 4.0,0,0,1
central_java,v1,https://data.mendeley.com/datasets/ptz377bwb8/1,2026-09-26,fungi,,,IMG_20230816_122348.jpg,,,external_test,folder-mapped(paper-T1+visual),CC BY 4.0,0,0,1
central_java,v1,https://data.mendeley.com/datasets/ptz377bwb8/1,2026-09-26,fungi,,,IMG_20230816_122456.jpg,,,external_test,folder-mapped(paper-T1+visual),CC BY 4.0,0,0,1
central_java,v1,https://data.mendeley.com/datasets/ptz377bwb8/1,2026-09-26,fungi,,,IMG_20230816_122536.jpg,,,external_test,folder-mapped(paper-T1+visual),CC BY 4.0,0,0,1
central_java,v1,https://data.mendeley.com/datasets/ptz377bwb8/1,2026-09-26,fungi,,,IMG_20230816_122537.jpg,,,external_test,folder-mapped(paper-T1+visual),CC BY 4.0,0,0,1
central_java,v1,https://data.mendeley.com/datasets/ptz377bwb8/1,2026-09-26,fungi,,,IMG_20230816_122553.jpg,,,external_test,folder-mapped(paper-T1+visual),CC BY 4.0,0,0,1
central_java,v1,https://data.mendeley.com/datasets/ptz377bwb8/1,2026-09-26,fungi,,,IMG_20230816_122600.jpg,,,external_test,folder-mapped(paper-T1+visual),CC BY 4.0,0,0,1
central_java,v1,https://data.mendeley.com/datasets/ptz377bwb8/1,2026-09-26,fungi,,,IMG_20230816_122603~2.jpg,,,external_test,folder-mapped(paper-T1+visual),CC BY 4.0,0,0,1
central_java,v1,https://data.mendeley.com/datasets/ptz377bwb8/1,2026-09-26,fungi,,,IMG_20230816_122620.jpg,,,external_test,folder-mapped(paper-T1+visual),CC BY 4.0,0,0,1
central_java,v1,https://data.mendeley.com/datasets/ptz377bwb8/1,2026-09-26,fungi,,,IMG_20230816_122631~2.jpg,,,external_test,folder-mapped(paper-T1+visual),CC BY 4.0,0,0,1
central_java,v1,https://data.mendeley.com/datasets/ptz377bwb8/1,2026-09-26,fungi,,,IMG_20230816_122740.jpg,,,external_test,folder-mapped(paper-T1+visual),CC BY 4.0,0,0,1
central_java,v1,https://data.mendeley.com/datasets/ptz377bwb8/1,2026-09-26,fungi,,,IMG_20230816_122806~2.jpg,,,external_test,folder-mapped(paper-T1+visual),CC BY 4.0,0,0,1
central_java,v1,https://data.mendeley.com/datasets/ptz377bwb8/1,2026-09-26,fungi,,,IMG_20230816_122916.jpg,,,external_test,folder-mapped(paper-T1+visual),CC BY 4.0,0,0,1
central_java,v1,https://data.mendeley.com/datasets/ptz377bwb8/1,2026-09-26,fungi,,,IMG_20230816_122932~2.jpg,,,external_test,folder-mapped(paper-T1+visual),CC BY 4.0,0,0,1
central_java,v1,https://data.mendeley.com/datasets/ptz377bwb8/1,2026-09-26,fungi,,,IMG_20230816_123146.jpg,,,external_test,folder-mapped(paper-T1+visual),CC BY 4.0,0,0,1
central_java,v1,https://data.mendeley.com/datasets/ptz377bwb8/1,2026-09-26,fungi,,,IMG_20230816_123538~2.jpg,,,external_test,folder-mapped(paper-T1+visual),CC BY 4.0,0,0,1
central_java,v1,https://data.mendeley.com/datasets/ptz377bwb8/1,2026-09-26,fungi,,,IMG_20230816_123551.jpg,,,external_test,folder-mapped(paper-T1+visual),CC BY 4.0,0,0,1
central_java,v1,https://data.mendeley.com/datasets/ptz377bwb8/1,2026-09-26,fungi,,,IMG_4662.JPG,,,external_test,folder-mapped(paper-T1+visual),CC BY 4.0,0,0,1
central_java,v1,https://data.mendeley.com/datasets/ptz377bwb8/1,2026-09-26,fungi,,,IMG_4663.JPG,,,external_test,folder-mapped(paper-T1+visual),CC BY 4.0,0,0,1
central_java,v1,https://data.mendeley.com/datasets/ptz377bwb8/1,2026-09-26,fungi,,,IMG_4664.JPG,,,external_test,folder-mapped(paper-T1+visual),CC BY 4.0,0,0,1
central_java,v1,https://data.mendeley.com/datasets/ptz377bwb8/1,2026-09-26,fungi,,,IMG_4665.JPG,,,external_test,folder-mapped(paper-T1+visual),CC BY 4.0,0,0,1
central_java,v1,https://data.mendeley.com/datasets/ptz377bwb8/1,2026-09-26,fungi,,,IMG_4666.JPG,,,external_test,folder-mapped(paper-T1+visual),CC BY 4.0,0,0,1
central_java,v1,https://data.mendeley.com/datasets/ptz377bwb8/1,2026-09-26,fungi,,,IMG_4668.JPG,,,external_test,folder-mapped(paper-T1+visual),CC BY 4.0,0,0,1
central_java,v1,https://data.mendeley.com/datasets/ptz377bwb8/1,2026-09-26,fungi,,,IMG_4669.JPG,,,external_test,folder-mapped(paper-T1+visual),CC BY 4.0,0,0,1
central_java,v1,https://data.mendeley.com/datasets/ptz377bwb8/1,2026-09-26,fungi,,,IMG_4670.JPG,,,external_test,folder-mapped(paper-T1+visual),CC BY 4.0,0,0,1
central_java,v1,https://data.mendeley.com/datasets/ptz377bwb8/1,2026-09-26,fungi,,,IMG_4672.JPG,,,external_test,folder-mapped(paper-T1+visual),CC BY 4.0,0,0,1
central_java,v1,https://data.mendeley.com/datasets/ptz377bwb8/1,2026-09-26,fungi,,,IMG_4674.JPG,,,external_test,folder-mapped(paper-T1+visual),CC BY 4.0,0,0,1
central_java,v1,https://data.mendeley.com/datasets/ptz377bwb8/1,2026-09-26,fungi,,,IMG_4675.JPG,,,external_test,folder-mapped(paper-T1+visual),CC BY 4.0,0,0,1
central_java,v1,https://data.mendeley.com/datasets/ptz377bwb8/1,2026-09-26,fungi,,,IMG_4676.JPG,,,external_test,folder-mapped(paper-T1+visual),CC BY 4.0,0,0,1
central_java,v1,https://data.mendeley.com/datasets/ptz377bwb8/1,2026-09-26,fungi,,,IMG_4677.JPG,,,external_test,folder-mapped(paper-T1+visual),CC BY 4.0,0,0,1
central_java,v1,https://data.mendeley.com/datasets/ptz377bwb8/1,2026-09-26,fungi,,,IMG_4682.JPG,,,external_test,folder-mapped(paper-T1+visual),CC BY 4.0,0,0,1
central_java,v1,https://data.mendeley.com/datasets/ptz377bwb8/1,2026-09-26,fungi,,,IMG_4685.JPG,,,external_test,folder-mapped(paper-T1+visual),CC BY 4.0,0,0,1
central_java,v1,https://data.mendeley.com/datasets/ptz377bwb8/1,2026-09-26,fungi,,,IMG_4690.JPG,,,external_test,folder-mapped(paper-T1+visual),CC BY 4.0,0,0,1
central_java,v1,https://data.mendeley.com/datasets/ptz377bwb8/1,2026-09-26,fungi,,,IMG_4691.JPG,,,external_test,folder-mapped(paper-T1+visual),CC BY 4.0,0,0,1
central_java,v1,https://data.mendeley.com/datasets/ptz377bwb8/1,2026-09-26,fungi,,,IMG_4692.JPG,,,external_test,folder-mapped(paper-T1+visual),CC BY 4.0,0,0,1
central_java,v1,https://data.mendeley.com/datasets/ptz377bwb8/1,2026-09-26,fungi,,,IMG_4699.JPG,,,external_test,folder-mapped(paper-T1+visual),CC BY 4.0,0,0,1
central_java,v1,https://data.mendeley.com/datasets/ptz377bwb8/1,2026-09-26,fungi,,,IMG_4703.JPG,,,external_test,folder-mapped(paper-T1+visual),CC BY 4.0,0,0,1
central_java,v1,https://data.mendeley.com/datasets/ptz377bwb8/1,2026-09-26,fungi,,,IMG_4705.JPG,,,external_test,folder-mapped(paper-T1+visual),CC BY 4.0,0,0,1
central_java,v1,https://data.mendeley.com/datasets/ptz377bwb8/1,2026-09-26,fungi,,,IMG_4708.JPG,,,external_test,folder-mapped(paper-T1+visual),CC BY 4.0,0,0,1
central_java,v1,https://data.mendeley.com/datasets/ptz377bwb8/1,2026-09-26,fungi,,,IMG_4720.JPG,,,external_test,folder-mapped(paper-T1+visual),CC BY 4.0,0,0,1
central_java,v1,https://data.mendeley.com/datasets/ptz377bwb8/1,2026-09-26,fungi,,,IMG_4725.JPG,,,external_test,folder-mapped(paper-T1+visual),CC BY 4.0,0,0,1
central_java,v1,https://data.mendeley.com/datasets/ptz377bwb8/1,2026-09-26,fungi,,,IMG_4729.JPG,,,external_test,folder-mapped(paper-T1+visual),CC BY 4.0,0,0,1
central_java,v1,https://data.mendeley.com/datasets/ptz377bwb8/1,2026-09-26,fungi,,,IMG_4730.JPG,,,external_test,folder-mapped(paper-T1+visual),CC BY 4.0,0,0,1
central_java,v1,https://data.mendeley.com/datasets/ptz377bwb8/1,2026-09-26,fungi,,,IMG_4734.JPG,,,external_test,folder-mapped(paper-T1+visual),CC BY 4.0,0,0,1
central_java,v1,https://data.mendeley.com/datasets/ptz377bwb8/1,2026-09-26,fungi,,,IMG_4736.JPG,,,external_test,folder-mapped(paper-T1+visual),CC BY 4.0,0,0,1
central_java,v1,https://data.mendeley.com/datasets/ptz377bwb8/1,2026-09-26,fungi,,,IMG_4737.JPG,,,external_test,folder-mapped(paper-T1+visual),CC BY 4.0,0,0,1
central_java,v1,https://data.mendeley.com/datasets/ptz377bwb8/1,2026-09-26,fungi,,,IMG_4749.JPG,,,external_test,folder-mapped(paper-T1+visual),CC BY 4.0,0,0,1
central_java,v1,https://data.mendeley.com/datasets/ptz377bwb8/1,2026-09-26,fungi,,,IMG_4751.JPG,,,external_test,folder-mapped(paper-T1+visual),CC BY 4.0,0,0,1
central_java,v1,https://data.mendeley.com/datasets/ptz377bwb8/1,2026-09-26,fungi,,,IMG_4752.JPG,,,external_test,folder-mapped(paper-T1+visual),CC BY 4.0,0,0,1
central_java,v1,https://data.mendeley.com/datasets/ptz377bwb8/1,2026-09-26,fungi,,,IMG_4753.JPG,,,external_test,folder-mapped(paper-T1+visual),CC BY 4.0,0,0,1
central_java,v1,https://data.mendeley.com/datasets/ptz377bwb8/1,2026-09-26,fungi,,,IMG_4754.JPG,,,external_test,folder-mapped(paper-T1+visual),CC BY 4.0,0,0,1
central_java,v1,https://data.mendeley.com/datasets/ptz377bwb8/1,2026-09-26,fungi,,,IMG_4755.JPG,,,external_test,folder-mapped(paper-T1+visual),CC BY 4.0,0,0,1
central_java,v1,https://data.mendeley.com/datasets/ptz377bwb8/1,2026-09-26,fungi,,,IMG_4756.JPG,,,external_test,folder-mapped(paper-T1+visual),CC BY 4.0,0,0,1
central_java,v1,https://data.mendeley.com/datasets/ptz377bwb8/1,2026-09-26,fungi,,,IMG_4758.JPG,,,external_test,folder-mapped(paper-T1+visual),CC BY 4.0,0,0,1
central_java,v1,https://data.mendeley.com/datasets/ptz377bwb8/1,2026-09-26,fungi,,,IMG_4759.JPG,,,external_test,folder-mapped(paper-T1+visual),CC BY 4.0,0,0,1
central_java,v1,https://data.mendeley.com/datasets/ptz377bwb8/1,2026-09-26,fungi,,,IMG_4762.JPG,,,external_test,folder-mapped(paper-T1+visual),CC BY 4.0,0,0,1
central_java,v1,https://data.mendeley.com/datasets/ptz377bwb8/1,2026-09-26,fungi,,,IMG_4777.JPG,,,external_test,folder-mapped(paper-T1+visual),CC BY 4.0,0,0,1
central_java,v1,https://data.mendeley.com/datasets/ptz377bwb8/1,2026-09-26,fungi,,,IMG_4779.JPG,,,external_test,folder-mapped(paper-T1+visual),CC BY 4.0,0,0,1
central_java,v1,https://data.mendeley.com/datasets/ptz377bwb8/1,2026-09-26,fungi,,,IMG_4781.JPG,,,external_test,folder-mapped(paper-T1+visual),CC BY 4.0,0,0,1
central_java,v1,https://data.mendeley.com/datasets/ptz377bwb8/1,2026-09-26,fungi,,,IMG_4782.JPG,,,external_test,folder-mapped(paper-T1+visual),CC BY 4.0,0,0,1
central_java,v1,https://data.mendeley.com/datasets/ptz377bwb8/1,2026-09-26,fungi,,,IMG_4783.JPG,,,external_test,folder-mapped(paper-T1+visual),CC BY 4.0,0,0,1
central_java,v1,https://data.mendeley.com/datasets/ptz377bwb8/1,2026-09-26,fungi,,,IMG_4785.JPG,,,external_test,folder-mapped(paper-T1+visual),CC BY 4.0,0,0,1
central_java,v1,https://data.mendeley.com/datasets/ptz377bwb8/1,2026-09-26,fungi,,,IMG_4786.JPG,,,external_test,folder-mapped(paper-T1+visual),CC BY 4.0,0,0,1
central_java,v1,https://data.mendeley.com/datasets/ptz377bwb8/1,2026-09-26,fungi,,,IMG_4787.JPG,,,external_test,folder-mapped(paper-T1+visual),CC BY 4.0,0,0,1
central_java,v1,https://data.mendeley.com/datasets/ptz377bwb8/1,2026-09-26,fungi,,,IMG_4788.JPG,,,external_test,folder-mapped(paper-T1+visual),CC BY 4.0,0,0,1
central_java,v1,https://data.mendeley.com/datasets/ptz377bwb8/1,2026-09-26,fungi,,,IMG_4790.JPG,,,external_test,folder-mapped(paper-T1+visual),CC BY 4.0,0,0,1
central_java,v1,https://data.mendeley.com/datasets/ptz377bwb8/1,2026-09-26,fungi,,,IMG_4797.JPG,,,external_test,folder-mapped(paper-T1+visual),CC BY 4.0,0,0,1
central_java,v1,https://data.mendeley.com/datasets/ptz377bwb8/1,2026-09-26,fungi,,,IMG_4798.JPG,,,external_test,folder-mapped(paper-T1+visual),CC BY 4.0,0,0,1
central_java,v1,https://data.mendeley.com/datasets/ptz377bwb8/1,2026-09-26,fungi,,,IMG_4799.JPG,,,external_test,folder-mapped(paper-T1+visual),CC BY 4.0,0,0,1
central_java,v1,https://data.mendeley.com/datasets/ptz377bwb8/1,2026-09-26,fungi,,,IMG_4800.JPG,,,external_test,folder-mapped(paper-T1+visual),CC BY 4.0,0,0,1
central_java,v1,https://data.mendeley.com/datasets/ptz377bwb8/1,2026-09-26,fungi,,,IMG_4810.JPG,,,external_test,folder-mapped(paper-T1+visual),CC BY 4.0,0,0,1
central_java,v1,https://data.mendeley.com/datasets/ptz377bwb8/1,2026-09-26,fungi,,,IMG_8078.JPG,,,external_test,folder-mapped(paper-T1+visual),CC BY 4.0,0,0,1
central_java,v1,https://data.mendeley.com/datasets/ptz377bwb8/1,2026-09-26,fungi,,,IMG_8079.JPG,,,external_test,folder-mapped(paper-T1+visual),CC BY 4.0,0,0,1
central_java,v1,https://data.mendeley.com/datasets/ptz377bwb8/1,2026-09-26,fungi,,,IMG_8102.JPG,,,external_test,folder-mapped(paper-T1+visual),CC BY 4.0,0,0,1
central_java,v1,https://data.mendeley.com/datasets/ptz377bwb8/1,2026-09-26,fungi,,,IMG_8109.JPG,,,external_test,folder-mapped(paper-T1+visual),CC BY 4.0,0,0,1
central_java,v1,https://data.mendeley.com/datasets/ptz377bwb8/1,2026-09-26,fungi,,,IMG_8113.JPG,,,external_test,folder-mapped(paper-T1+visual),CC BY 4.0,0,0,1
central_java,v1,https://data.mendeley.com/datasets/ptz377bwb8/1,2026-09-26,fungi,,,IMG_8125.JPG,,,external_test,folder-mapped(paper-T1+visual),CC BY 4.0,0,0,1
central_java,v1,https://data.mendeley.com/datasets/ptz377bwb8/1,2026-09-26,fungi,,,IMG_8127.JPG,,,external_test,folder-mapped(paper-T1+visual),CC BY 4.0,0,0,1
central_java,v1,https://data.mendeley.com/datasets/ptz377bwb8/1,2026-09-26,fungi,,,IMG_8135.JPG,,,external_test,folder-mapped(paper-T1+visual),CC BY 4.0,0,0,1
central_java,v1,https://data.mendeley.com/datasets/ptz377bwb8/1,2026-09-26,fungi,,,IMG_8147.JPG,,,external_test,folder-mapped(paper-T1+visual),CC BY 4.0,0,0,1
central_java,v1,https://data.mendeley.com/datasets/ptz377bwb8/1,2026-09-26,fungi,,,IMG_8148.JPG,,,external_test,folder-mapped(paper-T1+visual),CC BY 4.0,0,0,1
central_java,v1,https://data.mendeley.com/datasets/ptz377bwb8/1,2026-09-26,fungi,,,IMG_8152.JPG,,,external_test,folder-mapped(paper-T1+visual),CC BY 4.0,0,0,1
central_java,v1,https://data.mendeley.com/datasets/ptz377bwb8/1,2026-09-26,fungi,,,IMG_8159.JPG,,,external_test,folder-mapped(paper-T1+visual),CC BY 4.0,0,0,1
central_java,v1,https://data.mendeley.com/datasets/ptz377bwb8/1,2026-09-26,fungi,,,IMG_8197.JPG,,,external_test,folder-mapped(paper-T1+visual),CC BY 4.0,0,0,1
central_java,v1,https://data.mendeley.com/datasets/ptz377bwb8/1,2026-09-26,fungi,,,IMG_8198.JPG,,,external_test,folder-mapped(paper-T1+visual),CC BY 4.0,0,0,1
central_java,v1,https://data.mendeley.com/datasets/ptz377bwb8/1,2026-09-26,fungi,,,IMG_8199.JPG,,,external_test,folder-mapped(paper-T1+visual),CC BY 4.0,0,0,1
central_java,v1,https://data.mendeley.com/datasets/ptz377bwb8/1,2026-09-26,fungi,,,IMG_8201.JPG,,,external_test,folder-mapped(paper-T1+visual),CC BY 4.0,0,0,1
central_java,v1,https://data.mendeley.com/datasets/ptz377bwb8/1,2026-09-26,fungi,,,IMG_8220.JPG,,,external_test,folder-mapped(paper-T1+visual),CC BY 4.0,0,0,1
central_java,v1,https://data.mendeley.com/datasets/ptz377bwb8/1,2026-09-26,fungi,,,IMG_8243.JPG,,,external_test,folder-mapped(paper-T1+visual),CC BY 4.0,0,0,1
central_java,v1,https://data.mendeley.com/datasets/ptz377bwb8/1,2026-09-26,fungi,,,IMG_8245.JPG,,,external_test,folder-mapped(paper-T1+visual),CC BY 4.0,0,0,1
central_java,v1,https://data.mendeley.com/datasets/ptz377bwb8/1,2026-09-26,fungi,,,IMG_8281.JPG,,,external_test,folder-mapped(paper-T1+visual),CC BY 4.0,0,0,1
central_java,v1,https://data.mendeley.com/datasets/ptz377bwb8/1,2026-09-26,fungi,,,IMG_8282.JPG,,,external_test,folder-mapped(paper-T1+visual),CC BY 4.0,0,0,1
central_java,v1,https://data.mendeley.com/datasets/ptz377bwb8/1,2026-09-26,fungi,,,IMG_8283.JPG,,,external_test,folder-mapped(paper-T1+visual),CC BY 4.0,0,0,1
central_java,v1,https://data.mendeley.com/datasets/ptz377bwb8/1,2026-09-26,fungi,,,IMG_8320.JPG,,,external_test,folder-mapped(paper-T1+visual),CC BY 4.0,0,0,1
central_java,v1,https://data.mendeley.com/datasets/ptz377bwb8/1,2026-09-26,fungi,,,IMG_8351.JPG,,,external_test,folder-mapped(paper-T1+visual),CC BY 4.0,0,0,1
central_java,v1,https://data.mendeley.com/datasets/ptz377bwb8/1,2026-09-26,fungi,,,IMG_8352.JPG,,,external_test,folder-mapped(paper-T1+visual),CC BY 4.0,0,0,1
central_java,v1,https://data.mendeley.com/datasets/ptz377bwb8/1,2026-09-26,fungi,,,IMG_9360.JPG,,,external_test,folder-mapped(paper-T1+visual),CC BY 4.0,0,0,1
central_java,v1,https://data.mendeley.com/datasets/ptz377bwb8/1,2026-09-26,fungi,,,IMG_9361.JPG,,,external_test,folder-mapped(paper-T1+visual),CC BY 4.0,0,0,1
central_java,v1,https://data.mendeley.com/datasets/ptz377bwb8/1,2026-09-26,fungi,,,IMG_9362.JPG,,,external_test,folder-mapped(paper-T1+visual),CC BY 4.0,0,0,1
central_java,v1,https://data.mendeley.com/datasets/ptz377bwb8/1,2026-09-26,fungi,,,IMG_9363.JPG,,,external_test,folder-mapped(paper-T1+visual),CC BY 4.0,0,0,1
central_java,v1,https://data.mendeley.com/datasets/ptz377bwb8/1,2026-09-26,fungi,,,IMG_9364.JPG,,,external_test,folder-mapped(paper-T1+visual),CC BY 4.0,0,0,1
central_java,v1,https://data.mendeley.com/datasets/ptz377bwb8/1,2026-09-26,fungi,,,IMG_9365.JPG,,,external_test,folder-mapped(paper-T1+visual),CC BY 4.0,0,0,1
central_java,v1,https://data.mendeley.com/datasets/ptz377bwb8/1,2026-09-26,fungi,,,IMG_9369.JPG,,,external_test,folder-mapped(paper-T1+visual),CC BY 4.0,0,0,1
central_java,v1,https://data.mendeley.com/datasets/ptz377bwb8/1,2026-09-26,fungi,,,IMG_9370.JPG,,,external_test,folder-mapped(paper-T1+visual),CC BY 4.0,0,0,1
central_java,v1,https://data.mendeley.com/datasets/ptz377bwb8/1,2026-09-26,fungi,,,IMG_9375.JPG,,,external_test,folder-mapped(paper-T1+visual),CC BY 4.0,0,0,1
central_java,v1,https://data.mendeley.com/datasets/ptz377bwb8/1,2026-09-26,fungi,,,IMG_9376.JPG,,,external_test,folder-mapped(paper-T1+visual),CC BY 4.0,0,0,1
central_java,v1,https://data.mendeley.com/datasets/ptz377bwb8/1,2026-09-26,fungi,,,IMG_9377.JPG,,,external_test,folder-mapped(paper-T1+visual),CC BY 4.0,0,0,1
central_java,v1,https://data.mendeley.com/datasets/ptz377bwb8/1,2026-09-26,fungi,,,IMG_9378.JPG,,,external_test,folder-mapped(paper-T1+visual),CC BY 4.0,0,0,1
central_java,v1,https://data.mendeley.com/datasets/ptz377bwb8/1,2026-09-26,fungi,,,IMG_9379.JPG,,,external_test,folder-mapped(paper-T1+visual),CC BY 4.0,0,0,1
central_java,v1,https://data.mendeley.com/datasets/ptz377bwb8/1,2026-09-26,fungi,,,IMG_9380.JPG,,,external_test,folder-mapped(paper-T1+visual),CC BY 4.0,0,0,1
central_java,v1,https://data.mendeley.com/datasets/ptz377bwb8/1,2026-09-26,fungi,,,IMG_9381.JPG,,,external_test,folder-mapped(paper-T1+visual),CC BY 4.0,0,0,1
central_java,v1,https://data.mendeley.com/datasets/ptz377bwb8/1,2026-09-26,fungi,,,IMG_9382.JPG,,,external_test,folder-mapped(paper-T1+visual),CC BY 4.0,0,0,1
central_java,v1,https://data.mendeley.com/datasets/ptz377bwb8/1,2026-09-26,fungi,,,IMG_9384.JPG,,,external_test,folder-mapped(paper-T1+visual),CC BY 4.0,0,0,1
central_java,v1,https://data.mendeley.com/datasets/ptz377bwb8/1,2026-09-26,fungi,,,IMG_9385.JPG,,,external_test,folder-mapped(paper-T1+visual),CC BY 4.0,0,0,1
central_java,v1,https://data.mendeley.com/datasets/ptz377bwb8/1,2026-09-26,fungi,,,IMG_9386.JPG,,,external_test,folder-mapped(paper-T1+visual),CC BY 4.0,0,0,1
central_java,v1,https://data.mendeley.com/datasets/ptz377bwb8/1,2026-09-26,fungi,,,IMG_9390.JPG,,,external_test,folder-mapped(paper-T1+visual),CC BY 4.0,0,0,1
central_java,v1,https://data.mendeley.com/datasets/ptz377bwb8/1,2026-09-26,fungi,,,IMG_9391.JPG,,,external_test,folder-mapped(paper-T1+visual),CC BY 4.0,0,0,1
central_java,v1,https://data.mendeley.com/datasets/ptz377bwb8/1,2026-09-26,fungi,,,IMG_9392.JPG,,,external_test,folder-mapped(paper-T1+visual),CC BY 4.0,0,0,1
central_java,v1,https://data.mendeley.com/datasets/ptz377bwb8/1,2026-09-26,fungi,,,IMG_9393.JPG,,,external_test,folder-mapped(paper-T1+visual),CC BY 4.0,0,0,1
central_java,v1,https://data.mendeley.com/datasets/ptz377bwb8/1,2026-09-26,fungi,,,IMG_9394.JPG,,,external_test,folder-mapped(paper-T1+visual),CC BY 4.0,0,0,1
central_java,v1,https://data.mendeley.com/datasets/ptz377bwb8/1,2026-09-26,fungi,,,IMG_9395.JPG,,,external_test,folder-mapped(paper-T1+visual),CC BY 4.0,0,0,1
central_java,v1,https://data.mendeley.com/datasets/ptz377bwb8/1,2026-09-26,fungi,,,IMG_9399.JPG,,,external_test,folder-mapped(paper-T1+visual),CC BY 4.0,0,0,1
central_java,v1,https://data.mendeley.com/datasets/ptz377bwb8/1,2026-09-26,fungi,,,IMG_9400.JPG,,,external_test,folder-mapped(paper-T1+visual),CC BY 4.0,0,0,1
central_java,v1,https://data.mendeley.com/datasets/ptz377bwb8/1,2026-09-26,fungi,,,IMG_9403.JPG,,,external_test,folder-mapped(paper-T1+visual),CC BY 4.0,0,0,1
central_java,v1,https://data.mendeley.com/datasets/ptz377bwb8/1,2026-09-26,fungi,,,IMG_9404.JPG,,,external_test,folder-mapped(paper-T1+visual),CC BY 4.0,0,0,1
central_java,v1,https://data.mendeley.com/datasets/ptz377bwb8/1,2026-09-26,fungi,,,IMG_9405.JPG,,,external_test,folder-mapped(paper-T1+visual),CC BY 4.0,0,0,1
central_java,v1,https://data.mendeley.com/datasets/ptz377bwb8/1,2026-09-26,fungi,,,IMG_9406.JPG,,,external_test,folder-mapped(paper-T1+visual),CC BY 4.0,0,0,1
central_java,v1,https://data.mendeley.com/datasets/ptz377bwb8/1,2026-09-26,fungi,,,IMG_9407.JPG,,,external_test,folder-mapped(paper-T1+visual),CC BY 4.0,0,0,1
central_java,v1,https://data.mendeley.com/datasets/ptz377bwb8/1,2026-09-26,fungi,,,IMG_9409.JPG,,,external_test,folder-mapped(paper-T1+visual),CC BY 4.0,0,0,1
central_java,v1,https://data.mendeley.com/datasets/ptz377bwb8/1,2026-09-26,fungi,,,IMG_9410.JPG,,,external_test,folder-mapped(paper-T1+visual),CC BY 4.0,0,0,1
central_java,v1,https://data.mendeley.com/datasets/ptz377bwb8/1,2026-09-26,fungi,,,IMG_9411.JPG,,,external_test,folder-mapped(paper-T1+visual),CC BY 4.0,0,0,1
central_java,v1,https://data.mendeley.com/datasets/ptz377bwb8/1,2026-09-26,fungi,,,IMG_9414.JPG,,,external_test,folder-mapped(paper-T1+visual),CC BY 4.0,0,0,1
central_java,v1,https://data.mendeley.com/datasets/ptz377bwb8/1,2026-09-26,fungi,,,IMG_9415.JPG,,,external_test,folder-mapped(paper-T1+visual),CC BY 4.0,0,0,1
central_java,v1,https://data.mendeley.com/datasets/ptz377bwb8/1,2026-09-26,fungi,,,IMG_9416.JPG,,,external_test,folder-mapped(paper-T1+visual),CC BY 4.0,0,0,1
central_java,v1,https://data.mendeley.com/datasets/ptz377bwb8/1,2026-09-26,fungi,,,IMG_9420.JPG,,,external_test,folder-mapped(paper-T1+visual),CC BY 4.0,0,0,1
central_java,v1,https://data.mendeley.com/datasets/ptz377bwb8/1,2026-09-26,fungi,,,IMG_9421.JPG,,,external_test,folder-mapped(paper-T1+visual),CC BY 4.0,0,0,1
central_java,v1,https://data.mendeley.com/datasets/ptz377bwb8/1,2026-09-26,fungi,,,IMG_9422.JPG,,,external_test,folder-mapped(paper-T1+visual),CC BY 4.0,0,0,1
central_java,v1,https://data.mendeley.com/datasets/ptz377bwb8/1,2026-09-26,fungi,,,IMG_9423.JPG,,,external_test,folder-mapped(paper-T1+visual),CC BY 4.0,0,0,1
central_java,v1,https://data.mendeley.com/datasets/ptz377bwb8/1,2026-09-26,fungi,,,IMG_9424.JPG,,,external_test,folder-mapped(paper-T1+visual),CC BY 4.0,0,0,1
central_java,v1,https://data.mendeley.com/datasets/ptz377bwb8/1,2026-09-26,fungi,,,IMG_9428.JPG,,,external_test,folder-mapped(paper-T1+visual),CC BY 4.0,0,0,1
central_java,v1,https://data.mendeley.com/datasets/ptz377bwb8/1,2026-09-26,fungi,,,IMG_9429.JPG,,,external_test,folder-mapped(paper-T1+visual),CC BY 4.0,0,0,1
central_java,v1,https://data.mendeley.com/datasets/ptz377bwb8/1,2026-09-26,fungi,,,IMG_9431.JPG,,,external_test,folder-mapped(paper-T1+visual),CC BY 4.0,0,0,1
central_java,v1,https://data.mendeley.com/datasets/ptz377bwb8/1,2026-09-26,fungi,,,IMG_9432.JPG,,,external_test,folder-mapped(paper-T1+visual),CC BY 4.0,0,0,1
central_java,v1,https://data.mendeley.com/datasets/ptz377bwb8/1,2026-09-26,fungi,,,IMG_9433.JPG,,,external_test,folder-mapped(paper-T1+visual),CC BY 4.0,0,0,1
central_java,v1,https://data.mendeley.com/datasets/ptz377bwb8/1,2026-09-26,fungi,,,IMG_9434.JPG,,,external_test,folder-mapped(paper-T1+visual),CC BY 4.0,0,0,1
central_java,v1,https://data.mendeley.com/datasets/ptz377bwb8/1,2026-09-26,fungi,,,IMG_9435.JPG,,,external_test,folder-mapped(paper-T1+visual),CC BY 4.0,0,0,1
central_java,v1,https://data.mendeley.com/datasets/ptz377bwb8/1,2026-09-26,fungi,,,IMG_9436.JPG,,,external_test,folder-mapped(paper-T1+visual),CC BY 4.0,0,0,1
central_java,v1,https://data.mendeley.com/datasets/ptz377bwb8/1,2026-09-26,fungi,,,IMG_9437.JPG,,,external_test,folder-mapped(paper-T1+visual),CC BY 4.0,0,0,1
central_java,v1,https://data.mendeley.com/datasets/ptz377bwb8/1,2026-09-26,fungi,,,IMG_9438.JPG,,,external_test,folder-mapped(paper-T1+visual),CC BY 4.0,0,0,1
central_java,v1,https://data.mendeley.com/datasets/ptz377bwb8/1,2026-09-26,fungi,,,IMG_9441.JPG,,,external_test,folder-mapped(paper-T1+visual),CC BY 4.0,0,0,1
central_java,v1,https://data.mendeley.com/datasets/ptz377bwb8/1,2026-09-26,fungi,,,IMG_9442.JPG,,,external_test,folder-mapped(paper-T1+visual),CC BY 4.0,0,0,1
central_java,v1,https://data.mendeley.com/datasets/ptz377bwb8/1,2026-09-26,fungi,,,IMG_9444.JPG,,,external_test,folder-mapped(paper-T1+visual),CC BY 4.0,0,0,1
central_java,v1,https://data.mendeley.com/datasets/ptz377bwb8/1,2026-09-26,fungi,,,IMG_9445.JPG,,,external_test,folder-mapped(paper-T1+visual),CC BY 4.0,0,0,1
central_java,v1,https://data.mendeley.com/datasets/ptz377bwb8/1,2026-09-26,fungi,,,IMG_9446.JPG,,,external_test,folder-mapped(paper-T1+visual),CC BY 4.0,0,0,1
central_java,v1,https://data.mendeley.com/datasets/ptz377bwb8/1,2026-09-26,fungi,,,IMG_9450.JPG,,,external_test,folder-mapped(paper-T1+visual),CC BY 4.0,0,0,1
central_java,v1,https://data.mendeley.com/datasets/ptz377bwb8/1,2026-09-26,fungi,,,IMG_9451.JPG,,,external_test,folder-mapped(paper-T1+visual),CC BY 4.0,0,0,1
central_java,v1,https://data.mendeley.com/datasets/ptz377bwb8/1,2026-09-26,fungi,,,IMG_9452.JPG,,,external_test,folder-mapped(paper-T1+visual),CC BY 4.0,0,0,1
central_java,v1,https://data.mendeley.com/datasets/ptz377bwb8/1,2026-09-26,fungi,,,IMG_9453.JPG,,,external_test,folder-mapped(paper-T1+visual),CC BY 4.0,0,0,1
central_java,v1,https://data.mendeley.com/datasets/ptz377bwb8/1,2026-09-26,fungi,,,IMG_9454.JPG,,,external_test,folder-mapped(paper-T1+visual),CC BY 4.0,0,0,1
central_java,v1,https://data.mendeley.com/datasets/ptz377bwb8/1,2026-09-26,fungi,,,IMG_9455.JPG,,,external_test,folder-mapped(paper-T1+visual),CC BY 4.0,0,0,1
central_java,v1,https://data.mendeley.com/datasets/ptz377bwb8/1,2026-09-26,fungi,,,IMG_9456.JPG,,,external_test,folder-mapped(paper-T1+visual),CC BY 4.0,0,0,1
central_java,v1,https://data.mendeley.com/datasets/ptz377bwb8/1,2026-09-26,fungi,,,IMG_9457.JPG,,,external_test,folder-mapped(paper-T1+visual),CC BY 4.0,0,0,1
central_java,v1,https://data.mendeley.com/datasets/ptz377bwb8/1,2026-09-26,fungi,,,IMG_9458.JPG,,,external_test,folder-mapped(paper-T1+visual),CC BY 4.0,0,0,1
central_java,v1,https://data.mendeley.com/datasets/ptz377bwb8/1,2026-09-26,fungi,,,IMG_9459.JPG,,,external_test,folder-mapped(paper-T1+visual),CC BY 4.0,0,0,1
central_java,v1,https://data.mendeley.com/datasets/ptz377bwb8/1,2026-09-26,fungi,,,IMG_9460.JPG,,,external_test,folder-mapped(paper-T1+visual),CC BY 4.0,0,0,1
central_java,v1,https://data.mendeley.com/datasets/ptz377bwb8/1,2026-09-26,fungi,,,IMG_9466.JPG,,,external_test,folder-mapped(paper-T1+visual),CC BY 4.0,0,0,1
central_java,v1,https://data.mendeley.com/datasets/ptz377bwb8/1,2026-09-26,fungi,,,IMG_9467.JPG,,,external_test,folder-mapped(paper-T1+visual),CC BY 4.0,0,0,1
central_java,v1,https://data.mendeley.com/datasets/ptz377bwb8/1,2026-09-26,fungi,,,IMG_9468.JPG,,,external_test,folder-mapped(paper-T1+visual),CC BY 4.0,0,0,1
central_java,v1,https://data.mendeley.com/datasets/ptz377bwb8/1,2026-09-26,fungi,,,IMG_9469.JPG,,,external_test,folder-mapped(paper-T1+visual),CC BY 4.0,0,0,1
central_java,v1,https://data.mendeley.com/datasets/ptz377bwb8/1,2026-09-26,fungi,,,IMG_9470.JPG,,,external_test,folder-mapped(paper-T1+visual),CC BY 4.0,0,0,1
central_java,v1,https://data.mendeley.com/datasets/ptz377bwb8/1,2026-09-26,fungi,,,IMG_9471.JPG,,,external_test,folder-mapped(paper-T1+visual),CC BY 4.0,0,0,1
central_java,v1,https://data.mendeley.com/datasets/ptz377bwb8/1,2026-09-26,fungi,,,IMG_9476.JPG,,,external_test,folder-mapped(paper-T1+visual),CC BY 4.0,0,0,1
central_java,v1,https://data.mendeley.com/datasets/ptz377bwb8/1,2026-09-26,fungi,,,IMG_9477.JPG,,,external_test,folder-mapped(paper-T1+visual),CC BY 4.0,0,0,1
central_java,v1,https://data.mendeley.com/datasets/ptz377bwb8/1,2026-09-26,fungi,,,IMG_9481.JPG,,,external_test,folder-mapped(paper-T1+visual),CC BY 4.0,0,0,1
central_java,v1,https://data.mendeley.com/datasets/ptz377bwb8/1,2026-09-26,phytophthora,,,1692332350385.jpg,,,external_test,folder-mapped(paper-T1+visual),CC BY 4.0,0,0,1
central_java,v1,https://data.mendeley.com/datasets/ptz377bwb8/1,2026-09-26,phytophthora,,,1692335404516.jpg,,,external_test,folder-mapped(paper-T1+visual),CC BY 4.0,0,0,1
central_java,v1,https://data.mendeley.com/datasets/ptz377bwb8/1,2026-09-26,phytophthora,,,1692336758747.jpg,,,external_test,folder-mapped(paper-T1+visual),CC BY 4.0,0,0,1
central_java,v1,https://data.mendeley.com/datasets/ptz377bwb8/1,2026-09-26,phytophthora,,,1692336759084.jpg,,,external_test,folder-mapped(paper-T1+visual),CC BY 4.0,0,0,1
central_java,v1,https://data.mendeley.com/datasets/ptz377bwb8/1,2026-09-26,phytophthora,,,20230712_115252.jpg,,,external_test,folder-mapped(paper-T1+visual),CC BY 4.0,0,0,1
central_java,v1,https://data.mendeley.com/datasets/ptz377bwb8/1,2026-09-26,phytophthora,,,20230712_120436.jpg,,,external_test,folder-mapped(paper-T1+visual),CC BY 4.0,0,0,1
central_java,v1,https://data.mendeley.com/datasets/ptz377bwb8/1,2026-09-26,phytophthora,,,20230712_144044.jpg,,,external_test,folder-mapped(paper-T1+visual),CC BY 4.0,0,0,1
central_java,v1,https://data.mendeley.com/datasets/ptz377bwb8/1,2026-09-26,phytophthora,,,20230712_144143.jpg,,,external_test,folder-mapped(paper-T1+visual),CC BY 4.0,0,0,1
central_java,v1,https://data.mendeley.com/datasets/ptz377bwb8/1,2026-09-26,phytophthora,,,20230712_154128.jpg,,,external_test,folder-mapped(paper-T1+visual),CC BY 4.0,0,0,1
central_java,v1,https://data.mendeley.com/datasets/ptz377bwb8/1,2026-09-26,phytophthora,,,20230712_154222.jpg,,,external_test,folder-mapped(paper-T1+visual),CC BY 4.0,0,0,1
central_java,v1,https://data.mendeley.com/datasets/ptz377bwb8/1,2026-09-26,phytophthora,,,20230712_154232.jpg,,,external_test,folder-mapped(paper-T1+visual),CC BY 4.0,0,0,1
central_java,v1,https://data.mendeley.com/datasets/ptz377bwb8/1,2026-09-26,phytophthora,,,20230712_154258.jpg,,,external_test,folder-mapped(paper-T1+visual),CC BY 4.0,0,0,1
central_java,v1,https://data.mendeley.com/datasets/ptz377bwb8/1,2026-09-26,phytophthora,,,20230712_154940.jpg,,,external_test,folder-mapped(paper-T1+visual),CC BY 4.0,0,0,1
central_java,v1,https://data.mendeley.com/datasets/ptz377bwb8/1,2026-09-26,phytophthora,,,20230712_155047.jpg,,,external_test,folder-mapped(paper-T1+visual),CC BY 4.0,0,0,1
central_java,v1,https://data.mendeley.com/datasets/ptz377bwb8/1,2026-09-26,phytophthora,,,20230712_155052.jpg,,,external_test,folder-mapped(paper-T1+visual),CC BY 4.0,0,0,1
central_java,v1,https://data.mendeley.com/datasets/ptz377bwb8/1,2026-09-26,phytophthora,,,20230712_160142.jpg,,,external_test,folder-mapped(paper-T1+visual),CC BY 4.0,0,0,1
central_java,v1,https://data.mendeley.com/datasets/ptz377bwb8/1,2026-09-26,phytophthora,,,20230712_160214.jpg,,,external_test,folder-mapped(paper-T1+visual),CC BY 4.0,0,0,1
central_java,v1,https://data.mendeley.com/datasets/ptz377bwb8/1,2026-09-26,phytophthora,,,20230712_160218.jpg,,,external_test,folder-mapped(paper-T1+visual),CC BY 4.0,0,0,1
central_java,v1,https://data.mendeley.com/datasets/ptz377bwb8/1,2026-09-26,phytophthora,,,20230712_160344.jpg,,,external_test,folder-mapped(paper-T1+visual),CC BY 4.0,0,0,1
central_java,v1,https://data.mendeley.com/datasets/ptz377bwb8/1,2026-09-26,phytophthora,,,20230802_105945.jpg,,,external_test,folder-mapped(paper-T1+visual),CC BY 4.0,0,0,1
central_java,v1,https://data.mendeley.com/datasets/ptz377bwb8/1,2026-09-26,phytophthora,,,20230802_110909.jpg,,,external_test,folder-mapped(paper-T1+visual),CC BY 4.0,0,0,1
central_java,v1,https://data.mendeley.com/datasets/ptz377bwb8/1,2026-09-26,phytophthora,,,20230802_115546.jpg,,,external_test,folder-mapped(paper-T1+visual),CC BY 4.0,0,0,1
central_java,v1,https://data.mendeley.com/datasets/ptz377bwb8/1,2026-09-26,phytophthora,,,20230802_115549.jpg,,,external_test,folder-mapped(paper-T1+visual),CC BY 4.0,0,0,1
central_java,v1,https://data.mendeley.com/datasets/ptz377bwb8/1,2026-09-26,phytophthora,,,20230802_123312346.jpg,,,external_test,folder-mapped(paper-T1+visual),CC BY 4.0,0,0,1
central_java,v1,https://data.mendeley.com/datasets/ptz377bwb8/1,2026-09-26,phytophthora,,,20230802_123356.jpg,,,external_test,folder-mapped(paper-T1+visual),CC BY 4.0,0,0,1
central_java,v1,https://data.mendeley.com/datasets/ptz377bwb8/1,2026-09-26,phytophthora,,,20230802_123410851.jpg,,,external_test,folder-mapped(paper-T1+visual),CC BY 4.0,0,0,1
central_java,v1,https://data.mendeley.com/datasets/ptz377bwb8/1,2026-09-26,phytophthora,,,20230802_123415.jpg,,,external_test,folder-mapped(paper-T1+visual),CC BY 4.0,0,0,1
central_java,v1,https://data.mendeley.com/datasets/ptz377bwb8/1,2026-09-26,phytophthora,,,20230802_123417.jpg,,,external_test,folder-mapped(paper-T1+visual),CC BY 4.0,0,0,1
central_java,v1,https://data.mendeley.com/datasets/ptz377bwb8/1,2026-09-26,phytophthora,,,20230802_123430.jpg,,,external_test,folder-mapped(paper-T1+visual),CC BY 4.0,0,0,1
central_java,v1,https://data.mendeley.com/datasets/ptz377bwb8/1,2026-09-26,phytophthora,,,20230802_123436584.jpg,,,external_test,folder-mapped(paper-T1+visual),CC BY 4.0,0,0,1
central_java,v1,https://data.mendeley.com/datasets/ptz377bwb8/1,2026-09-26,phytophthora,,,20230802_123443538.jpg,,,external_test,folder-mapped(paper-T1+visual),CC BY 4.0,0,0,1
central_java,v1,https://data.mendeley.com/datasets/ptz377bwb8/1,2026-09-26,phytophthora,,,20230802_123451.jpg,,,external_test,folder-mapped(paper-T1+visual),CC BY 4.0,0,0,1
central_java,v1,https://data.mendeley.com/datasets/ptz377bwb8/1,2026-09-26,phytophthora,,,20230802_123456.jpg,,,external_test,folder-mapped(paper-T1+visual),CC BY 4.0,0,0,1
central_java,v1,https://data.mendeley.com/datasets/ptz377bwb8/1,2026-09-26,phytophthora,,,20230802_123520567.jpg,,,external_test,folder-mapped(paper-T1+visual),CC BY 4.0,0,0,1
central_java,v1,https://data.mendeley.com/datasets/ptz377bwb8/1,2026-09-26,phytophthora,,,20230802_123535.jpg,,,external_test,folder-mapped(paper-T1+visual),CC BY 4.0,0,0,1
central_java,v1,https://data.mendeley.com/datasets/ptz377bwb8/1,2026-09-26,phytophthora,,,20230802_123555.jpg,,,external_test,folder-mapped(paper-T1+visual),CC BY 4.0,0,0,1
central_java,v1,https://data.mendeley.com/datasets/ptz377bwb8/1,2026-09-26,phytophthora,,,20230802_123615.jpg,,,external_test,folder-mapped(paper-T1+visual),CC BY 4.0,0,0,1
central_java,v1,https://data.mendeley.com/datasets/ptz377bwb8/1,2026-09-26,phytophthora,,,20230802_123623700.jpg,,,external_test,folder-mapped(paper-T1+visual),CC BY 4.0,0,0,1
central_java,v1,https://data.mendeley.com/datasets/ptz377bwb8/1,2026-09-26,phytophthora,,,20230802_123634.jpg,,,external_test,folder-mapped(paper-T1+visual),CC BY 4.0,0,0,1
central_java,v1,https://data.mendeley.com/datasets/ptz377bwb8/1,2026-09-26,phytophthora,,,20230802_123635614.jpg,,,external_test,folder-mapped(paper-T1+visual),CC BY 4.0,0,0,1
central_java,v1,https://data.mendeley.com/datasets/ptz377bwb8/1,2026-09-26,phytophthora,,,20230802_123641.jpg,,,external_test,folder-mapped(paper-T1+visual),CC BY 4.0,0,0,1
central_java,v1,https://data.mendeley.com/datasets/ptz377bwb8/1,2026-09-26,phytophthora,,,20230802_123643.jpg,,,external_test,folder-mapped(paper-T1+visual),CC BY 4.0,0,0,1
central_java,v1,https://data.mendeley.com/datasets/ptz377bwb8/1,2026-09-26,phytophthora,,,20230802_123704486.jpg,,,external_test,folder-mapped(paper-T1+visual),CC BY 4.0,0,0,1
central_java,v1,https://data.mendeley.com/datasets/ptz377bwb8/1,2026-09-26,phytophthora,,,20230802_123716813.jpg,,,external_test,folder-mapped(paper-T1+visual),CC BY 4.0,0,0,1
central_java,v1,https://data.mendeley.com/datasets/ptz377bwb8/1,2026-09-26,phytophthora,,,20230802_123720754.jpg,,,external_test,folder-mapped(paper-T1+visual),CC BY 4.0,0,0,1
central_java,v1,https://data.mendeley.com/datasets/ptz377bwb8/1,2026-09-26,phytophthora,,,20230802_123726.jpg,,,external_test,folder-mapped(paper-T1+visual),CC BY 4.0,0,0,1
central_java,v1,https://data.mendeley.com/datasets/ptz377bwb8/1,2026-09-26,phytophthora,,,20230802_123732806.jpg,,,external_test,folder-mapped(paper-T1+visual),CC BY 4.0,0,0,1
central_java,v1,https://data.mendeley.com/datasets/ptz377bwb8/1,2026-09-26,phytophthora,,,20230802_123736.jpg,,,external_test,folder-mapped(paper-T1+visual),CC BY 4.0,0,0,1
central_java,v1,https://data.mendeley.com/datasets/ptz377bwb8/1,2026-09-26,phytophthora,,,20230802_123741535.jpg,,,external_test,folder-mapped(paper-T1+visual),CC BY 4.0,0,0,1
central_java,v1,https://data.mendeley.com/datasets/ptz377bwb8/1,2026-09-26,phytophthora,,,20230802_123749.jpg,,,external_test,folder-mapped(paper-T1+visual),CC BY 4.0,0,0,1
central_java,v1,https://data.mendeley.com/datasets/ptz377bwb8/1,2026-09-26,phytophthora,,,20230802_123755.jpg,,,external_test,folder-mapped(paper-T1+visual),CC BY 4.0,0,0,1
central_java,v1,https://data.mendeley.com/datasets/ptz377bwb8/1,2026-09-26,phytophthora,,,20230802_123759.jpg,,,external_test,folder-mapped(paper-T1+visual),CC BY 4.0,0,0,1
central_java,v1,https://data.mendeley.com/datasets/ptz377bwb8/1,2026-09-26,phytophthora,,,20230802_123759725.jpg,,,external_test,folder-mapped(paper-T1+visual),CC BY 4.0,0,0,1
central_java,v1,https://data.mendeley.com/datasets/ptz377bwb8/1,2026-09-26,phytophthora,,,20230802_123806.jpg,,,external_test,folder-mapped(paper-T1+visual),CC BY 4.0,0,0,1
central_java,v1,https://data.mendeley.com/datasets/ptz377bwb8/1,2026-09-26,phytophthora,,,20230802_123806707.jpg,,,external_test,folder-mapped(paper-T1+visual),CC BY 4.0,0,0,1
central_java,v1,https://data.mendeley.com/datasets/ptz377bwb8/1,2026-09-26,phytophthora,,,20230802_123809.jpg,,,external_test,folder-mapped(paper-T1+visual),CC BY 4.0,0,0,1
central_java,v1,https://data.mendeley.com/datasets/ptz377bwb8/1,2026-09-26,phytophthora,,,20230802_123816.jpg,,,external_test,folder-mapped(paper-T1+visual),CC BY 4.0,0,0,1
central_java,v1,https://data.mendeley.com/datasets/ptz377bwb8/1,2026-09-26,phytophthora,,,20230802_123816600.jpg,,,external_test,folder-mapped(paper-T1+visual),CC BY 4.0,0,0,1
central_java,v1,https://data.mendeley.com/datasets/ptz377bwb8/1,2026-09-26,phytophthora,,,20230802_123819.jpg,,,external_test,folder-mapped(paper-T1+visual),CC BY 4.0,0,0,1
central_java,v1,https://data.mendeley.com/datasets/ptz377bwb8/1,2026-09-26,phytophthora,,,20230802_123821829.jpg,,,external_test,folder-mapped(paper-T1+visual),CC BY 4.0,0,0,1
central_java,v1,https://data.mendeley.com/datasets/ptz377bwb8/1,2026-09-26,phytophthora,,,20230802_123856145.jpg,,,external_test,folder-mapped(paper-T1+visual),CC BY 4.0,0,0,1
central_java,v1,https://data.mendeley.com/datasets/ptz377bwb8/1,2026-09-26,phytophthora,,,20230802_123916.jpg,,,external_test,folder-mapped(paper-T1+visual),CC BY 4.0,0,0,1
central_java,v1,https://data.mendeley.com/datasets/ptz377bwb8/1,2026-09-26,phytophthora,,,20230802_123919.jpg,,,external_test,folder-mapped(paper-T1+visual),CC BY 4.0,0,0,1
central_java,v1,https://data.mendeley.com/datasets/ptz377bwb8/1,2026-09-26,phytophthora,,,20230802_123921.jpg,,,external_test,folder-mapped(paper-T1+visual),CC BY 4.0,0,0,1
central_java,v1,https://data.mendeley.com/datasets/ptz377bwb8/1,2026-09-26,phytophthora,,,20230802_123939665.jpg,,,external_test,folder-mapped(paper-T1+visual),CC BY 4.0,0,0,1
central_java,v1,https://data.mendeley.com/datasets/ptz377bwb8/1,2026-09-26,phytophthora,,,20230802_123953.jpg,,,external_test,folder-mapped(paper-T1+visual),CC BY 4.0,0,0,1
central_java,v1,https://data.mendeley.com/datasets/ptz377bwb8/1,2026-09-26,phytophthora,,,20230802_123957.jpg,,,external_test,folder-mapped(paper-T1+visual),CC BY 4.0,0,0,1
central_java,v1,https://data.mendeley.com/datasets/ptz377bwb8/1,2026-09-26,phytophthora,,,20230802_124002473.jpg,,,external_test,folder-mapped(paper-T1+visual),CC BY 4.0,0,0,1
central_java,v1,https://data.mendeley.com/datasets/ptz377bwb8/1,2026-09-26,phytophthora,,,20230802_124004.jpg,,,external_test,folder-mapped(paper-T1+visual),CC BY 4.0,0,0,1
central_java,v1,https://data.mendeley.com/datasets/ptz377bwb8/1,2026-09-26,phytophthora,,,20230802_124021.jpg,,,external_test,folder-mapped(paper-T1+visual),CC BY 4.0,0,0,1
central_java,v1,https://data.mendeley.com/datasets/ptz377bwb8/1,2026-09-26,phytophthora,,,20230802_124025.jpg,,,external_test,folder-mapped(paper-T1+visual),CC BY 4.0,0,0,1
central_java,v1,https://data.mendeley.com/datasets/ptz377bwb8/1,2026-09-26,phytophthora,,,20230802_124108005.jpg,,,external_test,folder-mapped(paper-T1+visual),CC BY 4.0,0,0,1
central_java,v1,https://data.mendeley.com/datasets/ptz377bwb8/1,2026-09-26,phytophthora,,,20230802_124148.jpg,,,external_test,folder-mapped(paper-T1+visual),CC BY 4.0,0,0,1
central_java,v1,https://data.mendeley.com/datasets/ptz377bwb8/1,2026-09-26,phytophthora,,,20230802_124152.jpg,,,external_test,folder-mapped(paper-T1+visual),CC BY 4.0,0,0,1
central_java,v1,https://data.mendeley.com/datasets/ptz377bwb8/1,2026-09-26,phytophthora,,,20230802_124302.jpg,,,external_test,folder-mapped(paper-T1+visual),CC BY 4.0,0,0,1
central_java,v1,https://data.mendeley.com/datasets/ptz377bwb8/1,2026-09-26,phytophthora,,,20230802_124308.jpg,,,external_test,folder-mapped(paper-T1+visual),CC BY 4.0,0,0,1
central_java,v1,https://data.mendeley.com/datasets/ptz377bwb8/1,2026-09-26,phytophthora,,,20230802_124313.jpg,,,external_test,folder-mapped(paper-T1+visual),CC BY 4.0,0,0,1
central_java,v1,https://data.mendeley.com/datasets/ptz377bwb8/1,2026-09-26,phytophthora,,,20230802_124316.jpg,,,external_test,folder-mapped(paper-T1+visual),CC BY 4.0,0,0,1
central_java,v1,https://data.mendeley.com/datasets/ptz377bwb8/1,2026-09-26,phytophthora,,,20230802_124336.jpg,,,external_test,folder-mapped(paper-T1+visual),CC BY 4.0,0,0,1
central_java,v1,https://data.mendeley.com/datasets/ptz377bwb8/1,2026-09-26,phytophthora,,,20230802_124350.jpg,,,external_test,folder-mapped(paper-T1+visual),CC BY 4.0,0,0,1
central_java,v1,https://data.mendeley.com/datasets/ptz377bwb8/1,2026-09-26,phytophthora,,,20230802_124354.jpg,,,external_test,folder-mapped(paper-T1+visual),CC BY 4.0,0,0,1
central_java,v1,https://data.mendeley.com/datasets/ptz377bwb8/1,2026-09-26,phytophthora,,,20230802_124436.jpg,,,external_test,folder-mapped(paper-T1+visual),CC BY 4.0,0,0,1
central_java,v1,https://data.mendeley.com/datasets/ptz377bwb8/1,2026-09-26,phytophthora,,,20230802_124445.jpg,,,external_test,folder-mapped(paper-T1+visual),CC BY 4.0,0,0,1
central_java,v1,https://data.mendeley.com/datasets/ptz377bwb8/1,2026-09-26,phytophthora,,,20230802_124453444.jpg,,,external_test,folder-mapped(paper-T1+visual),CC BY 4.0,0,0,1
central_java,v1,https://data.mendeley.com/datasets/ptz377bwb8/1,2026-09-26,phytophthora,,,20230802_124456.jpg,,,external_test,folder-mapped(paper-T1+visual),CC BY 4.0,0,0,1
central_java,v1,https://data.mendeley.com/datasets/ptz377bwb8/1,2026-09-26,phytophthora,,,20230802_124505.jpg,,,external_test,folder-mapped(paper-T1+visual),CC BY 4.0,0,0,1
central_java,v1,https://data.mendeley.com/datasets/ptz377bwb8/1,2026-09-26,phytophthora,,,20230802_124526691.jpg,,,external_test,folder-mapped(paper-T1+visual),CC BY 4.0,0,0,1
central_java,v1,https://data.mendeley.com/datasets/ptz377bwb8/1,2026-09-26,phytophthora,,,20230802_124543.jpg,,,external_test,folder-mapped(paper-T1+visual),CC BY 4.0,0,0,1
central_java,v1,https://data.mendeley.com/datasets/ptz377bwb8/1,2026-09-26,phytophthora,,,20230802_124605422.jpg,,,external_test,folder-mapped(paper-T1+visual),CC BY 4.0,0,0,1
central_java,v1,https://data.mendeley.com/datasets/ptz377bwb8/1,2026-09-26,phytophthora,,,20230802_124622.jpg,,,external_test,folder-mapped(paper-T1+visual),CC BY 4.0,0,0,1
central_java,v1,https://data.mendeley.com/datasets/ptz377bwb8/1,2026-09-26,phytophthora,,,20230802_124624.jpg,,,external_test,folder-mapped(paper-T1+visual),CC BY 4.0,0,0,1
central_java,v1,https://data.mendeley.com/datasets/ptz377bwb8/1,2026-09-26,phytophthora,,,20230802_124636.jpg,,,external_test,folder-mapped(paper-T1+visual),CC BY 4.0,0,0,1
central_java,v1,https://data.mendeley.com/datasets/ptz377bwb8/1,2026-09-26,phytophthora,,,20230802_124643.jpg,,,external_test,folder-mapped(paper-T1+visual),CC BY 4.0,0,0,1
central_java,v1,https://data.mendeley.com/datasets/ptz377bwb8/1,2026-09-26,phytophthora,,,20230802_124647.jpg,,,external_test,folder-mapped(paper-T1+visual),CC BY 4.0,0,0,1
central_java,v1,https://data.mendeley.com/datasets/ptz377bwb8/1,2026-09-26,phytophthora,,,20230802_124700039.jpg,,,external_test,folder-mapped(paper-T1+visual),CC BY 4.0,0,0,1
central_java,v1,https://data.mendeley.com/datasets/ptz377bwb8/1,2026-09-26,phytophthora,,,20230802_124709348.jpg,,,external_test,folder-mapped(paper-T1+visual),CC BY 4.0,0,0,1
central_java,v1,https://data.mendeley.com/datasets/ptz377bwb8/1,2026-09-26,phytophthora,,,20230802_124715.jpg,,,external_test,folder-mapped(paper-T1+visual),CC BY 4.0,0,0,1
central_java,v1,https://data.mendeley.com/datasets/ptz377bwb8/1,2026-09-26,phytophthora,,,20230802_124725.jpg,,,external_test,folder-mapped(paper-T1+visual),CC BY 4.0,0,0,1
central_java,v1,https://data.mendeley.com/datasets/ptz377bwb8/1,2026-09-26,phytophthora,,,20230802_124734789.jpg,,,external_test,folder-mapped(paper-T1+visual),CC BY 4.0,0,0,1
central_java,v1,https://data.mendeley.com/datasets/ptz377bwb8/1,2026-09-26,phytophthora,,,20230802_124739.jpg,,,external_test,folder-mapped(paper-T1+visual),CC BY 4.0,0,0,1
central_java,v1,https://data.mendeley.com/datasets/ptz377bwb8/1,2026-09-26,phytophthora,,,20230802_124741.jpg,,,external_test,folder-mapped(paper-T1+visual),CC BY 4.0,0,0,1
central_java,v1,https://data.mendeley.com/datasets/ptz377bwb8/1,2026-09-26,phytophthora,,,20230802_124744990.jpg,,,external_test,folder-mapped(paper-T1+visual),CC BY 4.0,0,0,1
central_java,v1,https://data.mendeley.com/datasets/ptz377bwb8/1,2026-09-26,phytophthora,,,20230802_124750970.jpg,,,external_test,folder-mapped(paper-T1+visual),CC BY 4.0,0,0,1
central_java,v1,https://data.mendeley.com/datasets/ptz377bwb8/1,2026-09-26,phytophthora,,,20230802_124755.jpg,,,external_test,folder-mapped(paper-T1+visual),CC BY 4.0,0,0,1
central_java,v1,https://data.mendeley.com/datasets/ptz377bwb8/1,2026-09-26,phytophthora,,,20230802_124756.jpg,,,external_test,folder-mapped(paper-T1+visual),CC BY 4.0,0,0,1
central_java,v1,https://data.mendeley.com/datasets/ptz377bwb8/1,2026-09-26,phytophthora,,,20230802_124841651.jpg,,,external_test,folder-mapped(paper-T1+visual),CC BY 4.0,0,0,1
central_java,v1,https://data.mendeley.com/datasets/ptz377bwb8/1,2026-09-26,phytophthora,,,20230802_124852301.jpg,,,external_test,folder-mapped(paper-T1+visual),CC BY 4.0,0,0,1
central_java,v1,https://data.mendeley.com/datasets/ptz377bwb8/1,2026-09-26,phytophthora,,,20230802_124902.jpg,,,external_test,folder-mapped(paper-T1+visual),CC BY 4.0,0,0,1
central_java,v1,https://data.mendeley.com/datasets/ptz377bwb8/1,2026-09-26,phytophthora,,,20230802_124910.jpg,,,external_test,folder-mapped(paper-T1+visual),CC BY 4.0,0,0,1
central_java,v1,https://data.mendeley.com/datasets/ptz377bwb8/1,2026-09-26,phytophthora,,,20230802_124923980.jpg,,,external_test,folder-mapped(paper-T1+visual),CC BY 4.0,0,0,1
central_java,v1,https://data.mendeley.com/datasets/ptz377bwb8/1,2026-09-26,phytophthora,,,20230802_124932.jpg,,,external_test,folder-mapped(paper-T1+visual),CC BY 4.0,0,0,1
central_java,v1,https://data.mendeley.com/datasets/ptz377bwb8/1,2026-09-26,phytophthora,,,20230802_124937943.jpg,,,external_test,folder-mapped(paper-T1+visual),CC BY 4.0,0,0,1
central_java,v1,https://data.mendeley.com/datasets/ptz377bwb8/1,2026-09-26,phytophthora,,,20230802_124940973.jpg,,,external_test,folder-mapped(paper-T1+visual),CC BY 4.0,0,0,1
central_java,v1,https://data.mendeley.com/datasets/ptz377bwb8/1,2026-09-26,phytophthora,,,20230802_124958342.jpg,,,external_test,folder-mapped(paper-T1+visual),CC BY 4.0,0,0,1
central_java,v1,https://data.mendeley.com/datasets/ptz377bwb8/1,2026-09-26,phytophthora,,,20230802_125005.jpg,,,external_test,folder-mapped(paper-T1+visual),CC BY 4.0,0,0,1
central_java,v1,https://data.mendeley.com/datasets/ptz377bwb8/1,2026-09-26,phytophthora,,,20230802_125012171.jpg,,,external_test,folder-mapped(paper-T1+visual),CC BY 4.0,0,0,1
central_java,v1,https://data.mendeley.com/datasets/ptz377bwb8/1,2026-09-26,phytophthora,,,20230802_125018630.jpg,,,external_test,folder-mapped(paper-T1+visual),CC BY 4.0,0,0,1
central_java,v1,https://data.mendeley.com/datasets/ptz377bwb8/1,2026-09-26,phytophthora,,,20230802_125027862.jpg,,,external_test,folder-mapped(paper-T1+visual),CC BY 4.0,0,0,1
central_java,v1,https://data.mendeley.com/datasets/ptz377bwb8/1,2026-09-26,phytophthora,,,20230802_125035887.jpg,,,external_test,folder-mapped(paper-T1+visual),CC BY 4.0,0,0,1
central_java,v1,https://data.mendeley.com/datasets/ptz377bwb8/1,2026-09-26,phytophthora,,,20230802_125057734.jpg,,,external_test,folder-mapped(paper-T1+visual),CC BY 4.0,0,0,1
central_java,v1,https://data.mendeley.com/datasets/ptz377bwb8/1,2026-09-26,phytophthora,,,20230802_125119145.jpg,,,external_test,folder-mapped(paper-T1+visual),CC BY 4.0,0,0,1
central_java,v1,https://data.mendeley.com/datasets/ptz377bwb8/1,2026-09-26,phytophthora,,,20230802_125410.jpg,,,external_test,folder-mapped(paper-T1+visual),CC BY 4.0,0,0,1
central_java,v1,https://data.mendeley.com/datasets/ptz377bwb8/1,2026-09-26,phytophthora,,,20230802_125412.jpg,,,external_test,folder-mapped(paper-T1+visual),CC BY 4.0,0,0,1
central_java,v1,https://data.mendeley.com/datasets/ptz377bwb8/1,2026-09-26,phytophthora,,,20230802_125507.jpg,,,external_test,folder-mapped(paper-T1+visual),CC BY 4.0,0,0,1
central_java,v1,https://data.mendeley.com/datasets/ptz377bwb8/1,2026-09-26,phytophthora,,,20230802_125533.jpg,,,external_test,folder-mapped(paper-T1+visual),CC BY 4.0,0,0,1
central_java,v1,https://data.mendeley.com/datasets/ptz377bwb8/1,2026-09-26,phytophthora,,,20230802_125536.jpg,,,external_test,folder-mapped(paper-T1+visual),CC BY 4.0,0,0,1
central_java,v1,https://data.mendeley.com/datasets/ptz377bwb8/1,2026-09-26,phytophthora,,,20230802_125538.jpg,,,external_test,folder-mapped(paper-T1+visual),CC BY 4.0,0,0,1
central_java,v1,https://data.mendeley.com/datasets/ptz377bwb8/1,2026-09-26,phytophthora,,,20230802_125541.jpg,,,external_test,folder-mapped(paper-T1+visual),CC BY 4.0,0,0,1
central_java,v1,https://data.mendeley.com/datasets/ptz377bwb8/1,2026-09-26,phytophthora,,,20230802_125551.jpg,,,external_test,folder-mapped(paper-T1+visual),CC BY 4.0,0,0,1
central_java,v1,https://data.mendeley.com/datasets/ptz377bwb8/1,2026-09-26,phytophthora,,,20230802_125709.jpg,,,external_test,folder-mapped(paper-T1+visual),CC BY 4.0,0,0,1
central_java,v1,https://data.mendeley.com/datasets/ptz377bwb8/1,2026-09-26,phytophthora,,,20230802_125803.jpg,,,external_test,folder-mapped(paper-T1+visual),CC BY 4.0,0,0,1
central_java,v1,https://data.mendeley.com/datasets/ptz377bwb8/1,2026-09-26,phytophthora,,,20230802_125847.jpg,,,external_test,folder-mapped(paper-T1+visual),CC BY 4.0,0,0,1
central_java,v1,https://data.mendeley.com/datasets/ptz377bwb8/1,2026-09-26,phytophthora,,,20230802_130028.jpg,,,external_test,folder-mapped(paper-T1+visual),CC BY 4.0,0,0,1
central_java,v1,https://data.mendeley.com/datasets/ptz377bwb8/1,2026-09-26,phytophthora,,,20230802_130247.jpg,,,external_test,folder-mapped(paper-T1+visual),CC BY 4.0,0,0,1
central_java,v1,https://data.mendeley.com/datasets/ptz377bwb8/1,2026-09-26,phytophthora,,,20230815_121437.jpg,,,external_test,folder-mapped(paper-T1+visual),CC BY 4.0,0,0,1
central_java,v1,https://data.mendeley.com/datasets/ptz377bwb8/1,2026-09-26,phytophthora,,,20230816_083249.jpg,,,external_test,folder-mapped(paper-T1+visual),CC BY 4.0,0,0,1
central_java,v1,https://data.mendeley.com/datasets/ptz377bwb8/1,2026-09-26,phytophthora,,,20230816_121945.jpg,,,external_test,folder-mapped(paper-T1+visual),CC BY 4.0,0,0,1
central_java,v1,https://data.mendeley.com/datasets/ptz377bwb8/1,2026-09-26,phytophthora,,,20230816_122432.jpg,,,external_test,folder-mapped(paper-T1+visual),CC BY 4.0,0,0,1
central_java,v1,https://data.mendeley.com/datasets/ptz377bwb8/1,2026-09-26,phytophthora,,,20230816_122505.jpg,,,external_test,folder-mapped(paper-T1+visual),CC BY 4.0,0,0,1
central_java,v1,https://data.mendeley.com/datasets/ptz377bwb8/1,2026-09-26,phytophthora,,,20230816_122601.jpg,,,external_test,folder-mapped(paper-T1+visual),CC BY 4.0,0,0,1
central_java,v1,https://data.mendeley.com/datasets/ptz377bwb8/1,2026-09-26,phytophthora,,,IMG_0131.JPG,,,external_test,folder-mapped(paper-T1+visual),CC BY 4.0,0,0,1
central_java,v1,https://data.mendeley.com/datasets/ptz377bwb8/1,2026-09-26,phytophthora,,,IMG_0244 (1).JPG,,,external_test,folder-mapped(paper-T1+visual),CC BY 4.0,0,0,1
central_java,v1,https://data.mendeley.com/datasets/ptz377bwb8/1,2026-09-26,phytophthora,,,IMG_0244.JPG,,,external_test,folder-mapped(paper-T1+visual),CC BY 4.0,0,0,1
central_java,v1,https://data.mendeley.com/datasets/ptz377bwb8/1,2026-09-26,phytophthora,,,IMG_0245.JPG,,,external_test,folder-mapped(paper-T1+visual),CC BY 4.0,0,0,1
central_java,v1,https://data.mendeley.com/datasets/ptz377bwb8/1,2026-09-26,phytophthora,,,IMG_0246.JPG,,,external_test,folder-mapped(paper-T1+visual),CC BY 4.0,0,0,1
central_java,v1,https://data.mendeley.com/datasets/ptz377bwb8/1,2026-09-26,phytophthora,,,IMG_0248.JPG,,,external_test,folder-mapped(paper-T1+visual),CC BY 4.0,0,0,1
central_java,v1,https://data.mendeley.com/datasets/ptz377bwb8/1,2026-09-26,phytophthora,,,IMG_0249 - Copy.JPG,,,external_test,folder-mapped(paper-T1+visual),CC BY 4.0,0,0,1
central_java,v1,https://data.mendeley.com/datasets/ptz377bwb8/1,2026-09-26,phytophthora,,,IMG_0250 - Copy.JPG,,,external_test,folder-mapped(paper-T1+visual),CC BY 4.0,0,0,1
central_java,v1,https://data.mendeley.com/datasets/ptz377bwb8/1,2026-09-26,phytophthora,,,IMG_0251 - Copy.JPG,,,external_test,folder-mapped(paper-T1+visual),CC BY 4.0,0,0,1
central_java,v1,https://data.mendeley.com/datasets/ptz377bwb8/1,2026-09-26,phytophthora,,,IMG_0252 - Copy.JPG,,,external_test,folder-mapped(paper-T1+visual),CC BY 4.0,0,0,1
central_java,v1,https://data.mendeley.com/datasets/ptz377bwb8/1,2026-09-26,phytophthora,,,IMG_0254 - Copy.JPG,,,external_test,folder-mapped(paper-T1+visual),CC BY 4.0,0,0,1
central_java,v1,https://data.mendeley.com/datasets/ptz377bwb8/1,2026-09-26,phytophthora,,,IMG_0255 - Copy.JPG,,,external_test,folder-mapped(paper-T1+visual),CC BY 4.0,0,0,1
central_java,v1,https://data.mendeley.com/datasets/ptz377bwb8/1,2026-09-26,phytophthora,,,IMG_0256 - Copy.JPG,,,external_test,folder-mapped(paper-T1+visual),CC BY 4.0,0,0,1
central_java,v1,https://data.mendeley.com/datasets/ptz377bwb8/1,2026-09-26,phytophthora,,,IMG_0261 - Copy (1).JPG,,,external_test,folder-mapped(paper-T1+visual),CC BY 4.0,0,0,1
central_java,v1,https://data.mendeley.com/datasets/ptz377bwb8/1,2026-09-26,phytophthora,,,IMG_0261 - Copy.JPG,,,external_test,folder-mapped(paper-T1+visual),CC BY 4.0,0,0,1
central_java,v1,https://data.mendeley.com/datasets/ptz377bwb8/1,2026-09-26,phytophthora,,,IMG_0267 (1).JPG,,,external_test,folder-mapped(paper-T1+visual),CC BY 4.0,0,0,1
central_java,v1,https://data.mendeley.com/datasets/ptz377bwb8/1,2026-09-26,phytophthora,,,IMG_0268 (1).JPG,,,external_test,folder-mapped(paper-T1+visual),CC BY 4.0,0,0,1
central_java,v1,https://data.mendeley.com/datasets/ptz377bwb8/1,2026-09-26,phytophthora,,,IMG_0270 - Copy.JPG,,,external_test,folder-mapped(paper-T1+visual),CC BY 4.0,0,0,1
central_java,v1,https://data.mendeley.com/datasets/ptz377bwb8/1,2026-09-26,phytophthora,,,IMG_0286 - Copy.JPG,,,external_test,folder-mapped(paper-T1+visual),CC BY 4.0,0,0,1
central_java,v1,https://data.mendeley.com/datasets/ptz377bwb8/1,2026-09-26,phytophthora,,,IMG_0288 - Copy.JPG,,,external_test,folder-mapped(paper-T1+visual),CC BY 4.0,0,0,1
central_java,v1,https://data.mendeley.com/datasets/ptz377bwb8/1,2026-09-26,phytophthora,,,IMG_0289 - Copy.JPG,,,external_test,folder-mapped(paper-T1+visual),CC BY 4.0,0,0,1
central_java,v1,https://data.mendeley.com/datasets/ptz377bwb8/1,2026-09-26,phytophthora,,,IMG_0290 - Copy.JPG,,,external_test,folder-mapped(paper-T1+visual),CC BY 4.0,0,0,1
central_java,v1,https://data.mendeley.com/datasets/ptz377bwb8/1,2026-09-26,phytophthora,,,IMG_0292 - Copy.JPG,,,external_test,folder-mapped(paper-T1+visual),CC BY 4.0,0,0,1
central_java,v1,https://data.mendeley.com/datasets/ptz377bwb8/1,2026-09-26,phytophthora,,,IMG_0293 - Copy.JPG,,,external_test,folder-mapped(paper-T1+visual),CC BY 4.0,0,0,1
central_java,v1,https://data.mendeley.com/datasets/ptz377bwb8/1,2026-09-26,phytophthora,,,IMG_0294 - Copy.JPG,,,external_test,folder-mapped(paper-T1+visual),CC BY 4.0,0,0,1
central_java,v1,https://data.mendeley.com/datasets/ptz377bwb8/1,2026-09-26,phytophthora,,,IMG_0296 - Copy.JPG,,,external_test,folder-mapped(paper-T1+visual),CC BY 4.0,0,0,1
central_java,v1,https://data.mendeley.com/datasets/ptz377bwb8/1,2026-09-26,phytophthora,,,IMG_0310 - Copy.JPG,,,external_test,folder-mapped(paper-T1+visual),CC BY 4.0,0,0,1
central_java,v1,https://data.mendeley.com/datasets/ptz377bwb8/1,2026-09-26,phytophthora,,,IMG_0312 - Copy.JPG,,,external_test,folder-mapped(paper-T1+visual),CC BY 4.0,0,0,1
central_java,v1,https://data.mendeley.com/datasets/ptz377bwb8/1,2026-09-26,phytophthora,,,IMG_0313 - Copy.JPG,,,external_test,folder-mapped(paper-T1+visual),CC BY 4.0,0,0,1
central_java,v1,https://data.mendeley.com/datasets/ptz377bwb8/1,2026-09-26,phytophthora,,,IMG_0314 - Copy.JPG,,,external_test,folder-mapped(paper-T1+visual),CC BY 4.0,0,0,1
central_java,v1,https://data.mendeley.com/datasets/ptz377bwb8/1,2026-09-26,phytophthora,,,IMG_0329 - Copy.JPG,,,external_test,folder-mapped(paper-T1+visual),CC BY 4.0,0,0,1
central_java,v1,https://data.mendeley.com/datasets/ptz377bwb8/1,2026-09-26,phytophthora,,,IMG_0330.JPG,,,external_test,folder-mapped(paper-T1+visual),CC BY 4.0,0,0,1
central_java,v1,https://data.mendeley.com/datasets/ptz377bwb8/1,2026-09-26,phytophthora,,,IMG_0332.JPG,,,external_test,folder-mapped(paper-T1+visual),CC BY 4.0,0,0,1
central_java,v1,https://data.mendeley.com/datasets/ptz377bwb8/1,2026-09-26,phytophthora,,,IMG_0336 - Copy.JPG,,,external_test,folder-mapped(paper-T1+visual),CC BY 4.0,0,0,1
central_java,v1,https://data.mendeley.com/datasets/ptz377bwb8/1,2026-09-26,phytophthora,,,IMG_0336.JPG,,,external_test,folder-mapped(paper-T1+visual),CC BY 4.0,0,0,1
central_java,v1,https://data.mendeley.com/datasets/ptz377bwb8/1,2026-09-26,phytophthora,,,IMG_0337.JPG,,,external_test,folder-mapped(paper-T1+visual),CC BY 4.0,0,0,1
central_java,v1,https://data.mendeley.com/datasets/ptz377bwb8/1,2026-09-26,phytophthora,,,IMG_0339.JPG,,,external_test,folder-mapped(paper-T1+visual),CC BY 4.0,0,0,1
central_java,v1,https://data.mendeley.com/datasets/ptz377bwb8/1,2026-09-26,phytophthora,,,IMG_0340.JPG,,,external_test,folder-mapped(paper-T1+visual),CC BY 4.0,0,0,1
central_java,v1,https://data.mendeley.com/datasets/ptz377bwb8/1,2026-09-26,phytophthora,,,IMG_0341.JPG,,,external_test,folder-mapped(paper-T1+visual),CC BY 4.0,0,0,1
central_java,v1,https://data.mendeley.com/datasets/ptz377bwb8/1,2026-09-26,phytophthora,,,IMG_0342.JPG,,,external_test,folder-mapped(paper-T1+visual),CC BY 4.0,0,0,1
central_java,v1,https://data.mendeley.com/datasets/ptz377bwb8/1,2026-09-26,phytophthora,,,IMG_0343.JPG,,,external_test,folder-mapped(paper-T1+visual),CC BY 4.0,0,0,1
central_java,v1,https://data.mendeley.com/datasets/ptz377bwb8/1,2026-09-26,phytophthora,,,IMG_0344.JPG,,,external_test,folder-mapped(paper-T1+visual),CC BY 4.0,0,0,1
central_java,v1,https://data.mendeley.com/datasets/ptz377bwb8/1,2026-09-26,phytophthora,,,IMG_0345 - Copy.JPG,,,external_test,folder-mapped(paper-T1+visual),CC BY 4.0,0,0,1
central_java,v1,https://data.mendeley.com/datasets/ptz377bwb8/1,2026-09-26,phytophthora,,,IMG_0346.JPG,,,external_test,folder-mapped(paper-T1+visual),CC BY 4.0,0,0,1
central_java,v1,https://data.mendeley.com/datasets/ptz377bwb8/1,2026-09-26,phytophthora,,,IMG_0349.JPG,,,external_test,folder-mapped(paper-T1+visual),CC BY 4.0,0,0,1
central_java,v1,https://data.mendeley.com/datasets/ptz377bwb8/1,2026-09-26,phytophthora,,,IMG_0350.JPG,,,external_test,folder-mapped(paper-T1+visual),CC BY 4.0,0,0,1
central_java,v1,https://data.mendeley.com/datasets/ptz377bwb8/1,2026-09-26,phytophthora,,,IMG_0351.JPG,,,external_test,folder-mapped(paper-T1+visual),CC BY 4.0,0,0,1
central_java,v1,https://data.mendeley.com/datasets/ptz377bwb8/1,2026-09-26,phytophthora,,,IMG_0353.JPG,,,external_test,folder-mapped(paper-T1+visual),CC BY 4.0,0,0,1
central_java,v1,https://data.mendeley.com/datasets/ptz377bwb8/1,2026-09-26,phytophthora,,,IMG_0354.JPG,,,external_test,folder-mapped(paper-T1+visual),CC BY 4.0,0,0,1
central_java,v1,https://data.mendeley.com/datasets/ptz377bwb8/1,2026-09-26,phytophthora,,,IMG_0356.JPG,,,external_test,folder-mapped(paper-T1+visual),CC BY 4.0,0,0,1
central_java,v1,https://data.mendeley.com/datasets/ptz377bwb8/1,2026-09-26,phytophthora,,,IMG_0357.JPG,,,external_test,folder-mapped(paper-T1+visual),CC BY 4.0,0,0,1
central_java,v1,https://data.mendeley.com/datasets/ptz377bwb8/1,2026-09-26,phytophthora,,,IMG_0358.JPG,,,external_test,folder-mapped(paper-T1+visual),CC BY 4.0,0,0,1
central_java,v1,https://data.mendeley.com/datasets/ptz377bwb8/1,2026-09-26,phytophthora,,,IMG_0361.JPG,,,external_test,folder-mapped(paper-T1+visual),CC BY 4.0,0,0,1
central_java,v1,https://data.mendeley.com/datasets/ptz377bwb8/1,2026-09-26,phytophthora,,,IMG_0362.JPG,,,external_test,folder-mapped(paper-T1+visual),CC BY 4.0,0,0,1
central_java,v1,https://data.mendeley.com/datasets/ptz377bwb8/1,2026-09-26,phytophthora,,,IMG_0363.JPG,,,external_test,folder-mapped(paper-T1+visual),CC BY 4.0,0,0,1
central_java,v1,https://data.mendeley.com/datasets/ptz377bwb8/1,2026-09-26,phytophthora,,,IMG_0365.JPG,,,external_test,folder-mapped(paper-T1+visual),CC BY 4.0,0,0,1
central_java,v1,https://data.mendeley.com/datasets/ptz377bwb8/1,2026-09-26,phytophthora,,,IMG_0366.JPG,,,external_test,folder-mapped(paper-T1+visual),CC BY 4.0,0,0,1
central_java,v1,https://data.mendeley.com/datasets/ptz377bwb8/1,2026-09-26,phytophthora,,,IMG_0367.JPG,,,external_test,folder-mapped(paper-T1+visual),CC BY 4.0,0,0,1
central_java,v1,https://data.mendeley.com/datasets/ptz377bwb8/1,2026-09-26,phytophthora,,,IMG_0368.JPG,,,external_test,folder-mapped(paper-T1+visual),CC BY 4.0,0,0,1
central_java,v1,https://data.mendeley.com/datasets/ptz377bwb8/1,2026-09-26,phytophthora,,,IMG_0369.JPG,,,external_test,folder-mapped(paper-T1+visual),CC BY 4.0,0,0,1
central_java,v1,https://data.mendeley.com/datasets/ptz377bwb8/1,2026-09-26,phytophthora,,,IMG_0370.JPG,,,external_test,folder-mapped(paper-T1+visual),CC BY 4.0,0,0,1
central_java,v1,https://data.mendeley.com/datasets/ptz377bwb8/1,2026-09-26,phytophthora,,,IMG_0371.JPG,,,external_test,folder-mapped(paper-T1+visual),CC BY 4.0,0,0,1
central_java,v1,https://data.mendeley.com/datasets/ptz377bwb8/1,2026-09-26,phytophthora,,,IMG_0372.JPG,,,external_test,folder-mapped(paper-T1+visual),CC BY 4.0,0,0,1
central_java,v1,https://data.mendeley.com/datasets/ptz377bwb8/1,2026-09-26,phytophthora,,,IMG_0373.JPG,,,external_test,folder-mapped(paper-T1+visual),CC BY 4.0,0,0,1
central_java,v1,https://data.mendeley.com/datasets/ptz377bwb8/1,2026-09-26,phytophthora,,,IMG_0374.JPG,,,external_test,folder-mapped(paper-T1+visual),CC BY 4.0,0,0,1
central_java,v1,https://data.mendeley.com/datasets/ptz377bwb8/1,2026-09-26,phytophthora,,,IMG_0375.JPG,,,external_test,folder-mapped(paper-T1+visual),CC BY 4.0,0,0,1
central_java,v1,https://data.mendeley.com/datasets/ptz377bwb8/1,2026-09-26,phytophthora,,,IMG_0376.JPG,,,external_test,folder-mapped(paper-T1+visual),CC BY 4.0,0,0,1
central_java,v1,https://data.mendeley.com/datasets/ptz377bwb8/1,2026-09-26,phytophthora,,,IMG_0377.JPG,,,external_test,folder-mapped(paper-T1+visual),CC BY 4.0,0,0,1
central_java,v1,https://data.mendeley.com/datasets/ptz377bwb8/1,2026-09-26,phytophthora,,,IMG_0378.JPG,,,external_test,folder-mapped(paper-T1+visual),CC BY 4.0,0,0,1
central_java,v1,https://data.mendeley.com/datasets/ptz377bwb8/1,2026-09-26,phytophthora,,,IMG_0379.JPG,,,external_test,folder-mapped(paper-T1+visual),CC BY 4.0,0,0,1
central_java,v1,https://data.mendeley.com/datasets/ptz377bwb8/1,2026-09-26,phytophthora,,,IMG_0380.JPG,,,external_test,folder-mapped(paper-T1+visual),CC BY 4.0,0,0,1
central_java,v1,https://data.mendeley.com/datasets/ptz377bwb8/1,2026-09-26,phytophthora,,,IMG_0381.JPG,,,external_test,folder-mapped(paper-T1+visual),CC BY 4.0,0,0,1
central_java,v1,https://data.mendeley.com/datasets/ptz377bwb8/1,2026-09-26,phytophthora,,,IMG_0382.JPG,,,external_test,folder-mapped(paper-T1+visual),CC BY 4.0,0,0,1
central_java,v1,https://data.mendeley.com/datasets/ptz377bwb8/1,2026-09-26,phytophthora,,,IMG_0383.JPG,,,external_test,folder-mapped(paper-T1+visual),CC BY 4.0,0,0,1
central_java,v1,https://data.mendeley.com/datasets/ptz377bwb8/1,2026-09-26,phytophthora,,,IMG_0384.JPG,,,external_test,folder-mapped(paper-T1+visual),CC BY 4.0,0,0,1
central_java,v1,https://data.mendeley.com/datasets/ptz377bwb8/1,2026-09-26,phytophthora,,,IMG_0385.JPG,,,external_test,folder-mapped(paper-T1+visual),CC BY 4.0,0,0,1
central_java,v1,https://data.mendeley.com/datasets/ptz377bwb8/1,2026-09-26,phytophthora,,,IMG_0386.JPG,,,external_test,folder-mapped(paper-T1+visual),CC BY 4.0,0,0,1
central_java,v1,https://data.mendeley.com/datasets/ptz377bwb8/1,2026-09-26,phytophthora,,,IMG_0387.JPG,,,external_test,folder-mapped(paper-T1+visual),CC BY 4.0,0,0,1
central_java,v1,https://data.mendeley.com/datasets/ptz377bwb8/1,2026-09-26,phytophthora,,,IMG_0388.JPG,,,external_test,folder-mapped(paper-T1+visual),CC BY 4.0,0,0,1
central_java,v1,https://data.mendeley.com/datasets/ptz377bwb8/1,2026-09-26,phytophthora,,,IMG_0389.JPG,,,external_test,folder-mapped(paper-T1+visual),CC BY 4.0,0,0,1
central_java,v1,https://data.mendeley.com/datasets/ptz377bwb8/1,2026-09-26,phytophthora,,,IMG_0390 (1).JPG,,,external_test,folder-mapped(paper-T1+visual),CC BY 4.0,0,0,1
central_java,v1,https://data.mendeley.com/datasets/ptz377bwb8/1,2026-09-26,phytophthora,,,IMG_0390.JPG,,,external_test,folder-mapped(paper-T1+visual),CC BY 4.0,0,0,1
central_java,v1,https://data.mendeley.com/datasets/ptz377bwb8/1,2026-09-26,phytophthora,,,IMG_0392.JPG,,,external_test,folder-mapped(paper-T1+visual),CC BY 4.0,0,0,1
central_java,v1,https://data.mendeley.com/datasets/ptz377bwb8/1,2026-09-26,phytophthora,,,IMG_0393.JPG,,,external_test,folder-mapped(paper-T1+visual),CC BY 4.0,0,0,1
central_java,v1,https://data.mendeley.com/datasets/ptz377bwb8/1,2026-09-26,phytophthora,,,IMG_0394.JPG,,,external_test,folder-mapped(paper-T1+visual),CC BY 4.0,0,0,1
central_java,v1,https://data.mendeley.com/datasets/ptz377bwb8/1,2026-09-26,phytophthora,,,IMG_0395.JPG,,,external_test,folder-mapped(paper-T1+visual),CC BY 4.0,0,0,1
central_java,v1,https://data.mendeley.com/datasets/ptz377bwb8/1,2026-09-26,phytophthora,,,IMG_0397.JPG,,,external_test,folder-mapped(paper-T1+visual),CC BY 4.0,0,0,1
central_java,v1,https://data.mendeley.com/datasets/ptz377bwb8/1,2026-09-26,phytophthora,,,IMG_0399.JPG,,,external_test,folder-mapped(paper-T1+visual),CC BY 4.0,0,0,1
central_java,v1,https://data.mendeley.com/datasets/ptz377bwb8/1,2026-09-26,phytophthora,,,IMG_0400.JPG,,,external_test,folder-mapped(paper-T1+visual),CC BY 4.0,0,0,1
central_java,v1,https://data.mendeley.com/datasets/ptz377bwb8/1,2026-09-26,phytophthora,,,IMG_0401.JPG,,,external_test,folder-mapped(paper-T1+visual),CC BY 4.0,0,0,1
central_java,v1,https://data.mendeley.com/datasets/ptz377bwb8/1,2026-09-26,phytophthora,,,IMG_0402.JPG,,,external_test,folder-mapped(paper-T1+visual),CC BY 4.0,0,0,1
central_java,v1,https://data.mendeley.com/datasets/ptz377bwb8/1,2026-09-26,phytophthora,,,IMG_0403.JPG,,,external_test,folder-mapped(paper-T1+visual),CC BY 4.0,0,0,1
central_java,v1,https://data.mendeley.com/datasets/ptz377bwb8/1,2026-09-26,phytophthora,,,IMG_0404.JPG,,,external_test,folder-mapped(paper-T1+visual),CC BY 4.0,0,0,1
central_java,v1,https://data.mendeley.com/datasets/ptz377bwb8/1,2026-09-26,phytophthora,,,IMG_0405.JPG,,,external_test,folder-mapped(paper-T1+visual),CC BY 4.0,0,0,1
central_java,v1,https://data.mendeley.com/datasets/ptz377bwb8/1,2026-09-26,phytophthora,,,IMG_0818.JPG,,,external_test,folder-mapped(paper-T1+visual),CC BY 4.0,0,0,1
central_java,v1,https://data.mendeley.com/datasets/ptz377bwb8/1,2026-09-26,phytophthora,,,IMG_0836.JPG,,,external_test,folder-mapped(paper-T1+visual),CC BY 4.0,0,0,1
central_java,v1,https://data.mendeley.com/datasets/ptz377bwb8/1,2026-09-26,phytophthora,,,IMG_0837.JPG,,,external_test,folder-mapped(paper-T1+visual),CC BY 4.0,0,0,1
central_java,v1,https://data.mendeley.com/datasets/ptz377bwb8/1,2026-09-26,phytophthora,,,IMG_20230815_123121.jpg,,,external_test,folder-mapped(paper-T1+visual),CC BY 4.0,0,0,1
central_java,v1,https://data.mendeley.com/datasets/ptz377bwb8/1,2026-09-26,phytophthora,,,IMG_20230815_151502.jpg,,,external_test,folder-mapped(paper-T1+visual),CC BY 4.0,0,0,1
central_java,v1,https://data.mendeley.com/datasets/ptz377bwb8/1,2026-09-26,phytophthora,,,IMG_20230816_075617.jpg,,,external_test,folder-mapped(paper-T1+visual),CC BY 4.0,0,0,1
central_java,v1,https://data.mendeley.com/datasets/ptz377bwb8/1,2026-09-26,phytophthora,,,IMG_20230816_080837.jpg,,,external_test,folder-mapped(paper-T1+visual),CC BY 4.0,0,0,1
central_java,v1,https://data.mendeley.com/datasets/ptz377bwb8/1,2026-09-26,phytophthora,,,IMG_20230816_080859.jpg,,,external_test,folder-mapped(paper-T1+visual),CC BY 4.0,0,0,1
central_java,v1,https://data.mendeley.com/datasets/ptz377bwb8/1,2026-09-26,phytophthora,,,IMG_20230816_081619.jpg,,,external_test,folder-mapped(paper-T1+visual),CC BY 4.0,0,0,1
central_java,v1,https://data.mendeley.com/datasets/ptz377bwb8/1,2026-09-26,phytophthora,,,IMG_20230816_081651.jpg,,,external_test,folder-mapped(paper-T1+visual),CC BY 4.0,0,0,1
central_java,v1,https://data.mendeley.com/datasets/ptz377bwb8/1,2026-09-26,phytophthora,,,IMG_20230816_082126.jpg,,,external_test,folder-mapped(paper-T1+visual),CC BY 4.0,0,0,1
central_java,v1,https://data.mendeley.com/datasets/ptz377bwb8/1,2026-09-26,phytophthora,,,IMG_20230816_121440.jpg,,,external_test,folder-mapped(paper-T1+visual),CC BY 4.0,0,0,1
central_java,v1,https://data.mendeley.com/datasets/ptz377bwb8/1,2026-09-26,phytophthora,,,IMG_20230816_122247.jpg,,,external_test,folder-mapped(paper-T1+visual),CC BY 4.0,0,0,1
central_java,v1,https://data.mendeley.com/datasets/ptz377bwb8/1,2026-09-26,phytophthora,,,IMG_20230816_122433.jpg,,,external_test,folder-mapped(paper-T1+visual),CC BY 4.0,0,0,1
central_java,v1,https://data.mendeley.com/datasets/ptz377bwb8/1,2026-09-26,phytophthora,,,IMG_4661.JPG,,,external_test,folder-mapped(paper-T1+visual),CC BY 4.0,0,0,1
central_java,v1,https://data.mendeley.com/datasets/ptz377bwb8/1,2026-09-26,phytophthora,,,IMG_4687.JPG,,,external_test,folder-mapped(paper-T1+visual),CC BY 4.0,0,0,1
central_java,v1,https://data.mendeley.com/datasets/ptz377bwb8/1,2026-09-26,phytophthora,,,IMG_4693.JPG,,,external_test,folder-mapped(paper-T1+visual),CC BY 4.0,0,0,1
central_java,v1,https://data.mendeley.com/datasets/ptz377bwb8/1,2026-09-26,phytophthora,,,IMG_4698.JPG,,,external_test,folder-mapped(paper-T1+visual),CC BY 4.0,0,0,1
central_java,v1,https://data.mendeley.com/datasets/ptz377bwb8/1,2026-09-26,phytophthora,,,IMG_4704.JPG,,,external_test,folder-mapped(paper-T1+visual),CC BY 4.0,0,0,1
central_java,v1,https://data.mendeley.com/datasets/ptz377bwb8/1,2026-09-26,phytophthora,,,IMG_4707.JPG,,,external_test,folder-mapped(paper-T1+visual),CC BY 4.0,0,0,1
central_java,v1,https://data.mendeley.com/datasets/ptz377bwb8/1,2026-09-26,phytophthora,,,IMG_4712.JPG,,,external_test,folder-mapped(paper-T1+visual),CC BY 4.0,0,0,1
central_java,v1,https://data.mendeley.com/datasets/ptz377bwb8/1,2026-09-26,phytophthora,,,IMG_4714.JPG,,,external_test,folder-mapped(paper-T1+visual),CC BY 4.0,0,0,1
central_java,v1,https://data.mendeley.com/datasets/ptz377bwb8/1,2026-09-26,phytophthora,,,IMG_4716.JPG,,,external_test,folder-mapped(paper-T1+visual),CC BY 4.0,0,0,1
central_java,v1,https://data.mendeley.com/datasets/ptz377bwb8/1,2026-09-26,phytophthora,,,IMG_4719.JPG,,,external_test,folder-mapped(paper-T1+visual),CC BY 4.0,0,0,1
central_java,v1,https://data.mendeley.com/datasets/ptz377bwb8/1,2026-09-26,phytophthora,,,IMG_4763.JPG,,,external_test,folder-mapped(paper-T1+visual),CC BY 4.0,0,0,1
central_java,v1,https://data.mendeley.com/datasets/ptz377bwb8/1,2026-09-26,phytophthora,,,IMG_4815 (1).JPG,,,external_test,folder-mapped(paper-T1+visual),CC BY 4.0,0,0,1
central_java,v1,https://data.mendeley.com/datasets/ptz377bwb8/1,2026-09-26,phytophthora,,,IMG_4815.JPG,,,external_test,folder-mapped(paper-T1+visual),CC BY 4.0,0,0,1
central_java,v1,https://data.mendeley.com/datasets/ptz377bwb8/1,2026-09-26,phytophthora,,,IMG_8080.JPG,,,external_test,folder-mapped(paper-T1+visual),CC BY 4.0,0,0,1
central_java,v1,https://data.mendeley.com/datasets/ptz377bwb8/1,2026-09-26,phytophthora,,,IMG_8099.JPG,,,external_test,folder-mapped(paper-T1+visual),CC BY 4.0,0,0,1
central_java,v1,https://data.mendeley.com/datasets/ptz377bwb8/1,2026-09-26,phytophthora,,,IMG_8100.JPG,,,external_test,folder-mapped(paper-T1+visual),CC BY 4.0,0,0,1
central_java,v1,https://data.mendeley.com/datasets/ptz377bwb8/1,2026-09-26,phytophthora,,,IMG_8105.JPG,,,external_test,folder-mapped(paper-T1+visual),CC BY 4.0,0,0,1
central_java,v1,https://data.mendeley.com/datasets/ptz377bwb8/1,2026-09-26,phytophthora,,,IMG_8124.JPG,,,external_test,folder-mapped(paper-T1+visual),CC BY 4.0,0,0,1
central_java,v1,https://data.mendeley.com/datasets/ptz377bwb8/1,2026-09-26,phytophthora,,,IMG_8140.JPG,,,external_test,folder-mapped(paper-T1+visual),CC BY 4.0,0,0,1
central_java,v1,https://data.mendeley.com/datasets/ptz377bwb8/1,2026-09-26,phytophthora,,,IMG_8145.JPG,,,external_test,folder-mapped(paper-T1+visual),CC BY 4.0,0,0,1
central_java,v1,https://data.mendeley.com/datasets/ptz377bwb8/1,2026-09-26,phytophthora,,,IMG_8146.JPG,,,external_test,folder-mapped(paper-T1+visual),CC BY 4.0,0,0,1
central_java,v1,https://data.mendeley.com/datasets/ptz377bwb8/1,2026-09-26,phytophthora,,,IMG_8290.JPG,,,external_test,folder-mapped(paper-T1+visual),CC BY 4.0,0,0,1
central_java,v1,https://data.mendeley.com/datasets/ptz377bwb8/1,2026-09-26,phytophthora,,,IMG_8323.JPG,,,external_test,folder-mapped(paper-T1+visual),CC BY 4.0,0,0,1
central_java,v1,https://data.mendeley.com/datasets/ptz377bwb8/1,2026-09-26,phytophthora,,,IMG_9366.JPG,,,external_test,folder-mapped(paper-T1+visual),CC BY 4.0,0,0,1
central_java,v1,https://data.mendeley.com/datasets/ptz377bwb8/1,2026-09-26,phytophthora,,,IMG_9367.JPG,,,external_test,folder-mapped(paper-T1+visual),CC BY 4.0,0,0,1
central_java,v1,https://data.mendeley.com/datasets/ptz377bwb8/1,2026-09-26,phytophthora,,,IMG_9368.JPG,,,external_test,folder-mapped(paper-T1+visual),CC BY 4.0,0,0,1
central_java,v1,https://data.mendeley.com/datasets/ptz377bwb8/1,2026-09-26,phytophthora,,,IMG_9372.JPG,,,external_test,folder-mapped(paper-T1+visual),CC BY 4.0,0,0,1
central_java,v1,https://data.mendeley.com/datasets/ptz377bwb8/1,2026-09-26,phytophthora,,,IMG_9402.JPG,,,external_test,folder-mapped(paper-T1+visual),CC BY 4.0,0,0,1
central_java,v1,https://data.mendeley.com/datasets/ptz377bwb8/1,2026-09-26,phytophthora,,,IMG_9425 (1).JPG,,,external_test,folder-mapped(paper-T1+visual),CC BY 4.0,0,0,1
central_java,v1,https://data.mendeley.com/datasets/ptz377bwb8/1,2026-09-26,phytophthora,,,IMG_9425.JPG,,,external_test,folder-mapped(paper-T1+visual),CC BY 4.0,0,0,1
central_java,v1,https://data.mendeley.com/datasets/ptz377bwb8/1,2026-09-26,phytophthora,,,IMG_9426 (1).JPG,,,external_test,folder-mapped(paper-T1+visual),CC BY 4.0,0,0,1
central_java,v1,https://data.mendeley.com/datasets/ptz377bwb8/1,2026-09-26,phytophthora,,,IMG_9426.JPG,,,external_test,folder-mapped(paper-T1+visual),CC BY 4.0,0,0,1
central_java,v1,https://data.mendeley.com/datasets/ptz377bwb8/1,2026-09-26,phytophthora,,,IMG_9430 (1).JPG,,,external_test,folder-mapped(paper-T1+visual),CC BY 4.0,0,0,1
central_java,v1,https://data.mendeley.com/datasets/ptz377bwb8/1,2026-09-26,phytophthora,,,IMG_9430.JPG,,,external_test,folder-mapped(paper-T1+visual),CC BY 4.0,0,0,1
central_java,v1,https://data.mendeley.com/datasets/ptz377bwb8/1,2026-09-26,phytophthora,,,IMG_9439 (1).JPG,,,external_test,folder-mapped(paper-T1+visual),CC BY 4.0,0,0,1
central_java,v1,https://data.mendeley.com/datasets/ptz377bwb8/1,2026-09-26,phytophthora,,,IMG_9439.JPG,,,external_test,folder-mapped(paper-T1+visual),CC BY 4.0,0,0,1
central_java,v1,https://data.mendeley.com/datasets/ptz377bwb8/1,2026-09-26,phytophthora,,,IMG_9440 (1).JPG,,,external_test,folder-mapped(paper-T1+visual),CC BY 4.0,0,0,1
central_java,v1,https://data.mendeley.com/datasets/ptz377bwb8/1,2026-09-26,phytophthora,,,IMG_9440.JPG,,,external_test,folder-mapped(paper-T1+visual),CC BY 4.0,0,0,1
central_java,v1,https://data.mendeley.com/datasets/ptz377bwb8/1,2026-09-26,phytophthora,,,IMG_9443 (1).JPG,,,external_test,folder-mapped(paper-T1+visual),CC BY 4.0,0,0,1
central_java,v1,https://data.mendeley.com/datasets/ptz377bwb8/1,2026-09-26,phytophthora,,,IMG_9443.JPG,,,external_test,folder-mapped(paper-T1+visual),CC BY 4.0,0,0,1
central_java,v1,https://data.mendeley.com/datasets/ptz377bwb8/1,2026-09-26,phytophthora,,,IMG_9463 (1).JPG,,,external_test,folder-mapped(paper-T1+visual),CC BY 4.0,0,0,1
central_java,v1,https://data.mendeley.com/datasets/ptz377bwb8/1,2026-09-26,phytophthora,,,IMG_9463.JPG,,,external_test,folder-mapped(paper-T1+visual),CC BY 4.0,0,0,1
central_java,v1,https://data.mendeley.com/datasets/ptz377bwb8/1,2026-09-26,phytophthora,,,IMG_9464 (1).JPG,,,external_test,folder-mapped(paper-T1+visual),CC BY 4.0,0,0,1
central_java,v1,https://data.mendeley.com/datasets/ptz377bwb8/1,2026-09-26,phytophthora,,,IMG_9464.JPG,,,external_test,folder-mapped(paper-T1+visual),CC BY 4.0,0,0,1
central_java,v1,https://data.mendeley.com/datasets/ptz377bwb8/1,2026-09-26,phytophthora,,,IMG_9506 (1).JPG,,,external_test,folder-mapped(paper-T1+visual),CC BY 4.0,0,0,1
central_java,v1,https://data.mendeley.com/datasets/ptz377bwb8/1,2026-09-26,phytophthora,,,IMG_9506.JPG,,,external_test,folder-mapped(paper-T1+visual),CC BY 4.0,0,0,1
central_java,v1,https://data.mendeley.com/datasets/ptz377bwb8/1,2026-09-26,phytophthora,,,IMG_9508 (1).JPG,,,external_test,folder-mapped(paper-T1+visual),CC BY 4.0,0,0,1
central_java,v1,https://data.mendeley.com/datasets/ptz377bwb8/1,2026-09-26,phytophthora,,,IMG_9508.JPG,,,external_test,folder-mapped(paper-T1+visual),CC BY 4.0,0,0,1
central_java,v1,https://data.mendeley.com/datasets/ptz377bwb8/1,2026-09-26,phytophthora,,,IMG_9509 (1).JPG,,,external_test,folder-mapped(paper-T1+visual),CC BY 4.0,0,0,1
central_java,v1,https://data.mendeley.com/datasets/ptz377bwb8/1,2026-09-26,phytophthora,,,IMG_9509.JPG,,,external_test,folder-mapped(paper-T1+visual),CC BY 4.0,0,0,1
central_java,v1,https://data.mendeley.com/datasets/ptz377bwb8/1,2026-09-26,phytophthora,,,IMG_9510 (1).JPG,,,external_test,folder-mapped(paper-T1+visual),CC BY 4.0,0,0,1
central_java,v1,https://data.mendeley.com/datasets/ptz377bwb8/1,2026-09-26,phytophthora,,,IMG_9510.JPG,,,external_test,folder-mapped(paper-T1+visual),CC BY 4.0,0,0,1
central_java,v1,https://data.mendeley.com/datasets/ptz377bwb8/1,2026-09-26,phytophthora,,,IMG_9511 (1).JPG,,,external_test,folder-mapped(paper-T1+visual),CC BY 4.0,0,0,1
central_java,v1,https://data.mendeley.com/datasets/ptz377bwb8/1,2026-09-26,phytophthora,,,IMG_9511.JPG,,,external_test,folder-mapped(paper-T1+visual),CC BY 4.0,0,0,1
central_java,v1,https://data.mendeley.com/datasets/ptz377bwb8/1,2026-09-26,phytophthora,,,IMG_9512 (1).JPG,,,external_test,folder-mapped(paper-T1+visual),CC BY 4.0,0,0,1
central_java,v1,https://data.mendeley.com/datasets/ptz377bwb8/1,2026-09-26,phytophthora,,,IMG_9512.JPG,,,external_test,folder-mapped(paper-T1+visual),CC BY 4.0,0,0,1
central_java,v1,https://data.mendeley.com/datasets/ptz377bwb8/1,2026-09-26,phytophthora,,,IMG_9514 (1).JPG,,,external_test,folder-mapped(paper-T1+visual),CC BY 4.0,0,0,1
central_java,v1,https://data.mendeley.com/datasets/ptz377bwb8/1,2026-09-26,phytophthora,,,IMG_9514.JPG,,,external_test,folder-mapped(paper-T1+visual),CC BY 4.0,0,0,1
central_java,v1,https://data.mendeley.com/datasets/ptz377bwb8/1,2026-09-26,phytophthora,,,IMG_9517 (1).JPG,,,external_test,folder-mapped(paper-T1+visual),CC BY 4.0,0,0,1
central_java,v1,https://data.mendeley.com/datasets/ptz377bwb8/1,2026-09-26,phytophthora,,,IMG_9517.JPG,,,external_test,folder-mapped(paper-T1+visual),CC BY 4.0,0,0,1
central_java,v1,https://data.mendeley.com/datasets/ptz377bwb8/1,2026-09-26,phytophthora,,,IMG_9518 (1).JPG,,,external_test,folder-mapped(paper-T1+visual),CC BY 4.0,0,0,1
central_java,v1,https://data.mendeley.com/datasets/ptz377bwb8/1,2026-09-26,phytophthora,,,IMG_9518.JPG,,,external_test,folder-mapped(paper-T1+visual),CC BY 4.0,0,0,1
central_java,v1,https://data.mendeley.com/datasets/ptz377bwb8/1,2026-09-26,phytophthora,,,IMG_9519 (1).JPG,,,external_test,folder-mapped(paper-T1+visual),CC BY 4.0,0,0,1
central_java,v1,https://data.mendeley.com/datasets/ptz377bwb8/1,2026-09-26,phytophthora,,,IMG_9519.JPG,,,external_test,folder-mapped(paper-T1+visual),CC BY 4.0,0,0,1
central_java,v1,https://data.mendeley.com/datasets/ptz377bwb8/1,2026-09-26,phytophthora,,,IMG_9520 (1).JPG,,,external_test,folder-mapped(paper-T1+visual),CC BY 4.0,0,0,1
central_java,v1,https://data.mendeley.com/datasets/ptz377bwb8/1,2026-09-26,phytophthora,,,IMG_9520.JPG,,,external_test,folder-mapped(paper-T1+visual),CC BY 4.0,0,0,1
central_java,v1,https://data.mendeley.com/datasets/ptz377bwb8/1,2026-09-26,phytophthora,,,IMG_9523 (1).JPG,,,external_test,folder-mapped(paper-T1+visual),CC BY 4.0,0,0,1
central_java,v1,https://data.mendeley.com/datasets/ptz377bwb8/1,2026-09-26,phytophthora,,,IMG_9523.JPG,,,external_test,folder-mapped(paper-T1+visual),CC BY 4.0,0,0,1
central_java,v1,https://data.mendeley.com/datasets/ptz377bwb8/1,2026-09-26,phytophthora,,,IMG_9524 (1).JPG,,,external_test,folder-mapped(paper-T1+visual),CC BY 4.0,0,0,1
central_java,v1,https://data.mendeley.com/datasets/ptz377bwb8/1,2026-09-26,phytophthora,,,IMG_9524.JPG,,,external_test,folder-mapped(paper-T1+visual),CC BY 4.0,0,0,1
central_java,v1,https://data.mendeley.com/datasets/ptz377bwb8/1,2026-09-26,phytophthora,,,IMG_9525.JPG,,,external_test,folder-mapped(paper-T1+visual),CC BY 4.0,0,0,1
central_java,v1,https://data.mendeley.com/datasets/ptz377bwb8/1,2026-09-26,phytophthora,,,IMG_9526 (1).JPG,,,external_test,folder-mapped(paper-T1+visual),CC BY 4.0,0,0,1
central_java,v1,https://data.mendeley.com/datasets/ptz377bwb8/1,2026-09-26,phytophthora,,,IMG_9526.JPG,,,external_test,folder-mapped(paper-T1+visual),CC BY 4.0,0,0,1
central_java,v1,https://data.mendeley.com/datasets/ptz377bwb8/1,2026-09-26,phytophthora,,,IMG_9531 (1).JPG,,,external_test,folder-mapped(paper-T1+visual),CC BY 4.0,0,0,1
central_java,v1,https://data.mendeley.com/datasets/ptz377bwb8/1,2026-09-26,phytophthora,,,IMG_9531.JPG,,,external_test,folder-mapped(paper-T1+visual),CC BY 4.0,0,0,1
central_java,v1,https://data.mendeley.com/datasets/ptz377bwb8/1,2026-09-26,phytophthora,,,IMG_9534 (1).JPG,,,external_test,folder-mapped(paper-T1+visual),CC BY 4.0,0,0,1
central_java,v1,https://data.mendeley.com/datasets/ptz377bwb8/1,2026-09-26,phytophthora,,,IMG_9534.JPG,,,external_test,folder-mapped(paper-T1+visual),CC BY 4.0,0,0,1
central_java,v1,https://data.mendeley.com/datasets/ptz377bwb8/1,2026-09-26,phytophthora,,,IMG_9535 (1).JPG,,,external_test,folder-mapped(paper-T1+visual),CC BY 4.0,0,0,1
central_java,v1,https://data.mendeley.com/datasets/ptz377bwb8/1,2026-09-26,phytophthora,,,IMG_9535.JPG,,,external_test,folder-mapped(paper-T1+visual),CC BY 4.0,0,0,1
central_java,v1,https://data.mendeley.com/datasets/ptz377bwb8/1,2026-09-26,phytophthora,,,IMG_9536 (1).JPG,,,external_test,folder-mapped(paper-T1+visual),CC BY 4.0,0,0,1
central_java,v1,https://data.mendeley.com/datasets/ptz377bwb8/1,2026-09-26,phytophthora,,,IMG_9536.JPG,,,external_test,folder-mapped(paper-T1+visual),CC BY 4.0,0,0,1
central_java,v1,https://data.mendeley.com/datasets/ptz377bwb8/1,2026-09-26,phytophthora,,,IMG_9537 (1).JPG,,,external_test,folder-mapped(paper-T1+visual),CC BY 4.0,0,0,1
central_java,v1,https://data.mendeley.com/datasets/ptz377bwb8/1,2026-09-26,phytophthora,,,IMG_9537.JPG,,,external_test,folder-mapped(paper-T1+visual),CC BY 4.0,0,0,1
central_java,v1,https://data.mendeley.com/datasets/ptz377bwb8/1,2026-09-26,phytophthora,,,IMG_9538 (1).JPG,,,external_test,folder-mapped(paper-T1+visual),CC BY 4.0,0,0,1
central_java,v1,https://data.mendeley.com/datasets/ptz377bwb8/1,2026-09-26,phytophthora,,,IMG_9538.JPG,,,external_test,folder-mapped(paper-T1+visual),CC BY 4.0,0,0,1
central_java,v1,https://data.mendeley.com/datasets/ptz377bwb8/1,2026-09-26,phytophthora,,,IMG_9539 (1).JPG,,,external_test,folder-mapped(paper-T1+visual),CC BY 4.0,0,0,1
central_java,v1,https://data.mendeley.com/datasets/ptz377bwb8/1,2026-09-26,phytophthora,,,IMG_9539.JPG,,,external_test,folder-mapped(paper-T1+visual),CC BY 4.0,0,0,1
central_java,v1,https://data.mendeley.com/datasets/ptz377bwb8/1,2026-09-26,phytophthora,,,IMG_9540 (1).JPG,,,external_test,folder-mapped(paper-T1+visual),CC BY 4.0,0,0,1
central_java,v1,https://data.mendeley.com/datasets/ptz377bwb8/1,2026-09-26,phytophthora,,,IMG_9540.JPG,,,external_test,folder-mapped(paper-T1+visual),CC BY 4.0,0,0,1
central_java,v1,https://data.mendeley.com/datasets/ptz377bwb8/1,2026-09-26,phytophthora,,,IMG_9560 (1).JPG,,,external_test,folder-mapped(paper-T1+visual),CC BY 4.0,0,0,1
central_java,v1,https://data.mendeley.com/datasets/ptz377bwb8/1,2026-09-26,phytophthora,,,IMG_9560.JPG,,,external_test,folder-mapped(paper-T1+visual),CC BY 4.0,0,0,1
central_java,v1,https://data.mendeley.com/datasets/ptz377bwb8/1,2026-09-26,phytophthora,,,IMG_9561 (1).JPG,,,external_test,folder-mapped(paper-T1+visual),CC BY 4.0,0,0,1
central_java,v1,https://data.mendeley.com/datasets/ptz377bwb8/1,2026-09-26,phytophthora,,,IMG_9561.JPG,,,external_test,folder-mapped(paper-T1+visual),CC BY 4.0,0,0,1
central_java,v1,https://data.mendeley.com/datasets/ptz377bwb8/1,2026-09-26,phytophthora,,,IMG_9565 (1).JPG,,,external_test,folder-mapped(paper-T1+visual),CC BY 4.0,0,0,1
central_java,v1,https://data.mendeley.com/datasets/ptz377bwb8/1,2026-09-26,phytophthora,,,IMG_9565.JPG,,,external_test,folder-mapped(paper-T1+visual),CC BY 4.0,0,0,1
central_java,v1,https://data.mendeley.com/datasets/ptz377bwb8/1,2026-09-26,phytophthora,,,IMG_9566 (1).JPG,,,external_test,folder-mapped(paper-T1+visual),CC BY 4.0,0,0,1
central_java,v1,https://data.mendeley.com/datasets/ptz377bwb8/1,2026-09-26,phytophthora,,,IMG_9566.JPG,,,external_test,folder-mapped(paper-T1+visual),CC BY 4.0,0,0,1
central_java,v1,https://data.mendeley.com/datasets/ptz377bwb8/1,2026-09-26,phytophthora,,,IMG_9567 (1).JPG,,,external_test,folder-mapped(paper-T1+visual),CC BY 4.0,0,0,1
central_java,v1,https://data.mendeley.com/datasets/ptz377bwb8/1,2026-09-26,phytophthora,,,IMG_9567.JPG,,,external_test,folder-mapped(paper-T1+visual),CC BY 4.0,0,0,1
central_java,v1,https://data.mendeley.com/datasets/ptz377bwb8/1,2026-09-26,pest,,,1692332350400.jpg,,,external_test,folder-mapped(paper-T1+visual),CC BY 4.0,0,0,1
central_java,v1,https://data.mendeley.com/datasets/ptz377bwb8/1,2026-09-26,pest,,,1692332350409.jpg,,,external_test,folder-mapped(paper-T1+visual),CC BY 4.0,0,0,1
central_java,v1,https://data.mendeley.com/datasets/ptz377bwb8/1,2026-09-26,pest,,,1692332350450.jpg,,,external_test,folder-mapped(paper-T1+visual),CC BY 4.0,0,0,1
central_java,v1,https://data.mendeley.com/datasets/ptz377bwb8/1,2026-09-26,pest,,,1692332350525.jpg,,,external_test,folder-mapped(paper-T1+visual),CC BY 4.0,0,0,1
central_java,v1,https://data.mendeley.com/datasets/ptz377bwb8/1,2026-09-26,pest,,,1692332350573.jpg,,,external_test,folder-mapped(paper-T1+visual),CC BY 4.0,0,0,1
central_java,v1,https://data.mendeley.com/datasets/ptz377bwb8/1,2026-09-26,pest,,,1692332762088.jpg,,,external_test,folder-mapped(paper-T1+visual),CC BY 4.0,0,0,1
central_java,v1,https://data.mendeley.com/datasets/ptz377bwb8/1,2026-09-26,pest,,,1692332762374.jpg,,,external_test,folder-mapped(paper-T1+visual),CC BY 4.0,0,0,1
central_java,v1,https://data.mendeley.com/datasets/ptz377bwb8/1,2026-09-26,pest,,,1692333303029.jpg,,,external_test,folder-mapped(paper-T1+visual),CC BY 4.0,0,0,1
central_java,v1,https://data.mendeley.com/datasets/ptz377bwb8/1,2026-09-26,pest,,,1692333632158.jpg,,,external_test,folder-mapped(paper-T1+visual),CC BY 4.0,0,0,1
central_java,v1,https://data.mendeley.com/datasets/ptz377bwb8/1,2026-09-26,pest,,,1692333632203.jpg,,,external_test,folder-mapped(paper-T1+visual),CC BY 4.0,0,0,1
central_java,v1,https://data.mendeley.com/datasets/ptz377bwb8/1,2026-09-26,pest,,,1692333632280.jpg,,,external_test,folder-mapped(paper-T1+visual),CC BY 4.0,0,0,1
central_java,v1,https://data.mendeley.com/datasets/ptz377bwb8/1,2026-09-26,pest,,,1692333632291.jpg,,,external_test,folder-mapped(paper-T1+visual),CC BY 4.0,0,0,1
central_java,v1,https://data.mendeley.com/datasets/ptz377bwb8/1,2026-09-26,pest,,,1692333632301.jpg,,,external_test,folder-mapped(paper-T1+visual),CC BY 4.0,0,0,1
central_java,v1,https://data.mendeley.com/datasets/ptz377bwb8/1,2026-09-26,pest,,,1692333632391.jpg,,,external_test,folder-mapped(paper-T1+visual),CC BY 4.0,0,0,1
central_java,v1,https://data.mendeley.com/datasets/ptz377bwb8/1,2026-09-26,pest,,,1692334247052.jpg,,,external_test,folder-mapped(paper-T1+visual),CC BY 4.0,0,0,1
central_java,v1,https://data.mendeley.com/datasets/ptz377bwb8/1,2026-09-26,pest,,,1692334247071.jpg,,,external_test,folder-mapped(paper-T1+visual),CC BY 4.0,0,0,1
central_java,v1,https://data.mendeley.com/datasets/ptz377bwb8/1,2026-09-26,pest,,,1692334247101.jpg,,,external_test,folder-mapped(paper-T1+visual),CC BY 4.0,0,0,1
central_java,v1,https://data.mendeley.com/datasets/ptz377bwb8/1,2026-09-26,pest,,,1692334247132.jpg,,,external_test,folder-mapped(paper-T1+visual),CC BY 4.0,0,0,1
central_java,v1,https://data.mendeley.com/datasets/ptz377bwb8/1,2026-09-26,pest,,,1692334247225.jpg,,,external_test,folder-mapped(paper-T1+visual),CC BY 4.0,0,0,1
central_java,v1,https://data.mendeley.com/datasets/ptz377bwb8/1,2026-09-26,pest,,,1692334247335.jpg,,,external_test,folder-mapped(paper-T1+visual),CC BY 4.0,0,0,1
central_java,v1,https://data.mendeley.com/datasets/ptz377bwb8/1,2026-09-26,pest,,,1692335403841.jpg,,,external_test,folder-mapped(paper-T1+visual),CC BY 4.0,0,0,1
central_java,v1,https://data.mendeley.com/datasets/ptz377bwb8/1,2026-09-26,pest,,,1692335403953.jpg,,,external_test,folder-mapped(paper-T1+visual),CC BY 4.0,0,0,1
central_java,v1,https://data.mendeley.com/datasets/ptz377bwb8/1,2026-09-26,pest,,,1692336758380.jpg,,,external_test,folder-mapped(paper-T1+visual),CC BY 4.0,0,0,1
central_java,v1,https://data.mendeley.com/datasets/ptz377bwb8/1,2026-09-26,pest,,,1692336758584.jpg,,,external_test,folder-mapped(paper-T1+visual),CC BY 4.0,0,0,1
central_java,v1,https://data.mendeley.com/datasets/ptz377bwb8/1,2026-09-26,pest,,,1692336758593.jpg,,,external_test,folder-mapped(paper-T1+visual),CC BY 4.0,0,0,1
central_java,v1,https://data.mendeley.com/datasets/ptz377bwb8/1,2026-09-26,pest,,,1692336758609.jpg,,,external_test,folder-mapped(paper-T1+visual),CC BY 4.0,0,0,1
central_java,v1,https://data.mendeley.com/datasets/ptz377bwb8/1,2026-09-26,pest,,,1692336758616.jpg,,,external_test,folder-mapped(paper-T1+visual),CC BY 4.0,0,0,1
central_java,v1,https://data.mendeley.com/datasets/ptz377bwb8/1,2026-09-26,pest,,,1692336758816.jpg,,,external_test,folder-mapped(paper-T1+visual),CC BY 4.0,0,0,1
central_java,v1,https://data.mendeley.com/datasets/ptz377bwb8/1,2026-09-26,pest,,,1692336759075.jpg,,,external_test,folder-mapped(paper-T1+visual),CC BY 4.0,0,0,1
central_java,v1,https://data.mendeley.com/datasets/ptz377bwb8/1,2026-09-26,pest,,,1692336759099.jpg,,,external_test,folder-mapped(paper-T1+visual),CC BY 4.0,0,0,1
central_java,v1,https://data.mendeley.com/datasets/ptz377bwb8/1,2026-09-26,pest,,,1692336759137.jpg,,,external_test,folder-mapped(paper-T1+visual),CC BY 4.0,0,0,1
central_java,v1,https://data.mendeley.com/datasets/ptz377bwb8/1,2026-09-26,pest,,,1692336759166.jpg,,,external_test,folder-mapped(paper-T1+visual),CC BY 4.0,0,0,1
central_java,v1,https://data.mendeley.com/datasets/ptz377bwb8/1,2026-09-26,pest,,,1692338054059.jpg,,,external_test,folder-mapped(paper-T1+visual),CC BY 4.0,0,0,1
central_java,v1,https://data.mendeley.com/datasets/ptz377bwb8/1,2026-09-26,pest,,,1692338650304.jpg,,,external_test,folder-mapped(paper-T1+visual),CC BY 4.0,0,0,1
central_java,v1,https://data.mendeley.com/datasets/ptz377bwb8/1,2026-09-26,pest,,,1692338650566.jpg,,,external_test,folder-mapped(paper-T1+visual),CC BY 4.0,0,0,1
central_java,v1,https://data.mendeley.com/datasets/ptz377bwb8/1,2026-09-26,pest,,,1692338650582.jpg,,,external_test,folder-mapped(paper-T1+visual),CC BY 4.0,0,0,1
central_java,v1,https://data.mendeley.com/datasets/ptz377bwb8/1,2026-09-26,pest,,,1692338650651.jpg,,,external_test,folder-mapped(paper-T1+visual),CC BY 4.0,0,0,1
central_java,v1,https://data.mendeley.com/datasets/ptz377bwb8/1,2026-09-26,pest,,,1692338650721.jpg,,,external_test,folder-mapped(paper-T1+visual),CC BY 4.0,0,0,1
central_java,v1,https://data.mendeley.com/datasets/ptz377bwb8/1,2026-09-26,pest,,,1692339473834.jpg,,,external_test,folder-mapped(paper-T1+visual),CC BY 4.0,0,0,1
central_java,v1,https://data.mendeley.com/datasets/ptz377bwb8/1,2026-09-26,pest,,,20230712_114223.jpg,,,external_test,folder-mapped(paper-T1+visual),CC BY 4.0,0,0,1
central_java,v1,https://data.mendeley.com/datasets/ptz377bwb8/1,2026-09-26,pest,,,20230712_114249.jpg,,,external_test,folder-mapped(paper-T1+visual),CC BY 4.0,0,0,1
central_java,v1,https://data.mendeley.com/datasets/ptz377bwb8/1,2026-09-26,pest,,,20230712_114316.jpg,,,external_test,folder-mapped(paper-T1+visual),CC BY 4.0,0,0,1
central_java,v1,https://data.mendeley.com/datasets/ptz377bwb8/1,2026-09-26,pest,,,20230712_114335.jpg,,,external_test,folder-mapped(paper-T1+visual),CC BY 4.0,0,0,1
central_java,v1,https://data.mendeley.com/datasets/ptz377bwb8/1,2026-09-26,pest,,,20230712_114353.jpg,,,external_test,folder-mapped(paper-T1+visual),CC BY 4.0,0,0,1
central_java,v1,https://data.mendeley.com/datasets/ptz377bwb8/1,2026-09-26,pest,,,20230712_114410.jpg,,,external_test,folder-mapped(paper-T1+visual),CC BY 4.0,0,0,1
central_java,v1,https://data.mendeley.com/datasets/ptz377bwb8/1,2026-09-26,pest,,,20230712_114434.jpg,,,external_test,folder-mapped(paper-T1+visual),CC BY 4.0,0,0,1
central_java,v1,https://data.mendeley.com/datasets/ptz377bwb8/1,2026-09-26,pest,,,20230712_114443.jpg,,,external_test,folder-mapped(paper-T1+visual),CC BY 4.0,0,0,1
central_java,v1,https://data.mendeley.com/datasets/ptz377bwb8/1,2026-09-26,pest,,,20230712_114649.jpg,,,external_test,folder-mapped(paper-T1+visual),CC BY 4.0,0,0,1
central_java,v1,https://data.mendeley.com/datasets/ptz377bwb8/1,2026-09-26,pest,,,20230712_114657.jpg,,,external_test,folder-mapped(paper-T1+visual),CC BY 4.0,0,0,1
central_java,v1,https://data.mendeley.com/datasets/ptz377bwb8/1,2026-09-26,pest,,,20230712_114721.jpg,,,external_test,folder-mapped(paper-T1+visual),CC BY 4.0,0,0,1
central_java,v1,https://data.mendeley.com/datasets/ptz377bwb8/1,2026-09-26,pest,,,20230712_114727.jpg,,,external_test,folder-mapped(paper-T1+visual),CC BY 4.0,0,0,1
central_java,v1,https://data.mendeley.com/datasets/ptz377bwb8/1,2026-09-26,pest,,,20230712_114800.jpg,,,external_test,folder-mapped(paper-T1+visual),CC BY 4.0,0,0,1
central_java,v1,https://data.mendeley.com/datasets/ptz377bwb8/1,2026-09-26,pest,,,20230712_114924.jpg,,,external_test,folder-mapped(paper-T1+visual),CC BY 4.0,0,0,1
central_java,v1,https://data.mendeley.com/datasets/ptz377bwb8/1,2026-09-26,pest,,,20230712_114942.jpg,,,external_test,folder-mapped(paper-T1+visual),CC BY 4.0,0,0,1
central_java,v1,https://data.mendeley.com/datasets/ptz377bwb8/1,2026-09-26,pest,,,20230712_115011.jpg,,,external_test,folder-mapped(paper-T1+visual),CC BY 4.0,0,0,1
central_java,v1,https://data.mendeley.com/datasets/ptz377bwb8/1,2026-09-26,pest,,,20230712_115043.jpg,,,external_test,folder-mapped(paper-T1+visual),CC BY 4.0,0,0,1
central_java,v1,https://data.mendeley.com/datasets/ptz377bwb8/1,2026-09-26,pest,,,20230712_115056.jpg,,,external_test,folder-mapped(paper-T1+visual),CC BY 4.0,0,0,1
central_java,v1,https://data.mendeley.com/datasets/ptz377bwb8/1,2026-09-26,pest,,,20230712_115250.jpg,,,external_test,folder-mapped(paper-T1+visual),CC BY 4.0,0,0,1
central_java,v1,https://data.mendeley.com/datasets/ptz377bwb8/1,2026-09-26,pest,,,20230712_115405.jpg,,,external_test,folder-mapped(paper-T1+visual),CC BY 4.0,0,0,1
central_java,v1,https://data.mendeley.com/datasets/ptz377bwb8/1,2026-09-26,pest,,,20230712_115559.jpg,,,external_test,folder-mapped(paper-T1+visual),CC BY 4.0,0,0,1
central_java,v1,https://data.mendeley.com/datasets/ptz377bwb8/1,2026-09-26,pest,,,20230712_115700.jpg,,,external_test,folder-mapped(paper-T1+visual),CC BY 4.0,0,0,1
central_java,v1,https://data.mendeley.com/datasets/ptz377bwb8/1,2026-09-26,pest,,,20230712_115900.jpg,,,external_test,folder-mapped(paper-T1+visual),CC BY 4.0,0,0,1
central_java,v1,https://data.mendeley.com/datasets/ptz377bwb8/1,2026-09-26,pest,,,20230712_115906.jpg,,,external_test,folder-mapped(paper-T1+visual),CC BY 4.0,0,0,1
central_java,v1,https://data.mendeley.com/datasets/ptz377bwb8/1,2026-09-26,pest,,,20230712_121220.jpg,,,external_test,folder-mapped(paper-T1+visual),CC BY 4.0,0,0,1
central_java,v1,https://data.mendeley.com/datasets/ptz377bwb8/1,2026-09-26,pest,,,20230712_121301.jpg,,,external_test,folder-mapped(paper-T1+visual),CC BY 4.0,0,0,1
central_java,v1,https://data.mendeley.com/datasets/ptz377bwb8/1,2026-09-26,pest,,,20230712_121910.jpg,,,external_test,folder-mapped(paper-T1+visual),CC BY 4.0,0,0,1
central_java,v1,https://data.mendeley.com/datasets/ptz377bwb8/1,2026-09-26,pest,,,20230712_121915.jpg,,,external_test,folder-mapped(paper-T1+visual),CC BY 4.0,0,0,1
central_java,v1,https://data.mendeley.com/datasets/ptz377bwb8/1,2026-09-26,pest,,,20230712_121930.jpg,,,external_test,folder-mapped(paper-T1+visual),CC BY 4.0,0,0,1
central_java,v1,https://data.mendeley.com/datasets/ptz377bwb8/1,2026-09-26,pest,,,20230712_121944.jpg,,,external_test,folder-mapped(paper-T1+visual),CC BY 4.0,0,0,1
central_java,v1,https://data.mendeley.com/datasets/ptz377bwb8/1,2026-09-26,pest,,,20230712_122034.jpg,,,external_test,folder-mapped(paper-T1+visual),CC BY 4.0,0,0,1
central_java,v1,https://data.mendeley.com/datasets/ptz377bwb8/1,2026-09-26,pest,,,20230712_122053.jpg,,,external_test,folder-mapped(paper-T1+visual),CC BY 4.0,0,0,1
central_java,v1,https://data.mendeley.com/datasets/ptz377bwb8/1,2026-09-26,pest,,,20230712_122101.jpg,,,external_test,folder-mapped(paper-T1+visual),CC BY 4.0,0,0,1
central_java,v1,https://data.mendeley.com/datasets/ptz377bwb8/1,2026-09-26,pest,,,20230712_122134.jpg,,,external_test,folder-mapped(paper-T1+visual),CC BY 4.0,0,0,1
central_java,v1,https://data.mendeley.com/datasets/ptz377bwb8/1,2026-09-26,pest,,,20230712_122203.jpg,,,external_test,folder-mapped(paper-T1+visual),CC BY 4.0,0,0,1
central_java,v1,https://data.mendeley.com/datasets/ptz377bwb8/1,2026-09-26,pest,,,20230712_122233.jpg,,,external_test,folder-mapped(paper-T1+visual),CC BY 4.0,0,0,1
central_java,v1,https://data.mendeley.com/datasets/ptz377bwb8/1,2026-09-26,pest,,,20230712_122340.jpg,,,external_test,folder-mapped(paper-T1+visual),CC BY 4.0,0,0,1
central_java,v1,https://data.mendeley.com/datasets/ptz377bwb8/1,2026-09-26,pest,,,20230712_122404.jpg,,,external_test,folder-mapped(paper-T1+visual),CC BY 4.0,0,0,1
central_java,v1,https://data.mendeley.com/datasets/ptz377bwb8/1,2026-09-26,pest,,,20230712_122808.jpg,,,external_test,folder-mapped(paper-T1+visual),CC BY 4.0,0,0,1
central_java,v1,https://data.mendeley.com/datasets/ptz377bwb8/1,2026-09-26,pest,,,20230712_122835.jpg,,,external_test,folder-mapped(paper-T1+visual),CC BY 4.0,0,0,1
central_java,v1,https://data.mendeley.com/datasets/ptz377bwb8/1,2026-09-26,pest,,,20230712_123331.jpg,,,external_test,folder-mapped(paper-T1+visual),CC BY 4.0,0,0,1
central_java,v1,https://data.mendeley.com/datasets/ptz377bwb8/1,2026-09-26,pest,,,20230712_123334.jpg,,,external_test,folder-mapped(paper-T1+visual),CC BY 4.0,0,0,1
central_java,v1,https://data.mendeley.com/datasets/ptz377bwb8/1,2026-09-26,pest,,,20230712_123358.jpg,,,external_test,folder-mapped(paper-T1+visual),CC BY 4.0,0,0,1
central_java,v1,https://data.mendeley.com/datasets/ptz377bwb8/1,2026-09-26,pest,,,20230712_123408.jpg,,,external_test,folder-mapped(paper-T1+visual),CC BY 4.0,0,0,1
central_java,v1,https://data.mendeley.com/datasets/ptz377bwb8/1,2026-09-26,pest,,,20230712_124120.jpg,,,external_test,folder-mapped(paper-T1+visual),CC BY 4.0,0,0,1
central_java,v1,https://data.mendeley.com/datasets/ptz377bwb8/1,2026-09-26,pest,,,20230712_124133.jpg,,,external_test,folder-mapped(paper-T1+visual),CC BY 4.0,0,0,1
central_java,v1,https://data.mendeley.com/datasets/ptz377bwb8/1,2026-09-26,pest,,,20230712_124201.jpg,,,external_test,folder-mapped(paper-T1+visual),CC BY 4.0,0,0,1
central_java,v1,https://data.mendeley.com/datasets/ptz377bwb8/1,2026-09-26,pest,,,20230712_124214.jpg,,,external_test,folder-mapped(paper-T1+visual),CC BY 4.0,0,0,1
central_java,v1,https://data.mendeley.com/datasets/ptz377bwb8/1,2026-09-26,pest,,,20230712_124303.jpg,,,external_test,folder-mapped(paper-T1+visual),CC BY 4.0,0,0,1
central_java,v1,https://data.mendeley.com/datasets/ptz377bwb8/1,2026-09-26,pest,,,20230712_124311.jpg,,,external_test,folder-mapped(paper-T1+visual),CC BY 4.0,0,0,1
central_java,v1,https://data.mendeley.com/datasets/ptz377bwb8/1,2026-09-26,pest,,,20230712_124318.jpg,,,external_test,folder-mapped(paper-T1+visual),CC BY 4.0,0,0,1
central_java,v1,https://data.mendeley.com/datasets/ptz377bwb8/1,2026-09-26,pest,,,20230712_124453.jpg,,,external_test,folder-mapped(paper-T1+visual),CC BY 4.0,0,0,1
central_java,v1,https://data.mendeley.com/datasets/ptz377bwb8/1,2026-09-26,pest,,,20230712_124513.jpg,,,external_test,folder-mapped(paper-T1+visual),CC BY 4.0,0,0,1
central_java,v1,https://data.mendeley.com/datasets/ptz377bwb8/1,2026-09-26,pest,,,20230712_124530.jpg,,,external_test,folder-mapped(paper-T1+visual),CC BY 4.0,0,0,1
central_java,v1,https://data.mendeley.com/datasets/ptz377bwb8/1,2026-09-26,pest,,,20230712_124554.jpg,,,external_test,folder-mapped(paper-T1+visual),CC BY 4.0,0,0,1
central_java,v1,https://data.mendeley.com/datasets/ptz377bwb8/1,2026-09-26,pest,,,20230712_124651.jpg,,,external_test,folder-mapped(paper-T1+visual),CC BY 4.0,0,0,1
central_java,v1,https://data.mendeley.com/datasets/ptz377bwb8/1,2026-09-26,pest,,,20230712_130852.jpg,,,external_test,folder-mapped(paper-T1+visual),CC BY 4.0,0,0,1
central_java,v1,https://data.mendeley.com/datasets/ptz377bwb8/1,2026-09-26,pest,,,20230712_132814.jpg,,,external_test,folder-mapped(paper-T1+visual),CC BY 4.0,0,0,1
central_java,v1,https://data.mendeley.com/datasets/ptz377bwb8/1,2026-09-26,pest,,,20230712_132924.jpg,,,external_test,folder-mapped(paper-T1+visual),CC BY 4.0,0,0,1
central_java,v1,https://data.mendeley.com/datasets/ptz377bwb8/1,2026-09-26,pest,,,20230712_132929.jpg,,,external_test,folder-mapped(paper-T1+visual),CC BY 4.0,0,0,1
central_java,v1,https://data.mendeley.com/datasets/ptz377bwb8/1,2026-09-26,pest,,,20230712_132933.jpg,,,external_test,folder-mapped(paper-T1+visual),CC BY 4.0,0,0,1
central_java,v1,https://data.mendeley.com/datasets/ptz377bwb8/1,2026-09-26,pest,,,20230712_133044.jpg,,,external_test,folder-mapped(paper-T1+visual),CC BY 4.0,0,0,1
central_java,v1,https://data.mendeley.com/datasets/ptz377bwb8/1,2026-09-26,pest,,,20230712_133047.jpg,,,external_test,folder-mapped(paper-T1+visual),CC BY 4.0,0,0,1
central_java,v1,https://data.mendeley.com/datasets/ptz377bwb8/1,2026-09-26,pest,,,20230712_133050.jpg,,,external_test,folder-mapped(paper-T1+visual),CC BY 4.0,0,0,1
central_java,v1,https://data.mendeley.com/datasets/ptz377bwb8/1,2026-09-26,pest,,,20230712_133300.jpg,,,external_test,folder-mapped(paper-T1+visual),CC BY 4.0,0,0,1
central_java,v1,https://data.mendeley.com/datasets/ptz377bwb8/1,2026-09-26,pest,,,20230712_133308.jpg,,,external_test,folder-mapped(paper-T1+visual),CC BY 4.0,0,0,1
central_java,v1,https://data.mendeley.com/datasets/ptz377bwb8/1,2026-09-26,pest,,,20230712_133449.jpg,,,external_test,folder-mapped(paper-T1+visual),CC BY 4.0,0,0,1
central_java,v1,https://data.mendeley.com/datasets/ptz377bwb8/1,2026-09-26,pest,,,20230712_143935.jpg,,,external_test,folder-mapped(paper-T1+visual),CC BY 4.0,0,0,1
central_java,v1,https://data.mendeley.com/datasets/ptz377bwb8/1,2026-09-26,pest,,,20230712_144035.jpg,,,external_test,folder-mapped(paper-T1+visual),CC BY 4.0,0,0,1
central_java,v1,https://data.mendeley.com/datasets/ptz377bwb8/1,2026-09-26,pest,,,20230712_144204.jpg,,,external_test,folder-mapped(paper-T1+visual),CC BY 4.0,0,0,1
central_java,v1,https://data.mendeley.com/datasets/ptz377bwb8/1,2026-09-26,pest,,,20230712_144218.jpg,,,external_test,folder-mapped(paper-T1+visual),CC BY 4.0,0,0,1
central_java,v1,https://data.mendeley.com/datasets/ptz377bwb8/1,2026-09-26,pest,,,20230712_144547.jpg,,,external_test,folder-mapped(paper-T1+visual),CC BY 4.0,0,0,1
central_java,v1,https://data.mendeley.com/datasets/ptz377bwb8/1,2026-09-26,pest,,,20230712_145420.jpg,,,external_test,folder-mapped(paper-T1+visual),CC BY 4.0,0,0,1
central_java,v1,https://data.mendeley.com/datasets/ptz377bwb8/1,2026-09-26,pest,,,20230712_145440.jpg,,,external_test,folder-mapped(paper-T1+visual),CC BY 4.0,0,0,1
central_java,v1,https://data.mendeley.com/datasets/ptz377bwb8/1,2026-09-26,pest,,,20230712_145457.jpg,,,external_test,folder-mapped(paper-T1+visual),CC BY 4.0,0,0,1
central_java,v1,https://data.mendeley.com/datasets/ptz377bwb8/1,2026-09-26,pest,,,20230712_145943.jpg,,,external_test,folder-mapped(paper-T1+visual),CC BY 4.0,0,0,1
central_java,v1,https://data.mendeley.com/datasets/ptz377bwb8/1,2026-09-26,pest,,,20230712_145948.jpg,,,external_test,folder-mapped(paper-T1+visual),CC BY 4.0,0,0,1
central_java,v1,https://data.mendeley.com/datasets/ptz377bwb8/1,2026-09-26,pest,,,20230712_150155.jpg,,,external_test,folder-mapped(paper-T1+visual),CC BY 4.0,0,0,1
central_java,v1,https://data.mendeley.com/datasets/ptz377bwb8/1,2026-09-26,pest,,,20230712_150313.jpg,,,external_test,folder-mapped(paper-T1+visual),CC BY 4.0,0,0,1
central_java,v1,https://data.mendeley.com/datasets/ptz377bwb8/1,2026-09-26,pest,,,20230712_150348.jpg,,,external_test,folder-mapped(paper-T1+visual),CC BY 4.0,0,0,1
central_java,v1,https://data.mendeley.com/datasets/ptz377bwb8/1,2026-09-26,pest,,,20230712_153547.jpg,,,external_test,folder-mapped(paper-T1+visual),CC BY 4.0,0,0,1
central_java,v1,https://data.mendeley.com/datasets/ptz377bwb8/1,2026-09-26,pest,,,20230712_153639.jpg,,,external_test,folder-mapped(paper-T1+visual),CC BY 4.0,0,0,1
central_java,v1,https://data.mendeley.com/datasets/ptz377bwb8/1,2026-09-26,pest,,,20230712_154041.jpg,,,external_test,folder-mapped(paper-T1+visual),CC BY 4.0,0,0,1
central_java,v1,https://data.mendeley.com/datasets/ptz377bwb8/1,2026-09-26,pest,,,20230712_154044.jpg,,,external_test,folder-mapped(paper-T1+visual),CC BY 4.0,0,0,1
central_java,v1,https://data.mendeley.com/datasets/ptz377bwb8/1,2026-09-26,pest,,,20230712_154059.jpg,,,external_test,folder-mapped(paper-T1+visual),CC BY 4.0,0,0,1
central_java,v1,https://data.mendeley.com/datasets/ptz377bwb8/1,2026-09-26,pest,,,20230712_154337.jpg,,,external_test,folder-mapped(paper-T1+visual),CC BY 4.0,0,0,1
central_java,v1,https://data.mendeley.com/datasets/ptz377bwb8/1,2026-09-26,pest,,,20230712_154516.jpg,,,external_test,folder-mapped(paper-T1+visual),CC BY 4.0,0,0,1
central_java,v1,https://data.mendeley.com/datasets/ptz377bwb8/1,2026-09-26,pest,,,20230712_154844.jpg,,,external_test,folder-mapped(paper-T1+visual),CC BY 4.0,0,0,1
central_java,v1,https://data.mendeley.com/datasets/ptz377bwb8/1,2026-09-26,pest,,,20230712_155226.jpg,,,external_test,folder-mapped(paper-T1+visual),CC BY 4.0,0,0,1
central_java,v1,https://data.mendeley.com/datasets/ptz377bwb8/1,2026-09-26,pest,,,20230712_155445.jpg,,,external_test,folder-mapped(paper-T1+visual),CC BY 4.0,0,0,1
central_java,v1,https://data.mendeley.com/datasets/ptz377bwb8/1,2026-09-26,pest,,,20230712_155749.jpg,,,external_test,folder-mapped(paper-T1+visual),CC BY 4.0,0,0,1
central_java,v1,https://data.mendeley.com/datasets/ptz377bwb8/1,2026-09-26,pest,,,20230712_160121.jpg,,,external_test,folder-mapped(paper-T1+visual),CC BY 4.0,0,0,1
central_java,v1,https://data.mendeley.com/datasets/ptz377bwb8/1,2026-09-26,pest,,,20230712_160248.jpg,,,external_test,folder-mapped(paper-T1+visual),CC BY 4.0,0,0,1
central_java,v1,https://data.mendeley.com/datasets/ptz377bwb8/1,2026-09-26,pest,,,20230712_160312.jpg,,,external_test,folder-mapped(paper-T1+visual),CC BY 4.0,0,0,1
central_java,v1,https://data.mendeley.com/datasets/ptz377bwb8/1,2026-09-26,pest,,,20230802_104846805.jpg,,,external_test,folder-mapped(paper-T1+visual),CC BY 4.0,0,0,1
central_java,v1,https://data.mendeley.com/datasets/ptz377bwb8/1,2026-09-26,pest,,,20230802_104911728.jpg,,,external_test,folder-mapped(paper-T1+visual),CC BY 4.0,0,0,1
central_java,v1,https://data.mendeley.com/datasets/ptz377bwb8/1,2026-09-26,pest,,,20230802_104926298.jpg,,,external_test,folder-mapped(paper-T1+visual),CC BY 4.0,0,0,1
central_java,v1,https://data.mendeley.com/datasets/ptz377bwb8/1,2026-09-26,pest,,,20230802_105056702.jpg,,,external_test,folder-mapped(paper-T1+visual),CC BY 4.0,0,0,1
central_java,v1,https://data.mendeley.com/datasets/ptz377bwb8/1,2026-09-26,pest,,,20230802_105206317.jpg,,,external_test,folder-mapped(paper-T1+visual),CC BY 4.0,0,0,1
central_java,v1,https://data.mendeley.com/datasets/ptz377bwb8/1,2026-09-26,pest,,,20230802_105208815.jpg,,,external_test,folder-mapped(paper-T1+visual),CC BY 4.0,0,0,1
central_java,v1,https://data.mendeley.com/datasets/ptz377bwb8/1,2026-09-26,pest,,,20230802_105220186.jpg,,,external_test,folder-mapped(paper-T1+visual),CC BY 4.0,0,0,1
central_java,v1,https://data.mendeley.com/datasets/ptz377bwb8/1,2026-09-26,pest,,,20230802_105420786.jpg,,,external_test,folder-mapped(paper-T1+visual),CC BY 4.0,0,0,1
central_java,v1,https://data.mendeley.com/datasets/ptz377bwb8/1,2026-09-26,pest,,,20230802_105425218.jpg,,,external_test,folder-mapped(paper-T1+visual),CC BY 4.0,0,0,1
central_java,v1,https://data.mendeley.com/datasets/ptz377bwb8/1,2026-09-26,pest,,,20230802_105826966.jpg,,,external_test,folder-mapped(paper-T1+visual),CC BY 4.0,0,0,1
central_java,v1,https://data.mendeley.com/datasets/ptz377bwb8/1,2026-09-26,pest,,,20230802_110008548.jpg,,,external_test,folder-mapped(paper-T1+visual),CC BY 4.0,0,0,1
central_java,v1,https://data.mendeley.com/datasets/ptz377bwb8/1,2026-09-26,pest,,,20230802_110153223.jpg,,,external_test,folder-mapped(paper-T1+visual),CC BY 4.0,0,0,1
central_java,v1,https://data.mendeley.com/datasets/ptz377bwb8/1,2026-09-26,pest,,,20230802_110208620.jpg,,,external_test,folder-mapped(paper-T1+visual),CC BY 4.0,0,0,1
central_java,v1,https://data.mendeley.com/datasets/ptz377bwb8/1,2026-09-26,pest,,,20230802_110220113.jpg,,,external_test,folder-mapped(paper-T1+visual),CC BY 4.0,0,0,1
central_java,v1,https://data.mendeley.com/datasets/ptz377bwb8/1,2026-09-26,pest,,,20230802_110248604.jpg,,,external_test,folder-mapped(paper-T1+visual),CC BY 4.0,0,0,1
central_java,v1,https://data.mendeley.com/datasets/ptz377bwb8/1,2026-09-26,pest,,,20230802_110817804.jpg,,,external_test,folder-mapped(paper-T1+visual),CC BY 4.0,0,0,1
central_java,v1,https://data.mendeley.com/datasets/ptz377bwb8/1,2026-09-26,pest,,,20230802_112436363.jpg,,,external_test,folder-mapped(paper-T1+visual),CC BY 4.0,0,0,1
central_java,v1,https://data.mendeley.com/datasets/ptz377bwb8/1,2026-09-26,pest,,,20230802_112758979.jpg,,,external_test,folder-mapped(paper-T1+visual),CC BY 4.0,0,0,1
central_java,v1,https://data.mendeley.com/datasets/ptz377bwb8/1,2026-09-26,pest,,,20230802_112805894.jpg,,,external_test,folder-mapped(paper-T1+visual),CC BY 4.0,0,0,1
central_java,v1,https://data.mendeley.com/datasets/ptz377bwb8/1,2026-09-26,pest,,,20230802_112826.jpg,,,external_test,folder-mapped(paper-T1+visual),CC BY 4.0,0,0,1
central_java,v1,https://data.mendeley.com/datasets/ptz377bwb8/1,2026-09-26,pest,,,20230802_113227919.jpg,,,external_test,folder-mapped(paper-T1+visual),CC BY 4.0,0,0,1
central_java,v1,https://data.mendeley.com/datasets/ptz377bwb8/1,2026-09-26,pest,,,20230802_115125860.jpg,,,external_test,folder-mapped(paper-T1+visual),CC BY 4.0,0,0,1
central_java,v1,https://data.mendeley.com/datasets/ptz377bwb8/1,2026-09-26,pest,,,20230802_115132228.jpg,,,external_test,folder-mapped(paper-T1+visual),CC BY 4.0,0,0,1
central_java,v1,https://data.mendeley.com/datasets/ptz377bwb8/1,2026-09-26,pest,,,20230802_115322.jpg,,,external_test,folder-mapped(paper-T1+visual),CC BY 4.0,0,0,1
central_java,v1,https://data.mendeley.com/datasets/ptz377bwb8/1,2026-09-26,pest,,,20230802_115325.jpg,,,external_test,folder-mapped(paper-T1+visual),CC BY 4.0,0,0,1
central_java,v1,https://data.mendeley.com/datasets/ptz377bwb8/1,2026-09-26,pest,,,20230802_115332.jpg,,,external_test,folder-mapped(paper-T1+visual),CC BY 4.0,0,0,1
central_java,v1,https://data.mendeley.com/datasets/ptz377bwb8/1,2026-09-26,pest,,,20230802_115337.jpg,,,external_test,folder-mapped(paper-T1+visual),CC BY 4.0,0,0,1
central_java,v1,https://data.mendeley.com/datasets/ptz377bwb8/1,2026-09-26,pest,,,20230802_115340.jpg,,,external_test,folder-mapped(paper-T1+visual),CC BY 4.0,0,0,1
central_java,v1,https://data.mendeley.com/datasets/ptz377bwb8/1,2026-09-26,pest,,,20230802_115340806.jpg,,,external_test,folder-mapped(paper-T1+visual),CC BY 4.0,0,0,1
central_java,v1,https://data.mendeley.com/datasets/ptz377bwb8/1,2026-09-26,pest,,,20230802_115351.jpg,,,external_test,folder-mapped(paper-T1+visual),CC BY 4.0,0,0,1
central_java,v1,https://data.mendeley.com/datasets/ptz377bwb8/1,2026-09-26,pest,,,20230802_115353.jpg,,,external_test,folder-mapped(paper-T1+visual),CC BY 4.0,0,0,1
central_java,v1,https://data.mendeley.com/datasets/ptz377bwb8/1,2026-09-26,pest,,,20230802_115400636.jpg,,,external_test,folder-mapped(paper-T1+visual),CC BY 4.0,0,0,1
central_java,v1,https://data.mendeley.com/datasets/ptz377bwb8/1,2026-09-26,pest,,,20230802_115420646.jpg,,,external_test,folder-mapped(paper-T1+visual),CC BY 4.0,0,0,1
central_java,v1,https://data.mendeley.com/datasets/ptz377bwb8/1,2026-09-26,pest,,,20230802_115425918.jpg,,,external_test,folder-mapped(paper-T1+visual),CC BY 4.0,0,0,1
central_java,v1,https://data.mendeley.com/datasets/ptz377bwb8/1,2026-09-26,pest,,,20230802_115539571.jpg,,,external_test,folder-mapped(paper-T1+visual),CC BY 4.0,0,0,1
central_java,v1,https://data.mendeley.com/datasets/ptz377bwb8/1,2026-09-26,pest,,,20230802_115546172.jpg,,,external_test,folder-mapped(paper-T1+visual),CC BY 4.0,0,0,1
central_java,v1,https://data.mendeley.com/datasets/ptz377bwb8/1,2026-09-26,pest,,,20230802_115548315.jpg,,,external_test,folder-mapped(paper-T1+visual),CC BY 4.0,0,0,1
central_java,v1,https://data.mendeley.com/datasets/ptz377bwb8/1,2026-09-26,pest,,,20230802_115606492.jpg,,,external_test,folder-mapped(paper-T1+visual),CC BY 4.0,0,0,1
central_java,v1,https://data.mendeley.com/datasets/ptz377bwb8/1,2026-09-26,pest,,,20230802_115611973.jpg,,,external_test,folder-mapped(paper-T1+visual),CC BY 4.0,0,0,1
central_java,v1,https://data.mendeley.com/datasets/ptz377bwb8/1,2026-09-26,pest,,,20230802_115655.jpg,,,external_test,folder-mapped(paper-T1+visual),CC BY 4.0,0,0,1
central_java,v1,https://data.mendeley.com/datasets/ptz377bwb8/1,2026-09-26,pest,,,20230802_115658.jpg,,,external_test,folder-mapped(paper-T1+visual),CC BY 4.0,0,0,1
central_java,v1,https://data.mendeley.com/datasets/ptz377bwb8/1,2026-09-26,pest,,,20230802_115707.jpg,,,external_test,folder-mapped(paper-T1+visual),CC BY 4.0,0,0,1
central_java,v1,https://data.mendeley.com/datasets/ptz377bwb8/1,2026-09-26,pest,,,20230802_115710981.jpg,,,external_test,folder-mapped(paper-T1+visual),CC BY 4.0,0,0,1
central_java,v1,https://data.mendeley.com/datasets/ptz377bwb8/1,2026-09-26,pest,,,20230802_115717636.jpg,,,external_test,folder-mapped(paper-T1+visual),CC BY 4.0,0,0,1
central_java,v1,https://data.mendeley.com/datasets/ptz377bwb8/1,2026-09-26,pest,,,20230802_115723.jpg,,,external_test,folder-mapped(paper-T1+visual),CC BY 4.0,0,0,1
central_java,v1,https://data.mendeley.com/datasets/ptz377bwb8/1,2026-09-26,pest,,,20230802_115742137.jpg,,,external_test,folder-mapped(paper-T1+visual),CC BY 4.0,0,0,1
central_java,v1,https://data.mendeley.com/datasets/ptz377bwb8/1,2026-09-26,pest,,,20230802_115744.jpg,,,external_test,folder-mapped(paper-T1+visual),CC BY 4.0,0,0,1
central_java,v1,https://data.mendeley.com/datasets/ptz377bwb8/1,2026-09-26,pest,,,20230802_115747.jpg,,,external_test,folder-mapped(paper-T1+visual),CC BY 4.0,0,0,1
central_java,v1,https://data.mendeley.com/datasets/ptz377bwb8/1,2026-09-26,pest,,,20230802_115750.jpg,,,external_test,folder-mapped(paper-T1+visual),CC BY 4.0,0,0,1
central_java,v1,https://data.mendeley.com/datasets/ptz377bwb8/1,2026-09-26,pest,,,20230802_115803802.jpg,,,external_test,folder-mapped(paper-T1+visual),CC BY 4.0,0,0,1
central_java,v1,https://data.mendeley.com/datasets/ptz377bwb8/1,2026-09-26,pest,,,20230802_115833816.jpg,,,external_test,folder-mapped(paper-T1+visual),CC BY 4.0,0,0,1
central_java,v1,https://data.mendeley.com/datasets/ptz377bwb8/1,2026-09-26,pest,,,20230802_115839605.jpg,,,external_test,folder-mapped(paper-T1+visual),CC BY 4.0,0,0,1
central_java,v1,https://data.mendeley.com/datasets/ptz377bwb8/1,2026-09-26,pest,,,20230802_115842608.jpg,,,external_test,folder-mapped(paper-T1+visual),CC BY 4.0,0,0,1
central_java,v1,https://data.mendeley.com/datasets/ptz377bwb8/1,2026-09-26,pest,,,20230802_115851687.jpg,,,external_test,folder-mapped(paper-T1+visual),CC BY 4.0,0,0,1
central_java,v1,https://data.mendeley.com/datasets/ptz377bwb8/1,2026-09-26,pest,,,20230802_115856088.jpg,,,external_test,folder-mapped(paper-T1+visual),CC BY 4.0,0,0,1
central_java,v1,https://data.mendeley.com/datasets/ptz377bwb8/1,2026-09-26,pest,,,20230802_115901674.jpg,,,external_test,folder-mapped(paper-T1+visual),CC BY 4.0,0,0,1
central_java,v1,https://data.mendeley.com/datasets/ptz377bwb8/1,2026-09-26,pest,,,20230802_115910618.jpg,,,external_test,folder-mapped(paper-T1+visual),CC BY 4.0,0,0,1
central_java,v1,https://data.mendeley.com/datasets/ptz377bwb8/1,2026-09-26,pest,,,20230802_115914794.jpg,,,external_test,folder-mapped(paper-T1+visual),CC BY 4.0,0,0,1
central_java,v1,https://data.mendeley.com/datasets/ptz377bwb8/1,2026-09-26,pest,,,20230802_115949654.jpg,,,external_test,folder-mapped(paper-T1+visual),CC BY 4.0,0,0,1
central_java,v1,https://data.mendeley.com/datasets/ptz377bwb8/1,2026-09-26,pest,,,20230802_115958308.jpg,,,external_test,folder-mapped(paper-T1+visual),CC BY 4.0,0,0,1
central_java,v1,https://data.mendeley.com/datasets/ptz377bwb8/1,2026-09-26,pest,,,20230802_120008542.jpg,,,external_test,folder-mapped(paper-T1+visual),CC BY 4.0,0,0,1
central_java,v1,https://data.mendeley.com/datasets/ptz377bwb8/1,2026-09-26,pest,,,20230802_120027734.jpg,,,external_test,folder-mapped(paper-T1+visual),CC BY 4.0,0,0,1
central_java,v1,https://data.mendeley.com/datasets/ptz377bwb8/1,2026-09-26,pest,,,20230802_120034066.jpg,,,external_test,folder-mapped(paper-T1+visual),CC BY 4.0,0,0,1
central_java,v1,https://data.mendeley.com/datasets/ptz377bwb8/1,2026-09-26,pest,,,20230802_120043567.jpg,,,external_test,folder-mapped(paper-T1+visual),CC BY 4.0,0,0,1
central_java,v1,https://data.mendeley.com/datasets/ptz377bwb8/1,2026-09-26,pest,,,20230802_120048127.jpg,,,external_test,folder-mapped(paper-T1+visual),CC BY 4.0,0,0,1
central_java,v1,https://data.mendeley.com/datasets/ptz377bwb8/1,2026-09-26,pest,,,20230802_120056918.jpg,,,external_test,folder-mapped(paper-T1+visual),CC BY 4.0,0,0,1
central_java,v1,https://data.mendeley.com/datasets/ptz377bwb8/1,2026-09-26,pest,,,20230802_120059781.jpg,,,external_test,folder-mapped(paper-T1+visual),CC BY 4.0,0,0,1
central_java,v1,https://data.mendeley.com/datasets/ptz377bwb8/1,2026-09-26,pest,,,20230802_120119897.jpg,,,external_test,folder-mapped(paper-T1+visual),CC BY 4.0,0,0,1
central_java,v1,https://data.mendeley.com/datasets/ptz377bwb8/1,2026-09-26,pest,,,20230802_120137740.jpg,,,external_test,folder-mapped(paper-T1+visual),CC BY 4.0,0,0,1
central_java,v1,https://data.mendeley.com/datasets/ptz377bwb8/1,2026-09-26,pest,,,20230802_120143907.jpg,,,external_test,folder-mapped(paper-T1+visual),CC BY 4.0,0,0,1
central_java,v1,https://data.mendeley.com/datasets/ptz377bwb8/1,2026-09-26,pest,,,20230802_120215373.jpg,,,external_test,folder-mapped(paper-T1+visual),CC BY 4.0,0,0,1
central_java,v1,https://data.mendeley.com/datasets/ptz377bwb8/1,2026-09-26,pest,,,20230802_120228868.jpg,,,external_test,folder-mapped(paper-T1+visual),CC BY 4.0,0,0,1
central_java,v1,https://data.mendeley.com/datasets/ptz377bwb8/1,2026-09-26,pest,,,20230802_120239780.jpg,,,external_test,folder-mapped(paper-T1+visual),CC BY 4.0,0,0,1
central_java,v1,https://data.mendeley.com/datasets/ptz377bwb8/1,2026-09-26,pest,,,20230802_120246564.jpg,,,external_test,folder-mapped(paper-T1+visual),CC BY 4.0,0,0,1
central_java,v1,https://data.mendeley.com/datasets/ptz377bwb8/1,2026-09-26,pest,,,20230802_120254590.jpg,,,external_test,folder-mapped(paper-T1+visual),CC BY 4.0,0,0,1
central_java,v1,https://data.mendeley.com/datasets/ptz377bwb8/1,2026-09-26,pest,,,20230802_120320622.jpg,,,external_test,folder-mapped(paper-T1+visual),CC BY 4.0,0,0,1
central_java,v1,https://data.mendeley.com/datasets/ptz377bwb8/1,2026-09-26,pest,,,20230802_120341080.jpg,,,external_test,folder-mapped(paper-T1+visual),CC BY 4.0,0,0,1
central_java,v1,https://data.mendeley.com/datasets/ptz377bwb8/1,2026-09-26,pest,,,20230802_120451215.jpg,,,external_test,folder-mapped(paper-T1+visual),CC BY 4.0,0,0,1
central_java,v1,https://data.mendeley.com/datasets/ptz377bwb8/1,2026-09-26,pest,,,20230802_120455999.jpg,,,external_test,folder-mapped(paper-T1+visual),CC BY 4.0,0,0,1
central_java,v1,https://data.mendeley.com/datasets/ptz377bwb8/1,2026-09-26,pest,,,20230802_120500572.jpg,,,external_test,folder-mapped(paper-T1+visual),CC BY 4.0,0,0,1
central_java,v1,https://data.mendeley.com/datasets/ptz377bwb8/1,2026-09-26,pest,,,20230802_120503364.jpg,,,external_test,folder-mapped(paper-T1+visual),CC BY 4.0,0,0,1
central_java,v1,https://data.mendeley.com/datasets/ptz377bwb8/1,2026-09-26,pest,,,20230802_120511035.jpg,,,external_test,folder-mapped(paper-T1+visual),CC BY 4.0,0,0,1
central_java,v1,https://data.mendeley.com/datasets/ptz377bwb8/1,2026-09-26,pest,,,20230802_120516836.jpg,,,external_test,folder-mapped(paper-T1+visual),CC BY 4.0,0,0,1
central_java,v1,https://data.mendeley.com/datasets/ptz377bwb8/1,2026-09-26,pest,,,20230802_120525928.jpg,,,external_test,folder-mapped(paper-T1+visual),CC BY 4.0,0,0,1
central_java,v1,https://data.mendeley.com/datasets/ptz377bwb8/1,2026-09-26,pest,,,20230802_120531056.jpg,,,external_test,folder-mapped(paper-T1+visual),CC BY 4.0,0,0,1
central_java,v1,https://data.mendeley.com/datasets/ptz377bwb8/1,2026-09-26,pest,,,20230802_120801487.jpg,,,external_test,folder-mapped(paper-T1+visual),CC BY 4.0,0,0,1
central_java,v1,https://data.mendeley.com/datasets/ptz377bwb8/1,2026-09-26,pest,,,20230802_121126801.jpg,,,external_test,folder-mapped(paper-T1+visual),CC BY 4.0,0,0,1
central_java,v1,https://data.mendeley.com/datasets/ptz377bwb8/1,2026-09-26,pest,,,20230802_123514.jpg,,,external_test,folder-mapped(paper-T1+visual),CC BY 4.0,0,0,1
central_java,v1,https://data.mendeley.com/datasets/ptz377bwb8/1,2026-09-26,pest,,,20230802_123516.jpg,,,external_test,folder-mapped(paper-T1+visual),CC BY 4.0,0,0,1
central_java,v1,https://data.mendeley.com/datasets/ptz377bwb8/1,2026-09-26,pest,,,20230802_123654369.jpg,,,external_test,folder-mapped(paper-T1+visual),CC BY 4.0,0,0,1
central_java,v1,https://data.mendeley.com/datasets/ptz377bwb8/1,2026-09-26,pest,,,20230802_124023.jpg,,,external_test,folder-mapped(paper-T1+visual),CC BY 4.0,0,0,1
central_java,v1,https://data.mendeley.com/datasets/ptz377bwb8/1,2026-09-26,pest,,,20230802_124040.jpg,,,external_test,folder-mapped(paper-T1+visual),CC BY 4.0,0,0,1
central_java,v1,https://data.mendeley.com/datasets/ptz377bwb8/1,2026-09-26,pest,,,20230802_124241968.jpg,,,external_test,folder-mapped(paper-T1+visual),CC BY 4.0,0,0,1
central_java,v1,https://data.mendeley.com/datasets/ptz377bwb8/1,2026-09-26,pest,,,20230802_124616.jpg,,,external_test,folder-mapped(paper-T1+visual),CC BY 4.0,0,0,1
central_java,v1,https://data.mendeley.com/datasets/ptz377bwb8/1,2026-09-26,pest,,,20230802_124743.jpg,,,external_test,folder-mapped(paper-T1+visual),CC BY 4.0,0,0,1
central_java,v1,https://data.mendeley.com/datasets/ptz377bwb8/1,2026-09-26,pest,,,20230802_124806.jpg,,,external_test,folder-mapped(paper-T1+visual),CC BY 4.0,0,0,1
central_java,v1,https://data.mendeley.com/datasets/ptz377bwb8/1,2026-09-26,pest,,,20230802_124809.jpg,,,external_test,folder-mapped(paper-T1+visual),CC BY 4.0,0,0,1
central_java,v1,https://data.mendeley.com/datasets/ptz377bwb8/1,2026-09-26,pest,,,20230802_124823720.jpg,,,external_test,folder-mapped(paper-T1+visual),CC BY 4.0,0,0,1
central_java,v1,https://data.mendeley.com/datasets/ptz377bwb8/1,2026-09-26,pest,,,20230802_124914.jpg,,,external_test,folder-mapped(paper-T1+visual),CC BY 4.0,0,0,1
central_java,v1,https://data.mendeley.com/datasets/ptz377bwb8/1,2026-09-26,pest,,,20230802_124926.jpg,,,external_test,folder-mapped(paper-T1+visual),CC BY 4.0,0,0,1
central_java,v1,https://data.mendeley.com/datasets/ptz377bwb8/1,2026-09-26,pest,,,20230802_124933.jpg,,,external_test,folder-mapped(paper-T1+visual),CC BY 4.0,0,0,1
central_java,v1,https://data.mendeley.com/datasets/ptz377bwb8/1,2026-09-26,pest,,,20230802_125050.jpg,,,external_test,folder-mapped(paper-T1+visual),CC BY 4.0,0,0,1
central_java,v1,https://data.mendeley.com/datasets/ptz377bwb8/1,2026-09-26,pest,,,20230802_125058.jpg,,,external_test,folder-mapped(paper-T1+visual),CC BY 4.0,0,0,1
central_java,v1,https://data.mendeley.com/datasets/ptz377bwb8/1,2026-09-26,pest,,,20230802_125114.jpg,,,external_test,folder-mapped(paper-T1+visual),CC BY 4.0,0,0,1
central_java,v1,https://data.mendeley.com/datasets/ptz377bwb8/1,2026-09-26,pest,,,20230802_125209.jpg,,,external_test,folder-mapped(paper-T1+visual),CC BY 4.0,0,0,1
central_java,v1,https://data.mendeley.com/datasets/ptz377bwb8/1,2026-09-26,pest,,,20230802_125238.jpg,,,external_test,folder-mapped(paper-T1+visual),CC BY 4.0,0,0,1
central_java,v1,https://data.mendeley.com/datasets/ptz377bwb8/1,2026-09-26,pest,,,20230802_125246.jpg,,,external_test,folder-mapped(paper-T1+visual),CC BY 4.0,0,0,1
central_java,v1,https://data.mendeley.com/datasets/ptz377bwb8/1,2026-09-26,pest,,,20230802_125249.jpg,,,external_test,folder-mapped(paper-T1+visual),CC BY 4.0,0,0,1
central_java,v1,https://data.mendeley.com/datasets/ptz377bwb8/1,2026-09-26,pest,,,20230802_125300.jpg,,,external_test,folder-mapped(paper-T1+visual),CC BY 4.0,0,0,1
central_java,v1,https://data.mendeley.com/datasets/ptz377bwb8/1,2026-09-26,pest,,,20230802_125302.jpg,,,external_test,folder-mapped(paper-T1+visual),CC BY 4.0,0,0,1
central_java,v1,https://data.mendeley.com/datasets/ptz377bwb8/1,2026-09-26,pest,,,20230802_125355.jpg,,,external_test,folder-mapped(paper-T1+visual),CC BY 4.0,0,0,1
central_java,v1,https://data.mendeley.com/datasets/ptz377bwb8/1,2026-09-26,pest,,,20230802_125358.jpg,,,external_test,folder-mapped(paper-T1+visual),CC BY 4.0,0,0,1
central_java,v1,https://data.mendeley.com/datasets/ptz377bwb8/1,2026-09-26,pest,,,20230802_125428.jpg,,,external_test,folder-mapped(paper-T1+visual),CC BY 4.0,0,0,1
central_java,v1,https://data.mendeley.com/datasets/ptz377bwb8/1,2026-09-26,pest,,,20230802_125430.jpg,,,external_test,folder-mapped(paper-T1+visual),CC BY 4.0,0,0,1
central_java,v1,https://data.mendeley.com/datasets/ptz377bwb8/1,2026-09-26,pest,,,20230802_125914.jpg,,,external_test,folder-mapped(paper-T1+visual),CC BY 4.0,0,0,1
central_java,v1,https://data.mendeley.com/datasets/ptz377bwb8/1,2026-09-26,pest,,,20230802_125927.jpg,,,external_test,folder-mapped(paper-T1+visual),CC BY 4.0,0,0,1
central_java,v1,https://data.mendeley.com/datasets/ptz377bwb8/1,2026-09-26,pest,,,20230802_125929.jpg,,,external_test,folder-mapped(paper-T1+visual),CC BY 4.0,0,0,1
central_java,v1,https://data.mendeley.com/datasets/ptz377bwb8/1,2026-09-26,pest,,,20230802_125947.jpg,,,external_test,folder-mapped(paper-T1+visual),CC BY 4.0,0,0,1
central_java,v1,https://data.mendeley.com/datasets/ptz377bwb8/1,2026-09-26,pest,,,20230802_125955.jpg,,,external_test,folder-mapped(paper-T1+visual),CC BY 4.0,0,0,1
central_java,v1,https://data.mendeley.com/datasets/ptz377bwb8/1,2026-09-26,pest,,,20230802_125959.jpg,,,external_test,folder-mapped(paper-T1+visual),CC BY 4.0,0,0,1
central_java,v1,https://data.mendeley.com/datasets/ptz377bwb8/1,2026-09-26,pest,,,20230802_130236.jpg,,,external_test,folder-mapped(paper-T1+visual),CC BY 4.0,0,0,1
central_java,v1,https://data.mendeley.com/datasets/ptz377bwb8/1,2026-09-26,pest,,,20230802_130247.jpg,,,external_test,folder-mapped(paper-T1+visual),CC BY 4.0,0,0,1
central_java,v1,https://data.mendeley.com/datasets/ptz377bwb8/1,2026-09-26,pest,,,20230802_130322.jpg,,,external_test,folder-mapped(paper-T1+visual),CC BY 4.0,0,0,1
central_java,v1,https://data.mendeley.com/datasets/ptz377bwb8/1,2026-09-26,pest,,,20230802_130334.jpg,,,external_test,folder-mapped(paper-T1+visual),CC BY 4.0,0,0,1
central_java,v1,https://data.mendeley.com/datasets/ptz377bwb8/1,2026-09-26,pest,,,20230802_130338.jpg,,,external_test,folder-mapped(paper-T1+visual),CC BY 4.0,0,0,1
central_java,v1,https://data.mendeley.com/datasets/ptz377bwb8/1,2026-09-26,pest,,,20230815_113911.jpg,,,external_test,folder-mapped(paper-T1+visual),CC BY 4.0,0,0,1
central_java,v1,https://data.mendeley.com/datasets/ptz377bwb8/1,2026-09-26,pest,,,20230815_153541.jpg,,,external_test,folder-mapped(paper-T1+visual),CC BY 4.0,0,0,1
central_java,v1,https://data.mendeley.com/datasets/ptz377bwb8/1,2026-09-26,pest,,,20230816_082635.jpg,,,external_test,folder-mapped(paper-T1+visual),CC BY 4.0,0,0,1
central_java,v1,https://data.mendeley.com/datasets/ptz377bwb8/1,2026-09-26,pest,,,20230816_082704.jpg,,,external_test,folder-mapped(paper-T1+visual),CC BY 4.0,0,0,1
central_java,v1,https://data.mendeley.com/datasets/ptz377bwb8/1,2026-09-26,pest,,,20230816_085819.jpg,,,external_test,folder-mapped(paper-T1+visual),CC BY 4.0,0,0,1
central_java,v1,https://data.mendeley.com/datasets/ptz377bwb8/1,2026-09-26,pest,,,20230816_122913.jpg,,,external_test,folder-mapped(paper-T1+visual),CC BY 4.0,0,0,1
central_java,v1,https://data.mendeley.com/datasets/ptz377bwb8/1,2026-09-26,pest,,,20230816_135202.jpg,,,external_test,folder-mapped(paper-T1+visual),CC BY 4.0,0,0,1
central_java,v1,https://data.mendeley.com/datasets/ptz377bwb8/1,2026-09-26,pest,,,20230816_135244.jpg,,,external_test,folder-mapped(paper-T1+visual),CC BY 4.0,0,0,1
central_java,v1,https://data.mendeley.com/datasets/ptz377bwb8/1,2026-09-26,pest,,,20230816_140316.jpg,,,external_test,folder-mapped(paper-T1+visual),CC BY 4.0,0,0,1
central_java,v1,https://data.mendeley.com/datasets/ptz377bwb8/1,2026-09-26,pest,,,20230816_140322.jpg,,,external_test,folder-mapped(paper-T1+visual),CC BY 4.0,0,0,1
central_java,v1,https://data.mendeley.com/datasets/ptz377bwb8/1,2026-09-26,pest,,,20230816_140341.jpg,,,external_test,folder-mapped(paper-T1+visual),CC BY 4.0,0,0,1
central_java,v1,https://data.mendeley.com/datasets/ptz377bwb8/1,2026-09-26,pest,,,20230816_142514.jpg,,,external_test,folder-mapped(paper-T1+visual),CC BY 4.0,0,0,1
central_java,v1,https://data.mendeley.com/datasets/ptz377bwb8/1,2026-09-26,pest,,,20230816_142938.jpg,,,external_test,folder-mapped(paper-T1+visual),CC BY 4.0,0,0,1
central_java,v1,https://data.mendeley.com/datasets/ptz377bwb8/1,2026-09-26,pest,,,20230816_142942.jpg,,,external_test,folder-mapped(paper-T1+visual),CC BY 4.0,0,0,1
central_java,v1,https://data.mendeley.com/datasets/ptz377bwb8/1,2026-09-26,pest,,,20230816_142946.jpg,,,external_test,folder-mapped(paper-T1+visual),CC BY 4.0,0,0,1
central_java,v1,https://data.mendeley.com/datasets/ptz377bwb8/1,2026-09-26,pest,,,20230816_143131.jpg,,,external_test,folder-mapped(paper-T1+visual),CC BY 4.0,0,0,1
central_java,v1,https://data.mendeley.com/datasets/ptz377bwb8/1,2026-09-26,pest,,,20230816_143340.jpg,,,external_test,folder-mapped(paper-T1+visual),CC BY 4.0,0,0,1
central_java,v1,https://data.mendeley.com/datasets/ptz377bwb8/1,2026-09-26,pest,,,20230922_163443.jpg,,,external_test,folder-mapped(paper-T1+visual),CC BY 4.0,0,0,1
central_java,v1,https://data.mendeley.com/datasets/ptz377bwb8/1,2026-09-26,pest,,,20230922_163445.jpg,,,external_test,folder-mapped(paper-T1+visual),CC BY 4.0,0,0,1
central_java,v1,https://data.mendeley.com/datasets/ptz377bwb8/1,2026-09-26,pest,,,20230922_163448.jpg,,,external_test,folder-mapped(paper-T1+visual),CC BY 4.0,0,0,1
central_java,v1,https://data.mendeley.com/datasets/ptz377bwb8/1,2026-09-26,pest,,,20230922_163450.jpg,,,external_test,folder-mapped(paper-T1+visual),CC BY 4.0,0,0,1
central_java,v1,https://data.mendeley.com/datasets/ptz377bwb8/1,2026-09-26,pest,,,20230922_163458.jpg,,,external_test,folder-mapped(paper-T1+visual),CC BY 4.0,0,0,1
central_java,v1,https://data.mendeley.com/datasets/ptz377bwb8/1,2026-09-26,pest,,,20230922_163500.jpg,,,external_test,folder-mapped(paper-T1+visual),CC BY 4.0,0,0,1
central_java,v1,https://data.mendeley.com/datasets/ptz377bwb8/1,2026-09-26,pest,,,20230922_163504.jpg,,,external_test,folder-mapped(paper-T1+visual),CC BY 4.0,0,0,1
central_java,v1,https://data.mendeley.com/datasets/ptz377bwb8/1,2026-09-26,pest,,,20230922_163506.jpg,,,external_test,folder-mapped(paper-T1+visual),CC BY 4.0,0,0,1
central_java,v1,https://data.mendeley.com/datasets/ptz377bwb8/1,2026-09-26,pest,,,20230922_163509.jpg,,,external_test,folder-mapped(paper-T1+visual),CC BY 4.0,0,0,1
central_java,v1,https://data.mendeley.com/datasets/ptz377bwb8/1,2026-09-26,pest,,,20230922_163513.jpg,,,external_test,folder-mapped(paper-T1+visual),CC BY 4.0,0,0,1
central_java,v1,https://data.mendeley.com/datasets/ptz377bwb8/1,2026-09-26,pest,,,20230922_163520.jpg,,,external_test,folder-mapped(paper-T1+visual),CC BY 4.0,0,0,1
central_java,v1,https://data.mendeley.com/datasets/ptz377bwb8/1,2026-09-26,pest,,,20230922_163525.jpg,,,external_test,folder-mapped(paper-T1+visual),CC BY 4.0,0,0,1
central_java,v1,https://data.mendeley.com/datasets/ptz377bwb8/1,2026-09-26,pest,,,20230922_163528.jpg,,,external_test,folder-mapped(paper-T1+visual),CC BY 4.0,0,0,1
central_java,v1,https://data.mendeley.com/datasets/ptz377bwb8/1,2026-09-26,pest,,,20230922_163534.jpg,,,external_test,folder-mapped(paper-T1+visual),CC BY 4.0,0,0,1
central_java,v1,https://data.mendeley.com/datasets/ptz377bwb8/1,2026-09-26,pest,,,20230922_163540.jpg,,,external_test,folder-mapped(paper-T1+visual),CC BY 4.0,0,0,1
central_java,v1,https://data.mendeley.com/datasets/ptz377bwb8/1,2026-09-26,pest,,,20230922_163543.jpg,,,external_test,folder-mapped(paper-T1+visual),CC BY 4.0,0,0,1
central_java,v1,https://data.mendeley.com/datasets/ptz377bwb8/1,2026-09-26,pest,,,20230922_163547.jpg,,,external_test,folder-mapped(paper-T1+visual),CC BY 4.0,0,0,1
central_java,v1,https://data.mendeley.com/datasets/ptz377bwb8/1,2026-09-26,pest,,,20230922_163556.jpg,,,external_test,folder-mapped(paper-T1+visual),CC BY 4.0,0,0,1
central_java,v1,https://data.mendeley.com/datasets/ptz377bwb8/1,2026-09-26,pest,,,20230922_163615.jpg,,,external_test,folder-mapped(paper-T1+visual),CC BY 4.0,0,0,1
central_java,v1,https://data.mendeley.com/datasets/ptz377bwb8/1,2026-09-26,pest,,,20230922_163617.jpg,,,external_test,folder-mapped(paper-T1+visual),CC BY 4.0,0,0,1
central_java,v1,https://data.mendeley.com/datasets/ptz377bwb8/1,2026-09-26,pest,,,20230922_163620.jpg,,,external_test,folder-mapped(paper-T1+visual),CC BY 4.0,0,0,1
central_java,v1,https://data.mendeley.com/datasets/ptz377bwb8/1,2026-09-26,pest,,,20230922_163656.jpg,,,external_test,folder-mapped(paper-T1+visual),CC BY 4.0,0,0,1
central_java,v1,https://data.mendeley.com/datasets/ptz377bwb8/1,2026-09-26,pest,,,20230922_163659.jpg,,,external_test,folder-mapped(paper-T1+visual),CC BY 4.0,0,0,1
central_java,v1,https://data.mendeley.com/datasets/ptz377bwb8/1,2026-09-26,pest,,,20230922_163726.jpg,,,external_test,folder-mapped(paper-T1+visual),CC BY 4.0,0,0,1
central_java,v1,https://data.mendeley.com/datasets/ptz377bwb8/1,2026-09-26,pest,,,20230922_163736.jpg,,,external_test,folder-mapped(paper-T1+visual),CC BY 4.0,0,0,1
central_java,v1,https://data.mendeley.com/datasets/ptz377bwb8/1,2026-09-26,pest,,,20230922_163742.jpg,,,external_test,folder-mapped(paper-T1+visual),CC BY 4.0,0,0,1
central_java,v1,https://data.mendeley.com/datasets/ptz377bwb8/1,2026-09-26,pest,,,20230922_163745.jpg,,,external_test,folder-mapped(paper-T1+visual),CC BY 4.0,0,0,1
central_java,v1,https://data.mendeley.com/datasets/ptz377bwb8/1,2026-09-26,pest,,,20230922_163749.jpg,,,external_test,folder-mapped(paper-T1+visual),CC BY 4.0,0,0,1
central_java,v1,https://data.mendeley.com/datasets/ptz377bwb8/1,2026-09-26,pest,,,20230922_163752.jpg,,,external_test,folder-mapped(paper-T1+visual),CC BY 4.0,0,0,1
central_java,v1,https://data.mendeley.com/datasets/ptz377bwb8/1,2026-09-26,pest,,,20230922_163831.jpg,,,external_test,folder-mapped(paper-T1+visual),CC BY 4.0,0,0,1
central_java,v1,https://data.mendeley.com/datasets/ptz377bwb8/1,2026-09-26,pest,,,20230922_163839.jpg,,,external_test,folder-mapped(paper-T1+visual),CC BY 4.0,0,0,1
central_java,v1,https://data.mendeley.com/datasets/ptz377bwb8/1,2026-09-26,pest,,,20230922_163841.jpg,,,external_test,folder-mapped(paper-T1+visual),CC BY 4.0,0,0,1
central_java,v1,https://data.mendeley.com/datasets/ptz377bwb8/1,2026-09-26,pest,,,20230922_163845.jpg,,,external_test,folder-mapped(paper-T1+visual),CC BY 4.0,0,0,1
central_java,v1,https://data.mendeley.com/datasets/ptz377bwb8/1,2026-09-26,pest,,,IMG_0123 (1).JPG,,,external_test,folder-mapped(paper-T1+visual),CC BY 4.0,0,0,1
central_java,v1,https://data.mendeley.com/datasets/ptz377bwb8/1,2026-09-26,pest,,,IMG_0123.JPG,,,external_test,folder-mapped(paper-T1+visual),CC BY 4.0,0,0,1
central_java,v1,https://data.mendeley.com/datasets/ptz377bwb8/1,2026-09-26,pest,,,IMG_0160.JPG,,,external_test,folder-mapped(paper-T1+visual),CC BY 4.0,0,0,1
central_java,v1,https://data.mendeley.com/datasets/ptz377bwb8/1,2026-09-26,pest,,,IMG_0170.JPG,,,external_test,folder-mapped(paper-T1+visual),CC BY 4.0,0,0,1
central_java,v1,https://data.mendeley.com/datasets/ptz377bwb8/1,2026-09-26,pest,,,IMG_0173.JPG,,,external_test,folder-mapped(paper-T1+visual),CC BY 4.0,0,0,1
central_java,v1,https://data.mendeley.com/datasets/ptz377bwb8/1,2026-09-26,pest,,,IMG_0179.JPG,,,external_test,folder-mapped(paper-T1+visual),CC BY 4.0,0,0,1
central_java,v1,https://data.mendeley.com/datasets/ptz377bwb8/1,2026-09-26,pest,,,IMG_0180.JPG,,,external_test,folder-mapped(paper-T1+visual),CC BY 4.0,0,0,1
central_java,v1,https://data.mendeley.com/datasets/ptz377bwb8/1,2026-09-26,pest,,,IMG_0181.JPG,,,external_test,folder-mapped(paper-T1+visual),CC BY 4.0,0,0,1
central_java,v1,https://data.mendeley.com/datasets/ptz377bwb8/1,2026-09-26,pest,,,IMG_0182.JPG,,,external_test,folder-mapped(paper-T1+visual),CC BY 4.0,0,0,1
central_java,v1,https://data.mendeley.com/datasets/ptz377bwb8/1,2026-09-26,pest,,,IMG_0183.JPG,,,external_test,folder-mapped(paper-T1+visual),CC BY 4.0,0,0,1
central_java,v1,https://data.mendeley.com/datasets/ptz377bwb8/1,2026-09-26,pest,,,IMG_0186.JPG,,,external_test,folder-mapped(paper-T1+visual),CC BY 4.0,0,0,1
central_java,v1,https://data.mendeley.com/datasets/ptz377bwb8/1,2026-09-26,pest,,,IMG_0189.JPG,,,external_test,folder-mapped(paper-T1+visual),CC BY 4.0,0,0,1
central_java,v1,https://data.mendeley.com/datasets/ptz377bwb8/1,2026-09-26,pest,,,IMG_0190.JPG,,,external_test,folder-mapped(paper-T1+visual),CC BY 4.0,0,0,1
central_java,v1,https://data.mendeley.com/datasets/ptz377bwb8/1,2026-09-26,pest,,,IMG_0191.JPG,,,external_test,folder-mapped(paper-T1+visual),CC BY 4.0,0,0,1
central_java,v1,https://data.mendeley.com/datasets/ptz377bwb8/1,2026-09-26,pest,,,IMG_0192.JPG,,,external_test,folder-mapped(paper-T1+visual),CC BY 4.0,0,0,1
central_java,v1,https://data.mendeley.com/datasets/ptz377bwb8/1,2026-09-26,pest,,,IMG_0197.JPG,,,external_test,folder-mapped(paper-T1+visual),CC BY 4.0,0,0,1
central_java,v1,https://data.mendeley.com/datasets/ptz377bwb8/1,2026-09-26,pest,,,IMG_0198.JPG,,,external_test,folder-mapped(paper-T1+visual),CC BY 4.0,0,0,1
central_java,v1,https://data.mendeley.com/datasets/ptz377bwb8/1,2026-09-26,pest,,,IMG_0200.JPG,,,external_test,folder-mapped(paper-T1+visual),CC BY 4.0,0,0,1
central_java,v1,https://data.mendeley.com/datasets/ptz377bwb8/1,2026-09-26,pest,,,IMG_0201.JPG,,,external_test,folder-mapped(paper-T1+visual),CC BY 4.0,0,0,1
central_java,v1,https://data.mendeley.com/datasets/ptz377bwb8/1,2026-09-26,pest,,,IMG_0202.JPG,,,external_test,folder-mapped(paper-T1+visual),CC BY 4.0,0,0,1
central_java,v1,https://data.mendeley.com/datasets/ptz377bwb8/1,2026-09-26,pest,,,IMG_0203.JPG,,,external_test,folder-mapped(paper-T1+visual),CC BY 4.0,0,0,1
central_java,v1,https://data.mendeley.com/datasets/ptz377bwb8/1,2026-09-26,pest,,,IMG_0204.JPG,,,external_test,folder-mapped(paper-T1+visual),CC BY 4.0,0,0,1
central_java,v1,https://data.mendeley.com/datasets/ptz377bwb8/1,2026-09-26,pest,,,IMG_0205 (1).JPG,,,external_test,folder-mapped(paper-T1+visual),CC BY 4.0,0,0,1
central_java,v1,https://data.mendeley.com/datasets/ptz377bwb8/1,2026-09-26,pest,,,IMG_0205.JPG,,,external_test,folder-mapped(paper-T1+visual),CC BY 4.0,0,0,1
central_java,v1,https://data.mendeley.com/datasets/ptz377bwb8/1,2026-09-26,pest,,,IMG_0206 (1).JPG,,,external_test,folder-mapped(paper-T1+visual),CC BY 4.0,0,0,1
central_java,v1,https://data.mendeley.com/datasets/ptz377bwb8/1,2026-09-26,pest,,,IMG_0208 (1).JPG,,,external_test,folder-mapped(paper-T1+visual),CC BY 4.0,0,0,1
central_java,v1,https://data.mendeley.com/datasets/ptz377bwb8/1,2026-09-26,pest,,,IMG_0208.JPG,,,external_test,folder-mapped(paper-T1+visual),CC BY 4.0,0,0,1
central_java,v1,https://data.mendeley.com/datasets/ptz377bwb8/1,2026-09-26,pest,,,IMG_0211.JPG,,,external_test,folder-mapped(paper-T1+visual),CC BY 4.0,0,0,1
central_java,v1,https://data.mendeley.com/datasets/ptz377bwb8/1,2026-09-26,pest,,,IMG_0213 (1).JPG,,,external_test,folder-mapped(paper-T1+visual),CC BY 4.0,0,0,1
central_java,v1,https://data.mendeley.com/datasets/ptz377bwb8/1,2026-09-26,pest,,,IMG_0214.JPG,,,external_test,folder-mapped(paper-T1+visual),CC BY 4.0,0,0,1
central_java,v1,https://data.mendeley.com/datasets/ptz377bwb8/1,2026-09-26,pest,,,IMG_0215.JPG,,,external_test,folder-mapped(paper-T1+visual),CC BY 4.0,0,0,1
central_java,v1,https://data.mendeley.com/datasets/ptz377bwb8/1,2026-09-26,pest,,,IMG_0216 (1).JPG,,,external_test,folder-mapped(paper-T1+visual),CC BY 4.0,0,0,1
central_java,v1,https://data.mendeley.com/datasets/ptz377bwb8/1,2026-09-26,pest,,,IMG_0217 (1).JPG,,,external_test,folder-mapped(paper-T1+visual),CC BY 4.0,0,0,1
central_java,v1,https://data.mendeley.com/datasets/ptz377bwb8/1,2026-09-26,pest,,,IMG_0218.JPG,,,external_test,folder-mapped(paper-T1+visual),CC BY 4.0,0,0,1
central_java,v1,https://data.mendeley.com/datasets/ptz377bwb8/1,2026-09-26,pest,,,IMG_0219.JPG,,,external_test,folder-mapped(paper-T1+visual),CC BY 4.0,0,0,1
central_java,v1,https://data.mendeley.com/datasets/ptz377bwb8/1,2026-09-26,pest,,,IMG_0220.JPG,,,external_test,folder-mapped(paper-T1+visual),CC BY 4.0,0,0,1
central_java,v1,https://data.mendeley.com/datasets/ptz377bwb8/1,2026-09-26,pest,,,IMG_0221.JPG,,,external_test,folder-mapped(paper-T1+visual),CC BY 4.0,0,0,1
central_java,v1,https://data.mendeley.com/datasets/ptz377bwb8/1,2026-09-26,pest,,,IMG_0223.JPG,,,external_test,folder-mapped(paper-T1+visual),CC BY 4.0,0,0,1
central_java,v1,https://data.mendeley.com/datasets/ptz377bwb8/1,2026-09-26,pest,,,IMG_0224.JPG,,,external_test,folder-mapped(paper-T1+visual),CC BY 4.0,0,0,1
central_java,v1,https://data.mendeley.com/datasets/ptz377bwb8/1,2026-09-26,pest,,,IMG_0225 (1).JPG,,,external_test,folder-mapped(paper-T1+visual),CC BY 4.0,0,0,1
central_java,v1,https://data.mendeley.com/datasets/ptz377bwb8/1,2026-09-26,pest,,,IMG_0225.JPG,,,external_test,folder-mapped(paper-T1+visual),CC BY 4.0,0,0,1
central_java,v1,https://data.mendeley.com/datasets/ptz377bwb8/1,2026-09-26,pest,,,IMG_0228.JPG,,,external_test,folder-mapped(paper-T1+visual),CC BY 4.0,0,0,1
central_java,v1,https://data.mendeley.com/datasets/ptz377bwb8/1,2026-09-26,pest,,,IMG_0229.JPG,,,external_test,folder-mapped(paper-T1+visual),CC BY 4.0,0,0,1
central_java,v1,https://data.mendeley.com/datasets/ptz377bwb8/1,2026-09-26,pest,,,IMG_0230.JPG,,,external_test,folder-mapped(paper-T1+visual),CC BY 4.0,0,0,1
central_java,v1,https://data.mendeley.com/datasets/ptz377bwb8/1,2026-09-26,pest,,,IMG_0231.JPG,,,external_test,folder-mapped(paper-T1+visual),CC BY 4.0,0,0,1
central_java,v1,https://data.mendeley.com/datasets/ptz377bwb8/1,2026-09-26,pest,,,IMG_0232.JPG,,,external_test,folder-mapped(paper-T1+visual),CC BY 4.0,0,0,1
central_java,v1,https://data.mendeley.com/datasets/ptz377bwb8/1,2026-09-26,pest,,,IMG_0233.JPG,,,external_test,folder-mapped(paper-T1+visual),CC BY 4.0,0,0,1
central_java,v1,https://data.mendeley.com/datasets/ptz377bwb8/1,2026-09-26,pest,,,IMG_0235.JPG,,,external_test,folder-mapped(paper-T1+visual),CC BY 4.0,0,0,1
central_java,v1,https://data.mendeley.com/datasets/ptz377bwb8/1,2026-09-26,pest,,,IMG_0253 - Copy.JPG,,,external_test,folder-mapped(paper-T1+visual),CC BY 4.0,0,0,1
central_java,v1,https://data.mendeley.com/datasets/ptz377bwb8/1,2026-09-26,pest,,,IMG_0272.JPG,,,external_test,folder-mapped(paper-T1+visual),CC BY 4.0,0,0,1
central_java,v1,https://data.mendeley.com/datasets/ptz377bwb8/1,2026-09-26,pest,,,IMG_0273.JPG,,,external_test,folder-mapped(paper-T1+visual),CC BY 4.0,0,0,1
central_java,v1,https://data.mendeley.com/datasets/ptz377bwb8/1,2026-09-26,pest,,,IMG_0276.JPG,,,external_test,folder-mapped(paper-T1+visual),CC BY 4.0,0,0,1
central_java,v1,https://data.mendeley.com/datasets/ptz377bwb8/1,2026-09-26,pest,,,IMG_0278.JPG,,,external_test,folder-mapped(paper-T1+visual),CC BY 4.0,0,0,1
central_java,v1,https://data.mendeley.com/datasets/ptz377bwb8/1,2026-09-26,pest,,,IMG_0279.JPG,,,external_test,folder-mapped(paper-T1+visual),CC BY 4.0,0,0,1
central_java,v1,https://data.mendeley.com/datasets/ptz377bwb8/1,2026-09-26,pest,,,IMG_0285 - Copy.JPG,,,external_test,folder-mapped(paper-T1+visual),CC BY 4.0,0,0,1
central_java,v1,https://data.mendeley.com/datasets/ptz377bwb8/1,2026-09-26,pest,,,IMG_0285.JPG,,,external_test,folder-mapped(paper-T1+visual),CC BY 4.0,0,0,1
central_java,v1,https://data.mendeley.com/datasets/ptz377bwb8/1,2026-09-26,pest,,,IMG_0286.JPG,,,external_test,folder-mapped(paper-T1+visual),CC BY 4.0,0,0,1
central_java,v1,https://data.mendeley.com/datasets/ptz377bwb8/1,2026-09-26,pest,,,IMG_0292.JPG,,,external_test,folder-mapped(paper-T1+visual),CC BY 4.0,0,0,1
central_java,v1,https://data.mendeley.com/datasets/ptz377bwb8/1,2026-09-26,pest,,,IMG_0293.JPG,,,external_test,folder-mapped(paper-T1+visual),CC BY 4.0,0,0,1
central_java,v1,https://data.mendeley.com/datasets/ptz377bwb8/1,2026-09-26,pest,,,IMG_0294.JPG,,,external_test,folder-mapped(paper-T1+visual),CC BY 4.0,0,0,1
central_java,v1,https://data.mendeley.com/datasets/ptz377bwb8/1,2026-09-26,pest,,,IMG_0295.JPG,,,external_test,folder-mapped(paper-T1+visual),CC BY 4.0,0,0,1
central_java,v1,https://data.mendeley.com/datasets/ptz377bwb8/1,2026-09-26,pest,,,IMG_0296.JPG,,,external_test,folder-mapped(paper-T1+visual),CC BY 4.0,0,0,1
central_java,v1,https://data.mendeley.com/datasets/ptz377bwb8/1,2026-09-26,pest,,,IMG_0297.JPG,,,external_test,folder-mapped(paper-T1+visual),CC BY 4.0,0,0,1
central_java,v1,https://data.mendeley.com/datasets/ptz377bwb8/1,2026-09-26,pest,,,IMG_0299.JPG,,,external_test,folder-mapped(paper-T1+visual),CC BY 4.0,0,0,1
central_java,v1,https://data.mendeley.com/datasets/ptz377bwb8/1,2026-09-26,pest,,,IMG_0301.JPG,,,external_test,folder-mapped(paper-T1+visual),CC BY 4.0,0,0,1
central_java,v1,https://data.mendeley.com/datasets/ptz377bwb8/1,2026-09-26,pest,,,IMG_0302.JPG,,,external_test,folder-mapped(paper-T1+visual),CC BY 4.0,0,0,1
central_java,v1,https://data.mendeley.com/datasets/ptz377bwb8/1,2026-09-26,pest,,,IMG_0303.JPG,,,external_test,folder-mapped(paper-T1+visual),CC BY 4.0,0,0,1
central_java,v1,https://data.mendeley.com/datasets/ptz377bwb8/1,2026-09-26,pest,,,IMG_0304.JPG,,,external_test,folder-mapped(paper-T1+visual),CC BY 4.0,0,0,1
central_java,v1,https://data.mendeley.com/datasets/ptz377bwb8/1,2026-09-26,pest,,,IMG_0312.JPG,,,external_test,folder-mapped(paper-T1+visual),CC BY 4.0,0,0,1
central_java,v1,https://data.mendeley.com/datasets/ptz377bwb8/1,2026-09-26,pest,,,IMG_0320.JPG,,,external_test,folder-mapped(paper-T1+visual),CC BY 4.0,0,0,1
central_java,v1,https://data.mendeley.com/datasets/ptz377bwb8/1,2026-09-26,pest,,,IMG_0321.JPG,,,external_test,folder-mapped(paper-T1+visual),CC BY 4.0,0,0,1
central_java,v1,https://data.mendeley.com/datasets/ptz377bwb8/1,2026-09-26,pest,,,IMG_0322.JPG,,,external_test,folder-mapped(paper-T1+visual),CC BY 4.0,0,0,1
central_java,v1,https://data.mendeley.com/datasets/ptz377bwb8/1,2026-09-26,pest,,,IMG_0323.JPG,,,external_test,folder-mapped(paper-T1+visual),CC BY 4.0,0,0,1
central_java,v1,https://data.mendeley.com/datasets/ptz377bwb8/1,2026-09-26,pest,,,IMG_0324.JPG,,,external_test,folder-mapped(paper-T1+visual),CC BY 4.0,0,0,1
central_java,v1,https://data.mendeley.com/datasets/ptz377bwb8/1,2026-09-26,pest,,,IMG_0325.JPG,,,external_test,folder-mapped(paper-T1+visual),CC BY 4.0,0,0,1
central_java,v1,https://data.mendeley.com/datasets/ptz377bwb8/1,2026-09-26,pest,,,IMG_0328.JPG,,,external_test,folder-mapped(paper-T1+visual),CC BY 4.0,0,0,1
central_java,v1,https://data.mendeley.com/datasets/ptz377bwb8/1,2026-09-26,pest,,,IMG_0333.JPG,,,external_test,folder-mapped(paper-T1+visual),CC BY 4.0,0,0,1
central_java,v1,https://data.mendeley.com/datasets/ptz377bwb8/1,2026-09-26,pest,,,IMG_0334.JPG,,,external_test,folder-mapped(paper-T1+visual),CC BY 4.0,0,0,1
central_java,v1,https://data.mendeley.com/datasets/ptz377bwb8/1,2026-09-26,pest,,,IMG_0335.JPG,,,external_test,folder-mapped(paper-T1+visual),CC BY 4.0,0,0,1
central_java,v1,https://data.mendeley.com/datasets/ptz377bwb8/1,2026-09-26,pest,,,IMG_0346 - Copy.JPG,,,external_test,folder-mapped(paper-T1+visual),CC BY 4.0,0,0,1
central_java,v1,https://data.mendeley.com/datasets/ptz377bwb8/1,2026-09-26,pest,,,IMG_0347.JPG,,,external_test,folder-mapped(paper-T1+visual),CC BY 4.0,0,0,1
central_java,v1,https://data.mendeley.com/datasets/ptz377bwb8/1,2026-09-26,pest,,,IMG_0349 - Copy.JPG,,,external_test,folder-mapped(paper-T1+visual),CC BY 4.0,0,0,1
central_java,v1,https://data.mendeley.com/datasets/ptz377bwb8/1,2026-09-26,pest,,,IMG_0350.JPG,,,external_test,folder-mapped(paper-T1+visual),CC BY 4.0,0,0,1
central_java,v1,https://data.mendeley.com/datasets/ptz377bwb8/1,2026-09-26,pest,,,IMG_0355.JPG,,,external_test,folder-mapped(paper-T1+visual),CC BY 4.0,0,0,1
central_java,v1,https://data.mendeley.com/datasets/ptz377bwb8/1,2026-09-26,pest,,,IMG_0396.JPG,,,external_test,folder-mapped(paper-T1+visual),CC BY 4.0,0,0,1
central_java,v1,https://data.mendeley.com/datasets/ptz377bwb8/1,2026-09-26,pest,,,IMG_0398.JPG,,,external_test,folder-mapped(paper-T1+visual),CC BY 4.0,0,0,1
central_java,v1,https://data.mendeley.com/datasets/ptz377bwb8/1,2026-09-26,pest,,,IMG_0606.JPG,,,external_test,folder-mapped(paper-T1+visual),CC BY 4.0,0,0,1
central_java,v1,https://data.mendeley.com/datasets/ptz377bwb8/1,2026-09-26,pest,,,IMG_0609.JPG,,,external_test,folder-mapped(paper-T1+visual),CC BY 4.0,0,0,1
central_java,v1,https://data.mendeley.com/datasets/ptz377bwb8/1,2026-09-26,pest,,,IMG_0610.JPG,,,external_test,folder-mapped(paper-T1+visual),CC BY 4.0,0,0,1
central_java,v1,https://data.mendeley.com/datasets/ptz377bwb8/1,2026-09-26,pest,,,IMG_0676.JPG,,,external_test,folder-mapped(paper-T1+visual),CC BY 4.0,0,0,1
central_java,v1,https://data.mendeley.com/datasets/ptz377bwb8/1,2026-09-26,pest,,,IMG_0797.JPG,,,external_test,folder-mapped(paper-T1+visual),CC BY 4.0,0,0,1
central_java,v1,https://data.mendeley.com/datasets/ptz377bwb8/1,2026-09-26,pest,,,IMG_0805.JPG,,,external_test,folder-mapped(paper-T1+visual),CC BY 4.0,0,0,1
central_java,v1,https://data.mendeley.com/datasets/ptz377bwb8/1,2026-09-26,pest,,,IMG_0811.JPG,,,external_test,folder-mapped(paper-T1+visual),CC BY 4.0,0,0,1
central_java,v1,https://data.mendeley.com/datasets/ptz377bwb8/1,2026-09-26,pest,,,IMG_0827.JPG,,,external_test,folder-mapped(paper-T1+visual),CC BY 4.0,0,0,1
central_java,v1,https://data.mendeley.com/datasets/ptz377bwb8/1,2026-09-26,pest,,,IMG_0838.JPG,,,external_test,folder-mapped(paper-T1+visual),CC BY 4.0,0,0,1
central_java,v1,https://data.mendeley.com/datasets/ptz377bwb8/1,2026-09-26,pest,,,IMG_0841.JPG,,,external_test,folder-mapped(paper-T1+visual),CC BY 4.0,0,0,1
central_java,v1,https://data.mendeley.com/datasets/ptz377bwb8/1,2026-09-26,pest,,,IMG_0855.JPG,,,external_test,folder-mapped(paper-T1+visual),CC BY 4.0,0,0,1
central_java,v1,https://data.mendeley.com/datasets/ptz377bwb8/1,2026-09-26,pest,,,IMG_0862.JPG,,,external_test,folder-mapped(paper-T1+visual),CC BY 4.0,0,0,1
central_java,v1,https://data.mendeley.com/datasets/ptz377bwb8/1,2026-09-26,pest,,,IMG_0930.JPG,,,external_test,folder-mapped(paper-T1+visual),CC BY 4.0,0,0,1
central_java,v1,https://data.mendeley.com/datasets/ptz377bwb8/1,2026-09-26,pest,,,IMG_0931.JPG,,,external_test,folder-mapped(paper-T1+visual),CC BY 4.0,0,0,1
central_java,v1,https://data.mendeley.com/datasets/ptz377bwb8/1,2026-09-26,pest,,,IMG_0932.JPG,,,external_test,folder-mapped(paper-T1+visual),CC BY 4.0,0,0,1
central_java,v1,https://data.mendeley.com/datasets/ptz377bwb8/1,2026-09-26,pest,,,IMG_0937.JPG,,,external_test,folder-mapped(paper-T1+visual),CC BY 4.0,0,0,1
central_java,v1,https://data.mendeley.com/datasets/ptz377bwb8/1,2026-09-26,pest,,,IMG_0938.JPG,,,external_test,folder-mapped(paper-T1+visual),CC BY 4.0,0,0,1
central_java,v1,https://data.mendeley.com/datasets/ptz377bwb8/1,2026-09-26,pest,,,IMG_0939.JPG,,,external_test,folder-mapped(paper-T1+visual),CC BY 4.0,0,0,1
central_java,v1,https://data.mendeley.com/datasets/ptz377bwb8/1,2026-09-26,pest,,,IMG_0940.JPG,,,external_test,folder-mapped(paper-T1+visual),CC BY 4.0,0,0,1
central_java,v1,https://data.mendeley.com/datasets/ptz377bwb8/1,2026-09-26,pest,,,IMG_1066.JPG,,,external_test,folder-mapped(paper-T1+visual),CC BY 4.0,0,0,1
central_java,v1,https://data.mendeley.com/datasets/ptz377bwb8/1,2026-09-26,pest,,,IMG_1096.JPG,,,external_test,folder-mapped(paper-T1+visual),CC BY 4.0,0,0,1
central_java,v1,https://data.mendeley.com/datasets/ptz377bwb8/1,2026-09-26,pest,,,IMG_1108.JPG,,,external_test,folder-mapped(paper-T1+visual),CC BY 4.0,0,0,1
central_java,v1,https://data.mendeley.com/datasets/ptz377bwb8/1,2026-09-26,pest,,,IMG_1110.JPG,,,external_test,folder-mapped(paper-T1+visual),CC BY 4.0,0,0,1
central_java,v1,https://data.mendeley.com/datasets/ptz377bwb8/1,2026-09-26,pest,,,IMG_1256.JPG,,,external_test,folder-mapped(paper-T1+visual),CC BY 4.0,0,0,1
central_java,v1,https://data.mendeley.com/datasets/ptz377bwb8/1,2026-09-26,pest,,,IMG_20230815_111722~2.jpg,,,external_test,folder-mapped(paper-T1+visual),CC BY 4.0,0,0,1
central_java,v1,https://data.mendeley.com/datasets/ptz377bwb8/1,2026-09-26,pest,,,IMG_20230815_115520~2.jpg,,,external_test,folder-mapped(paper-T1+visual),CC BY 4.0,0,0,1
central_java,v1,https://data.mendeley.com/datasets/ptz377bwb8/1,2026-09-26,pest,,,IMG_20230815_121211.jpg,,,external_test,folder-mapped(paper-T1+visual),CC BY 4.0,0,0,1
central_java,v1,https://data.mendeley.com/datasets/ptz377bwb8/1,2026-09-26,pest,,,IMG_20230815_122949~2.jpg,,,external_test,folder-mapped(paper-T1+visual),CC BY 4.0,0,0,1
central_java,v1,https://data.mendeley.com/datasets/ptz377bwb8/1,2026-09-26,pest,,,IMG_20230815_123142.jpg,,,external_test,folder-mapped(paper-T1+visual),CC BY 4.0,0,0,1
central_java,v1,https://data.mendeley.com/datasets/ptz377bwb8/1,2026-09-26,pest,,,IMG_20230815_152343.jpg,,,external_test,folder-mapped(paper-T1+visual),CC BY 4.0,0,0,1
central_java,v1,https://data.mendeley.com/datasets/ptz377bwb8/1,2026-09-26,pest,,,IMG_20230816_081552.jpg,,,external_test,folder-mapped(paper-T1+visual),CC BY 4.0,0,0,1
central_java,v1,https://data.mendeley.com/datasets/ptz377bwb8/1,2026-09-26,pest,,,IMG_20230816_114257.jpg,,,external_test,folder-mapped(paper-T1+visual),CC BY 4.0,0,0,1
central_java,v1,https://data.mendeley.com/datasets/ptz377bwb8/1,2026-09-26,pest,,,IMG_20230816_114403.jpg,,,external_test,folder-mapped(paper-T1+visual),CC BY 4.0,0,0,1
central_java,v1,https://data.mendeley.com/datasets/ptz377bwb8/1,2026-09-26,pest,,,IMG_20230816_115049~2.jpg,,,external_test,folder-mapped(paper-T1+visual),CC BY 4.0,0,0,1
central_java,v1,https://data.mendeley.com/datasets/ptz377bwb8/1,2026-09-26,pest,,,IMG_20230816_120814.jpg,,,external_test,folder-mapped(paper-T1+visual),CC BY 4.0,0,0,1
central_java,v1,https://data.mendeley.com/datasets/ptz377bwb8/1,2026-09-26,pest,,,IMG_20230816_122236~2.jpg,,,external_test,folder-mapped(paper-T1+visual),CC BY 4.0,0,0,1
central_java,v1,https://data.mendeley.com/datasets/ptz377bwb8/1,2026-09-26,pest,,,IMG_20230816_122742.jpg,,,external_test,folder-mapped(paper-T1+visual),CC BY 4.0,0,0,1
central_java,v1,https://data.mendeley.com/datasets/ptz377bwb8/1,2026-09-26,pest,,,IMG_20230816_122835.jpg,,,external_test,folder-mapped(paper-T1+visual),CC BY 4.0,0,0,1
central_java,v1,https://data.mendeley.com/datasets/ptz377bwb8/1,2026-09-26,pest,,,IMG_20230816_123049.jpg,,,external_test,folder-mapped(paper-T1+visual),CC BY 4.0,0,0,1
central_java,v1,https://data.mendeley.com/datasets/ptz377bwb8/1,2026-09-26,pest,,,IMG_20230816_123440~2.jpg,,,external_test,folder-mapped(paper-T1+visual),CC BY 4.0,0,0,1
central_java,v1,https://data.mendeley.com/datasets/ptz377bwb8/1,2026-09-26,pest,,,IMG_20230816_134245.jpg,,,external_test,folder-mapped(paper-T1+visual),CC BY 4.0,0,0,1
central_java,v1,https://data.mendeley.com/datasets/ptz377bwb8/1,2026-09-26,pest,,,IMG_20230816_134324~2.jpg,,,external_test,folder-mapped(paper-T1+visual),CC BY 4.0,0,0,1
central_java,v1,https://data.mendeley.com/datasets/ptz377bwb8/1,2026-09-26,pest,,,IMG_20230816_134335.jpg,,,external_test,folder-mapped(paper-T1+visual),CC BY 4.0,0,0,1
central_java,v1,https://data.mendeley.com/datasets/ptz377bwb8/1,2026-09-26,pest,,,IMG_20230816_134419.jpg,,,external_test,folder-mapped(paper-T1+visual),CC BY 4.0,0,0,1
central_java,v1,https://data.mendeley.com/datasets/ptz377bwb8/1,2026-09-26,pest,,,IMG_20230816_134419~2.jpg,,,external_test,folder-mapped(paper-T1+visual),CC BY 4.0,0,0,1
central_java,v1,https://data.mendeley.com/datasets/ptz377bwb8/1,2026-09-26,pest,,,IMG_20230816_134440.jpg,,,external_test,folder-mapped(paper-T1+visual),CC BY 4.0,0,0,1
central_java,v1,https://data.mendeley.com/datasets/ptz377bwb8/1,2026-09-26,pest,,,IMG_20230816_134445.jpg,,,external_test,folder-mapped(paper-T1+visual),CC BY 4.0,0,0,1
central_java,v1,https://data.mendeley.com/datasets/ptz377bwb8/1,2026-09-26,pest,,,IMG_20230816_134505.jpg,,,external_test,folder-mapped(paper-T1+visual),CC BY 4.0,0,0,1
central_java,v1,https://data.mendeley.com/datasets/ptz377bwb8/1,2026-09-26,pest,,,IMG_20230816_134507.jpg,,,external_test,folder-mapped(paper-T1+visual),CC BY 4.0,0,0,1
central_java,v1,https://data.mendeley.com/datasets/ptz377bwb8/1,2026-09-26,pest,,,IMG_20230816_134527.jpg,,,external_test,folder-mapped(paper-T1+visual),CC BY 4.0,0,0,1
central_java,v1,https://data.mendeley.com/datasets/ptz377bwb8/1,2026-09-26,pest,,,IMG_20230816_134539.jpg,,,external_test,folder-mapped(paper-T1+visual),CC BY 4.0,0,0,1
central_java,v1,https://data.mendeley.com/datasets/ptz377bwb8/1,2026-09-26,pest,,,IMG_20230816_134543.jpg,,,external_test,folder-mapped(paper-T1+visual),CC BY 4.0,0,0,1
central_java,v1,https://data.mendeley.com/datasets/ptz377bwb8/1,2026-09-26,pest,,,IMG_20230816_134609.jpg,,,external_test,folder-mapped(paper-T1+visual),CC BY 4.0,0,0,1
central_java,v1,https://data.mendeley.com/datasets/ptz377bwb8/1,2026-09-26,pest,,,IMG_20230816_134630.jpg,,,external_test,folder-mapped(paper-T1+visual),CC BY 4.0,0,0,1
central_java,v1,https://data.mendeley.com/datasets/ptz377bwb8/1,2026-09-26,pest,,,IMG_20230816_134632.jpg,,,external_test,folder-mapped(paper-T1+visual),CC BY 4.0,0,0,1
central_java,v1,https://data.mendeley.com/datasets/ptz377bwb8/1,2026-09-26,pest,,,IMG_20230816_134943.jpg,,,external_test,folder-mapped(paper-T1+visual),CC BY 4.0,0,0,1
central_java,v1,https://data.mendeley.com/datasets/ptz377bwb8/1,2026-09-26,pest,,,IMG_20230816_134953.jpg,,,external_test,folder-mapped(paper-T1+visual),CC BY 4.0,0,0,1
central_java,v1,https://data.mendeley.com/datasets/ptz377bwb8/1,2026-09-26,pest,,,IMG_20230816_135045.jpg,,,external_test,folder-mapped(paper-T1+visual),CC BY 4.0,0,0,1
central_java,v1,https://data.mendeley.com/datasets/ptz377bwb8/1,2026-09-26,pest,,,IMG_20230816_135123.jpg,,,external_test,folder-mapped(paper-T1+visual),CC BY 4.0,0,0,1
central_java,v1,https://data.mendeley.com/datasets/ptz377bwb8/1,2026-09-26,pest,,,IMG_20230816_135134.jpg,,,external_test,folder-mapped(paper-T1+visual),CC BY 4.0,0,0,1
central_java,v1,https://data.mendeley.com/datasets/ptz377bwb8/1,2026-09-26,pest,,,IMG_20230816_135217.jpg,,,external_test,folder-mapped(paper-T1+visual),CC BY 4.0,0,0,1
central_java,v1,https://data.mendeley.com/datasets/ptz377bwb8/1,2026-09-26,pest,,,IMG_20230816_135224.jpg,,,external_test,folder-mapped(paper-T1+visual),CC BY 4.0,0,0,1
central_java,v1,https://data.mendeley.com/datasets/ptz377bwb8/1,2026-09-26,pest,,,IMG_20230816_135235.jpg,,,external_test,folder-mapped(paper-T1+visual),CC BY 4.0,0,0,1
central_java,v1,https://data.mendeley.com/datasets/ptz377bwb8/1,2026-09-26,pest,,,IMG_20230816_135440.jpg,,,external_test,folder-mapped(paper-T1+visual),CC BY 4.0,0,0,1
central_java,v1,https://data.mendeley.com/datasets/ptz377bwb8/1,2026-09-26,pest,,,IMG_20230816_135708~2.jpg,,,external_test,folder-mapped(paper-T1+visual),CC BY 4.0,0,0,1
central_java,v1,https://data.mendeley.com/datasets/ptz377bwb8/1,2026-09-26,pest,,,IMG_20230816_135810~2.jpg,,,external_test,folder-mapped(paper-T1+visual),CC BY 4.0,0,0,1
central_java,v1,https://data.mendeley.com/datasets/ptz377bwb8/1,2026-09-26,pest,,,IMG_20230816_135829~2.jpg,,,external_test,folder-mapped(paper-T1+visual),CC BY 4.0,0,0,1
central_java,v1,https://data.mendeley.com/datasets/ptz377bwb8/1,2026-09-26,pest,,,IMG_20230816_135850~2.jpg,,,external_test,folder-mapped(paper-T1+visual),CC BY 4.0,0,0,1
central_java,v1,https://data.mendeley.com/datasets/ptz377bwb8/1,2026-09-26,pest,,,IMG_20230816_135902.jpg,,,external_test,folder-mapped(paper-T1+visual),CC BY 4.0,0,0,1
central_java,v1,https://data.mendeley.com/datasets/ptz377bwb8/1,2026-09-26,pest,,,IMG_20230816_135922~2.jpg,,,external_test,folder-mapped(paper-T1+visual),CC BY 4.0,0,0,1
central_java,v1,https://data.mendeley.com/datasets/ptz377bwb8/1,2026-09-26,pest,,,IMG_20230816_135923.jpg,,,external_test,folder-mapped(paper-T1+visual),CC BY 4.0,0,0,1
central_java,v1,https://data.mendeley.com/datasets/ptz377bwb8/1,2026-09-26,pest,,,IMG_20230816_140018.jpg,,,external_test,folder-mapped(paper-T1+visual),CC BY 4.0,0,0,1
central_java,v1,https://data.mendeley.com/datasets/ptz377bwb8/1,2026-09-26,pest,,,IMG_20230816_140040~2.jpg,,,external_test,folder-mapped(paper-T1+visual),CC BY 4.0,0,0,1
central_java,v1,https://data.mendeley.com/datasets/ptz377bwb8/1,2026-09-26,pest,,,IMG_20230816_140103.jpg,,,external_test,folder-mapped(paper-T1+visual),CC BY 4.0,0,0,1
central_java,v1,https://data.mendeley.com/datasets/ptz377bwb8/1,2026-09-26,pest,,,IMG_20230816_140106.jpg,,,external_test,folder-mapped(paper-T1+visual),CC BY 4.0,0,0,1
central_java,v1,https://data.mendeley.com/datasets/ptz377bwb8/1,2026-09-26,pest,,,IMG_20230816_140113.jpg,,,external_test,folder-mapped(paper-T1+visual),CC BY 4.0,0,0,1
central_java,v1,https://data.mendeley.com/datasets/ptz377bwb8/1,2026-09-26,pest,,,IMG_20230816_140116.jpg,,,external_test,folder-mapped(paper-T1+visual),CC BY 4.0,0,0,1
central_java,v1,https://data.mendeley.com/datasets/ptz377bwb8/1,2026-09-26,pest,,,IMG_20230816_140126.jpg,,,external_test,folder-mapped(paper-T1+visual),CC BY 4.0,0,0,1
central_java,v1,https://data.mendeley.com/datasets/ptz377bwb8/1,2026-09-26,pest,,,IMG_20230816_140130.jpg,,,external_test,folder-mapped(paper-T1+visual),CC BY 4.0,0,0,1
central_java,v1,https://data.mendeley.com/datasets/ptz377bwb8/1,2026-09-26,pest,,,IMG_20230816_140138.jpg,,,external_test,folder-mapped(paper-T1+visual),CC BY 4.0,0,0,1
central_java,v1,https://data.mendeley.com/datasets/ptz377bwb8/1,2026-09-26,pest,,,IMG_20230816_140201.jpg,,,external_test,folder-mapped(paper-T1+visual),CC BY 4.0,0,0,1
central_java,v1,https://data.mendeley.com/datasets/ptz377bwb8/1,2026-09-26,pest,,,IMG_20230816_140442~2.jpg,,,external_test,folder-mapped(paper-T1+visual),CC BY 4.0,0,0,1
central_java,v1,https://data.mendeley.com/datasets/ptz377bwb8/1,2026-09-26,pest,,,IMG_20230816_140606~2.jpg,,,external_test,folder-mapped(paper-T1+visual),CC BY 4.0,0,0,1
central_java,v1,https://data.mendeley.com/datasets/ptz377bwb8/1,2026-09-26,pest,,,IMG_20230816_140703.jpg,,,external_test,folder-mapped(paper-T1+visual),CC BY 4.0,0,0,1
central_java,v1,https://data.mendeley.com/datasets/ptz377bwb8/1,2026-09-26,pest,,,IMG_20230816_140721.jpg,,,external_test,folder-mapped(paper-T1+visual),CC BY 4.0,0,0,1
central_java,v1,https://data.mendeley.com/datasets/ptz377bwb8/1,2026-09-26,pest,,,IMG_20230816_140731.jpg,,,external_test,folder-mapped(paper-T1+visual),CC BY 4.0,0,0,1
central_java,v1,https://data.mendeley.com/datasets/ptz377bwb8/1,2026-09-26,pest,,,IMG_20230816_140744.jpg,,,external_test,folder-mapped(paper-T1+visual),CC BY 4.0,0,0,1
central_java,v1,https://data.mendeley.com/datasets/ptz377bwb8/1,2026-09-26,pest,,,IMG_20230816_140757~2.jpg,,,external_test,folder-mapped(paper-T1+visual),CC BY 4.0,0,0,1
central_java,v1,https://data.mendeley.com/datasets/ptz377bwb8/1,2026-09-26,pest,,,IMG_20230816_140825~2.jpg,,,external_test,folder-mapped(paper-T1+visual),CC BY 4.0,0,0,1
central_java,v1,https://data.mendeley.com/datasets/ptz377bwb8/1,2026-09-26,pest,,,IMG_20230816_140828.jpg,,,external_test,folder-mapped(paper-T1+visual),CC BY 4.0,0,0,1
central_java,v1,https://data.mendeley.com/datasets/ptz377bwb8/1,2026-09-26,pest,,,IMG_20230816_140933~2.jpg,,,external_test,folder-mapped(paper-T1+visual),CC BY 4.0,0,0,1
central_java,v1,https://data.mendeley.com/datasets/ptz377bwb8/1,2026-09-26,pest,,,IMG_20230816_141013.jpg,,,external_test,folder-mapped(paper-T1+visual),CC BY 4.0,0,0,1
central_java,v1,https://data.mendeley.com/datasets/ptz377bwb8/1,2026-09-26,pest,,,IMG_20230816_141029.jpg,,,external_test,folder-mapped(paper-T1+visual),CC BY 4.0,0,0,1
central_java,v1,https://data.mendeley.com/datasets/ptz377bwb8/1,2026-09-26,pest,,,IMG_20230816_141054~2.jpg,,,external_test,folder-mapped(paper-T1+visual),CC BY 4.0,0,0,1
central_java,v1,https://data.mendeley.com/datasets/ptz377bwb8/1,2026-09-26,pest,,,IMG_20230816_141119.jpg,,,external_test,folder-mapped(paper-T1+visual),CC BY 4.0,0,0,1
central_java,v1,https://data.mendeley.com/datasets/ptz377bwb8/1,2026-09-26,pest,,,IMG_20230816_141201.jpg,,,external_test,folder-mapped(paper-T1+visual),CC BY 4.0,0,0,1
central_java,v1,https://data.mendeley.com/datasets/ptz377bwb8/1,2026-09-26,pest,,,IMG_20230816_141234.jpg,,,external_test,folder-mapped(paper-T1+visual),CC BY 4.0,0,0,1
central_java,v1,https://data.mendeley.com/datasets/ptz377bwb8/1,2026-09-26,pest,,,IMG_20230816_141245.jpg,,,external_test,folder-mapped(paper-T1+visual),CC BY 4.0,0,0,1
central_java,v1,https://data.mendeley.com/datasets/ptz377bwb8/1,2026-09-26,pest,,,IMG_20230816_141322.jpg,,,external_test,folder-mapped(paper-T1+visual),CC BY 4.0,0,0,1
central_java,v1,https://data.mendeley.com/datasets/ptz377bwb8/1,2026-09-26,pest,,,IMG_20230816_141325.jpg,,,external_test,folder-mapped(paper-T1+visual),CC BY 4.0,0,0,1
central_java,v1,https://data.mendeley.com/datasets/ptz377bwb8/1,2026-09-26,pest,,,IMG_20230816_141334.jpg,,,external_test,folder-mapped(paper-T1+visual),CC BY 4.0,0,0,1
central_java,v1,https://data.mendeley.com/datasets/ptz377bwb8/1,2026-09-26,pest,,,IMG_20230816_141440.jpg,,,external_test,folder-mapped(paper-T1+visual),CC BY 4.0,0,0,1
central_java,v1,https://data.mendeley.com/datasets/ptz377bwb8/1,2026-09-26,pest,,,IMG_20230816_141500.jpg,,,external_test,folder-mapped(paper-T1+visual),CC BY 4.0,0,0,1
central_java,v1,https://data.mendeley.com/datasets/ptz377bwb8/1,2026-09-26,pest,,,IMG_20230816_141504.jpg,,,external_test,folder-mapped(paper-T1+visual),CC BY 4.0,0,0,1
central_java,v1,https://data.mendeley.com/datasets/ptz377bwb8/1,2026-09-26,pest,,,IMG_20230816_141517.jpg,,,external_test,folder-mapped(paper-T1+visual),CC BY 4.0,0,0,1
central_java,v1,https://data.mendeley.com/datasets/ptz377bwb8/1,2026-09-26,pest,,,IMG_20230816_141609.jpg,,,external_test,folder-mapped(paper-T1+visual),CC BY 4.0,0,0,1
central_java,v1,https://data.mendeley.com/datasets/ptz377bwb8/1,2026-09-26,pest,,,IMG_20230816_141628.jpg,,,external_test,folder-mapped(paper-T1+visual),CC BY 4.0,0,0,1
central_java,v1,https://data.mendeley.com/datasets/ptz377bwb8/1,2026-09-26,pest,,,IMG_20230816_141633.jpg,,,external_test,folder-mapped(paper-T1+visual),CC BY 4.0,0,0,1
central_java,v1,https://data.mendeley.com/datasets/ptz377bwb8/1,2026-09-26,pest,,,IMG_20230816_141704.jpg,,,external_test,folder-mapped(paper-T1+visual),CC BY 4.0,0,0,1
central_java,v1,https://data.mendeley.com/datasets/ptz377bwb8/1,2026-09-26,pest,,,IMG_20230816_141821.jpg,,,external_test,folder-mapped(paper-T1+visual),CC BY 4.0,0,0,1
central_java,v1,https://data.mendeley.com/datasets/ptz377bwb8/1,2026-09-26,pest,,,IMG_20230816_141925.jpg,,,external_test,folder-mapped(paper-T1+visual),CC BY 4.0,0,0,1
central_java,v1,https://data.mendeley.com/datasets/ptz377bwb8/1,2026-09-26,pest,,,IMG_20230816_142004.jpg,,,external_test,folder-mapped(paper-T1+visual),CC BY 4.0,0,0,1
central_java,v1,https://data.mendeley.com/datasets/ptz377bwb8/1,2026-09-26,pest,,,IMG_20230816_142007.jpg,,,external_test,folder-mapped(paper-T1+visual),CC BY 4.0,0,0,1
central_java,v1,https://data.mendeley.com/datasets/ptz377bwb8/1,2026-09-26,pest,,,IMG_20230816_142417~2.jpg,,,external_test,folder-mapped(paper-T1+visual),CC BY 4.0,0,0,1
central_java,v1,https://data.mendeley.com/datasets/ptz377bwb8/1,2026-09-26,pest,,,IMG_20230816_142642~2.jpg,,,external_test,folder-mapped(paper-T1+visual),CC BY 4.0,0,0,1
central_java,v1,https://data.mendeley.com/datasets/ptz377bwb8/1,2026-09-26,pest,,,IMG_20230816_142750~2.jpg,,,external_test,folder-mapped(paper-T1+visual),CC BY 4.0,0,0,1
central_java,v1,https://data.mendeley.com/datasets/ptz377bwb8/1,2026-09-26,pest,,,IMG_20230816_142801.jpg,,,external_test,folder-mapped(paper-T1+visual),CC BY 4.0,0,0,1
central_java,v1,https://data.mendeley.com/datasets/ptz377bwb8/1,2026-09-26,pest,,,IMG_20230816_142825.jpg,,,external_test,folder-mapped(paper-T1+visual),CC BY 4.0,0,0,1
central_java,v1,https://data.mendeley.com/datasets/ptz377bwb8/1,2026-09-26,pest,,,IMG_20230816_142854.jpg,,,external_test,folder-mapped(paper-T1+visual),CC BY 4.0,0,0,1
central_java,v1,https://data.mendeley.com/datasets/ptz377bwb8/1,2026-09-26,pest,,,IMG_20230816_142904.jpg,,,external_test,folder-mapped(paper-T1+visual),CC BY 4.0,0,0,1
central_java,v1,https://data.mendeley.com/datasets/ptz377bwb8/1,2026-09-26,pest,,,IMG_20230816_142927.jpg,,,external_test,folder-mapped(paper-T1+visual),CC BY 4.0,0,0,1
central_java,v1,https://data.mendeley.com/datasets/ptz377bwb8/1,2026-09-26,pest,,,IMG_20230816_142933.jpg,,,external_test,folder-mapped(paper-T1+visual),CC BY 4.0,0,0,1
central_java,v1,https://data.mendeley.com/datasets/ptz377bwb8/1,2026-09-26,pest,,,IMG_20230816_142937.jpg,,,external_test,folder-mapped(paper-T1+visual),CC BY 4.0,0,0,1
central_java,v1,https://data.mendeley.com/datasets/ptz377bwb8/1,2026-09-26,pest,,,IMG_20230816_142939.jpg,,,external_test,folder-mapped(paper-T1+visual),CC BY 4.0,0,0,1
central_java,v1,https://data.mendeley.com/datasets/ptz377bwb8/1,2026-09-26,pest,,,IMG_20230816_142945.jpg,,,external_test,folder-mapped(paper-T1+visual),CC BY 4.0,0,0,1
central_java,v1,https://data.mendeley.com/datasets/ptz377bwb8/1,2026-09-26,pest,,,IMG_20230816_142948.jpg,,,external_test,folder-mapped(paper-T1+visual),CC BY 4.0,0,0,1
central_java,v1,https://data.mendeley.com/datasets/ptz377bwb8/1,2026-09-26,pest,,,IMG_20230816_143028~2.jpg,,,external_test,folder-mapped(paper-T1+visual),CC BY 4.0,0,0,1
central_java,v1,https://data.mendeley.com/datasets/ptz377bwb8/1,2026-09-26,pest,,,IMG_20230816_143059.jpg,,,external_test,folder-mapped(paper-T1+visual),CC BY 4.0,0,0,1
central_java,v1,https://data.mendeley.com/datasets/ptz377bwb8/1,2026-09-26,pest,,,IMG_20230816_143114.jpg,,,external_test,folder-mapped(paper-T1+visual),CC BY 4.0,0,0,1
central_java,v1,https://data.mendeley.com/datasets/ptz377bwb8/1,2026-09-26,pest,,,IMG_20230816_143125.jpg,,,external_test,folder-mapped(paper-T1+visual),CC BY 4.0,0,0,1
central_java,v1,https://data.mendeley.com/datasets/ptz377bwb8/1,2026-09-26,pest,,,IMG_20230816_143438.jpg,,,external_test,folder-mapped(paper-T1+visual),CC BY 4.0,0,0,1
central_java,v1,https://data.mendeley.com/datasets/ptz377bwb8/1,2026-09-26,pest,,,IMG_4711.JPG,,,external_test,folder-mapped(paper-T1+visual),CC BY 4.0,0,0,1
central_java,v1,https://data.mendeley.com/datasets/ptz377bwb8/1,2026-09-26,pest,,,IMG_4721.JPG,,,external_test,folder-mapped(paper-T1+visual),CC BY 4.0,0,0,1
central_java,v1,https://data.mendeley.com/datasets/ptz377bwb8/1,2026-09-26,pest,,,IMG_4722.JPG,,,external_test,folder-mapped(paper-T1+visual),CC BY 4.0,0,0,1
central_java,v1,https://data.mendeley.com/datasets/ptz377bwb8/1,2026-09-26,pest,,,IMG_4724.JPG,,,external_test,folder-mapped(paper-T1+visual),CC BY 4.0,0,0,1
central_java,v1,https://data.mendeley.com/datasets/ptz377bwb8/1,2026-09-26,pest,,,IMG_4726.JPG,,,external_test,folder-mapped(paper-T1+visual),CC BY 4.0,0,0,1
central_java,v1,https://data.mendeley.com/datasets/ptz377bwb8/1,2026-09-26,pest,,,IMG_4727.JPG,,,external_test,folder-mapped(paper-T1+visual),CC BY 4.0,0,0,1
central_java,v1,https://data.mendeley.com/datasets/ptz377bwb8/1,2026-09-26,pest,,,IMG_4728.JPG,,,external_test,folder-mapped(paper-T1+visual),CC BY 4.0,0,0,1
central_java,v1,https://data.mendeley.com/datasets/ptz377bwb8/1,2026-09-26,pest,,,IMG_4732.JPG,,,external_test,folder-mapped(paper-T1+visual),CC BY 4.0,0,0,1
central_java,v1,https://data.mendeley.com/datasets/ptz377bwb8/1,2026-09-26,pest,,,IMG_4735.JPG,,,external_test,folder-mapped(paper-T1+visual),CC BY 4.0,0,0,1
central_java,v1,https://data.mendeley.com/datasets/ptz377bwb8/1,2026-09-26,pest,,,IMG_4741.JPG,,,external_test,folder-mapped(paper-T1+visual),CC BY 4.0,0,0,1
central_java,v1,https://data.mendeley.com/datasets/ptz377bwb8/1,2026-09-26,pest,,,IMG_4742.JPG,,,external_test,folder-mapped(paper-T1+visual),CC BY 4.0,0,0,1
central_java,v1,https://data.mendeley.com/datasets/ptz377bwb8/1,2026-09-26,pest,,,IMG_4743.JPG,,,external_test,folder-mapped(paper-T1+visual),CC BY 4.0,0,0,1
central_java,v1,https://data.mendeley.com/datasets/ptz377bwb8/1,2026-09-26,pest,,,IMG_4744.JPG,,,external_test,folder-mapped(paper-T1+visual),CC BY 4.0,0,0,1
central_java,v1,https://data.mendeley.com/datasets/ptz377bwb8/1,2026-09-26,pest,,,IMG_4745.JPG,,,external_test,folder-mapped(paper-T1+visual),CC BY 4.0,0,0,1
central_java,v1,https://data.mendeley.com/datasets/ptz377bwb8/1,2026-09-26,pest,,,IMG_4746.JPG,,,external_test,folder-mapped(paper-T1+visual),CC BY 4.0,0,0,1
central_java,v1,https://data.mendeley.com/datasets/ptz377bwb8/1,2026-09-26,pest,,,IMG_4747.JPG,,,external_test,folder-mapped(paper-T1+visual),CC BY 4.0,0,0,1
central_java,v1,https://data.mendeley.com/datasets/ptz377bwb8/1,2026-09-26,pest,,,IMG_4748.JPG,,,external_test,folder-mapped(paper-T1+visual),CC BY 4.0,0,0,1
central_java,v1,https://data.mendeley.com/datasets/ptz377bwb8/1,2026-09-26,pest,,,IMG_4760.JPG,,,external_test,folder-mapped(paper-T1+visual),CC BY 4.0,0,0,1
central_java,v1,https://data.mendeley.com/datasets/ptz377bwb8/1,2026-09-26,pest,,,IMG_4761.JPG,,,external_test,folder-mapped(paper-T1+visual),CC BY 4.0,0,0,1
central_java,v1,https://data.mendeley.com/datasets/ptz377bwb8/1,2026-09-26,pest,,,IMG_4764.JPG,,,external_test,folder-mapped(paper-T1+visual),CC BY 4.0,0,0,1
central_java,v1,https://data.mendeley.com/datasets/ptz377bwb8/1,2026-09-26,pest,,,IMG_4765.JPG,,,external_test,folder-mapped(paper-T1+visual),CC BY 4.0,0,0,1
central_java,v1,https://data.mendeley.com/datasets/ptz377bwb8/1,2026-09-26,pest,,,IMG_4768.JPG,,,external_test,folder-mapped(paper-T1+visual),CC BY 4.0,0,0,1
central_java,v1,https://data.mendeley.com/datasets/ptz377bwb8/1,2026-09-26,pest,,,IMG_4796.JPG,,,external_test,folder-mapped(paper-T1+visual),CC BY 4.0,0,0,1
central_java,v1,https://data.mendeley.com/datasets/ptz377bwb8/1,2026-09-26,pest,,,IMG_4801.JPG,,,external_test,folder-mapped(paper-T1+visual),CC BY 4.0,0,0,1
central_java,v1,https://data.mendeley.com/datasets/ptz377bwb8/1,2026-09-26,pest,,,IMG_4805.JPG,,,external_test,folder-mapped(paper-T1+visual),CC BY 4.0,0,0,1
central_java,v1,https://data.mendeley.com/datasets/ptz377bwb8/1,2026-09-26,pest,,,IMG_4806.JPG,,,external_test,folder-mapped(paper-T1+visual),CC BY 4.0,0,0,1
central_java,v1,https://data.mendeley.com/datasets/ptz377bwb8/1,2026-09-26,pest,,,IMG_4813.JPG,,,external_test,folder-mapped(paper-T1+visual),CC BY 4.0,0,0,1
central_java,v1,https://data.mendeley.com/datasets/ptz377bwb8/1,2026-09-26,pest,,,IMG_4830.JPG,,,external_test,folder-mapped(paper-T1+visual),CC BY 4.0,0,0,1
central_java,v1,https://data.mendeley.com/datasets/ptz377bwb8/1,2026-09-26,pest,,,IMG_4831.JPG,,,external_test,folder-mapped(paper-T1+visual),CC BY 4.0,0,0,1
central_java,v1,https://data.mendeley.com/datasets/ptz377bwb8/1,2026-09-26,pest,,,IMG_8076.JPG,,,external_test,folder-mapped(paper-T1+visual),CC BY 4.0,0,0,1
central_java,v1,https://data.mendeley.com/datasets/ptz377bwb8/1,2026-09-26,pest,,,IMG_8077.JPG,,,external_test,folder-mapped(paper-T1+visual),CC BY 4.0,0,0,1
central_java,v1,https://data.mendeley.com/datasets/ptz377bwb8/1,2026-09-26,pest,,,IMG_8084.JPG,,,external_test,folder-mapped(paper-T1+visual),CC BY 4.0,0,0,1
central_java,v1,https://data.mendeley.com/datasets/ptz377bwb8/1,2026-09-26,pest,,,IMG_8086.JPG,,,external_test,folder-mapped(paper-T1+visual),CC BY 4.0,0,0,1
central_java,v1,https://data.mendeley.com/datasets/ptz377bwb8/1,2026-09-26,pest,,,IMG_8087.JPG,,,external_test,folder-mapped(paper-T1+visual),CC BY 4.0,0,0,1
central_java,v1,https://data.mendeley.com/datasets/ptz377bwb8/1,2026-09-26,pest,,,IMG_8089.JPG,,,external_test,folder-mapped(paper-T1+visual),CC BY 4.0,0,0,1
central_java,v1,https://data.mendeley.com/datasets/ptz377bwb8/1,2026-09-26,pest,,,IMG_8094.JPG,,,external_test,folder-mapped(paper-T1+visual),CC BY 4.0,0,0,1
central_java,v1,https://data.mendeley.com/datasets/ptz377bwb8/1,2026-09-26,pest,,,IMG_8095.JPG,,,external_test,folder-mapped(paper-T1+visual),CC BY 4.0,0,0,1
central_java,v1,https://data.mendeley.com/datasets/ptz377bwb8/1,2026-09-26,pest,,,IMG_8097.JPG,,,external_test,folder-mapped(paper-T1+visual),CC BY 4.0,0,0,1
central_java,v1,https://data.mendeley.com/datasets/ptz377bwb8/1,2026-09-26,pest,,,IMG_8098.JPG,,,external_test,folder-mapped(paper-T1+visual),CC BY 4.0,0,0,1
central_java,v1,https://data.mendeley.com/datasets/ptz377bwb8/1,2026-09-26,pest,,,IMG_8103.JPG,,,external_test,folder-mapped(paper-T1+visual),CC BY 4.0,0,0,1
central_java,v1,https://data.mendeley.com/datasets/ptz377bwb8/1,2026-09-26,pest,,,IMG_8115.JPG,,,external_test,folder-mapped(paper-T1+visual),CC BY 4.0,0,0,1
central_java,v1,https://data.mendeley.com/datasets/ptz377bwb8/1,2026-09-26,pest,,,IMG_8116.JPG,,,external_test,folder-mapped(paper-T1+visual),CC BY 4.0,0,0,1
central_java,v1,https://data.mendeley.com/datasets/ptz377bwb8/1,2026-09-26,pest,,,IMG_8117.JPG,,,external_test,folder-mapped(paper-T1+visual),CC BY 4.0,0,0,1
central_java,v1,https://data.mendeley.com/datasets/ptz377bwb8/1,2026-09-26,pest,,,IMG_8136.JPG,,,external_test,folder-mapped(paper-T1+visual),CC BY 4.0,0,0,1
central_java,v1,https://data.mendeley.com/datasets/ptz377bwb8/1,2026-09-26,pest,,,IMG_8137.JPG,,,external_test,folder-mapped(paper-T1+visual),CC BY 4.0,0,0,1
central_java,v1,https://data.mendeley.com/datasets/ptz377bwb8/1,2026-09-26,pest,,,IMG_8141.JPG,,,external_test,folder-mapped(paper-T1+visual),CC BY 4.0,0,0,1
central_java,v1,https://data.mendeley.com/datasets/ptz377bwb8/1,2026-09-26,pest,,,IMG_8160.JPG,,,external_test,folder-mapped(paper-T1+visual),CC BY 4.0,0,0,1
central_java,v1,https://data.mendeley.com/datasets/ptz377bwb8/1,2026-09-26,pest,,,IMG_8161.JPG,,,external_test,folder-mapped(paper-T1+visual),CC BY 4.0,0,0,1
central_java,v1,https://data.mendeley.com/datasets/ptz377bwb8/1,2026-09-26,pest,,,IMG_8162.JPG,,,external_test,folder-mapped(paper-T1+visual),CC BY 4.0,0,0,1
central_java,v1,https://data.mendeley.com/datasets/ptz377bwb8/1,2026-09-26,pest,,,IMG_8166.JPG,,,external_test,folder-mapped(paper-T1+visual),CC BY 4.0,0,0,1
central_java,v1,https://data.mendeley.com/datasets/ptz377bwb8/1,2026-09-26,pest,,,IMG_8170.JPG,,,external_test,folder-mapped(paper-T1+visual),CC BY 4.0,0,0,1
central_java,v1,https://data.mendeley.com/datasets/ptz377bwb8/1,2026-09-26,pest,,,IMG_8174.JPG,,,external_test,folder-mapped(paper-T1+visual),CC BY 4.0,0,0,1
central_java,v1,https://data.mendeley.com/datasets/ptz377bwb8/1,2026-09-26,pest,,,IMG_8177.JPG,,,external_test,folder-mapped(paper-T1+visual),CC BY 4.0,0,0,1
central_java,v1,https://data.mendeley.com/datasets/ptz377bwb8/1,2026-09-26,pest,,,IMG_8229.JPG,,,external_test,folder-mapped(paper-T1+visual),CC BY 4.0,0,0,1
central_java,v1,https://data.mendeley.com/datasets/ptz377bwb8/1,2026-09-26,pest,,,IMG_8239.JPG,,,external_test,folder-mapped(paper-T1+visual),CC BY 4.0,0,0,1
central_java,v1,https://data.mendeley.com/datasets/ptz377bwb8/1,2026-09-26,pest,,,IMG_8270.JPG,,,external_test,folder-mapped(paper-T1+visual),CC BY 4.0,0,0,1
central_java,v1,https://data.mendeley.com/datasets/ptz377bwb8/1,2026-09-26,pest,,,IMG_8288.JPG,,,external_test,folder-mapped(paper-T1+visual),CC BY 4.0,0,0,1
central_java,v1,https://data.mendeley.com/datasets/ptz377bwb8/1,2026-09-26,pest,,,IMG_8296.JPG,,,external_test,folder-mapped(paper-T1+visual),CC BY 4.0,0,0,1
central_java,v1,https://data.mendeley.com/datasets/ptz377bwb8/1,2026-09-26,pest,,,IMG_8297.JPG,,,external_test,folder-mapped(paper-T1+visual),CC BY 4.0,0,0,1
central_java,v1,https://data.mendeley.com/datasets/ptz377bwb8/1,2026-09-26,pest,,,IMG_8298.JPG,,,external_test,folder-mapped(paper-T1+visual),CC BY 4.0,0,0,1
central_java,v1,https://data.mendeley.com/datasets/ptz377bwb8/1,2026-09-26,pest,,,IMG_8300.JPG,,,external_test,folder-mapped(paper-T1+visual),CC BY 4.0,0,0,1
central_java,v1,https://data.mendeley.com/datasets/ptz377bwb8/1,2026-09-26,pest,,,IMG_8307.JPG,,,external_test,folder-mapped(paper-T1+visual),CC BY 4.0,0,0,1
central_java,v1,https://data.mendeley.com/datasets/ptz377bwb8/1,2026-09-26,pest,,,IMG_8308.JPG,,,external_test,folder-mapped(paper-T1+visual),CC BY 4.0,0,0,1
central_java,v1,https://data.mendeley.com/datasets/ptz377bwb8/1,2026-09-26,pest,,,IMG_8316.JPG,,,external_test,folder-mapped(paper-T1+visual),CC BY 4.0,0,0,1
central_java,v1,https://data.mendeley.com/datasets/ptz377bwb8/1,2026-09-26,pest,,,IMG_8321.JPG,,,external_test,folder-mapped(paper-T1+visual),CC BY 4.0,0,0,1
central_java,v1,https://data.mendeley.com/datasets/ptz377bwb8/1,2026-09-26,pest,,,IMG_8326.JPG,,,external_test,folder-mapped(paper-T1+visual),CC BY 4.0,0,0,1
central_java,v1,https://data.mendeley.com/datasets/ptz377bwb8/1,2026-09-26,pest,,,IMG_8327.JPG,,,external_test,folder-mapped(paper-T1+visual),CC BY 4.0,0,0,1
central_java,v1,https://data.mendeley.com/datasets/ptz377bwb8/1,2026-09-26,pest,,,IMG_8329.JPG,,,external_test,folder-mapped(paper-T1+visual),CC BY 4.0,0,0,1
central_java,v1,https://data.mendeley.com/datasets/ptz377bwb8/1,2026-09-26,pest,,,IMG_8337.JPG,,,external_test,folder-mapped(paper-T1+visual),CC BY 4.0,0,0,1
central_java,v1,https://data.mendeley.com/datasets/ptz377bwb8/1,2026-09-26,pest,,,IMG_8344.JPG,,,external_test,folder-mapped(paper-T1+visual),CC BY 4.0,0,0,1
central_java,v1,https://data.mendeley.com/datasets/ptz377bwb8/1,2026-09-26,pest,,,IMG_8346.JPG,,,external_test,folder-mapped(paper-T1+visual),CC BY 4.0,0,0,1
central_java,v1,https://data.mendeley.com/datasets/ptz377bwb8/1,2026-09-26,pest,,,IMG_8348.JPG,,,external_test,folder-mapped(paper-T1+visual),CC BY 4.0,0,0,1
central_java,v1,https://data.mendeley.com/datasets/ptz377bwb8/1,2026-09-26,pest,,,IMG_8350.JPG,,,external_test,folder-mapped(paper-T1+visual),CC BY 4.0,0,0,1
central_java,v1,https://data.mendeley.com/datasets/ptz377bwb8/1,2026-09-26,pest,,,IMG_9387.JPG,,,external_test,folder-mapped(paper-T1+visual),CC BY 4.0,0,0,1
central_java,v1,https://data.mendeley.com/datasets/ptz377bwb8/1,2026-09-26,pest,,,IMG_9412.JPG,,,external_test,folder-mapped(paper-T1+visual),CC BY 4.0,0,0,1
central_java,v1,https://data.mendeley.com/datasets/ptz377bwb8/1,2026-09-26,pest,,,IMG_9413.JPG,,,external_test,folder-mapped(paper-T1+visual),CC BY 4.0,0,0,1
central_java,v1,https://data.mendeley.com/datasets/ptz377bwb8/1,2026-09-26,pest,,,IMG_9491.JPG,,,external_test,folder-mapped(paper-T1+visual),CC BY 4.0,0,0,1
central_java,v1,https://data.mendeley.com/datasets/ptz377bwb8/1,2026-09-26,pest,,,IMG_9492.JPG,,,external_test,folder-mapped(paper-T1+visual),CC BY 4.0,0,0,1
central_java,v1,https://data.mendeley.com/datasets/ptz377bwb8/1,2026-09-26,pest,,,IMG_9521.JPG,,,external_test,folder-mapped(paper-T1+visual),CC BY 4.0,0,0,1
central_java,v1,https://data.mendeley.com/datasets/ptz377bwb8/1,2026-09-26,pest,,,IMG_9530.JPG,,,external_test,folder-mapped(paper-T1+visual),CC BY 4.0,0,0,1
central_java,v1,https://data.mendeley.com/datasets/ptz377bwb8/1,2026-09-26,pest,,,IMG_9532.JPG,,,external_test,folder-mapped(paper-T1+visual),CC BY 4.0,0,0,1
central_java,v1,https://data.mendeley.com/datasets/ptz377bwb8/1,2026-09-26,pest,,,IMG_9533.JPG,,,external_test,folder-mapped(paper-T1+visual),CC BY 4.0,0,0,1
central_java,v1,https://data.mendeley.com/datasets/ptz377bwb8/1,2026-09-26,pest,,,IMG_9551.JPG,,,external_test,folder-mapped(paper-T1+visual),CC BY 4.0,0,0,1
central_java,v1,https://data.mendeley.com/datasets/ptz377bwb8/1,2026-09-26,pest,,,IMG_9552.JPG,,,external_test,folder-mapped(paper-T1+visual),CC BY 4.0,0,0,1
central_java,v1,https://data.mendeley.com/datasets/ptz377bwb8/1,2026-09-26,pest,,,IMG_9553.JPG,,,external_test,folder-mapped(paper-T1+visual),CC BY 4.0,0,0,1
central_java,v1,https://data.mendeley.com/datasets/ptz377bwb8/1,2026-09-26,pest,,,IMG_9558.JPG,,,external_test,folder-mapped(paper-T1+visual),CC BY 4.0,0,0,1
central_java,v1,https://data.mendeley.com/datasets/ptz377bwb8/1,2026-09-26,healthy,,,1692336758850.jpg,,,external_test,folder-mapped(paper-T1+visual),CC BY 4.0,0,0,1
central_java,v1,https://data.mendeley.com/datasets/ptz377bwb8/1,2026-09-26,healthy,,,1692336758935.jpg,,,external_test,folder-mapped(paper-T1+visual),CC BY 4.0,0,0,1
central_java,v1,https://data.mendeley.com/datasets/ptz377bwb8/1,2026-09-26,healthy,,,20230712_120140.jpg,,,external_test,folder-mapped(paper-T1+visual),CC BY 4.0,0,0,1
central_java,v1,https://data.mendeley.com/datasets/ptz377bwb8/1,2026-09-26,healthy,,,20230712_120306.jpg,,,external_test,folder-mapped(paper-T1+visual),CC BY 4.0,0,0,1
central_java,v1,https://data.mendeley.com/datasets/ptz377bwb8/1,2026-09-26,healthy,,,20230712_120415.jpg,,,external_test,folder-mapped(paper-T1+visual),CC BY 4.0,0,0,1
central_java,v1,https://data.mendeley.com/datasets/ptz377bwb8/1,2026-09-26,healthy,,,20230712_121641.jpg,,,external_test,folder-mapped(paper-T1+visual),CC BY 4.0,0,0,1
central_java,v1,https://data.mendeley.com/datasets/ptz377bwb8/1,2026-09-26,healthy,,,20230712_121645 (1).jpg,,,external_test,folder-mapped(paper-T1+visual),CC BY 4.0,0,0,1
central_java,v1,https://data.mendeley.com/datasets/ptz377bwb8/1,2026-09-26,healthy,,,20230712_121645.jpg,,,external_test,folder-mapped(paper-T1+visual),CC BY 4.0,0,0,1
central_java,v1,https://data.mendeley.com/datasets/ptz377bwb8/1,2026-09-26,healthy,,,20230712_121709.jpg,,,external_test,folder-mapped(paper-T1+visual),CC BY 4.0,0,0,1
central_java,v1,https://data.mendeley.com/datasets/ptz377bwb8/1,2026-09-26,healthy,,,20230712_121732.jpg,,,external_test,folder-mapped(paper-T1+visual),CC BY 4.0,0,0,1
central_java,v1,https://data.mendeley.com/datasets/ptz377bwb8/1,2026-09-26,healthy,,,20230712_121740.jpg,,,external_test,folder-mapped(paper-T1+visual),CC BY 4.0,0,0,1
central_java,v1,https://data.mendeley.com/datasets/ptz377bwb8/1,2026-09-26,healthy,,,20230712_121759.jpg,,,external_test,folder-mapped(paper-T1+visual),CC BY 4.0,0,0,1
central_java,v1,https://data.mendeley.com/datasets/ptz377bwb8/1,2026-09-26,healthy,,,20230712_122657.jpg,,,external_test,folder-mapped(paper-T1+visual),CC BY 4.0,0,0,1
central_java,v1,https://data.mendeley.com/datasets/ptz377bwb8/1,2026-09-26,healthy,,,20230712_122712.jpg,,,external_test,folder-mapped(paper-T1+visual),CC BY 4.0,0,0,1
central_java,v1,https://data.mendeley.com/datasets/ptz377bwb8/1,2026-09-26,healthy,,,20230712_122717.jpg,,,external_test,folder-mapped(paper-T1+visual),CC BY 4.0,0,0,1
central_java,v1,https://data.mendeley.com/datasets/ptz377bwb8/1,2026-09-26,healthy,,,20230712_122740.jpg,,,external_test,folder-mapped(paper-T1+visual),CC BY 4.0,0,0,1
central_java,v1,https://data.mendeley.com/datasets/ptz377bwb8/1,2026-09-26,healthy,,,20230712_122745.jpg,,,external_test,folder-mapped(paper-T1+visual),CC BY 4.0,0,0,1
central_java,v1,https://data.mendeley.com/datasets/ptz377bwb8/1,2026-09-26,healthy,,,20230712_122751.jpg,,,external_test,folder-mapped(paper-T1+visual),CC BY 4.0,0,0,1
central_java,v1,https://data.mendeley.com/datasets/ptz377bwb8/1,2026-09-26,healthy,,,20230712_123714.jpg,,,external_test,folder-mapped(paper-T1+visual),CC BY 4.0,0,0,1
central_java,v1,https://data.mendeley.com/datasets/ptz377bwb8/1,2026-09-26,healthy,,,20230712_123812.jpg,,,external_test,folder-mapped(paper-T1+visual),CC BY 4.0,0,0,1
central_java,v1,https://data.mendeley.com/datasets/ptz377bwb8/1,2026-09-26,healthy,,,20230712_123830.jpg,,,external_test,folder-mapped(paper-T1+visual),CC BY 4.0,0,0,1
central_java,v1,https://data.mendeley.com/datasets/ptz377bwb8/1,2026-09-26,healthy,,,20230712_123836.jpg,,,external_test,folder-mapped(paper-T1+visual),CC BY 4.0,0,0,1
central_java,v1,https://data.mendeley.com/datasets/ptz377bwb8/1,2026-09-26,healthy,,,20230712_123841.jpg,,,external_test,folder-mapped(paper-T1+visual),CC BY 4.0,0,0,1
central_java,v1,https://data.mendeley.com/datasets/ptz377bwb8/1,2026-09-26,healthy,,,20230712_123858.jpg,,,external_test,folder-mapped(paper-T1+visual),CC BY 4.0,0,0,1
central_java,v1,https://data.mendeley.com/datasets/ptz377bwb8/1,2026-09-26,healthy,,,20230712_123902.jpg,,,external_test,folder-mapped(paper-T1+visual),CC BY 4.0,0,0,1
central_java,v1,https://data.mendeley.com/datasets/ptz377bwb8/1,2026-09-26,healthy,,,20230712_123935.jpg,,,external_test,folder-mapped(paper-T1+visual),CC BY 4.0,0,0,1
central_java,v1,https://data.mendeley.com/datasets/ptz377bwb8/1,2026-09-26,healthy,,,20230712_124016.jpg,,,external_test,folder-mapped(paper-T1+visual),CC BY 4.0,0,0,1
central_java,v1,https://data.mendeley.com/datasets/ptz377bwb8/1,2026-09-26,healthy,,,20230712_124019.jpg,,,external_test,folder-mapped(paper-T1+visual),CC BY 4.0,0,0,1
central_java,v1,https://data.mendeley.com/datasets/ptz377bwb8/1,2026-09-26,healthy,,,20230712_124025.jpg,,,external_test,folder-mapped(paper-T1+visual),CC BY 4.0,0,0,1
central_java,v1,https://data.mendeley.com/datasets/ptz377bwb8/1,2026-09-26,healthy,,,20230712_124945.jpg,,,external_test,folder-mapped(paper-T1+visual),CC BY 4.0,0,0,1
central_java,v1,https://data.mendeley.com/datasets/ptz377bwb8/1,2026-09-26,healthy,,,20230712_130618.jpg,,,external_test,folder-mapped(paper-T1+visual),CC BY 4.0,0,0,1
central_java,v1,https://data.mendeley.com/datasets/ptz377bwb8/1,2026-09-26,healthy,,,20230712_130703.jpg,,,external_test,folder-mapped(paper-T1+visual),CC BY 4.0,0,0,1
central_java,v1,https://data.mendeley.com/datasets/ptz377bwb8/1,2026-09-26,healthy,,,20230712_130718.jpg,,,external_test,folder-mapped(paper-T1+visual),CC BY 4.0,0,0,1
central_java,v1,https://data.mendeley.com/datasets/ptz377bwb8/1,2026-09-26,healthy,,,20230712_130720.jpg,,,external_test,folder-mapped(paper-T1+visual),CC BY 4.0,0,0,1
central_java,v1,https://data.mendeley.com/datasets/ptz377bwb8/1,2026-09-26,healthy,,,20230712_130724.jpg,,,external_test,folder-mapped(paper-T1+visual),CC BY 4.0,0,0,1
central_java,v1,https://data.mendeley.com/datasets/ptz377bwb8/1,2026-09-26,healthy,,,20230712_130746.jpg,,,external_test,folder-mapped(paper-T1+visual),CC BY 4.0,0,0,1
central_java,v1,https://data.mendeley.com/datasets/ptz377bwb8/1,2026-09-26,healthy,,,20230712_130753.jpg,,,external_test,folder-mapped(paper-T1+visual),CC BY 4.0,0,0,1
central_java,v1,https://data.mendeley.com/datasets/ptz377bwb8/1,2026-09-26,healthy,,,20230712_130756.jpg,,,external_test,folder-mapped(paper-T1+visual),CC BY 4.0,0,0,1
central_java,v1,https://data.mendeley.com/datasets/ptz377bwb8/1,2026-09-26,healthy,,,20230712_130758.jpg,,,external_test,folder-mapped(paper-T1+visual),CC BY 4.0,0,0,1
central_java,v1,https://data.mendeley.com/datasets/ptz377bwb8/1,2026-09-26,healthy,,,20230712_130800.jpg,,,external_test,folder-mapped(paper-T1+visual),CC BY 4.0,0,0,1
central_java,v1,https://data.mendeley.com/datasets/ptz377bwb8/1,2026-09-26,healthy,,,20230712_130814.jpg,,,external_test,folder-mapped(paper-T1+visual),CC BY 4.0,0,0,1
central_java,v1,https://data.mendeley.com/datasets/ptz377bwb8/1,2026-09-26,healthy,,,20230712_130852.jpg,,,external_test,folder-mapped(paper-T1+visual),CC BY 4.0,0,0,1
central_java,v1,https://data.mendeley.com/datasets/ptz377bwb8/1,2026-09-26,healthy,,,20230712_131002.jpg,,,external_test,folder-mapped(paper-T1+visual),CC BY 4.0,0,0,1
central_java,v1,https://data.mendeley.com/datasets/ptz377bwb8/1,2026-09-26,healthy,,,20230712_131035.jpg,,,external_test,folder-mapped(paper-T1+visual),CC BY 4.0,0,0,1
central_java,v1,https://data.mendeley.com/datasets/ptz377bwb8/1,2026-09-26,healthy,,,20230712_131215.jpg,,,external_test,folder-mapped(paper-T1+visual),CC BY 4.0,0,0,1
central_java,v1,https://data.mendeley.com/datasets/ptz377bwb8/1,2026-09-26,healthy,,,20230712_131219.jpg,,,external_test,folder-mapped(paper-T1+visual),CC BY 4.0,0,0,1
central_java,v1,https://data.mendeley.com/datasets/ptz377bwb8/1,2026-09-26,healthy,,,20230712_131224.jpg,,,external_test,folder-mapped(paper-T1+visual),CC BY 4.0,0,0,1
central_java,v1,https://data.mendeley.com/datasets/ptz377bwb8/1,2026-09-26,healthy,,,20230712_131253.jpg,,,external_test,folder-mapped(paper-T1+visual),CC BY 4.0,0,0,1
central_java,v1,https://data.mendeley.com/datasets/ptz377bwb8/1,2026-09-26,healthy,,,20230712_131432.jpg,,,external_test,folder-mapped(paper-T1+visual),CC BY 4.0,0,0,1
central_java,v1,https://data.mendeley.com/datasets/ptz377bwb8/1,2026-09-26,healthy,,,20230712_131450.jpg,,,external_test,folder-mapped(paper-T1+visual),CC BY 4.0,0,0,1
central_java,v1,https://data.mendeley.com/datasets/ptz377bwb8/1,2026-09-26,healthy,,,20230712_131524.jpg,,,external_test,folder-mapped(paper-T1+visual),CC BY 4.0,0,0,1
central_java,v1,https://data.mendeley.com/datasets/ptz377bwb8/1,2026-09-26,healthy,,,20230712_131637.jpg,,,external_test,folder-mapped(paper-T1+visual),CC BY 4.0,0,0,1
central_java,v1,https://data.mendeley.com/datasets/ptz377bwb8/1,2026-09-26,healthy,,,20230712_132240.jpg,,,external_test,folder-mapped(paper-T1+visual),CC BY 4.0,0,0,1
central_java,v1,https://data.mendeley.com/datasets/ptz377bwb8/1,2026-09-26,healthy,,,20230712_132255.jpg,,,external_test,folder-mapped(paper-T1+visual),CC BY 4.0,0,0,1
central_java,v1,https://data.mendeley.com/datasets/ptz377bwb8/1,2026-09-26,healthy,,,20230712_132347.jpg,,,external_test,folder-mapped(paper-T1+visual),CC BY 4.0,0,0,1
central_java,v1,https://data.mendeley.com/datasets/ptz377bwb8/1,2026-09-26,healthy,,,20230712_133008.jpg,,,external_test,folder-mapped(paper-T1+visual),CC BY 4.0,0,0,1
central_java,v1,https://data.mendeley.com/datasets/ptz377bwb8/1,2026-09-26,healthy,,,20230712_133011.jpg,,,external_test,folder-mapped(paper-T1+visual),CC BY 4.0,0,0,1
central_java,v1,https://data.mendeley.com/datasets/ptz377bwb8/1,2026-09-26,healthy,,,20230712_133031.jpg,,,external_test,folder-mapped(paper-T1+visual),CC BY 4.0,0,0,1
central_java,v1,https://data.mendeley.com/datasets/ptz377bwb8/1,2026-09-26,healthy,,,20230712_143913.jpg,,,external_test,folder-mapped(paper-T1+visual),CC BY 4.0,0,0,1
central_java,v1,https://data.mendeley.com/datasets/ptz377bwb8/1,2026-09-26,healthy,,,20230712_143916.jpg,,,external_test,folder-mapped(paper-T1+visual),CC BY 4.0,0,0,1
central_java,v1,https://data.mendeley.com/datasets/ptz377bwb8/1,2026-09-26,healthy,,,20230712_143950.jpg,,,external_test,folder-mapped(paper-T1+visual),CC BY 4.0,0,0,1
central_java,v1,https://data.mendeley.com/datasets/ptz377bwb8/1,2026-09-26,healthy,,,20230712_144356.jpg,,,external_test,folder-mapped(paper-T1+visual),CC BY 4.0,0,0,1
central_java,v1,https://data.mendeley.com/datasets/ptz377bwb8/1,2026-09-26,healthy,,,20230712_154114.jpg,,,external_test,folder-mapped(paper-T1+visual),CC BY 4.0,0,0,1
central_java,v1,https://data.mendeley.com/datasets/ptz377bwb8/1,2026-09-26,healthy,,,20230802_105306832.jpg,,,external_test,folder-mapped(paper-T1+visual),CC BY 4.0,0,0,1
central_java,v1,https://data.mendeley.com/datasets/ptz377bwb8/1,2026-09-26,healthy,,,20230802_105340269.jpg,,,external_test,folder-mapped(paper-T1+visual),CC BY 4.0,0,0,1
central_java,v1,https://data.mendeley.com/datasets/ptz377bwb8/1,2026-09-26,healthy,,,20230802_112947115.jpg,,,external_test,folder-mapped(paper-T1+visual),CC BY 4.0,0,0,1
central_java,v1,https://data.mendeley.com/datasets/ptz377bwb8/1,2026-09-26,healthy,,,20230802_113050671.jpg,,,external_test,folder-mapped(paper-T1+visual),CC BY 4.0,0,0,1
central_java,v1,https://data.mendeley.com/datasets/ptz377bwb8/1,2026-09-26,healthy,,,20230802_113059419.jpg,,,external_test,folder-mapped(paper-T1+visual),CC BY 4.0,0,0,1
central_java,v1,https://data.mendeley.com/datasets/ptz377bwb8/1,2026-09-26,healthy,,,20230802_115527375.jpg,,,external_test,folder-mapped(paper-T1+visual),CC BY 4.0,0,0,1
central_java,v1,https://data.mendeley.com/datasets/ptz377bwb8/1,2026-09-26,healthy,,,20230802_115747831.jpg,,,external_test,folder-mapped(paper-T1+visual),CC BY 4.0,0,0,1
central_java,v1,https://data.mendeley.com/datasets/ptz377bwb8/1,2026-09-26,healthy,,,20230802_115906199.jpg,,,external_test,folder-mapped(paper-T1+visual),CC BY 4.0,0,0,1
central_java,v1,https://data.mendeley.com/datasets/ptz377bwb8/1,2026-09-26,healthy,,,20230802_115921170.jpg,,,external_test,folder-mapped(paper-T1+visual),CC BY 4.0,0,0,1
central_java,v1,https://data.mendeley.com/datasets/ptz377bwb8/1,2026-09-26,healthy,,,20230802_115924153.jpg,,,external_test,folder-mapped(paper-T1+visual),CC BY 4.0,0,0,1
central_java,v1,https://data.mendeley.com/datasets/ptz377bwb8/1,2026-09-26,healthy,,,20230802_115928713.jpg,,,external_test,folder-mapped(paper-T1+visual),CC BY 4.0,0,0,1
central_java,v1,https://data.mendeley.com/datasets/ptz377bwb8/1,2026-09-26,healthy,,,20230802_115936805.jpg,,,external_test,folder-mapped(paper-T1+visual),CC BY 4.0,0,0,1
central_java,v1,https://data.mendeley.com/datasets/ptz377bwb8/1,2026-09-26,healthy,,,20230802_120332778.jpg,,,external_test,folder-mapped(paper-T1+visual),CC BY 4.0,0,0,1
central_java,v1,https://data.mendeley.com/datasets/ptz377bwb8/1,2026-09-26,healthy,,,20230802_120336970.jpg,,,external_test,folder-mapped(paper-T1+visual),CC BY 4.0,0,0,1
central_java,v1,https://data.mendeley.com/datasets/ptz377bwb8/1,2026-09-26,healthy,,,20230802_120348475.jpg,,,external_test,folder-mapped(paper-T1+visual),CC BY 4.0,0,0,1
central_java,v1,https://data.mendeley.com/datasets/ptz377bwb8/1,2026-09-26,healthy,,,20230802_120558111.jpg,,,external_test,folder-mapped(paper-T1+visual),CC BY 4.0,0,0,1
central_java,v1,https://data.mendeley.com/datasets/ptz377bwb8/1,2026-09-26,healthy,,,20230802_120908.jpg,,,external_test,folder-mapped(paper-T1+visual),CC BY 4.0,0,0,1
central_java,v1,https://data.mendeley.com/datasets/ptz377bwb8/1,2026-09-26,healthy,,,20230802_121046.jpg,,,external_test,folder-mapped(paper-T1+visual),CC BY 4.0,0,0,1
central_java,v1,https://data.mendeley.com/datasets/ptz377bwb8/1,2026-09-26,healthy,,,20230802_121149531.jpg,,,external_test,folder-mapped(paper-T1+visual),CC BY 4.0,0,0,1
central_java,v1,https://data.mendeley.com/datasets/ptz377bwb8/1,2026-09-26,healthy,,,20230802_123219828.jpg,,,external_test,folder-mapped(paper-T1+visual),CC BY 4.0,0,0,1
central_java,v1,https://data.mendeley.com/datasets/ptz377bwb8/1,2026-09-26,healthy,,,20230802_123641857.jpg,,,external_test,folder-mapped(paper-T1+visual),CC BY 4.0,0,0,1
central_java,v1,https://data.mendeley.com/datasets/ptz377bwb8/1,2026-09-26,healthy,,,20230802_123822.jpg,,,external_test,folder-mapped(paper-T1+visual),CC BY 4.0,0,0,1
central_java,v1,https://data.mendeley.com/datasets/ptz377bwb8/1,2026-09-26,healthy,,,20230802_124114061.jpg,,,external_test,folder-mapped(paper-T1+visual),CC BY 4.0,0,0,1
central_java,v1,https://data.mendeley.com/datasets/ptz377bwb8/1,2026-09-26,healthy,,,20230802_124148.jpg,,,external_test,folder-mapped(paper-T1+visual),CC BY 4.0,0,0,1
central_java,v1,https://data.mendeley.com/datasets/ptz377bwb8/1,2026-09-26,healthy,,,20230802_124213.jpg,,,external_test,folder-mapped(paper-T1+visual),CC BY 4.0,0,0,1
central_java,v1,https://data.mendeley.com/datasets/ptz377bwb8/1,2026-09-26,healthy,,,20230802_124215.jpg,,,external_test,folder-mapped(paper-T1+visual),CC BY 4.0,0,0,1
central_java,v1,https://data.mendeley.com/datasets/ptz377bwb8/1,2026-09-26,healthy,,,20230802_124220.jpg,,,external_test,folder-mapped(paper-T1+visual),CC BY 4.0,0,0,1
central_java,v1,https://data.mendeley.com/datasets/ptz377bwb8/1,2026-09-26,healthy,,,20230802_124829.jpg,,,external_test,folder-mapped(paper-T1+visual),CC BY 4.0,0,0,1
central_java,v1,https://data.mendeley.com/datasets/ptz377bwb8/1,2026-09-26,healthy,,,20230802_124831.jpg,,,external_test,folder-mapped(paper-T1+visual),CC BY 4.0,0,0,1
central_java,v1,https://data.mendeley.com/datasets/ptz377bwb8/1,2026-09-26,healthy,,,20230802_124914.jpg,,,external_test,folder-mapped(paper-T1+visual),CC BY 4.0,0,0,1
central_java,v1,https://data.mendeley.com/datasets/ptz377bwb8/1,2026-09-26,healthy,,,20230802_130139.jpg,,,external_test,folder-mapped(paper-T1+visual),CC BY 4.0,0,0,1
central_java,v1,https://data.mendeley.com/datasets/ptz377bwb8/1,2026-09-26,healthy,,,20230802_130151.jpg,,,external_test,folder-mapped(paper-T1+visual),CC BY 4.0,0,0,1
central_java,v1,https://data.mendeley.com/datasets/ptz377bwb8/1,2026-09-26,healthy,,,20230802_130212.jpg,,,external_test,folder-mapped(paper-T1+visual),CC BY 4.0,0,0,1
central_java,v1,https://data.mendeley.com/datasets/ptz377bwb8/1,2026-09-26,healthy,,,20230815_111720.jpg,,,external_test,folder-mapped(paper-T1+visual),CC BY 4.0,0,0,1
central_java,v1,https://data.mendeley.com/datasets/ptz377bwb8/1,2026-09-26,healthy,,,20230815_112010.jpg,,,external_test,folder-mapped(paper-T1+visual),CC BY 4.0,0,0,1
central_java,v1,https://data.mendeley.com/datasets/ptz377bwb8/1,2026-09-26,healthy,,,20230815_112459.jpg,,,external_test,folder-mapped(paper-T1+visual),CC BY 4.0,0,0,1
central_java,v1,https://data.mendeley.com/datasets/ptz377bwb8/1,2026-09-26,healthy,,,20230815_112803.jpg,,,external_test,folder-mapped(paper-T1+visual),CC BY 4.0,0,0,1
central_java,v1,https://data.mendeley.com/datasets/ptz377bwb8/1,2026-09-26,healthy,,,20230815_114115.jpg,,,external_test,folder-mapped(paper-T1+visual),CC BY 4.0,0,0,1
central_java,v1,https://data.mendeley.com/datasets/ptz377bwb8/1,2026-09-26,healthy,,,20230815_115544.jpg,,,external_test,folder-mapped(paper-T1+visual),CC BY 4.0,0,0,1
central_java,v1,https://data.mendeley.com/datasets/ptz377bwb8/1,2026-09-26,healthy,,,20230815_115651.jpg,,,external_test,folder-mapped(paper-T1+visual),CC BY 4.0,0,0,1
central_java,v1,https://data.mendeley.com/datasets/ptz377bwb8/1,2026-09-26,healthy,,,20230815_115654.jpg,,,external_test,folder-mapped(paper-T1+visual),CC BY 4.0,0,0,1
central_java,v1,https://data.mendeley.com/datasets/ptz377bwb8/1,2026-09-26,healthy,,,20230815_115704.jpg,,,external_test,folder-mapped(paper-T1+visual),CC BY 4.0,0,0,1
central_java,v1,https://data.mendeley.com/datasets/ptz377bwb8/1,2026-09-26,healthy,,,20230815_115706.jpg,,,external_test,folder-mapped(paper-T1+visual),CC BY 4.0,0,0,1
central_java,v1,https://data.mendeley.com/datasets/ptz377bwb8/1,2026-09-26,healthy,,,20230815_115710.jpg,,,external_test,folder-mapped(paper-T1+visual),CC BY 4.0,0,0,1
central_java,v1,https://data.mendeley.com/datasets/ptz377bwb8/1,2026-09-26,healthy,,,20230815_115718.jpg,,,external_test,folder-mapped(paper-T1+visual),CC BY 4.0,0,0,1
central_java,v1,https://data.mendeley.com/datasets/ptz377bwb8/1,2026-09-26,healthy,,,20230815_115726.jpg,,,external_test,folder-mapped(paper-T1+visual),CC BY 4.0,0,0,1
central_java,v1,https://data.mendeley.com/datasets/ptz377bwb8/1,2026-09-26,healthy,,,20230815_120132.jpg,,,external_test,folder-mapped(paper-T1+visual),CC BY 4.0,0,0,1
central_java,v1,https://data.mendeley.com/datasets/ptz377bwb8/1,2026-09-26,healthy,,,20230815_120135.jpg,,,external_test,folder-mapped(paper-T1+visual),CC BY 4.0,0,0,1
central_java,v1,https://data.mendeley.com/datasets/ptz377bwb8/1,2026-09-26,healthy,,,20230815_120822.jpg,,,external_test,folder-mapped(paper-T1+visual),CC BY 4.0,0,0,1
central_java,v1,https://data.mendeley.com/datasets/ptz377bwb8/1,2026-09-26,healthy,,,20230815_121155.jpg,,,external_test,folder-mapped(paper-T1+visual),CC BY 4.0,0,0,1
central_java,v1,https://data.mendeley.com/datasets/ptz377bwb8/1,2026-09-26,healthy,,,20230815_121157.jpg,,,external_test,folder-mapped(paper-T1+visual),CC BY 4.0,0,0,1
central_java,v1,https://data.mendeley.com/datasets/ptz377bwb8/1,2026-09-26,healthy,,,20230815_121201.jpg,,,external_test,folder-mapped(paper-T1+visual),CC BY 4.0,0,0,1
central_java,v1,https://data.mendeley.com/datasets/ptz377bwb8/1,2026-09-26,healthy,,,20230815_121223.jpg,,,external_test,folder-mapped(paper-T1+visual),CC BY 4.0,0,0,1
central_java,v1,https://data.mendeley.com/datasets/ptz377bwb8/1,2026-09-26,healthy,,,20230815_122255.jpg,,,external_test,folder-mapped(paper-T1+visual),CC BY 4.0,0,0,1
central_java,v1,https://data.mendeley.com/datasets/ptz377bwb8/1,2026-09-26,healthy,,,20230815_122517.jpg,,,external_test,folder-mapped(paper-T1+visual),CC BY 4.0,0,0,1
central_java,v1,https://data.mendeley.com/datasets/ptz377bwb8/1,2026-09-26,healthy,,,20230815_122522.jpg,,,external_test,folder-mapped(paper-T1+visual),CC BY 4.0,0,0,1
central_java,v1,https://data.mendeley.com/datasets/ptz377bwb8/1,2026-09-26,healthy,,,20230815_123008.jpg,,,external_test,folder-mapped(paper-T1+visual),CC BY 4.0,0,0,1
central_java,v1,https://data.mendeley.com/datasets/ptz377bwb8/1,2026-09-26,healthy,,,20230815_123246.jpg,,,external_test,folder-mapped(paper-T1+visual),CC BY 4.0,0,0,1
central_java,v1,https://data.mendeley.com/datasets/ptz377bwb8/1,2026-09-26,healthy,,,20230815_144827.jpg,,,external_test,folder-mapped(paper-T1+visual),CC BY 4.0,0,0,1
central_java,v1,https://data.mendeley.com/datasets/ptz377bwb8/1,2026-09-26,healthy,,,20230815_152832.jpg,,,external_test,folder-mapped(paper-T1+visual),CC BY 4.0,0,0,1
central_java,v1,https://data.mendeley.com/datasets/ptz377bwb8/1,2026-09-26,healthy,,,20230816_081755.jpg,,,external_test,folder-mapped(paper-T1+visual),CC BY 4.0,0,0,1
central_java,v1,https://data.mendeley.com/datasets/ptz377bwb8/1,2026-09-26,healthy,,,20230816_083748.jpg,,,external_test,folder-mapped(paper-T1+visual),CC BY 4.0,0,0,1
central_java,v1,https://data.mendeley.com/datasets/ptz377bwb8/1,2026-09-26,healthy,,,20230816_085016.jpg,,,external_test,folder-mapped(paper-T1+visual),CC BY 4.0,0,0,1
central_java,v1,https://data.mendeley.com/datasets/ptz377bwb8/1,2026-09-26,healthy,,,20230816_115114.jpg,,,external_test,folder-mapped(paper-T1+visual),CC BY 4.0,0,0,1
central_java,v1,https://data.mendeley.com/datasets/ptz377bwb8/1,2026-09-26,healthy,,,20230816_115745.jpg,,,external_test,folder-mapped(paper-T1+visual),CC BY 4.0,0,0,1
central_java,v1,https://data.mendeley.com/datasets/ptz377bwb8/1,2026-09-26,healthy,,,20230816_115751.jpg,,,external_test,folder-mapped(paper-T1+visual),CC BY 4.0,0,0,1
central_java,v1,https://data.mendeley.com/datasets/ptz377bwb8/1,2026-09-26,healthy,,,20230816_121130.jpg,,,external_test,folder-mapped(paper-T1+visual),CC BY 4.0,0,0,1
central_java,v1,https://data.mendeley.com/datasets/ptz377bwb8/1,2026-09-26,healthy,,,20230816_121133.jpg,,,external_test,folder-mapped(paper-T1+visual),CC BY 4.0,0,0,1
central_java,v1,https://data.mendeley.com/datasets/ptz377bwb8/1,2026-09-26,healthy,,,20230816_121138.jpg,,,external_test,folder-mapped(paper-T1+visual),CC BY 4.0,0,0,1
central_java,v1,https://data.mendeley.com/datasets/ptz377bwb8/1,2026-09-26,healthy,,,20230816_121140.jpg,,,external_test,folder-mapped(paper-T1+visual),CC BY 4.0,0,0,1
central_java,v1,https://data.mendeley.com/datasets/ptz377bwb8/1,2026-09-26,healthy,,,20230816_121144.jpg,,,external_test,folder-mapped(paper-T1+visual),CC BY 4.0,0,0,1
central_java,v1,https://data.mendeley.com/datasets/ptz377bwb8/1,2026-09-26,healthy,,,20230816_121147.jpg,,,external_test,folder-mapped(paper-T1+visual),CC BY 4.0,0,0,1
central_java,v1,https://data.mendeley.com/datasets/ptz377bwb8/1,2026-09-26,healthy,,,20230816_121149.jpg,,,external_test,folder-mapped(paper-T1+visual),CC BY 4.0,0,0,1
central_java,v1,https://data.mendeley.com/datasets/ptz377bwb8/1,2026-09-26,healthy,,,20230816_121242.jpg,,,external_test,folder-mapped(paper-T1+visual),CC BY 4.0,0,0,1
central_java,v1,https://data.mendeley.com/datasets/ptz377bwb8/1,2026-09-26,healthy,,,20230816_121244.jpg,,,external_test,folder-mapped(paper-T1+visual),CC BY 4.0,0,0,1
central_java,v1,https://data.mendeley.com/datasets/ptz377bwb8/1,2026-09-26,healthy,,,20230816_121544.jpg,,,external_test,folder-mapped(paper-T1+visual),CC BY 4.0,0,0,1
central_java,v1,https://data.mendeley.com/datasets/ptz377bwb8/1,2026-09-26,healthy,,,20230816_121545.jpg,,,external_test,folder-mapped(paper-T1+visual),CC BY 4.0,0,0,1
central_java,v1,https://data.mendeley.com/datasets/ptz377bwb8/1,2026-09-26,healthy,,,20230816_121553.jpg,,,external_test,folder-mapped(paper-T1+visual),CC BY 4.0,0,0,1
central_java,v1,https://data.mendeley.com/datasets/ptz377bwb8/1,2026-09-26,healthy,,,20230816_121556.jpg,,,external_test,folder-mapped(paper-T1+visual),CC BY 4.0,0,0,1
central_java,v1,https://data.mendeley.com/datasets/ptz377bwb8/1,2026-09-26,healthy,,,20230816_121559.jpg,,,external_test,folder-mapped(paper-T1+visual),CC BY 4.0,0,0,1
central_java,v1,https://data.mendeley.com/datasets/ptz377bwb8/1,2026-09-26,healthy,,,20230816_121602.jpg,,,external_test,folder-mapped(paper-T1+visual),CC BY 4.0,0,0,1
central_java,v1,https://data.mendeley.com/datasets/ptz377bwb8/1,2026-09-26,healthy,,,20230816_121606.jpg,,,external_test,folder-mapped(paper-T1+visual),CC BY 4.0,0,0,1
central_java,v1,https://data.mendeley.com/datasets/ptz377bwb8/1,2026-09-26,healthy,,,20230816_123045.jpg,,,external_test,folder-mapped(paper-T1+visual),CC BY 4.0,0,0,1
central_java,v1,https://data.mendeley.com/datasets/ptz377bwb8/1,2026-09-26,healthy,,,20230816_123429.jpg,,,external_test,folder-mapped(paper-T1+visual),CC BY 4.0,0,0,1
central_java,v1,https://data.mendeley.com/datasets/ptz377bwb8/1,2026-09-26,healthy,,,20230922_154044.jpg,,,external_test,folder-mapped(paper-T1+visual),CC BY 4.0,0,0,1
central_java,v1,https://data.mendeley.com/datasets/ptz377bwb8/1,2026-09-26,healthy,,,20230922_154128.jpg,,,external_test,folder-mapped(paper-T1+visual),CC BY 4.0,0,0,1
central_java,v1,https://data.mendeley.com/datasets/ptz377bwb8/1,2026-09-26,healthy,,,20230922_154132.jpg,,,external_test,folder-mapped(paper-T1+visual),CC BY 4.0,0,0,1
central_java,v1,https://data.mendeley.com/datasets/ptz377bwb8/1,2026-09-26,healthy,,,20230922_154136.jpg,,,external_test,folder-mapped(paper-T1+visual),CC BY 4.0,0,0,1
central_java,v1,https://data.mendeley.com/datasets/ptz377bwb8/1,2026-09-26,healthy,,,20230922_154158.jpg,,,external_test,folder-mapped(paper-T1+visual),CC BY 4.0,0,0,1
central_java,v1,https://data.mendeley.com/datasets/ptz377bwb8/1,2026-09-26,healthy,,,20230922_154200.jpg,,,external_test,folder-mapped(paper-T1+visual),CC BY 4.0,0,0,1
central_java,v1,https://data.mendeley.com/datasets/ptz377bwb8/1,2026-09-26,healthy,,,20230922_154212.jpg,,,external_test,folder-mapped(paper-T1+visual),CC BY 4.0,0,0,1
central_java,v1,https://data.mendeley.com/datasets/ptz377bwb8/1,2026-09-26,healthy,,,20230922_154218.jpg,,,external_test,folder-mapped(paper-T1+visual),CC BY 4.0,0,0,1
central_java,v1,https://data.mendeley.com/datasets/ptz377bwb8/1,2026-09-26,healthy,,,20230922_154220.jpg,,,external_test,folder-mapped(paper-T1+visual),CC BY 4.0,0,0,1
central_java,v1,https://data.mendeley.com/datasets/ptz377bwb8/1,2026-09-26,healthy,,,20230922_154237.jpg,,,external_test,folder-mapped(paper-T1+visual),CC BY 4.0,0,0,1
central_java,v1,https://data.mendeley.com/datasets/ptz377bwb8/1,2026-09-26,healthy,,,20230922_154242.jpg,,,external_test,folder-mapped(paper-T1+visual),CC BY 4.0,0,0,1
central_java,v1,https://data.mendeley.com/datasets/ptz377bwb8/1,2026-09-26,healthy,,,20230922_154244.jpg,,,external_test,folder-mapped(paper-T1+visual),CC BY 4.0,0,0,1
central_java,v1,https://data.mendeley.com/datasets/ptz377bwb8/1,2026-09-26,healthy,,,20230922_154252.jpg,,,external_test,folder-mapped(paper-T1+visual),CC BY 4.0,0,0,1
central_java,v1,https://data.mendeley.com/datasets/ptz377bwb8/1,2026-09-26,healthy,,,20230922_155409.jpg,,,external_test,folder-mapped(paper-T1+visual),CC BY 4.0,0,0,1
central_java,v1,https://data.mendeley.com/datasets/ptz377bwb8/1,2026-09-26,healthy,,,20230922_155419.jpg,,,external_test,folder-mapped(paper-T1+visual),CC BY 4.0,0,0,1
central_java,v1,https://data.mendeley.com/datasets/ptz377bwb8/1,2026-09-26,healthy,,,20230922_155425.jpg,,,external_test,folder-mapped(paper-T1+visual),CC BY 4.0,0,0,1
central_java,v1,https://data.mendeley.com/datasets/ptz377bwb8/1,2026-09-26,healthy,,,20230922_155829.jpg,,,external_test,folder-mapped(paper-T1+visual),CC BY 4.0,0,0,1
central_java,v1,https://data.mendeley.com/datasets/ptz377bwb8/1,2026-09-26,healthy,,,20230922_155832.jpg,,,external_test,folder-mapped(paper-T1+visual),CC BY 4.0,0,0,1
central_java,v1,https://data.mendeley.com/datasets/ptz377bwb8/1,2026-09-26,healthy,,,20230922_155838.jpg,,,external_test,folder-mapped(paper-T1+visual),CC BY 4.0,0,0,1
central_java,v1,https://data.mendeley.com/datasets/ptz377bwb8/1,2026-09-26,healthy,,,20230922_155846.jpg,,,external_test,folder-mapped(paper-T1+visual),CC BY 4.0,0,0,1
central_java,v1,https://data.mendeley.com/datasets/ptz377bwb8/1,2026-09-26,healthy,,,IMG_0132.JPG,,,external_test,folder-mapped(paper-T1+visual),CC BY 4.0,0,0,1
central_java,v1,https://data.mendeley.com/datasets/ptz377bwb8/1,2026-09-26,healthy,,,IMG_0710.JPG,,,external_test,folder-mapped(paper-T1+visual),CC BY 4.0,0,0,1
central_java,v1,https://data.mendeley.com/datasets/ptz377bwb8/1,2026-09-26,healthy,,,IMG_0712.JPG,,,external_test,folder-mapped(paper-T1+visual),CC BY 4.0,0,0,1
central_java,v1,https://data.mendeley.com/datasets/ptz377bwb8/1,2026-09-26,healthy,,,IMG_0720.JPG,,,external_test,folder-mapped(paper-T1+visual),CC BY 4.0,0,0,1
central_java,v1,https://data.mendeley.com/datasets/ptz377bwb8/1,2026-09-26,healthy,,,IMG_0791.JPG,,,external_test,folder-mapped(paper-T1+visual),CC BY 4.0,0,0,1
central_java,v1,https://data.mendeley.com/datasets/ptz377bwb8/1,2026-09-26,healthy,,,IMG_1252.JPG,,,external_test,folder-mapped(paper-T1+visual),CC BY 4.0,0,0,1
central_java,v1,https://data.mendeley.com/datasets/ptz377bwb8/1,2026-09-26,healthy,,,IMG_1253.JPG,,,external_test,folder-mapped(paper-T1+visual),CC BY 4.0,0,0,1
central_java,v1,https://data.mendeley.com/datasets/ptz377bwb8/1,2026-09-26,healthy,,,IMG_20230815_112958~2.jpg,,,external_test,folder-mapped(paper-T1+visual),CC BY 4.0,0,0,1
central_java,v1,https://data.mendeley.com/datasets/ptz377bwb8/1,2026-09-26,healthy,,,IMG_20230815_114456~2.jpg,,,external_test,folder-mapped(paper-T1+visual),CC BY 4.0,0,0,1
central_java,v1,https://data.mendeley.com/datasets/ptz377bwb8/1,2026-09-26,healthy,,,IMG_20230815_120532~2.jpg,,,external_test,folder-mapped(paper-T1+visual),CC BY 4.0,0,0,1
central_java,v1,https://data.mendeley.com/datasets/ptz377bwb8/1,2026-09-26,healthy,,,IMG_20230815_122148~2.jpg,,,external_test,folder-mapped(paper-T1+visual),CC BY 4.0,0,0,1
central_java,v1,https://data.mendeley.com/datasets/ptz377bwb8/1,2026-09-26,healthy,,,IMG_20230815_150518.jpg,,,external_test,folder-mapped(paper-T1+visual),CC BY 4.0,0,0,1
central_java,v1,https://data.mendeley.com/datasets/ptz377bwb8/1,2026-09-26,healthy,,,IMG_20230815_152320.jpg,,,external_test,folder-mapped(paper-T1+visual),CC BY 4.0,0,0,1
central_java,v1,https://data.mendeley.com/datasets/ptz377bwb8/1,2026-09-26,healthy,,,IMG_20230816_082347 (1).jpg,,,external_test,folder-mapped(paper-T1+visual),CC BY 4.0,0,0,1
central_java,v1,https://data.mendeley.com/datasets/ptz377bwb8/1,2026-09-26,healthy,,,IMG_20230816_085637 (1).jpg,,,external_test,folder-mapped(paper-T1+visual),CC BY 4.0,0,0,1
central_java,v1,https://data.mendeley.com/datasets/ptz377bwb8/1,2026-09-26,healthy,,,IMG_4654.JPG,,,external_test,folder-mapped(paper-T1+visual),CC BY 4.0,0,0,1
central_java,v1,https://data.mendeley.com/datasets/ptz377bwb8/1,2026-09-26,healthy,,,IMG_4696.JPG,,,external_test,folder-mapped(paper-T1+visual),CC BY 4.0,0,0,1
central_java,v1,https://data.mendeley.com/datasets/ptz377bwb8/1,2026-09-26,healthy,,,IMG_4767.JPG,,,external_test,folder-mapped(paper-T1+visual),CC BY 4.0,0,0,1
central_java,v1,https://data.mendeley.com/datasets/ptz377bwb8/1,2026-09-26,healthy,,,IMG_4772.JPG,,,external_test,folder-mapped(paper-T1+visual),CC BY 4.0,0,0,1
central_java,v1,https://data.mendeley.com/datasets/ptz377bwb8/1,2026-09-26,healthy,,,IMG_4773.JPG,,,external_test,folder-mapped(paper-T1+visual),CC BY 4.0,0,0,1
central_java,v1,https://data.mendeley.com/datasets/ptz377bwb8/1,2026-09-26,healthy,,,IMG_4780.JPG,,,external_test,folder-mapped(paper-T1+visual),CC BY 4.0,0,0,1
central_java,v1,https://data.mendeley.com/datasets/ptz377bwb8/1,2026-09-26,healthy,,,IMG_4789.JPG,,,external_test,folder-mapped(paper-T1+visual),CC BY 4.0,0,0,1
central_java,v1,https://data.mendeley.com/datasets/ptz377bwb8/1,2026-09-26,healthy,,,IMG_4802.JPG,,,external_test,folder-mapped(paper-T1+visual),CC BY 4.0,0,0,1
central_java,v1,https://data.mendeley.com/datasets/ptz377bwb8/1,2026-09-26,healthy,,,IMG_4812.JPG,,,external_test,folder-mapped(paper-T1+visual),CC BY 4.0,0,0,1
central_java,v1,https://data.mendeley.com/datasets/ptz377bwb8/1,2026-09-26,healthy,,,IMG_8184.JPG,,,external_test,folder-mapped(paper-T1+visual),CC BY 4.0,0,0,1
central_java,v1,https://data.mendeley.com/datasets/ptz377bwb8/1,2026-09-26,healthy,,,IMG_8204.JPG,,,external_test,folder-mapped(paper-T1+visual),CC BY 4.0,0,0,1
central_java,v1,https://data.mendeley.com/datasets/ptz377bwb8/1,2026-09-26,healthy,,,IMG_8223.JPG,,,external_test,folder-mapped(paper-T1+visual),CC BY 4.0,0,0,1
central_java,v1,https://data.mendeley.com/datasets/ptz377bwb8/1,2026-09-26,healthy,,,IMG_9417.JPG,,,external_test,folder-mapped(paper-T1+visual),CC BY 4.0,0,0,1
central_java,v1,https://data.mendeley.com/datasets/ptz377bwb8/1,2026-09-26,healthy,,,IMG_9418.JPG,,,external_test,folder-mapped(paper-T1+visual),CC BY 4.0,0,0,1
central_java,v1,https://data.mendeley.com/datasets/ptz377bwb8/1,2026-09-26,healthy,,,IMG_9419.JPG,,,external_test,folder-mapped(paper-T1+visual),CC BY 4.0,0,0,1
central_java,v1,https://data.mendeley.com/datasets/ptz377bwb8/1,2026-09-26,healthy,,,IMG_9447.JPG,,,external_test,folder-mapped(paper-T1+visual),CC BY 4.0,0,0,1
central_java,v1,https://data.mendeley.com/datasets/ptz377bwb8/1,2026-09-26,healthy,,,IMG_9473.JPG,,,external_test,folder-mapped(paper-T1+visual),CC BY 4.0,0,0,1
central_java,v1,https://data.mendeley.com/datasets/ptz377bwb8/1,2026-09-26,healthy,,,IMG_9497.JPG,,,external_test,folder-mapped(paper-T1+visual),CC BY 4.0,0,0,1
central_java,v1,https://data.mendeley.com/datasets/ptz377bwb8/1,2026-09-26,healthy,,,IMG_9557.JPG,,,external_test,folder-mapped(paper-T1+visual),CC BY 4.0,0,0,1
central_java,v1,https://data.mendeley.com/datasets/ptz377bwb8/1,2026-09-26,nematode,,,20230712_120750.jpg,,,external_test,folder-mapped(paper-T1+visual),CC BY 4.0,0,0,1
central_java,v1,https://data.mendeley.com/datasets/ptz377bwb8/1,2026-09-26,nematode,,,20230712_120909.jpg,,,external_test,folder-mapped(paper-T1+visual),CC BY 4.0,0,0,1
central_java,v1,https://data.mendeley.com/datasets/ptz377bwb8/1,2026-09-26,nematode,,,20230712_121038.jpg,,,external_test,folder-mapped(paper-T1+visual),CC BY 4.0,0,0,1
central_java,v1,https://data.mendeley.com/datasets/ptz377bwb8/1,2026-09-26,nematode,,,20230712_122802.jpg,,,external_test,folder-mapped(paper-T1+visual),CC BY 4.0,0,0,1
central_java,v1,https://data.mendeley.com/datasets/ptz377bwb8/1,2026-09-26,nematode,,,20230712_122808.jpg,,,external_test,folder-mapped(paper-T1+visual),CC BY 4.0,0,0,1
central_java,v1,https://data.mendeley.com/datasets/ptz377bwb8/1,2026-09-26,nematode,,,20230712_153742.jpg,,,external_test,folder-mapped(paper-T1+visual),CC BY 4.0,0,0,1
central_java,v1,https://data.mendeley.com/datasets/ptz377bwb8/1,2026-09-26,nematode,,,20230712_154537.jpg,,,external_test,folder-mapped(paper-T1+visual),CC BY 4.0,0,0,1
central_java,v1,https://data.mendeley.com/datasets/ptz377bwb8/1,2026-09-26,nematode,,,20230712_154559.jpg,,,external_test,folder-mapped(paper-T1+visual),CC BY 4.0,0,0,1
central_java,v1,https://data.mendeley.com/datasets/ptz377bwb8/1,2026-09-26,nematode,,,20230712_154702.jpg,,,external_test,folder-mapped(paper-T1+visual),CC BY 4.0,0,0,1
central_java,v1,https://data.mendeley.com/datasets/ptz377bwb8/1,2026-09-26,nematode,,,20230712_154713.jpg,,,external_test,folder-mapped(paper-T1+visual),CC BY 4.0,0,0,1
central_java,v1,https://data.mendeley.com/datasets/ptz377bwb8/1,2026-09-26,nematode,,,20230712_154725.jpg,,,external_test,folder-mapped(paper-T1+visual),CC BY 4.0,0,0,1
central_java,v1,https://data.mendeley.com/datasets/ptz377bwb8/1,2026-09-26,nematode,,,20230712_155420.jpg,,,external_test,folder-mapped(paper-T1+visual),CC BY 4.0,0,0,1
central_java,v1,https://data.mendeley.com/datasets/ptz377bwb8/1,2026-09-26,nematode,,,20230712_155744.jpg,,,external_test,folder-mapped(paper-T1+visual),CC BY 4.0,0,0,1
central_java,v1,https://data.mendeley.com/datasets/ptz377bwb8/1,2026-09-26,nematode,,,20230712_155746.jpg,,,external_test,folder-mapped(paper-T1+visual),CC BY 4.0,0,0,1
central_java,v1,https://data.mendeley.com/datasets/ptz377bwb8/1,2026-09-26,nematode,,,20230712_155753.jpg,,,external_test,folder-mapped(paper-T1+visual),CC BY 4.0,0,0,1
central_java,v1,https://data.mendeley.com/datasets/ptz377bwb8/1,2026-09-26,nematode,,,20230802_105202.jpg,,,external_test,folder-mapped(paper-T1+visual),CC BY 4.0,0,0,1
central_java,v1,https://data.mendeley.com/datasets/ptz377bwb8/1,2026-09-26,nematode,,,20230802_105225.jpg,,,external_test,folder-mapped(paper-T1+visual),CC BY 4.0,0,0,1
central_java,v1,https://data.mendeley.com/datasets/ptz377bwb8/1,2026-09-26,nematode,,,20230802_105230.jpg,,,external_test,folder-mapped(paper-T1+visual),CC BY 4.0,0,0,1
central_java,v1,https://data.mendeley.com/datasets/ptz377bwb8/1,2026-09-26,nematode,,,20230802_105249.jpg,,,external_test,folder-mapped(paper-T1+visual),CC BY 4.0,0,0,1
central_java,v1,https://data.mendeley.com/datasets/ptz377bwb8/1,2026-09-26,nematode,,,20230815_122751.jpg,,,external_test,folder-mapped(paper-T1+visual),CC BY 4.0,0,0,1
central_java,v1,https://data.mendeley.com/datasets/ptz377bwb8/1,2026-09-26,nematode,,,20230815_122808.jpg,,,external_test,folder-mapped(paper-T1+visual),CC BY 4.0,0,0,1
central_java,v1,https://data.mendeley.com/datasets/ptz377bwb8/1,2026-09-26,nematode,,,20230815_122851.jpg,,,external_test,folder-mapped(paper-T1+visual),CC BY 4.0,0,0,1
central_java,v1,https://data.mendeley.com/datasets/ptz377bwb8/1,2026-09-26,nematode,,,20230815_122900.jpg,,,external_test,folder-mapped(paper-T1+visual),CC BY 4.0,0,0,1
central_java,v1,https://data.mendeley.com/datasets/ptz377bwb8/1,2026-09-26,nematode,,,20230815_122915.jpg,,,external_test,folder-mapped(paper-T1+visual),CC BY 4.0,0,0,1
central_java,v1,https://data.mendeley.com/datasets/ptz377bwb8/1,2026-09-26,nematode,,,20230815_123026.jpg,,,external_test,folder-mapped(paper-T1+visual),CC BY 4.0,0,0,1
central_java,v1,https://data.mendeley.com/datasets/ptz377bwb8/1,2026-09-26,nematode,,,20230815_151412.jpg,,,external_test,folder-mapped(paper-T1+visual),CC BY 4.0,0,0,1
central_java,v1,https://data.mendeley.com/datasets/ptz377bwb8/1,2026-09-26,nematode,,,20230815_152953.jpg,,,external_test,folder-mapped(paper-T1+visual),CC BY 4.0,0,0,1
central_java,v1,https://data.mendeley.com/datasets/ptz377bwb8/1,2026-09-26,nematode,,,20230815_153019.jpg,,,external_test,folder-mapped(paper-T1+visual),CC BY 4.0,0,0,1
central_java,v1,https://data.mendeley.com/datasets/ptz377bwb8/1,2026-09-26,nematode,,,20230815_153903.jpg,,,external_test,folder-mapped(paper-T1+visual),CC BY 4.0,0,0,1
central_java,v1,https://data.mendeley.com/datasets/ptz377bwb8/1,2026-09-26,nematode,,,20230816_082906.jpg,,,external_test,folder-mapped(paper-T1+visual),CC BY 4.0,0,0,1
central_java,v1,https://data.mendeley.com/datasets/ptz377bwb8/1,2026-09-26,nematode,,,20230816_084155.jpg,,,external_test,folder-mapped(paper-T1+visual),CC BY 4.0,0,0,1
central_java,v1,https://data.mendeley.com/datasets/ptz377bwb8/1,2026-09-26,nematode,,,20230816_084203.jpg,,,external_test,folder-mapped(paper-T1+visual),CC BY 4.0,0,0,1
central_java,v1,https://data.mendeley.com/datasets/ptz377bwb8/1,2026-09-26,nematode,,,20230816_090814.jpg,,,external_test,folder-mapped(paper-T1+visual),CC BY 4.0,0,0,1
central_java,v1,https://data.mendeley.com/datasets/ptz377bwb8/1,2026-09-26,nematode,,,20230816_121307.jpg,,,external_test,folder-mapped(paper-T1+visual),CC BY 4.0,0,0,1
central_java,v1,https://data.mendeley.com/datasets/ptz377bwb8/1,2026-09-26,nematode,,,20230816_121614.jpg,,,external_test,folder-mapped(paper-T1+visual),CC BY 4.0,0,0,1
central_java,v1,https://data.mendeley.com/datasets/ptz377bwb8/1,2026-09-26,nematode,,,20230816_122536.jpg,,,external_test,folder-mapped(paper-T1+visual),CC BY 4.0,0,0,1
central_java,v1,https://data.mendeley.com/datasets/ptz377bwb8/1,2026-09-26,nematode,,,IMG_0156.JPG,,,external_test,folder-mapped(paper-T1+visual),CC BY 4.0,0,0,1
central_java,v1,https://data.mendeley.com/datasets/ptz377bwb8/1,2026-09-26,nematode,,,IMG_0192.JPG,,,external_test,folder-mapped(paper-T1+visual),CC BY 4.0,0,0,1
central_java,v1,https://data.mendeley.com/datasets/ptz377bwb8/1,2026-09-26,nematode,,,IMG_0193.JPG,,,external_test,folder-mapped(paper-T1+visual),CC BY 4.0,0,0,1
central_java,v1,https://data.mendeley.com/datasets/ptz377bwb8/1,2026-09-26,nematode,,,IMG_0194.JPG,,,external_test,folder-mapped(paper-T1+visual),CC BY 4.0,0,0,1
central_java,v1,https://data.mendeley.com/datasets/ptz377bwb8/1,2026-09-26,nematode,,,IMG_0200.JPG,,,external_test,folder-mapped(paper-T1+visual),CC BY 4.0,0,0,1
central_java,v1,https://data.mendeley.com/datasets/ptz377bwb8/1,2026-09-26,nematode,,,IMG_0259.JPG,,,external_test,folder-mapped(paper-T1+visual),CC BY 4.0,0,0,1
central_java,v1,https://data.mendeley.com/datasets/ptz377bwb8/1,2026-09-26,nematode,,,IMG_0302.JPG,,,external_test,folder-mapped(paper-T1+visual),CC BY 4.0,0,0,1
central_java,v1,https://data.mendeley.com/datasets/ptz377bwb8/1,2026-09-26,nematode,,,IMG_0303.JPG,,,external_test,folder-mapped(paper-T1+visual),CC BY 4.0,0,0,1
central_java,v1,https://data.mendeley.com/datasets/ptz377bwb8/1,2026-09-26,nematode,,,IMG_0816.JPG,,,external_test,folder-mapped(paper-T1+visual),CC BY 4.0,0,0,1
central_java,v1,https://data.mendeley.com/datasets/ptz377bwb8/1,2026-09-26,nematode,,,IMG_20230815_113804~2.jpg,,,external_test,folder-mapped(paper-T1+visual),CC BY 4.0,0,0,1
central_java,v1,https://data.mendeley.com/datasets/ptz377bwb8/1,2026-09-26,nematode,,,IMG_20230815_113853~2.jpg,,,external_test,folder-mapped(paper-T1+visual),CC BY 4.0,0,0,1
central_java,v1,https://data.mendeley.com/datasets/ptz377bwb8/1,2026-09-26,nematode,,,IMG_20230815_114341~2.jpg,,,external_test,folder-mapped(paper-T1+visual),CC BY 4.0,0,0,1
central_java,v1,https://data.mendeley.com/datasets/ptz377bwb8/1,2026-09-26,nematode,,,IMG_20230815_114824~2.jpg,,,external_test,folder-mapped(paper-T1+visual),CC BY 4.0,0,0,1
central_java,v1,https://data.mendeley.com/datasets/ptz377bwb8/1,2026-09-26,nematode,,,IMG_20230815_114900.jpg,,,external_test,folder-mapped(paper-T1+visual),CC BY 4.0,0,0,1
central_java,v1,https://data.mendeley.com/datasets/ptz377bwb8/1,2026-09-26,nematode,,,IMG_20230815_122722 - Copy.jpg,,,external_test,folder-mapped(paper-T1+visual),CC BY 4.0,0,0,1
central_java,v1,https://data.mendeley.com/datasets/ptz377bwb8/1,2026-09-26,nematode,,,IMG_20230815_145142.jpg,,,external_test,folder-mapped(paper-T1+visual),CC BY 4.0,0,0,1
central_java,v1,https://data.mendeley.com/datasets/ptz377bwb8/1,2026-09-26,nematode,,,IMG_20230815_150824~2.jpg,,,external_test,folder-mapped(paper-T1+visual),CC BY 4.0,0,0,1
central_java,v1,https://data.mendeley.com/datasets/ptz377bwb8/1,2026-09-26,nematode,,,IMG_20230816_083730 (1).jpg,,,external_test,folder-mapped(paper-T1+visual),CC BY 4.0,0,0,1
central_java,v1,https://data.mendeley.com/datasets/ptz377bwb8/1,2026-09-26,nematode,,,IMG_20230816_121830.jpg,,,external_test,folder-mapped(paper-T1+visual),CC BY 4.0,0,0,1
central_java,v1,https://data.mendeley.com/datasets/ptz377bwb8/1,2026-09-26,nematode,,,IMG_20230816_121904~2.jpg,,,external_test,folder-mapped(paper-T1+visual),CC BY 4.0,0,0,1
central_java,v1,https://data.mendeley.com/datasets/ptz377bwb8/1,2026-09-26,nematode,,,IMG_4733.JPG,,,external_test,folder-mapped(paper-T1+visual),CC BY 4.0,0,0,1
central_java,v1,https://data.mendeley.com/datasets/ptz377bwb8/1,2026-09-26,nematode,,,IMG_4738.JPG,,,external_test,folder-mapped(paper-T1+visual),CC BY 4.0,0,0,1
central_java,v1,https://data.mendeley.com/datasets/ptz377bwb8/1,2026-09-26,nematode,,,IMG_8142.JPG,,,external_test,folder-mapped(paper-T1+visual),CC BY 4.0,0,0,1
central_java,v1,https://data.mendeley.com/datasets/ptz377bwb8/1,2026-09-26,nematode,,,IMG_8318.JPG,,,external_test,folder-mapped(paper-T1+visual),CC BY 4.0,0,0,1
central_java,v1,https://data.mendeley.com/datasets/ptz377bwb8/1,2026-09-26,nematode,,,IMG_8324.JPG,,,external_test,folder-mapped(paper-T1+visual),CC BY 4.0,0,0,1
central_java,v1,https://data.mendeley.com/datasets/ptz377bwb8/1,2026-09-26,nematode,,,IMG_8330.JPG,,,external_test,folder-mapped(paper-T1+visual),CC BY 4.0,0,0,1
central_java,v1,https://data.mendeley.com/datasets/ptz377bwb8/1,2026-09-26,nematode,,,IMG_8331.JPG,,,external_test,folder-mapped(paper-T1+visual),CC BY 4.0,0,0,1
central_java,v1,https://data.mendeley.com/datasets/ptz377bwb8/1,2026-09-26,nematode,,,IMG_8333.JPG,,,external_test,folder-mapped(paper-T1+visual),CC BY 4.0,0,0,1
central_java,v1,https://data.mendeley.com/datasets/ptz377bwb8/1,2026-09-26,nematode,,,IMG_8338.JPG,,,external_test,folder-mapped(paper-T1+visual),CC BY 4.0,0,0,1
central_java,v1,https://data.mendeley.com/datasets/ptz377bwb8/1,2026-09-26,nematode,,,IMG_8339.JPG,,,external_test,folder-mapped(paper-T1+visual),CC BY 4.0,0,0,1
central_java,v1,https://data.mendeley.com/datasets/ptz377bwb8/1,2026-09-26,nematode,,,IMG_9461.JPG,,,external_test,folder-mapped(paper-T1+visual),CC BY 4.0,0,0,1
central_java,v1,https://data.mendeley.com/datasets/ptz377bwb8/1,2026-09-26,nematode,,,IMG_9462.JPG,,,external_test,folder-mapped(paper-T1+visual),CC BY 4.0,0,0,1
central_java,v1,https://data.mendeley.com/datasets/ptz377bwb8/1,2026-09-26,bacteria,,,1692332350433.jpg,,,external_test,folder-mapped(paper-T1+visual),CC BY 4.0,0,0,1
central_java,v1,https://data.mendeley.com/datasets/ptz377bwb8/1,2026-09-26,bacteria,,,1692332350457.jpg,,,external_test,folder-mapped(paper-T1+visual),CC BY 4.0,0,0,1
central_java,v1,https://data.mendeley.com/datasets/ptz377bwb8/1,2026-09-26,bacteria,,,1692333303178.jpg,,,external_test,folder-mapped(paper-T1+visual),CC BY 4.0,0,0,1
central_java,v1,https://data.mendeley.com/datasets/ptz377bwb8/1,2026-09-26,bacteria,,,1692333631862.jpg,,,external_test,folder-mapped(paper-T1+visual),CC BY 4.0,0,0,1
central_java,v1,https://data.mendeley.com/datasets/ptz377bwb8/1,2026-09-26,bacteria,,,1692333631989.jpg,,,external_test,folder-mapped(paper-T1+visual),CC BY 4.0,0,0,1
central_java,v1,https://data.mendeley.com/datasets/ptz377bwb8/1,2026-09-26,bacteria,,,1692335403904.jpg,,,external_test,folder-mapped(paper-T1+visual),CC BY 4.0,0,0,1
central_java,v1,https://data.mendeley.com/datasets/ptz377bwb8/1,2026-09-26,bacteria,,,1692336758680.jpg,,,external_test,folder-mapped(paper-T1+visual),CC BY 4.0,0,0,1
central_java,v1,https://data.mendeley.com/datasets/ptz377bwb8/1,2026-09-26,bacteria,,,1692336758926.jpg,,,external_test,folder-mapped(paper-T1+visual),CC BY 4.0,0,0,1
central_java,v1,https://data.mendeley.com/datasets/ptz377bwb8/1,2026-09-26,bacteria,,,20230815_111239.jpg,,,external_test,folder-mapped(paper-T1+visual),CC BY 4.0,0,0,1
central_java,v1,https://data.mendeley.com/datasets/ptz377bwb8/1,2026-09-26,bacteria,,,20230815_111300.jpg,,,external_test,folder-mapped(paper-T1+visual),CC BY 4.0,0,0,1
central_java,v1,https://data.mendeley.com/datasets/ptz377bwb8/1,2026-09-26,bacteria,,,20230815_111318.jpg,,,external_test,folder-mapped(paper-T1+visual),CC BY 4.0,0,0,1
central_java,v1,https://data.mendeley.com/datasets/ptz377bwb8/1,2026-09-26,bacteria,,,20230815_111336.jpg,,,external_test,folder-mapped(paper-T1+visual),CC BY 4.0,0,0,1
central_java,v1,https://data.mendeley.com/datasets/ptz377bwb8/1,2026-09-26,bacteria,,,20230815_111544.jpg,,,external_test,folder-mapped(paper-T1+visual),CC BY 4.0,0,0,1
central_java,v1,https://data.mendeley.com/datasets/ptz377bwb8/1,2026-09-26,bacteria,,,20230815_111602.jpg,,,external_test,folder-mapped(paper-T1+visual),CC BY 4.0,0,0,1
central_java,v1,https://data.mendeley.com/datasets/ptz377bwb8/1,2026-09-26,bacteria,,,20230815_111615.jpg,,,external_test,folder-mapped(paper-T1+visual),CC BY 4.0,0,0,1
central_java,v1,https://data.mendeley.com/datasets/ptz377bwb8/1,2026-09-26,bacteria,,,20230815_111657.jpg,,,external_test,folder-mapped(paper-T1+visual),CC BY 4.0,0,0,1
central_java,v1,https://data.mendeley.com/datasets/ptz377bwb8/1,2026-09-26,bacteria,,,20230815_111704.jpg,,,external_test,folder-mapped(paper-T1+visual),CC BY 4.0,0,0,1
central_java,v1,https://data.mendeley.com/datasets/ptz377bwb8/1,2026-09-26,bacteria,,,20230815_111708.jpg,,,external_test,folder-mapped(paper-T1+visual),CC BY 4.0,0,0,1
central_java,v1,https://data.mendeley.com/datasets/ptz377bwb8/1,2026-09-26,bacteria,,,20230815_111818.jpg,,,external_test,folder-mapped(paper-T1+visual),CC BY 4.0,0,0,1
central_java,v1,https://data.mendeley.com/datasets/ptz377bwb8/1,2026-09-26,bacteria,,,20230815_111852.jpg,,,external_test,folder-mapped(paper-T1+visual),CC BY 4.0,0,0,1
central_java,v1,https://data.mendeley.com/datasets/ptz377bwb8/1,2026-09-26,bacteria,,,20230815_111854.jpg,,,external_test,folder-mapped(paper-T1+visual),CC BY 4.0,0,0,1
central_java,v1,https://data.mendeley.com/datasets/ptz377bwb8/1,2026-09-26,bacteria,,,20230815_111914.jpg,,,external_test,folder-mapped(paper-T1+visual),CC BY 4.0,0,0,1
central_java,v1,https://data.mendeley.com/datasets/ptz377bwb8/1,2026-09-26,bacteria,,,20230815_111919.jpg,,,external_test,folder-mapped(paper-T1+visual),CC BY 4.0,0,0,1
central_java,v1,https://data.mendeley.com/datasets/ptz377bwb8/1,2026-09-26,bacteria,,,20230815_111931.jpg,,,external_test,folder-mapped(paper-T1+visual),CC BY 4.0,0,0,1
central_java,v1,https://data.mendeley.com/datasets/ptz377bwb8/1,2026-09-26,bacteria,,,20230815_113516.jpg,,,external_test,folder-mapped(paper-T1+visual),CC BY 4.0,0,0,1
central_java,v1,https://data.mendeley.com/datasets/ptz377bwb8/1,2026-09-26,bacteria,,,20230815_113527.jpg,,,external_test,folder-mapped(paper-T1+visual),CC BY 4.0,0,0,1
central_java,v1,https://data.mendeley.com/datasets/ptz377bwb8/1,2026-09-26,bacteria,,,20230815_113533.jpg,,,external_test,folder-mapped(paper-T1+visual),CC BY 4.0,0,0,1
central_java,v1,https://data.mendeley.com/datasets/ptz377bwb8/1,2026-09-26,bacteria,,,20230815_113819.jpg,,,external_test,folder-mapped(paper-T1+visual),CC BY 4.0,0,0,1
central_java,v1,https://data.mendeley.com/datasets/ptz377bwb8/1,2026-09-26,bacteria,,,20230815_113821.jpg,,,external_test,folder-mapped(paper-T1+visual),CC BY 4.0,0,0,1
central_java,v1,https://data.mendeley.com/datasets/ptz377bwb8/1,2026-09-26,bacteria,,,20230815_113825.jpg,,,external_test,folder-mapped(paper-T1+visual),CC BY 4.0,0,0,1
central_java,v1,https://data.mendeley.com/datasets/ptz377bwb8/1,2026-09-26,bacteria,,,20230815_113829.jpg,,,external_test,folder-mapped(paper-T1+visual),CC BY 4.0,0,0,1
central_java,v1,https://data.mendeley.com/datasets/ptz377bwb8/1,2026-09-26,bacteria,,,20230815_113831.jpg,,,external_test,folder-mapped(paper-T1+visual),CC BY 4.0,0,0,1
central_java,v1,https://data.mendeley.com/datasets/ptz377bwb8/1,2026-09-26,bacteria,,,20230815_113834.jpg,,,external_test,folder-mapped(paper-T1+visual),CC BY 4.0,0,0,1
central_java,v1,https://data.mendeley.com/datasets/ptz377bwb8/1,2026-09-26,bacteria,,,20230815_113841.jpg,,,external_test,folder-mapped(paper-T1+visual),CC BY 4.0,0,0,1
central_java,v1,https://data.mendeley.com/datasets/ptz377bwb8/1,2026-09-26,bacteria,,,20230815_113845.jpg,,,external_test,folder-mapped(paper-T1+visual),CC BY 4.0,0,0,1
central_java,v1,https://data.mendeley.com/datasets/ptz377bwb8/1,2026-09-26,bacteria,,,20230815_113849.jpg,,,external_test,folder-mapped(paper-T1+visual),CC BY 4.0,0,0,1
central_java,v1,https://data.mendeley.com/datasets/ptz377bwb8/1,2026-09-26,bacteria,,,20230815_113856.jpg,,,external_test,folder-mapped(paper-T1+visual),CC BY 4.0,0,0,1
central_java,v1,https://data.mendeley.com/datasets/ptz377bwb8/1,2026-09-26,bacteria,,,20230815_113904.jpg,,,external_test,folder-mapped(paper-T1+visual),CC BY 4.0,0,0,1
central_java,v1,https://data.mendeley.com/datasets/ptz377bwb8/1,2026-09-26,bacteria,,,20230815_113913.jpg,,,external_test,folder-mapped(paper-T1+visual),CC BY 4.0,0,0,1
central_java,v1,https://data.mendeley.com/datasets/ptz377bwb8/1,2026-09-26,bacteria,,,20230815_113917.jpg,,,external_test,folder-mapped(paper-T1+visual),CC BY 4.0,0,0,1
central_java,v1,https://data.mendeley.com/datasets/ptz377bwb8/1,2026-09-26,bacteria,,,20230815_113920.jpg,,,external_test,folder-mapped(paper-T1+visual),CC BY 4.0,0,0,1
central_java,v1,https://data.mendeley.com/datasets/ptz377bwb8/1,2026-09-26,bacteria,,,20230815_113923.jpg,,,external_test,folder-mapped(paper-T1+visual),CC BY 4.0,0,0,1
central_java,v1,https://data.mendeley.com/datasets/ptz377bwb8/1,2026-09-26,bacteria,,,20230815_113930.jpg,,,external_test,folder-mapped(paper-T1+visual),CC BY 4.0,0,0,1
central_java,v1,https://data.mendeley.com/datasets/ptz377bwb8/1,2026-09-26,bacteria,,,20230815_113943.jpg,,,external_test,folder-mapped(paper-T1+visual),CC BY 4.0,0,0,1
central_java,v1,https://data.mendeley.com/datasets/ptz377bwb8/1,2026-09-26,bacteria,,,20230815_113945.jpg,,,external_test,folder-mapped(paper-T1+visual),CC BY 4.0,0,0,1
central_java,v1,https://data.mendeley.com/datasets/ptz377bwb8/1,2026-09-26,bacteria,,,20230815_113948.jpg,,,external_test,folder-mapped(paper-T1+visual),CC BY 4.0,0,0,1
central_java,v1,https://data.mendeley.com/datasets/ptz377bwb8/1,2026-09-26,bacteria,,,20230815_114003.jpg,,,external_test,folder-mapped(paper-T1+visual),CC BY 4.0,0,0,1
central_java,v1,https://data.mendeley.com/datasets/ptz377bwb8/1,2026-09-26,bacteria,,,20230815_114039.jpg,,,external_test,folder-mapped(paper-T1+visual),CC BY 4.0,0,0,1
central_java,v1,https://data.mendeley.com/datasets/ptz377bwb8/1,2026-09-26,bacteria,,,20230815_114042.jpg,,,external_test,folder-mapped(paper-T1+visual),CC BY 4.0,0,0,1
central_java,v1,https://data.mendeley.com/datasets/ptz377bwb8/1,2026-09-26,bacteria,,,20230815_114048.jpg,,,external_test,folder-mapped(paper-T1+visual),CC BY 4.0,0,0,1
central_java,v1,https://data.mendeley.com/datasets/ptz377bwb8/1,2026-09-26,bacteria,,,20230815_114050.jpg,,,external_test,folder-mapped(paper-T1+visual),CC BY 4.0,0,0,1
central_java,v1,https://data.mendeley.com/datasets/ptz377bwb8/1,2026-09-26,bacteria,,,20230815_114052.jpg,,,external_test,folder-mapped(paper-T1+visual),CC BY 4.0,0,0,1
central_java,v1,https://data.mendeley.com/datasets/ptz377bwb8/1,2026-09-26,bacteria,,,20230815_114057.jpg,,,external_test,folder-mapped(paper-T1+visual),CC BY 4.0,0,0,1
central_java,v1,https://data.mendeley.com/datasets/ptz377bwb8/1,2026-09-26,bacteria,,,20230815_114106.jpg,,,external_test,folder-mapped(paper-T1+visual),CC BY 4.0,0,0,1
central_java,v1,https://data.mendeley.com/datasets/ptz377bwb8/1,2026-09-26,bacteria,,,20230815_114111.jpg,,,external_test,folder-mapped(paper-T1+visual),CC BY 4.0,0,0,1
central_java,v1,https://data.mendeley.com/datasets/ptz377bwb8/1,2026-09-26,bacteria,,,20230815_114115.jpg,,,external_test,folder-mapped(paper-T1+visual),CC BY 4.0,0,0,1
central_java,v1,https://data.mendeley.com/datasets/ptz377bwb8/1,2026-09-26,bacteria,,,20230815_114200.jpg,,,external_test,folder-mapped(paper-T1+visual),CC BY 4.0,0,0,1
central_java,v1,https://data.mendeley.com/datasets/ptz377bwb8/1,2026-09-26,bacteria,,,20230815_114456.jpg,,,external_test,folder-mapped(paper-T1+visual),CC BY 4.0,0,0,1
central_java,v1,https://data.mendeley.com/datasets/ptz377bwb8/1,2026-09-26,bacteria,,,20230815_114513.jpg,,,external_test,folder-mapped(paper-T1+visual),CC BY 4.0,0,0,1
central_java,v1,https://data.mendeley.com/datasets/ptz377bwb8/1,2026-09-26,bacteria,,,20230815_114519.jpg,,,external_test,folder-mapped(paper-T1+visual),CC BY 4.0,0,0,1
central_java,v1,https://data.mendeley.com/datasets/ptz377bwb8/1,2026-09-26,bacteria,,,20230815_114546.jpg,,,external_test,folder-mapped(paper-T1+visual),CC BY 4.0,0,0,1
central_java,v1,https://data.mendeley.com/datasets/ptz377bwb8/1,2026-09-26,bacteria,,,20230815_114705.jpg,,,external_test,folder-mapped(paper-T1+visual),CC BY 4.0,0,0,1
central_java,v1,https://data.mendeley.com/datasets/ptz377bwb8/1,2026-09-26,bacteria,,,20230815_114717.jpg,,,external_test,folder-mapped(paper-T1+visual),CC BY 4.0,0,0,1
central_java,v1,https://data.mendeley.com/datasets/ptz377bwb8/1,2026-09-26,bacteria,,,20230815_114748.jpg,,,external_test,folder-mapped(paper-T1+visual),CC BY 4.0,0,0,1
central_java,v1,https://data.mendeley.com/datasets/ptz377bwb8/1,2026-09-26,bacteria,,,20230815_114927.jpg,,,external_test,folder-mapped(paper-T1+visual),CC BY 4.0,0,0,1
central_java,v1,https://data.mendeley.com/datasets/ptz377bwb8/1,2026-09-26,bacteria,,,20230815_115905.jpg,,,external_test,folder-mapped(paper-T1+visual),CC BY 4.0,0,0,1
central_java,v1,https://data.mendeley.com/datasets/ptz377bwb8/1,2026-09-26,bacteria,,,20230815_120051.jpg,,,external_test,folder-mapped(paper-T1+visual),CC BY 4.0,0,0,1
central_java,v1,https://data.mendeley.com/datasets/ptz377bwb8/1,2026-09-26,bacteria,,,20230815_120101.jpg,,,external_test,folder-mapped(paper-T1+visual),CC BY 4.0,0,0,1
central_java,v1,https://data.mendeley.com/datasets/ptz377bwb8/1,2026-09-26,bacteria,,,20230815_120109.jpg,,,external_test,folder-mapped(paper-T1+visual),CC BY 4.0,0,0,1
central_java,v1,https://data.mendeley.com/datasets/ptz377bwb8/1,2026-09-26,bacteria,,,20230815_120734.jpg,,,external_test,folder-mapped(paper-T1+visual),CC BY 4.0,0,0,1
central_java,v1,https://data.mendeley.com/datasets/ptz377bwb8/1,2026-09-26,bacteria,,,20230815_120753.jpg,,,external_test,folder-mapped(paper-T1+visual),CC BY 4.0,0,0,1
central_java,v1,https://data.mendeley.com/datasets/ptz377bwb8/1,2026-09-26,bacteria,,,20230815_120817.jpg,,,external_test,folder-mapped(paper-T1+visual),CC BY 4.0,0,0,1
central_java,v1,https://data.mendeley.com/datasets/ptz377bwb8/1,2026-09-26,bacteria,,,20230815_121740.jpg,,,external_test,folder-mapped(paper-T1+visual),CC BY 4.0,0,0,1
central_java,v1,https://data.mendeley.com/datasets/ptz377bwb8/1,2026-09-26,bacteria,,,20230815_122416.jpg,,,external_test,folder-mapped(paper-T1+visual),CC BY 4.0,0,0,1
central_java,v1,https://data.mendeley.com/datasets/ptz377bwb8/1,2026-09-26,bacteria,,,20230815_122418.jpg,,,external_test,folder-mapped(paper-T1+visual),CC BY 4.0,0,0,1
central_java,v1,https://data.mendeley.com/datasets/ptz377bwb8/1,2026-09-26,bacteria,,,20230815_122422.jpg,,,external_test,folder-mapped(paper-T1+visual),CC BY 4.0,0,0,1
central_java,v1,https://data.mendeley.com/datasets/ptz377bwb8/1,2026-09-26,bacteria,,,20230815_122505.jpg,,,external_test,folder-mapped(paper-T1+visual),CC BY 4.0,0,0,1
central_java,v1,https://data.mendeley.com/datasets/ptz377bwb8/1,2026-09-26,bacteria,,,20230815_122507.jpg,,,external_test,folder-mapped(paper-T1+visual),CC BY 4.0,0,0,1
central_java,v1,https://data.mendeley.com/datasets/ptz377bwb8/1,2026-09-26,bacteria,,,20230815_153546.jpg,,,external_test,folder-mapped(paper-T1+visual),CC BY 4.0,0,0,1
central_java,v1,https://data.mendeley.com/datasets/ptz377bwb8/1,2026-09-26,bacteria,,,20230815_153552.jpg,,,external_test,folder-mapped(paper-T1+visual),CC BY 4.0,0,0,1
central_java,v1,https://data.mendeley.com/datasets/ptz377bwb8/1,2026-09-26,bacteria,,,20230815_153557.jpg,,,external_test,folder-mapped(paper-T1+visual),CC BY 4.0,0,0,1
central_java,v1,https://data.mendeley.com/datasets/ptz377bwb8/1,2026-09-26,bacteria,,,20230815_153600.jpg,,,external_test,folder-mapped(paper-T1+visual),CC BY 4.0,0,0,1
central_java,v1,https://data.mendeley.com/datasets/ptz377bwb8/1,2026-09-26,bacteria,,,20230815_153602.jpg,,,external_test,folder-mapped(paper-T1+visual),CC BY 4.0,0,0,1
central_java,v1,https://data.mendeley.com/datasets/ptz377bwb8/1,2026-09-26,bacteria,,,20230815_153611.jpg,,,external_test,folder-mapped(paper-T1+visual),CC BY 4.0,0,0,1
central_java,v1,https://data.mendeley.com/datasets/ptz377bwb8/1,2026-09-26,bacteria,,,20230816_091315.jpg,,,external_test,folder-mapped(paper-T1+visual),CC BY 4.0,0,0,1
central_java,v1,https://data.mendeley.com/datasets/ptz377bwb8/1,2026-09-26,bacteria,,,20230816_091330.jpg,,,external_test,folder-mapped(paper-T1+visual),CC BY 4.0,0,0,1
central_java,v1,https://data.mendeley.com/datasets/ptz377bwb8/1,2026-09-26,bacteria,,,20230816_120911.jpg,,,external_test,folder-mapped(paper-T1+visual),CC BY 4.0,0,0,1
central_java,v1,https://data.mendeley.com/datasets/ptz377bwb8/1,2026-09-26,bacteria,,,20230816_120913.jpg,,,external_test,folder-mapped(paper-T1+visual),CC BY 4.0,0,0,1
central_java,v1,https://data.mendeley.com/datasets/ptz377bwb8/1,2026-09-26,bacteria,,,20230816_120931.jpg,,,external_test,folder-mapped(paper-T1+visual),CC BY 4.0,0,0,1
central_java,v1,https://data.mendeley.com/datasets/ptz377bwb8/1,2026-09-26,bacteria,,,20230816_120932.jpg,,,external_test,folder-mapped(paper-T1+visual),CC BY 4.0,0,0,1
central_java,v1,https://data.mendeley.com/datasets/ptz377bwb8/1,2026-09-26,bacteria,,,20230816_120934.jpg,,,external_test,folder-mapped(paper-T1+visual),CC BY 4.0,0,0,1
central_java,v1,https://data.mendeley.com/datasets/ptz377bwb8/1,2026-09-26,bacteria,,,20230816_121054.jpg,,,external_test,folder-mapped(paper-T1+visual),CC BY 4.0,0,0,1
central_java,v1,https://data.mendeley.com/datasets/ptz377bwb8/1,2026-09-26,bacteria,,,20230816_122651.jpg,,,external_test,folder-mapped(paper-T1+visual),CC BY 4.0,0,0,1
central_java,v1,https://data.mendeley.com/datasets/ptz377bwb8/1,2026-09-26,bacteria,,,20230816_123115.jpg,,,external_test,folder-mapped(paper-T1+visual),CC BY 4.0,0,0,1
central_java,v1,https://data.mendeley.com/datasets/ptz377bwb8/1,2026-09-26,bacteria,,,20230816_134130.jpg,,,external_test,folder-mapped(paper-T1+visual),CC BY 4.0,0,0,1
central_java,v1,https://data.mendeley.com/datasets/ptz377bwb8/1,2026-09-26,bacteria,,,20230816_134133.jpg,,,external_test,folder-mapped(paper-T1+visual),CC BY 4.0,0,0,1
central_java,v1,https://data.mendeley.com/datasets/ptz377bwb8/1,2026-09-26,bacteria,,,20230816_134136.jpg,,,external_test,folder-mapped(paper-T1+visual),CC BY 4.0,0,0,1
central_java,v1,https://data.mendeley.com/datasets/ptz377bwb8/1,2026-09-26,bacteria,,,20230816_134139.jpg,,,external_test,folder-mapped(paper-T1+visual),CC BY 4.0,0,0,1
central_java,v1,https://data.mendeley.com/datasets/ptz377bwb8/1,2026-09-26,bacteria,,,20230816_134143.jpg,,,external_test,folder-mapped(paper-T1+visual),CC BY 4.0,0,0,1
central_java,v1,https://data.mendeley.com/datasets/ptz377bwb8/1,2026-09-26,bacteria,,,20230816_134147.jpg,,,external_test,folder-mapped(paper-T1+visual),CC BY 4.0,0,0,1
central_java,v1,https://data.mendeley.com/datasets/ptz377bwb8/1,2026-09-26,bacteria,,,20230816_134245.jpg,,,external_test,folder-mapped(paper-T1+visual),CC BY 4.0,0,0,1
central_java,v1,https://data.mendeley.com/datasets/ptz377bwb8/1,2026-09-26,bacteria,,,20230816_134251.jpg,,,external_test,folder-mapped(paper-T1+visual),CC BY 4.0,0,0,1
central_java,v1,https://data.mendeley.com/datasets/ptz377bwb8/1,2026-09-26,bacteria,,,20230816_134255.jpg,,,external_test,folder-mapped(paper-T1+visual),CC BY 4.0,0,0,1
central_java,v1,https://data.mendeley.com/datasets/ptz377bwb8/1,2026-09-26,bacteria,,,20230816_134302.jpg,,,external_test,folder-mapped(paper-T1+visual),CC BY 4.0,0,0,1
central_java,v1,https://data.mendeley.com/datasets/ptz377bwb8/1,2026-09-26,bacteria,,,20230816_134322.jpg,,,external_test,folder-mapped(paper-T1+visual),CC BY 4.0,0,0,1
central_java,v1,https://data.mendeley.com/datasets/ptz377bwb8/1,2026-09-26,bacteria,,,20230816_134325.jpg,,,external_test,folder-mapped(paper-T1+visual),CC BY 4.0,0,0,1
central_java,v1,https://data.mendeley.com/datasets/ptz377bwb8/1,2026-09-26,bacteria,,,20230816_134327.jpg,,,external_test,folder-mapped(paper-T1+visual),CC BY 4.0,0,0,1
central_java,v1,https://data.mendeley.com/datasets/ptz377bwb8/1,2026-09-26,bacteria,,,20230816_134445.jpg,,,external_test,folder-mapped(paper-T1+visual),CC BY 4.0,0,0,1
central_java,v1,https://data.mendeley.com/datasets/ptz377bwb8/1,2026-09-26,bacteria,,,20230816_134451.jpg,,,external_test,folder-mapped(paper-T1+visual),CC BY 4.0,0,0,1
central_java,v1,https://data.mendeley.com/datasets/ptz377bwb8/1,2026-09-26,bacteria,,,20230816_134458.jpg,,,external_test,folder-mapped(paper-T1+visual),CC BY 4.0,0,0,1
central_java,v1,https://data.mendeley.com/datasets/ptz377bwb8/1,2026-09-26,bacteria,,,20230816_134501.jpg,,,external_test,folder-mapped(paper-T1+visual),CC BY 4.0,0,0,1
central_java,v1,https://data.mendeley.com/datasets/ptz377bwb8/1,2026-09-26,bacteria,,,20230816_134503.jpg,,,external_test,folder-mapped(paper-T1+visual),CC BY 4.0,0,0,1
central_java,v1,https://data.mendeley.com/datasets/ptz377bwb8/1,2026-09-26,bacteria,,,20230816_134507.jpg,,,external_test,folder-mapped(paper-T1+visual),CC BY 4.0,0,0,1
central_java,v1,https://data.mendeley.com/datasets/ptz377bwb8/1,2026-09-26,bacteria,,,20230816_134520.jpg,,,external_test,folder-mapped(paper-T1+visual),CC BY 4.0,0,0,1
central_java,v1,https://data.mendeley.com/datasets/ptz377bwb8/1,2026-09-26,bacteria,,,20230816_134527.jpg,,,external_test,folder-mapped(paper-T1+visual),CC BY 4.0,0,0,1
central_java,v1,https://data.mendeley.com/datasets/ptz377bwb8/1,2026-09-26,bacteria,,,20230816_134532.jpg,,,external_test,folder-mapped(paper-T1+visual),CC BY 4.0,0,0,1
central_java,v1,https://data.mendeley.com/datasets/ptz377bwb8/1,2026-09-26,bacteria,,,20230816_134537.jpg,,,external_test,folder-mapped(paper-T1+visual),CC BY 4.0,0,0,1
central_java,v1,https://data.mendeley.com/datasets/ptz377bwb8/1,2026-09-26,bacteria,,,20230816_134541.jpg,,,external_test,folder-mapped(paper-T1+visual),CC BY 4.0,0,0,1
central_java,v1,https://data.mendeley.com/datasets/ptz377bwb8/1,2026-09-26,bacteria,,,20230816_134548.jpg,,,external_test,folder-mapped(paper-T1+visual),CC BY 4.0,0,0,1
central_java,v1,https://data.mendeley.com/datasets/ptz377bwb8/1,2026-09-26,bacteria,,,20230816_134552.jpg,,,external_test,folder-mapped(paper-T1+visual),CC BY 4.0,0,0,1
central_java,v1,https://data.mendeley.com/datasets/ptz377bwb8/1,2026-09-26,bacteria,,,20230816_134613.jpg,,,external_test,folder-mapped(paper-T1+visual),CC BY 4.0,0,0,1
central_java,v1,https://data.mendeley.com/datasets/ptz377bwb8/1,2026-09-26,bacteria,,,20230816_134650.jpg,,,external_test,folder-mapped(paper-T1+visual),CC BY 4.0,0,0,1
central_java,v1,https://data.mendeley.com/datasets/ptz377bwb8/1,2026-09-26,bacteria,,,20230816_134658.jpg,,,external_test,folder-mapped(paper-T1+visual),CC BY 4.0,0,0,1
central_java,v1,https://data.mendeley.com/datasets/ptz377bwb8/1,2026-09-26,bacteria,,,20230816_134702.jpg,,,external_test,folder-mapped(paper-T1+visual),CC BY 4.0,0,0,1
central_java,v1,https://data.mendeley.com/datasets/ptz377bwb8/1,2026-09-26,bacteria,,,20230816_134720.jpg,,,external_test,folder-mapped(paper-T1+visual),CC BY 4.0,0,0,1
central_java,v1,https://data.mendeley.com/datasets/ptz377bwb8/1,2026-09-26,bacteria,,,20230816_134722.jpg,,,external_test,folder-mapped(paper-T1+visual),CC BY 4.0,0,0,1
central_java,v1,https://data.mendeley.com/datasets/ptz377bwb8/1,2026-09-26,bacteria,,,20230816_134725.jpg,,,external_test,folder-mapped(paper-T1+visual),CC BY 4.0,0,0,1
central_java,v1,https://data.mendeley.com/datasets/ptz377bwb8/1,2026-09-26,bacteria,,,20230816_134733.jpg,,,external_test,folder-mapped(paper-T1+visual),CC BY 4.0,0,0,1
central_java,v1,https://data.mendeley.com/datasets/ptz377bwb8/1,2026-09-26,bacteria,,,20230816_134736.jpg,,,external_test,folder-mapped(paper-T1+visual),CC BY 4.0,0,0,1
central_java,v1,https://data.mendeley.com/datasets/ptz377bwb8/1,2026-09-26,bacteria,,,20230816_134756.jpg,,,external_test,folder-mapped(paper-T1+visual),CC BY 4.0,0,0,1
central_java,v1,https://data.mendeley.com/datasets/ptz377bwb8/1,2026-09-26,bacteria,,,20230816_134805.jpg,,,external_test,folder-mapped(paper-T1+visual),CC BY 4.0,0,0,1
central_java,v1,https://data.mendeley.com/datasets/ptz377bwb8/1,2026-09-26,bacteria,,,20230816_134825.jpg,,,external_test,folder-mapped(paper-T1+visual),CC BY 4.0,0,0,1
central_java,v1,https://data.mendeley.com/datasets/ptz377bwb8/1,2026-09-26,bacteria,,,20230816_134827.jpg,,,external_test,folder-mapped(paper-T1+visual),CC BY 4.0,0,0,1
central_java,v1,https://data.mendeley.com/datasets/ptz377bwb8/1,2026-09-26,bacteria,,,20230816_135039.jpg,,,external_test,folder-mapped(paper-T1+visual),CC BY 4.0,0,0,1
central_java,v1,https://data.mendeley.com/datasets/ptz377bwb8/1,2026-09-26,bacteria,,,20230816_135046.jpg,,,external_test,folder-mapped(paper-T1+visual),CC BY 4.0,0,0,1
central_java,v1,https://data.mendeley.com/datasets/ptz377bwb8/1,2026-09-26,bacteria,,,20230816_135102.jpg,,,external_test,folder-mapped(paper-T1+visual),CC BY 4.0,0,0,1
central_java,v1,https://data.mendeley.com/datasets/ptz377bwb8/1,2026-09-26,bacteria,,,20230816_135107.jpg,,,external_test,folder-mapped(paper-T1+visual),CC BY 4.0,0,0,1
central_java,v1,https://data.mendeley.com/datasets/ptz377bwb8/1,2026-09-26,bacteria,,,20230816_135116.jpg,,,external_test,folder-mapped(paper-T1+visual),CC BY 4.0,0,0,1
central_java,v1,https://data.mendeley.com/datasets/ptz377bwb8/1,2026-09-26,bacteria,,,20230816_135122.jpg,,,external_test,folder-mapped(paper-T1+visual),CC BY 4.0,0,0,1
central_java,v1,https://data.mendeley.com/datasets/ptz377bwb8/1,2026-09-26,bacteria,,,20230816_135126.jpg,,,external_test,folder-mapped(paper-T1+visual),CC BY 4.0,0,0,1
central_java,v1,https://data.mendeley.com/datasets/ptz377bwb8/1,2026-09-26,bacteria,,,20230816_135141.jpg,,,external_test,folder-mapped(paper-T1+visual),CC BY 4.0,0,0,1
central_java,v1,https://data.mendeley.com/datasets/ptz377bwb8/1,2026-09-26,bacteria,,,20230816_135143.jpg,,,external_test,folder-mapped(paper-T1+visual),CC BY 4.0,0,0,1
central_java,v1,https://data.mendeley.com/datasets/ptz377bwb8/1,2026-09-26,bacteria,,,20230816_135147.jpg,,,external_test,folder-mapped(paper-T1+visual),CC BY 4.0,0,0,1
central_java,v1,https://data.mendeley.com/datasets/ptz377bwb8/1,2026-09-26,bacteria,,,20230816_135156.jpg,,,external_test,folder-mapped(paper-T1+visual),CC BY 4.0,0,0,1
central_java,v1,https://data.mendeley.com/datasets/ptz377bwb8/1,2026-09-26,bacteria,,,20230816_135212.jpg,,,external_test,folder-mapped(paper-T1+visual),CC BY 4.0,0,0,1
central_java,v1,https://data.mendeley.com/datasets/ptz377bwb8/1,2026-09-26,bacteria,,,20230816_135216.jpg,,,external_test,folder-mapped(paper-T1+visual),CC BY 4.0,0,0,1
central_java,v1,https://data.mendeley.com/datasets/ptz377bwb8/1,2026-09-26,bacteria,,,20230816_135222.jpg,,,external_test,folder-mapped(paper-T1+visual),CC BY 4.0,0,0,1
central_java,v1,https://data.mendeley.com/datasets/ptz377bwb8/1,2026-09-26,bacteria,,,20230816_135224.jpg,,,external_test,folder-mapped(paper-T1+visual),CC BY 4.0,0,0,1
central_java,v1,https://data.mendeley.com/datasets/ptz377bwb8/1,2026-09-26,bacteria,,,20230816_135226.jpg,,,external_test,folder-mapped(paper-T1+visual),CC BY 4.0,0,0,1
central_java,v1,https://data.mendeley.com/datasets/ptz377bwb8/1,2026-09-26,bacteria,,,20230816_135234.jpg,,,external_test,folder-mapped(paper-T1+visual),CC BY 4.0,0,0,1
central_java,v1,https://data.mendeley.com/datasets/ptz377bwb8/1,2026-09-26,bacteria,,,20230816_135242.jpg,,,external_test,folder-mapped(paper-T1+visual),CC BY 4.0,0,0,1
central_java,v1,https://data.mendeley.com/datasets/ptz377bwb8/1,2026-09-26,bacteria,,,20230816_135252.jpg,,,external_test,folder-mapped(paper-T1+visual),CC BY 4.0,0,0,1
central_java,v1,https://data.mendeley.com/datasets/ptz377bwb8/1,2026-09-26,bacteria,,,20230816_135259.jpg,,,external_test,folder-mapped(paper-T1+visual),CC BY 4.0,0,0,1
central_java,v1,https://data.mendeley.com/datasets/ptz377bwb8/1,2026-09-26,bacteria,,,20230816_135436.jpg,,,external_test,folder-mapped(paper-T1+visual),CC BY 4.0,0,0,1
central_java,v1,https://data.mendeley.com/datasets/ptz377bwb8/1,2026-09-26,bacteria,,,20230816_135439.jpg,,,external_test,folder-mapped(paper-T1+visual),CC BY 4.0,0,0,1
central_java,v1,https://data.mendeley.com/datasets/ptz377bwb8/1,2026-09-26,bacteria,,,20230816_135443.jpg,,,external_test,folder-mapped(paper-T1+visual),CC BY 4.0,0,0,1
central_java,v1,https://data.mendeley.com/datasets/ptz377bwb8/1,2026-09-26,bacteria,,,20230816_135444.jpg,,,external_test,folder-mapped(paper-T1+visual),CC BY 4.0,0,0,1
central_java,v1,https://data.mendeley.com/datasets/ptz377bwb8/1,2026-09-26,bacteria,,,20230816_135447.jpg,,,external_test,folder-mapped(paper-T1+visual),CC BY 4.0,0,0,1
central_java,v1,https://data.mendeley.com/datasets/ptz377bwb8/1,2026-09-26,bacteria,,,20230816_135453.jpg,,,external_test,folder-mapped(paper-T1+visual),CC BY 4.0,0,0,1
central_java,v1,https://data.mendeley.com/datasets/ptz377bwb8/1,2026-09-26,bacteria,,,20230816_135513.jpg,,,external_test,folder-mapped(paper-T1+visual),CC BY 4.0,0,0,1
central_java,v1,https://data.mendeley.com/datasets/ptz377bwb8/1,2026-09-26,bacteria,,,20230816_135522.jpg,,,external_test,folder-mapped(paper-T1+visual),CC BY 4.0,0,0,1
central_java,v1,https://data.mendeley.com/datasets/ptz377bwb8/1,2026-09-26,bacteria,,,20230816_135532.jpg,,,external_test,folder-mapped(paper-T1+visual),CC BY 4.0,0,0,1
central_java,v1,https://data.mendeley.com/datasets/ptz377bwb8/1,2026-09-26,bacteria,,,20230816_135539.jpg,,,external_test,folder-mapped(paper-T1+visual),CC BY 4.0,0,0,1
central_java,v1,https://data.mendeley.com/datasets/ptz377bwb8/1,2026-09-26,bacteria,,,20230816_135541.jpg,,,external_test,folder-mapped(paper-T1+visual),CC BY 4.0,0,0,1
central_java,v1,https://data.mendeley.com/datasets/ptz377bwb8/1,2026-09-26,bacteria,,,20230816_135543.jpg,,,external_test,folder-mapped(paper-T1+visual),CC BY 4.0,0,0,1
central_java,v1,https://data.mendeley.com/datasets/ptz377bwb8/1,2026-09-26,bacteria,,,20230816_135559.jpg,,,external_test,folder-mapped(paper-T1+visual),CC BY 4.0,0,0,1
central_java,v1,https://data.mendeley.com/datasets/ptz377bwb8/1,2026-09-26,bacteria,,,20230816_135602.jpg,,,external_test,folder-mapped(paper-T1+visual),CC BY 4.0,0,0,1
central_java,v1,https://data.mendeley.com/datasets/ptz377bwb8/1,2026-09-26,bacteria,,,20230816_135607.jpg,,,external_test,folder-mapped(paper-T1+visual),CC BY 4.0,0,0,1
central_java,v1,https://data.mendeley.com/datasets/ptz377bwb8/1,2026-09-26,bacteria,,,20230816_135611.jpg,,,external_test,folder-mapped(paper-T1+visual),CC BY 4.0,0,0,1
central_java,v1,https://data.mendeley.com/datasets/ptz377bwb8/1,2026-09-26,bacteria,,,20230816_135615.jpg,,,external_test,folder-mapped(paper-T1+visual),CC BY 4.0,0,0,1
central_java,v1,https://data.mendeley.com/datasets/ptz377bwb8/1,2026-09-26,bacteria,,,20230816_135621.jpg,,,external_test,folder-mapped(paper-T1+visual),CC BY 4.0,0,0,1
central_java,v1,https://data.mendeley.com/datasets/ptz377bwb8/1,2026-09-26,bacteria,,,20230816_135627.jpg,,,external_test,folder-mapped(paper-T1+visual),CC BY 4.0,0,0,1
central_java,v1,https://data.mendeley.com/datasets/ptz377bwb8/1,2026-09-26,bacteria,,,20230816_135632.jpg,,,external_test,folder-mapped(paper-T1+visual),CC BY 4.0,0,0,1
central_java,v1,https://data.mendeley.com/datasets/ptz377bwb8/1,2026-09-26,bacteria,,,20230816_135637.jpg,,,external_test,folder-mapped(paper-T1+visual),CC BY 4.0,0,0,1
central_java,v1,https://data.mendeley.com/datasets/ptz377bwb8/1,2026-09-26,bacteria,,,20230816_135859.jpg,,,external_test,folder-mapped(paper-T1+visual),CC BY 4.0,0,0,1
central_java,v1,https://data.mendeley.com/datasets/ptz377bwb8/1,2026-09-26,bacteria,,,20230816_135938.jpg,,,external_test,folder-mapped(paper-T1+visual),CC BY 4.0,0,0,1
central_java,v1,https://data.mendeley.com/datasets/ptz377bwb8/1,2026-09-26,bacteria,,,20230816_135949.jpg,,,external_test,folder-mapped(paper-T1+visual),CC BY 4.0,0,0,1
central_java,v1,https://data.mendeley.com/datasets/ptz377bwb8/1,2026-09-26,bacteria,,,20230816_135952.jpg,,,external_test,folder-mapped(paper-T1+visual),CC BY 4.0,0,0,1
central_java,v1,https://data.mendeley.com/datasets/ptz377bwb8/1,2026-09-26,bacteria,,,20230816_140002.jpg,,,external_test,folder-mapped(paper-T1+visual),CC BY 4.0,0,0,1
central_java,v1,https://data.mendeley.com/datasets/ptz377bwb8/1,2026-09-26,bacteria,,,20230816_140010.jpg,,,external_test,folder-mapped(paper-T1+visual),CC BY 4.0,0,0,1
central_java,v1,https://data.mendeley.com/datasets/ptz377bwb8/1,2026-09-26,bacteria,,,20230816_140014.jpg,,,external_test,folder-mapped(paper-T1+visual),CC BY 4.0,0,0,1
central_java,v1,https://data.mendeley.com/datasets/ptz377bwb8/1,2026-09-26,bacteria,,,20230816_140018.jpg,,,external_test,folder-mapped(paper-T1+visual),CC BY 4.0,0,0,1
central_java,v1,https://data.mendeley.com/datasets/ptz377bwb8/1,2026-09-26,bacteria,,,20230816_140031.jpg,,,external_test,folder-mapped(paper-T1+visual),CC BY 4.0,0,0,1
central_java,v1,https://data.mendeley.com/datasets/ptz377bwb8/1,2026-09-26,bacteria,,,20230816_140032.jpg,,,external_test,folder-mapped(paper-T1+visual),CC BY 4.0,0,0,1
central_java,v1,https://data.mendeley.com/datasets/ptz377bwb8/1,2026-09-26,bacteria,,,20230816_140041.jpg,,,external_test,folder-mapped(paper-T1+visual),CC BY 4.0,0,0,1
central_java,v1,https://data.mendeley.com/datasets/ptz377bwb8/1,2026-09-26,bacteria,,,20230816_140044.jpg,,,external_test,folder-mapped(paper-T1+visual),CC BY 4.0,0,0,1
central_java,v1,https://data.mendeley.com/datasets/ptz377bwb8/1,2026-09-26,bacteria,,,20230816_140049.jpg,,,external_test,folder-mapped(paper-T1+visual),CC BY 4.0,0,0,1
central_java,v1,https://data.mendeley.com/datasets/ptz377bwb8/1,2026-09-26,bacteria,,,20230816_140054.jpg,,,external_test,folder-mapped(paper-T1+visual),CC BY 4.0,0,0,1
central_java,v1,https://data.mendeley.com/datasets/ptz377bwb8/1,2026-09-26,bacteria,,,20230816_140110.jpg,,,external_test,folder-mapped(paper-T1+visual),CC BY 4.0,0,0,1
central_java,v1,https://data.mendeley.com/datasets/ptz377bwb8/1,2026-09-26,bacteria,,,20230816_140117.jpg,,,external_test,folder-mapped(paper-T1+visual),CC BY 4.0,0,0,1
central_java,v1,https://data.mendeley.com/datasets/ptz377bwb8/1,2026-09-26,bacteria,,,20230816_140312.jpg,,,external_test,folder-mapped(paper-T1+visual),CC BY 4.0,0,0,1
central_java,v1,https://data.mendeley.com/datasets/ptz377bwb8/1,2026-09-26,bacteria,,,20230816_140318.jpg,,,external_test,folder-mapped(paper-T1+visual),CC BY 4.0,0,0,1
central_java,v1,https://data.mendeley.com/datasets/ptz377bwb8/1,2026-09-26,bacteria,,,20230816_140335.jpg,,,external_test,folder-mapped(paper-T1+visual),CC BY 4.0,0,0,1
central_java,v1,https://data.mendeley.com/datasets/ptz377bwb8/1,2026-09-26,bacteria,,,20230816_140515.jpg,,,external_test,folder-mapped(paper-T1+visual),CC BY 4.0,0,0,1
central_java,v1,https://data.mendeley.com/datasets/ptz377bwb8/1,2026-09-26,bacteria,,,20230816_140525.jpg,,,external_test,folder-mapped(paper-T1+visual),CC BY 4.0,0,0,1
central_java,v1,https://data.mendeley.com/datasets/ptz377bwb8/1,2026-09-26,bacteria,,,20230816_140556.jpg,,,external_test,folder-mapped(paper-T1+visual),CC BY 4.0,0,0,1
central_java,v1,https://data.mendeley.com/datasets/ptz377bwb8/1,2026-09-26,bacteria,,,20230816_140559.jpg,,,external_test,folder-mapped(paper-T1+visual),CC BY 4.0,0,0,1
central_java,v1,https://data.mendeley.com/datasets/ptz377bwb8/1,2026-09-26,bacteria,,,20230816_140602.jpg,,,external_test,folder-mapped(paper-T1+visual),CC BY 4.0,0,0,1
central_java,v1,https://data.mendeley.com/datasets/ptz377bwb8/1,2026-09-26,bacteria,,,20230816_140613.jpg,,,external_test,folder-mapped(paper-T1+visual),CC BY 4.0,0,0,1
central_java,v1,https://data.mendeley.com/datasets/ptz377bwb8/1,2026-09-26,bacteria,,,20230816_140615.jpg,,,external_test,folder-mapped(paper-T1+visual),CC BY 4.0,0,0,1
central_java,v1,https://data.mendeley.com/datasets/ptz377bwb8/1,2026-09-26,bacteria,,,20230816_140618.jpg,,,external_test,folder-mapped(paper-T1+visual),CC BY 4.0,0,0,1
central_java,v1,https://data.mendeley.com/datasets/ptz377bwb8/1,2026-09-26,bacteria,,,20230816_140628.jpg,,,external_test,folder-mapped(paper-T1+visual),CC BY 4.0,0,0,1
central_java,v1,https://data.mendeley.com/datasets/ptz377bwb8/1,2026-09-26,bacteria,,,20230816_140631.jpg,,,external_test,folder-mapped(paper-T1+visual),CC BY 4.0,0,0,1
central_java,v1,https://data.mendeley.com/datasets/ptz377bwb8/1,2026-09-26,bacteria,,,20230816_140633.jpg,,,external_test,folder-mapped(paper-T1+visual),CC BY 4.0,0,0,1
central_java,v1,https://data.mendeley.com/datasets/ptz377bwb8/1,2026-09-26,bacteria,,,20230816_140639.jpg,,,external_test,folder-mapped(paper-T1+visual),CC BY 4.0,0,0,1
central_java,v1,https://data.mendeley.com/datasets/ptz377bwb8/1,2026-09-26,bacteria,,,20230816_140641.jpg,,,external_test,folder-mapped(paper-T1+visual),CC BY 4.0,0,0,1
central_java,v1,https://data.mendeley.com/datasets/ptz377bwb8/1,2026-09-26,bacteria,,,20230816_140652.jpg,,,external_test,folder-mapped(paper-T1+visual),CC BY 4.0,0,0,1
central_java,v1,https://data.mendeley.com/datasets/ptz377bwb8/1,2026-09-26,bacteria,,,20230816_140706.jpg,,,external_test,folder-mapped(paper-T1+visual),CC BY 4.0,0,0,1
central_java,v1,https://data.mendeley.com/datasets/ptz377bwb8/1,2026-09-26,bacteria,,,20230816_140718.jpg,,,external_test,folder-mapped(paper-T1+visual),CC BY 4.0,0,0,1
central_java,v1,https://data.mendeley.com/datasets/ptz377bwb8/1,2026-09-26,bacteria,,,20230816_140728.jpg,,,external_test,folder-mapped(paper-T1+visual),CC BY 4.0,0,0,1
central_java,v1,https://data.mendeley.com/datasets/ptz377bwb8/1,2026-09-26,bacteria,,,20230816_140735.jpg,,,external_test,folder-mapped(paper-T1+visual),CC BY 4.0,0,0,1
central_java,v1,https://data.mendeley.com/datasets/ptz377bwb8/1,2026-09-26,bacteria,,,20230816_140750.jpg,,,external_test,folder-mapped(paper-T1+visual),CC BY 4.0,0,0,1
central_java,v1,https://data.mendeley.com/datasets/ptz377bwb8/1,2026-09-26,bacteria,,,20230816_140809.jpg,,,external_test,folder-mapped(paper-T1+visual),CC BY 4.0,0,0,1
central_java,v1,https://data.mendeley.com/datasets/ptz377bwb8/1,2026-09-26,bacteria,,,20230816_140812.jpg,,,external_test,folder-mapped(paper-T1+visual),CC BY 4.0,0,0,1
central_java,v1,https://data.mendeley.com/datasets/ptz377bwb8/1,2026-09-26,bacteria,,,20230816_140813.jpg,,,external_test,folder-mapped(paper-T1+visual),CC BY 4.0,0,0,1
central_java,v1,https://data.mendeley.com/datasets/ptz377bwb8/1,2026-09-26,bacteria,,,20230816_140920.jpg,,,external_test,folder-mapped(paper-T1+visual),CC BY 4.0,0,0,1
central_java,v1,https://data.mendeley.com/datasets/ptz377bwb8/1,2026-09-26,bacteria,,,20230816_140921.jpg,,,external_test,folder-mapped(paper-T1+visual),CC BY 4.0,0,0,1
central_java,v1,https://data.mendeley.com/datasets/ptz377bwb8/1,2026-09-26,bacteria,,,20230816_140922.jpg,,,external_test,folder-mapped(paper-T1+visual),CC BY 4.0,0,0,1
central_java,v1,https://data.mendeley.com/datasets/ptz377bwb8/1,2026-09-26,bacteria,,,20230816_140926.jpg,,,external_test,folder-mapped(paper-T1+visual),CC BY 4.0,0,0,1
central_java,v1,https://data.mendeley.com/datasets/ptz377bwb8/1,2026-09-26,bacteria,,,20230816_140928.jpg,,,external_test,folder-mapped(paper-T1+visual),CC BY 4.0,0,0,1
central_java,v1,https://data.mendeley.com/datasets/ptz377bwb8/1,2026-09-26,bacteria,,,20230816_140934.jpg,,,external_test,folder-mapped(paper-T1+visual),CC BY 4.0,0,0,1
central_java,v1,https://data.mendeley.com/datasets/ptz377bwb8/1,2026-09-26,bacteria,,,20230816_140942.jpg,,,external_test,folder-mapped(paper-T1+visual),CC BY 4.0,0,0,1
central_java,v1,https://data.mendeley.com/datasets/ptz377bwb8/1,2026-09-26,bacteria,,,20230816_140947.jpg,,,external_test,folder-mapped(paper-T1+visual),CC BY 4.0,0,0,1
central_java,v1,https://data.mendeley.com/datasets/ptz377bwb8/1,2026-09-26,bacteria,,,20230816_140949.jpg,,,external_test,folder-mapped(paper-T1+visual),CC BY 4.0,0,0,1
central_java,v1,https://data.mendeley.com/datasets/ptz377bwb8/1,2026-09-26,bacteria,,,20230816_140956.jpg,,,external_test,folder-mapped(paper-T1+visual),CC BY 4.0,0,0,1
central_java,v1,https://data.mendeley.com/datasets/ptz377bwb8/1,2026-09-26,bacteria,,,20230816_141007.jpg,,,external_test,folder-mapped(paper-T1+visual),CC BY 4.0,0,0,1
central_java,v1,https://data.mendeley.com/datasets/ptz377bwb8/1,2026-09-26,bacteria,,,20230816_141014.jpg,,,external_test,folder-mapped(paper-T1+visual),CC BY 4.0,0,0,1
central_java,v1,https://data.mendeley.com/datasets/ptz377bwb8/1,2026-09-26,bacteria,,,20230816_141016.jpg,,,external_test,folder-mapped(paper-T1+visual),CC BY 4.0,0,0,1
central_java,v1,https://data.mendeley.com/datasets/ptz377bwb8/1,2026-09-26,bacteria,,,20230816_141026.jpg,,,external_test,folder-mapped(paper-T1+visual),CC BY 4.0,0,0,1
central_java,v1,https://data.mendeley.com/datasets/ptz377bwb8/1,2026-09-26,bacteria,,,20230816_141036.jpg,,,external_test,folder-mapped(paper-T1+visual),CC BY 4.0,0,0,1
central_java,v1,https://data.mendeley.com/datasets/ptz377bwb8/1,2026-09-26,bacteria,,,20230816_141038.jpg,,,external_test,folder-mapped(paper-T1+visual),CC BY 4.0,0,0,1
central_java,v1,https://data.mendeley.com/datasets/ptz377bwb8/1,2026-09-26,bacteria,,,20230816_141039.jpg,,,external_test,folder-mapped(paper-T1+visual),CC BY 4.0,0,0,1
central_java,v1,https://data.mendeley.com/datasets/ptz377bwb8/1,2026-09-26,bacteria,,,20230816_141040.jpg,,,external_test,folder-mapped(paper-T1+visual),CC BY 4.0,0,0,1
central_java,v1,https://data.mendeley.com/datasets/ptz377bwb8/1,2026-09-26,bacteria,,,20230816_141042.jpg,,,external_test,folder-mapped(paper-T1+visual),CC BY 4.0,0,0,1
central_java,v1,https://data.mendeley.com/datasets/ptz377bwb8/1,2026-09-26,bacteria,,,20230816_141044.jpg,,,external_test,folder-mapped(paper-T1+visual),CC BY 4.0,0,0,1
central_java,v1,https://data.mendeley.com/datasets/ptz377bwb8/1,2026-09-26,bacteria,,,20230816_141106.jpg,,,external_test,folder-mapped(paper-T1+visual),CC BY 4.0,0,0,1
central_java,v1,https://data.mendeley.com/datasets/ptz377bwb8/1,2026-09-26,bacteria,,,20230816_141155.jpg,,,external_test,folder-mapped(paper-T1+visual),CC BY 4.0,0,0,1
central_java,v1,https://data.mendeley.com/datasets/ptz377bwb8/1,2026-09-26,bacteria,,,20230816_141202.jpg,,,external_test,folder-mapped(paper-T1+visual),CC BY 4.0,0,0,1
central_java,v1,https://data.mendeley.com/datasets/ptz377bwb8/1,2026-09-26,bacteria,,,20230816_141225.jpg,,,external_test,folder-mapped(paper-T1+visual),CC BY 4.0,0,0,1
central_java,v1,https://data.mendeley.com/datasets/ptz377bwb8/1,2026-09-26,bacteria,,,20230816_141228.jpg,,,external_test,folder-mapped(paper-T1+visual),CC BY 4.0,0,0,1
central_java,v1,https://data.mendeley.com/datasets/ptz377bwb8/1,2026-09-26,bacteria,,,20230816_141230.jpg,,,external_test,folder-mapped(paper-T1+visual),CC BY 4.0,0,0,1
central_java,v1,https://data.mendeley.com/datasets/ptz377bwb8/1,2026-09-26,bacteria,,,20230816_141232.jpg,,,external_test,folder-mapped(paper-T1+visual),CC BY 4.0,0,0,1
central_java,v1,https://data.mendeley.com/datasets/ptz377bwb8/1,2026-09-26,bacteria,,,20230816_141244.jpg,,,external_test,folder-mapped(paper-T1+visual),CC BY 4.0,0,0,1
central_java,v1,https://data.mendeley.com/datasets/ptz377bwb8/1,2026-09-26,bacteria,,,20230816_141359.jpg,,,external_test,folder-mapped(paper-T1+visual),CC BY 4.0,0,0,1
central_java,v1,https://data.mendeley.com/datasets/ptz377bwb8/1,2026-09-26,bacteria,,,20230816_141402.jpg,,,external_test,folder-mapped(paper-T1+visual),CC BY 4.0,0,0,1
central_java,v1,https://data.mendeley.com/datasets/ptz377bwb8/1,2026-09-26,bacteria,,,20230816_141404.jpg,,,external_test,folder-mapped(paper-T1+visual),CC BY 4.0,0,0,1
central_java,v1,https://data.mendeley.com/datasets/ptz377bwb8/1,2026-09-26,bacteria,,,20230816_141411.jpg,,,external_test,folder-mapped(paper-T1+visual),CC BY 4.0,0,0,1
central_java,v1,https://data.mendeley.com/datasets/ptz377bwb8/1,2026-09-26,bacteria,,,20230816_141423.jpg,,,external_test,folder-mapped(paper-T1+visual),CC BY 4.0,0,0,1
central_java,v1,https://data.mendeley.com/datasets/ptz377bwb8/1,2026-09-26,bacteria,,,20230816_141425.jpg,,,external_test,folder-mapped(paper-T1+visual),CC BY 4.0,0,0,1
central_java,v1,https://data.mendeley.com/datasets/ptz377bwb8/1,2026-09-26,bacteria,,,20230816_141446.jpg,,,external_test,folder-mapped(paper-T1+visual),CC BY 4.0,0,0,1
central_java,v1,https://data.mendeley.com/datasets/ptz377bwb8/1,2026-09-26,bacteria,,,20230816_141448.jpg,,,external_test,folder-mapped(paper-T1+visual),CC BY 4.0,0,0,1
central_java,v1,https://data.mendeley.com/datasets/ptz377bwb8/1,2026-09-26,bacteria,,,20230816_141459.jpg,,,external_test,folder-mapped(paper-T1+visual),CC BY 4.0,0,0,1
central_java,v1,https://data.mendeley.com/datasets/ptz377bwb8/1,2026-09-26,bacteria,,,20230816_141504.jpg,,,external_test,folder-mapped(paper-T1+visual),CC BY 4.0,0,0,1
central_java,v1,https://data.mendeley.com/datasets/ptz377bwb8/1,2026-09-26,bacteria,,,20230816_141507.jpg,,,external_test,folder-mapped(paper-T1+visual),CC BY 4.0,0,0,1
central_java,v1,https://data.mendeley.com/datasets/ptz377bwb8/1,2026-09-26,bacteria,,,20230816_141511.jpg,,,external_test,folder-mapped(paper-T1+visual),CC BY 4.0,0,0,1
central_java,v1,https://data.mendeley.com/datasets/ptz377bwb8/1,2026-09-26,bacteria,,,20230816_141517.jpg,,,external_test,folder-mapped(paper-T1+visual),CC BY 4.0,0,0,1
central_java,v1,https://data.mendeley.com/datasets/ptz377bwb8/1,2026-09-26,bacteria,,,20230816_141521.jpg,,,external_test,folder-mapped(paper-T1+visual),CC BY 4.0,0,0,1
central_java,v1,https://data.mendeley.com/datasets/ptz377bwb8/1,2026-09-26,bacteria,,,20230816_141526.jpg,,,external_test,folder-mapped(paper-T1+visual),CC BY 4.0,0,0,1
central_java,v1,https://data.mendeley.com/datasets/ptz377bwb8/1,2026-09-26,bacteria,,,20230816_141603.jpg,,,external_test,folder-mapped(paper-T1+visual),CC BY 4.0,0,0,1
central_java,v1,https://data.mendeley.com/datasets/ptz377bwb8/1,2026-09-26,bacteria,,,20230816_141617.jpg,,,external_test,folder-mapped(paper-T1+visual),CC BY 4.0,0,0,1
central_java,v1,https://data.mendeley.com/datasets/ptz377bwb8/1,2026-09-26,bacteria,,,20230816_141632.jpg,,,external_test,folder-mapped(paper-T1+visual),CC BY 4.0,0,0,1
central_java,v1,https://data.mendeley.com/datasets/ptz377bwb8/1,2026-09-26,bacteria,,,20230816_141752.jpg,,,external_test,folder-mapped(paper-T1+visual),CC BY 4.0,0,0,1
central_java,v1,https://data.mendeley.com/datasets/ptz377bwb8/1,2026-09-26,bacteria,,,20230816_141831.jpg,,,external_test,folder-mapped(paper-T1+visual),CC BY 4.0,0,0,1
central_java,v1,https://data.mendeley.com/datasets/ptz377bwb8/1,2026-09-26,bacteria,,,20230816_141854.jpg,,,external_test,folder-mapped(paper-T1+visual),CC BY 4.0,0,0,1
central_java,v1,https://data.mendeley.com/datasets/ptz377bwb8/1,2026-09-26,bacteria,,,20230816_141904.jpg,,,external_test,folder-mapped(paper-T1+visual),CC BY 4.0,0,0,1
central_java,v1,https://data.mendeley.com/datasets/ptz377bwb8/1,2026-09-26,bacteria,,,20230816_142011.jpg,,,external_test,folder-mapped(paper-T1+visual),CC BY 4.0,0,0,1
central_java,v1,https://data.mendeley.com/datasets/ptz377bwb8/1,2026-09-26,bacteria,,,20230816_142015.jpg,,,external_test,folder-mapped(paper-T1+visual),CC BY 4.0,0,0,1
central_java,v1,https://data.mendeley.com/datasets/ptz377bwb8/1,2026-09-26,bacteria,,,20230816_142020.jpg,,,external_test,folder-mapped(paper-T1+visual),CC BY 4.0,0,0,1
central_java,v1,https://data.mendeley.com/datasets/ptz377bwb8/1,2026-09-26,bacteria,,,20230816_142031.jpg,,,external_test,folder-mapped(paper-T1+visual),CC BY 4.0,0,0,1
central_java,v1,https://data.mendeley.com/datasets/ptz377bwb8/1,2026-09-26,bacteria,,,20230816_142045.jpg,,,external_test,folder-mapped(paper-T1+visual),CC BY 4.0,0,0,1
central_java,v1,https://data.mendeley.com/datasets/ptz377bwb8/1,2026-09-26,bacteria,,,20230816_142053.jpg,,,external_test,folder-mapped(paper-T1+visual),CC BY 4.0,0,0,1
central_java,v1,https://data.mendeley.com/datasets/ptz377bwb8/1,2026-09-26,bacteria,,,20230816_142101.jpg,,,external_test,folder-mapped(paper-T1+visual),CC BY 4.0,0,0,1
central_java,v1,https://data.mendeley.com/datasets/ptz377bwb8/1,2026-09-26,bacteria,,,20230816_142135.jpg,,,external_test,folder-mapped(paper-T1+visual),CC BY 4.0,0,0,1
central_java,v1,https://data.mendeley.com/datasets/ptz377bwb8/1,2026-09-26,bacteria,,,20230816_142201.jpg,,,external_test,folder-mapped(paper-T1+visual),CC BY 4.0,0,0,1
central_java,v1,https://data.mendeley.com/datasets/ptz377bwb8/1,2026-09-26,bacteria,,,20230816_142204.jpg,,,external_test,folder-mapped(paper-T1+visual),CC BY 4.0,0,0,1
central_java,v1,https://data.mendeley.com/datasets/ptz377bwb8/1,2026-09-26,bacteria,,,20230816_142227.jpg,,,external_test,folder-mapped(paper-T1+visual),CC BY 4.0,0,0,1
central_java,v1,https://data.mendeley.com/datasets/ptz377bwb8/1,2026-09-26,bacteria,,,20230816_142244.jpg,,,external_test,folder-mapped(paper-T1+visual),CC BY 4.0,0,0,1
central_java,v1,https://data.mendeley.com/datasets/ptz377bwb8/1,2026-09-26,bacteria,,,20230816_142250.jpg,,,external_test,folder-mapped(paper-T1+visual),CC BY 4.0,0,0,1
central_java,v1,https://data.mendeley.com/datasets/ptz377bwb8/1,2026-09-26,bacteria,,,20230816_142259.jpg,,,external_test,folder-mapped(paper-T1+visual),CC BY 4.0,0,0,1
central_java,v1,https://data.mendeley.com/datasets/ptz377bwb8/1,2026-09-26,bacteria,,,20230816_142303.jpg,,,external_test,folder-mapped(paper-T1+visual),CC BY 4.0,0,0,1
central_java,v1,https://data.mendeley.com/datasets/ptz377bwb8/1,2026-09-26,bacteria,,,20230816_142310.jpg,,,external_test,folder-mapped(paper-T1+visual),CC BY 4.0,0,0,1
central_java,v1,https://data.mendeley.com/datasets/ptz377bwb8/1,2026-09-26,bacteria,,,20230816_142329.jpg,,,external_test,folder-mapped(paper-T1+visual),CC BY 4.0,0,0,1
central_java,v1,https://data.mendeley.com/datasets/ptz377bwb8/1,2026-09-26,bacteria,,,20230816_142332.jpg,,,external_test,folder-mapped(paper-T1+visual),CC BY 4.0,0,0,1
central_java,v1,https://data.mendeley.com/datasets/ptz377bwb8/1,2026-09-26,bacteria,,,20230816_142343.jpg,,,external_test,folder-mapped(paper-T1+visual),CC BY 4.0,0,0,1
central_java,v1,https://data.mendeley.com/datasets/ptz377bwb8/1,2026-09-26,bacteria,,,20230816_142345.jpg,,,external_test,folder-mapped(paper-T1+visual),CC BY 4.0,0,0,1
central_java,v1,https://data.mendeley.com/datasets/ptz377bwb8/1,2026-09-26,bacteria,,,20230816_142351.jpg,,,external_test,folder-mapped(paper-T1+visual),CC BY 4.0,0,0,1
central_java,v1,https://data.mendeley.com/datasets/ptz377bwb8/1,2026-09-26,bacteria,,,20230816_142356.jpg,,,external_test,folder-mapped(paper-T1+visual),CC BY 4.0,0,0,1
central_java,v1,https://data.mendeley.com/datasets/ptz377bwb8/1,2026-09-26,bacteria,,,20230816_142401.jpg,,,external_test,folder-mapped(paper-T1+visual),CC BY 4.0,0,0,1
central_java,v1,https://data.mendeley.com/datasets/ptz377bwb8/1,2026-09-26,bacteria,,,20230816_142405.jpg,,,external_test,folder-mapped(paper-T1+visual),CC BY 4.0,0,0,1
central_java,v1,https://data.mendeley.com/datasets/ptz377bwb8/1,2026-09-26,bacteria,,,20230816_142418.jpg,,,external_test,folder-mapped(paper-T1+visual),CC BY 4.0,0,0,1
central_java,v1,https://data.mendeley.com/datasets/ptz377bwb8/1,2026-09-26,bacteria,,,20230816_142434.jpg,,,external_test,folder-mapped(paper-T1+visual),CC BY 4.0,0,0,1
central_java,v1,https://data.mendeley.com/datasets/ptz377bwb8/1,2026-09-26,bacteria,,,20230816_142440.jpg,,,external_test,folder-mapped(paper-T1+visual),CC BY 4.0,0,0,1
central_java,v1,https://data.mendeley.com/datasets/ptz377bwb8/1,2026-09-26,bacteria,,,20230816_142443.jpg,,,external_test,folder-mapped(paper-T1+visual),CC BY 4.0,0,0,1
central_java,v1,https://data.mendeley.com/datasets/ptz377bwb8/1,2026-09-26,bacteria,,,20230816_142449.jpg,,,external_test,folder-mapped(paper-T1+visual),CC BY 4.0,0,0,1
central_java,v1,https://data.mendeley.com/datasets/ptz377bwb8/1,2026-09-26,bacteria,,,20230816_142507.jpg,,,external_test,folder-mapped(paper-T1+visual),CC BY 4.0,0,0,1
central_java,v1,https://data.mendeley.com/datasets/ptz377bwb8/1,2026-09-26,bacteria,,,20230816_142520.jpg,,,external_test,folder-mapped(paper-T1+visual),CC BY 4.0,0,0,1
central_java,v1,https://data.mendeley.com/datasets/ptz377bwb8/1,2026-09-26,bacteria,,,20230816_142536.jpg,,,external_test,folder-mapped(paper-T1+visual),CC BY 4.0,0,0,1
central_java,v1,https://data.mendeley.com/datasets/ptz377bwb8/1,2026-09-26,bacteria,,,20230816_142540.jpg,,,external_test,folder-mapped(paper-T1+visual),CC BY 4.0,0,0,1
central_java,v1,https://data.mendeley.com/datasets/ptz377bwb8/1,2026-09-26,bacteria,,,20230816_142545.jpg,,,external_test,folder-mapped(paper-T1+visual),CC BY 4.0,0,0,1
central_java,v1,https://data.mendeley.com/datasets/ptz377bwb8/1,2026-09-26,bacteria,,,20230816_142552.jpg,,,external_test,folder-mapped(paper-T1+visual),CC BY 4.0,0,0,1
central_java,v1,https://data.mendeley.com/datasets/ptz377bwb8/1,2026-09-26,bacteria,,,20230816_142558.jpg,,,external_test,folder-mapped(paper-T1+visual),CC BY 4.0,0,0,1
central_java,v1,https://data.mendeley.com/datasets/ptz377bwb8/1,2026-09-26,bacteria,,,20230816_142603.jpg,,,external_test,folder-mapped(paper-T1+visual),CC BY 4.0,0,0,1
central_java,v1,https://data.mendeley.com/datasets/ptz377bwb8/1,2026-09-26,bacteria,,,20230816_142605.jpg,,,external_test,folder-mapped(paper-T1+visual),CC BY 4.0,0,0,1
central_java,v1,https://data.mendeley.com/datasets/ptz377bwb8/1,2026-09-26,bacteria,,,20230816_142611.jpg,,,external_test,folder-mapped(paper-T1+visual),CC BY 4.0,0,0,1
central_java,v1,https://data.mendeley.com/datasets/ptz377bwb8/1,2026-09-26,bacteria,,,20230816_142632.jpg,,,external_test,folder-mapped(paper-T1+visual),CC BY 4.0,0,0,1
central_java,v1,https://data.mendeley.com/datasets/ptz377bwb8/1,2026-09-26,bacteria,,,20230816_142635.jpg,,,external_test,folder-mapped(paper-T1+visual),CC BY 4.0,0,0,1
central_java,v1,https://data.mendeley.com/datasets/ptz377bwb8/1,2026-09-26,bacteria,,,20230816_142641.jpg,,,external_test,folder-mapped(paper-T1+visual),CC BY 4.0,0,0,1
central_java,v1,https://data.mendeley.com/datasets/ptz377bwb8/1,2026-09-26,bacteria,,,20230816_142650.jpg,,,external_test,folder-mapped(paper-T1+visual),CC BY 4.0,0,0,1
central_java,v1,https://data.mendeley.com/datasets/ptz377bwb8/1,2026-09-26,bacteria,,,20230816_142653.jpg,,,external_test,folder-mapped(paper-T1+visual),CC BY 4.0,0,0,1
central_java,v1,https://data.mendeley.com/datasets/ptz377bwb8/1,2026-09-26,bacteria,,,20230816_142655.jpg,,,external_test,folder-mapped(paper-T1+visual),CC BY 4.0,0,0,1
central_java,v1,https://data.mendeley.com/datasets/ptz377bwb8/1,2026-09-26,bacteria,,,20230816_142712.jpg,,,external_test,folder-mapped(paper-T1+visual),CC BY 4.0,0,0,1
central_java,v1,https://data.mendeley.com/datasets/ptz377bwb8/1,2026-09-26,bacteria,,,20230816_142718.jpg,,,external_test,folder-mapped(paper-T1+visual),CC BY 4.0,0,0,1
central_java,v1,https://data.mendeley.com/datasets/ptz377bwb8/1,2026-09-26,bacteria,,,20230816_142730.jpg,,,external_test,folder-mapped(paper-T1+visual),CC BY 4.0,0,0,1
central_java,v1,https://data.mendeley.com/datasets/ptz377bwb8/1,2026-09-26,bacteria,,,20230816_142735.jpg,,,external_test,folder-mapped(paper-T1+visual),CC BY 4.0,0,0,1
central_java,v1,https://data.mendeley.com/datasets/ptz377bwb8/1,2026-09-26,bacteria,,,20230816_142738.jpg,,,external_test,folder-mapped(paper-T1+visual),CC BY 4.0,0,0,1
central_java,v1,https://data.mendeley.com/datasets/ptz377bwb8/1,2026-09-26,bacteria,,,20230816_142742.jpg,,,external_test,folder-mapped(paper-T1+visual),CC BY 4.0,0,0,1
central_java,v1,https://data.mendeley.com/datasets/ptz377bwb8/1,2026-09-26,bacteria,,,20230816_142746.jpg,,,external_test,folder-mapped(paper-T1+visual),CC BY 4.0,0,0,1
central_java,v1,https://data.mendeley.com/datasets/ptz377bwb8/1,2026-09-26,bacteria,,,20230816_142749.jpg,,,external_test,folder-mapped(paper-T1+visual),CC BY 4.0,0,0,1
central_java,v1,https://data.mendeley.com/datasets/ptz377bwb8/1,2026-09-26,bacteria,,,20230816_142806.jpg,,,external_test,folder-mapped(paper-T1+visual),CC BY 4.0,0,0,1
central_java,v1,https://data.mendeley.com/datasets/ptz377bwb8/1,2026-09-26,bacteria,,,20230816_142810.jpg,,,external_test,folder-mapped(paper-T1+visual),CC BY 4.0,0,0,1
central_java,v1,https://data.mendeley.com/datasets/ptz377bwb8/1,2026-09-26,bacteria,,,20230816_142820.jpg,,,external_test,folder-mapped(paper-T1+visual),CC BY 4.0,0,0,1
central_java,v1,https://data.mendeley.com/datasets/ptz377bwb8/1,2026-09-26,bacteria,,,20230816_142843.jpg,,,external_test,folder-mapped(paper-T1+visual),CC BY 4.0,0,0,1
central_java,v1,https://data.mendeley.com/datasets/ptz377bwb8/1,2026-09-26,bacteria,,,20230816_143234.jpg,,,external_test,folder-mapped(paper-T1+visual),CC BY 4.0,0,0,1
central_java,v1,https://data.mendeley.com/datasets/ptz377bwb8/1,2026-09-26,bacteria,,,20230816_143305.jpg,,,external_test,folder-mapped(paper-T1+visual),CC BY 4.0,0,0,1
central_java,v1,https://data.mendeley.com/datasets/ptz377bwb8/1,2026-09-26,bacteria,,,20230816_143315.jpg,,,external_test,folder-mapped(paper-T1+visual),CC BY 4.0,0,0,1
central_java,v1,https://data.mendeley.com/datasets/ptz377bwb8/1,2026-09-26,bacteria,,,20230816_143409.jpg,,,external_test,folder-mapped(paper-T1+visual),CC BY 4.0,0,0,1
central_java,v1,https://data.mendeley.com/datasets/ptz377bwb8/1,2026-09-26,bacteria,,,20230816_143416.jpg,,,external_test,folder-mapped(paper-T1+visual),CC BY 4.0,0,0,1
central_java,v1,https://data.mendeley.com/datasets/ptz377bwb8/1,2026-09-26,bacteria,,,IMG_0318.JPG,,,external_test,folder-mapped(paper-T1+visual),CC BY 4.0,0,0,1
central_java,v1,https://data.mendeley.com/datasets/ptz377bwb8/1,2026-09-26,bacteria,,,IMG_0320.JPG,,,external_test,folder-mapped(paper-T1+visual),CC BY 4.0,0,0,1
central_java,v1,https://data.mendeley.com/datasets/ptz377bwb8/1,2026-09-26,bacteria,,,IMG_0321.JPG,,,external_test,folder-mapped(paper-T1+visual),CC BY 4.0,0,0,1
central_java,v1,https://data.mendeley.com/datasets/ptz377bwb8/1,2026-09-26,bacteria,,,IMG_0322.JPG,,,external_test,folder-mapped(paper-T1+visual),CC BY 4.0,0,0,1
central_java,v1,https://data.mendeley.com/datasets/ptz377bwb8/1,2026-09-26,bacteria,,,IMG_0323.JPG,,,external_test,folder-mapped(paper-T1+visual),CC BY 4.0,0,0,1
central_java,v1,https://data.mendeley.com/datasets/ptz377bwb8/1,2026-09-26,bacteria,,,IMG_0324.JPG,,,external_test,folder-mapped(paper-T1+visual),CC BY 4.0,0,0,1
central_java,v1,https://data.mendeley.com/datasets/ptz377bwb8/1,2026-09-26,bacteria,,,IMG_0325.JPG,,,external_test,folder-mapped(paper-T1+visual),CC BY 4.0,0,0,1
central_java,v1,https://data.mendeley.com/datasets/ptz377bwb8/1,2026-09-26,bacteria,,,IMG_0326.JPG,,,external_test,folder-mapped(paper-T1+visual),CC BY 4.0,0,0,1
central_java,v1,https://data.mendeley.com/datasets/ptz377bwb8/1,2026-09-26,bacteria,,,IMG_0327.JPG,,,external_test,folder-mapped(paper-T1+visual),CC BY 4.0,0,0,1
central_java,v1,https://data.mendeley.com/datasets/ptz377bwb8/1,2026-09-26,bacteria,,,IMG_0328.JPG,,,external_test,folder-mapped(paper-T1+visual),CC BY 4.0,0,0,1
central_java,v1,https://data.mendeley.com/datasets/ptz377bwb8/1,2026-09-26,bacteria,,,IMG_0329.JPG,,,external_test,folder-mapped(paper-T1+visual),CC BY 4.0,0,0,1
central_java,v1,https://data.mendeley.com/datasets/ptz377bwb8/1,2026-09-26,bacteria,,,IMG_0330.JPG,,,external_test,folder-mapped(paper-T1+visual),CC BY 4.0,0,0,1
central_java,v1,https://data.mendeley.com/datasets/ptz377bwb8/1,2026-09-26,bacteria,,,IMG_0331.JPG,,,external_test,folder-mapped(paper-T1+visual),CC BY 4.0,0,0,1
central_java,v1,https://data.mendeley.com/datasets/ptz377bwb8/1,2026-09-26,bacteria,,,IMG_0336.JPG,,,external_test,folder-mapped(paper-T1+visual),CC BY 4.0,0,0,1
central_java,v1,https://data.mendeley.com/datasets/ptz377bwb8/1,2026-09-26,bacteria,,,IMG_0348.JPG,,,external_test,folder-mapped(paper-T1+visual),CC BY 4.0,0,0,1
central_java,v1,https://data.mendeley.com/datasets/ptz377bwb8/1,2026-09-26,bacteria,,,IMG_0349.JPG,,,external_test,folder-mapped(paper-T1+visual),CC BY 4.0,0,0,1
central_java,v1,https://data.mendeley.com/datasets/ptz377bwb8/1,2026-09-26,bacteria,,,IMG_0351.JPG,,,external_test,folder-mapped(paper-T1+visual),CC BY 4.0,0,0,1
central_java,v1,https://data.mendeley.com/datasets/ptz377bwb8/1,2026-09-26,bacteria,,,IMG_0352.JPG,,,external_test,folder-mapped(paper-T1+visual),CC BY 4.0,0,0,1
central_java,v1,https://data.mendeley.com/datasets/ptz377bwb8/1,2026-09-26,bacteria,,,IMG_0353.JPG,,,external_test,folder-mapped(paper-T1+visual),CC BY 4.0,0,0,1
central_java,v1,https://data.mendeley.com/datasets/ptz377bwb8/1,2026-09-26,bacteria,,,IMG_0354.JPG,,,external_test,folder-mapped(paper-T1+visual),CC BY 4.0,0,0,1
central_java,v1,https://data.mendeley.com/datasets/ptz377bwb8/1,2026-09-26,bacteria,,,IMG_0355.JPG,,,external_test,folder-mapped(paper-T1+visual),CC BY 4.0,0,0,1
central_java,v1,https://data.mendeley.com/datasets/ptz377bwb8/1,2026-09-26,bacteria,,,IMG_0356.JPG,,,external_test,folder-mapped(paper-T1+visual),CC BY 4.0,0,0,1
central_java,v1,https://data.mendeley.com/datasets/ptz377bwb8/1,2026-09-26,bacteria,,,IMG_0357.JPG,,,external_test,folder-mapped(paper-T1+visual),CC BY 4.0,0,0,1
central_java,v1,https://data.mendeley.com/datasets/ptz377bwb8/1,2026-09-26,bacteria,,,IMG_0358.JPG,,,external_test,folder-mapped(paper-T1+visual),CC BY 4.0,0,0,1
central_java,v1,https://data.mendeley.com/datasets/ptz377bwb8/1,2026-09-26,bacteria,,,IMG_0359.JPG,,,external_test,folder-mapped(paper-T1+visual),CC BY 4.0,0,0,1
central_java,v1,https://data.mendeley.com/datasets/ptz377bwb8/1,2026-09-26,bacteria,,,IMG_0360.JPG,,,external_test,folder-mapped(paper-T1+visual),CC BY 4.0,0,0,1
central_java,v1,https://data.mendeley.com/datasets/ptz377bwb8/1,2026-09-26,bacteria,,,IMG_0361.JPG,,,external_test,folder-mapped(paper-T1+visual),CC BY 4.0,0,0,1
central_java,v1,https://data.mendeley.com/datasets/ptz377bwb8/1,2026-09-26,bacteria,,,IMG_0362.JPG,,,external_test,folder-mapped(paper-T1+visual),CC BY 4.0,0,0,1
central_java,v1,https://data.mendeley.com/datasets/ptz377bwb8/1,2026-09-26,bacteria,,,IMG_0363.JPG,,,external_test,folder-mapped(paper-T1+visual),CC BY 4.0,0,0,1
central_java,v1,https://data.mendeley.com/datasets/ptz377bwb8/1,2026-09-26,bacteria,,,IMG_0364.JPG,,,external_test,folder-mapped(paper-T1+visual),CC BY 4.0,0,0,1
central_java,v1,https://data.mendeley.com/datasets/ptz377bwb8/1,2026-09-26,bacteria,,,IMG_0365.JPG,,,external_test,folder-mapped(paper-T1+visual),CC BY 4.0,0,0,1
central_java,v1,https://data.mendeley.com/datasets/ptz377bwb8/1,2026-09-26,bacteria,,,IMG_0366.JPG,,,external_test,folder-mapped(paper-T1+visual),CC BY 4.0,0,0,1
central_java,v1,https://data.mendeley.com/datasets/ptz377bwb8/1,2026-09-26,bacteria,,,IMG_0367.JPG,,,external_test,folder-mapped(paper-T1+visual),CC BY 4.0,0,0,1
central_java,v1,https://data.mendeley.com/datasets/ptz377bwb8/1,2026-09-26,bacteria,,,IMG_0368.JPG,,,external_test,folder-mapped(paper-T1+visual),CC BY 4.0,0,0,1
central_java,v1,https://data.mendeley.com/datasets/ptz377bwb8/1,2026-09-26,bacteria,,,IMG_0369.JPG,,,external_test,folder-mapped(paper-T1+visual),CC BY 4.0,0,0,1
central_java,v1,https://data.mendeley.com/datasets/ptz377bwb8/1,2026-09-26,bacteria,,,IMG_0370.JPG,,,external_test,folder-mapped(paper-T1+visual),CC BY 4.0,0,0,1
central_java,v1,https://data.mendeley.com/datasets/ptz377bwb8/1,2026-09-26,bacteria,,,IMG_0371.JPG,,,external_test,folder-mapped(paper-T1+visual),CC BY 4.0,0,0,1
central_java,v1,https://data.mendeley.com/datasets/ptz377bwb8/1,2026-09-26,bacteria,,,IMG_0372.JPG,,,external_test,folder-mapped(paper-T1+visual),CC BY 4.0,0,0,1
central_java,v1,https://data.mendeley.com/datasets/ptz377bwb8/1,2026-09-26,bacteria,,,IMG_0373.JPG,,,external_test,folder-mapped(paper-T1+visual),CC BY 4.0,0,0,1
central_java,v1,https://data.mendeley.com/datasets/ptz377bwb8/1,2026-09-26,bacteria,,,IMG_0374.JPG,,,external_test,folder-mapped(paper-T1+visual),CC BY 4.0,0,0,1
central_java,v1,https://data.mendeley.com/datasets/ptz377bwb8/1,2026-09-26,bacteria,,,IMG_0729.JPG,,,external_test,folder-mapped(paper-T1+visual),CC BY 4.0,0,0,1
central_java,v1,https://data.mendeley.com/datasets/ptz377bwb8/1,2026-09-26,bacteria,,,IMG_0732.JPG,,,external_test,folder-mapped(paper-T1+visual),CC BY 4.0,0,0,1
central_java,v1,https://data.mendeley.com/datasets/ptz377bwb8/1,2026-09-26,bacteria,,,IMG_0833.JPG,,,external_test,folder-mapped(paper-T1+visual),CC BY 4.0,0,0,1
central_java,v1,https://data.mendeley.com/datasets/ptz377bwb8/1,2026-09-26,bacteria,,,IMG_0834.JPG,,,external_test,folder-mapped(paper-T1+visual),CC BY 4.0,0,0,1
central_java,v1,https://data.mendeley.com/datasets/ptz377bwb8/1,2026-09-26,bacteria,,,IMG_0835.JPG,,,external_test,folder-mapped(paper-T1+visual),CC BY 4.0,0,0,1
central_java,v1,https://data.mendeley.com/datasets/ptz377bwb8/1,2026-09-26,bacteria,,,IMG_0853.JPG,,,external_test,folder-mapped(paper-T1+visual),CC BY 4.0,0,0,1
central_java,v1,https://data.mendeley.com/datasets/ptz377bwb8/1,2026-09-26,bacteria,,,IMG_0874.JPG,,,external_test,folder-mapped(paper-T1+visual),CC BY 4.0,0,0,1
central_java,v1,https://data.mendeley.com/datasets/ptz377bwb8/1,2026-09-26,bacteria,,,IMG_0902.JPG,,,external_test,folder-mapped(paper-T1+visual),CC BY 4.0,0,0,1
central_java,v1,https://data.mendeley.com/datasets/ptz377bwb8/1,2026-09-26,bacteria,,,IMG_0903.JPG,,,external_test,folder-mapped(paper-T1+visual),CC BY 4.0,0,0,1
central_java,v1,https://data.mendeley.com/datasets/ptz377bwb8/1,2026-09-26,bacteria,,,IMG_0904.JPG,,,external_test,folder-mapped(paper-T1+visual),CC BY 4.0,0,0,1
central_java,v1,https://data.mendeley.com/datasets/ptz377bwb8/1,2026-09-26,bacteria,,,IMG_0905.JPG,,,external_test,folder-mapped(paper-T1+visual),CC BY 4.0,0,0,1
central_java,v1,https://data.mendeley.com/datasets/ptz377bwb8/1,2026-09-26,bacteria,,,IMG_0906.JPG,,,external_test,folder-mapped(paper-T1+visual),CC BY 4.0,0,0,1
central_java,v1,https://data.mendeley.com/datasets/ptz377bwb8/1,2026-09-26,bacteria,,,IMG_0907.JPG,,,external_test,folder-mapped(paper-T1+visual),CC BY 4.0,0,0,1
central_java,v1,https://data.mendeley.com/datasets/ptz377bwb8/1,2026-09-26,bacteria,,,IMG_0908.JPG,,,external_test,folder-mapped(paper-T1+visual),CC BY 4.0,0,0,1
central_java,v1,https://data.mendeley.com/datasets/ptz377bwb8/1,2026-09-26,bacteria,,,IMG_0909.JPG,,,external_test,folder-mapped(paper-T1+visual),CC BY 4.0,0,0,1
central_java,v1,https://data.mendeley.com/datasets/ptz377bwb8/1,2026-09-26,bacteria,,,IMG_0910.JPG,,,external_test,folder-mapped(paper-T1+visual),CC BY 4.0,0,0,1
central_java,v1,https://data.mendeley.com/datasets/ptz377bwb8/1,2026-09-26,bacteria,,,IMG_0911.JPG,,,external_test,folder-mapped(paper-T1+visual),CC BY 4.0,0,0,1
central_java,v1,https://data.mendeley.com/datasets/ptz377bwb8/1,2026-09-26,bacteria,,,IMG_0912.JPG,,,external_test,folder-mapped(paper-T1+visual),CC BY 4.0,0,0,1
central_java,v1,https://data.mendeley.com/datasets/ptz377bwb8/1,2026-09-26,bacteria,,,IMG_0913.JPG,,,external_test,folder-mapped(paper-T1+visual),CC BY 4.0,0,0,1
central_java,v1,https://data.mendeley.com/datasets/ptz377bwb8/1,2026-09-26,bacteria,,,IMG_0914.JPG,,,external_test,folder-mapped(paper-T1+visual),CC BY 4.0,0,0,1
central_java,v1,https://data.mendeley.com/datasets/ptz377bwb8/1,2026-09-26,bacteria,,,IMG_0915.JPG,,,external_test,folder-mapped(paper-T1+visual),CC BY 4.0,0,0,1
central_java,v1,https://data.mendeley.com/datasets/ptz377bwb8/1,2026-09-26,bacteria,,,IMG_0916.JPG,,,external_test,folder-mapped(paper-T1+visual),CC BY 4.0,0,0,1
central_java,v1,https://data.mendeley.com/datasets/ptz377bwb8/1,2026-09-26,bacteria,,,IMG_0917.JPG,,,external_test,folder-mapped(paper-T1+visual),CC BY 4.0,0,0,1
central_java,v1,https://data.mendeley.com/datasets/ptz377bwb8/1,2026-09-26,bacteria,,,IMG_0918.JPG,,,external_test,folder-mapped(paper-T1+visual),CC BY 4.0,0,0,1
central_java,v1,https://data.mendeley.com/datasets/ptz377bwb8/1,2026-09-26,bacteria,,,IMG_0919.JPG,,,external_test,folder-mapped(paper-T1+visual),CC BY 4.0,0,0,1
central_java,v1,https://data.mendeley.com/datasets/ptz377bwb8/1,2026-09-26,bacteria,,,IMG_0920.JPG,,,external_test,folder-mapped(paper-T1+visual),CC BY 4.0,0,0,1
central_java,v1,https://data.mendeley.com/datasets/ptz377bwb8/1,2026-09-26,bacteria,,,IMG_0921.JPG,,,external_test,folder-mapped(paper-T1+visual),CC BY 4.0,0,0,1
central_java,v1,https://data.mendeley.com/datasets/ptz377bwb8/1,2026-09-26,bacteria,,,IMG_0922.JPG,,,external_test,folder-mapped(paper-T1+visual),CC BY 4.0,0,0,1
central_java,v1,https://data.mendeley.com/datasets/ptz377bwb8/1,2026-09-26,bacteria,,,IMG_0923.JPG,,,external_test,folder-mapped(paper-T1+visual),CC BY 4.0,0,0,1
central_java,v1,https://data.mendeley.com/datasets/ptz377bwb8/1,2026-09-26,bacteria,,,IMG_0924.JPG,,,external_test,folder-mapped(paper-T1+visual),CC BY 4.0,0,0,1
central_java,v1,https://data.mendeley.com/datasets/ptz377bwb8/1,2026-09-26,bacteria,,,IMG_0941.JPG,,,external_test,folder-mapped(paper-T1+visual),CC BY 4.0,0,0,1
central_java,v1,https://data.mendeley.com/datasets/ptz377bwb8/1,2026-09-26,bacteria,,,IMG_0942.JPG,,,external_test,folder-mapped(paper-T1+visual),CC BY 4.0,0,0,1
central_java,v1,https://data.mendeley.com/datasets/ptz377bwb8/1,2026-09-26,bacteria,,,IMG_0943.JPG,,,external_test,folder-mapped(paper-T1+visual),CC BY 4.0,0,0,1
central_java,v1,https://data.mendeley.com/datasets/ptz377bwb8/1,2026-09-26,bacteria,,,IMG_0944.JPG,,,external_test,folder-mapped(paper-T1+visual),CC BY 4.0,0,0,1
central_java,v1,https://data.mendeley.com/datasets/ptz377bwb8/1,2026-09-26,bacteria,,,IMG_0945.JPG,,,external_test,folder-mapped(paper-T1+visual),CC BY 4.0,0,0,1
central_java,v1,https://data.mendeley.com/datasets/ptz377bwb8/1,2026-09-26,bacteria,,,IMG_0946.JPG,,,external_test,folder-mapped(paper-T1+visual),CC BY 4.0,0,0,1
central_java,v1,https://data.mendeley.com/datasets/ptz377bwb8/1,2026-09-26,bacteria,,,IMG_0948.JPG,,,external_test,folder-mapped(paper-T1+visual),CC BY 4.0,0,0,1
central_java,v1,https://data.mendeley.com/datasets/ptz377bwb8/1,2026-09-26,bacteria,,,IMG_0949.JPG,,,external_test,folder-mapped(paper-T1+visual),CC BY 4.0,0,0,1
central_java,v1,https://data.mendeley.com/datasets/ptz377bwb8/1,2026-09-26,bacteria,,,IMG_0950.JPG,,,external_test,folder-mapped(paper-T1+visual),CC BY 4.0,0,0,1
central_java,v1,https://data.mendeley.com/datasets/ptz377bwb8/1,2026-09-26,bacteria,,,IMG_0951.JPG,,,external_test,folder-mapped(paper-T1+visual),CC BY 4.0,0,0,1
central_java,v1,https://data.mendeley.com/datasets/ptz377bwb8/1,2026-09-26,bacteria,,,IMG_1002.JPG,,,external_test,folder-mapped(paper-T1+visual),CC BY 4.0,0,0,1
central_java,v1,https://data.mendeley.com/datasets/ptz377bwb8/1,2026-09-26,bacteria,,,IMG_1006.JPG,,,external_test,folder-mapped(paper-T1+visual),CC BY 4.0,0,0,1
central_java,v1,https://data.mendeley.com/datasets/ptz377bwb8/1,2026-09-26,bacteria,,,IMG_1007.JPG,,,external_test,folder-mapped(paper-T1+visual),CC BY 4.0,0,0,1
central_java,v1,https://data.mendeley.com/datasets/ptz377bwb8/1,2026-09-26,bacteria,,,IMG_1008.JPG,,,external_test,folder-mapped(paper-T1+visual),CC BY 4.0,0,0,1
central_java,v1,https://data.mendeley.com/datasets/ptz377bwb8/1,2026-09-26,bacteria,,,IMG_1009.JPG,,,external_test,folder-mapped(paper-T1+visual),CC BY 4.0,0,0,1
central_java,v1,https://data.mendeley.com/datasets/ptz377bwb8/1,2026-09-26,bacteria,,,IMG_1011.JPG,,,external_test,folder-mapped(paper-T1+visual),CC BY 4.0,0,0,1
central_java,v1,https://data.mendeley.com/datasets/ptz377bwb8/1,2026-09-26,bacteria,,,IMG_1012.JPG,,,external_test,folder-mapped(paper-T1+visual),CC BY 4.0,0,0,1
central_java,v1,https://data.mendeley.com/datasets/ptz377bwb8/1,2026-09-26,bacteria,,,IMG_1014.JPG,,,external_test,folder-mapped(paper-T1+visual),CC BY 4.0,0,0,1
central_java,v1,https://data.mendeley.com/datasets/ptz377bwb8/1,2026-09-26,bacteria,,,IMG_1022.JPG,,,external_test,folder-mapped(paper-T1+visual),CC BY 4.0,0,0,1
central_java,v1,https://data.mendeley.com/datasets/ptz377bwb8/1,2026-09-26,bacteria,,,IMG_1023.JPG,,,external_test,folder-mapped(paper-T1+visual),CC BY 4.0,0,0,1
central_java,v1,https://data.mendeley.com/datasets/ptz377bwb8/1,2026-09-26,bacteria,,,IMG_1024.JPG,,,external_test,folder-mapped(paper-T1+visual),CC BY 4.0,0,0,1
central_java,v1,https://data.mendeley.com/datasets/ptz377bwb8/1,2026-09-26,bacteria,,,IMG_1026.JPG,,,external_test,folder-mapped(paper-T1+visual),CC BY 4.0,0,0,1
central_java,v1,https://data.mendeley.com/datasets/ptz377bwb8/1,2026-09-26,bacteria,,,IMG_1029.JPG,,,external_test,folder-mapped(paper-T1+visual),CC BY 4.0,0,0,1
central_java,v1,https://data.mendeley.com/datasets/ptz377bwb8/1,2026-09-26,bacteria,,,IMG_1030.JPG,,,external_test,folder-mapped(paper-T1+visual),CC BY 4.0,0,0,1
central_java,v1,https://data.mendeley.com/datasets/ptz377bwb8/1,2026-09-26,bacteria,,,IMG_1031.JPG,,,external_test,folder-mapped(paper-T1+visual),CC BY 4.0,0,0,1
central_java,v1,https://data.mendeley.com/datasets/ptz377bwb8/1,2026-09-26,bacteria,,,IMG_1032.JPG,,,external_test,folder-mapped(paper-T1+visual),CC BY 4.0,0,0,1
central_java,v1,https://data.mendeley.com/datasets/ptz377bwb8/1,2026-09-26,bacteria,,,IMG_1034.JPG,,,external_test,folder-mapped(paper-T1+visual),CC BY 4.0,0,0,1
central_java,v1,https://data.mendeley.com/datasets/ptz377bwb8/1,2026-09-26,bacteria,,,IMG_1035.JPG,,,external_test,folder-mapped(paper-T1+visual),CC BY 4.0,0,0,1
central_java,v1,https://data.mendeley.com/datasets/ptz377bwb8/1,2026-09-26,bacteria,,,IMG_1036.JPG,,,external_test,folder-mapped(paper-T1+visual),CC BY 4.0,0,0,1
central_java,v1,https://data.mendeley.com/datasets/ptz377bwb8/1,2026-09-26,bacteria,,,IMG_1038.JPG,,,external_test,folder-mapped(paper-T1+visual),CC BY 4.0,0,0,1
central_java,v1,https://data.mendeley.com/datasets/ptz377bwb8/1,2026-09-26,bacteria,,,IMG_1039.JPG,,,external_test,folder-mapped(paper-T1+visual),CC BY 4.0,0,0,1
central_java,v1,https://data.mendeley.com/datasets/ptz377bwb8/1,2026-09-26,bacteria,,,IMG_1040.JPG,,,external_test,folder-mapped(paper-T1+visual),CC BY 4.0,0,0,1
central_java,v1,https://data.mendeley.com/datasets/ptz377bwb8/1,2026-09-26,bacteria,,,IMG_1043.JPG,,,external_test,folder-mapped(paper-T1+visual),CC BY 4.0,0,0,1
central_java,v1,https://data.mendeley.com/datasets/ptz377bwb8/1,2026-09-26,bacteria,,,IMG_1068.JPG,,,external_test,folder-mapped(paper-T1+visual),CC BY 4.0,0,0,1
central_java,v1,https://data.mendeley.com/datasets/ptz377bwb8/1,2026-09-26,bacteria,,,IMG_1069.JPG,,,external_test,folder-mapped(paper-T1+visual),CC BY 4.0,0,0,1
central_java,v1,https://data.mendeley.com/datasets/ptz377bwb8/1,2026-09-26,bacteria,,,IMG_1070.JPG,,,external_test,folder-mapped(paper-T1+visual),CC BY 4.0,0,0,1
central_java,v1,https://data.mendeley.com/datasets/ptz377bwb8/1,2026-09-26,bacteria,,,IMG_1077.JPG,,,external_test,folder-mapped(paper-T1+visual),CC BY 4.0,0,0,1
central_java,v1,https://data.mendeley.com/datasets/ptz377bwb8/1,2026-09-26,bacteria,,,IMG_1078.JPG,,,external_test,folder-mapped(paper-T1+visual),CC BY 4.0,0,0,1
central_java,v1,https://data.mendeley.com/datasets/ptz377bwb8/1,2026-09-26,bacteria,,,IMG_1079.JPG,,,external_test,folder-mapped(paper-T1+visual),CC BY 4.0,0,0,1
central_java,v1,https://data.mendeley.com/datasets/ptz377bwb8/1,2026-09-26,bacteria,,,IMG_1080.JPG,,,external_test,folder-mapped(paper-T1+visual),CC BY 4.0,0,0,1
central_java,v1,https://data.mendeley.com/datasets/ptz377bwb8/1,2026-09-26,bacteria,,,IMG_1081.JPG,,,external_test,folder-mapped(paper-T1+visual),CC BY 4.0,0,0,1
central_java,v1,https://data.mendeley.com/datasets/ptz377bwb8/1,2026-09-26,bacteria,,,IMG_1082.JPG,,,external_test,folder-mapped(paper-T1+visual),CC BY 4.0,0,0,1
central_java,v1,https://data.mendeley.com/datasets/ptz377bwb8/1,2026-09-26,bacteria,,,IMG_1083.JPG,,,external_test,folder-mapped(paper-T1+visual),CC BY 4.0,0,0,1
central_java,v1,https://data.mendeley.com/datasets/ptz377bwb8/1,2026-09-26,bacteria,,,IMG_1084.JPG,,,external_test,folder-mapped(paper-T1+visual),CC BY 4.0,0,0,1
central_java,v1,https://data.mendeley.com/datasets/ptz377bwb8/1,2026-09-26,bacteria,,,IMG_1090.JPG,,,external_test,folder-mapped(paper-T1+visual),CC BY 4.0,0,0,1
central_java,v1,https://data.mendeley.com/datasets/ptz377bwb8/1,2026-09-26,bacteria,,,IMG_1091.JPG,,,external_test,folder-mapped(paper-T1+visual),CC BY 4.0,0,0,1
central_java,v1,https://data.mendeley.com/datasets/ptz377bwb8/1,2026-09-26,bacteria,,,IMG_1092.JPG,,,external_test,folder-mapped(paper-T1+visual),CC BY 4.0,0,0,1
central_java,v1,https://data.mendeley.com/datasets/ptz377bwb8/1,2026-09-26,bacteria,,,IMG_1093.JPG,,,external_test,folder-mapped(paper-T1+visual),CC BY 4.0,0,0,1
central_java,v1,https://data.mendeley.com/datasets/ptz377bwb8/1,2026-09-26,bacteria,,,IMG_1099.JPG,,,external_test,folder-mapped(paper-T1+visual),CC BY 4.0,0,0,1
central_java,v1,https://data.mendeley.com/datasets/ptz377bwb8/1,2026-09-26,bacteria,,,IMG_1100.JPG,,,external_test,folder-mapped(paper-T1+visual),CC BY 4.0,0,0,1
central_java,v1,https://data.mendeley.com/datasets/ptz377bwb8/1,2026-09-26,bacteria,,,IMG_1111.JPG,,,external_test,folder-mapped(paper-T1+visual),CC BY 4.0,0,0,1
central_java,v1,https://data.mendeley.com/datasets/ptz377bwb8/1,2026-09-26,bacteria,,,IMG_1112.JPG,,,external_test,folder-mapped(paper-T1+visual),CC BY 4.0,0,0,1
central_java,v1,https://data.mendeley.com/datasets/ptz377bwb8/1,2026-09-26,bacteria,,,IMG_1113.JPG,,,external_test,folder-mapped(paper-T1+visual),CC BY 4.0,0,0,1
central_java,v1,https://data.mendeley.com/datasets/ptz377bwb8/1,2026-09-26,bacteria,,,IMG_1114.JPG,,,external_test,folder-mapped(paper-T1+visual),CC BY 4.0,0,0,1
central_java,v1,https://data.mendeley.com/datasets/ptz377bwb8/1,2026-09-26,bacteria,,,IMG_1115.JPG,,,external_test,folder-mapped(paper-T1+visual),CC BY 4.0,0,0,1
central_java,v1,https://data.mendeley.com/datasets/ptz377bwb8/1,2026-09-26,bacteria,,,IMG_1116.JPG,,,external_test,folder-mapped(paper-T1+visual),CC BY 4.0,0,0,1
central_java,v1,https://data.mendeley.com/datasets/ptz377bwb8/1,2026-09-26,bacteria,,,IMG_1117.JPG,,,external_test,folder-mapped(paper-T1+visual),CC BY 4.0,0,0,1
central_java,v1,https://data.mendeley.com/datasets/ptz377bwb8/1,2026-09-26,bacteria,,,IMG_1118.JPG,,,external_test,folder-mapped(paper-T1+visual),CC BY 4.0,0,0,1
central_java,v1,https://data.mendeley.com/datasets/ptz377bwb8/1,2026-09-26,bacteria,,,IMG_1129.JPG,,,external_test,folder-mapped(paper-T1+visual),CC BY 4.0,0,0,1
central_java,v1,https://data.mendeley.com/datasets/ptz377bwb8/1,2026-09-26,bacteria,,,IMG_1130.JPG,,,external_test,folder-mapped(paper-T1+visual),CC BY 4.0,0,0,1
central_java,v1,https://data.mendeley.com/datasets/ptz377bwb8/1,2026-09-26,bacteria,,,IMG_1131.JPG,,,external_test,folder-mapped(paper-T1+visual),CC BY 4.0,0,0,1
central_java,v1,https://data.mendeley.com/datasets/ptz377bwb8/1,2026-09-26,bacteria,,,IMG_1132.JPG,,,external_test,folder-mapped(paper-T1+visual),CC BY 4.0,0,0,1
central_java,v1,https://data.mendeley.com/datasets/ptz377bwb8/1,2026-09-26,bacteria,,,IMG_1133.JPG,,,external_test,folder-mapped(paper-T1+visual),CC BY 4.0,0,0,1
central_java,v1,https://data.mendeley.com/datasets/ptz377bwb8/1,2026-09-26,bacteria,,,IMG_1134.JPG,,,external_test,folder-mapped(paper-T1+visual),CC BY 4.0,0,0,1
central_java,v1,https://data.mendeley.com/datasets/ptz377bwb8/1,2026-09-26,bacteria,,,IMG_1135.JPG,,,external_test,folder-mapped(paper-T1+visual),CC BY 4.0,0,0,1
central_java,v1,https://data.mendeley.com/datasets/ptz377bwb8/1,2026-09-26,bacteria,,,IMG_1138.JPG,,,external_test,folder-mapped(paper-T1+visual),CC BY 4.0,0,0,1
central_java,v1,https://data.mendeley.com/datasets/ptz377bwb8/1,2026-09-26,bacteria,,,IMG_1140.JPG,,,external_test,folder-mapped(paper-T1+visual),CC BY 4.0,0,0,1
central_java,v1,https://data.mendeley.com/datasets/ptz377bwb8/1,2026-09-26,bacteria,,,IMG_1141.JPG,,,external_test,folder-mapped(paper-T1+visual),CC BY 4.0,0,0,1
central_java,v1,https://data.mendeley.com/datasets/ptz377bwb8/1,2026-09-26,bacteria,,,IMG_1142.JPG,,,external_test,folder-mapped(paper-T1+visual),CC BY 4.0,0,0,1
central_java,v1,https://data.mendeley.com/datasets/ptz377bwb8/1,2026-09-26,bacteria,,,IMG_1150.JPG,,,external_test,folder-mapped(paper-T1+visual),CC BY 4.0,0,0,1
central_java,v1,https://data.mendeley.com/datasets/ptz377bwb8/1,2026-09-26,bacteria,,,IMG_1151.JPG,,,external_test,folder-mapped(paper-T1+visual),CC BY 4.0,0,0,1
central_java,v1,https://data.mendeley.com/datasets/ptz377bwb8/1,2026-09-26,bacteria,,,IMG_1152.JPG,,,external_test,folder-mapped(paper-T1+visual),CC BY 4.0,0,0,1
central_java,v1,https://data.mendeley.com/datasets/ptz377bwb8/1,2026-09-26,bacteria,,,IMG_1153.JPG,,,external_test,folder-mapped(paper-T1+visual),CC BY 4.0,0,0,1
central_java,v1,https://data.mendeley.com/datasets/ptz377bwb8/1,2026-09-26,bacteria,,,IMG_1154.JPG,,,external_test,folder-mapped(paper-T1+visual),CC BY 4.0,0,0,1
central_java,v1,https://data.mendeley.com/datasets/ptz377bwb8/1,2026-09-26,bacteria,,,IMG_1155.JPG,,,external_test,folder-mapped(paper-T1+visual),CC BY 4.0,0,0,1
central_java,v1,https://data.mendeley.com/datasets/ptz377bwb8/1,2026-09-26,bacteria,,,IMG_1156.JPG,,,external_test,folder-mapped(paper-T1+visual),CC BY 4.0,0,0,1
central_java,v1,https://data.mendeley.com/datasets/ptz377bwb8/1,2026-09-26,bacteria,,,IMG_1157.JPG,,,external_test,folder-mapped(paper-T1+visual),CC BY 4.0,0,0,1
central_java,v1,https://data.mendeley.com/datasets/ptz377bwb8/1,2026-09-26,bacteria,,,IMG_1158.JPG,,,external_test,folder-mapped(paper-T1+visual),CC BY 4.0,0,0,1
central_java,v1,https://data.mendeley.com/datasets/ptz377bwb8/1,2026-09-26,bacteria,,,IMG_1159.JPG,,,external_test,folder-mapped(paper-T1+visual),CC BY 4.0,0,0,1
central_java,v1,https://data.mendeley.com/datasets/ptz377bwb8/1,2026-09-26,bacteria,,,IMG_1160.JPG,,,external_test,folder-mapped(paper-T1+visual),CC BY 4.0,0,0,1
central_java,v1,https://data.mendeley.com/datasets/ptz377bwb8/1,2026-09-26,bacteria,,,IMG_1161.JPG,,,external_test,folder-mapped(paper-T1+visual),CC BY 4.0,0,0,1
central_java,v1,https://data.mendeley.com/datasets/ptz377bwb8/1,2026-09-26,bacteria,,,IMG_1162.JPG,,,external_test,folder-mapped(paper-T1+visual),CC BY 4.0,0,0,1
central_java,v1,https://data.mendeley.com/datasets/ptz377bwb8/1,2026-09-26,bacteria,,,IMG_1163.JPG,,,external_test,folder-mapped(paper-T1+visual),CC BY 4.0,0,0,1
central_java,v1,https://data.mendeley.com/datasets/ptz377bwb8/1,2026-09-26,bacteria,,,IMG_1164.JPG,,,external_test,folder-mapped(paper-T1+visual),CC BY 4.0,0,0,1
central_java,v1,https://data.mendeley.com/datasets/ptz377bwb8/1,2026-09-26,bacteria,,,IMG_1165.JPG,,,external_test,folder-mapped(paper-T1+visual),CC BY 4.0,0,0,1
central_java,v1,https://data.mendeley.com/datasets/ptz377bwb8/1,2026-09-26,bacteria,,,IMG_1166.JPG,,,external_test,folder-mapped(paper-T1+visual),CC BY 4.0,0,0,1
central_java,v1,https://data.mendeley.com/datasets/ptz377bwb8/1,2026-09-26,bacteria,,,IMG_1167.JPG,,,external_test,folder-mapped(paper-T1+visual),CC BY 4.0,0,0,1
central_java,v1,https://data.mendeley.com/datasets/ptz377bwb8/1,2026-09-26,bacteria,,,IMG_1168.JPG,,,external_test,folder-mapped(paper-T1+visual),CC BY 4.0,0,0,1
central_java,v1,https://data.mendeley.com/datasets/ptz377bwb8/1,2026-09-26,bacteria,,,IMG_1169.JPG,,,external_test,folder-mapped(paper-T1+visual),CC BY 4.0,0,0,1
central_java,v1,https://data.mendeley.com/datasets/ptz377bwb8/1,2026-09-26,bacteria,,,IMG_1170.JPG,,,external_test,folder-mapped(paper-T1+visual),CC BY 4.0,0,0,1
central_java,v1,https://data.mendeley.com/datasets/ptz377bwb8/1,2026-09-26,bacteria,,,IMG_1171.JPG,,,external_test,folder-mapped(paper-T1+visual),CC BY 4.0,0,0,1
central_java,v1,https://data.mendeley.com/datasets/ptz377bwb8/1,2026-09-26,bacteria,,,IMG_1172.JPG,,,external_test,folder-mapped(paper-T1+visual),CC BY 4.0,0,0,1
central_java,v1,https://data.mendeley.com/datasets/ptz377bwb8/1,2026-09-26,bacteria,,,IMG_1173.JPG,,,external_test,folder-mapped(paper-T1+visual),CC BY 4.0,0,0,1
central_java,v1,https://data.mendeley.com/datasets/ptz377bwb8/1,2026-09-26,bacteria,,,IMG_1174.JPG,,,external_test,folder-mapped(paper-T1+visual),CC BY 4.0,0,0,1
central_java,v1,https://data.mendeley.com/datasets/ptz377bwb8/1,2026-09-26,bacteria,,,IMG_1175.JPG,,,external_test,folder-mapped(paper-T1+visual),CC BY 4.0,0,0,1
central_java,v1,https://data.mendeley.com/datasets/ptz377bwb8/1,2026-09-26,bacteria,,,IMG_1176.JPG,,,external_test,folder-mapped(paper-T1+visual),CC BY 4.0,0,0,1
central_java,v1,https://data.mendeley.com/datasets/ptz377bwb8/1,2026-09-26,bacteria,,,IMG_1177.JPG,,,external_test,folder-mapped(paper-T1+visual),CC BY 4.0,0,0,1
central_java,v1,https://data.mendeley.com/datasets/ptz377bwb8/1,2026-09-26,bacteria,,,IMG_1178.JPG,,,external_test,folder-mapped(paper-T1+visual),CC BY 4.0,0,0,1
central_java,v1,https://data.mendeley.com/datasets/ptz377bwb8/1,2026-09-26,bacteria,,,IMG_1179.JPG,,,external_test,folder-mapped(paper-T1+visual),CC BY 4.0,0,0,1
central_java,v1,https://data.mendeley.com/datasets/ptz377bwb8/1,2026-09-26,bacteria,,,IMG_1180.JPG,,,external_test,folder-mapped(paper-T1+visual),CC BY 4.0,0,0,1
central_java,v1,https://data.mendeley.com/datasets/ptz377bwb8/1,2026-09-26,bacteria,,,IMG_1181.JPG,,,external_test,folder-mapped(paper-T1+visual),CC BY 4.0,0,0,1
central_java,v1,https://data.mendeley.com/datasets/ptz377bwb8/1,2026-09-26,bacteria,,,IMG_1182.JPG,,,external_test,folder-mapped(paper-T1+visual),CC BY 4.0,0,0,1
central_java,v1,https://data.mendeley.com/datasets/ptz377bwb8/1,2026-09-26,bacteria,,,IMG_1183.JPG,,,external_test,folder-mapped(paper-T1+visual),CC BY 4.0,0,0,1
central_java,v1,https://data.mendeley.com/datasets/ptz377bwb8/1,2026-09-26,bacteria,,,IMG_1184.JPG,,,external_test,folder-mapped(paper-T1+visual),CC BY 4.0,0,0,1
central_java,v1,https://data.mendeley.com/datasets/ptz377bwb8/1,2026-09-26,bacteria,,,IMG_1185.JPG,,,external_test,folder-mapped(paper-T1+visual),CC BY 4.0,0,0,1
central_java,v1,https://data.mendeley.com/datasets/ptz377bwb8/1,2026-09-26,bacteria,,,IMG_1186.JPG,,,external_test,folder-mapped(paper-T1+visual),CC BY 4.0,0,0,1
central_java,v1,https://data.mendeley.com/datasets/ptz377bwb8/1,2026-09-26,bacteria,,,IMG_1187.JPG,,,external_test,folder-mapped(paper-T1+visual),CC BY 4.0,0,0,1
central_java,v1,https://data.mendeley.com/datasets/ptz377bwb8/1,2026-09-26,bacteria,,,IMG_1188.JPG,,,external_test,folder-mapped(paper-T1+visual),CC BY 4.0,0,0,1
central_java,v1,https://data.mendeley.com/datasets/ptz377bwb8/1,2026-09-26,bacteria,,,IMG_1189.JPG,,,external_test,folder-mapped(paper-T1+visual),CC BY 4.0,0,0,1
central_java,v1,https://data.mendeley.com/datasets/ptz377bwb8/1,2026-09-26,bacteria,,,IMG_1190.JPG,,,external_test,folder-mapped(paper-T1+visual),CC BY 4.0,0,0,1
central_java,v1,https://data.mendeley.com/datasets/ptz377bwb8/1,2026-09-26,bacteria,,,IMG_1191.JPG,,,external_test,folder-mapped(paper-T1+visual),CC BY 4.0,0,0,1
central_java,v1,https://data.mendeley.com/datasets/ptz377bwb8/1,2026-09-26,bacteria,,,IMG_1192.JPG,,,external_test,folder-mapped(paper-T1+visual),CC BY 4.0,0,0,1
central_java,v1,https://data.mendeley.com/datasets/ptz377bwb8/1,2026-09-26,bacteria,,,IMG_1193.JPG,,,external_test,folder-mapped(paper-T1+visual),CC BY 4.0,0,0,1
central_java,v1,https://data.mendeley.com/datasets/ptz377bwb8/1,2026-09-26,bacteria,,,IMG_1194.JPG,,,external_test,folder-mapped(paper-T1+visual),CC BY 4.0,0,0,1
central_java,v1,https://data.mendeley.com/datasets/ptz377bwb8/1,2026-09-26,bacteria,,,IMG_1195.JPG,,,external_test,folder-mapped(paper-T1+visual),CC BY 4.0,0,0,1
central_java,v1,https://data.mendeley.com/datasets/ptz377bwb8/1,2026-09-26,bacteria,,,IMG_1196.JPG,,,external_test,folder-mapped(paper-T1+visual),CC BY 4.0,0,0,1
central_java,v1,https://data.mendeley.com/datasets/ptz377bwb8/1,2026-09-26,bacteria,,,IMG_1197.JPG,,,external_test,folder-mapped(paper-T1+visual),CC BY 4.0,0,0,1
central_java,v1,https://data.mendeley.com/datasets/ptz377bwb8/1,2026-09-26,bacteria,,,IMG_1198.JPG,,,external_test,folder-mapped(paper-T1+visual),CC BY 4.0,0,0,1
central_java,v1,https://data.mendeley.com/datasets/ptz377bwb8/1,2026-09-26,bacteria,,,IMG_1200.JPG,,,external_test,folder-mapped(paper-T1+visual),CC BY 4.0,0,0,1
central_java,v1,https://data.mendeley.com/datasets/ptz377bwb8/1,2026-09-26,bacteria,,,IMG_1201.JPG,,,external_test,folder-mapped(paper-T1+visual),CC BY 4.0,0,0,1
central_java,v1,https://data.mendeley.com/datasets/ptz377bwb8/1,2026-09-26,bacteria,,,IMG_1202.JPG,,,external_test,folder-mapped(paper-T1+visual),CC BY 4.0,0,0,1
central_java,v1,https://data.mendeley.com/datasets/ptz377bwb8/1,2026-09-26,bacteria,,,IMG_1203.JPG,,,external_test,folder-mapped(paper-T1+visual),CC BY 4.0,0,0,1
central_java,v1,https://data.mendeley.com/datasets/ptz377bwb8/1,2026-09-26,bacteria,,,IMG_1204.JPG,,,external_test,folder-mapped(paper-T1+visual),CC BY 4.0,0,0,1
central_java,v1,https://data.mendeley.com/datasets/ptz377bwb8/1,2026-09-26,bacteria,,,IMG_1205.JPG,,,external_test,folder-mapped(paper-T1+visual),CC BY 4.0,0,0,1
central_java,v1,https://data.mendeley.com/datasets/ptz377bwb8/1,2026-09-26,bacteria,,,IMG_1206.JPG,,,external_test,folder-mapped(paper-T1+visual),CC BY 4.0,0,0,1
central_java,v1,https://data.mendeley.com/datasets/ptz377bwb8/1,2026-09-26,bacteria,,,IMG_1207.JPG,,,external_test,folder-mapped(paper-T1+visual),CC BY 4.0,0,0,1
central_java,v1,https://data.mendeley.com/datasets/ptz377bwb8/1,2026-09-26,bacteria,,,IMG_1209.JPG,,,external_test,folder-mapped(paper-T1+visual),CC BY 4.0,0,0,1
central_java,v1,https://data.mendeley.com/datasets/ptz377bwb8/1,2026-09-26,bacteria,,,IMG_1210.JPG,,,external_test,folder-mapped(paper-T1+visual),CC BY 4.0,0,0,1
central_java,v1,https://data.mendeley.com/datasets/ptz377bwb8/1,2026-09-26,bacteria,,,IMG_1211.JPG,,,external_test,folder-mapped(paper-T1+visual),CC BY 4.0,0,0,1
central_java,v1,https://data.mendeley.com/datasets/ptz377bwb8/1,2026-09-26,bacteria,,,IMG_1212.JPG,,,external_test,folder-mapped(paper-T1+visual),CC BY 4.0,0,0,1
central_java,v1,https://data.mendeley.com/datasets/ptz377bwb8/1,2026-09-26,bacteria,,,IMG_1213.JPG,,,external_test,folder-mapped(paper-T1+visual),CC BY 4.0,0,0,1
central_java,v1,https://data.mendeley.com/datasets/ptz377bwb8/1,2026-09-26,bacteria,,,IMG_1214.JPG,,,external_test,folder-mapped(paper-T1+visual),CC BY 4.0,0,0,1
central_java,v1,https://data.mendeley.com/datasets/ptz377bwb8/1,2026-09-26,bacteria,,,IMG_1215.JPG,,,external_test,folder-mapped(paper-T1+visual),CC BY 4.0,0,0,1
central_java,v1,https://data.mendeley.com/datasets/ptz377bwb8/1,2026-09-26,bacteria,,,IMG_1216.JPG,,,external_test,folder-mapped(paper-T1+visual),CC BY 4.0,0,0,1
central_java,v1,https://data.mendeley.com/datasets/ptz377bwb8/1,2026-09-26,bacteria,,,IMG_1217.JPG,,,external_test,folder-mapped(paper-T1+visual),CC BY 4.0,0,0,1
central_java,v1,https://data.mendeley.com/datasets/ptz377bwb8/1,2026-09-26,bacteria,,,IMG_1218.JPG,,,external_test,folder-mapped(paper-T1+visual),CC BY 4.0,0,0,1
central_java,v1,https://data.mendeley.com/datasets/ptz377bwb8/1,2026-09-26,bacteria,,,IMG_1219.JPG,,,external_test,folder-mapped(paper-T1+visual),CC BY 4.0,0,0,1
central_java,v1,https://data.mendeley.com/datasets/ptz377bwb8/1,2026-09-26,bacteria,,,IMG_1220.JPG,,,external_test,folder-mapped(paper-T1+visual),CC BY 4.0,0,0,1
central_java,v1,https://data.mendeley.com/datasets/ptz377bwb8/1,2026-09-26,bacteria,,,IMG_1221.JPG,,,external_test,folder-mapped(paper-T1+visual),CC BY 4.0,0,0,1
central_java,v1,https://data.mendeley.com/datasets/ptz377bwb8/1,2026-09-26,bacteria,,,IMG_1225.JPG,,,external_test,folder-mapped(paper-T1+visual),CC BY 4.0,0,0,1
central_java,v1,https://data.mendeley.com/datasets/ptz377bwb8/1,2026-09-26,bacteria,,,IMG_1235.JPG,,,external_test,folder-mapped(paper-T1+visual),CC BY 4.0,0,0,1
central_java,v1,https://data.mendeley.com/datasets/ptz377bwb8/1,2026-09-26,bacteria,,,IMG_1236.JPG,,,external_test,folder-mapped(paper-T1+visual),CC BY 4.0,0,0,1
central_java,v1,https://data.mendeley.com/datasets/ptz377bwb8/1,2026-09-26,bacteria,,,IMG_1237.JPG,,,external_test,folder-mapped(paper-T1+visual),CC BY 4.0,0,0,1
central_java,v1,https://data.mendeley.com/datasets/ptz377bwb8/1,2026-09-26,bacteria,,,IMG_1238.JPG,,,external_test,folder-mapped(paper-T1+visual),CC BY 4.0,0,0,1
central_java,v1,https://data.mendeley.com/datasets/ptz377bwb8/1,2026-09-26,bacteria,,,IMG_1239.JPG,,,external_test,folder-mapped(paper-T1+visual),CC BY 4.0,0,0,1
central_java,v1,https://data.mendeley.com/datasets/ptz377bwb8/1,2026-09-26,bacteria,,,IMG_1240.JPG,,,external_test,folder-mapped(paper-T1+visual),CC BY 4.0,0,0,1
central_java,v1,https://data.mendeley.com/datasets/ptz377bwb8/1,2026-09-26,bacteria,,,IMG_1241.JPG,,,external_test,folder-mapped(paper-T1+visual),CC BY 4.0,0,0,1
central_java,v1,https://data.mendeley.com/datasets/ptz377bwb8/1,2026-09-26,bacteria,,,IMG_1242.JPG,,,external_test,folder-mapped(paper-T1+visual),CC BY 4.0,0,0,1
central_java,v1,https://data.mendeley.com/datasets/ptz377bwb8/1,2026-09-26,bacteria,,,IMG_1243.JPG,,,external_test,folder-mapped(paper-T1+visual),CC BY 4.0,0,0,1
central_java,v1,https://data.mendeley.com/datasets/ptz377bwb8/1,2026-09-26,bacteria,,,IMG_1244.JPG,,,external_test,folder-mapped(paper-T1+visual),CC BY 4.0,0,0,1
central_java,v1,https://data.mendeley.com/datasets/ptz377bwb8/1,2026-09-26,bacteria,,,IMG_1245.JPG,,,external_test,folder-mapped(paper-T1+visual),CC BY 4.0,0,0,1
central_java,v1,https://data.mendeley.com/datasets/ptz377bwb8/1,2026-09-26,bacteria,,,IMG_1248.JPG,,,external_test,folder-mapped(paper-T1+visual),CC BY 4.0,0,0,1
central_java,v1,https://data.mendeley.com/datasets/ptz377bwb8/1,2026-09-26,bacteria,,,IMG_1249.JPG,,,external_test,folder-mapped(paper-T1+visual),CC BY 4.0,0,0,1
central_java,v1,https://data.mendeley.com/datasets/ptz377bwb8/1,2026-09-26,bacteria,,,IMG_1250.JPG,,,external_test,folder-mapped(paper-T1+visual),CC BY 4.0,0,0,1
central_java,v1,https://data.mendeley.com/datasets/ptz377bwb8/1,2026-09-26,bacteria,,,IMG_1251.JPG,,,external_test,folder-mapped(paper-T1+visual),CC BY 4.0,0,0,1
central_java,v1,https://data.mendeley.com/datasets/ptz377bwb8/1,2026-09-26,bacteria,,,IMG_1257.JPG,,,external_test,folder-mapped(paper-T1+visual),CC BY 4.0,0,0,1
central_java,v1,https://data.mendeley.com/datasets/ptz377bwb8/1,2026-09-26,bacteria,,,IMG_1258.JPG,,,external_test,folder-mapped(paper-T1+visual),CC BY 4.0,0,0,1
central_java,v1,https://data.mendeley.com/datasets/ptz377bwb8/1,2026-09-26,bacteria,,,IMG_20230815_122824.jpg,,,external_test,folder-mapped(paper-T1+visual),CC BY 4.0,0,0,1
central_java,v1,https://data.mendeley.com/datasets/ptz377bwb8/1,2026-09-26,bacteria,,,IMG_20230816_135014.jpg,,,external_test,folder-mapped(paper-T1+visual),CC BY 4.0,0,0,1
central_java,v1,https://data.mendeley.com/datasets/ptz377bwb8/1,2026-09-26,bacteria,,,IMG_20230816_135956.jpg,,,external_test,folder-mapped(paper-T1+visual),CC BY 4.0,0,0,1
central_java,v1,https://data.mendeley.com/datasets/ptz377bwb8/1,2026-09-26,bacteria,,,IMG_20230816_140002.jpg,,,external_test,folder-mapped(paper-T1+visual),CC BY 4.0,0,0,1
central_java,v1,https://data.mendeley.com/datasets/ptz377bwb8/1,2026-09-26,bacteria,,,IMG_20230816_140239.jpg,,,external_test,folder-mapped(paper-T1+visual),CC BY 4.0,0,0,1
central_java,v1,https://data.mendeley.com/datasets/ptz377bwb8/1,2026-09-26,bacteria,,,IMG_20230816_140246.jpg,,,external_test,folder-mapped(paper-T1+visual),CC BY 4.0,0,0,1
central_java,v1,https://data.mendeley.com/datasets/ptz377bwb8/1,2026-09-26,bacteria,,,IMG_20230816_140258.jpg,,,external_test,folder-mapped(paper-T1+visual),CC BY 4.0,0,0,1
central_java,v1,https://data.mendeley.com/datasets/ptz377bwb8/1,2026-09-26,bacteria,,,IMG_20230816_140302.jpg,,,external_test,folder-mapped(paper-T1+visual),CC BY 4.0,0,0,1
central_java,v1,https://data.mendeley.com/datasets/ptz377bwb8/1,2026-09-26,bacteria,,,IMG_20230816_140620.jpg,,,external_test,folder-mapped(paper-T1+visual),CC BY 4.0,0,0,1
central_java,v1,https://data.mendeley.com/datasets/ptz377bwb8/1,2026-09-26,bacteria,,,IMG_20230816_140753.jpg,,,external_test,folder-mapped(paper-T1+visual),CC BY 4.0,0,0,1
central_java,v1,https://data.mendeley.com/datasets/ptz377bwb8/1,2026-09-26,bacteria,,,IMG_20230816_140950.jpg,,,external_test,folder-mapped(paper-T1+visual),CC BY 4.0,0,0,1
central_java,v1,https://data.mendeley.com/datasets/ptz377bwb8/1,2026-09-26,bacteria,,,IMG_20230816_141556.jpg,,,external_test,folder-mapped(paper-T1+visual),CC BY 4.0,0,0,1
central_java,v1,https://data.mendeley.com/datasets/ptz377bwb8/1,2026-09-26,bacteria,,,IMG_20230816_141750.jpg,,,external_test,folder-mapped(paper-T1+visual),CC BY 4.0,0,0,1
central_java,v1,https://data.mendeley.com/datasets/ptz377bwb8/1,2026-09-26,bacteria,,,IMG_20230816_142811.jpg,,,external_test,folder-mapped(paper-T1+visual),CC BY 4.0,0,0,1
central_java,v1,https://data.mendeley.com/datasets/ptz377bwb8/1,2026-09-26,bacteria,,,IMG_20230816_142918.jpg,,,external_test,folder-mapped(paper-T1+visual),CC BY 4.0,0,0,1
central_java,v1,https://data.mendeley.com/datasets/ptz377bwb8/1,2026-09-26,virus,,,1692335404669.jpg,,,external_test,folder-mapped(paper-T1+visual),CC BY 4.0,0,0,1
central_java,v1,https://data.mendeley.com/datasets/ptz377bwb8/1,2026-09-26,virus,,,1692336758600.jpg,,,external_test,folder-mapped(paper-T1+visual),CC BY 4.0,0,0,1
central_java,v1,https://data.mendeley.com/datasets/ptz377bwb8/1,2026-09-26,virus,,,1692336758660.jpg,,,external_test,folder-mapped(paper-T1+visual),CC BY 4.0,0,0,1
central_java,v1,https://data.mendeley.com/datasets/ptz377bwb8/1,2026-09-26,virus,,,1692336758670.jpg,,,external_test,folder-mapped(paper-T1+visual),CC BY 4.0,0,0,1
central_java,v1,https://data.mendeley.com/datasets/ptz377bwb8/1,2026-09-26,virus,,,1692338053986.jpg,,,external_test,folder-mapped(paper-T1+visual),CC BY 4.0,0,0,1
central_java,v1,https://data.mendeley.com/datasets/ptz377bwb8/1,2026-09-26,virus,,,1692338650296.jpg,,,external_test,folder-mapped(paper-T1+visual),CC BY 4.0,0,0,1
central_java,v1,https://data.mendeley.com/datasets/ptz377bwb8/1,2026-09-26,virus,,,1692338650371.jpg,,,external_test,folder-mapped(paper-T1+visual),CC BY 4.0,0,0,1
central_java,v1,https://data.mendeley.com/datasets/ptz377bwb8/1,2026-09-26,virus,,,20230712_132401.jpg,,,external_test,folder-mapped(paper-T1+visual),CC BY 4.0,0,0,1
central_java,v1,https://data.mendeley.com/datasets/ptz377bwb8/1,2026-09-26,virus,,,20230712_132441.jpg,,,external_test,folder-mapped(paper-T1+visual),CC BY 4.0,0,0,1
central_java,v1,https://data.mendeley.com/datasets/ptz377bwb8/1,2026-09-26,virus,,,20230712_132641.jpg,,,external_test,folder-mapped(paper-T1+visual),CC BY 4.0,0,0,1
central_java,v1,https://data.mendeley.com/datasets/ptz377bwb8/1,2026-09-26,virus,,,20230712_132819.jpg,,,external_test,folder-mapped(paper-T1+visual),CC BY 4.0,0,0,1
central_java,v1,https://data.mendeley.com/datasets/ptz377bwb8/1,2026-09-26,virus,,,20230712_132843.jpg,,,external_test,folder-mapped(paper-T1+visual),CC BY 4.0,0,0,1
central_java,v1,https://data.mendeley.com/datasets/ptz377bwb8/1,2026-09-26,virus,,,20230712_132900.jpg,,,external_test,folder-mapped(paper-T1+visual),CC BY 4.0,0,0,1
central_java,v1,https://data.mendeley.com/datasets/ptz377bwb8/1,2026-09-26,virus,,,20230712_132914.jpg,,,external_test,folder-mapped(paper-T1+visual),CC BY 4.0,0,0,1
central_java,v1,https://data.mendeley.com/datasets/ptz377bwb8/1,2026-09-26,virus,,,20230712_133012.jpg,,,external_test,folder-mapped(paper-T1+visual),CC BY 4.0,0,0,1
central_java,v1,https://data.mendeley.com/datasets/ptz377bwb8/1,2026-09-26,virus,,,20230712_133020.jpg,,,external_test,folder-mapped(paper-T1+visual),CC BY 4.0,0,0,1
central_java,v1,https://data.mendeley.com/datasets/ptz377bwb8/1,2026-09-26,virus,,,20230712_133208.jpg,,,external_test,folder-mapped(paper-T1+visual),CC BY 4.0,0,0,1
central_java,v1,https://data.mendeley.com/datasets/ptz377bwb8/1,2026-09-26,virus,,,20230712_133213.jpg,,,external_test,folder-mapped(paper-T1+visual),CC BY 4.0,0,0,1
central_java,v1,https://data.mendeley.com/datasets/ptz377bwb8/1,2026-09-26,virus,,,20230712_133220.jpg,,,external_test,folder-mapped(paper-T1+visual),CC BY 4.0,0,0,1
central_java,v1,https://data.mendeley.com/datasets/ptz377bwb8/1,2026-09-26,virus,,,20230712_133224.jpg,,,external_test,folder-mapped(paper-T1+visual),CC BY 4.0,0,0,1
central_java,v1,https://data.mendeley.com/datasets/ptz377bwb8/1,2026-09-26,virus,,,20230712_133229.jpg,,,external_test,folder-mapped(paper-T1+visual),CC BY 4.0,0,0,1
central_java,v1,https://data.mendeley.com/datasets/ptz377bwb8/1,2026-09-26,virus,,,20230712_133340.jpg,,,external_test,folder-mapped(paper-T1+visual),CC BY 4.0,0,0,1
central_java,v1,https://data.mendeley.com/datasets/ptz377bwb8/1,2026-09-26,virus,,,20230712_133347.jpg,,,external_test,folder-mapped(paper-T1+visual),CC BY 4.0,0,0,1
central_java,v1,https://data.mendeley.com/datasets/ptz377bwb8/1,2026-09-26,virus,,,20230712_133356.jpg,,,external_test,folder-mapped(paper-T1+visual),CC BY 4.0,0,0,1
central_java,v1,https://data.mendeley.com/datasets/ptz377bwb8/1,2026-09-26,virus,,,20230712_133418.jpg,,,external_test,folder-mapped(paper-T1+visual),CC BY 4.0,0,0,1
central_java,v1,https://data.mendeley.com/datasets/ptz377bwb8/1,2026-09-26,virus,,,20230712_133611.jpg,,,external_test,folder-mapped(paper-T1+visual),CC BY 4.0,0,0,1
central_java,v1,https://data.mendeley.com/datasets/ptz377bwb8/1,2026-09-26,virus,,,20230712_154616.jpg,,,external_test,folder-mapped(paper-T1+visual),CC BY 4.0,0,0,1
central_java,v1,https://data.mendeley.com/datasets/ptz377bwb8/1,2026-09-26,virus,,,20230712_155104.jpg,,,external_test,folder-mapped(paper-T1+visual),CC BY 4.0,0,0,1
central_java,v1,https://data.mendeley.com/datasets/ptz377bwb8/1,2026-09-26,virus,,,20230802_112937392.jpg,,,external_test,folder-mapped(paper-T1+visual),CC BY 4.0,0,0,1
central_java,v1,https://data.mendeley.com/datasets/ptz377bwb8/1,2026-09-26,virus,,,20230802_115606.jpg,,,external_test,folder-mapped(paper-T1+visual),CC BY 4.0,0,0,1
central_java,v1,https://data.mendeley.com/datasets/ptz377bwb8/1,2026-09-26,virus,,,20230802_115610.jpg,,,external_test,folder-mapped(paper-T1+visual),CC BY 4.0,0,0,1
central_java,v1,https://data.mendeley.com/datasets/ptz377bwb8/1,2026-09-26,virus,,,20230802_115616.jpg,,,external_test,folder-mapped(paper-T1+visual),CC BY 4.0,0,0,1
central_java,v1,https://data.mendeley.com/datasets/ptz377bwb8/1,2026-09-26,virus,,,20230802_115620.jpg,,,external_test,folder-mapped(paper-T1+visual),CC BY 4.0,0,0,1
central_java,v1,https://data.mendeley.com/datasets/ptz377bwb8/1,2026-09-26,virus,,,20230802_115626.jpg,,,external_test,folder-mapped(paper-T1+visual),CC BY 4.0,0,0,1
central_java,v1,https://data.mendeley.com/datasets/ptz377bwb8/1,2026-09-26,virus,,,20230802_115629.jpg,,,external_test,folder-mapped(paper-T1+visual),CC BY 4.0,0,0,1
central_java,v1,https://data.mendeley.com/datasets/ptz377bwb8/1,2026-09-26,virus,,,20230802_115635.jpg,,,external_test,folder-mapped(paper-T1+visual),CC BY 4.0,0,0,1
central_java,v1,https://data.mendeley.com/datasets/ptz377bwb8/1,2026-09-26,virus,,,20230802_115644.jpg,,,external_test,folder-mapped(paper-T1+visual),CC BY 4.0,0,0,1
central_java,v1,https://data.mendeley.com/datasets/ptz377bwb8/1,2026-09-26,virus,,,20230802_115738.jpg,,,external_test,folder-mapped(paper-T1+visual),CC BY 4.0,0,0,1
central_java,v1,https://data.mendeley.com/datasets/ptz377bwb8/1,2026-09-26,virus,,,20230802_115927.jpg,,,external_test,folder-mapped(paper-T1+visual),CC BY 4.0,0,0,1
central_java,v1,https://data.mendeley.com/datasets/ptz377bwb8/1,2026-09-26,virus,,,20230802_115956.jpg,,,external_test,folder-mapped(paper-T1+visual),CC BY 4.0,0,0,1
central_java,v1,https://data.mendeley.com/datasets/ptz377bwb8/1,2026-09-26,virus,,,20230802_120000.jpg,,,external_test,folder-mapped(paper-T1+visual),CC BY 4.0,0,0,1
central_java,v1,https://data.mendeley.com/datasets/ptz377bwb8/1,2026-09-26,virus,,,20230802_120041.jpg,,,external_test,folder-mapped(paper-T1+visual),CC BY 4.0,0,0,1
central_java,v1,https://data.mendeley.com/datasets/ptz377bwb8/1,2026-09-26,virus,,,20230802_120044.jpg,,,external_test,folder-mapped(paper-T1+visual),CC BY 4.0,0,0,1
central_java,v1,https://data.mendeley.com/datasets/ptz377bwb8/1,2026-09-26,virus,,,20230802_120054.jpg,,,external_test,folder-mapped(paper-T1+visual),CC BY 4.0,0,0,1
central_java,v1,https://data.mendeley.com/datasets/ptz377bwb8/1,2026-09-26,virus,,,20230802_120657.jpg,,,external_test,folder-mapped(paper-T1+visual),CC BY 4.0,0,0,1
central_java,v1,https://data.mendeley.com/datasets/ptz377bwb8/1,2026-09-26,virus,,,20230802_120700.jpg,,,external_test,folder-mapped(paper-T1+visual),CC BY 4.0,0,0,1
central_java,v1,https://data.mendeley.com/datasets/ptz377bwb8/1,2026-09-26,virus,,,20230802_120703.jpg,,,external_test,folder-mapped(paper-T1+visual),CC BY 4.0,0,0,1
central_java,v1,https://data.mendeley.com/datasets/ptz377bwb8/1,2026-09-26,virus,,,20230802_120710.jpg,,,external_test,folder-mapped(paper-T1+visual),CC BY 4.0,0,0,1
central_java,v1,https://data.mendeley.com/datasets/ptz377bwb8/1,2026-09-26,virus,,,20230802_120716.jpg,,,external_test,folder-mapped(paper-T1+visual),CC BY 4.0,0,0,1
central_java,v1,https://data.mendeley.com/datasets/ptz377bwb8/1,2026-09-26,virus,,,20230802_120719.jpg,,,external_test,folder-mapped(paper-T1+visual),CC BY 4.0,0,0,1
central_java,v1,https://data.mendeley.com/datasets/ptz377bwb8/1,2026-09-26,virus,,,20230802_120721.jpg,,,external_test,folder-mapped(paper-T1+visual),CC BY 4.0,0,0,1
central_java,v1,https://data.mendeley.com/datasets/ptz377bwb8/1,2026-09-26,virus,,,20230802_124113.jpg,,,external_test,folder-mapped(paper-T1+visual),CC BY 4.0,0,0,1
central_java,v1,https://data.mendeley.com/datasets/ptz377bwb8/1,2026-09-26,virus,,,20230802_124122.jpg,,,external_test,folder-mapped(paper-T1+visual),CC BY 4.0,0,0,1
central_java,v1,https://data.mendeley.com/datasets/ptz377bwb8/1,2026-09-26,virus,,,20230802_125836.jpg,,,external_test,folder-mapped(paper-T1+visual),CC BY 4.0,0,0,1
central_java,v1,https://data.mendeley.com/datasets/ptz377bwb8/1,2026-09-26,virus,,,20230802_125850.jpg,,,external_test,folder-mapped(paper-T1+visual),CC BY 4.0,0,0,1
central_java,v1,https://data.mendeley.com/datasets/ptz377bwb8/1,2026-09-26,virus,,,20230802_130014.jpg,,,external_test,folder-mapped(paper-T1+visual),CC BY 4.0,0,0,1
central_java,v1,https://data.mendeley.com/datasets/ptz377bwb8/1,2026-09-26,virus,,,20230815_112356.jpg,,,external_test,folder-mapped(paper-T1+visual),CC BY 4.0,0,0,1
central_java,v1,https://data.mendeley.com/datasets/ptz377bwb8/1,2026-09-26,virus,,,20230815_112402.jpg,,,external_test,folder-mapped(paper-T1+visual),CC BY 4.0,0,0,1
central_java,v1,https://data.mendeley.com/datasets/ptz377bwb8/1,2026-09-26,virus,,,20230815_112410.jpg,,,external_test,folder-mapped(paper-T1+visual),CC BY 4.0,0,0,1
central_java,v1,https://data.mendeley.com/datasets/ptz377bwb8/1,2026-09-26,virus,,,20230815_112423.jpg,,,external_test,folder-mapped(paper-T1+visual),CC BY 4.0,0,0,1
central_java,v1,https://data.mendeley.com/datasets/ptz377bwb8/1,2026-09-26,virus,,,20230815_112427.jpg,,,external_test,folder-mapped(paper-T1+visual),CC BY 4.0,0,0,1
central_java,v1,https://data.mendeley.com/datasets/ptz377bwb8/1,2026-09-26,virus,,,20230815_112515.jpg,,,external_test,folder-mapped(paper-T1+visual),CC BY 4.0,0,0,1
central_java,v1,https://data.mendeley.com/datasets/ptz377bwb8/1,2026-09-26,virus,,,20230815_112519.jpg,,,external_test,folder-mapped(paper-T1+visual),CC BY 4.0,0,0,1
central_java,v1,https://data.mendeley.com/datasets/ptz377bwb8/1,2026-09-26,virus,,,20230815_112555.jpg,,,external_test,folder-mapped(paper-T1+visual),CC BY 4.0,0,0,1
central_java,v1,https://data.mendeley.com/datasets/ptz377bwb8/1,2026-09-26,virus,,,20230815_112557.jpg,,,external_test,folder-mapped(paper-T1+visual),CC BY 4.0,0,0,1
central_java,v1,https://data.mendeley.com/datasets/ptz377bwb8/1,2026-09-26,virus,,,20230815_112600.jpg,,,external_test,folder-mapped(paper-T1+visual),CC BY 4.0,0,0,1
central_java,v1,https://data.mendeley.com/datasets/ptz377bwb8/1,2026-09-26,virus,,,20230815_112606.jpg,,,external_test,folder-mapped(paper-T1+visual),CC BY 4.0,0,0,1
central_java,v1,https://data.mendeley.com/datasets/ptz377bwb8/1,2026-09-26,virus,,,20230815_112609.jpg,,,external_test,folder-mapped(paper-T1+visual),CC BY 4.0,0,0,1
central_java,v1,https://data.mendeley.com/datasets/ptz377bwb8/1,2026-09-26,virus,,,20230815_112614.jpg,,,external_test,folder-mapped(paper-T1+visual),CC BY 4.0,0,0,1
central_java,v1,https://data.mendeley.com/datasets/ptz377bwb8/1,2026-09-26,virus,,,20230815_112620.jpg,,,external_test,folder-mapped(paper-T1+visual),CC BY 4.0,0,0,1
central_java,v1,https://data.mendeley.com/datasets/ptz377bwb8/1,2026-09-26,virus,,,20230815_112631.jpg,,,external_test,folder-mapped(paper-T1+visual),CC BY 4.0,0,0,1
central_java,v1,https://data.mendeley.com/datasets/ptz377bwb8/1,2026-09-26,virus,,,20230815_112639.jpg,,,external_test,folder-mapped(paper-T1+visual),CC BY 4.0,0,0,1
central_java,v1,https://data.mendeley.com/datasets/ptz377bwb8/1,2026-09-26,virus,,,20230815_112644.jpg,,,external_test,folder-mapped(paper-T1+visual),CC BY 4.0,0,0,1
central_java,v1,https://data.mendeley.com/datasets/ptz377bwb8/1,2026-09-26,virus,,,20230815_112652.jpg,,,external_test,folder-mapped(paper-T1+visual),CC BY 4.0,0,0,1
central_java,v1,https://data.mendeley.com/datasets/ptz377bwb8/1,2026-09-26,virus,,,20230815_112658.jpg,,,external_test,folder-mapped(paper-T1+visual),CC BY 4.0,0,0,1
central_java,v1,https://data.mendeley.com/datasets/ptz377bwb8/1,2026-09-26,virus,,,20230815_112745.jpg,,,external_test,folder-mapped(paper-T1+visual),CC BY 4.0,0,0,1
central_java,v1,https://data.mendeley.com/datasets/ptz377bwb8/1,2026-09-26,virus,,,20230815_112748.jpg,,,external_test,folder-mapped(paper-T1+visual),CC BY 4.0,0,0,1
central_java,v1,https://data.mendeley.com/datasets/ptz377bwb8/1,2026-09-26,virus,,,20230815_112801.jpg,,,external_test,folder-mapped(paper-T1+visual),CC BY 4.0,0,0,1
central_java,v1,https://data.mendeley.com/datasets/ptz377bwb8/1,2026-09-26,virus,,,20230815_112817.jpg,,,external_test,folder-mapped(paper-T1+visual),CC BY 4.0,0,0,1
central_java,v1,https://data.mendeley.com/datasets/ptz377bwb8/1,2026-09-26,virus,,,20230815_112931.jpg,,,external_test,folder-mapped(paper-T1+visual),CC BY 4.0,0,0,1
central_java,v1,https://data.mendeley.com/datasets/ptz377bwb8/1,2026-09-26,virus,,,20230815_113102.jpg,,,external_test,folder-mapped(paper-T1+visual),CC BY 4.0,0,0,1
central_java,v1,https://data.mendeley.com/datasets/ptz377bwb8/1,2026-09-26,virus,,,20230815_113110.jpg,,,external_test,folder-mapped(paper-T1+visual),CC BY 4.0,0,0,1
central_java,v1,https://data.mendeley.com/datasets/ptz377bwb8/1,2026-09-26,virus,,,20230815_113612.jpg,,,external_test,folder-mapped(paper-T1+visual),CC BY 4.0,0,0,1
central_java,v1,https://data.mendeley.com/datasets/ptz377bwb8/1,2026-09-26,virus,,,20230815_113616.jpg,,,external_test,folder-mapped(paper-T1+visual),CC BY 4.0,0,0,1
central_java,v1,https://data.mendeley.com/datasets/ptz377bwb8/1,2026-09-26,virus,,,20230815_113706.jpg,,,external_test,folder-mapped(paper-T1+visual),CC BY 4.0,0,0,1
central_java,v1,https://data.mendeley.com/datasets/ptz377bwb8/1,2026-09-26,virus,,,20230815_113714.jpg,,,external_test,folder-mapped(paper-T1+visual),CC BY 4.0,0,0,1
central_java,v1,https://data.mendeley.com/datasets/ptz377bwb8/1,2026-09-26,virus,,,20230815_113727.jpg,,,external_test,folder-mapped(paper-T1+visual),CC BY 4.0,0,0,1
central_java,v1,https://data.mendeley.com/datasets/ptz377bwb8/1,2026-09-26,virus,,,20230815_113731.jpg,,,external_test,folder-mapped(paper-T1+visual),CC BY 4.0,0,0,1
central_java,v1,https://data.mendeley.com/datasets/ptz377bwb8/1,2026-09-26,virus,,,20230815_114137.jpg,,,external_test,folder-mapped(paper-T1+visual),CC BY 4.0,0,0,1
central_java,v1,https://data.mendeley.com/datasets/ptz377bwb8/1,2026-09-26,virus,,,20230815_114141.jpg,,,external_test,folder-mapped(paper-T1+visual),CC BY 4.0,0,0,1
central_java,v1,https://data.mendeley.com/datasets/ptz377bwb8/1,2026-09-26,virus,,,20230815_114213.jpg,,,external_test,folder-mapped(paper-T1+visual),CC BY 4.0,0,0,1
central_java,v1,https://data.mendeley.com/datasets/ptz377bwb8/1,2026-09-26,virus,,,20230815_114235.jpg,,,external_test,folder-mapped(paper-T1+visual),CC BY 4.0,0,0,1
central_java,v1,https://data.mendeley.com/datasets/ptz377bwb8/1,2026-09-26,virus,,,20230815_114241.jpg,,,external_test,folder-mapped(paper-T1+visual),CC BY 4.0,0,0,1
central_java,v1,https://data.mendeley.com/datasets/ptz377bwb8/1,2026-09-26,virus,,,20230815_114243.jpg,,,external_test,folder-mapped(paper-T1+visual),CC BY 4.0,0,0,1
central_java,v1,https://data.mendeley.com/datasets/ptz377bwb8/1,2026-09-26,virus,,,20230815_114247.jpg,,,external_test,folder-mapped(paper-T1+visual),CC BY 4.0,0,0,1
central_java,v1,https://data.mendeley.com/datasets/ptz377bwb8/1,2026-09-26,virus,,,20230815_114254.jpg,,,external_test,folder-mapped(paper-T1+visual),CC BY 4.0,0,0,1
central_java,v1,https://data.mendeley.com/datasets/ptz377bwb8/1,2026-09-26,virus,,,20230815_114328.jpg,,,external_test,folder-mapped(paper-T1+visual),CC BY 4.0,0,0,1
central_java,v1,https://data.mendeley.com/datasets/ptz377bwb8/1,2026-09-26,virus,,,20230815_114339.jpg,,,external_test,folder-mapped(paper-T1+visual),CC BY 4.0,0,0,1
central_java,v1,https://data.mendeley.com/datasets/ptz377bwb8/1,2026-09-26,virus,,,20230815_114425.jpg,,,external_test,folder-mapped(paper-T1+visual),CC BY 4.0,0,0,1
central_java,v1,https://data.mendeley.com/datasets/ptz377bwb8/1,2026-09-26,virus,,,20230815_114456.jpg,,,external_test,folder-mapped(paper-T1+visual),CC BY 4.0,0,0,1
central_java,v1,https://data.mendeley.com/datasets/ptz377bwb8/1,2026-09-26,virus,,,20230815_115129.jpg,,,external_test,folder-mapped(paper-T1+visual),CC BY 4.0,0,0,1
central_java,v1,https://data.mendeley.com/datasets/ptz377bwb8/1,2026-09-26,virus,,,20230815_115132.jpg,,,external_test,folder-mapped(paper-T1+visual),CC BY 4.0,0,0,1
central_java,v1,https://data.mendeley.com/datasets/ptz377bwb8/1,2026-09-26,virus,,,20230815_115312.jpg,,,external_test,folder-mapped(paper-T1+visual),CC BY 4.0,0,0,1
central_java,v1,https://data.mendeley.com/datasets/ptz377bwb8/1,2026-09-26,virus,,,20230815_115800.jpg,,,external_test,folder-mapped(paper-T1+visual),CC BY 4.0,0,0,1
central_java,v1,https://data.mendeley.com/datasets/ptz377bwb8/1,2026-09-26,virus,,,20230815_120100.jpg,,,external_test,folder-mapped(paper-T1+visual),CC BY 4.0,0,0,1
central_java,v1,https://data.mendeley.com/datasets/ptz377bwb8/1,2026-09-26,virus,,,20230815_120324.jpg,,,external_test,folder-mapped(paper-T1+visual),CC BY 4.0,0,0,1
central_java,v1,https://data.mendeley.com/datasets/ptz377bwb8/1,2026-09-26,virus,,,20230815_120339.jpg,,,external_test,folder-mapped(paper-T1+visual),CC BY 4.0,0,0,1
central_java,v1,https://data.mendeley.com/datasets/ptz377bwb8/1,2026-09-26,virus,,,20230815_120345.jpg,,,external_test,folder-mapped(paper-T1+visual),CC BY 4.0,0,0,1
central_java,v1,https://data.mendeley.com/datasets/ptz377bwb8/1,2026-09-26,virus,,,20230815_120534.jpg,,,external_test,folder-mapped(paper-T1+visual),CC BY 4.0,0,0,1
central_java,v1,https://data.mendeley.com/datasets/ptz377bwb8/1,2026-09-26,virus,,,20230815_120537.jpg,,,external_test,folder-mapped(paper-T1+visual),CC BY 4.0,0,0,1
central_java,v1,https://data.mendeley.com/datasets/ptz377bwb8/1,2026-09-26,virus,,,20230815_120540.jpg,,,external_test,folder-mapped(paper-T1+visual),CC BY 4.0,0,0,1
central_java,v1,https://data.mendeley.com/datasets/ptz377bwb8/1,2026-09-26,virus,,,20230815_120547.jpg,,,external_test,folder-mapped(paper-T1+visual),CC BY 4.0,0,0,1
central_java,v1,https://data.mendeley.com/datasets/ptz377bwb8/1,2026-09-26,virus,,,20230815_120551.jpg,,,external_test,folder-mapped(paper-T1+visual),CC BY 4.0,0,0,1
central_java,v1,https://data.mendeley.com/datasets/ptz377bwb8/1,2026-09-26,virus,,,20230815_120616.jpg,,,external_test,folder-mapped(paper-T1+visual),CC BY 4.0,0,0,1
central_java,v1,https://data.mendeley.com/datasets/ptz377bwb8/1,2026-09-26,virus,,,20230815_120713.jpg,,,external_test,folder-mapped(paper-T1+visual),CC BY 4.0,0,0,1
central_java,v1,https://data.mendeley.com/datasets/ptz377bwb8/1,2026-09-26,virus,,,20230815_120750.jpg,,,external_test,folder-mapped(paper-T1+visual),CC BY 4.0,0,0,1
central_java,v1,https://data.mendeley.com/datasets/ptz377bwb8/1,2026-09-26,virus,,,20230815_121209.jpg,,,external_test,folder-mapped(paper-T1+visual),CC BY 4.0,0,0,1
central_java,v1,https://data.mendeley.com/datasets/ptz377bwb8/1,2026-09-26,virus,,,20230815_121336.jpg,,,external_test,folder-mapped(paper-T1+visual),CC BY 4.0,0,0,1
central_java,v1,https://data.mendeley.com/datasets/ptz377bwb8/1,2026-09-26,virus,,,20230815_121340.jpg,,,external_test,folder-mapped(paper-T1+visual),CC BY 4.0,0,0,1
central_java,v1,https://data.mendeley.com/datasets/ptz377bwb8/1,2026-09-26,virus,,,20230815_121347.jpg,,,external_test,folder-mapped(paper-T1+visual),CC BY 4.0,0,0,1
central_java,v1,https://data.mendeley.com/datasets/ptz377bwb8/1,2026-09-26,virus,,,20230815_121818.jpg,,,external_test,folder-mapped(paper-T1+visual),CC BY 4.0,0,0,1
central_java,v1,https://data.mendeley.com/datasets/ptz377bwb8/1,2026-09-26,virus,,,20230815_121830.jpg,,,external_test,folder-mapped(paper-T1+visual),CC BY 4.0,0,0,1
central_java,v1,https://data.mendeley.com/datasets/ptz377bwb8/1,2026-09-26,virus,,,20230815_121837.jpg,,,external_test,folder-mapped(paper-T1+visual),CC BY 4.0,0,0,1
central_java,v1,https://data.mendeley.com/datasets/ptz377bwb8/1,2026-09-26,virus,,,20230815_121930.jpg,,,external_test,folder-mapped(paper-T1+visual),CC BY 4.0,0,0,1
central_java,v1,https://data.mendeley.com/datasets/ptz377bwb8/1,2026-09-26,virus,,,20230815_122007.jpg,,,external_test,folder-mapped(paper-T1+visual),CC BY 4.0,0,0,1
central_java,v1,https://data.mendeley.com/datasets/ptz377bwb8/1,2026-09-26,virus,,,20230815_122031.jpg,,,external_test,folder-mapped(paper-T1+visual),CC BY 4.0,0,0,1
central_java,v1,https://data.mendeley.com/datasets/ptz377bwb8/1,2026-09-26,virus,,,20230815_122405.jpg,,,external_test,folder-mapped(paper-T1+visual),CC BY 4.0,0,0,1
central_java,v1,https://data.mendeley.com/datasets/ptz377bwb8/1,2026-09-26,virus,,,20230815_144859.jpg,,,external_test,folder-mapped(paper-T1+visual),CC BY 4.0,0,0,1
central_java,v1,https://data.mendeley.com/datasets/ptz377bwb8/1,2026-09-26,virus,,,20230815_144912.jpg,,,external_test,folder-mapped(paper-T1+visual),CC BY 4.0,0,0,1
central_java,v1,https://data.mendeley.com/datasets/ptz377bwb8/1,2026-09-26,virus,,,20230815_145044.jpg,,,external_test,folder-mapped(paper-T1+visual),CC BY 4.0,0,0,1
central_java,v1,https://data.mendeley.com/datasets/ptz377bwb8/1,2026-09-26,virus,,,20230815_145053.jpg,,,external_test,folder-mapped(paper-T1+visual),CC BY 4.0,0,0,1
central_java,v1,https://data.mendeley.com/datasets/ptz377bwb8/1,2026-09-26,virus,,,20230815_145058.jpg,,,external_test,folder-mapped(paper-T1+visual),CC BY 4.0,0,0,1
central_java,v1,https://data.mendeley.com/datasets/ptz377bwb8/1,2026-09-26,virus,,,20230815_145104.jpg,,,external_test,folder-mapped(paper-T1+visual),CC BY 4.0,0,0,1
central_java,v1,https://data.mendeley.com/datasets/ptz377bwb8/1,2026-09-26,virus,,,20230815_145626.jpg,,,external_test,folder-mapped(paper-T1+visual),CC BY 4.0,0,0,1
central_java,v1,https://data.mendeley.com/datasets/ptz377bwb8/1,2026-09-26,virus,,,20230815_145643.jpg,,,external_test,folder-mapped(paper-T1+visual),CC BY 4.0,0,0,1
central_java,v1,https://data.mendeley.com/datasets/ptz377bwb8/1,2026-09-26,virus,,,20230815_145647.jpg,,,external_test,folder-mapped(paper-T1+visual),CC BY 4.0,0,0,1
central_java,v1,https://data.mendeley.com/datasets/ptz377bwb8/1,2026-09-26,virus,,,20230815_145815.jpg,,,external_test,folder-mapped(paper-T1+visual),CC BY 4.0,0,0,1
central_java,v1,https://data.mendeley.com/datasets/ptz377bwb8/1,2026-09-26,virus,,,20230815_150341.jpg,,,external_test,folder-mapped(paper-T1+visual),CC BY 4.0,0,0,1
central_java,v1,https://data.mendeley.com/datasets/ptz377bwb8/1,2026-09-26,virus,,,20230815_150431.jpg,,,external_test,folder-mapped(paper-T1+visual),CC BY 4.0,0,0,1
central_java,v1,https://data.mendeley.com/datasets/ptz377bwb8/1,2026-09-26,virus,,,20230815_150441.jpg,,,external_test,folder-mapped(paper-T1+visual),CC BY 4.0,0,0,1
central_java,v1,https://data.mendeley.com/datasets/ptz377bwb8/1,2026-09-26,virus,,,20230815_150450.jpg,,,external_test,folder-mapped(paper-T1+visual),CC BY 4.0,0,0,1
central_java,v1,https://data.mendeley.com/datasets/ptz377bwb8/1,2026-09-26,virus,,,20230815_150456.jpg,,,external_test,folder-mapped(paper-T1+visual),CC BY 4.0,0,0,1
central_java,v1,https://data.mendeley.com/datasets/ptz377bwb8/1,2026-09-26,virus,,,20230815_150500.jpg,,,external_test,folder-mapped(paper-T1+visual),CC BY 4.0,0,0,1
central_java,v1,https://data.mendeley.com/datasets/ptz377bwb8/1,2026-09-26,virus,,,20230815_150510.jpg,,,external_test,folder-mapped(paper-T1+visual),CC BY 4.0,0,0,1
central_java,v1,https://data.mendeley.com/datasets/ptz377bwb8/1,2026-09-26,virus,,,20230815_150516.jpg,,,external_test,folder-mapped(paper-T1+visual),CC BY 4.0,0,0,1
central_java,v1,https://data.mendeley.com/datasets/ptz377bwb8/1,2026-09-26,virus,,,20230815_150520.jpg,,,external_test,folder-mapped(paper-T1+visual),CC BY 4.0,0,0,1
central_java,v1,https://data.mendeley.com/datasets/ptz377bwb8/1,2026-09-26,virus,,,20230815_150527.jpg,,,external_test,folder-mapped(paper-T1+visual),CC BY 4.0,0,0,1
central_java,v1,https://data.mendeley.com/datasets/ptz377bwb8/1,2026-09-26,virus,,,20230815_150534.jpg,,,external_test,folder-mapped(paper-T1+visual),CC BY 4.0,0,0,1
central_java,v1,https://data.mendeley.com/datasets/ptz377bwb8/1,2026-09-26,virus,,,20230815_150540.jpg,,,external_test,folder-mapped(paper-T1+visual),CC BY 4.0,0,0,1
central_java,v1,https://data.mendeley.com/datasets/ptz377bwb8/1,2026-09-26,virus,,,20230815_150557.jpg,,,external_test,folder-mapped(paper-T1+visual),CC BY 4.0,0,0,1
central_java,v1,https://data.mendeley.com/datasets/ptz377bwb8/1,2026-09-26,virus,,,20230815_150626.jpg,,,external_test,folder-mapped(paper-T1+visual),CC BY 4.0,0,0,1
central_java,v1,https://data.mendeley.com/datasets/ptz377bwb8/1,2026-09-26,virus,,,20230815_150640.jpg,,,external_test,folder-mapped(paper-T1+visual),CC BY 4.0,0,0,1
central_java,v1,https://data.mendeley.com/datasets/ptz377bwb8/1,2026-09-26,virus,,,20230815_150647.jpg,,,external_test,folder-mapped(paper-T1+visual),CC BY 4.0,0,0,1
central_java,v1,https://data.mendeley.com/datasets/ptz377bwb8/1,2026-09-26,virus,,,20230815_150657.jpg,,,external_test,folder-mapped(paper-T1+visual),CC BY 4.0,0,0,1
central_java,v1,https://data.mendeley.com/datasets/ptz377bwb8/1,2026-09-26,virus,,,20230815_150700.jpg,,,external_test,folder-mapped(paper-T1+visual),CC BY 4.0,0,0,1
central_java,v1,https://data.mendeley.com/datasets/ptz377bwb8/1,2026-09-26,virus,,,20230815_150702.jpg,,,external_test,folder-mapped(paper-T1+visual),CC BY 4.0,0,0,1
central_java,v1,https://data.mendeley.com/datasets/ptz377bwb8/1,2026-09-26,virus,,,20230815_150846.jpg,,,external_test,folder-mapped(paper-T1+visual),CC BY 4.0,0,0,1
central_java,v1,https://data.mendeley.com/datasets/ptz377bwb8/1,2026-09-26,virus,,,20230815_150906.jpg,,,external_test,folder-mapped(paper-T1+visual),CC BY 4.0,0,0,1
central_java,v1,https://data.mendeley.com/datasets/ptz377bwb8/1,2026-09-26,virus,,,20230815_151048.jpg,,,external_test,folder-mapped(paper-T1+visual),CC BY 4.0,0,0,1
central_java,v1,https://data.mendeley.com/datasets/ptz377bwb8/1,2026-09-26,virus,,,20230815_151137.jpg,,,external_test,folder-mapped(paper-T1+visual),CC BY 4.0,0,0,1
central_java,v1,https://data.mendeley.com/datasets/ptz377bwb8/1,2026-09-26,virus,,,20230815_151144.jpg,,,external_test,folder-mapped(paper-T1+visual),CC BY 4.0,0,0,1
central_java,v1,https://data.mendeley.com/datasets/ptz377bwb8/1,2026-09-26,virus,,,20230815_151212.jpg,,,external_test,folder-mapped(paper-T1+visual),CC BY 4.0,0,0,1
central_java,v1,https://data.mendeley.com/datasets/ptz377bwb8/1,2026-09-26,virus,,,20230815_151214.jpg,,,external_test,folder-mapped(paper-T1+visual),CC BY 4.0,0,0,1
central_java,v1,https://data.mendeley.com/datasets/ptz377bwb8/1,2026-09-26,virus,,,20230815_151217.jpg,,,external_test,folder-mapped(paper-T1+visual),CC BY 4.0,0,0,1
central_java,v1,https://data.mendeley.com/datasets/ptz377bwb8/1,2026-09-26,virus,,,20230815_151254.jpg,,,external_test,folder-mapped(paper-T1+visual),CC BY 4.0,0,0,1
central_java,v1,https://data.mendeley.com/datasets/ptz377bwb8/1,2026-09-26,virus,,,20230815_151332.jpg,,,external_test,folder-mapped(paper-T1+visual),CC BY 4.0,0,0,1
central_java,v1,https://data.mendeley.com/datasets/ptz377bwb8/1,2026-09-26,virus,,,20230815_151340.jpg,,,external_test,folder-mapped(paper-T1+visual),CC BY 4.0,0,0,1
central_java,v1,https://data.mendeley.com/datasets/ptz377bwb8/1,2026-09-26,virus,,,20230815_151344.jpg,,,external_test,folder-mapped(paper-T1+visual),CC BY 4.0,0,0,1
central_java,v1,https://data.mendeley.com/datasets/ptz377bwb8/1,2026-09-26,virus,,,20230815_151538.jpg,,,external_test,folder-mapped(paper-T1+visual),CC BY 4.0,0,0,1
central_java,v1,https://data.mendeley.com/datasets/ptz377bwb8/1,2026-09-26,virus,,,20230815_151633.jpg,,,external_test,folder-mapped(paper-T1+visual),CC BY 4.0,0,0,1
central_java,v1,https://data.mendeley.com/datasets/ptz377bwb8/1,2026-09-26,virus,,,20230815_151639.jpg,,,external_test,folder-mapped(paper-T1+visual),CC BY 4.0,0,0,1
central_java,v1,https://data.mendeley.com/datasets/ptz377bwb8/1,2026-09-26,virus,,,20230815_151643.jpg,,,external_test,folder-mapped(paper-T1+visual),CC BY 4.0,0,0,1
central_java,v1,https://data.mendeley.com/datasets/ptz377bwb8/1,2026-09-26,virus,,,20230815_151656.jpg,,,external_test,folder-mapped(paper-T1+visual),CC BY 4.0,0,0,1
central_java,v1,https://data.mendeley.com/datasets/ptz377bwb8/1,2026-09-26,virus,,,20230815_151718.jpg,,,external_test,folder-mapped(paper-T1+visual),CC BY 4.0,0,0,1
central_java,v1,https://data.mendeley.com/datasets/ptz377bwb8/1,2026-09-26,virus,,,20230815_151720.jpg,,,external_test,folder-mapped(paper-T1+visual),CC BY 4.0,0,0,1
central_java,v1,https://data.mendeley.com/datasets/ptz377bwb8/1,2026-09-26,virus,,,20230815_151722.jpg,,,external_test,folder-mapped(paper-T1+visual),CC BY 4.0,0,0,1
central_java,v1,https://data.mendeley.com/datasets/ptz377bwb8/1,2026-09-26,virus,,,20230815_151731.jpg,,,external_test,folder-mapped(paper-T1+visual),CC BY 4.0,0,0,1
central_java,v1,https://data.mendeley.com/datasets/ptz377bwb8/1,2026-09-26,virus,,,20230815_151747.jpg,,,external_test,folder-mapped(paper-T1+visual),CC BY 4.0,0,0,1
central_java,v1,https://data.mendeley.com/datasets/ptz377bwb8/1,2026-09-26,virus,,,20230815_151758.jpg,,,external_test,folder-mapped(paper-T1+visual),CC BY 4.0,0,0,1
central_java,v1,https://data.mendeley.com/datasets/ptz377bwb8/1,2026-09-26,virus,,,20230815_151836.jpg,,,external_test,folder-mapped(paper-T1+visual),CC BY 4.0,0,0,1
central_java,v1,https://data.mendeley.com/datasets/ptz377bwb8/1,2026-09-26,virus,,,20230815_151846.jpg,,,external_test,folder-mapped(paper-T1+visual),CC BY 4.0,0,0,1
central_java,v1,https://data.mendeley.com/datasets/ptz377bwb8/1,2026-09-26,virus,,,20230815_151944.jpg,,,external_test,folder-mapped(paper-T1+visual),CC BY 4.0,0,0,1
central_java,v1,https://data.mendeley.com/datasets/ptz377bwb8/1,2026-09-26,virus,,,20230815_152839.jpg,,,external_test,folder-mapped(paper-T1+visual),CC BY 4.0,0,0,1
central_java,v1,https://data.mendeley.com/datasets/ptz377bwb8/1,2026-09-26,virus,,,20230815_152846.jpg,,,external_test,folder-mapped(paper-T1+visual),CC BY 4.0,0,0,1
central_java,v1,https://data.mendeley.com/datasets/ptz377bwb8/1,2026-09-26,virus,,,20230815_152853.jpg,,,external_test,folder-mapped(paper-T1+visual),CC BY 4.0,0,0,1
central_java,v1,https://data.mendeley.com/datasets/ptz377bwb8/1,2026-09-26,virus,,,20230815_152953.jpg,,,external_test,folder-mapped(paper-T1+visual),CC BY 4.0,0,0,1
central_java,v1,https://data.mendeley.com/datasets/ptz377bwb8/1,2026-09-26,virus,,,20230815_152957.jpg,,,external_test,folder-mapped(paper-T1+visual),CC BY 4.0,0,0,1
central_java,v1,https://data.mendeley.com/datasets/ptz377bwb8/1,2026-09-26,virus,,,20230815_153220.jpg,,,external_test,folder-mapped(paper-T1+visual),CC BY 4.0,0,0,1
central_java,v1,https://data.mendeley.com/datasets/ptz377bwb8/1,2026-09-26,virus,,,20230815_153230.jpg,,,external_test,folder-mapped(paper-T1+visual),CC BY 4.0,0,0,1
central_java,v1,https://data.mendeley.com/datasets/ptz377bwb8/1,2026-09-26,virus,,,20230815_153232.jpg,,,external_test,folder-mapped(paper-T1+visual),CC BY 4.0,0,0,1
central_java,v1,https://data.mendeley.com/datasets/ptz377bwb8/1,2026-09-26,virus,,,20230815_153826.jpg,,,external_test,folder-mapped(paper-T1+visual),CC BY 4.0,0,0,1
central_java,v1,https://data.mendeley.com/datasets/ptz377bwb8/1,2026-09-26,virus,,,20230815_154031.jpg,,,external_test,folder-mapped(paper-T1+visual),CC BY 4.0,0,0,1
central_java,v1,https://data.mendeley.com/datasets/ptz377bwb8/1,2026-09-26,virus,,,20230815_154044.jpg,,,external_test,folder-mapped(paper-T1+visual),CC BY 4.0,0,0,1
central_java,v1,https://data.mendeley.com/datasets/ptz377bwb8/1,2026-09-26,virus,,,20230815_154324.jpg,,,external_test,folder-mapped(paper-T1+visual),CC BY 4.0,0,0,1
central_java,v1,https://data.mendeley.com/datasets/ptz377bwb8/1,2026-09-26,virus,,,20230816_081932.jpg,,,external_test,folder-mapped(paper-T1+visual),CC BY 4.0,0,0,1
central_java,v1,https://data.mendeley.com/datasets/ptz377bwb8/1,2026-09-26,virus,,,20230816_082040.jpg,,,external_test,folder-mapped(paper-T1+visual),CC BY 4.0,0,0,1
central_java,v1,https://data.mendeley.com/datasets/ptz377bwb8/1,2026-09-26,virus,,,20230816_112938.jpg,,,external_test,folder-mapped(paper-T1+visual),CC BY 4.0,0,0,1
central_java,v1,https://data.mendeley.com/datasets/ptz377bwb8/1,2026-09-26,virus,,,20230816_112941.jpg,,,external_test,folder-mapped(paper-T1+visual),CC BY 4.0,0,0,1
central_java,v1,https://data.mendeley.com/datasets/ptz377bwb8/1,2026-09-26,virus,,,20230816_113005.jpg,,,external_test,folder-mapped(paper-T1+visual),CC BY 4.0,0,0,1
central_java,v1,https://data.mendeley.com/datasets/ptz377bwb8/1,2026-09-26,virus,,,20230816_113008.jpg,,,external_test,folder-mapped(paper-T1+visual),CC BY 4.0,0,0,1
central_java,v1,https://data.mendeley.com/datasets/ptz377bwb8/1,2026-09-26,virus,,,20230816_113014.jpg,,,external_test,folder-mapped(paper-T1+visual),CC BY 4.0,0,0,1
central_java,v1,https://data.mendeley.com/datasets/ptz377bwb8/1,2026-09-26,virus,,,20230816_113018.jpg,,,external_test,folder-mapped(paper-T1+visual),CC BY 4.0,0,0,1
central_java,v1,https://data.mendeley.com/datasets/ptz377bwb8/1,2026-09-26,virus,,,20230816_113022.jpg,,,external_test,folder-mapped(paper-T1+visual),CC BY 4.0,0,0,1
central_java,v1,https://data.mendeley.com/datasets/ptz377bwb8/1,2026-09-26,virus,,,20230816_113030.jpg,,,external_test,folder-mapped(paper-T1+visual),CC BY 4.0,0,0,1
central_java,v1,https://data.mendeley.com/datasets/ptz377bwb8/1,2026-09-26,virus,,,20230816_113034.jpg,,,external_test,folder-mapped(paper-T1+visual),CC BY 4.0,0,0,1
central_java,v1,https://data.mendeley.com/datasets/ptz377bwb8/1,2026-09-26,virus,,,20230816_113041.jpg,,,external_test,folder-mapped(paper-T1+visual),CC BY 4.0,0,0,1
central_java,v1,https://data.mendeley.com/datasets/ptz377bwb8/1,2026-09-26,virus,,,20230816_113204.jpg,,,external_test,folder-mapped(paper-T1+visual),CC BY 4.0,0,0,1
central_java,v1,https://data.mendeley.com/datasets/ptz377bwb8/1,2026-09-26,virus,,,20230816_113206.jpg,,,external_test,folder-mapped(paper-T1+visual),CC BY 4.0,0,0,1
central_java,v1,https://data.mendeley.com/datasets/ptz377bwb8/1,2026-09-26,virus,,,20230816_113207.jpg,,,external_test,folder-mapped(paper-T1+visual),CC BY 4.0,0,0,1
central_java,v1,https://data.mendeley.com/datasets/ptz377bwb8/1,2026-09-26,virus,,,20230816_113416.jpg,,,external_test,folder-mapped(paper-T1+visual),CC BY 4.0,0,0,1
central_java,v1,https://data.mendeley.com/datasets/ptz377bwb8/1,2026-09-26,virus,,,20230816_113607.jpg,,,external_test,folder-mapped(paper-T1+visual),CC BY 4.0,0,0,1
central_java,v1,https://data.mendeley.com/datasets/ptz377bwb8/1,2026-09-26,virus,,,20230816_113724.jpg,,,external_test,folder-mapped(paper-T1+visual),CC BY 4.0,0,0,1
central_java,v1,https://data.mendeley.com/datasets/ptz377bwb8/1,2026-09-26,virus,,,20230816_113726.jpg,,,external_test,folder-mapped(paper-T1+visual),CC BY 4.0,0,0,1
central_java,v1,https://data.mendeley.com/datasets/ptz377bwb8/1,2026-09-26,virus,,,20230816_113830.jpg,,,external_test,folder-mapped(paper-T1+visual),CC BY 4.0,0,0,1
central_java,v1,https://data.mendeley.com/datasets/ptz377bwb8/1,2026-09-26,virus,,,20230816_113837.jpg,,,external_test,folder-mapped(paper-T1+visual),CC BY 4.0,0,0,1
central_java,v1,https://data.mendeley.com/datasets/ptz377bwb8/1,2026-09-26,virus,,,20230816_113912.jpg,,,external_test,folder-mapped(paper-T1+visual),CC BY 4.0,0,0,1
central_java,v1,https://data.mendeley.com/datasets/ptz377bwb8/1,2026-09-26,virus,,,20230816_113924.jpg,,,external_test,folder-mapped(paper-T1+visual),CC BY 4.0,0,0,1
central_java,v1,https://data.mendeley.com/datasets/ptz377bwb8/1,2026-09-26,virus,,,20230816_113928.jpg,,,external_test,folder-mapped(paper-T1+visual),CC BY 4.0,0,0,1
central_java,v1,https://data.mendeley.com/datasets/ptz377bwb8/1,2026-09-26,virus,,,20230816_113942.jpg,,,external_test,folder-mapped(paper-T1+visual),CC BY 4.0,0,0,1
central_java,v1,https://data.mendeley.com/datasets/ptz377bwb8/1,2026-09-26,virus,,,20230816_113955.jpg,,,external_test,folder-mapped(paper-T1+visual),CC BY 4.0,0,0,1
central_java,v1,https://data.mendeley.com/datasets/ptz377bwb8/1,2026-09-26,virus,,,20230816_114002.jpg,,,external_test,folder-mapped(paper-T1+visual),CC BY 4.0,0,0,1
central_java,v1,https://data.mendeley.com/datasets/ptz377bwb8/1,2026-09-26,virus,,,20230816_114008.jpg,,,external_test,folder-mapped(paper-T1+visual),CC BY 4.0,0,0,1
central_java,v1,https://data.mendeley.com/datasets/ptz377bwb8/1,2026-09-26,virus,,,20230816_114016.jpg,,,external_test,folder-mapped(paper-T1+visual),CC BY 4.0,0,0,1
central_java,v1,https://data.mendeley.com/datasets/ptz377bwb8/1,2026-09-26,virus,,,20230816_114019.jpg,,,external_test,folder-mapped(paper-T1+visual),CC BY 4.0,0,0,1
central_java,v1,https://data.mendeley.com/datasets/ptz377bwb8/1,2026-09-26,virus,,,20230816_114050.jpg,,,external_test,folder-mapped(paper-T1+visual),CC BY 4.0,0,0,1
central_java,v1,https://data.mendeley.com/datasets/ptz377bwb8/1,2026-09-26,virus,,,20230816_114318.jpg,,,external_test,folder-mapped(paper-T1+visual),CC BY 4.0,0,0,1
central_java,v1,https://data.mendeley.com/datasets/ptz377bwb8/1,2026-09-26,virus,,,20230816_114351.jpg,,,external_test,folder-mapped(paper-T1+visual),CC BY 4.0,0,0,1
central_java,v1,https://data.mendeley.com/datasets/ptz377bwb8/1,2026-09-26,virus,,,20230816_114354.jpg,,,external_test,folder-mapped(paper-T1+visual),CC BY 4.0,0,0,1
central_java,v1,https://data.mendeley.com/datasets/ptz377bwb8/1,2026-09-26,virus,,,20230816_114355.jpg,,,external_test,folder-mapped(paper-T1+visual),CC BY 4.0,0,0,1
central_java,v1,https://data.mendeley.com/datasets/ptz377bwb8/1,2026-09-26,virus,,,20230816_114357.jpg,,,external_test,folder-mapped(paper-T1+visual),CC BY 4.0,0,0,1
central_java,v1,https://data.mendeley.com/datasets/ptz377bwb8/1,2026-09-26,virus,,,20230816_114405.jpg,,,external_test,folder-mapped(paper-T1+visual),CC BY 4.0,0,0,1
central_java,v1,https://data.mendeley.com/datasets/ptz377bwb8/1,2026-09-26,virus,,,20230816_114442.jpg,,,external_test,folder-mapped(paper-T1+visual),CC BY 4.0,0,0,1
central_java,v1,https://data.mendeley.com/datasets/ptz377bwb8/1,2026-09-26,virus,,,20230816_114445.jpg,,,external_test,folder-mapped(paper-T1+visual),CC BY 4.0,0,0,1
central_java,v1,https://data.mendeley.com/datasets/ptz377bwb8/1,2026-09-26,virus,,,20230816_114447.jpg,,,external_test,folder-mapped(paper-T1+visual),CC BY 4.0,0,0,1
central_java,v1,https://data.mendeley.com/datasets/ptz377bwb8/1,2026-09-26,virus,,,20230816_114454.jpg,,,external_test,folder-mapped(paper-T1+visual),CC BY 4.0,0,0,1
central_java,v1,https://data.mendeley.com/datasets/ptz377bwb8/1,2026-09-26,virus,,,20230816_114456.jpg,,,external_test,folder-mapped(paper-T1+visual),CC BY 4.0,0,0,1
central_java,v1,https://data.mendeley.com/datasets/ptz377bwb8/1,2026-09-26,virus,,,20230816_114506.jpg,,,external_test,folder-mapped(paper-T1+visual),CC BY 4.0,0,0,1
central_java,v1,https://data.mendeley.com/datasets/ptz377bwb8/1,2026-09-26,virus,,,20230816_114701.jpg,,,external_test,folder-mapped(paper-T1+visual),CC BY 4.0,0,0,1
central_java,v1,https://data.mendeley.com/datasets/ptz377bwb8/1,2026-09-26,virus,,,20230816_114808.jpg,,,external_test,folder-mapped(paper-T1+visual),CC BY 4.0,0,0,1
central_java,v1,https://data.mendeley.com/datasets/ptz377bwb8/1,2026-09-26,virus,,,20230816_114955.jpg,,,external_test,folder-mapped(paper-T1+visual),CC BY 4.0,0,0,1
central_java,v1,https://data.mendeley.com/datasets/ptz377bwb8/1,2026-09-26,virus,,,20230816_114959.jpg,,,external_test,folder-mapped(paper-T1+visual),CC BY 4.0,0,0,1
central_java,v1,https://data.mendeley.com/datasets/ptz377bwb8/1,2026-09-26,virus,,,20230816_115002.jpg,,,external_test,folder-mapped(paper-T1+visual),CC BY 4.0,0,0,1
central_java,v1,https://data.mendeley.com/datasets/ptz377bwb8/1,2026-09-26,virus,,,20230816_115007.jpg,,,external_test,folder-mapped(paper-T1+visual),CC BY 4.0,0,0,1
central_java,v1,https://data.mendeley.com/datasets/ptz377bwb8/1,2026-09-26,virus,,,20230816_115010.jpg,,,external_test,folder-mapped(paper-T1+visual),CC BY 4.0,0,0,1
central_java,v1,https://data.mendeley.com/datasets/ptz377bwb8/1,2026-09-26,virus,,,20230816_115013.jpg,,,external_test,folder-mapped(paper-T1+visual),CC BY 4.0,0,0,1
central_java,v1,https://data.mendeley.com/datasets/ptz377bwb8/1,2026-09-26,virus,,,20230816_115016.jpg,,,external_test,folder-mapped(paper-T1+visual),CC BY 4.0,0,0,1
central_java,v1,https://data.mendeley.com/datasets/ptz377bwb8/1,2026-09-26,virus,,,20230816_115019.jpg,,,external_test,folder-mapped(paper-T1+visual),CC BY 4.0,0,0,1
central_java,v1,https://data.mendeley.com/datasets/ptz377bwb8/1,2026-09-26,virus,,,20230816_115027.jpg,,,external_test,folder-mapped(paper-T1+visual),CC BY 4.0,0,0,1
central_java,v1,https://data.mendeley.com/datasets/ptz377bwb8/1,2026-09-26,virus,,,20230816_115033.jpg,,,external_test,folder-mapped(paper-T1+visual),CC BY 4.0,0,0,1
central_java,v1,https://data.mendeley.com/datasets/ptz377bwb8/1,2026-09-26,virus,,,20230816_115041.jpg,,,external_test,folder-mapped(paper-T1+visual),CC BY 4.0,0,0,1
central_java,v1,https://data.mendeley.com/datasets/ptz377bwb8/1,2026-09-26,virus,,,20230816_115110.jpg,,,external_test,folder-mapped(paper-T1+visual),CC BY 4.0,0,0,1
central_java,v1,https://data.mendeley.com/datasets/ptz377bwb8/1,2026-09-26,virus,,,20230816_115118.jpg,,,external_test,folder-mapped(paper-T1+visual),CC BY 4.0,0,0,1
central_java,v1,https://data.mendeley.com/datasets/ptz377bwb8/1,2026-09-26,virus,,,20230816_120848.jpg,,,external_test,folder-mapped(paper-T1+visual),CC BY 4.0,0,0,1
central_java,v1,https://data.mendeley.com/datasets/ptz377bwb8/1,2026-09-26,virus,,,20230816_120852.jpg,,,external_test,folder-mapped(paper-T1+visual),CC BY 4.0,0,0,1
central_java,v1,https://data.mendeley.com/datasets/ptz377bwb8/1,2026-09-26,virus,,,20230816_121314.jpg,,,external_test,folder-mapped(paper-T1+visual),CC BY 4.0,0,0,1
central_java,v1,https://data.mendeley.com/datasets/ptz377bwb8/1,2026-09-26,virus,,,20230816_121317.jpg,,,external_test,folder-mapped(paper-T1+visual),CC BY 4.0,0,0,1
central_java,v1,https://data.mendeley.com/datasets/ptz377bwb8/1,2026-09-26,virus,,,20230816_121409.jpg,,,external_test,folder-mapped(paper-T1+visual),CC BY 4.0,0,0,1
central_java,v1,https://data.mendeley.com/datasets/ptz377bwb8/1,2026-09-26,virus,,,20230816_121417.jpg,,,external_test,folder-mapped(paper-T1+visual),CC BY 4.0,0,0,1
central_java,v1,https://data.mendeley.com/datasets/ptz377bwb8/1,2026-09-26,virus,,,20230816_122540.jpg,,,external_test,folder-mapped(paper-T1+visual),CC BY 4.0,0,0,1
central_java,v1,https://data.mendeley.com/datasets/ptz377bwb8/1,2026-09-26,virus,,,20230816_122543.jpg,,,external_test,folder-mapped(paper-T1+visual),CC BY 4.0,0,0,1
central_java,v1,https://data.mendeley.com/datasets/ptz377bwb8/1,2026-09-26,virus,,,20230816_122549.jpg,,,external_test,folder-mapped(paper-T1+visual),CC BY 4.0,0,0,1
central_java,v1,https://data.mendeley.com/datasets/ptz377bwb8/1,2026-09-26,virus,,,20230816_122902.jpg,,,external_test,folder-mapped(paper-T1+visual),CC BY 4.0,0,0,1
central_java,v1,https://data.mendeley.com/datasets/ptz377bwb8/1,2026-09-26,virus,,,20230816_123055.jpg,,,external_test,folder-mapped(paper-T1+visual),CC BY 4.0,0,0,1
central_java,v1,https://data.mendeley.com/datasets/ptz377bwb8/1,2026-09-26,virus,,,20230816_123119.jpg,,,external_test,folder-mapped(paper-T1+visual),CC BY 4.0,0,0,1
central_java,v1,https://data.mendeley.com/datasets/ptz377bwb8/1,2026-09-26,virus,,,20230816_123120.jpg,,,external_test,folder-mapped(paper-T1+visual),CC BY 4.0,0,0,1
central_java,v1,https://data.mendeley.com/datasets/ptz377bwb8/1,2026-09-26,virus,,,20230816_123332.jpg,,,external_test,folder-mapped(paper-T1+visual),CC BY 4.0,0,0,1
central_java,v1,https://data.mendeley.com/datasets/ptz377bwb8/1,2026-09-26,virus,,,20230816_123336.jpg,,,external_test,folder-mapped(paper-T1+visual),CC BY 4.0,0,0,1
central_java,v1,https://data.mendeley.com/datasets/ptz377bwb8/1,2026-09-26,virus,,,20230816_123440.jpg,,,external_test,folder-mapped(paper-T1+visual),CC BY 4.0,0,0,1
central_java,v1,https://data.mendeley.com/datasets/ptz377bwb8/1,2026-09-26,virus,,,20230816_123442.jpg,,,external_test,folder-mapped(paper-T1+visual),CC BY 4.0,0,0,1
central_java,v1,https://data.mendeley.com/datasets/ptz377bwb8/1,2026-09-26,virus,,,20230816_123444.jpg,,,external_test,folder-mapped(paper-T1+visual),CC BY 4.0,0,0,1
central_java,v1,https://data.mendeley.com/datasets/ptz377bwb8/1,2026-09-26,virus,,,20230816_123449.jpg,,,external_test,folder-mapped(paper-T1+visual),CC BY 4.0,0,0,1
central_java,v1,https://data.mendeley.com/datasets/ptz377bwb8/1,2026-09-26,virus,,,20230816_144150.jpg,,,external_test,folder-mapped(paper-T1+visual),CC BY 4.0,0,0,1
central_java,v1,https://data.mendeley.com/datasets/ptz377bwb8/1,2026-09-26,virus,,,20230816_145811.jpg,,,external_test,folder-mapped(paper-T1+visual),CC BY 4.0,0,0,1
central_java,v1,https://data.mendeley.com/datasets/ptz377bwb8/1,2026-09-26,virus,,,20230816_145813.jpg,,,external_test,folder-mapped(paper-T1+visual),CC BY 4.0,0,0,1
central_java,v1,https://data.mendeley.com/datasets/ptz377bwb8/1,2026-09-26,virus,,,20230816_145815.jpg,,,external_test,folder-mapped(paper-T1+visual),CC BY 4.0,0,0,1
central_java,v1,https://data.mendeley.com/datasets/ptz377bwb8/1,2026-09-26,virus,,,20230816_145816.jpg,,,external_test,folder-mapped(paper-T1+visual),CC BY 4.0,0,0,1
central_java,v1,https://data.mendeley.com/datasets/ptz377bwb8/1,2026-09-26,virus,,,20230816_145819.jpg,,,external_test,folder-mapped(paper-T1+visual),CC BY 4.0,0,0,1
central_java,v1,https://data.mendeley.com/datasets/ptz377bwb8/1,2026-09-26,virus,,,20230816_145822.jpg,,,external_test,folder-mapped(paper-T1+visual),CC BY 4.0,0,0,1
central_java,v1,https://data.mendeley.com/datasets/ptz377bwb8/1,2026-09-26,virus,,,20230922_155854.jpg,,,external_test,folder-mapped(paper-T1+visual),CC BY 4.0,0,0,1
central_java,v1,https://data.mendeley.com/datasets/ptz377bwb8/1,2026-09-26,virus,,,20230922_155857.jpg,,,external_test,folder-mapped(paper-T1+visual),CC BY 4.0,0,0,1
central_java,v1,https://data.mendeley.com/datasets/ptz377bwb8/1,2026-09-26,virus,,,20230922_155900.jpg,,,external_test,folder-mapped(paper-T1+visual),CC BY 4.0,0,0,1
central_java,v1,https://data.mendeley.com/datasets/ptz377bwb8/1,2026-09-26,virus,,,20230922_155902.jpg,,,external_test,folder-mapped(paper-T1+visual),CC BY 4.0,0,0,1
central_java,v1,https://data.mendeley.com/datasets/ptz377bwb8/1,2026-09-26,virus,,,IMG_0212.JPG,,,external_test,folder-mapped(paper-T1+visual),CC BY 4.0,0,0,1
central_java,v1,https://data.mendeley.com/datasets/ptz377bwb8/1,2026-09-26,virus,,,IMG_0215.JPG,,,external_test,folder-mapped(paper-T1+visual),CC BY 4.0,0,0,1
central_java,v1,https://data.mendeley.com/datasets/ptz377bwb8/1,2026-09-26,virus,,,IMG_0218.JPG,,,external_test,folder-mapped(paper-T1+visual),CC BY 4.0,0,0,1
central_java,v1,https://data.mendeley.com/datasets/ptz377bwb8/1,2026-09-26,virus,,,IMG_0222.JPG,,,external_test,folder-mapped(paper-T1+visual),CC BY 4.0,0,0,1
central_java,v1,https://data.mendeley.com/datasets/ptz377bwb8/1,2026-09-26,virus,,,IMG_0223.JPG,,,external_test,folder-mapped(paper-T1+visual),CC BY 4.0,0,0,1
central_java,v1,https://data.mendeley.com/datasets/ptz377bwb8/1,2026-09-26,virus,,,IMG_0242.JPG,,,external_test,folder-mapped(paper-T1+visual),CC BY 4.0,0,0,1
central_java,v1,https://data.mendeley.com/datasets/ptz377bwb8/1,2026-09-26,virus,,,IMG_0249.JPG,,,external_test,folder-mapped(paper-T1+visual),CC BY 4.0,0,0,1
central_java,v1,https://data.mendeley.com/datasets/ptz377bwb8/1,2026-09-26,virus,,,IMG_0250.JPG,,,external_test,folder-mapped(paper-T1+visual),CC BY 4.0,0,0,1
central_java,v1,https://data.mendeley.com/datasets/ptz377bwb8/1,2026-09-26,virus,,,IMG_0263.JPG,,,external_test,folder-mapped(paper-T1+visual),CC BY 4.0,0,0,1
central_java,v1,https://data.mendeley.com/datasets/ptz377bwb8/1,2026-09-26,virus,,,IMG_0264 - Copy.JPG,,,external_test,folder-mapped(paper-T1+visual),CC BY 4.0,0,0,1
central_java,v1,https://data.mendeley.com/datasets/ptz377bwb8/1,2026-09-26,virus,,,IMG_0270.JPG,,,external_test,folder-mapped(paper-T1+visual),CC BY 4.0,0,0,1
central_java,v1,https://data.mendeley.com/datasets/ptz377bwb8/1,2026-09-26,virus,,,IMG_0271.JPG,,,external_test,folder-mapped(paper-T1+visual),CC BY 4.0,0,0,1
central_java,v1,https://data.mendeley.com/datasets/ptz377bwb8/1,2026-09-26,virus,,,IMG_0274.JPG,,,external_test,folder-mapped(paper-T1+visual),CC BY 4.0,0,0,1
central_java,v1,https://data.mendeley.com/datasets/ptz377bwb8/1,2026-09-26,virus,,,IMG_0275.JPG,,,external_test,folder-mapped(paper-T1+visual),CC BY 4.0,0,0,1
central_java,v1,https://data.mendeley.com/datasets/ptz377bwb8/1,2026-09-26,virus,,,IMG_0281.JPG,,,external_test,folder-mapped(paper-T1+visual),CC BY 4.0,0,0,1
central_java,v1,https://data.mendeley.com/datasets/ptz377bwb8/1,2026-09-26,virus,,,IMG_0282.JPG,,,external_test,folder-mapped(paper-T1+visual),CC BY 4.0,0,0,1
central_java,v1,https://data.mendeley.com/datasets/ptz377bwb8/1,2026-09-26,virus,,,IMG_0300.JPG,,,external_test,folder-mapped(paper-T1+visual),CC BY 4.0,0,0,1
central_java,v1,https://data.mendeley.com/datasets/ptz377bwb8/1,2026-09-26,virus,,,IMG_0301.JPG,,,external_test,folder-mapped(paper-T1+visual),CC BY 4.0,0,0,1
central_java,v1,https://data.mendeley.com/datasets/ptz377bwb8/1,2026-09-26,virus,,,IMG_0305.JPG,,,external_test,folder-mapped(paper-T1+visual),CC BY 4.0,0,0,1
central_java,v1,https://data.mendeley.com/datasets/ptz377bwb8/1,2026-09-26,virus,,,IMG_0306.JPG,,,external_test,folder-mapped(paper-T1+visual),CC BY 4.0,0,0,1
central_java,v1,https://data.mendeley.com/datasets/ptz377bwb8/1,2026-09-26,virus,,,IMG_0308.JPG,,,external_test,folder-mapped(paper-T1+visual),CC BY 4.0,0,0,1
central_java,v1,https://data.mendeley.com/datasets/ptz377bwb8/1,2026-09-26,virus,,,IMG_0309.JPG,,,external_test,folder-mapped(paper-T1+visual),CC BY 4.0,0,0,1
central_java,v1,https://data.mendeley.com/datasets/ptz377bwb8/1,2026-09-26,virus,,,IMG_0310.JPG,,,external_test,folder-mapped(paper-T1+visual),CC BY 4.0,0,0,1
central_java,v1,https://data.mendeley.com/datasets/ptz377bwb8/1,2026-09-26,virus,,,IMG_0311 (1).JPG,,,external_test,folder-mapped(paper-T1+visual),CC BY 4.0,0,0,1
central_java,v1,https://data.mendeley.com/datasets/ptz377bwb8/1,2026-09-26,virus,,,IMG_0312.JPG,,,external_test,folder-mapped(paper-T1+visual),CC BY 4.0,0,0,1
central_java,v1,https://data.mendeley.com/datasets/ptz377bwb8/1,2026-09-26,virus,,,IMG_0314 (1).JPG,,,external_test,folder-mapped(paper-T1+visual),CC BY 4.0,0,0,1
central_java,v1,https://data.mendeley.com/datasets/ptz377bwb8/1,2026-09-26,virus,,,IMG_0315 (1).JPG,,,external_test,folder-mapped(paper-T1+visual),CC BY 4.0,0,0,1
central_java,v1,https://data.mendeley.com/datasets/ptz377bwb8/1,2026-09-26,virus,,,IMG_0338.JPG,,,external_test,folder-mapped(paper-T1+visual),CC BY 4.0,0,0,1
central_java,v1,https://data.mendeley.com/datasets/ptz377bwb8/1,2026-09-26,virus,,,IMG_0339.JPG,,,external_test,folder-mapped(paper-T1+visual),CC BY 4.0,0,0,1
central_java,v1,https://data.mendeley.com/datasets/ptz377bwb8/1,2026-09-26,virus,,,IMG_0340.JPG,,,external_test,folder-mapped(paper-T1+visual),CC BY 4.0,0,0,1
central_java,v1,https://data.mendeley.com/datasets/ptz377bwb8/1,2026-09-26,virus,,,IMG_0343.JPG,,,external_test,folder-mapped(paper-T1+visual),CC BY 4.0,0,0,1
central_java,v1,https://data.mendeley.com/datasets/ptz377bwb8/1,2026-09-26,virus,,,IMG_0375.JPG,,,external_test,folder-mapped(paper-T1+visual),CC BY 4.0,0,0,1
central_java,v1,https://data.mendeley.com/datasets/ptz377bwb8/1,2026-09-26,virus,,,IMG_0376.JPG,,,external_test,folder-mapped(paper-T1+visual),CC BY 4.0,0,0,1
central_java,v1,https://data.mendeley.com/datasets/ptz377bwb8/1,2026-09-26,virus,,,IMG_0377.JPG,,,external_test,folder-mapped(paper-T1+visual),CC BY 4.0,0,0,1
central_java,v1,https://data.mendeley.com/datasets/ptz377bwb8/1,2026-09-26,virus,,,IMG_0378.JPG,,,external_test,folder-mapped(paper-T1+visual),CC BY 4.0,0,0,1
central_java,v1,https://data.mendeley.com/datasets/ptz377bwb8/1,2026-09-26,virus,,,IMG_0391.JPG,,,external_test,folder-mapped(paper-T1+visual),CC BY 4.0,0,0,1
central_java,v1,https://data.mendeley.com/datasets/ptz377bwb8/1,2026-09-26,virus,,,IMG_0392.JPG,,,external_test,folder-mapped(paper-T1+visual),CC BY 4.0,0,0,1
central_java,v1,https://data.mendeley.com/datasets/ptz377bwb8/1,2026-09-26,virus,,,IMG_0393.JPG,,,external_test,folder-mapped(paper-T1+visual),CC BY 4.0,0,0,1
central_java,v1,https://data.mendeley.com/datasets/ptz377bwb8/1,2026-09-26,virus,,,IMG_0394.JPG,,,external_test,folder-mapped(paper-T1+visual),CC BY 4.0,0,0,1
central_java,v1,https://data.mendeley.com/datasets/ptz377bwb8/1,2026-09-26,virus,,,IMG_0395.JPG,,,external_test,folder-mapped(paper-T1+visual),CC BY 4.0,0,0,1
central_java,v1,https://data.mendeley.com/datasets/ptz377bwb8/1,2026-09-26,virus,,,IMG_0407.JPG,,,external_test,folder-mapped(paper-T1+visual),CC BY 4.0,0,0,1
central_java,v1,https://data.mendeley.com/datasets/ptz377bwb8/1,2026-09-26,virus,,,IMG_0408.JPG,,,external_test,folder-mapped(paper-T1+visual),CC BY 4.0,0,0,1
central_java,v1,https://data.mendeley.com/datasets/ptz377bwb8/1,2026-09-26,virus,,,IMG_0409.JPG,,,external_test,folder-mapped(paper-T1+visual),CC BY 4.0,0,0,1
central_java,v1,https://data.mendeley.com/datasets/ptz377bwb8/1,2026-09-26,virus,,,IMG_0412.JPG,,,external_test,folder-mapped(paper-T1+visual),CC BY 4.0,0,0,1
central_java,v1,https://data.mendeley.com/datasets/ptz377bwb8/1,2026-09-26,virus,,,IMG_0413.JPG,,,external_test,folder-mapped(paper-T1+visual),CC BY 4.0,0,0,1
central_java,v1,https://data.mendeley.com/datasets/ptz377bwb8/1,2026-09-26,virus,,,IMG_0414.JPG,,,external_test,folder-mapped(paper-T1+visual),CC BY 4.0,0,0,1
central_java,v1,https://data.mendeley.com/datasets/ptz377bwb8/1,2026-09-26,virus,,,IMG_0415.JPG,,,external_test,folder-mapped(paper-T1+visual),CC BY 4.0,0,0,1
central_java,v1,https://data.mendeley.com/datasets/ptz377bwb8/1,2026-09-26,virus,,,IMG_0422.JPG,,,external_test,folder-mapped(paper-T1+visual),CC BY 4.0,0,0,1
central_java,v1,https://data.mendeley.com/datasets/ptz377bwb8/1,2026-09-26,virus,,,IMG_0424.JPG,,,external_test,folder-mapped(paper-T1+visual),CC BY 4.0,0,0,1
central_java,v1,https://data.mendeley.com/datasets/ptz377bwb8/1,2026-09-26,virus,,,IMG_0434.JPG,,,external_test,folder-mapped(paper-T1+visual),CC BY 4.0,0,0,1
central_java,v1,https://data.mendeley.com/datasets/ptz377bwb8/1,2026-09-26,virus,,,IMG_0438.JPG,,,external_test,folder-mapped(paper-T1+visual),CC BY 4.0,0,0,1
central_java,v1,https://data.mendeley.com/datasets/ptz377bwb8/1,2026-09-26,virus,,,IMG_0439.JPG,,,external_test,folder-mapped(paper-T1+visual),CC BY 4.0,0,0,1
central_java,v1,https://data.mendeley.com/datasets/ptz377bwb8/1,2026-09-26,virus,,,IMG_0443.JPG,,,external_test,folder-mapped(paper-T1+visual),CC BY 4.0,0,0,1
central_java,v1,https://data.mendeley.com/datasets/ptz377bwb8/1,2026-09-26,virus,,,IMG_0444.JPG,,,external_test,folder-mapped(paper-T1+visual),CC BY 4.0,0,0,1
central_java,v1,https://data.mendeley.com/datasets/ptz377bwb8/1,2026-09-26,virus,,,IMG_0449.JPG,,,external_test,folder-mapped(paper-T1+visual),CC BY 4.0,0,0,1
central_java,v1,https://data.mendeley.com/datasets/ptz377bwb8/1,2026-09-26,virus,,,IMG_0450.JPG,,,external_test,folder-mapped(paper-T1+visual),CC BY 4.0,0,0,1
central_java,v1,https://data.mendeley.com/datasets/ptz377bwb8/1,2026-09-26,virus,,,IMG_0451.JPG,,,external_test,folder-mapped(paper-T1+visual),CC BY 4.0,0,0,1
central_java,v1,https://data.mendeley.com/datasets/ptz377bwb8/1,2026-09-26,virus,,,IMG_0454.JPG,,,external_test,folder-mapped(paper-T1+visual),CC BY 4.0,0,0,1
central_java,v1,https://data.mendeley.com/datasets/ptz377bwb8/1,2026-09-26,virus,,,IMG_0456.JPG,,,external_test,folder-mapped(paper-T1+visual),CC BY 4.0,0,0,1
central_java,v1,https://data.mendeley.com/datasets/ptz377bwb8/1,2026-09-26,virus,,,IMG_0457.JPG,,,external_test,folder-mapped(paper-T1+visual),CC BY 4.0,0,0,1
central_java,v1,https://data.mendeley.com/datasets/ptz377bwb8/1,2026-09-26,virus,,,IMG_0460.JPG,,,external_test,folder-mapped(paper-T1+visual),CC BY 4.0,0,0,1
central_java,v1,https://data.mendeley.com/datasets/ptz377bwb8/1,2026-09-26,virus,,,IMG_0461.JPG,,,external_test,folder-mapped(paper-T1+visual),CC BY 4.0,0,0,1
central_java,v1,https://data.mendeley.com/datasets/ptz377bwb8/1,2026-09-26,virus,,,IMG_0462.JPG,,,external_test,folder-mapped(paper-T1+visual),CC BY 4.0,0,0,1
central_java,v1,https://data.mendeley.com/datasets/ptz377bwb8/1,2026-09-26,virus,,,IMG_0463.JPG,,,external_test,folder-mapped(paper-T1+visual),CC BY 4.0,0,0,1
central_java,v1,https://data.mendeley.com/datasets/ptz377bwb8/1,2026-09-26,virus,,,IMG_0464.JPG,,,external_test,folder-mapped(paper-T1+visual),CC BY 4.0,0,0,1
central_java,v1,https://data.mendeley.com/datasets/ptz377bwb8/1,2026-09-26,virus,,,IMG_0465.JPG,,,external_test,folder-mapped(paper-T1+visual),CC BY 4.0,0,0,1
central_java,v1,https://data.mendeley.com/datasets/ptz377bwb8/1,2026-09-26,virus,,,IMG_0466.JPG,,,external_test,folder-mapped(paper-T1+visual),CC BY 4.0,0,0,1
central_java,v1,https://data.mendeley.com/datasets/ptz377bwb8/1,2026-09-26,virus,,,IMG_0467.JPG,,,external_test,folder-mapped(paper-T1+visual),CC BY 4.0,0,0,1
central_java,v1,https://data.mendeley.com/datasets/ptz377bwb8/1,2026-09-26,virus,,,IMG_0468.JPG,,,external_test,folder-mapped(paper-T1+visual),CC BY 4.0,0,0,1
central_java,v1,https://data.mendeley.com/datasets/ptz377bwb8/1,2026-09-26,virus,,,IMG_0469.JPG,,,external_test,folder-mapped(paper-T1+visual),CC BY 4.0,0,0,1
central_java,v1,https://data.mendeley.com/datasets/ptz377bwb8/1,2026-09-26,virus,,,IMG_0470.JPG,,,external_test,folder-mapped(paper-T1+visual),CC BY 4.0,0,0,1
central_java,v1,https://data.mendeley.com/datasets/ptz377bwb8/1,2026-09-26,virus,,,IMG_0471.JPG,,,external_test,folder-mapped(paper-T1+visual),CC BY 4.0,0,0,1
central_java,v1,https://data.mendeley.com/datasets/ptz377bwb8/1,2026-09-26,virus,,,IMG_0472.JPG,,,external_test,folder-mapped(paper-T1+visual),CC BY 4.0,0,0,1
central_java,v1,https://data.mendeley.com/datasets/ptz377bwb8/1,2026-09-26,virus,,,IMG_0473.JPG,,,external_test,folder-mapped(paper-T1+visual),CC BY 4.0,0,0,1
central_java,v1,https://data.mendeley.com/datasets/ptz377bwb8/1,2026-09-26,virus,,,IMG_0474.JPG,,,external_test,folder-mapped(paper-T1+visual),CC BY 4.0,0,0,1
central_java,v1,https://data.mendeley.com/datasets/ptz377bwb8/1,2026-09-26,virus,,,IMG_0475.JPG,,,external_test,folder-mapped(paper-T1+visual),CC BY 4.0,0,0,1
central_java,v1,https://data.mendeley.com/datasets/ptz377bwb8/1,2026-09-26,virus,,,IMG_0476.JPG,,,external_test,folder-mapped(paper-T1+visual),CC BY 4.0,0,0,1
central_java,v1,https://data.mendeley.com/datasets/ptz377bwb8/1,2026-09-26,virus,,,IMG_0477.JPG,,,external_test,folder-mapped(paper-T1+visual),CC BY 4.0,0,0,1
central_java,v1,https://data.mendeley.com/datasets/ptz377bwb8/1,2026-09-26,virus,,,IMG_0481.JPG,,,external_test,folder-mapped(paper-T1+visual),CC BY 4.0,0,0,1
central_java,v1,https://data.mendeley.com/datasets/ptz377bwb8/1,2026-09-26,virus,,,IMG_0482.JPG,,,external_test,folder-mapped(paper-T1+visual),CC BY 4.0,0,0,1
central_java,v1,https://data.mendeley.com/datasets/ptz377bwb8/1,2026-09-26,virus,,,IMG_0483.JPG,,,external_test,folder-mapped(paper-T1+visual),CC BY 4.0,0,0,1
central_java,v1,https://data.mendeley.com/datasets/ptz377bwb8/1,2026-09-26,virus,,,IMG_0484.JPG,,,external_test,folder-mapped(paper-T1+visual),CC BY 4.0,0,0,1
central_java,v1,https://data.mendeley.com/datasets/ptz377bwb8/1,2026-09-26,virus,,,IMG_0485.JPG,,,external_test,folder-mapped(paper-T1+visual),CC BY 4.0,0,0,1
central_java,v1,https://data.mendeley.com/datasets/ptz377bwb8/1,2026-09-26,virus,,,IMG_0488.JPG,,,external_test,folder-mapped(paper-T1+visual),CC BY 4.0,0,0,1
central_java,v1,https://data.mendeley.com/datasets/ptz377bwb8/1,2026-09-26,virus,,,IMG_0489.JPG,,,external_test,folder-mapped(paper-T1+visual),CC BY 4.0,0,0,1
central_java,v1,https://data.mendeley.com/datasets/ptz377bwb8/1,2026-09-26,virus,,,IMG_0490.JPG,,,external_test,folder-mapped(paper-T1+visual),CC BY 4.0,0,0,1
central_java,v1,https://data.mendeley.com/datasets/ptz377bwb8/1,2026-09-26,virus,,,IMG_0491.JPG,,,external_test,folder-mapped(paper-T1+visual),CC BY 4.0,0,0,1
central_java,v1,https://data.mendeley.com/datasets/ptz377bwb8/1,2026-09-26,virus,,,IMG_0493.JPG,,,external_test,folder-mapped(paper-T1+visual),CC BY 4.0,0,0,1
central_java,v1,https://data.mendeley.com/datasets/ptz377bwb8/1,2026-09-26,virus,,,IMG_0504.JPG,,,external_test,folder-mapped(paper-T1+visual),CC BY 4.0,0,0,1
central_java,v1,https://data.mendeley.com/datasets/ptz377bwb8/1,2026-09-26,virus,,,IMG_0505.JPG,,,external_test,folder-mapped(paper-T1+visual),CC BY 4.0,0,0,1
central_java,v1,https://data.mendeley.com/datasets/ptz377bwb8/1,2026-09-26,virus,,,IMG_0506.JPG,,,external_test,folder-mapped(paper-T1+visual),CC BY 4.0,0,0,1
central_java,v1,https://data.mendeley.com/datasets/ptz377bwb8/1,2026-09-26,virus,,,IMG_0513.JPG,,,external_test,folder-mapped(paper-T1+visual),CC BY 4.0,0,0,1
central_java,v1,https://data.mendeley.com/datasets/ptz377bwb8/1,2026-09-26,virus,,,IMG_0514.JPG,,,external_test,folder-mapped(paper-T1+visual),CC BY 4.0,0,0,1
central_java,v1,https://data.mendeley.com/datasets/ptz377bwb8/1,2026-09-26,virus,,,IMG_0515.JPG,,,external_test,folder-mapped(paper-T1+visual),CC BY 4.0,0,0,1
central_java,v1,https://data.mendeley.com/datasets/ptz377bwb8/1,2026-09-26,virus,,,IMG_0584.JPG,,,external_test,folder-mapped(paper-T1+visual),CC BY 4.0,0,0,1
central_java,v1,https://data.mendeley.com/datasets/ptz377bwb8/1,2026-09-26,virus,,,IMG_0602.JPG,,,external_test,folder-mapped(paper-T1+visual),CC BY 4.0,0,0,1
central_java,v1,https://data.mendeley.com/datasets/ptz377bwb8/1,2026-09-26,virus,,,IMG_0603.JPG,,,external_test,folder-mapped(paper-T1+visual),CC BY 4.0,0,0,1
central_java,v1,https://data.mendeley.com/datasets/ptz377bwb8/1,2026-09-26,virus,,,IMG_0604.JPG,,,external_test,folder-mapped(paper-T1+visual),CC BY 4.0,0,0,1
central_java,v1,https://data.mendeley.com/datasets/ptz377bwb8/1,2026-09-26,virus,,,IMG_0605.JPG,,,external_test,folder-mapped(paper-T1+visual),CC BY 4.0,0,0,1
central_java,v1,https://data.mendeley.com/datasets/ptz377bwb8/1,2026-09-26,virus,,,IMG_0607.JPG,,,external_test,folder-mapped(paper-T1+visual),CC BY 4.0,0,0,1
central_java,v1,https://data.mendeley.com/datasets/ptz377bwb8/1,2026-09-26,virus,,,IMG_0614.JPG,,,external_test,folder-mapped(paper-T1+visual),CC BY 4.0,0,0,1
central_java,v1,https://data.mendeley.com/datasets/ptz377bwb8/1,2026-09-26,virus,,,IMG_0615.JPG,,,external_test,folder-mapped(paper-T1+visual),CC BY 4.0,0,0,1
central_java,v1,https://data.mendeley.com/datasets/ptz377bwb8/1,2026-09-26,virus,,,IMG_0616.JPG,,,external_test,folder-mapped(paper-T1+visual),CC BY 4.0,0,0,1
central_java,v1,https://data.mendeley.com/datasets/ptz377bwb8/1,2026-09-26,virus,,,IMG_0617.JPG,,,external_test,folder-mapped(paper-T1+visual),CC BY 4.0,0,0,1
central_java,v1,https://data.mendeley.com/datasets/ptz377bwb8/1,2026-09-26,virus,,,IMG_0618.JPG,,,external_test,folder-mapped(paper-T1+visual),CC BY 4.0,0,0,1
central_java,v1,https://data.mendeley.com/datasets/ptz377bwb8/1,2026-09-26,virus,,,IMG_0619.JPG,,,external_test,folder-mapped(paper-T1+visual),CC BY 4.0,0,0,1
central_java,v1,https://data.mendeley.com/datasets/ptz377bwb8/1,2026-09-26,virus,,,IMG_0620.JPG,,,external_test,folder-mapped(paper-T1+visual),CC BY 4.0,0,0,1
central_java,v1,https://data.mendeley.com/datasets/ptz377bwb8/1,2026-09-26,virus,,,IMG_0621.JPG,,,external_test,folder-mapped(paper-T1+visual),CC BY 4.0,0,0,1
central_java,v1,https://data.mendeley.com/datasets/ptz377bwb8/1,2026-09-26,virus,,,IMG_0622.JPG,,,external_test,folder-mapped(paper-T1+visual),CC BY 4.0,0,0,1
central_java,v1,https://data.mendeley.com/datasets/ptz377bwb8/1,2026-09-26,virus,,,IMG_0623.JPG,,,external_test,folder-mapped(paper-T1+visual),CC BY 4.0,0,0,1
central_java,v1,https://data.mendeley.com/datasets/ptz377bwb8/1,2026-09-26,virus,,,IMG_0624.JPG,,,external_test,folder-mapped(paper-T1+visual),CC BY 4.0,0,0,1
central_java,v1,https://data.mendeley.com/datasets/ptz377bwb8/1,2026-09-26,virus,,,IMG_0625.JPG,,,external_test,folder-mapped(paper-T1+visual),CC BY 4.0,0,0,1
central_java,v1,https://data.mendeley.com/datasets/ptz377bwb8/1,2026-09-26,virus,,,IMG_0626.JPG,,,external_test,folder-mapped(paper-T1+visual),CC BY 4.0,0,0,1
central_java,v1,https://data.mendeley.com/datasets/ptz377bwb8/1,2026-09-26,virus,,,IMG_0630.JPG,,,external_test,folder-mapped(paper-T1+visual),CC BY 4.0,0,0,1
central_java,v1,https://data.mendeley.com/datasets/ptz377bwb8/1,2026-09-26,virus,,,IMG_0633.JPG,,,external_test,folder-mapped(paper-T1+visual),CC BY 4.0,0,0,1
central_java,v1,https://data.mendeley.com/datasets/ptz377bwb8/1,2026-09-26,virus,,,IMG_0634.JPG,,,external_test,folder-mapped(paper-T1+visual),CC BY 4.0,0,0,1
central_java,v1,https://data.mendeley.com/datasets/ptz377bwb8/1,2026-09-26,virus,,,IMG_0635.JPG,,,external_test,folder-mapped(paper-T1+visual),CC BY 4.0,0,0,1
central_java,v1,https://data.mendeley.com/datasets/ptz377bwb8/1,2026-09-26,virus,,,IMG_0637.JPG,,,external_test,folder-mapped(paper-T1+visual),CC BY 4.0,0,0,1
central_java,v1,https://data.mendeley.com/datasets/ptz377bwb8/1,2026-09-26,virus,,,IMG_0638.JPG,,,external_test,folder-mapped(paper-T1+visual),CC BY 4.0,0,0,1
central_java,v1,https://data.mendeley.com/datasets/ptz377bwb8/1,2026-09-26,virus,,,IMG_0644.JPG,,,external_test,folder-mapped(paper-T1+visual),CC BY 4.0,0,0,1
central_java,v1,https://data.mendeley.com/datasets/ptz377bwb8/1,2026-09-26,virus,,,IMG_0645.JPG,,,external_test,folder-mapped(paper-T1+visual),CC BY 4.0,0,0,1
central_java,v1,https://data.mendeley.com/datasets/ptz377bwb8/1,2026-09-26,virus,,,IMG_0646.JPG,,,external_test,folder-mapped(paper-T1+visual),CC BY 4.0,0,0,1
central_java,v1,https://data.mendeley.com/datasets/ptz377bwb8/1,2026-09-26,virus,,,IMG_0647.JPG,,,external_test,folder-mapped(paper-T1+visual),CC BY 4.0,0,0,1
central_java,v1,https://data.mendeley.com/datasets/ptz377bwb8/1,2026-09-26,virus,,,IMG_0649.JPG,,,external_test,folder-mapped(paper-T1+visual),CC BY 4.0,0,0,1
central_java,v1,https://data.mendeley.com/datasets/ptz377bwb8/1,2026-09-26,virus,,,IMG_0650.JPG,,,external_test,folder-mapped(paper-T1+visual),CC BY 4.0,0,0,1
central_java,v1,https://data.mendeley.com/datasets/ptz377bwb8/1,2026-09-26,virus,,,IMG_0651.JPG,,,external_test,folder-mapped(paper-T1+visual),CC BY 4.0,0,0,1
central_java,v1,https://data.mendeley.com/datasets/ptz377bwb8/1,2026-09-26,virus,,,IMG_0652.JPG,,,external_test,folder-mapped(paper-T1+visual),CC BY 4.0,0,0,1
central_java,v1,https://data.mendeley.com/datasets/ptz377bwb8/1,2026-09-26,virus,,,IMG_0653.JPG,,,external_test,folder-mapped(paper-T1+visual),CC BY 4.0,0,0,1
central_java,v1,https://data.mendeley.com/datasets/ptz377bwb8/1,2026-09-26,virus,,,IMG_0654.JPG,,,external_test,folder-mapped(paper-T1+visual),CC BY 4.0,0,0,1
central_java,v1,https://data.mendeley.com/datasets/ptz377bwb8/1,2026-09-26,virus,,,IMG_0685.JPG,,,external_test,folder-mapped(paper-T1+visual),CC BY 4.0,0,0,1
central_java,v1,https://data.mendeley.com/datasets/ptz377bwb8/1,2026-09-26,virus,,,IMG_0703.JPG,,,external_test,folder-mapped(paper-T1+visual),CC BY 4.0,0,0,1
central_java,v1,https://data.mendeley.com/datasets/ptz377bwb8/1,2026-09-26,virus,,,IMG_0722.JPG,,,external_test,folder-mapped(paper-T1+visual),CC BY 4.0,0,0,1
central_java,v1,https://data.mendeley.com/datasets/ptz377bwb8/1,2026-09-26,virus,,,IMG_0738.JPG,,,external_test,folder-mapped(paper-T1+visual),CC BY 4.0,0,0,1
central_java,v1,https://data.mendeley.com/datasets/ptz377bwb8/1,2026-09-26,virus,,,IMG_0786.JPG,,,external_test,folder-mapped(paper-T1+visual),CC BY 4.0,0,0,1
central_java,v1,https://data.mendeley.com/datasets/ptz377bwb8/1,2026-09-26,virus,,,IMG_0787.JPG,,,external_test,folder-mapped(paper-T1+visual),CC BY 4.0,0,0,1
central_java,v1,https://data.mendeley.com/datasets/ptz377bwb8/1,2026-09-26,virus,,,IMG_0788.JPG,,,external_test,folder-mapped(paper-T1+visual),CC BY 4.0,0,0,1
central_java,v1,https://data.mendeley.com/datasets/ptz377bwb8/1,2026-09-26,virus,,,IMG_0789.JPG,,,external_test,folder-mapped(paper-T1+visual),CC BY 4.0,0,0,1
central_java,v1,https://data.mendeley.com/datasets/ptz377bwb8/1,2026-09-26,virus,,,IMG_0808.JPG,,,external_test,folder-mapped(paper-T1+visual),CC BY 4.0,0,0,1
central_java,v1,https://data.mendeley.com/datasets/ptz377bwb8/1,2026-09-26,virus,,,IMG_0812.JPG,,,external_test,folder-mapped(paper-T1+visual),CC BY 4.0,0,0,1
central_java,v1,https://data.mendeley.com/datasets/ptz377bwb8/1,2026-09-26,virus,,,IMG_0813.JPG,,,external_test,folder-mapped(paper-T1+visual),CC BY 4.0,0,0,1
central_java,v1,https://data.mendeley.com/datasets/ptz377bwb8/1,2026-09-26,virus,,,IMG_0819.JPG,,,external_test,folder-mapped(paper-T1+visual),CC BY 4.0,0,0,1
central_java,v1,https://data.mendeley.com/datasets/ptz377bwb8/1,2026-09-26,virus,,,IMG_0820.JPG,,,external_test,folder-mapped(paper-T1+visual),CC BY 4.0,0,0,1
central_java,v1,https://data.mendeley.com/datasets/ptz377bwb8/1,2026-09-26,virus,,,IMG_0821.JPG,,,external_test,folder-mapped(paper-T1+visual),CC BY 4.0,0,0,1
central_java,v1,https://data.mendeley.com/datasets/ptz377bwb8/1,2026-09-26,virus,,,IMG_0830.JPG,,,external_test,folder-mapped(paper-T1+visual),CC BY 4.0,0,0,1
central_java,v1,https://data.mendeley.com/datasets/ptz377bwb8/1,2026-09-26,virus,,,IMG_0840.JPG,,,external_test,folder-mapped(paper-T1+visual),CC BY 4.0,0,0,1
central_java,v1,https://data.mendeley.com/datasets/ptz377bwb8/1,2026-09-26,virus,,,IMG_0844.JPG,,,external_test,folder-mapped(paper-T1+visual),CC BY 4.0,0,0,1
central_java,v1,https://data.mendeley.com/datasets/ptz377bwb8/1,2026-09-26,virus,,,IMG_0861.JPG,,,external_test,folder-mapped(paper-T1+visual),CC BY 4.0,0,0,1
central_java,v1,https://data.mendeley.com/datasets/ptz377bwb8/1,2026-09-26,virus,,,IMG_0863.JPG,,,external_test,folder-mapped(paper-T1+visual),CC BY 4.0,0,0,1
central_java,v1,https://data.mendeley.com/datasets/ptz377bwb8/1,2026-09-26,virus,,,IMG_0865.JPG,,,external_test,folder-mapped(paper-T1+visual),CC BY 4.0,0,0,1
central_java,v1,https://data.mendeley.com/datasets/ptz377bwb8/1,2026-09-26,virus,,,IMG_0933.JPG,,,external_test,folder-mapped(paper-T1+visual),CC BY 4.0,0,0,1
central_java,v1,https://data.mendeley.com/datasets/ptz377bwb8/1,2026-09-26,virus,,,IMG_0934.JPG,,,external_test,folder-mapped(paper-T1+visual),CC BY 4.0,0,0,1
central_java,v1,https://data.mendeley.com/datasets/ptz377bwb8/1,2026-09-26,virus,,,IMG_0952.JPG,,,external_test,folder-mapped(paper-T1+visual),CC BY 4.0,0,0,1
central_java,v1,https://data.mendeley.com/datasets/ptz377bwb8/1,2026-09-26,virus,,,IMG_0953.JPG,,,external_test,folder-mapped(paper-T1+visual),CC BY 4.0,0,0,1
central_java,v1,https://data.mendeley.com/datasets/ptz377bwb8/1,2026-09-26,virus,,,IMG_0967.JPG,,,external_test,folder-mapped(paper-T1+visual),CC BY 4.0,0,0,1
central_java,v1,https://data.mendeley.com/datasets/ptz377bwb8/1,2026-09-26,virus,,,IMG_0968.JPG,,,external_test,folder-mapped(paper-T1+visual),CC BY 4.0,0,0,1
central_java,v1,https://data.mendeley.com/datasets/ptz377bwb8/1,2026-09-26,virus,,,IMG_0978.JPG,,,external_test,folder-mapped(paper-T1+visual),CC BY 4.0,0,0,1
central_java,v1,https://data.mendeley.com/datasets/ptz377bwb8/1,2026-09-26,virus,,,IMG_0981.JPG,,,external_test,folder-mapped(paper-T1+visual),CC BY 4.0,0,0,1
central_java,v1,https://data.mendeley.com/datasets/ptz377bwb8/1,2026-09-26,virus,,,IMG_0982.JPG,,,external_test,folder-mapped(paper-T1+visual),CC BY 4.0,0,0,1
central_java,v1,https://data.mendeley.com/datasets/ptz377bwb8/1,2026-09-26,virus,,,IMG_0983.JPG,,,external_test,folder-mapped(paper-T1+visual),CC BY 4.0,0,0,1
central_java,v1,https://data.mendeley.com/datasets/ptz377bwb8/1,2026-09-26,virus,,,IMG_0984.JPG,,,external_test,folder-mapped(paper-T1+visual),CC BY 4.0,0,0,1
central_java,v1,https://data.mendeley.com/datasets/ptz377bwb8/1,2026-09-26,virus,,,IMG_0986.JPG,,,external_test,folder-mapped(paper-T1+visual),CC BY 4.0,0,0,1
central_java,v1,https://data.mendeley.com/datasets/ptz377bwb8/1,2026-09-26,virus,,,IMG_0987.JPG,,,external_test,folder-mapped(paper-T1+visual),CC BY 4.0,0,0,1
central_java,v1,https://data.mendeley.com/datasets/ptz377bwb8/1,2026-09-26,virus,,,IMG_0988.JPG,,,external_test,folder-mapped(paper-T1+visual),CC BY 4.0,0,0,1
central_java,v1,https://data.mendeley.com/datasets/ptz377bwb8/1,2026-09-26,virus,,,IMG_0989.JPG,,,external_test,folder-mapped(paper-T1+visual),CC BY 4.0,0,0,1
central_java,v1,https://data.mendeley.com/datasets/ptz377bwb8/1,2026-09-26,virus,,,IMG_0991.JPG,,,external_test,folder-mapped(paper-T1+visual),CC BY 4.0,0,0,1
central_java,v1,https://data.mendeley.com/datasets/ptz377bwb8/1,2026-09-26,virus,,,IMG_0993.JPG,,,external_test,folder-mapped(paper-T1+visual),CC BY 4.0,0,0,1
central_java,v1,https://data.mendeley.com/datasets/ptz377bwb8/1,2026-09-26,virus,,,IMG_0994.JPG,,,external_test,folder-mapped(paper-T1+visual),CC BY 4.0,0,0,1
central_java,v1,https://data.mendeley.com/datasets/ptz377bwb8/1,2026-09-26,virus,,,IMG_0995.JPG,,,external_test,folder-mapped(paper-T1+visual),CC BY 4.0,0,0,1
central_java,v1,https://data.mendeley.com/datasets/ptz377bwb8/1,2026-09-26,virus,,,IMG_0996.JPG,,,external_test,folder-mapped(paper-T1+visual),CC BY 4.0,0,0,1
central_java,v1,https://data.mendeley.com/datasets/ptz377bwb8/1,2026-09-26,virus,,,IMG_0997.JPG,,,external_test,folder-mapped(paper-T1+visual),CC BY 4.0,0,0,1
central_java,v1,https://data.mendeley.com/datasets/ptz377bwb8/1,2026-09-26,virus,,,IMG_0999.JPG,,,external_test,folder-mapped(paper-T1+visual),CC BY 4.0,0,0,1
central_java,v1,https://data.mendeley.com/datasets/ptz377bwb8/1,2026-09-26,virus,,,IMG_1001.JPG,,,external_test,folder-mapped(paper-T1+visual),CC BY 4.0,0,0,1
central_java,v1,https://data.mendeley.com/datasets/ptz377bwb8/1,2026-09-26,virus,,,IMG_1010.JPG,,,external_test,folder-mapped(paper-T1+visual),CC BY 4.0,0,0,1
central_java,v1,https://data.mendeley.com/datasets/ptz377bwb8/1,2026-09-26,virus,,,IMG_1053.JPG,,,external_test,folder-mapped(paper-T1+visual),CC BY 4.0,0,0,1
central_java,v1,https://data.mendeley.com/datasets/ptz377bwb8/1,2026-09-26,virus,,,IMG_1057.JPG,,,external_test,folder-mapped(paper-T1+visual),CC BY 4.0,0,0,1
central_java,v1,https://data.mendeley.com/datasets/ptz377bwb8/1,2026-09-26,virus,,,IMG_1058.JPG,,,external_test,folder-mapped(paper-T1+visual),CC BY 4.0,0,0,1
central_java,v1,https://data.mendeley.com/datasets/ptz377bwb8/1,2026-09-26,virus,,,IMG_1059.JPG,,,external_test,folder-mapped(paper-T1+visual),CC BY 4.0,0,0,1
central_java,v1,https://data.mendeley.com/datasets/ptz377bwb8/1,2026-09-26,virus,,,IMG_1071.JPG,,,external_test,folder-mapped(paper-T1+visual),CC BY 4.0,0,0,1
central_java,v1,https://data.mendeley.com/datasets/ptz377bwb8/1,2026-09-26,virus,,,IMG_1072.JPG,,,external_test,folder-mapped(paper-T1+visual),CC BY 4.0,0,0,1
central_java,v1,https://data.mendeley.com/datasets/ptz377bwb8/1,2026-09-26,virus,,,IMG_1073.JPG,,,external_test,folder-mapped(paper-T1+visual),CC BY 4.0,0,0,1
central_java,v1,https://data.mendeley.com/datasets/ptz377bwb8/1,2026-09-26,virus,,,IMG_1085.JPG,,,external_test,folder-mapped(paper-T1+visual),CC BY 4.0,0,0,1
central_java,v1,https://data.mendeley.com/datasets/ptz377bwb8/1,2026-09-26,virus,,,IMG_1098.JPG,,,external_test,folder-mapped(paper-T1+visual),CC BY 4.0,0,0,1
central_java,v1,https://data.mendeley.com/datasets/ptz377bwb8/1,2026-09-26,virus,,,IMG_1103.JPG,,,external_test,folder-mapped(paper-T1+visual),CC BY 4.0,0,0,1
central_java,v1,https://data.mendeley.com/datasets/ptz377bwb8/1,2026-09-26,virus,,,IMG_1104.JPG,,,external_test,folder-mapped(paper-T1+visual),CC BY 4.0,0,0,1
central_java,v1,https://data.mendeley.com/datasets/ptz377bwb8/1,2026-09-26,virus,,,IMG_1105.JPG,,,external_test,folder-mapped(paper-T1+visual),CC BY 4.0,0,0,1
central_java,v1,https://data.mendeley.com/datasets/ptz377bwb8/1,2026-09-26,virus,,,IMG_1106.JPG,,,external_test,folder-mapped(paper-T1+visual),CC BY 4.0,0,0,1
central_java,v1,https://data.mendeley.com/datasets/ptz377bwb8/1,2026-09-26,virus,,,IMG_1119.JPG,,,external_test,folder-mapped(paper-T1+visual),CC BY 4.0,0,0,1
central_java,v1,https://data.mendeley.com/datasets/ptz377bwb8/1,2026-09-26,virus,,,IMG_1120.JPG,,,external_test,folder-mapped(paper-T1+visual),CC BY 4.0,0,0,1
central_java,v1,https://data.mendeley.com/datasets/ptz377bwb8/1,2026-09-26,virus,,,IMG_1121.JPG,,,external_test,folder-mapped(paper-T1+visual),CC BY 4.0,0,0,1
central_java,v1,https://data.mendeley.com/datasets/ptz377bwb8/1,2026-09-26,virus,,,IMG_1122.JPG,,,external_test,folder-mapped(paper-T1+visual),CC BY 4.0,0,0,1
central_java,v1,https://data.mendeley.com/datasets/ptz377bwb8/1,2026-09-26,virus,,,IMG_1125.JPG,,,external_test,folder-mapped(paper-T1+visual),CC BY 4.0,0,0,1
central_java,v1,https://data.mendeley.com/datasets/ptz377bwb8/1,2026-09-26,virus,,,IMG_1127.JPG,,,external_test,folder-mapped(paper-T1+visual),CC BY 4.0,0,0,1
central_java,v1,https://data.mendeley.com/datasets/ptz377bwb8/1,2026-09-26,virus,,,IMG_1144.JPG,,,external_test,folder-mapped(paper-T1+visual),CC BY 4.0,0,0,1
central_java,v1,https://data.mendeley.com/datasets/ptz377bwb8/1,2026-09-26,virus,,,IMG_1146.JPG,,,external_test,folder-mapped(paper-T1+visual),CC BY 4.0,0,0,1
central_java,v1,https://data.mendeley.com/datasets/ptz377bwb8/1,2026-09-26,virus,,,IMG_1222.JPG,,,external_test,folder-mapped(paper-T1+visual),CC BY 4.0,0,0,1
central_java,v1,https://data.mendeley.com/datasets/ptz377bwb8/1,2026-09-26,virus,,,IMG_1223.JPG,,,external_test,folder-mapped(paper-T1+visual),CC BY 4.0,0,0,1
central_java,v1,https://data.mendeley.com/datasets/ptz377bwb8/1,2026-09-26,virus,,,IMG_1230.JPG,,,external_test,folder-mapped(paper-T1+visual),CC BY 4.0,0,0,1
central_java,v1,https://data.mendeley.com/datasets/ptz377bwb8/1,2026-09-26,virus,,,IMG_1254.JPG,,,external_test,folder-mapped(paper-T1+visual),CC BY 4.0,0,0,1
central_java,v1,https://data.mendeley.com/datasets/ptz377bwb8/1,2026-09-26,virus,,,IMG_1265.JPG,,,external_test,folder-mapped(paper-T1+visual),CC BY 4.0,0,0,1
central_java,v1,https://data.mendeley.com/datasets/ptz377bwb8/1,2026-09-26,virus,,,IMG_1266.JPG,,,external_test,folder-mapped(paper-T1+visual),CC BY 4.0,0,0,1
central_java,v1,https://data.mendeley.com/datasets/ptz377bwb8/1,2026-09-26,virus,,,IMG_20230815_112603~2.jpg,,,external_test,folder-mapped(paper-T1+visual),CC BY 4.0,0,0,1
central_java,v1,https://data.mendeley.com/datasets/ptz377bwb8/1,2026-09-26,virus,,,IMG_20230815_115317~2.jpg,,,external_test,folder-mapped(paper-T1+visual),CC BY 4.0,0,0,1
central_java,v1,https://data.mendeley.com/datasets/ptz377bwb8/1,2026-09-26,virus,,,IMG_20230815_115355~2.jpg,,,external_test,folder-mapped(paper-T1+visual),CC BY 4.0,0,0,1
central_java,v1,https://data.mendeley.com/datasets/ptz377bwb8/1,2026-09-26,virus,,,IMG_20230815_120802~2.jpg,,,external_test,folder-mapped(paper-T1+visual),CC BY 4.0,0,0,1
central_java,v1,https://data.mendeley.com/datasets/ptz377bwb8/1,2026-09-26,virus,,,IMG_20230815_150415.jpg,,,external_test,folder-mapped(paper-T1+visual),CC BY 4.0,0,0,1
central_java,v1,https://data.mendeley.com/datasets/ptz377bwb8/1,2026-09-26,virus,,,IMG_20230815_151108.jpg,,,external_test,folder-mapped(paper-T1+visual),CC BY 4.0,0,0,1
central_java,v1,https://data.mendeley.com/datasets/ptz377bwb8/1,2026-09-26,virus,,,IMG_20230815_152645_Burst01.jpg,,,external_test,folder-mapped(paper-T1+visual),CC BY 4.0,0,0,1
central_java,v1,https://data.mendeley.com/datasets/ptz377bwb8/1,2026-09-26,virus,,,IMG_20230815_152740.jpg,,,external_test,folder-mapped(paper-T1+visual),CC BY 4.0,0,0,1
central_java,v1,https://data.mendeley.com/datasets/ptz377bwb8/1,2026-09-26,virus,,,IMG_20230815_152740(1).jpg,,,external_test,folder-mapped(paper-T1+visual),CC BY 4.0,0,0,1
central_java,v1,https://data.mendeley.com/datasets/ptz377bwb8/1,2026-09-26,virus,,,IMG_20230815_153050~2.jpg,,,external_test,folder-mapped(paper-T1+visual),CC BY 4.0,0,0,1
central_java,v1,https://data.mendeley.com/datasets/ptz377bwb8/1,2026-09-26,virus,,,IMG_20230815_153212~2.jpg,,,external_test,folder-mapped(paper-T1+visual),CC BY 4.0,0,0,1
central_java,v1,https://data.mendeley.com/datasets/ptz377bwb8/1,2026-09-26,virus,,,IMG_20230815_153724.jpg,,,external_test,folder-mapped(paper-T1+visual),CC BY 4.0,0,0,1
central_java,v1,https://data.mendeley.com/datasets/ptz377bwb8/1,2026-09-26,virus,,,IMG_20230816_075730.jpg,,,external_test,folder-mapped(paper-T1+visual),CC BY 4.0,0,0,1
central_java,v1,https://data.mendeley.com/datasets/ptz377bwb8/1,2026-09-26,virus,,,IMG_20230816_075736.jpg,,,external_test,folder-mapped(paper-T1+visual),CC BY 4.0,0,0,1
central_java,v1,https://data.mendeley.com/datasets/ptz377bwb8/1,2026-09-26,virus,,,IMG_20230816_075908.jpg,,,external_test,folder-mapped(paper-T1+visual),CC BY 4.0,0,0,1
central_java,v1,https://data.mendeley.com/datasets/ptz377bwb8/1,2026-09-26,virus,,,IMG_20230816_081247.jpg,,,external_test,folder-mapped(paper-T1+visual),CC BY 4.0,0,0,1
central_java,v1,https://data.mendeley.com/datasets/ptz377bwb8/1,2026-09-26,virus,,,IMG_20230816_081814.jpg,,,external_test,folder-mapped(paper-T1+visual),CC BY 4.0,0,0,1
central_java,v1,https://data.mendeley.com/datasets/ptz377bwb8/1,2026-09-26,virus,,,IMG_20230816_082237.jpg,,,external_test,folder-mapped(paper-T1+visual),CC BY 4.0,0,0,1
central_java,v1,https://data.mendeley.com/datasets/ptz377bwb8/1,2026-09-26,virus,,,IMG_20230816_113505~2.jpg,,,external_test,folder-mapped(paper-T1+visual),CC BY 4.0,0,0,1
central_java,v1,https://data.mendeley.com/datasets/ptz377bwb8/1,2026-09-26,virus,,,IMG_20230816_115049~2.jpg,,,external_test,folder-mapped(paper-T1+visual),CC BY 4.0,0,0,1
central_java,v1,https://data.mendeley.com/datasets/ptz377bwb8/1,2026-09-26,virus,,,IMG_20230816_115306~2.jpg,,,external_test,folder-mapped(paper-T1+visual),CC BY 4.0,0,0,1
central_java,v1,https://data.mendeley.com/datasets/ptz377bwb8/1,2026-09-26,virus,,,IMG_4808.JPG,,,external_test,folder-mapped(paper-T1+visual),CC BY 4.0,0,0,1
central_java,v1,https://data.mendeley.com/datasets/ptz377bwb8/1,2026-09-26,virus,,,IMG_4809.JPG,,,external_test,folder-mapped(paper-T1+visual),CC BY 4.0,0,0,1
central_java,v1,https://data.mendeley.com/datasets/ptz377bwb8/1,2026-09-26,virus,,,IMG_8108.JPG,,,external_test,folder-mapped(paper-T1+visual),CC BY 4.0,0,0,1
central_java,v1,https://data.mendeley.com/datasets/ptz377bwb8/1,2026-09-26,virus,,,IMG_8192.JPG,,,external_test,folder-mapped(paper-T1+visual),CC BY 4.0,0,0,1
central_java,v1,https://data.mendeley.com/datasets/ptz377bwb8/1,2026-09-26,virus,,,IMG_8194.JPG,,,external_test,folder-mapped(paper-T1+visual),CC BY 4.0,0,0,1
central_java,v1,https://data.mendeley.com/datasets/ptz377bwb8/1,2026-09-26,virus,,,IMG_8206.JPG,,,external_test,folder-mapped(paper-T1+visual),CC BY 4.0,0,0,1
central_java,v1,https://data.mendeley.com/datasets/ptz377bwb8/1,2026-09-26,virus,,,IMG_8207.JPG,,,external_test,folder-mapped(paper-T1+visual),CC BY 4.0,0,0,1
central_java,v1,https://data.mendeley.com/datasets/ptz377bwb8/1,2026-09-26,virus,,,IMG_8208.JPG,,,external_test,folder-mapped(paper-T1+visual),CC BY 4.0,0,0,1
central_java,v1,https://data.mendeley.com/datasets/ptz377bwb8/1,2026-09-26,virus,,,IMG_8209.JPG,,,external_test,folder-mapped(paper-T1+visual),CC BY 4.0,0,0,1
central_java,v1,https://data.mendeley.com/datasets/ptz377bwb8/1,2026-09-26,virus,,,IMG_8211.JPG,,,external_test,folder-mapped(paper-T1+visual),CC BY 4.0,0,0,1
central_java,v1,https://data.mendeley.com/datasets/ptz377bwb8/1,2026-09-26,virus,,,IMG_8222.JPG,,,external_test,folder-mapped(paper-T1+visual),CC BY 4.0,0,0,1
central_java,v1,https://data.mendeley.com/datasets/ptz377bwb8/1,2026-09-26,virus,,,IMG_8226.JPG,,,external_test,folder-mapped(paper-T1+visual),CC BY 4.0,0,0,1
central_java,v1,https://data.mendeley.com/datasets/ptz377bwb8/1,2026-09-26,virus,,,IMG_8228.JPG,,,external_test,folder-mapped(paper-T1+visual),CC BY 4.0,0,0,1
central_java,v1,https://data.mendeley.com/datasets/ptz377bwb8/1,2026-09-26,virus,,,IMG_8232.JPG,,,external_test,folder-mapped(paper-T1+visual),CC BY 4.0,0,0,1
central_java,v1,https://data.mendeley.com/datasets/ptz377bwb8/1,2026-09-26,virus,,,IMG_8256.JPG,,,external_test,folder-mapped(paper-T1+visual),CC BY 4.0,0,0,1
central_java,v1,https://data.mendeley.com/datasets/ptz377bwb8/1,2026-09-26,virus,,,IMG_8258.JPG,,,external_test,folder-mapped(paper-T1+visual),CC BY 4.0,0,0,1
central_java,v1,https://data.mendeley.com/datasets/ptz377bwb8/1,2026-09-26,virus,,,IMG_8259.JPG,,,external_test,folder-mapped(paper-T1+visual),CC BY 4.0,0,0,1
central_java,v1,https://data.mendeley.com/datasets/ptz377bwb8/1,2026-09-26,virus,,,IMG_8260.JPG,,,external_test,folder-mapped(paper-T1+visual),CC BY 4.0,0,0,1
central_java,v1,https://data.mendeley.com/datasets/ptz377bwb8/1,2026-09-26,virus,,,IMG_8272.JPG,,,external_test,folder-mapped(paper-T1+visual),CC BY 4.0,0,0,1
central_java,v1,https://data.mendeley.com/datasets/ptz377bwb8/1,2026-09-26,virus,,,IMG_8342.JPG,,,external_test,folder-mapped(paper-T1+visual),CC BY 4.0,0,0,1
central_java,v1,https://data.mendeley.com/datasets/ptz377bwb8/1,2026-09-26,virus,,,IMG_9522.JPG,,,external_test,folder-mapped(paper-T1+visual),CC BY 4.0,0,0,1
central_java,v1,https://data.mendeley.com/datasets/ptz377bwb8/1,2026-09-26,virus,,,IMG_9527.JPG,,,external_test,folder-mapped(paper-T1+visual),CC BY 4.0,0,0,1
central_java,v1,https://data.mendeley.com/datasets/ptz377bwb8/1,2026-09-26,virus,,,IMG_9528.JPG,,,external_test,folder-mapped(paper-T1+visual),CC BY 4.0,0,0,1
central_java,v1,https://data.mendeley.com/datasets/ptz377bwb8/1,2026-09-26,virus,,,IMG_9529.JPG,,,external_test,folder-mapped(paper-T1+visual),CC BY 4.0,0,0,1
central_java,v1,https://data.mendeley.com/datasets/ptz377bwb8/1,2026-09-26,virus,,,IMG_9541.JPG,,,external_test,folder-mapped(paper-T1+visual),CC BY 4.0,0,0,1
central_java,v1,https://data.mendeley.com/datasets/ptz377bwb8/1,2026-09-26,virus,,,IMG_9545.JPG,,,external_test,folder-mapped(paper-T1+visual),CC BY 4.0,0,0,1
central_java,v1,https://data.mendeley.com/datasets/ptz377bwb8/1,2026-09-26,virus,,,IMG_9546.JPG,,,external_test,folder-mapped(paper-T1+visual),CC BY 4.0,0,0,1
central_java,v1,https://data.mendeley.com/datasets/ptz377bwb8/1,2026-09-26,virus,,,IMG_9547.JPG,,,external_test,folder-mapped(paper-T1+visual),CC BY 4.0,0,0,1
central_java,v1,https://data.mendeley.com/datasets/ptz377bwb8/1,2026-09-26,virus,,,IMG_9548.JPG,,,external_test,folder-mapped(paper-T1+visual),CC BY 4.0,0,0,1
