filepath,label,source
D:\Potato\IrishPotato37G_full\lateblt\lateblt1169.jpg,late_blight,irish
D:\Potato\IrishPotato37G_full\healthy\healthy3696.jpg,healthy,irish
D:\Potato\non_leaf\coco_person\000000255749.jpg,non_leaf,coco_person
D:\Potato\PlantVillage\Potato___Early_blight\fc87399a-b45c-4b0f-a6c9-54f0e4f9d3c5___RS_Early.B 7277.JPG,early_blight,plantvillage
D:\Potato\PlantVillage\Potato___Early_blight\46dc77f0-be88-4887-b1f7-82adff9aaa39___RS_Early.B 7750.JPG,early_blight,plantvillage
D:\Potato\IrishPotato37G_full\healthy\healthy151.jpg,healthy,irish
D:\Potato\IrishPotato37G_full\earlyblt\earlyblt1509.jpg,early_blight,irish
D:\Potato\IrishPotato37G_full\earlyblt\earlyblt108.jpg,early_blight,irish
D:\Potato\IrishPotato37G_full\lateblt\lateblt552.jpg,late_blight,irish
D:\Potato\IrishPotato37G_full\healthy\healthy807.jpg,healthy,irish
D:\Potato\non_leaf\coco_person\000000044195.jpg,non_leaf,coco_person
D:\Potato\IrishPotato37G_full\healthy\healthy4214.jpg,healthy,irish
D:\Potato\IrishPotato37G_full\healthy\healthy3324.jpg,healthy,irish
D:\Potato\IrishPotato37G_full\earlyblt\earlyblt3404.jpg,early_blight,irish
D:\Potato\PlantVillage\Potato___Early_blight\334fd34b-f4aa-4cc2-9ac9-8b85df65b96c___RS_Early.B 6773.JPG,early_blight,plantvillage
D:\Potato\IrishPotato37G_full\healthy\healthy3111.jpg,healthy,irish
D:\Potato\IrishPotato37G_full\lateblt\lateblt519.jpg,late_blight,irish
D:\Potato\IrishPotato37G_full\lateblt\lateblt2618.jpg,late_blight,irish
D:\Potato\IrishPotato37G_full\healthy\healthy3659.jpg,healthy,irish
D:\Potato\PlantVillage\Potato___Late_blight\d3e6cc68-6d84-406f-9e02-b81f8051ecb3___RS_LB 3992.JPG,late_blight,plantvillage
D:\Potato\IrishPotato37G_full\lateblt\lateblt849.jpg,late_blight,irish
D:\Potato\IrishPotato37G_full\healthy\healthy3729.jpg,healthy,irish
D:\Potato\IrishPotato37G_full\earlyblt\earlyblt3708.jpg,early_blight,irish
D:\Potato\IrishPotato37G_full\earlyblt\earlyblt2075.jpg,early_blight,irish
D:\Potato\IrishPotato37G_full\earlyblt\earlyblt3140.jpg,early_blight,irish
D:\Potato\IrishPotato37G_full\lateblt\lateblt796.jpg,late_blight,irish
D:\Potato\IrishPotato37G_full\lateblt\lateblt1336.jpg,late_blight,irish
D:\Potato\IrishPotato37G_full\earlyblt\earlyblt6624.jpg,early_blight,irish
D:\Potato\IrishPotato37G_full\earlyblt\earlyblt883.jpg,early_blight,irish
D:\Potato\IrishPotato37G_full\lateblt\lateblt1690.jpg,late_blight,irish
D:\Potato\IrishPotato37G_full\earlyblt\earlyblt1157.jpg,early_blight,irish
D:\Potato\IrishPotato37G_full\lateblt\lateblt1428.jpg,late_blight,irish
D:\Potato\IrishPotato37G_full\lateblt\lateblt1359.jpg,late_blight,irish
D:\Potato\IrishPotato37G_full\lateblt\lateblt1304.jpg,late_blight,irish
D:\Potato\IrishPotato37G_full\healthy\healthy136.jpg,healthy,irish
D:\Potato\IrishPotato37G_full\earlyblt\earlyblt2430.jpg,early_blight,irish
D:\Potato\IrishPotato37G_full\lateblt\lateblt2186.jpg,late_blight,irish
D:\Potato\IrishPotato37G_full\earlyblt\earlyblt2583.jpg,early_blight,irish
D:\Potato\IrishPotato37G_full\healthy\healthy4246.jpg,healthy,irish
D:\Potato\PlantVillage\Potato___healthy\3c0d6888-c7e1-4cf8-9c25-9a0b8c62ba72___RS_HL 1780.JPG,healthy,plantvillage
D:\Potato\IrishPotato37G_full\lateblt\lateblt692.jpg,late_blight,irish
D:\Potato\IrishPotato37G_full\lateblt\lateblt2207.jpg,late_blight,irish
D:\Potato\IrishPotato37G_full\healthy\healthy618.jpg,healthy,irish
D:\Potato\IrishPotato37G_full\lateblt\lateblt561.jpg,late_blight,irish
D:\Potato\IrishPotato37G_full\healthy\healthy1144.jpg,healthy,irish
D:\Potato\IrishPotato37G_full\healthy\healthy4406.jpg,healthy,irish
D:\Potato\IrishPotato37G_full\healthy\healthy4252.jpg,healthy,irish
D:\Potato\IrishPotato37G_full\earlyblt\earlyblt3424.jpg,early_blight,irish
D:\Potato\IrishPotato37G_full\earlyblt\earlyblt1885.jpg,early_blight,irish
D:\Potato\IrishPotato37G_full\healthy\healthy3647.jpg,healthy,irish
D:\Potato\IrishPotato37G_full\lateblt\lateblt1343.jpg,late_blight,irish
D:\Potato\PlantVillage\Potato___Early_blight\b5127f55-debe-459a-98e5-4629750f9c38___RS_Early.B 7496.JPG,early_blight,plantvillage
D:\Potato\IrishPotato37G_full\lateblt\lateblt490.jpg,late_blight,irish
D:\Potato\IrishPotato37G_full\earlyblt\earlyblt6768.jpg,early_blight,irish
D:\Potato\non_leaf\coco_person\000000208423.jpg,non_leaf,coco_person
D:\Potato\IrishPotato37G_full\lateblt\lateblt2680.jpg,late_blight,irish
D:\Potato\IrishPotato37G_full\lateblt\lateblt1440.jpg,late_blight,irish
D:\Potato\IrishPotato37G_full\earlyblt\earlyblt3966.jpg,early_blight,irish
D:\Potato\IrishPotato37G_full\earlyblt\earlyblt1563.jpg,early_blight,irish
D:\Potato\PlantVillage\Potato___healthy\ef7005dc-1d44-412e-b858-145a2d7a6fa9___RS_HL 1951.JPG,healthy,plantvillage
D:\Potato\IrishPotato37G_full\lateblt\lateblt449.jpg,late_blight,irish
D:\Potato\IrishPotato37G_full\healthy\healthy4152.jpg,healthy,irish
D:\Potato\IrishPotato37G_full\healthy\healthy695.jpg,healthy,irish
D:\Potato\IrishPotato37G_full\healthy\healthy1334.jpg,healthy,irish
D:\Potato\IrishPotato37G_full\earlyblt\earlyblt2358.jpg,early_blight,irish
D:\Potato\IrishPotato37G_full\lateblt\lateblt5056.jpg,late_blight,irish
D:\Potato\IrishPotato37G_full\lateblt\lateblt2853.jpg,late_blight,irish
D:\Potato\non_leaf\coco_person\000000050006.jpg,non_leaf,coco_person
D:\Potato\IrishPotato37G_full\healthy\healthy3075.jpg,healthy,irish
D:\Potato\non_leaf\coco_person\000000441468.jpg,non_leaf,coco_person
D:\Potato\IrishPotato37G_full\healthy\healthy3942.jpg,healthy,irish
D:\Potato\IrishPotato37G_full\earlyblt\earlyblt2797.jpg,early_blight,irish
D:\Potato\IrishPotato37G_full\lateblt\lateblt2956.jpg,late_blight,irish
D:\Potato\IrishPotato37G_full\lateblt\lateblt1111.jpg,late_blight,irish
D:\Potato\IrishPotato37G_full\healthy\healthy1500.jpg,healthy,irish
D:\Potato\IrishPotato37G_full\lateblt\lateblt5014.jpg,late_blight,irish
D:\Potato\IrishPotato37G_full\healthy\healthy312.jpg,healthy,irish
D:\Potato\PlantVillage\Potato___Late_blight\c6d1bbe7-c1d8-4760-9bb2-a97eac1ca0a8___RS_LB 3838.JPG,late_blight,plantvillage
D:\Potato\PlantVillage\Potato___Early_blight\0ede4acd-3685-40d9-b52b-7b3cb6536fa8___RS_Early.B 7377.JPG,early_blight,plantvillage
D:\Potato\IrishPotato37G_full\earlyblt\earlyblt929.jpg,early_blight,irish
D:\Potato\IrishPotato37G_full\earlyblt\earlyblt4825.jpg,early_blight,irish
D:\Potato\IrishPotato37G_full\healthy\healthy2476.jpg,healthy,irish
D:\Potato\IrishPotato37G_full\earlyblt\earlyblt1404.jpg,early_blight,irish
D:\Potato\IrishPotato37G_full\healthy\healthy2100.jpg,healthy,irish
D:\Potato\IrishPotato37G_full\earlyblt\earlyblt915.jpg,early_blight,irish
D:\Potato\IrishPotato37G_full\lateblt\lateblt2542.jpg,late_blight,irish
D:\Potato\IrishPotato37G_full\earlyblt\earlyblt3431.jpg,early_blight,irish
D:\Potato\non_leaf\coco_person\000000229948.jpg,non_leaf,coco_person
D:\Potato\IrishPotato37G_full\earlyblt\earlyblt1814.jpg,early_blight,irish
D:\Potato\PlantVillage\Potato___Late_blight\b0137e92-ce1b-4523-95f0-7a827c206ee0___RS_LB 2913.JPG,late_blight,plantvillage
D:\Potato\IrishPotato37G_full\lateblt\lateblt2165.jpg,late_blight,irish
D:\Potato\IrishPotato37G_full\earlyblt\earlyblt2555.jpg,early_blight,irish
D:\Potato\IrishPotato37G_full\lateblt\lateblt715.jpg,late_blight,irish
D:\Potato\IrishPotato37G_full\lateblt\lateblt2546.jpg,late_blight,irish
D:\Potato\PlantVillage\Potato___Late_blight\eb5ff6de-b988-42d7-87bf-374a4b938af9___RS_LB 4234.JPG,late_blight,plantvillage
D:\Potato\non_leaf\coco_person\000000188465.jpg,non_leaf,coco_person
D:\Potato\IrishPotato37G_full\lateblt\lateblt1906.jpg,late_blight,irish
D:\Potato\IrishPotato37G_full\lateblt\lateblt231.jpg,late_blight,irish
D:\Potato\IrishPotato37G_full\lateblt\lateblt1612.jpg,late_blight,irish
D:\Potato\IrishPotato37G_full\earlyblt\earlyblt1195.jpg,early_blight,irish
D:\Potato\non_leaf\coco_person\000000232692.jpg,non_leaf,coco_person
D:\Potato\IrishPotato37G_full\healthy\healthy4153.jpg,healthy,irish
D:\Potato\IrishPotato37G_full\earlyblt\earlyblt2690.jpg,early_blight,irish
D:\Potato\IrishPotato37G_full\healthy\healthy3477.jpg,healthy,irish
D:\Potato\IrishPotato37G_full\earlyblt\earlyblt2261.jpg,early_blight,irish
D:\Potato\IrishPotato37G_full\lateblt\lateblt1685.jpg,late_blight,irish
D:\Potato\IrishPotato37G_full\healthy\healthy2157.jpg,healthy,irish
D:\Potato\non_leaf\coco_person\000000565563.jpg,non_leaf,coco_person
D:\Potato\PlantVillage\Potato___Late_blight\d3aa996a-f1d8-41bb-99bc-8f33ca2ea9ce___RS_LB 4404.JPG,late_blight,plantvillage
D:\Potato\IrishPotato37G_full\earlyblt\earlyblt115.jpg,early_blight,irish
D:\Potato\IrishPotato37G_full\earlyblt\earlyblt3125.jpg,early_blight,irish
D:\Potato\IrishPotato37G_full\earlyblt\earlyblt2631.jpg,early_blight,irish
D:\Potato\IrishPotato37G_full\healthy\healthy2108.jpg,healthy,irish
D:\Potato\PlantVillage\Potato___Late_blight\2269e6d9-bb15-49f1-8349-2f0126165960___RS_LB 3197.JPG,late_blight,plantvillage
D:\Potato\IrishPotato37G_full\lateblt\lateblt2219.jpg,late_blight,irish
D:\Potato\IrishPotato37G_full\earlyblt\earlyblt325.jpg,early_blight,irish
D:\Potato\IrishPotato37G_full\healthy\healthy585.jpg,healthy,irish
D:\Potato\IrishPotato37G_full\lateblt\lateblt2404.jpg,late_blight,irish
D:\Potato\IrishPotato37G_full\lateblt\lateblt206.jpg,late_blight,irish
D:\Potato\PlantVillage\Potato___Late_blight\573c1cb5-fb43-4b19-886d-638a87bc134b___RS_LB 4007.JPG,late_blight,plantvillage
D:\Potato\PlantVillage\Potato___Late_blight\9c3ad8d7-58cb-4e7d-85c0-22f5cf105906___RS_LB 4680.JPG,late_blight,plantvillage
D:\Potato\IrishPotato37G_full\earlyblt\earlyblt904.jpg,early_blight,irish
D:\Potato\IrishPotato37G_full\earlyblt\earlyblt2266.jpg,early_blight,irish
D:\Potato\PlantVillage\Potato___Late_blight\3888aab7-b07f-439b-80cc-c7f49004a67c___RS_LB 4156.JPG,late_blight,plantvillage
D:\Potato\IrishPotato37G_full\earlyblt\earlyblt2995.jpg,early_blight,irish
D:\Potato\IrishPotato37G_full\healthy\healthy2702.jpg,healthy,irish
D:\Potato\IrishPotato37G_full\lateblt\lateblt1510.jpg,late_blight,irish
D:\Potato\IrishPotato37G_full\earlyblt\earlyblt1902.jpg,early_blight,irish
D:\Potato\IrishPotato37G_full\lateblt\lateblt2487.jpg,late_blight,irish
D:\Potato\non_leaf\coco_person\000000357816.jpg,non_leaf,coco_person
D:\Potato\IrishPotato37G_full\healthy\healthy715.jpg,healthy,irish
D:\Potato\IrishPotato37G_full\lateblt\lateblt176.jpg,late_blight,irish
D:\Potato\non_leaf\coco_person\000000089296.jpg,non_leaf,coco_person
D:\Potato\PlantVillage\Potato___Early_blight\c777a0ce-5d2b-4e87-8cc4-d5f8847a4553___RS_Early.B 8239.JPG,early_blight,plantvillage
D:\Potato\PlantVillage\Potato___Late_blight\546fcdf5-862b-42fb-931d-a51a85dc843c___RS_LB 4403.JPG,late_blight,plantvillage
D:\Potato\IrishPotato37G_full\lateblt\lateblt2128.jpg,late_blight,irish
D:\Potato\IrishPotato37G_full\earlyblt\earlyblt2226.jpg,early_blight,irish
D:\Potato\IrishPotato37G_full\lateblt\lateblt2976.jpg,late_blight,irish
D:\Potato\IrishPotato37G_full\healthy\healthy1634.jpg,healthy,irish
D:\Potato\PlantVillage\Potato___Late_blight\2b974785-090d-4dae-81a2-ce3ebc2a1c68___RS_LB 4634.JPG,late_blight,plantvillage
D:\Potato\IrishPotato37G_full\healthy\healthy3070.jpg,healthy,irish
D:\Potato\IrishPotato37G_full\healthy\healthy4299.jpg,healthy,irish
D:\Potato\IrishPotato37G_full\lateblt\lateblt1125.jpg,late_blight,irish
D:\Potato\IrishPotato37G_full\lateblt\lateblt102.jpg,late_blight,irish
D:\Potato\IrishPotato37G_full\healthy\healthy2548.jpg,healthy,irish
D:\Potato\PlantVillage\Potato___Early_blight\37c72e1c-7981-4d84-9587-f5014b609230___RS_Early.B 7457.JPG,early_blight,plantvillage
D:\Potato\IrishPotato37G_full\healthy\healthy4658.jpg,healthy,irish
D:\Potato\IrishPotato37G_full\earlyblt\earlyblt2334.jpg,early_blight,irish
D:\Potato\IrishPotato37G_full\earlyblt\earlyblt1993.jpg,early_blight,irish
D:\Potato\IrishPotato37G_full\earlyblt\earlyblt910.jpg,early_blight,irish
D:\Potato\IrishPotato37G_full\lateblt\lateblt742.jpg,late_blight,irish
D:\Potato\IrishPotato37G_full\lateblt\lateblt5031.jpg,late_blight,irish
D:\Potato\IrishPotato37G_full\healthy\healthy1703.jpg,healthy,irish
D:\Potato\IrishPotato37G_full\earlyblt\earlyblt3958.jpg,early_blight,irish
D:\Potato\IrishPotato37G_full\lateblt\lateblt870.jpg,late_blight,irish
D:\Potato\PlantVillage\Potato___Early_blight\a6dbc59a-ca8a-40e0-a896-3e2270d771bb___RS_Early.B 7195.JPG,early_blight,plantvillage
D:\Potato\non_leaf\coco_person\000000100510.jpg,non_leaf,coco_person
D:\Potato\IrishPotato37G_full\earlyblt\earlyblt6443.jpg,early_blight,irish
D:\Potato\PlantVillage\Potato___Early_blight\fa61b2e4-413c-4503-a2a2-cff2d8a11351___RS_Early.B 7370.JPG,early_blight,plantvillage
D:\Potato\IrishPotato37G_full\lateblt\lateblt1413.jpg,late_blight,irish
D:\Potato\IrishPotato37G_full\earlyblt\earlyblt6966.jpg,early_blight,irish
D:\Potato\IrishPotato37G_full\lateblt\lateblt2543.jpg,late_blight,irish
D:\Potato\IrishPotato37G_full\lateblt\lateblt659.jpg,late_blight,irish
D:\Potato\PlantVillage\Potato___Late_blight\889d5479-9d54-49b1-9aba-3af34e377592___RS_LB 2635.JPG,late_blight,plantvillage
D:\Potato\IrishPotato37G_full\earlyblt\earlyblt900.jpg,early_blight,irish
D:\Potato\IrishPotato37G_full\earlyblt\earlyblt6366.jpg,early_blight,irish
D:\Potato\IrishPotato37G_full\earlyblt\earlyblt3826.jpg,early_blight,irish
D:\Potato\non_leaf\coco_person\000000441442.jpg,non_leaf,coco_person
D:\Potato\IrishPotato37G_full\healthy\healthy4036.jpg,healthy,irish
D:\Potato\IrishPotato37G_full\lateblt\lateblt119.jpg,late_blight,irish
D:\Potato\IrishPotato37G_full\earlyblt\earlyblt1440.jpg,early_blight,irish
D:\Potato\non_leaf\coco_person\000000411953.jpg,non_leaf,coco_person
D:\Potato\IrishPotato37G_full\healthy\healthy109.jpg,healthy,irish
D:\Potato\IrishPotato37G_full\earlyblt\earlyblt3088.jpg,early_blight,irish
D:\Potato\IrishPotato37G_full\healthy\healthy2233.jpg,healthy,irish
D:\Potato\IrishPotato37G_full\lateblt\lateblt2491.jpg,late_blight,irish
D:\Potato\IrishPotato37G_full\lateblt\lateblt1990.jpg,late_blight,irish
D:\Potato\IrishPotato37G_full\healthy\healthy1791.jpg,healthy,irish
D:\Potato\IrishPotato37G_full\earlyblt\earlyblt1557.jpg,early_blight,irish
D:\Potato\non_leaf\coco_person\000000374545.jpg,non_leaf,coco_person
D:\Potato\non_leaf\coco_person\000000199771.jpg,non_leaf,coco_person
D:\Potato\IrishPotato37G_full\earlyblt\earlyblt2160.jpg,early_blight,irish
D:\Potato\PlantVillage\Potato___Late_blight\80e39105-97cd-4368-9e3a-b5498ae1c0a2___RS_LB 4474.JPG,late_blight,plantvillage
D:\Potato\IrishPotato37G_full\lateblt\lateblt841.jpg,late_blight,irish
D:\Potato\IrishPotato37G_full\earlyblt\earlyblt1167.jpg,early_blight,irish
D:\Potato\IrishPotato37G_full\healthy\healthy1695.jpg,healthy,irish
D:\Potato\IrishPotato37G_full\lateblt\lateblt2234.jpg,late_blight,irish
D:\Potato\IrishPotato37G_full\lateblt\lateblt2432.jpg,late_blight,irish
D:\Potato\IrishPotato37G_full\healthy\healthy3551.jpg,healthy,irish
D:\Potato\IrishPotato37G_full\healthy\healthy1486.jpg,healthy,irish
D:\Potato\IrishPotato37G_full\healthy\healthy4647.jpg,healthy,irish
D:\Potato\IrishPotato37G_full\healthy\healthy533.jpg,healthy,irish
D:\Potato\IrishPotato37G_full\earlyblt\earlyblt6049.jpg,early_blight,irish
D:\Potato\IrishPotato37G_full\lateblt\lateblt11.jpg,late_blight,irish
D:\Potato\PlantVillage\Potato___Late_blight\75fd327f-c30c-4b73-b7a1-fd11aab8206e___RS_LB 2508.JPG,late_blight,plantvillage
D:\Potato\non_leaf\coco_person\000000233727.jpg,non_leaf,coco_person
D:\Potato\IrishPotato37G_full\lateblt\lateblt5048.jpg,late_blight,irish
D:\Potato\IrishPotato37G_full\earlyblt\earlyblt1956.jpg,early_blight,irish
D:\Potato\IrishPotato37G_full\healthy\healthy4883.jpg,healthy,irish
D:\Potato\IrishPotato37G_full\lateblt\lateblt956.jpg,late_blight,irish
D:\Potato\PlantVillage\Potato___Early_blight\20978e65-f4d0-419a-bab9-f6042ab2d318___RS_Early.B 6868.JPG,early_blight,plantvillage
D:\Potato\non_leaf\coco_person\000000464476.jpg,non_leaf,coco_person
D:\Potato\IrishPotato37G_full\earlyblt\earlyblt6274.jpg,early_blight,irish
D:\Potato\IrishPotato37G_full\healthy\healthy5484.jpg,healthy,irish
D:\Potato\IrishPotato37G_full\healthy\healthy2968.jpg,healthy,irish
D:\Potato\IrishPotato37G_full\lateblt\lateblt198.jpg,late_blight,irish
D:\Potato\PlantVillage\Potato___Late_blight\df0f75cf-febd-4fde-84a0-7c4da9f97fd2___RS_LB 2534.JPG,late_blight,plantvillage
D:\Potato\IrishPotato37G_full\earlyblt\earlyblt1770.jpg,early_blight,irish
D:\Potato\non_leaf\coco_person\000000476215.jpg,non_leaf,coco_person
D:\Potato\IrishPotato37G_full\earlyblt\earlyblt3423.jpg,early_blight,irish
D:\Potato\non_leaf\coco_person\000000030828.jpg,non_leaf,coco_person
D:\Potato\IrishPotato37G_full\lateblt\lateblt2051.jpg,late_blight,irish
D:\Potato\IrishPotato37G_full\earlyblt\earlyblt2508.jpg,early_blight,irish
D:\Potato\IrishPotato37G_full\lateblt\lateblt2622.jpg,late_blight,irish
D:\Potato\non_leaf\coco_person\000000309655.jpg,non_leaf,coco_person
D:\Potato\IrishPotato37G_full\lateblt\lateblt246.jpg,late_blight,irish
D:\Potato\IrishPotato37G_full\earlyblt\earlyblt2890.jpg,early_blight,irish
D:\Potato\IrishPotato37G_full\earlyblt\earlyblt678.jpg,early_blight,irish
D:\Potato\IrishPotato37G_full\healthy\healthy3556.jpg,healthy,irish
D:\Potato\IrishPotato37G_full\lateblt\lateblt295.jpg,late_blight,irish
D:\Potato\IrishPotato37G_full\earlyblt\earlyblt1174.jpg,early_blight,irish
D:\Potato\PlantVillage\Potato___Late_blight\bd70c718-5846-42a1-8b05-22792ec98738___RS_LB 4992.JPG,late_blight,plantvillage
D:\Potato\IrishPotato37G_full\healthy\healthy1485.jpg,healthy,irish
D:\Potato\IrishPotato37G_full\healthy\healthy1253.jpg,healthy,irish
D:\Potato\IrishPotato37G_full\lateblt\lateblt2901.jpg,late_blight,irish
D:\Potato\PlantVillage\Potato___Late_blight\f62c0408-af09-4883-a780-7bd335e60443___RS_LB 5258.JPG,late_blight,plantvillage
D:\Potato\PlantVillage\Potato___Late_blight\437640c6-1680-4d1b-aa0b-c1dd52aa13a5___RS_LB 4926.JPG,late_blight,plantvillage
D:\Potato\IrishPotato37G_full\lateblt\lateblt5051.jpg,late_blight,irish
D:\Potato\IrishPotato37G_full\healthy\healthy3791.jpg,healthy,irish
D:\Potato\IrishPotato37G_full\lateblt\lateblt915.jpg,late_blight,irish
D:\Potato\PlantVillage\Potato___Early_blight\7584a5b8-b701-4255-9dde-a60b6442cc37___RS_Early.B 9154.JPG,early_blight,plantvillage
D:\Potato\PlantVillage\Potato___Late_blight\da16cb94-4f1d-4390-b446-19eac2110115___RS_LB 2912.JPG,late_blight,plantvillage
D:\Potato\IrishPotato37G_full\earlyblt\earlyblt4994.jpg,early_blight,irish
D:\Potato\IrishPotato37G_full\healthy\healthy2760.jpg,healthy,irish
D:\Potato\non_leaf\coco_person\000000478721.jpg,non_leaf,coco_person
D:\Potato\IrishPotato37G_full\healthy\healthy2338.jpg,healthy,irish
D:\Potato\IrishPotato37G_full\lateblt\lateblt274.jpg,late_blight,irish
D:\Potato\IrishPotato37G_full\earlyblt\earlyblt1610.jpg,early_blight,irish
D:\Potato\IrishPotato37G_full\healthy\healthy1386.jpg,healthy,irish
D:\Potato\non_leaf\coco_person\000000372349.jpg,non_leaf,coco_person
D:\Potato\IrishPotato37G_full\healthy\healthy2422.jpg,healthy,irish
D:\Potato\IrishPotato37G_full\earlyblt\earlyblt3473.jpg,early_blight,irish
D:\Potato\IrishPotato37G_full\earlyblt\earlyblt1504.jpg,early_blight,irish
D:\Potato\non_leaf\coco_person\000000117645.jpg,non_leaf,coco_person
D:\Potato\PlantVillage\Potato___Late_blight\09a215a1-a539-4635-a27f-232229ff11f4___RS_LB 4529.JPG,late_blight,plantvillage
D:\Potato\PlantVillage\Potato___Late_blight\f795a3d7-2915-447c-9e6f-df1d895f98bc___RS_LB 2792.JPG,late_blight,plantvillage
D:\Potato\PlantVillage\Potato___Early_blight\93c6b48d-cde9-4e8b-bbfb-1a9c06234419___RS_Early.B 7000.JPG,early_blight,plantvillage
D:\Potato\IrishPotato37G_full\earlyblt\earlyblt424.jpg,early_blight,irish
D:\Potato\IrishPotato37G_full\earlyblt\earlyblt1076.jpg,early_blight,irish
D:\Potato\IrishPotato37G_full\earlyblt\earlyblt2522.jpg,early_blight,irish
D:\Potato\PlantVillage\Potato___Early_blight\848336c4-eaad-47e7-8458-5e80d5520d05___RS_Early.B 7729.JPG,early_blight,plantvillage
D:\Potato\non_leaf\coco_person\000000074860.jpg,non_leaf,coco_person
D:\Potato\IrishPotato37G_full\earlyblt\earlyblt1477.jpg,early_blight,irish
D:\Potato\PlantVillage\Potato___Early_blight\f400079a-ff67-45c2-8a50-5c5b1e08dc25___RS_Early.B 8491.JPG,early_blight,plantvillage
D:\Potato\IrishPotato37G_full\earlyblt\earlyblt2047.jpg,early_blight,irish
D:\Potato\IrishPotato37G_full\lateblt\lateblt635.jpg,late_blight,irish
D:\Potato\IrishPotato37G_full\earlyblt\earlyblt1936.jpg,early_blight,irish
D:\Potato\IrishPotato37G_full\lateblt\lateblt2163.jpg,late_blight,irish
D:\Potato\PlantVillage\Potato___Early_blight\61f4f7c5-cebe-471a-9be9-b595255b7fb4___RS_Early.B 7029.JPG,early_blight,plantvillage
D:\Potato\PlantVillage\Potato___Early_blight\c4ec31de-5466-49c0-b034-84a825327e0b___RS_Early.B 8062.JPG,early_blight,plantvillage
D:\Potato\IrishPotato37G_full\lateblt\lateblt2731.jpg,late_blight,irish
D:\Potato\PlantVillage\Potato___Early_blight\5c3363d5-5873-40f5-b179-37ab6df0328c___RS_Early.B 8828.JPG,early_blight,plantvillage
D:\Potato\IrishPotato37G_full\healthy\healthy4449.jpg,healthy,irish
D:\Potato\PlantVillage\Potato___Late_blight\de282779-9d54-4b8f-8292-e06c3e020e16___RS_LB 3971.JPG,late_blight,plantvillage
D:\Potato\IrishPotato37G_full\earlyblt\earlyblt1674.jpg,early_blight,irish
D:\Potato\IrishPotato37G_full\lateblt\lateblt539.jpg,late_blight,irish
D:\Potato\IrishPotato37G_full\healthy\healthy302.jpg,healthy,irish
D:\Potato\IrishPotato37G_full\healthy\healthy3630.jpg,healthy,irish
D:\Potato\IrishPotato37G_full\earlyblt\earlyblt6795.jpg,early_blight,irish
D:\Potato\IrishPotato37G_full\healthy\healthy1167.jpg,healthy,irish
D:\Potato\IrishPotato37G_full\earlyblt\earlyblt2283.jpg,early_blight,irish
D:\Potato\IrishPotato37G_full\healthy\healthy4898.jpg,healthy,irish
D:\Potato\IrishPotato37G_full\lateblt\lateblt538.jpg,late_blight,irish
D:\Potato\IrishPotato37G_full\lateblt\lateblt5011.jpg,late_blight,irish
D:\Potato\PlantVillage\Potato___Late_blight\59dcc102-c55f-4a13-991e-8c53db4ce76d___RS_LB 5189.JPG,late_blight,plantvillage
D:\Potato\IrishPotato37G_full\earlyblt\earlyblt6641.jpg,early_blight,irish
D:\Potato\non_leaf\coco_person\000000042528.jpg,non_leaf,coco_person
D:\Potato\IrishPotato37G_full\earlyblt\earlyblt3216.jpg,early_blight,irish
D:\Potato\PlantVillage\Potato___Late_blight\94c50d24-cfd7-486c-a4ac-a10f552d0f8b___RS_LB 4329.JPG,late_blight,plantvillage
D:\Potato\IrishPotato37G_full\lateblt\lateblt123.jpg,late_blight,irish
D:\Potato\IrishPotato37G_full\lateblt\lateblt2270.jpg,late_blight,irish
D:\Potato\IrishPotato37G_full\lateblt\lateblt1142.jpg,late_blight,irish
D:\Potato\IrishPotato37G_full\earlyblt\earlyblt3081.jpg,early_blight,irish
D:\Potato\IrishPotato37G_full\healthy\healthy3932.jpg,healthy,irish
D:\Potato\IrishPotato37G_full\earlyblt\earlyblt1153.jpg,early_blight,irish
D:\Potato\IrishPotato37G_full\healthy\healthy3050.jpg,healthy,irish
D:\Potato\IrishPotato37G_full\healthy\healthy1709.jpg,healthy,irish
D:\Potato\IrishPotato37G_full\lateblt\lateblt2299.jpg,late_blight,irish
D:\Potato\IrishPotato37G_full\earlyblt\earlyblt4872.jpg,early_blight,irish
D:\Potato\IrishPotato37G_full\lateblt\lateblt1136.jpg,late_blight,irish
D:\Potato\IrishPotato37G_full\healthy\healthy2278.jpg,healthy,irish
D:\Potato\IrishPotato37G_full\healthy\healthy3325.jpg,healthy,irish
D:\Potato\IrishPotato37G_full\healthy\healthy3347.jpg,healthy,irish
D:\Potato\PlantVillage\Potato___Early_blight\606e216d-f0b8-4ef3-9bf1-2bee85a13361___RS_Early.B 7094.JPG,early_blight,plantvillage
D:\Potato\PlantVillage\Potato___Late_blight\8e78b212-d2b4-4551-a1c1-70268ec75b0d___RS_LB 2958.JPG,late_blight,plantvillage
D:\Potato\IrishPotato37G_full\earlyblt\earlyblt3872.jpg,early_blight,irish
D:\Potato\IrishPotato37G_full\earlyblt\earlyblt4788.jpg,early_blight,irish
D:\Potato\IrishPotato37G_full\healthy\healthy4745.jpg,healthy,irish
D:\Potato\non_leaf\coco_person\000000423229.jpg,non_leaf,coco_person
D:\Potato\non_leaf\coco_person\000000358195.jpg,non_leaf,coco_person
D:\Potato\IrishPotato37G_full\lateblt\lateblt140.jpg,late_blight,irish
D:\Potato\IrishPotato37G_full\healthy\healthy708.jpg,healthy,irish
D:\Potato\IrishPotato37G_full\lateblt\lateblt2819.jpg,late_blight,irish
D:\Potato\IrishPotato37G_full\earlyblt\earlyblt6268.jpg,early_blight,irish
D:\Potato\IrishPotato37G_full\lateblt\lateblt2271.jpg,late_blight,irish
D:\Potato\PlantVillage\Potato___Early_blight\0a6983a5-895e-4e68-9edb-88adf79211e9___RS_Early.B 9072.JPG,early_blight,plantvillage
D:\Potato\IrishPotato37G_full\earlyblt\earlyblt6707.jpg,early_blight,irish
D:\Potato\IrishPotato37G_full\healthy\healthy2429.jpg,healthy,irish
D:\Potato\IrishPotato37G_full\earlyblt\earlyblt4971.jpg,early_blight,irish
D:\Potato\IrishPotato37G_full\earlyblt\earlyblt3051.jpg,early_blight,irish
D:\Potato\PlantVillage\Potato___Late_blight\a30baff1-96fb-4df5-9511-e131359b5fd8___RS_LB 4464.JPG,late_blight,plantvillage
D:\Potato\IrishPotato37G_full\lateblt\lateblt2973.jpg,late_blight,irish
D:\Potato\non_leaf\coco_person\000000264535.jpg,non_leaf,coco_person
D:\Potato\IrishPotato37G_full\healthy\healthy1456.jpg,healthy,irish
D:\Potato\IrishPotato37G_full\lateblt\lateblt239.jpg,late_blight,irish
D:\Potato\IrishPotato37G_full\earlyblt\earlyblt6984.jpg,early_blight,irish
D:\Potato\non_leaf\coco_person\000000133343.jpg,non_leaf,coco_person
D:\Potato\PlantVillage\Potato___Early_blight\1d4fc5d0-fee6-40bf-8e7b-e1598ea64161___RS_Early.B 8912.JPG,early_blight,plantvillage
D:\Potato\IrishPotato37G_full\lateblt\lateblt1118.jpg,late_blight,irish
D:\Potato\IrishPotato37G_full\lateblt\lateblt794.jpg,late_blight,irish
D:\Potato\IrishPotato37G_full\earlyblt\earlyblt299.jpg,early_blight,irish
D:\Potato\IrishPotato37G_full\lateblt\lateblt5035.jpg,late_blight,irish
D:\Potato\IrishPotato37G_full\lateblt\lateblt2414.jpg,late_blight,irish
D:\Potato\IrishPotato37G_full\healthy\healthy1219.jpg,healthy,irish
D:\Potato\PlantVillage\Potato___Early_blight\f3483bdf-7adf-40fe-b478-044b7c9daff2___RS_Early.B 7034.JPG,early_blight,plantvillage
D:\Potato\IrishPotato37G_full\lateblt\lateblt2652.jpg,late_blight,irish
D:\Potato\IrishPotato37G_full\earlyblt\earlyblt1444.jpg,early_blight,irish
D:\Potato\IrishPotato37G_full\earlyblt\earlyblt2630.jpg,early_blight,irish
D:\Potato\IrishPotato37G_full\earlyblt\earlyblt4991.jpg,early_blight,irish
D:\Potato\IrishPotato37G_full\earlyblt\earlyblt3982.jpg,early_blight,irish
D:\Potato\IrishPotato37G_full\healthy\healthy4282.jpg,healthy,irish
D:\Potato\IrishPotato37G_full\healthy\healthy4947.jpg,healthy,irish
D:\Potato\IrishPotato37G_full\lateblt\lateblt844.jpg,late_blight,irish
D:\Potato\IrishPotato37G_full\earlyblt\earlyblt1631.jpg,early_blight,irish
D:\Potato\PlantVillage\Potato___Late_blight\e2ce6696-9f6e-445c-a6c6-c765d659447a___RS_LB 4960.JPG,late_blight,plantvillage
D:\Potato\IrishPotato37G_full\lateblt\lateblt496.jpg,late_blight,irish
D:\Potato\IrishPotato37G_full\earlyblt\earlyblt4793.jpg,early_blight,irish
D:\Potato\PlantVillage\Potato___Late_blight\6e9fc91a-e20f-4431-bc54-8492d7ec788e___RS_LB 4527.JPG,late_blight,plantvillage
D:\Potato\PlantVillage\Potato___Late_blight\7e1cd97d-b5a3-4c92-b258-0aa90e6fb806___RS_LB 4826.JPG,late_blight,plantvillage
D:\Potato\non_leaf\coco_person\000000242678.jpg,non_leaf,coco_person
D:\Potato\IrishPotato37G_full\lateblt\lateblt2885.jpg,late_blight,irish
D:\Potato\IrishPotato37G_full\earlyblt\earlyblt2906.jpg,early_blight,irish
D:\Potato\IrishPotato37G_full\healthy\healthy3652.jpg,healthy,irish
D:\Potato\IrishPotato37G_full\lateblt\lateblt1997.jpg,late_blight,irish
D:\Potato\PlantVillage\Potato___Late_blight\b9ad8d86-aadb-44b4-9bba-d6adb446afd7___RS_LB 5188.JPG,late_blight,plantvillage
D:\Potato\non_leaf\coco_person\000000322724.jpg,non_leaf,coco_person
D:\Potato\non_leaf\coco_person\000000507667.jpg,non_leaf,coco_person
D:\Potato\IrishPotato37G_full\healthy\healthy2707.jpg,healthy,irish
D:\Potato\IrishPotato37G_full\earlyblt\earlyblt441.jpg,early_blight,irish
D:\Potato\PlantVillage\Potato___Early_blight\48ed1384-b3c5-464d-bdc8-97b347d89a58___RS_Early.B 6744.JPG,early_blight,plantvillage
D:\Potato\non_leaf\coco_person\000000053909.jpg,non_leaf,coco_person
D:\Potato\PlantVillage\Potato___Early_blight\c2cc82b8-9f74-4e40-9792-c121a89a84c0___RS_Early.B 8524.JPG,early_blight,plantvillage
D:\Potato\IrishPotato37G_full\lateblt\lateblt1307.jpg,late_blight,irish
D:\Potato\IrishPotato37G_full\lateblt\lateblt107.jpg,late_blight,irish
D:\Potato\non_leaf\coco_person\000000292446.jpg,non_leaf,coco_person
D:\Potato\IrishPotato37G_full\healthy\healthy4059.jpg,healthy,irish
D:\Potato\IrishPotato37G_full\earlyblt\earlyblt343.jpg,early_blight,irish
D:\Potato\IrishPotato37G_full\healthy\healthy5461.jpg,healthy,irish
D:\Potato\PlantVillage\Potato___Early_blight\25703c4f-ec40-4099-b249-a4fd07b07752___RS_Early.B 7040.JPG,early_blight,plantvillage
D:\Potato\IrishPotato37G_full\earlyblt\earlyblt2356.jpg,early_blight,irish
D:\Potato\PlantVillage\Potato___Late_blight\19d8aac3-db88-4a07-84f2-40f7597c2a25___RS_LB 3867.JPG,late_blight,plantvillage
D:\Potato\non_leaf\coco_person\000000093717.jpg,non_leaf,coco_person
D:\Potato\non_leaf\coco_person\000000094326.jpg,non_leaf,coco_person
D:\Potato\IrishPotato37G_full\earlyblt\earlyblt722.jpg,early_blight,irish
D:\Potato\IrishPotato37G_full\healthy\healthy4486.jpg,healthy,irish
D:\Potato\IrishPotato37G_full\earlyblt\earlyblt2748.jpg,early_blight,irish
D:\Potato\PlantVillage\Potato___Early_blight\13cfb9dc-8951-44c0-8c16-e96fd6ccc659___RS_Early.B 7070.JPG,early_blight,plantvillage
D:\Potato\IrishPotato37G_full\healthy\healthy1494.jpg,healthy,irish
D:\Potato\IrishPotato37G_full\lateblt\lateblt484.jpg,late_blight,irish
D:\Potato\IrishPotato37G_full\healthy\healthy3038.jpg,healthy,irish
D:\Potato\PlantVillage\Potato___Early_blight\f7a5e3e3-796e-4f4a-943c-24d26e2591d4___RS_Early.B 8679.JPG,early_blight,plantvillage
D:\Potato\IrishPotato37G_full\lateblt\lateblt2863.jpg,late_blight,irish
D:\Potato\IrishPotato37G_full\lateblt\lateblt515.jpg,late_blight,irish
D:\Potato\IrishPotato37G_full\lateblt\lateblt2866.jpg,late_blight,irish
D:\Potato\IrishPotato37G_full\earlyblt\earlyblt348.jpg,early_blight,irish
D:\Potato\IrishPotato37G_full\lateblt\lateblt958.jpg,late_blight,irish
D:\Potato\IrishPotato37G_full\lateblt\lateblt861.jpg,late_blight,irish
D:\Potato\IrishPotato37G_full\healthy\healthy4223.jpg,healthy,irish
D:\Potato\IrishPotato37G_full\earlyblt\earlyblt996.jpg,early_blight,irish
D:\Potato\IrishPotato37G_full\lateblt\lateblt665.jpg,late_blight,irish
D:\Potato\IrishPotato37G_full\healthy\healthy2432.jpg,healthy,irish
D:\Potato\PlantVillage\Potato___Late_blight\699bd8b5-3c57-48c8-be2b-c8a5e12b0764___RS_LB 4083.JPG,late_blight,plantvillage
D:\Potato\IrishPotato37G_full\earlyblt\earlyblt659.jpg,early_blight,irish
D:\Potato\PlantVillage\Potato___Early_blight\a801f66c-b8bc-42e5-ad5b-99f68d219fa9___RS_Early.B 8552.JPG,early_blight,plantvillage
D:\Potato\IrishPotato37G_full\healthy\healthy372.jpg,healthy,irish
D:\Potato\PlantVillage\Potato___Early_blight\2f81d148-c62f-4d3c-baf4-72b77abea41a___RS_Early.B 7493.JPG,early_blight,plantvillage
D:\Potato\IrishPotato37G_full\healthy\healthy4792.jpg,healthy,irish
D:\Potato\IrishPotato37G_full\lateblt\lateblt1187.jpg,late_blight,irish
D:\Potato\IrishPotato37G_full\earlyblt\earlyblt1707.jpg,early_blight,irish
D:\Potato\non_leaf\coco_person\000000037689.jpg,non_leaf,coco_person
D:\Potato\IrishPotato37G_full\earlyblt\earlyblt1723.jpg,early_blight,irish
D:\Potato\IrishPotato37G_full\earlyblt\earlyblt3439.jpg,early_blight,irish
D:\Potato\IrishPotato37G_full\earlyblt\earlyblt107.jpg,early_blight,irish
D:\Potato\PlantVillage\Potato___Late_blight\f1764cd0-d391-4214-93db-20299d62e853___RS_LB 3012.JPG,late_blight,plantvillage
D:\Potato\non_leaf\coco_person\000000283268.jpg,non_leaf,coco_person
D:\Potato\IrishPotato37G_full\healthy\healthy1402.jpg,healthy,irish
D:\Potato\non_leaf\coco_person\000000021167.jpg,non_leaf,coco_person
D:\Potato\non_leaf\coco_person\000000083540.jpg,non_leaf,coco_person
D:\Potato\IrishPotato37G_full\earlyblt\earlyblt4784.jpg,early_blight,irish
D:\Potato\IrishPotato37G_full\healthy\healthy860.jpg,healthy,irish
D:\Potato\IrishPotato37G_full\lateblt\lateblt733.jpg,late_blight,irish
D:\Potato\PlantVillage\Potato___Early_blight\70b89c8b-2850-4ec8-8da1-a4b9de5351c7___RS_Early.B 6889.JPG,early_blight,plantvillage
D:\Potato\IrishPotato37G_full\lateblt\lateblt1453.jpg,late_blight,irish
D:\Potato\PlantVillage\Potato___Late_blight\e40a1e10-fca8-4831-b124-48bc07f92eb1___RS_LB 2897.JPG,late_blight,plantvillage
D:\Potato\IrishPotato37G_full\lateblt\lateblt1166.jpg,late_blight,irish
D:\Potato\IrishPotato37G_full\lateblt\lateblt153.jpg,late_blight,irish
D:\Potato\IrishPotato37G_full\healthy\healthy2223.jpg,healthy,irish
D:\Potato\IrishPotato37G_full\earlyblt\earlyblt656.jpg,early_blight,irish
D:\Potato\IrishPotato37G_full\healthy\healthy3138.jpg,healthy,irish
D:\Potato\IrishPotato37G_full\lateblt\lateblt1157.jpg,late_blight,irish
D:\Potato\non_leaf\coco_person\000000216277.jpg,non_leaf,coco_person
D:\Potato\IrishPotato37G_full\lateblt\lateblt2241.jpg,late_blight,irish
D:\Potato\IrishPotato37G_full\healthy\healthy1329.jpg,healthy,irish
D:\Potato\IrishPotato37G_full\healthy\healthy3052.jpg,healthy,irish
D:\Potato\IrishPotato37G_full\healthy\healthy3785.jpg,healthy,irish
D:\Potato\PlantVillage\Potato___Late_blight\6f2f2f80-80f5-4f0b-86f6-a0d9b0fa4cbc___RS_LB 4034.JPG,late_blight,plantvillage
D:\Potato\PlantVillage\Potato___healthy\38faf81d-c83b-42ca-b4c3-e3bbfa070589___RS_HL 1805.JPG,healthy,plantvillage
D:\Potato\IrishPotato37G_full\earlyblt\earlyblt1896.jpg,early_blight,irish
D:\Potato\IrishPotato37G_full\earlyblt\earlyblt4894.jpg,early_blight,irish
D:\Potato\IrishPotato37G_full\earlyblt\earlyblt3032.jpg,early_blight,irish
D:\Potato\PlantVillage\Potato___Late_blight\b64e4518-147a-4a75-9f9b-33db8902aa12___RS_LB 3202.JPG,late_blight,plantvillage
D:\Potato\IrishPotato37G_full\lateblt\lateblt547.jpg,late_blight,irish
D:\Potato\IrishPotato37G_full\lateblt\lateblt2888.jpg,late_blight,irish
D:\Potato\IrishPotato37G_full\healthy\healthy4186.jpg,healthy,irish
D:\Potato\IrishPotato37G_full\healthy\healthy3910.jpg,healthy,irish
D:\Potato\non_leaf\coco_person\000000400044.jpg,non_leaf,coco_person
D:\Potato\IrishPotato37G_full\lateblt\lateblt1386.jpg,late_blight,irish
D:\Potato\IrishPotato37G_full\lateblt\lateblt2588.jpg,late_blight,irish
D:\Potato\IrishPotato37G_full\earlyblt\earlyblt840.jpg,early_blight,irish
D:\Potato\IrishPotato37G_full\lateblt\lateblt1988.jpg,late_blight,irish
D:\Potato\IrishPotato37G_full\healthy\healthy4326.jpg,healthy,irish
D:\Potato\non_leaf\coco_person\000000489014.jpg,non_leaf,coco_person
D:\Potato\IrishPotato37G_full\lateblt\lateblt1570.jpg,late_blight,irish
D:\Potato\PlantVillage\Potato___healthy\ee052892-e935-4fbb-9344-4d23c57c6890___RS_HL 5400.JPG,healthy,plantvillage
D:\Potato\IrishPotato37G_full\earlyblt\earlyblt2013.jpg,early_blight,irish
D:\Potato\IrishPotato37G_full\lateblt\lateblt1191.jpg,late_blight,irish
D:\Potato\IrishPotato37G_full\healthy\healthy309.jpg,healthy,irish
D:\Potato\PlantVillage\Potato___Early_blight\3ebc2af4-fe74-4918-b46f-09ec268884ef___RS_Early.B 7856.JPG,early_blight,plantvillage
D:\Potato\PlantVillage\Potato___Early_blight\8c1f94fb-d8e0-4607-a967-b71408dfd1ab___RS_Early.B 8723.JPG,early_blight,plantvillage
D:\Potato\PlantVillage\Potato___Early_blight\9cd81447-0701-4969-86aa-5f20269923c5___RS_Early.B 8790.JPG,early_blight,plantvillage
D:\Potato\IrishPotato37G_full\lateblt\lateblt1577.jpg,late_blight,irish
D:\Potato\IrishPotato37G_full\healthy\healthy5183.jpg,healthy,irish
D:\Potato\IrishPotato37G_full\earlyblt\earlyblt2734.jpg,early_blight,irish
D:\Potato\PlantVillage\Potato___Early_blight\4af8e9e9-077d-4c7b-859d-626f74d3b1ff___RS_Early.B 7738.JPG,early_blight,plantvillage
D:\Potato\PlantVillage\Potato___Early_blight\1c4e0445-375a-4c5d-b6fd-6123d22f009f___RS_Early.B 7972.JPG,early_blight,plantvillage
D:\Potato\IrishPotato37G_full\lateblt\lateblt932.jpg,late_blight,irish
D:\Potato\IrishPotato37G_full\healthy\healthy2256.jpg,healthy,irish
D:\Potato\IrishPotato37G_full\earlyblt\earlyblt1863.jpg,early_blight,irish
D:\Potato\IrishPotato37G_full\lateblt\lateblt1608.jpg,late_blight,irish
D:\Potato\IrishPotato37G_full\lateblt\lateblt82.jpg,late_blight,irish
D:\Potato\IrishPotato37G_full\healthy\healthy5280.jpg,healthy,irish
D:\Potato\IrishPotato37G_full\lateblt\lateblt2203.jpg,late_blight,irish
D:\Potato\IrishPotato37G_full\lateblt\lateblt101.jpg,late_blight,irish
D:\Potato\IrishPotato37G_full\lateblt\lateblt114.jpg,late_blight,irish
D:\Potato\IrishPotato37G_full\earlyblt\earlyblt2058.jpg,early_blight,irish
D:\Potato\IrishPotato37G_full\healthy\healthy2116.jpg,healthy,irish
D:\Potato\IrishPotato37G_full\lateblt\lateblt15.jpg,late_blight,irish
D:\Potato\IrishPotato37G_full\earlyblt\earlyblt2547.jpg,early_blight,irish
D:\Potato\PlantVillage\Potato___Late_blight\85bbcdd2-a9fe-46d1-8e0e-f4e2c5e885fe___RS_LB 3218.JPG,late_blight,plantvillage
D:\Potato\IrishPotato37G_full\lateblt\lateblt2026.jpg,late_blight,irish
D:\Potato\IrishPotato37G_full\earlyblt\earlyblt247.jpg,early_blight,irish
D:\Potato\IrishPotato37G_full\earlyblt\earlyblt3891.jpg,early_blight,irish
D:\Potato\PlantVillage\Potato___Early_blight\b1b3c9c7-a4b9-4048-be45-fa9c5e507c66___RS_Early.B 7466.JPG,early_blight,plantvillage
D:\Potato\PlantVillage\Potato___Early_blight\3613b972-6af8-4a9a-be7f-bf68e4eb4cd0___RS_Early.B 6813.JPG,early_blight,plantvillage
D:\Potato\IrishPotato37G_full\earlyblt\earlyblt2150.jpg,early_blight,irish
D:\Potato\IrishPotato37G_full\healthy\healthy2231.jpg,healthy,irish
D:\Potato\IrishPotato37G_full\earlyblt\earlyblt6694.jpg,early_blight,irish
D:\Potato\IrishPotato37G_full\healthy\healthy1392.jpg,healthy,irish
D:\Potato\IrishPotato37G_full\lateblt\lateblt477.jpg,late_blight,irish
D:\Potato\non_leaf\coco_person\000000489014.jpg,non_leaf,coco_person
D:\Potato\IrishPotato37G_full\healthy\healthy3646.jpg,healthy,irish
D:\Potato\non_leaf\coco_person\000000323263.jpg,non_leaf,coco_person
D:\Potato\IrishPotato37G_full\lateblt\lateblt2777.jpg,late_blight,irish
D:\Potato\IrishPotato37G_full\healthy\healthy548.jpg,healthy,irish
D:\Potato\IrishPotato37G_full\lateblt\lateblt428.jpg,late_blight,irish
D:\Potato\IrishPotato37G_full\earlyblt\earlyblt2721.jpg,early_blight,irish
D:\Potato\non_leaf\coco_person\000000089296.jpg,non_leaf,coco_person
D:\Potato\IrishPotato37G_full\healthy\healthy4483.jpg,healthy,irish
D:\Potato\IrishPotato37G_full\lateblt\lateblt682.jpg,late_blight,irish
D:\Potato\IrishPotato37G_full\earlyblt\earlyblt2164.jpg,early_blight,irish
D:\Potato\IrishPotato37G_full\earlyblt\earlyblt3741.jpg,early_blight,irish
D:\Potato\IrishPotato37G_full\healthy\healthy5222.jpg,healthy,irish
D:\Potato\IrishPotato37G_full\earlyblt\earlyblt1120.jpg,early_blight,irish
D:\Potato\PlantVillage\Potato___healthy\b4031970-60ea-4739-9fed-6c81be1bad1c___RS_HL 1752.JPG,healthy,plantvillage
D:\Potato\IrishPotato37G_full\lateblt\lateblt1458.jpg,late_blight,irish
D:\Potato\IrishPotato37G_full\lateblt\lateblt2854.jpg,late_blight,irish
D:\Potato\IrishPotato37G_full\healthy\healthy4969.jpg,healthy,irish
D:\Potato\IrishPotato37G_full\healthy\healthy152.jpg,healthy,irish
D:\Potato\IrishPotato37G_full\lateblt\lateblt2561.jpg,late_blight,irish
D:\Potato\PlantVillage\Potato___Late_blight\03bab48b-962b-4c08-bc98-da95237d20ac___RS_LB 3190.JPG,late_blight,plantvillage
D:\Potato\IrishPotato37G_full\earlyblt\earlyblt1647.jpg,early_blight,irish
D:\Potato\IrishPotato37G_full\lateblt\lateblt2734.jpg,late_blight,irish
D:\Potato\IrishPotato37G_full\earlyblt\earlyblt993.jpg,early_blight,irish
D:\Potato\IrishPotato37G_full\earlyblt\earlyblt4694.jpg,early_blight,irish
D:\Potato\IrishPotato37G_full\healthy\healthy4978.jpg,healthy,irish
D:\Potato\IrishPotato37G_full\healthy\healthy1154.jpg,healthy,irish
D:\Potato\IrishPotato37G_full\lateblt\lateblt1.jpg,late_blight,irish
D:\Potato\IrishPotato37G_full\earlyblt\earlyblt309.jpg,early_blight,irish
D:\Potato\IrishPotato37G_full\lateblt\lateblt1345.jpg,late_blight,irish
D:\Potato\IrishPotato37G_full\healthy\healthy2166.jpg,healthy,irish
D:\Potato\IrishPotato37G_full\healthy\healthy726.jpg,healthy,irish
D:\Potato\non_leaf\coco_person\000000428562.jpg,non_leaf,coco_person
D:\Potato\non_leaf\coco_person\000000276804.jpg,non_leaf,coco_person
D:\Potato\IrishPotato37G_full\earlyblt\earlyblt3075.jpg,early_blight,irish
D:\Potato\IrishPotato37G_full\earlyblt\earlyblt4779.jpg,early_blight,irish
D:\Potato\IrishPotato37G_full\earlyblt\earlyblt4686.jpg,early_blight,irish
D:\Potato\IrishPotato37G_full\earlyblt\earlyblt6389.jpg,early_blight,irish
D:\Potato\IrishPotato37G_full\earlyblt\earlyblt2699.jpg,early_blight,irish
D:\Potato\IrishPotato37G_full\earlyblt\earlyblt404.jpg,early_blight,irish
D:\Potato\IrishPotato37G_full\earlyblt\earlyblt1793.jpg,early_blight,irish
D:\Potato\IrishPotato37G_full\lateblt\lateblt2231.jpg,late_blight,irish
D:\Potato\IrishPotato37G_full\earlyblt\earlyblt6933.jpg,early_blight,irish
D:\Potato\IrishPotato37G_full\lateblt\lateblt1426.jpg,late_blight,irish
D:\Potato\IrishPotato37G_full\earlyblt\earlyblt1867.jpg,early_blight,irish
D:\Potato\IrishPotato37G_full\earlyblt\earlyblt1906.jpg,early_blight,irish
D:\Potato\PlantVillage\Potato___Early_blight\c10de41b-4c38-41c4-b278-600071051453___RS_Early.B 8093.JPG,early_blight,plantvillage
D:\Potato\PlantVillage\Potato___Late_blight\36d2885d-0bc7-4346-8a13-383e1533a68c___RS_LB 5098.JPG,late_blight,plantvillage
D:\Potato\IrishPotato37G_full\lateblt\lateblt1436.jpg,late_blight,irish
D:\Potato\IrishPotato37G_full\lateblt\lateblt2701.jpg,late_blight,irish
D:\Potato\non_leaf\coco_person\000000452784.jpg,non_leaf,coco_person
D:\Potato\non_leaf\coco_person\000000230993.jpg,non_leaf,coco_person
D:\Potato\PlantVillage\Potato___healthy\54f86311-9d76-421b-b401-0b02f6e738a5___RS_HL 4172.JPG,healthy,plantvillage
D:\Potato\IrishPotato37G_full\lateblt\lateblt1403.jpg,late_blight,irish
D:\Potato\non_leaf\coco_person\000000290843.jpg,non_leaf,coco_person
D:\Potato\PlantVillage\Potato___Early_blight\1132bee0-fe6b-41a9-9583-7b959c2ca25f___RS_Early.B 7482.JPG,early_blight,plantvillage
D:\Potato\IrishPotato37G_full\earlyblt\earlyblt4982.jpg,early_blight,irish
D:\Potato\IrishPotato37G_full\healthy\healthy2196.jpg,healthy,irish
D:\Potato\IrishPotato37G_full\earlyblt\earlyblt6462.jpg,early_blight,irish
D:\Potato\IrishPotato37G_full\earlyblt\earlyblt771.jpg,early_blight,irish
D:\Potato\IrishPotato37G_full\earlyblt\earlyblt3893.jpg,early_blight,irish
D:\Potato\PlantVillage\Potato___Late_blight\8829e413-5a7a-4680-b873-e71dfa9dbfe4___RS_LB 3974.JPG,late_blight,plantvillage
D:\Potato\IrishPotato37G_full\earlyblt\earlyblt936.jpg,early_blight,irish
D:\Potato\IrishPotato37G_full\lateblt\lateblt2683.jpg,late_blight,irish
D:\Potato\IrishPotato37G_full\earlyblt\earlyblt1161.jpg,early_blight,irish
D:\Potato\IrishPotato37G_full\lateblt\lateblt2592.jpg,late_blight,irish
D:\Potato\IrishPotato37G_full\earlyblt\earlyblt607.jpg,early_blight,irish
D:\Potato\IrishPotato37G_full\healthy\healthy3606.jpg,healthy,irish
D:\Potato\IrishPotato37G_full\lateblt\lateblt2285.jpg,late_blight,irish
D:\Potato\IrishPotato37G_full\lateblt\lateblt498.jpg,late_blight,irish
D:\Potato\non_leaf\coco_person\000000538364.jpg,non_leaf,coco_person
D:\Potato\IrishPotato37G_full\healthy\healthy4181.jpg,healthy,irish
D:\Potato\IrishPotato37G_full\earlyblt\earlyblt1721.jpg,early_blight,irish
D:\Potato\PlantVillage\Potato___Early_blight\0ad3ba53-f01b-403b-a99d-5991eed85045___RS_Early.B 7600.JPG,early_blight,plantvillage
D:\Potato\IrishPotato37G_full\earlyblt\earlyblt3799.jpg,early_blight,irish
D:\Potato\IrishPotato37G_full\healthy\healthy5186.jpg,healthy,irish
D:\Potato\IrishPotato37G_full\earlyblt\earlyblt6650.jpg,early_blight,irish
D:\Potato\non_leaf\coco_person\000000529148.jpg,non_leaf,coco_person
D:\Potato\IrishPotato37G_full\lateblt\lateblt2524.jpg,late_blight,irish
D:\Potato\IrishPotato37G_full\lateblt\lateblt996.jpg,late_blight,irish
D:\Potato\IrishPotato37G_full\healthy\healthy1313.jpg,healthy,irish
D:\Potato\non_leaf\coco_person\000000484415.jpg,non_leaf,coco_person
D:\Potato\IrishPotato37G_full\lateblt\lateblt485.jpg,late_blight,irish
D:\Potato\IrishPotato37G_full\healthy\healthy2569.jpg,healthy,irish
D:\Potato\PlantVillage\Potato___Early_blight\ef722b35-2ab8-409d-a971-b3a853a72cb3___RS_Early.B 7184.JPG,early_blight,plantvillage
D:\Potato\IrishPotato37G_full\lateblt\lateblt2838.jpg,late_blight,irish
D:\Potato\PlantVillage\Potato___Early_blight\07d777f8-2c5a-48da-935e-f17c572b1e6e___RS_Early.B 7880.JPG,early_blight,plantvillage
D:\Potato\PlantVillage\Potato___Late_blight\d01b2206-84b5-41f6-9a40-b238282940bd___RS_LB 2631.JPG,late_blight,plantvillage
D:\Potato\IrishPotato37G_full\lateblt\lateblt2962.jpg,late_blight,irish
D:\Potato\PlantVillage\Potato___Late_blight\28cbad12-8d41-4d36-a6df-db0d35ee1ce0___RS_LB 2922.JPG,late_blight,plantvillage
D:\Potato\PlantVillage\Potato___Late_blight\1e69b122-3920-4c4a-bfff-a18f3d6c3f89___RS_LB 4766.JPG,late_blight,plantvillage
D:\Potato\PlantVillage\Potato___Late_blight\3c20c90a-788c-4d06-acdb-107f695d901b___RS_LB 4856.JPG,late_blight,plantvillage
D:\Potato\IrishPotato37G_full\lateblt\lateblt2807.jpg,late_blight,irish
D:\Potato\IrishPotato37G_full\earlyblt\earlyblt6738.jpg,early_blight,irish
D:\Potato\IrishPotato37G_full\healthy\healthy2112.jpg,healthy,irish
D:\Potato\IrishPotato37G_full\healthy\healthy577.jpg,healthy,irish
D:\Potato\non_leaf\coco_person\000000255917.jpg,non_leaf,coco_person
D:\Potato\PlantVillage\Potato___Early_blight\510146c8-7368-4acc-847d-523f55b3d424___RS_Early.B 6678.JPG,early_blight,plantvillage
D:\Potato\IrishPotato37G_full\lateblt\lateblt1348.jpg,late_blight,irish
D:\Potato\IrishPotato37G_full\earlyblt\earlyblt3742.jpg,early_blight,irish
D:\Potato\PlantVillage\Potato___Early_blight\37da60b5-9c33-4fe7-95d4-3a2db2a7702b___RS_Early.B 8359.JPG,early_blight,plantvillage
D:\Potato\non_leaf\coco_person\000000270474.jpg,non_leaf,coco_person
D:\Potato\IrishPotato37G_full\earlyblt\earlyblt798.jpg,early_blight,irish
D:\Potato\PlantVillage\Potato___Early_blight\544b5324-f697-4af8-90d4-47b7b86691c6___RS_Early.B 7028.JPG,early_blight,plantvillage
D:\Potato\PlantVillage\Potato___Late_blight\ea2bb076-a483-4570-88ac-8ab236d4bb92___RS_LB 2503.JPG,late_blight,plantvillage
D:\Potato\PlantVillage\Potato___Late_blight\ecfc161f-11f6-449f-80c1-1b0254f5179a___RS_LB 4279.JPG,late_blight,plantvillage
D:\Potato\IrishPotato37G_full\healthy\healthy3404.jpg,healthy,irish
D:\Potato\IrishPotato37G_full\healthy\healthy2818.jpg,healthy,irish
D:\Potato\IrishPotato37G_full\earlyblt\earlyblt1920.jpg,early_blight,irish
D:\Potato\non_leaf\coco_person\000000423123.jpg,non_leaf,coco_person
D:\Potato\PlantVillage\Potato___Early_blight\5deee0ba-6bbb-450e-a107-102063e2f93b___RS_Early.B 7429.JPG,early_blight,plantvillage
D:\Potato\IrishPotato37G_full\earlyblt\earlyblt646.jpg,early_blight,irish
D:\Potato\PlantVillage\Potato___Late_blight\465669d7-b75c-4aab-8ccc-af3566baf2e3___RS_LB 4985.JPG,late_blight,plantvillage
D:\Potato\IrishPotato37G_full\lateblt\lateblt2821.jpg,late_blight,irish
D:\Potato\PlantVillage\Potato___Early_blight\df7e4d39-fb74-4e6d-9d32-04d7d2165135___RS_Early.B 6700.JPG,early_blight,plantvillage
D:\Potato\PlantVillage\Potato___Late_blight\89c3b470-f3e6-4a8c-90a0-edfc0ef73085___RS_LB 4543.JPG,late_blight,plantvillage
D:\Potato\non_leaf\coco_person\000000151000.jpg,non_leaf,coco_person
D:\Potato\IrishPotato37G_full\earlyblt\earlyblt4902.jpg,early_blight,irish
D:\Potato\IrishPotato37G_full\healthy\healthy4632.jpg,healthy,irish
D:\Potato\IrishPotato37G_full\lateblt\lateblt154.jpg,late_blight,irish
D:\Potato\IrishPotato37G_full\healthy\healthy504.jpg,healthy,irish
D:\Potato\IrishPotato37G_full\earlyblt\earlyblt2252.jpg,early_blight,irish
D:\Potato\PlantVillage\Potato___Early_blight\bb3d6df0-683e-4f04-afaf-277a36edad6c___RS_Early.B 9070.JPG,early_blight,plantvillage
D:\Potato\IrishPotato37G_full\earlyblt\earlyblt3770.jpg,early_blight,irish
D:\Potato\PlantVillage\Potato___healthy\7e6c8297-dfe1-4826-826e-01d696cc263b___RS_HL 1863.JPG,healthy,plantvillage
D:\Potato\IrishPotato37G_full\earlyblt\earlyblt3572.jpg,early_blight,irish
D:\Potato\IrishPotato37G_full\earlyblt\earlyblt3096.jpg,early_blight,irish
D:\Potato\IrishPotato37G_full\earlyblt\earlyblt4735.jpg,early_blight,irish
D:\Potato\non_leaf\coco_person\000000245026.jpg,non_leaf,coco_person
D:\Potato\IrishPotato37G_full\earlyblt\earlyblt966.jpg,early_blight,irish
D:\Potato\IrishPotato37G_full\lateblt\lateblt508.jpg,late_blight,irish
D:\Potato\IrishPotato37G_full\earlyblt\earlyblt3931.jpg,early_blight,irish
D:\Potato\PlantVillage\Potato___Early_blight\2c5500a4-cfa4-4b46-8db4-443b995d39dd___RS_Early.B 8768.JPG,early_blight,plantvillage
D:\Potato\non_leaf\coco_person\000000025603.jpg,non_leaf,coco_person
D:\Potato\IrishPotato37G_full\earlyblt\earlyblt1774.jpg,early_blight,irish
D:\Potato\IrishPotato37G_full\earlyblt\earlyblt2829.jpg,early_blight,irish
D:\Potato\IrishPotato37G_full\lateblt\lateblt2538.jpg,late_blight,irish
D:\Potato\IrishPotato37G_full\earlyblt\earlyblt330.jpg,early_blight,irish
D:\Potato\IrishPotato37G_full\healthy\healthy875.jpg,healthy,irish
D:\Potato\IrishPotato37G_full\healthy\healthy1199.jpg,healthy,irish
D:\Potato\IrishPotato37G_full\lateblt\lateblt2728.jpg,late_blight,irish
D:\Potato\IrishPotato37G_full\lateblt\lateblt822.jpg,late_blight,irish
D:\Potato\IrishPotato37G_full\healthy\healthy4315.jpg,healthy,irish
D:\Potato\non_leaf\coco_person\000000273493.jpg,non_leaf,coco_person
D:\Potato\non_leaf\coco_person\000000531134.jpg,non_leaf,coco_person
D:\Potato\IrishPotato37G_full\lateblt\lateblt759.jpg,late_blight,irish
D:\Potato\non_leaf\coco_person\000000018770.jpg,non_leaf,coco_person
D:\Potato\PlantVillage\Potato___Late_blight\471fd810-047d-4c87-933b-14c8b46d4b20___RS_LB 5450.JPG,late_blight,plantvillage
D:\Potato\IrishPotato37G_full\lateblt\lateblt2523.jpg,late_blight,irish
D:\Potato\IrishPotato37G_full\healthy\healthy3331.jpg,healthy,irish
D:\Potato\IrishPotato37G_full\lateblt\lateblt1122.jpg,late_blight,irish
D:\Potato\IrishPotato37G_full\healthy\healthy154.jpg,healthy,irish
D:\Potato\IrishPotato37G_full\healthy\healthy2232.jpg,healthy,irish
D:\Potato\IrishPotato37G_full\lateblt\lateblt2855.jpg,late_blight,irish
D:\Potato\IrishPotato37G_full\healthy\healthy1464.jpg,healthy,irish
D:\Potato\IrishPotato37G_full\earlyblt\earlyblt3461.jpg,early_blight,irish
D:\Potato\IrishPotato37G_full\healthy\healthy3613.jpg,healthy,irish
D:\Potato\IrishPotato37G_full\lateblt\lateblt5053.jpg,late_blight,irish
D:\Potato\IrishPotato37G_full\lateblt\lateblt973.jpg,late_blight,irish
D:\Potato\IrishPotato37G_full\lateblt\lateblt2924.jpg,late_blight,irish
D:\Potato\PlantVillage\Potato___Late_blight\78f43f26-36e5-43c2-9b87-a08d8a0b8a11___RS_LB 2843.JPG,late_blight,plantvillage
D:\Potato\PlantVillage\Potato___Late_blight\051089cf-e083-4fdb-9256-aac12b8a55d2___RS_LB 4078.JPG,late_blight,plantvillage
D:\Potato\IrishPotato37G_full\healthy\healthy665.jpg,healthy,irish
D:\Potato\PlantVillage\Potato___Late_blight\465165a0-33c0-4593-8324-03513e71079d___RS_LB 4445.JPG,late_blight,plantvillage
D:\Potato\IrishPotato37G_full\lateblt\lateblt2991.jpg,late_blight,irish
D:\Potato\IrishPotato37G_full\healthy\healthy2235.jpg,healthy,irish
D:\Potato\IrishPotato37G_full\earlyblt\earlyblt7022.jpg,early_blight,irish
D:\Potato\IrishPotato37G_full\healthy\healthy3741.jpg,healthy,irish
D:\Potato\IrishPotato37G_full\healthy\healthy3071.jpg,healthy,irish
D:\Potato\IrishPotato37G_full\earlyblt\earlyblt3868.jpg,early_blight,irish
D:\Potato\IrishPotato37G_full\healthy\healthy4758.jpg,healthy,irish
D:\Potato\IrishPotato37G_full\healthy\healthy4996.jpg,healthy,irish
D:\Potato\IrishPotato37G_full\lateblt\lateblt2765.jpg,late_blight,irish
D:\Potato\IrishPotato37G_full\lateblt\lateblt5025.jpg,late_blight,irish
D:\Potato\IrishPotato37G_full\healthy\healthy1406.jpg,healthy,irish
D:\Potato\IrishPotato37G_full\healthy\healthy581.jpg,healthy,irish
D:\Potato\IrishPotato37G_full\earlyblt\earlyblt1436.jpg,early_blight,irish
D:\Potato\IrishPotato37G_full\lateblt\lateblt180.jpg,late_blight,irish
D:\Potato\IrishPotato37G_full\earlyblt\earlyblt396.jpg,early_blight,irish
D:\Potato\IrishPotato37G_full\lateblt\lateblt207.jpg,late_blight,irish
D:\Potato\IrishPotato37G_full\lateblt\lateblt1504.jpg,late_blight,irish
D:\Potato\IrishPotato37G_full\lateblt\lateblt434.jpg,late_blight,irish
D:\Potato\IrishPotato37G_full\lateblt\lateblt980.jpg,late_blight,irish
D:\Potato\IrishPotato37G_full\lateblt\lateblt565.jpg,late_blight,irish
D:\Potato\IrishPotato37G_full\lateblt\lateblt2110.jpg,late_blight,irish
D:\Potato\IrishPotato37G_full\earlyblt\earlyblt4863.jpg,early_blight,irish
D:\Potato\IrishPotato37G_full\earlyblt\earlyblt997.jpg,early_blight,irish
D:\Potato\non_leaf\coco_person\000000132796.jpg,non_leaf,coco_person
D:\Potato\non_leaf\coco_person\000000142971.jpg,non_leaf,coco_person
D:\Potato\IrishPotato37G_full\earlyblt\earlyblt655.jpg,early_blight,irish
D:\Potato\IrishPotato37G_full\lateblt\lateblt1530.jpg,late_blight,irish
D:\Potato\IrishPotato37G_full\healthy\healthy3497.jpg,healthy,irish
D:\Potato\PlantVillage\Potato___Early_blight\33d72b8e-ae59-4fd4-8c74-eaf342682b47___RS_Early.B 7884.JPG,early_blight,plantvillage
D:\Potato\IrishPotato37G_full\lateblt\lateblt1937.jpg,late_blight,irish
D:\Potato\PlantVillage\Potato___Early_blight\b7712e86-f508-4485-8a42-5dd447f3b510___RS_Early.B 7103.JPG,early_blight,plantvillage
D:\Potato\PlantVillage\Potato___healthy\369479a9-3c28-4d77-8731-9ae54e719af3___RS_HL 1785.JPG,healthy,plantvillage
D:\Potato\IrishPotato37G_full\healthy\healthy2059.jpg,healthy,irish
D:\Potato\IrishPotato37G_full\healthy\healthy2186.jpg,healthy,irish
D:\Potato\IrishPotato37G_full\earlyblt\earlyblt3561.jpg,early_blight,irish
D:\Potato\IrishPotato37G_full\earlyblt\earlyblt6942.jpg,early_blight,irish
D:\Potato\PlantVillage\Potato___Late_blight\0f1fb568-1b12-45ef-ad99-c59fa9075693___RS_LB 3242.JPG,late_blight,plantvillage
D:\Potato\IrishPotato37G_full\lateblt\lateblt720.jpg,late_blight,irish
D:\Potato\IrishPotato37G_full\healthy\healthy3174.jpg,healthy,irish
D:\Potato\IrishPotato37G_full\lateblt\lateblt2950.jpg,late_blight,irish
D:\Potato\IrishPotato37G_full\earlyblt\earlyblt2648.jpg,early_blight,irish
D:\Potato\IrishPotato37G_full\lateblt\lateblt598.jpg,late_blight,irish
D:\Potato\IrishPotato37G_full\earlyblt\earlyblt2993.jpg,early_blight,irish
D:\Potato\PlantVillage\Potato___Late_blight\e439b96c-2ff6-4d53-b8f0-1ed720536b0c___RS_LB 4449.JPG,late_blight,plantvillage
D:\Potato\IrishPotato37G_full\earlyblt\earlyblt3057.jpg,early_blight,irish
D:\Potato\PlantVillage\Potato___Late_blight\629303c0-a89e-4f67-9ac8-aa769cf3a163___RS_LB 3945.JPG,late_blight,plantvillage
D:\Potato\IrishPotato37G_full\earlyblt\earlyblt2804.jpg,early_blight,irish
D:\Potato\IrishPotato37G_full\healthy\healthy5623.jpg,healthy,irish
D:\Potato\IrishPotato37G_full\earlyblt\earlyblt6993.jpg,early_blight,irish
D:\Potato\IrishPotato37G_full\earlyblt\earlyblt3748.jpg,early_blight,irish
D:\Potato\IrishPotato37G_full\healthy\healthy4775.jpg,healthy,irish
D:\Potato\IrishPotato37G_full\healthy\healthy4185.jpg,healthy,irish
D:\Potato\IrishPotato37G_full\earlyblt\earlyblt2990.jpg,early_blight,irish
D:\Potato\IrishPotato37G_full\earlyblt\earlyblt2184.jpg,early_blight,irish
D:\Potato\non_leaf\coco_person\000000580418.jpg,non_leaf,coco_person
D:\Potato\PlantVillage\Potato___Late_blight\600100de-8374-4ddd-a816-318235e27948___RS_LB 2895.JPG,late_blight,plantvillage
D:\Potato\IrishPotato37G_full\healthy\healthy960.jpg,healthy,irish
D:\Potato\IrishPotato37G_full\healthy\healthy1205.jpg,healthy,irish
D:\Potato\IrishPotato37G_full\healthy\healthy3756.jpg,healthy,irish
D:\Potato\IrishPotato37G_full\lateblt\lateblt1516.jpg,late_blight,irish
D:\Potato\IrishPotato37G_full\earlyblt\earlyblt1104.jpg,early_blight,irish
D:\Potato\non_leaf\coco_person\000000532481.jpg,non_leaf,coco_person
D:\Potato\non_leaf\coco_person\000000552775.jpg,non_leaf,coco_person
D:\Potato\IrishPotato37G_full\lateblt\lateblt13.jpg,late_blight,irish
D:\Potato\IrishPotato37G_full\healthy\healthy3349.jpg,healthy,irish
D:\Potato\PlantVillage\Potato___Early_blight\983cf28c-872f-423a-a774-41ed2939f249___RS_Early.B 7660.JPG,early_blight,plantvillage
D:\Potato\non_leaf\coco_person\000000492077.jpg,non_leaf,coco_person
D:\Potato\IrishPotato37G_full\lateblt\lateblt411.jpg,late_blight,irish
D:\Potato\IrishPotato37G_full\earlyblt\earlyblt2166.jpg,early_blight,irish
D:\Potato\IrishPotato37G_full\earlyblt\earlyblt3082.jpg,early_blight,irish
D:\Potato\IrishPotato37G_full\healthy\healthy5608.jpg,healthy,irish
D:\Potato\non_leaf\coco_person\000000527029.jpg,non_leaf,coco_person
D:\Potato\non_leaf\coco_person\000000021903.jpg,non_leaf,coco_person
D:\Potato\IrishPotato37G_full\earlyblt\earlyblt2256.jpg,early_blight,irish
D:\Potato\PlantVillage\Potato___Early_blight\4c8df1cf-82bb-49eb-894c-8a516fbd1d74___RS_Early.B 6753.JPG,early_blight,plantvillage
D:\Potato\IrishPotato37G_full\healthy\healthy318.jpg,healthy,irish
D:\Potato\non_leaf\coco_person\000000004134.jpg,non_leaf,coco_person
D:\Potato\IrishPotato37G_full\healthy\healthy5176.jpg,healthy,irish
D:\Potato\IrishPotato37G_full\healthy\healthy54.jpg,healthy,irish
D:\Potato\IrishPotato37G_full\earlyblt\earlyblt2318.jpg,early_blight,irish
D:\Potato\non_leaf\coco_person\000000329827.jpg,non_leaf,coco_person
D:\Potato\IrishPotato37G_full\lateblt\lateblt1523.jpg,late_blight,irish
D:\Potato\IrishPotato37G_full\earlyblt\earlyblt1982.jpg,early_blight,irish
D:\Potato\IrishPotato37G_full\earlyblt\earlyblt3041.jpg,early_blight,irish
D:\Potato\non_leaf\coco_person\000000352760.jpg,non_leaf,coco_person
D:\Potato\IrishPotato37G_full\lateblt\lateblt196.jpg,late_blight,irish
D:\Potato\IrishPotato37G_full\lateblt\lateblt2150.jpg,late_blight,irish
D:\Potato\IrishPotato37G_full\lateblt\lateblt1473.jpg,late_blight,irish
D:\Potato\IrishPotato37G_full\lateblt\lateblt172.jpg,late_blight,irish
D:\Potato\IrishPotato37G_full\earlyblt\earlyblt4786.jpg,early_blight,irish
D:\Potato\IrishPotato37G_full\lateblt\lateblt2646.jpg,late_blight,irish
D:\Potato\PlantVillage\Potato___Early_blight\abb9a8c4-5d0f-443a-b7c9-780036ffe76c___RS_Early.B 7380.JPG,early_blight,plantvillage
D:\Potato\IrishPotato37G_full\healthy\healthy5219.jpg,healthy,irish
D:\Potato\IrishPotato37G_full\lateblt\lateblt2907.jpg,late_blight,irish
D:\Potato\PlantVillage\Potato___Early_blight\37d5791e-19e8-4095-a1cd-36aede6d0802___RS_Early.B 7172.JPG,early_blight,plantvillage
D:\Potato\PlantVillage\Potato___Late_blight\4fbe268d-dabb-4a25-8283-7968fd91fcdb___RS_LB 4819.JPG,late_blight,plantvillage
D:\Potato\IrishPotato37G_full\earlyblt\earlyblt2034.jpg,early_blight,irish
D:\Potato\IrishPotato37G_full\healthy\healthy4940.jpg,healthy,irish
D:\Potato\IrishPotato37G_full\healthy\healthy1119.jpg,healthy,irish
D:\Potato\IrishPotato37G_full\healthy\healthy1183.jpg,healthy,irish
D:\Potato\IrishPotato37G_full\lateblt\lateblt2587.jpg,late_blight,irish
D:\Potato\IrishPotato37G_full\healthy\healthy3508.jpg,healthy,irish
D:\Potato\IrishPotato37G_full\healthy\healthy2483.jpg,healthy,irish
D:\Potato\IrishPotato37G_full\lateblt\lateblt1982.jpg,late_blight,irish
D:\Potato\IrishPotato37G_full\healthy\healthy1645.jpg,healthy,irish
D:\Potato\IrishPotato37G_full\earlyblt\earlyblt180.jpg,early_blight,irish
D:\Potato\IrishPotato37G_full\healthy\healthy809.jpg,healthy,irish
D:\Potato\IrishPotato37G_full\lateblt\lateblt2066.jpg,late_blight,irish
D:\Potato\IrishPotato37G_full\healthy\healthy2085.jpg,healthy,irish
D:\Potato\IrishPotato37G_full\lateblt\lateblt5037.jpg,late_blight,irish
D:\Potato\IrishPotato37G_full\healthy\healthy1342.jpg,healthy,irish
D:\Potato\IrishPotato37G_full\lateblt\lateblt751.jpg,late_blight,irish
D:\Potato\non_leaf\coco_person\000000183675.jpg,non_leaf,coco_person
D:\Potato\PlantVillage\Potato___Early_blight\b6b036b0-6869-48b8-b861-a6a85d1b2b97___RS_Early.B 6850.JPG,early_blight,plantvillage
D:\Potato\PlantVillage\Potato___healthy\c548fe0e-21c2-4241-b806-1e438a1213bd___RS_HL 1770.JPG,healthy,plantvillage
D:\Potato\PlantVillage\Potato___Late_blight\0f6eac3b-d674-4c4d-ab3a-88689feec07f___RS_LB 5232.JPG,late_blight,plantvillage
D:\Potato\PlantVillage\Potato___Late_blight\3f2d7c62-8d58-4a40-9df4-0ab3497b13b9___RS_LB 4487.JPG,late_blight,plantvillage
D:\Potato\PlantVillage\Potato___Early_blight\7456db33-766c-4a68-b924-ddf69d579981___RS_Early.B 6723.JPG,early_blight,plantvillage
D:\Potato\PlantVillage\Potato___Late_blight\57980690-2488-4715-ae89-84e84d17ee10___RS_LB 3978.JPG,late_blight,plantvillage
D:\Potato\PlantVillage\Potato___Late_blight\29dafc9e-eb0f-4f3b-99ab-a617b8163e50___RS_LB 3052.JPG,late_blight,plantvillage
D:\Potato\IrishPotato37G_full\earlyblt\earlyblt2290.jpg,early_blight,irish
D:\Potato\PlantVillage\Potato___Late_blight\3456a2d1-59d1-4111-9cc8-16a6b12e973e___RS_LB 5249.JPG,late_blight,plantvillage
D:\Potato\IrishPotato37G_full\healthy\healthy115.jpg,healthy,irish
D:\Potato\IrishPotato37G_full\earlyblt\earlyblt2998.jpg,early_blight,irish
D:\Potato\IrishPotato37G_full\lateblt\lateblt1186.jpg,late_blight,irish
D:\Potato\PlantVillage\Potato___Late_blight\2c3eddb8-f475-42ce-af72-81271630ba07___RS_LB 4991.JPG,late_blight,plantvillage
D:\Potato\IrishPotato37G_full\lateblt\lateblt65.jpg,late_blight,irish
D:\Potato\IrishPotato37G_full\earlyblt\earlyblt3229.jpg,early_blight,irish
D:\Potato\IrishPotato37G_full\lateblt\lateblt589.jpg,late_blight,irish
D:\Potato\IrishPotato37G_full\earlyblt\earlyblt3291.jpg,early_blight,irish
D:\Potato\non_leaf\coco_person\000000507975.jpg,non_leaf,coco_person
D:\Potato\IrishPotato37G_full\healthy\healthy4620.jpg,healthy,irish
D:\Potato\IrishPotato37G_full\lateblt\lateblt2514.jpg,late_blight,irish
D:\Potato\IrishPotato37G_full\earlyblt\earlyblt3237.jpg,early_blight,irish
D:\Potato\IrishPotato37G_full\lateblt\lateblt2527.jpg,late_blight,irish
D:\Potato\IrishPotato37G_full\earlyblt\earlyblt448.jpg,early_blight,irish
D:\Potato\IrishPotato37G_full\lateblt\lateblt1439.jpg,late_blight,irish
D:\Potato\IrishPotato37G_full\healthy\healthy3043.jpg,healthy,irish
D:\Potato\IrishPotato37G_full\lateblt\lateblt1963.jpg,late_blight,irish
D:\Potato\IrishPotato37G_full\earlyblt\earlyblt2679.jpg,early_blight,irish
D:\Potato\IrishPotato37G_full\lateblt\lateblt143.jpg,late_blight,irish
D:\Potato\IrishPotato37G_full\healthy\healthy1182.jpg,healthy,irish
D:\Potato\IrishPotato37G_full\lateblt\lateblt1457.jpg,late_blight,irish
D:\Potato\IrishPotato37G_full\earlyblt\earlyblt2396.jpg,early_blight,irish
D:\Potato\IrishPotato37G_full\earlyblt\earlyblt2777.jpg,early_blight,irish
D:\Potato\non_leaf\coco_person\000000093437.jpg,non_leaf,coco_person
D:\Potato\IrishPotato37G_full\healthy\healthy3993.jpg,healthy,irish
D:\Potato\PlantVillage\Potato___healthy\4a08efaa-28cc-4356-8769-4002f4b299ef___RS_HL 1850.JPG,healthy,plantvillage
D:\Potato\PlantVillage\Potato___Early_blight\9846eead-9fc1-4c35-8b63-1adfbdf0b118___RS_Early.B 8325.JPG,early_blight,plantvillage
D:\Potato\IrishPotato37G_full\earlyblt\earlyblt2637.jpg,early_blight,irish
D:\Potato\non_leaf\coco_person\000000404839.jpg,non_leaf,coco_person
D:\Potato\IrishPotato37G_full\healthy\healthy2929.jpg,healthy,irish
D:\Potato\IrishPotato37G_full\healthy\healthy3771.jpg,healthy,irish
D:\Potato\PlantVillage\Potato___Late_blight\a88a6388-09fa-4cfc-a82e-94d5fd3b4972___RS_LB 2748.JPG,late_blight,plantvillage
D:\Potato\IrishPotato37G_full\earlyblt\earlyblt777.jpg,early_blight,irish
D:\Potato\IrishPotato37G_full\lateblt\lateblt1925.jpg,late_blight,irish
D:\Potato\IrishPotato37G_full\earlyblt\earlyblt111.jpg,early_blight,irish
D:\Potato\IrishPotato37G_full\healthy\healthy4905.jpg,healthy,irish
D:\Potato\IrishPotato37G_full\earlyblt\earlyblt3111.jpg,early_blight,irish
D:\Potato\IrishPotato37G_full\earlyblt\earlyblt6662.jpg,early_blight,irish
D:\Potato\IrishPotato37G_full\earlyblt\earlyblt3460.jpg,early_blight,irish
D:\Potato\IrishPotato37G_full\earlyblt\earlyblt2303.jpg,early_blight,irish
D:\Potato\IrishPotato37G_full\lateblt\lateblt2755.jpg,late_blight,irish
D:\Potato\PlantVillage\Potato___Early_blight\3de47a70-4a74-462f-8b56-2088507be4ef___RS_Early.B 8832.JPG,early_blight,plantvillage
D:\Potato\non_leaf\coco_person\000000162092.jpg,non_leaf,coco_person
D:\Potato\IrishPotato37G_full\healthy\healthy4466.jpg,healthy,irish
D:\Potato\IrishPotato37G_full\healthy\healthy4628.jpg,healthy,irish
D:\Potato\IrishPotato37G_full\earlyblt\earlyblt2371.jpg,early_blight,irish
D:\Potato\IrishPotato37G_full\healthy\healthy5138.jpg,healthy,irish
D:\Potato\IrishPotato37G_full\healthy\healthy4825.jpg,healthy,irish
D:\Potato\IrishPotato37G_full\healthy\healthy2238.jpg,healthy,irish
D:\Potato\PlantVillage\Potato___Late_blight\377e9523-f375-4c0c-9d66-5abf2abfaefb___RS_LB 2504.JPG,late_blight,plantvillage
D:\Potato\PlantVillage\Potato___Early_blight\6f75cbf6-25c5-4b56-911d-c8a6ffa242d4___RS_Early.B 7914.JPG,early_blight,plantvillage
D:\Potato\IrishPotato37G_full\earlyblt\earlyblt1617.jpg,early_blight,irish
D:\Potato\non_leaf\coco_person\000000346968.jpg,non_leaf,coco_person
D:\Potato\IrishPotato37G_full\earlyblt\earlyblt467.jpg,early_blight,irish
D:\Potato\non_leaf\coco_person\000000458992.jpg,non_leaf,coco_person
D:\Potato\non_leaf\coco_person\000000151657.jpg,non_leaf,coco_person
D:\Potato\PlantVillage\Potato___Early_blight\b21bc878-7b63-481e-a6d1-7e972627210e___RS_Early.B 7656.JPG,early_blight,plantvillage
D:\Potato\IrishPotato37G_full\healthy\healthy628.jpg,healthy,irish
D:\Potato\IrishPotato37G_full\healthy\healthy4042.jpg,healthy,irish
D:\Potato\IrishPotato37G_full\lateblt\lateblt286.jpg,late_blight,irish
D:\Potato\IrishPotato37G_full\lateblt\lateblt1415.jpg,late_blight,irish
D:\Potato\PlantVillage\Potato___Early_blight\90efe2c3-3e9b-4c76-9ab9-b74b2b2ecf36___RS_Early.B 7582.JPG,early_blight,plantvillage
D:\Potato\PlantVillage\Potato___Late_blight\25978f86-dca7-4052-bf6b-7d14ce0438ad___RS_LB 5016.JPG,late_blight,plantvillage
D:\Potato\IrishPotato37G_full\earlyblt\earlyblt3495.jpg,early_blight,irish
D:\Potato\IrishPotato37G_full\lateblt\lateblt1918.jpg,late_blight,irish
D:\Potato\PlantVillage\Potato___Early_blight\5abfa537-636f-41df-a833-311a3018aac9___RS_Early.B 8176.JPG,early_blight,plantvillage
D:\Potato\IrishPotato37G_full\healthy\healthy2164.jpg,healthy,irish
D:\Potato\IrishPotato37G_full\healthy\healthy1296.jpg,healthy,irish
D:\Potato\IrishPotato37G_full\lateblt\lateblt2671.jpg,late_blight,irish
D:\Potato\PlantVillage\Potato___Late_blight\050b6d37-4056-4c6c-8359-d7823a488531___RS_LB 3944.JPG,late_blight,plantvillage
D:\Potato\non_leaf\coco_person\000000016228.jpg,non_leaf,coco_person
D:\Potato\IrishPotato37G_full\lateblt\lateblt85.jpg,late_blight,irish
D:\Potato\IrishPotato37G_full\earlyblt\earlyblt4938.jpg,early_blight,irish
D:\Potato\IrishPotato37G_full\healthy\healthy1783.jpg,healthy,irish
D:\Potato\IrishPotato37G_full\lateblt\lateblt2742.jpg,late_blight,irish
D:\Potato\IrishPotato37G_full\lateblt\lateblt1430.jpg,late_blight,irish
D:\Potato\IrishPotato37G_full\healthy\healthy197.jpg,healthy,irish
D:\Potato\IrishPotato37G_full\lateblt\lateblt112.jpg,late_blight,irish
D:\Potato\non_leaf\coco_person\000000025057.jpg,non_leaf,coco_person
D:\Potato\PlantVillage\Potato___Early_blight\4b7b3611-d9b9-40c8-b0f5-d730fcd76679___RS_Early.B 6937.JPG,early_blight,plantvillage
D:\Potato\IrishPotato37G_full\lateblt\lateblt931.jpg,late_blight,irish
D:\Potato\IrishPotato37G_full\lateblt\lateblt2767.jpg,late_blight,irish
D:\Potato\IrishPotato37G_full\earlyblt\earlyblt864.jpg,early_blight,irish
D:\Potato\PlantVillage\Potato___Early_blight\8ace7694-6cdd-495e-a987-f9c0ee82bcab___RS_Early.B 9016.JPG,early_blight,plantvillage
D:\Potato\non_leaf\coco_person\000000388056.jpg,non_leaf,coco_person
D:\Potato\IrishPotato37G_full\healthy\healthy4685.jpg,healthy,irish
D:\Potato\IrishPotato37G_full\lateblt\lateblt2446.jpg,late_blight,irish
D:\Potato\PlantVillage\Potato___Early_blight\17848019-6609-4cc9-b27b-c70b296ceb09___RS_Early.B 7049.JPG,early_blight,plantvillage
D:\Potato\IrishPotato37G_full\lateblt\lateblt1305.jpg,late_blight,irish
D:\Potato\IrishPotato37G_full\lateblt\lateblt1557.jpg,late_blight,irish
D:\Potato\non_leaf\coco_person\000000013348.jpg,non_leaf,coco_person
D:\Potato\IrishPotato37G_full\healthy\healthy1799.jpg,healthy,irish
D:\Potato\IrishPotato37G_full\healthy\healthy393.jpg,healthy,irish
D:\Potato\IrishPotato37G_full\earlyblt\earlyblt3482.jpg,early_blight,irish
D:\Potato\IrishPotato37G_full\healthy\healthy4344.jpg,healthy,irish
D:\Potato\non_leaf\coco_person\000000530854.jpg,non_leaf,coco_person
D:\Potato\PlantVillage\Potato___Late_blight\c3cd2ad3-174e-48b4-a7a5-ce63be745fd5___RS_LB 3243.JPG,late_blight,plantvillage
D:\Potato\IrishPotato37G_full\earlyblt\earlyblt6671.jpg,early_blight,irish
D:\Potato\PlantVillage\Potato___Early_blight\c43a5fd7-c60c-4a04-9835-bd35b551ec44___RS_Early.B 6701.JPG,early_blight,plantvillage
D:\Potato\IrishPotato37G_full\healthy\healthy5410.jpg,healthy,irish
D:\Potato\PlantVillage\Potato___Late_blight\f5f41985-23db-4902-96a1-db4d7f95a26a___RS_LB 3177.JPG,late_blight,plantvillage
D:\Potato\non_leaf\coco_person\000000370711.jpg,non_leaf,coco_person
D:\Potato\IrishPotato37G_full\lateblt\lateblt233.jpg,late_blight,irish
D:\Potato\IrishPotato37G_full\lateblt\lateblt1423.jpg,late_blight,irish
D:\Potato\IrishPotato37G_full\earlyblt\earlyblt1196.jpg,early_blight,irish
D:\Potato\IrishPotato37G_full\lateblt\lateblt2224.jpg,late_blight,irish
D:\Potato\PlantVillage\Potato___Early_blight\996c0f04-a33a-4620-8971-469e009abae7___RS_Early.B 8869.JPG,early_blight,plantvillage
D:\Potato\IrishPotato37G_full\lateblt\lateblt1986.jpg,late_blight,irish
D:\Potato\IrishPotato37G_full\lateblt\lateblt160.jpg,late_blight,irish
D:\Potato\IrishPotato37G_full\lateblt\lateblt2906.jpg,late_blight,irish
D:\Potato\IrishPotato37G_full\lateblt\lateblt2654.jpg,late_blight,irish
D:\Potato\IrishPotato37G_full\healthy\healthy2718.jpg,healthy,irish
D:\Potato\IrishPotato37G_full\earlyblt\earlyblt3080.jpg,early_blight,irish
D:\Potato\IrishPotato37G_full\healthy\healthy1391.jpg,healthy,irish
D:\Potato\IrishPotato37G_full\healthy\healthy4911.jpg,healthy,irish
D:\Potato\IrishPotato37G_full\earlyblt\earlyblt6412.jpg,early_blight,irish
D:\Potato\IrishPotato37G_full\earlyblt\earlyblt2908.jpg,early_blight,irish
D:\Potato\IrishPotato37G_full\lateblt\lateblt2968.jpg,late_blight,irish
D:\Potato\PlantVillage\Potato___Early_blight\b05850b8-bfb9-487d-b0ba-8f406eba933e___RS_Early.B 6936.JPG,early_blight,plantvillage
D:\Potato\IrishPotato37G_full\lateblt\lateblt1330.jpg,late_blight,irish
D:\Potato\IrishPotato37G_full\earlyblt\earlyblt6476.jpg,early_blight,irish
D:\Potato\IrishPotato37G_full\earlyblt\earlyblt4707.jpg,early_blight,irish
D:\Potato\IrishPotato37G_full\healthy\healthy4433.jpg,healthy,irish
D:\Potato\PlantVillage\Potato___Early_blight\16133ed7-f960-44a5-bd03-8e665e777363___RS_Early.B 7504.JPG,early_blight,plantvillage
D:\Potato\non_leaf\coco_person\000000575187.jpg,non_leaf,coco_person
D:\Potato\IrishPotato37G_full\healthy\healthy4454.jpg,healthy,irish
D:\Potato\non_leaf\coco_person\000000057760.jpg,non_leaf,coco_person
D:\Potato\IrishPotato37G_full\lateblt\lateblt5054.jpg,late_blight,irish
D:\Potato\IrishPotato37G_full\healthy\healthy385.jpg,healthy,irish
D:\Potato\IrishPotato37G_full\earlyblt\earlyblt2802.jpg,early_blight,irish
D:\Potato\IrishPotato37G_full\lateblt\lateblt2065.jpg,late_blight,irish
D:\Potato\PlantVillage\Potato___Early_blight\e0654927-6cc0-491f-86d3-acb5ad261904___RS_Early.B 8341.JPG,early_blight,plantvillage
D:\Potato\IrishPotato37G_full\healthy\healthy4436.jpg,healthy,irish
D:\Potato\IrishPotato37G_full\healthy\healthy1306.jpg,healthy,irish
D:\Potato\PlantVillage\Potato___Early_blight\1cb05d87-027d-4bf0-b5c4-4c1a57896ac6___RS_Early.B 7936.JPG,early_blight,plantvillage
D:\Potato\PlantVillage\Potato___healthy\882798ca-67c3-45a3-86cf-4aed69388145___RS_HL 1750.JPG,healthy,plantvillage
D:\Potato\IrishPotato37G_full\lateblt\lateblt1621.jpg,late_blight,irish
D:\Potato\PlantVillage\Potato___Late_blight\8137ed93-0e40-4bcd-9da7-f69ad5a08cd5___RS_LB 3059.JPG,late_blight,plantvillage
D:\Potato\PlantVillage\Potato___Late_blight\e19d0007-3013-419d-a46a-0b1919f05cc4___RS_LB 4057.JPG,late_blight,plantvillage
D:\Potato\IrishPotato37G_full\healthy\healthy855.jpg,healthy,irish
D:\Potato\IrishPotato37G_full\earlyblt\earlyblt2468.jpg,early_blight,irish
D:\Potato\PlantVillage\Potato___Early_blight\dcdcc724-b029-4987-9d12-ccc8893ac6b4___RS_Early.B 8387.JPG,early_blight,plantvillage
D:\Potato\IrishPotato37G_full\earlyblt\earlyblt6056.jpg,early_blight,irish
D:\Potato\IrishPotato37G_full\healthy\healthy2340.jpg,healthy,irish
D:\Potato\IrishPotato37G_full\healthy\healthy1208.jpg,healthy,irish
D:\Potato\non_leaf\coco_person\000000563281.jpg,non_leaf,coco_person
D:\Potato\PlantVillage\Potato___Early_blight\6319585f-ed2f-4657-ae79-a23db65d0fce___RS_Early.B 7033.JPG,early_blight,plantvillage
D:\Potato\IrishPotato37G_full\lateblt\lateblt1375.jpg,late_blight,irish
D:\Potato\IrishPotato37G_full\healthy\healthy4626.jpg,healthy,irish
D:\Potato\PlantVillage\Potato___Late_blight\1cd053f6-0016-4680-a924-af15aecd7fb2___RS_LB 4414.JPG,late_blight,plantvillage
D:\Potato\IrishPotato37G_full\healthy\healthy1195.jpg,healthy,irish
D:\Potato\IrishPotato37G_full\lateblt\lateblt891.jpg,late_blight,irish
D:\Potato\IrishPotato37G_full\lateblt\lateblt2509.jpg,late_blight,irish
D:\Potato\IrishPotato37G_full\healthy\healthy863.jpg,healthy,irish
D:\Potato\non_leaf\coco_person\000000020571.jpg,non_leaf,coco_person
D:\Potato\PlantVillage\Potato___Late_blight\6750f885-4754-4e76-91d0-a5e77c86e9fd___RS_LB 4865.JPG,late_blight,plantvillage
D:\Potato\IrishPotato37G_full\earlyblt\earlyblt2494.jpg,early_blight,irish
D:\Potato\IrishPotato37G_full\lateblt\lateblt2168.jpg,late_blight,irish
D:\Potato\PlantVillage\Potato___Early_blight\e6aec621-1699-433a-8cf5-7310ec895810___RS_Early.B 8764.JPG,early_blight,plantvillage
D:\Potato\IrishPotato37G_full\healthy\healthy591.jpg,healthy,irish
D:\Potato\IrishPotato37G_full\earlyblt\earlyblt1848.jpg,early_blight,irish
D:\Potato\IrishPotato37G_full\healthy\healthy5106.jpg,healthy,irish
D:\Potato\IrishPotato37G_full\lateblt\lateblt2418.jpg,late_blight,irish
D:\Potato\IrishPotato37G_full\lateblt\lateblt2679.jpg,late_blight,irish
D:\Potato\IrishPotato37G_full\earlyblt\earlyblt1513.jpg,early_blight,irish
D:\Potato\PlantVillage\Potato___Late_blight\1b7342d7-5d89-4ee3-8b4f-587d79187511___RS_LB 4416.JPG,late_blight,plantvillage
D:\Potato\IrishPotato37G_full\lateblt\lateblt889.jpg,late_blight,irish
D:\Potato\IrishPotato37G_full\earlyblt\earlyblt1986.jpg,early_blight,irish
D:\Potato\IrishPotato37G_full\healthy\healthy3430.jpg,healthy,irish
D:\Potato\IrishPotato37G_full\earlyblt\earlyblt1967.jpg,early_blight,irish
D:\Potato\PlantVillage\Potato___Late_blight\520c0e9a-1ba4-44fa-aa60-dcdf018a00b3___RS_LB 2850.JPG,late_blight,plantvillage
D:\Potato\IrishPotato37G_full\lateblt\lateblt2176.jpg,late_blight,irish
D:\Potato\IrishPotato37G_full\earlyblt\earlyblt3038.jpg,early_blight,irish
D:\Potato\IrishPotato37G_full\healthy\healthy2213.jpg,healthy,irish
D:\Potato\IrishPotato37G_full\earlyblt\earlyblt1178.jpg,early_blight,irish
D:\Potato\IrishPotato37G_full\lateblt\lateblt2891.jpg,late_blight,irish
D:\Potato\IrishPotato37G_full\lateblt\lateblt2626.jpg,late_blight,irish
D:\Potato\IrishPotato37G_full\earlyblt\earlyblt2442.jpg,early_blight,irish
D:\Potato\IrishPotato37G_full\healthy\healthy4679.jpg,healthy,irish
D:\Potato\IrishPotato37G_full\lateblt\lateblt5026.jpg,late_blight,irish
D:\Potato\non_leaf\coco_person\000000135890.jpg,non_leaf,coco_person
D:\Potato\non_leaf\coco_person\000000263966.jpg,non_leaf,coco_person
D:\Potato\IrishPotato37G_full\lateblt\lateblt1524.jpg,late_blight,irish
D:\Potato\non_leaf\coco_person\000000016598.jpg,non_leaf,coco_person
D:\Potato\IrishPotato37G_full\lateblt\lateblt1573.jpg,late_blight,irish
D:\Potato\IrishPotato37G_full\lateblt\lateblt963.jpg,late_blight,irish
D:\Potato\IrishPotato37G_full\earlyblt\earlyblt6461.jpg,early_blight,irish
D:\Potato\PlantVillage\Potato___healthy\45bc0b37-ca59-4a89-8531-705af42a6fd5___RS_HL 1946.JPG,healthy,plantvillage
D:\Potato\IrishPotato37G_full\healthy\healthy4232.jpg,healthy,irish
D:\Potato\IrishPotato37G_full\earlyblt\earlyblt6009.jpg,early_blight,irish
D:\Potato\IrishPotato37G_full\healthy\healthy1756.jpg,healthy,irish
D:\Potato\IrishPotato37G_full\healthy\healthy5632.jpg,healthy,irish
D:\Potato\IrishPotato37G_full\healthy\healthy852.jpg,healthy,irish
D:\Potato\PlantVillage\Potato___Late_blight\e956d757-4016-4d20-96a6-6844787ddc46___RS_LB 4815.JPG,late_blight,plantvillage
D:\Potato\IrishPotato37G_full\lateblt\lateblt2422.jpg,late_blight,irish
D:\Potato\IrishPotato37G_full\earlyblt\earlyblt1626.jpg,early_blight,irish
D:\Potato\IrishPotato37G_full\lateblt\lateblt2778.jpg,late_blight,irish
D:\Potato\non_leaf\coco_person\000000005193.jpg,non_leaf,coco_person
D:\Potato\IrishPotato37G_full\earlyblt\earlyblt3759.jpg,early_blight,irish
D:\Potato\non_leaf\coco_person\000000200839.jpg,non_leaf,coco_person
D:\Potato\IrishPotato37G_full\lateblt\lateblt1108.jpg,late_blight,irish
D:\Potato\PlantVillage\Potato___Early_blight\b954c296-ae18-4efb-8a8c-450486faa919___RS_Early.B 6998.JPG,early_blight,plantvillage
D:\Potato\non_leaf\coco_person\000000395575.jpg,non_leaf,coco_person
D:\Potato\PlantVillage\Potato___Late_blight\93935af4-3aae-4dd6-90d9-fb28e439faf0___RS_LB 3299.JPG,late_blight,plantvillage
D:\Potato\IrishPotato37G_full\healthy\healthy355.jpg,healthy,irish
D:\Potato\PlantVillage\Potato___healthy\1f9870b3-899e-46fb-98c9-cfc2ce92895b___RS_HL 1816.JPG,healthy,plantvillage
D:\Potato\IrishPotato37G_full\earlyblt\earlyblt6341.jpg,early_blight,irish
D:\Potato\IrishPotato37G_full\lateblt\lateblt1579.jpg,late_blight,irish
D:\Potato\IrishPotato37G_full\healthy\healthy2214.jpg,healthy,irish
D:\Potato\IrishPotato37G_full\earlyblt\earlyblt916.jpg,early_blight,irish
D:\Potato\IrishPotato37G_full\lateblt\lateblt1556.jpg,late_blight,irish
D:\Potato\IrishPotato37G_full\lateblt\lateblt2949.jpg,late_blight,irish
D:\Potato\PlantVillage\Potato___Late_blight\f9d861a9-0217-4de2-844f-fd23ccaa9def___RS_LB 3067.JPG,late_blight,plantvillage
D:\Potato\IrishPotato37G_full\lateblt\lateblt1341.jpg,late_blight,irish
D:\Potato\PlantVillage\Potato___healthy\46b2555a-c0a6-48c2-af13-0816e147e4de___RS_HL 1943.JPG,healthy,plantvillage
D:\Potato\PlantVillage\Potato___Early_blight\e8db5472-3858-478a-b1ae-9198329a49a5___RS_Early.B 7528.JPG,early_blight,plantvillage
D:\Potato\IrishPotato37G_full\healthy\healthy3969.jpg,healthy,irish
D:\Potato\non_leaf\coco_person\000000025603.jpg,non_leaf,coco_person
D:\Potato\IrishPotato37G_full\lateblt\lateblt2141.jpg,late_blight,irish
D:\Potato\PlantVillage\Potato___Late_blight\9570095c-02e9-497b-bec1-4e526f3462e5___RS_LB 2815.JPG,late_blight,plantvillage
D:\Potato\PlantVillage\Potato___Early_blight\4be99b40-e269-4c69-8c90-ac75514650af___RS_Early.B 6830.JPG,early_blight,plantvillage
D:\Potato\non_leaf\coco_person\000000111609.jpg,non_leaf,coco_person
D:\Potato\IrishPotato37G_full\healthy\healthy90.jpg,healthy,irish
D:\Potato\IrishPotato37G_full\earlyblt\earlyblt2697.jpg,early_blight,irish
D:\Potato\IrishPotato37G_full\lateblt\lateblt214.jpg,late_blight,irish
D:\Potato\IrishPotato37G_full\healthy\healthy1291.jpg,healthy,irish
D:\Potato\IrishPotato37G_full\healthy\healthy5184.jpg,healthy,irish
D:\Potato\PlantVillage\Potato___Late_blight\971ec52d-67e9-4438-80f6-a6aa32fdc946___RS_LB 3048.JPG,late_blight,plantvillage
D:\Potato\IrishPotato37G_full\lateblt\lateblt1114.jpg,late_blight,irish
D:\Potato\IrishPotato37G_full\earlyblt\earlyblt4921.jpg,early_blight,irish
D:\Potato\IrishPotato37G_full\lateblt\lateblt2273.jpg,late_blight,irish
D:\Potato\PlantVillage\Potato___Early_blight\5748b34e-9143-4540-b4f0-37b8f7dd9e96___RS_Early.B 7198.JPG,early_blight,plantvillage
D:\Potato\PlantVillage\Potato___Late_blight\b74d0fd1-9af7-4053-8538-ee937236a64d___RS_LB 4918.JPG,late_blight,plantvillage
D:\Potato\PlantVillage\Potato___Early_blight\e40b6718-52b6-46a7-970c-5f1b6bae23af___RS_Early.B 8287.JPG,early_blight,plantvillage
D:\Potato\non_leaf\coco_person\000000158227.jpg,non_leaf,coco_person
D:\Potato\IrishPotato37G_full\earlyblt\earlyblt2929.jpg,early_blight,irish
D:\Potato\IrishPotato37G_full\lateblt\lateblt708.jpg,late_blight,irish
D:\Potato\non_leaf\coco_person\000000006471.jpg,non_leaf,coco_person
D:\Potato\PlantVillage\Potato___Late_blight\d9817cc3-ef03-41e5-8892-1fddd27b7bcc___RS_LB 4878.JPG,late_blight,plantvillage
D:\Potato\PlantVillage\Potato___Early_blight\6a90d533-28ad-4e1b-935b-8d2dfa804c87___RS_Early.B 8213.JPG,early_blight,plantvillage
D:\Potato\non_leaf\coco_person\000000030828.jpg,non_leaf,coco_person
D:\Potato\IrishPotato37G_full\lateblt\lateblt1522.jpg,late_blight,irish
D:\Potato\IrishPotato37G_full\earlyblt\earlyblt1051.jpg,early_blight,irish
D:\Potato\IrishPotato37G_full\earlyblt\earlyblt6944.jpg,early_blight,irish
D:\Potato\non_leaf\coco_person\000000435208.jpg,non_leaf,coco_person
D:\Potato\non_leaf\coco_person\000000117908.jpg,non_leaf,coco_person
D:\Potato\IrishPotato37G_full\lateblt\lateblt1395.jpg,late_blight,irish
D:\Potato\IrishPotato37G_full\lateblt\lateblt2038.jpg,late_blight,irish
D:\Potato\IrishPotato37G_full\lateblt\lateblt418.jpg,late_blight,irish
D:\Potato\IrishPotato37G_full\lateblt\lateblt660.jpg,late_blight,irish
D:\Potato\IrishPotato37G_full\lateblt\lateblt93.jpg,late_blight,irish
D:\Potato\IrishPotato37G_full\lateblt\lateblt1501.jpg,late_blight,irish
D:\Potato\non_leaf\coco_person\000000166165.jpg,non_leaf,coco_person
D:\Potato\IrishPotato37G_full\earlyblt\earlyblt2558.jpg,early_blight,irish
D:\Potato\IrishPotato37G_full\earlyblt\earlyblt1987.jpg,early_blight,irish
D:\Potato\PlantVillage\Potato___Late_blight\c0aeb29d-b504-47b5-aa5f-940a4f3b4e89___RS_LB 2972.JPG,late_blight,plantvillage
D:\Potato\IrishPotato37G_full\healthy\healthy1187.jpg,healthy,irish
D:\Potato\PlantVillage\Potato___Early_blight\bcc2199e-a6c6-4e0d-a7a7-f7c4b25f2c04___RS_Early.B 7007.JPG,early_blight,plantvillage
D:\Potato\non_leaf\coco_person\000000139099.jpg,non_leaf,coco_person
D:\Potato\IrishPotato37G_full\healthy\healthy5135.jpg,healthy,irish
D:\Potato\IrishPotato37G_full\earlyblt\earlyblt2172.jpg,early_blight,irish
D:\Potato\IrishPotato37G_full\earlyblt\earlyblt2364.jpg,early_blight,irish
D:\Potato\IrishPotato37G_full\earlyblt\earlyblt1445.jpg,early_blight,irish
D:\Potato\non_leaf\coco_person\000000374982.jpg,non_leaf,coco_person
D:\Potato\IrishPotato37G_full\lateblt\lateblt994.jpg,late_blight,irish
D:\Potato\IrishPotato37G_full\earlyblt\earlyblt4699.jpg,early_blight,irish
D:\Potato\IrishPotato37G_full\earlyblt\earlyblt2529.jpg,early_blight,irish
D:\Potato\IrishPotato37G_full\healthy\healthy4457.jpg,healthy,irish
D:\Potato\IrishPotato37G_full\lateblt\lateblt613.jpg,late_blight,irish
D:\Potato\IrishPotato37G_full\healthy\healthy2892.jpg,healthy,irish
D:\Potato\PlantVillage\Potato___healthy\1dcfeaa9-006d-470c-b3e5-d67609d07d4e___RS_HL 1808.JPG,healthy,plantvillage
D:\Potato\IrishPotato37G_full\lateblt\lateblt2737.jpg,late_blight,irish
D:\Potato\IrishPotato37G_full\earlyblt\earlyblt1108.jpg,early_blight,irish
D:\Potato\IrishPotato37G_full\healthy\healthy1444.jpg,healthy,irish
D:\Potato\non_leaf\coco_person\000000345252.jpg,non_leaf,coco_person
D:\Potato\non_leaf\coco_person\000000102805.jpg,non_leaf,coco_person
D:\Potato\IrishPotato37G_full\healthy\healthy3632.jpg,healthy,irish
D:\Potato\IrishPotato37G_full\earlyblt\earlyblt6754.jpg,early_blight,irish
D:\Potato\PlantVillage\Potato___Early_blight\8c3d0f9e-3a77-4ec2-a9ad-d996caa2c562___RS_Early.B 6887.JPG,early_blight,plantvillage
D:\Potato\IrishPotato37G_full\healthy\healthy357.jpg,healthy,irish
D:\Potato\IrishPotato37G_full\earlyblt\earlyblt7004.jpg,early_blight,irish
D:\Potato\IrishPotato37G_full\lateblt\lateblt622.jpg,late_blight,irish
D:\Potato\IrishPotato37G_full\healthy\healthy534.jpg,healthy,irish
D:\Potato\PlantVillage\Potato___Early_blight\29978e78-7d4a-4fff-a659-52e45e9b96b3___RS_Early.B 7672.JPG,early_blight,plantvillage
D:\Potato\PlantVillage\Potato___Early_blight\b99ba68b-4608-4335-a292-b4249d83762d___RS_Early.B 9096.JPG,early_blight,plantvillage
D:\Potato\non_leaf\coco_person\000000243867.jpg,non_leaf,coco_person
D:\Potato\IrishPotato37G_full\lateblt\lateblt1354.jpg,late_blight,irish
D:\Potato\IrishPotato37G_full\healthy\healthy300.jpg,healthy,irish
D:\Potato\IrishPotato37G_full\earlyblt\earlyblt964.jpg,early_blight,irish
D:\Potato\IrishPotato37G_full\lateblt\lateblt1469.jpg,late_blight,irish
D:\Potato\non_leaf\coco_person\000000570539.jpg,non_leaf,coco_person
D:\Potato\IrishPotato37G_full\healthy\healthy1257.jpg,healthy,irish
D:\Potato\PlantVillage\Potato___Late_blight\3c5e5bd4-e805-44b4-a030-51ee6bb1cef6___RS_LB 4139.JPG,late_blight,plantvillage
D:\Potato\IrishPotato37G_full\earlyblt\earlyblt1789.jpg,early_blight,irish
D:\Potato\IrishPotato37G_full\lateblt\lateblt946.jpg,late_blight,irish
D:\Potato\IrishPotato37G_full\healthy\healthy2014.jpg,healthy,irish
D:\Potato\IrishPotato37G_full\earlyblt\earlyblt2967.jpg,early_blight,irish
D:\Potato\IrishPotato37G_full\earlyblt\earlyblt1074.jpg,early_blight,irish
D:\Potato\IrishPotato37G_full\lateblt\lateblt2413.jpg,late_blight,irish
D:\Potato\non_leaf\coco_person\000000256868.jpg,non_leaf,coco_person
D:\Potato\IrishPotato37G_full\earlyblt\earlyblt1469.jpg,early_blight,irish
D:\Potato\IrishPotato37G_full\lateblt\lateblt1515.jpg,late_blight,irish
D:\Potato\IrishPotato37G_full\earlyblt\earlyblt6494.jpg,early_blight,irish
D:\Potato\IrishPotato37G_full\lateblt\lateblt2953.jpg,late_blight,irish
D:\Potato\IrishPotato37G_full\lateblt\lateblt728.jpg,late_blight,irish
D:\Potato\PlantVillage\Potato___Early_blight\ccec0636-2984-4164-aad7-34b1b84ec42b___RS_Early.B 7766.JPG,early_blight,plantvillage
D:\Potato\IrishPotato37G_full\lateblt\lateblt1636.jpg,late_blight,irish
D:\Potato\PlantVillage\Potato___Early_blight\f48fc3b4-b7e7-4ad5-a651-0bf61a5173ff___RS_Early.B 8597.JPG,early_blight,plantvillage
D:\Potato\PlantVillage\Potato___Early_blight\001187a0-57ab-4329-baff-e7246a9edeb0___RS_Early.B 8178.JPG,early_blight,plantvillage
D:\Potato\IrishPotato37G_full\earlyblt\earlyblt1869.jpg,early_blight,irish
D:\Potato\IrishPotato37G_full\healthy\healthy3086.jpg,healthy,irish
D:\Potato\IrishPotato37G_full\healthy\healthy4093.jpg,healthy,irish
D:\Potato\non_leaf\coco_person\000000399296.jpg,non_leaf,coco_person
D:\Potato\IrishPotato37G_full\earlyblt\earlyblt2747.jpg,early_blight,irish
D:\Potato\IrishPotato37G_full\healthy\healthy900.jpg,healthy,irish
D:\Potato\IrishPotato37G_full\earlyblt\earlyblt3437.jpg,early_blight,irish
D:\Potato\IrishPotato37G_full\lateblt\lateblt2191.jpg,late_blight,irish
D:\Potato\PlantVillage\Potato___Late_blight\baac20f4-7978-4258-8cd0-f3f8fe98bf83___RS_LB 4774.JPG,late_blight,plantvillage
D:\Potato\IrishPotato37G_full\earlyblt\earlyblt2265.jpg,early_blight,irish
D:\Potato\IrishPotato37G_full\healthy\healthy4195.jpg,healthy,irish
D:\Potato\PlantVillage\Potato___Late_blight\7a4371b2-72c6-414e-b73e-6e4b4adab72f___RS_LB 3289.JPG,late_blight,plantvillage
D:\Potato\PlantVillage\Potato___Late_blight\1b8f80ae-38a2-4d08-ae92-f80ff4459a73___RS_LB 2554.JPG,late_blight,plantvillage
D:\Potato\IrishPotato37G_full\lateblt\lateblt871.jpg,late_blight,irish
D:\Potato\non_leaf\coco_person\000000035197.jpg,non_leaf,coco_person
D:\Potato\IrishPotato37G_full\healthy\healthy3014.jpg,healthy,irish
D:\Potato\IrishPotato37G_full\earlyblt\earlyblt2412.jpg,early_blight,irish
D:\Potato\non_leaf\coco_person\000000290843.jpg,non_leaf,coco_person
D:\Potato\IrishPotato37G_full\healthy\healthy2325.jpg,healthy,irish
D:\Potato\IrishPotato37G_full\lateblt\lateblt1910.jpg,late_blight,irish
D:\Potato\IrishPotato37G_full\lateblt\lateblt1432.jpg,late_blight,irish
D:\Potato\non_leaf\coco_person\000000446206.jpg,non_leaf,coco_person
D:\Potato\IrishPotato37G_full\lateblt\lateblt2897.jpg,late_blight,irish
D:\Potato\PlantVillage\Potato___Late_blight\17d846d2-f2b7-4ba2-847c-7561159334a3___RS_LB 2695.JPG,late_blight,plantvillage
D:\Potato\IrishPotato37G_full\earlyblt\earlyblt6689.jpg,early_blight,irish
D:\Potato\IrishPotato37G_full\healthy\healthy4266.jpg,healthy,irish
D:\Potato\PlantVillage\Potato___Late_blight\90596f7b-1efa-4595-8d57-bcbd4c48253f___RS_LB 4753.JPG,late_blight,plantvillage
D:\Potato\IrishPotato37G_full\lateblt\lateblt1529.jpg,late_blight,irish
D:\Potato\IrishPotato37G_full\healthy\healthy3573.jpg,healthy,irish
D:\Potato\IrishPotato37G_full\earlyblt\earlyblt1508.jpg,early_blight,irish
D:\Potato\IrishPotato37G_full\healthy\healthy2357.jpg,healthy,irish
D:\Potato\IrishPotato37G_full\lateblt\lateblt869.jpg,late_blight,irish
D:\Potato\IrishPotato37G_full\lateblt\lateblt2218.jpg,late_blight,irish
D:\Potato\IrishPotato37G_full\healthy\healthy3175.jpg,healthy,irish
D:\Potato\IrishPotato37G_full\healthy\healthy4028.jpg,healthy,irish
D:\Potato\IrishPotato37G_full\lateblt\lateblt269.jpg,late_blight,irish
D:\Potato\PlantVillage\Potato___Early_blight\fbc1b154-7b53-4ac5-ad3a-5e9e5078a289___RS_Early.B 7551.JPG,early_blight,plantvillage
D:\Potato\IrishPotato37G_full\healthy\healthy3351.jpg,healthy,irish
D:\Potato\IrishPotato37G_full\lateblt\lateblt86.jpg,late_blight,irish
D:\Potato\IrishPotato37G_full\healthy\healthy3642.jpg,healthy,irish
D:\Potato\PlantVillage\Potato___Early_blight\efb6e5e5-d83c-4634-a9f6-3f2332713497___RS_Early.B 6788.JPG,early_blight,plantvillage
D:\Potato\non_leaf\coco_person\000000012576.jpg,non_leaf,coco_person
D:\Potato\IrishPotato37G_full\lateblt\lateblt2291.jpg,late_blight,irish
D:\Potato\non_leaf\coco_person\000000229948.jpg,non_leaf,coco_person
D:\Potato\IrishPotato37G_full\lateblt\lateblt194.jpg,late_blight,irish
D:\Potato\IrishPotato37G_full\lateblt\lateblt1941.jpg,late_blight,irish
D:\Potato\PlantVillage\Potato___Late_blight\410cba02-24db-487a-a30c-fc7cefba924b___RS_LB 2571.JPG,late_blight,plantvillage
D:\Potato\IrishPotato37G_full\lateblt\lateblt2120.jpg,late_blight,irish
D:\Potato\non_leaf\coco_person\000000151657.jpg,non_leaf,coco_person
D:\Potato\IrishPotato37G_full\lateblt\lateblt202.jpg,late_blight,irish
D:\Potato\IrishPotato37G_full\lateblt\lateblt2021.jpg,late_blight,irish
D:\Potato\non_leaf\coco_person\000000511599.jpg,non_leaf,coco_person
D:\Potato\PlantVillage\Potato___Late_blight\9a726ce3-7b21-48de-b522-25d19f3c10e3___RS_LB 4765.JPG,late_blight,plantvillage
D:\Potato\non_leaf\coco_person\000000454067.jpg,non_leaf,coco_person
D:\Potato\IrishPotato37G_full\earlyblt\earlyblt1686.jpg,early_blight,irish
D:\Potato\IrishPotato37G_full\healthy\healthy4301.jpg,healthy,irish
D:\Potato\PlantVillage\Potato___Early_blight\9e506566-6697-4444-a2f3-a3931d34bbf3___RS_Early.B 6899.JPG,early_blight,plantvillage
D:\Potato\non_leaf\coco_person\000000094751.jpg,non_leaf,coco_person
D:\Potato\IrishPotato37G_full\earlyblt\earlyblt683.jpg,early_blight,irish
D:\Potato\PlantVillage\Potato___Late_blight\1dc41475-aa79-43f1-8648-0c8733d246ca___RS_LB 3319.JPG,late_blight,plantvillage
D:\Potato\IrishPotato37G_full\healthy\healthy2413.jpg,healthy,irish
D:\Potato\IrishPotato37G_full\lateblt\lateblt54.jpg,late_blight,irish
D:\Potato\PlantVillage\Potato___Early_blight\d06681cc-3ed1-4af2-ae40-2597eaea3dd4___RS_Early.B 8691.JPG,early_blight,plantvillage
D:\Potato\IrishPotato37G_full\earlyblt\earlyblt1779.jpg,early_blight,irish
D:\Potato\PlantVillage\Potato___Early_blight\ac6c3aea-ad58-4b46-b0d2-195dba86e0f6___RS_Early.B 7926.JPG,early_blight,plantvillage
D:\Potato\IrishPotato37G_full\earlyblt\earlyblt3894.jpg,early_blight,irish
D:\Potato\IrishPotato37G_full\lateblt\lateblt437.jpg,late_blight,irish
D:\Potato\IrishPotato37G_full\lateblt\lateblt2071.jpg,late_blight,irish
D:\Potato\IrishPotato37G_full\lateblt\lateblt649.jpg,late_blight,irish
D:\Potato\non_leaf\coco_person\000000580418.jpg,non_leaf,coco_person
D:\Potato\IrishPotato37G_full\healthy\healthy2067.jpg,healthy,irish
D:\Potato\IrishPotato37G_full\earlyblt\earlyblt334.jpg,early_blight,irish
D:\Potato\IrishPotato37G_full\healthy\healthy836.jpg,healthy,irish
D:\Potato\IrishPotato37G_full\lateblt\lateblt2630.jpg,late_blight,irish
D:\Potato\IrishPotato37G_full\healthy\healthy2073.jpg,healthy,irish
D:\Potato\IrishPotato37G_full\healthy\healthy1483.jpg,healthy,irish
D:\Potato\IrishPotato37G_full\lateblt\lateblt811.jpg,late_blight,irish
D:\Potato\IrishPotato37G_full\lateblt\lateblt1406.jpg,late_blight,irish
D:\Potato\PlantVillage\Potato___Late_blight\7e486917-7f31-4a26-b0ca-6175ebc2beee___RS_LB 4113.JPG,late_blight,plantvillage
D:\Potato\IrishPotato37G_full\lateblt\lateblt1141.jpg,late_blight,irish
D:\Potato\IrishPotato37G_full\earlyblt\earlyblt732.jpg,early_blight,irish
D:\Potato\IrishPotato37G_full\lateblt\lateblt542.jpg,late_blight,irish
D:\Potato\IrishPotato37G_full\earlyblt\earlyblt2475.jpg,early_blight,irish
D:\Potato\IrishPotato37G_full\lateblt\lateblt2496.jpg,late_blight,irish
D:\Potato\IrishPotato37G_full\earlyblt\earlyblt3056.jpg,early_blight,irish
D:\Potato\IrishPotato37G_full\healthy\healthy526.jpg,healthy,irish
D:\Potato\IrishPotato37G_full\earlyblt\earlyblt3023.jpg,early_blight,irish
D:\Potato\IrishPotato37G_full\earlyblt\earlyblt856.jpg,early_blight,irish
D:\Potato\IrishPotato37G_full\healthy\healthy710.jpg,healthy,irish
D:\Potato\IrishPotato37G_full\lateblt\lateblt2795.jpg,late_blight,irish
D:\Potato\IrishPotato37G_full\lateblt\lateblt5052.jpg,late_blight,irish
D:\Potato\IrishPotato37G_full\earlyblt\earlyblt6921.jpg,early_blight,irish
D:\Potato\PlantVillage\Potato___healthy\f66af6c0-6fc6-4020-b1de-a73685d497c2___RS_HL 4181.JPG,healthy,plantvillage
D:\Potato\IrishPotato37G_full\earlyblt\earlyblt6226.jpg,early_blight,irish
D:\Potato\IrishPotato37G_full\lateblt\lateblt2098.jpg,late_blight,irish
D:\Potato\PlantVillage\Potato___Late_blight\e9cc84b7-fc38-4e65-a129-c7a63df76780___RS_LB 2705.JPG,late_blight,plantvillage
D:\Potato\IrishPotato37G_full\healthy\healthy2301.jpg,healthy,irish
D:\Potato\IrishPotato37G_full\earlyblt\earlyblt2563.jpg,early_blight,irish
D:\Potato\IrishPotato37G_full\healthy\healthy4908.jpg,healthy,irish
D:\Potato\IrishPotato37G_full\healthy\healthy1511.jpg,healthy,irish
D:\Potato\PlantVillage\Potato___Early_blight\524142aa-78fb-4fab-895c-ddb993d07479___RS_Early.B 7435.JPG,early_blight,plantvillage
D:\Potato\IrishPotato37G_full\lateblt\lateblt683.jpg,late_blight,irish
D:\Potato\IrishPotato37G_full\healthy\healthy889.jpg,healthy,irish
D:\Potato\IrishPotato37G_full\lateblt\lateblt1323.jpg,late_blight,irish
D:\Potato\IrishPotato37G_full\healthy\healthy1707.jpg,healthy,irish
D:\Potato\IrishPotato37G_full\earlyblt\earlyblt1486.jpg,early_blight,irish
D:\Potato\IrishPotato37G_full\lateblt\lateblt430.jpg,late_blight,irish
D:\Potato\PlantVillage\Potato___Late_blight\6a62fd77-1091-43ad-86a7-f42c56615e5f___RS_LB 4871.JPG,late_blight,plantvillage
D:\Potato\IrishPotato37G_full\earlyblt\earlyblt6638.jpg,early_blight,irish
D:\Potato\IrishPotato37G_full\healthy\healthy4424.jpg,healthy,irish
D:\Potato\IrishPotato37G_full\earlyblt\earlyblt2408.jpg,early_blight,irish
D:\Potato\IrishPotato37G_full\lateblt\lateblt553.jpg,late_blight,irish
D:\Potato\IrishPotato37G_full\healthy\healthy2403.jpg,healthy,irish
D:\Potato\IrishPotato37G_full\lateblt\lateblt2490.jpg,late_blight,irish
D:\Potato\IrishPotato37G_full\lateblt\lateblt1184.jpg,late_blight,irish
D:\Potato\IrishPotato37G_full\lateblt\lateblt654.jpg,late_blight,irish
D:\Potato\PlantVillage\Potato___Late_blight\9bdce182-987e-4996-8cc8-34694b4e24e9___RS_LB 2837.JPG,late_blight,plantvillage
D:\Potato\IrishPotato37G_full\healthy\healthy2141.jpg,healthy,irish
D:\Potato\IrishPotato37G_full\earlyblt\earlyblt901.jpg,early_blight,irish
D:\Potato\IrishPotato37G_full\lateblt\lateblt2448.jpg,late_blight,irish
D:\Potato\IrishPotato37G_full\lateblt\lateblt727.jpg,late_blight,irish
D:\Potato\IrishPotato37G_full\earlyblt\earlyblt1199.jpg,early_blight,irish
D:\Potato\IrishPotato37G_full\lateblt\lateblt741.jpg,late_blight,irish
D:\Potato\IrishPotato37G_full\lateblt\lateblt1372.jpg,late_blight,irish
D:\Potato\IrishPotato37G_full\healthy\healthy114.jpg,healthy,irish
D:\Potato\IrishPotato37G_full\healthy\healthy645.jpg,healthy,irish
D:\Potato\IrishPotato37G_full\lateblt\lateblt260.jpg,late_blight,irish
D:\Potato\IrishPotato37G_full\healthy\healthy3796.jpg,healthy,irish
D:\Potato\IrishPotato37G_full\healthy\healthy30.jpg,healthy,irish
D:\Potato\IrishPotato37G_full\healthy\healthy3171.jpg,healthy,irish
D:\Potato\IrishPotato37G_full\healthy\healthy4974.jpg,healthy,irish
D:\Potato\IrishPotato37G_full\earlyblt\earlyblt1595.jpg,early_blight,irish
D:\Potato\IrishPotato37G_full\healthy\healthy2805.jpg,healthy,irish
D:\Potato\IrishPotato37G_full\healthy\healthy3192.jpg,healthy,irish
D:\Potato\non_leaf\coco_person\000000053909.jpg,non_leaf,coco_person
D:\Potato\non_leaf\coco_person\000000344029.jpg,non_leaf,coco_person
D:\Potato\IrishPotato37G_full\earlyblt\earlyblt2594.jpg,early_blight,irish
D:\Potato\IrishPotato37G_full\earlyblt\earlyblt4776.jpg,early_blight,irish
D:\Potato\IrishPotato37G_full\lateblt\lateblt2056.jpg,late_blight,irish
D:\Potato\IrishPotato37G_full\healthy\healthy5629.jpg,healthy,irish
D:\Potato\IrishPotato37G_full\healthy\healthy2011.jpg,healthy,irish
D:\Potato\IrishPotato37G_full\healthy\healthy4690.jpg,healthy,irish
D:\Potato\PlantVillage\Potato___Early_blight\cbd4ef4a-1e84-41ac-8744-b5a1c52461be___RS_Early.B 8191.JPG,early_blight,plantvillage
D:\Potato\non_leaf\coco_person\000000248334.jpg,non_leaf,coco_person
D:\Potato\IrishPotato37G_full\earlyblt\earlyblt6648.jpg,early_blight,irish
D:\Potato\PlantVillage\Potato___Late_blight\0651be8e-a2d1-4b8a-97b8-1dc89d79fd26___RS_LB 3261.JPG,late_blight,plantvillage
D:\Potato\IrishPotato37G_full\healthy\healthy5234.jpg,healthy,irish
D:\Potato\IrishPotato37G_full\earlyblt\earlyblt1689.jpg,early_blight,irish
D:\Potato\non_leaf\coco_person\000000579321.jpg,non_leaf,coco_person
D:\Potato\IrishPotato37G_full\earlyblt\earlyblt3073.jpg,early_blight,irish
D:\Potato\PlantVillage\Potato___Early_blight\31290247-3f4f-445d-8bad-20d7dccbf979___RS_Early.B 7019.JPG,early_blight,plantvillage
D:\Potato\IrishPotato37G_full\healthy\healthy3320.jpg,healthy,irish
D:\Potato\IrishPotato37G_full\lateblt\lateblt1643.jpg,late_blight,irish
D:\Potato\IrishPotato37G_full\healthy\healthy648.jpg,healthy,irish
D:\Potato\PlantVillage\Potato___Early_blight\d87f93fa-f6f8-49f1-b9e1-8f196f377df8___RS_Early.B 7244.JPG,early_blight,plantvillage
D:\Potato\IrishPotato37G_full\healthy\healthy112.jpg,healthy,irish
D:\Potato\IrishPotato37G_full\lateblt\lateblt630.jpg,late_blight,irish
D:\Potato\PlantVillage\Potato___Late_blight\a8db407c-12cb-460c-991a-8f60d20c06bc___RS_LB 5117.JPG,late_blight,plantvillage
D:\Potato\PlantVillage\Potato___Late_blight\4d56ef9d-bc69-489c-92de-d2fad01d762d___RS_LB 3890.JPG,late_blight,plantvillage
D:\Potato\non_leaf\coco_person\000000523100.jpg,non_leaf,coco_person
D:\Potato\IrishPotato37G_full\lateblt\lateblt448.jpg,late_blight,irish
D:\Potato\IrishPotato37G_full\earlyblt\earlyblt2839.jpg,early_blight,irish
D:\Potato\IrishPotato37G_full\earlyblt\earlyblt2081.jpg,early_blight,irish
D:\Potato\IrishPotato37G_full\lateblt\lateblt2458.jpg,late_blight,irish
D:\Potato\IrishPotato37G_full\earlyblt\earlyblt244.jpg,early_blight,irish
D:\Potato\IrishPotato37G_full\earlyblt\earlyblt2048.jpg,early_blight,irish
D:\Potato\non_leaf\coco_person\000000368294.jpg,non_leaf,coco_person
D:\Potato\PlantVillage\Potato___Early_blight\cac99520-3403-4602-961d-3a668bb980fb___RS_Early.B 7388.JPG,early_blight,plantvillage
D:\Potato\IrishPotato37G_full\healthy\healthy1587.jpg,healthy,irish
D:\Potato\IrishPotato37G_full\earlyblt\earlyblt3150.jpg,early_blight,irish
D:\Potato\IrishPotato37G_full\healthy\healthy910.jpg,healthy,irish
D:\Potato\IrishPotato37G_full\healthy\healthy3629.jpg,healthy,irish
D:\Potato\IrishPotato37G_full\earlyblt\earlyblt6354.jpg,early_blight,irish
D:\Potato\IrishPotato37G_full\earlyblt\earlyblt212.jpg,early_blight,irish
D:\Potato\PlantVillage\Potato___Early_blight\6eebb348-cafa-4863-937c-3b249f71df0a___RS_Early.B 9230.JPG,early_blight,plantvillage
D:\Potato\IrishPotato37G_full\healthy\healthy620.jpg,healthy,irish
D:\Potato\IrishPotato37G_full\lateblt\lateblt2739.jpg,late_blight,irish
D:\Potato\IrishPotato37G_full\lateblt\lateblt551.jpg,late_blight,irish
D:\Potato\IrishPotato37G_full\earlyblt\earlyblt6640.jpg,early_blight,irish
D:\Potato\PlantVillage\Potato___Early_blight\849daa7e-b5ea-4445-93f9-b21d43c1bd44___RS_Early.B 7193.JPG,early_blight,plantvillage
D:\Potato\IrishPotato37G_full\earlyblt\earlyblt1768.jpg,early_blight,irish
D:\Potato\IrishPotato37G_full\healthy\healthy3039.jpg,healthy,irish
D:\Potato\IrishPotato37G_full\earlyblt\earlyblt4782.jpg,early_blight,irish
D:\Potato\IrishPotato37G_full\healthy\healthy2971.jpg,healthy,irish
D:\Potato\IrishPotato37G_full\earlyblt\earlyblt4697.jpg,early_blight,irish
D:\Potato\IrishPotato37G_full\earlyblt\earlyblt6615.jpg,early_blight,irish
D:\Potato\IrishPotato37G_full\earlyblt\earlyblt1054.jpg,early_blight,irish
D:\Potato\non_leaf\coco_person\000000013201.jpg,non_leaf,coco_person
D:\Potato\IrishPotato37G_full\healthy\healthy4357.jpg,healthy,irish
D:\Potato\IrishPotato37G_full\healthy\healthy5182.jpg,healthy,irish
D:\Potato\IrishPotato37G_full\earlyblt\earlyblt2359.jpg,early_blight,irish
D:\Potato\IrishPotato37G_full\lateblt\lateblt2669.jpg,late_blight,irish
D:\Potato\IrishPotato37G_full\earlyblt\earlyblt2771.jpg,early_blight,irish
D:\Potato\IrishPotato37G_full\lateblt\lateblt2047.jpg,late_blight,irish
D:\Potato\IrishPotato37G_full\earlyblt\earlyblt2031.jpg,early_blight,irish
D:\Potato\non_leaf\coco_person\000000050145.jpg,non_leaf,coco_person
D:\Potato\PlantVillage\Potato___Early_blight\3ab92984-3126-4154-9bfd-f2c8c9fd670e___RS_Early.B 7440.JPG,early_blight,plantvillage
D:\Potato\IrishPotato37G_full\healthy\healthy2947.jpg,healthy,irish
D:\Potato\IrishPotato37G_full\earlyblt\earlyblt3128.jpg,early_blight,irish
D:\Potato\IrishPotato37G_full\healthy\healthy879.jpg,healthy,irish
D:\Potato\IrishPotato37G_full\lateblt\lateblt2859.jpg,late_blight,irish
D:\Potato\IrishPotato37G_full\lateblt\lateblt75.jpg,late_blight,irish
D:\Potato\IrishPotato37G_full\lateblt\lateblt2139.jpg,late_blight,irish
D:\Potato\IrishPotato37G_full\lateblt\lateblt792.jpg,late_blight,irish
D:\Potato\IrishPotato37G_full\earlyblt\earlyblt4757.jpg,early_blight,irish
D:\Potato\IrishPotato37G_full\lateblt\lateblt2158.jpg,late_blight,irish
D:\Potato\IrishPotato37G_full\earlyblt\earlyblt1962.jpg,early_blight,irish
D:\Potato\non_leaf\coco_person\000000140583.jpg,non_leaf,coco_person
D:\Potato\IrishPotato37G_full\lateblt\lateblt2251.jpg,late_blight,irish
D:\Potato\IrishPotato37G_full\lateblt\lateblt1470.jpg,late_blight,irish
D:\Potato\IrishPotato37G_full\lateblt\lateblt5046.jpg,late_blight,irish
D:\Potato\IrishPotato37G_full\earlyblt\earlyblt2134.jpg,early_blight,irish
D:\Potato\PlantVillage\Potato___Late_blight\d80e59e3-a88d-4c32-8dd1-a23a6fed45ae___RS_LB 2846.JPG,late_blight,plantvillage
D:\Potato\IrishPotato37G_full\healthy\healthy3068.jpg,healthy,irish
D:\Potato\IrishPotato37G_full\earlyblt\earlyblt2454.jpg,early_blight,irish
D:\Potato\IrishPotato37G_full\healthy\healthy5208.jpg,healthy,irish
D:\Potato\PlantVillage\Potato___Early_blight\9d2f37ae-aa02-4b04-b0cb-9fe125cfdbe2___RS_Early.B 7691.JPG,early_blight,plantvillage
D:\Potato\PlantVillage\Potato___Early_blight\6a903f3e-0c90-4b97-aad7-bdb1d07cb11e___RS_Early.B 6765.JPG,early_blight,plantvillage
D:\Potato\IrishPotato37G_full\healthy\healthy1341.jpg,healthy,irish
D:\Potato\non_leaf\coco_person\000000038048.jpg,non_leaf,coco_person
D:\Potato\non_leaf\coco_person\000000568213.jpg,non_leaf,coco_person
D:\Potato\IrishPotato37G_full\healthy\healthy4651.jpg,healthy,irish
D:\Potato\IrishPotato37G_full\earlyblt\earlyblt2084.jpg,early_blight,irish
D:\Potato\PlantVillage\Potato___healthy\30126310-39de-4c02-b10a-23409417a4f6___RS_HL 1826.JPG,healthy,plantvillage
D:\Potato\IrishPotato37G_full\lateblt\lateblt2069.jpg,late_blight,irish
D:\Potato\IrishPotato37G_full\earlyblt\earlyblt6243.jpg,early_blight,irish
D:\Potato\IrishPotato37G_full\earlyblt\earlyblt743.jpg,early_blight,irish
D:\Potato\IrishPotato37G_full\earlyblt\earlyblt3263.jpg,early_blight,irish
D:\Potato\IrishPotato37G_full\healthy\healthy3135.jpg,healthy,irish
D:\Potato\PlantVillage\Potato___Late_blight\42451eb3-fb45-4b9a-8dd3-c9b9aa3a29c8___RS_LB 4340.JPG,late_blight,plantvillage
D:\Potato\non_leaf\coco_person\000000280779.jpg,non_leaf,coco_person
D:\Potato\IrishPotato37G_full\healthy\healthy4904.jpg,healthy,irish
D:\Potato\IrishPotato37G_full\healthy\healthy4402.jpg,healthy,irish
D:\Potato\IrishPotato37G_full\lateblt\lateblt575.jpg,late_blight,irish
D:\Potato\PlantVillage\Potato___Late_blight\29a30aec-e060-43f2-bd81-27d8ad1cebf2___RS_LB 4911.JPG,late_blight,plantvillage
D:\Potato\IrishPotato37G_full\earlyblt\earlyblt1628.jpg,early_blight,irish
D:\Potato\IrishPotato37G_full\earlyblt\earlyblt6711.jpg,early_blight,irish
D:\Potato\IrishPotato37G_full\healthy\healthy1725.jpg,healthy,irish
D:\Potato\IrishPotato37G_full\healthy\healthy1498.jpg,healthy,irish
D:\Potato\IrishPotato37G_full\healthy\healthy713.jpg,healthy,irish
D:\Potato\IrishPotato37G_full\lateblt\lateblt1446.jpg,late_blight,irish
D:\Potato\PlantVillage\Potato___Late_blight\762a9cd9-7da1-4885-b677-870da1e41768___RS_LB 2592.JPG,late_blight,plantvillage
D:\Potato\IrishPotato37G_full\earlyblt\earlyblt1487.jpg,early_blight,irish
D:\Potato\IrishPotato37G_full\earlyblt\earlyblt961.jpg,early_blight,irish
D:\Potato\PlantVillage\Potato___Late_blight\23ad201a-469e-4687-9321-7329bf747992___RS_LB 4990.JPG,late_blight,plantvillage
D:\Potato\IrishPotato37G_full\lateblt\lateblt888.jpg,late_blight,irish
D:\Potato\IrishPotato37G_full\earlyblt\earlyblt653.jpg,early_blight,irish
D:\Potato\IrishPotato37G_full\healthy\healthy1503.jpg,healthy,irish
D:\Potato\IrishPotato37G_full\healthy\healthy2597.jpg,healthy,irish
D:\Potato\PlantVillage\Potato___Early_blight\e3779bc5-a8e2-4be6-8e15-4a4713ab9531___RS_Early.B 8431.JPG,early_blight,plantvillage
D:\Potato\IrishPotato37G_full\healthy\healthy3708.jpg,healthy,irish
D:\Potato\IrishPotato37G_full\lateblt\lateblt270.jpg,late_blight,irish
D:\Potato\IrishPotato37G_full\earlyblt\earlyblt3593.jpg,early_blight,irish
D:\Potato\IrishPotato37G_full\healthy\healthy4066.jpg,healthy,irish
D:\Potato\IrishPotato37G_full\healthy\healthy1459.jpg,healthy,irish
D:\Potato\non_leaf\coco_person\000000132544.jpg,non_leaf,coco_person
D:\Potato\IrishPotato37G_full\lateblt\lateblt2243.jpg,late_blight,irish
D:\Potato\IrishPotato37G_full\lateblt\lateblt549.jpg,late_blight,irish
D:\Potato\PlantVillage\Potato___Early_blight\9db872fc-f367-4dfa-b1f7-23490bb4552b___RS_Early.B 8842.JPG,early_blight,plantvillage
D:\Potato\non_leaf\coco_person\000000151962.jpg,non_leaf,coco_person
D:\Potato\IrishPotato37G_full\earlyblt\earlyblt2217.jpg,early_blight,irish
D:\Potato\IrishPotato37G_full\lateblt\lateblt732.jpg,late_blight,irish
D:\Potato\IrishPotato37G_full\lateblt\lateblt2033.jpg,late_blight,irish
D:\Potato\IrishPotato37G_full\healthy\healthy4793.jpg,healthy,irish
D:\Potato\IrishPotato37G_full\healthy\healthy4943.jpg,healthy,irish
D:\Potato\IrishPotato37G_full\earlyblt\earlyblt1401.jpg,early_blight,irish
D:\Potato\PlantVillage\Potato___Early_blight\51e028c1-7aec-46e9-a389-391bc38b46f3___RS_Early.B 8505.JPG,early_blight,plantvillage
D:\Potato\IrishPotato37G_full\lateblt\lateblt2707.jpg,late_blight,irish
D:\Potato\IrishPotato37G_full\earlyblt\earlyblt477.jpg,early_blight,irish
D:\Potato\IrishPotato37G_full\lateblt\lateblt582.jpg,late_blight,irish
D:\Potato\non_leaf\coco_person\000000007278.jpg,non_leaf,coco_person
D:\Potato\IrishPotato37G_full\lateblt\lateblt256.jpg,late_blight,irish
D:\Potato\IrishPotato37G_full\lateblt\lateblt606.jpg,late_blight,irish
D:\Potato\IrishPotato37G_full\earlyblt\earlyblt170.jpg,early_blight,irish
D:\Potato\IrishPotato37G_full\healthy\healthy3105.jpg,healthy,irish
D:\Potato\IrishPotato37G_full\earlyblt\earlyblt371.jpg,early_blight,irish
D:\Potato\non_leaf\coco_person\000000410510.jpg,non_leaf,coco_person
D:\Potato\IrishPotato37G_full\earlyblt\earlyblt2606.jpg,early_blight,irish
D:\Potato\PlantVillage\Potato___Late_blight\841a4e5a-7aa6-4b32-a2b2-436874a48fdb___RS_LB 4469.JPG,late_blight,plantvillage
D:\Potato\IrishPotato37G_full\healthy\healthy4749.jpg,healthy,irish
D:\Potato\IrishPotato37G_full\earlyblt\earlyblt1151.jpg,early_blight,irish
D:\Potato\non_leaf\coco_person\000000059044.jpg,non_leaf,coco_person
D:\Potato\IrishPotato37G_full\earlyblt\earlyblt2567.jpg,early_blight,irish
D:\Potato\IrishPotato37G_full\earlyblt\earlyblt2275.jpg,early_blight,irish
D:\Potato\IrishPotato37G_full\earlyblt\earlyblt3077.jpg,early_blight,irish
D:\Potato\IrishPotato37G_full\lateblt\lateblt1568.jpg,late_blight,irish
D:\Potato\IrishPotato37G_full\healthy\healthy3391.jpg,healthy,irish
D:\Potato\IrishPotato37G_full\earlyblt\earlyblt4893.jpg,early_blight,irish
D:\Potato\IrishPotato37G_full\earlyblt\earlyblt2224.jpg,early_blight,irish
D:\Potato\non_leaf\coco_person\000000440171.jpg,non_leaf,coco_person
D:\Potato\PlantVillage\Potato___healthy\58a98860-86d8-41e7-9f8c-cc2ca5e90012___RS_HL 1758.JPG,healthy,plantvillage
D:\Potato\IrishPotato37G_full\healthy\healthy3058.jpg,healthy,irish
D:\Potato\IrishPotato37G_full\earlyblt\earlyblt2565.jpg,early_blight,irish
D:\Potato\non_leaf\coco_person\000000458223.jpg,non_leaf,coco_person
D:\Potato\IrishPotato37G_full\earlyblt\earlyblt6363.jpg,early_blight,irish
D:\Potato\IrishPotato37G_full\healthy\healthy2912.jpg,healthy,irish
D:\Potato\IrishPotato37G_full\earlyblt\earlyblt6245.jpg,early_blight,irish
D:\Potato\IrishPotato37G_full\healthy\healthy2309.jpg,healthy,irish
D:\Potato\IrishPotato37G_full\healthy\healthy4963.jpg,healthy,irish
D:\Potato\IrishPotato37G_full\lateblt\lateblt569.jpg,late_blight,irish
D:\Potato\IrishPotato37G_full\healthy\healthy2448.jpg,healthy,irish
D:\Potato\PlantVillage\Potato___Late_blight\6f88dbd4-3e54-47ae-850a-0e9c7d9d700d___RS_LB 4737.JPG,late_blight,plantvillage
D:\Potato\IrishPotato37G_full\healthy\healthy3384.jpg,healthy,irish
D:\Potato\PlantVillage\Potato___Late_blight\d5bf2575-1e57-4792-81a1-5770e701be1b___RS_LB 3209.JPG,late_blight,plantvillage
D:\Potato\IrishPotato37G_full\earlyblt\earlyblt3970.jpg,early_blight,irish
D:\Potato\IrishPotato37G_full\lateblt\lateblt2175.jpg,late_blight,irish
D:\Potato\IrishPotato37G_full\earlyblt\earlyblt6683.jpg,early_blight,irish
D:\Potato\IrishPotato37G_full\healthy\healthy921.jpg,healthy,irish
D:\Potato\IrishPotato37G_full\healthy\healthy905.jpg,healthy,irish
D:\Potato\IrishPotato37G_full\earlyblt\earlyblt1198.jpg,early_blight,irish
D:\Potato\IrishPotato37G_full\lateblt\lateblt916.jpg,late_blight,irish
D:\Potato\PlantVillage\Potato___Early_blight\268bb1c3-a714-46af-b6a5-bea66496158c___RS_Early.B 8678.JPG,early_blight,plantvillage
D:\Potato\IrishPotato37G_full\earlyblt\earlyblt2339.jpg,early_blight,irish
D:\Potato\IrishPotato37G_full\lateblt\lateblt67.jpg,late_blight,irish
D:\Potato\IrishPotato37G_full\healthy\healthy3984.jpg,healthy,irish
D:\Potato\IrishPotato37G_full\healthy\healthy1423.jpg,healthy,irish
D:\Potato\IrishPotato37G_full\healthy\healthy4706.jpg,healthy,irish
D:\Potato\IrishPotato37G_full\lateblt\lateblt2519.jpg,late_blight,irish
D:\Potato\IrishPotato37G_full\healthy\healthy4665.jpg,healthy,irish
D:\Potato\IrishPotato37G_full\earlyblt\earlyblt6067.jpg,early_blight,irish
D:\Potato\PlantVillage\Potato___Late_blight\bd632f59-ff1c-452f-b504-053fa95ab000___RS_LB 4356.JPG,late_blight,plantvillage
D:\Potato\IrishPotato37G_full\earlyblt\earlyblt3778.jpg,early_blight,irish
D:\Potato\IrishPotato37G_full\healthy\healthy2335.jpg,healthy,irish
D:\Potato\IrishPotato37G_full\healthy\healthy8.jpg,healthy,irish
D:\Potato\PlantVillage\Potato___Early_blight\fdf3c33c-dad6-4f13-bd58-a31d327d9cb9___RS_Early.B 8947.JPG,early_blight,plantvillage
D:\Potato\PlantVillage\Potato___Early_blight\b6220993-c51f-48fa-bee9-fb5cb89cc0c4___RS_Early.B 7467.JPG,early_blight,plantvillage
D:\Potato\IrishPotato37G_full\earlyblt\earlyblt6787.jpg,early_blight,irish
D:\Potato\IrishPotato37G_full\earlyblt\earlyblt4744.jpg,early_blight,irish
D:\Potato\PlantVillage\Potato___Late_blight\d42061d8-9da0-4190-8dd0-d3629f0cfa53___RS_LB 3954.JPG,late_blight,plantvillage
D:\Potato\IrishPotato37G_full\earlyblt\earlyblt133.jpg,early_blight,irish
D:\Potato\IrishPotato37G_full\healthy\healthy3380.jpg,healthy,irish
D:\Potato\IrishPotato37G_full\lateblt\lateblt1104.jpg,late_blight,irish
D:\Potato\IrishPotato37G_full\healthy\healthy1290.jpg,healthy,irish
D:\Potato\PlantVillage\Potato___Late_blight\d4486c3c-6d93-4d08-a3f5-7f4ae1f7ef3b___RS_LB 2829.JPG,late_blight,plantvillage
D:\Potato\PlantVillage\Potato___Early_blight\8f0e6484-7d27-4ee1-849a-316c6195b139___RS_Early.B 6840.JPG,early_blight,plantvillage
D:\Potato\IrishPotato37G_full\healthy\healthy732.jpg,healthy,irish
D:\Potato\IrishPotato37G_full\healthy\healthy4772.jpg,healthy,irish
D:\Potato\IrishPotato37G_full\lateblt\lateblt2400.jpg,late_blight,irish
D:\Potato\IrishPotato37G_full\healthy\healthy1772.jpg,healthy,irish
D:\Potato\IrishPotato37G_full\healthy\healthy1168.jpg,healthy,irish
D:\Potato\IrishPotato37G_full\healthy\healthy2962.jpg,healthy,irish
D:\Potato\IrishPotato37G_full\healthy\healthy3755.jpg,healthy,irish
D:\Potato\IrishPotato37G_full\lateblt\lateblt700.jpg,late_blight,irish
D:\Potato\IrishPotato37G_full\earlyblt\earlyblt6020.jpg,early_blight,irish
D:\Potato\IrishPotato37G_full\healthy\healthy2269.jpg,healthy,irish
D:\Potato\IrishPotato37G_full\lateblt\lateblt2721.jpg,late_blight,irish
D:\Potato\IrishPotato37G_full\earlyblt\earlyblt1780.jpg,early_blight,irish
D:\Potato\PlantVillage\Potato___Late_blight\8a2f2feb-3738-4675-9cb6-b1911a056dd1___RS_LB 2601.JPG,late_blight,plantvillage
D:\Potato\IrishPotato37G_full\earlyblt\earlyblt138.jpg,early_blight,irish
D:\Potato\IrishPotato37G_full\healthy\healthy2299.jpg,healthy,irish
D:\Potato\IrishPotato37G_full\lateblt\lateblt2451.jpg,late_blight,irish
D:\Potato\IrishPotato37G_full\lateblt\lateblt5059.jpg,late_blight,irish
D:\Potato\PlantVillage\Potato___Late_blight\74277267-6a9f-44d0-95fe-7f52f89630a0___RS_LB 5074.JPG,late_blight,plantvillage
D:\Potato\IrishPotato37G_full\healthy\healthy3073.jpg,healthy,irish
D:\Potato\non_leaf\coco_person\000000177861.jpg,non_leaf,coco_person
D:\Potato\IrishPotato37G_full\lateblt\lateblt500.jpg,late_blight,irish
D:\Potato\PlantVillage\Potato___Late_blight\e47b3a9a-24ea-460a-8a8f-4fc9814a072e___RS_LB 3314.JPG,late_blight,plantvillage
D:\Potato\IrishPotato37G_full\lateblt\lateblt429.jpg,late_blight,irish
D:\Potato\non_leaf\coco_person\000000074733.jpg,non_leaf,coco_person
D:\Potato\IrishPotato37G_full\healthy\healthy3040.jpg,healthy,irish
D:\Potato\PlantVillage\Potato___Early_blight\41f4502c-34aa-45a5-b593-7191f7a62f96___RS_Early.B 8774.JPG,early_blight,plantvillage
D:\Potato\IrishPotato37G_full\healthy\healthy3035.jpg,healthy,irish
D:\Potato\IrishPotato37G_full\lateblt\lateblt2870.jpg,late_blight,irish
D:\Potato\IrishPotato37G_full\earlyblt\earlyblt1154.jpg,early_blight,irish
D:\Potato\IrishPotato37G_full\earlyblt\earlyblt6764.jpg,early_blight,irish
D:\Potato\IrishPotato37G_full\earlyblt\earlyblt2930.jpg,early_blight,irish
D:\Potato\IrishPotato37G_full\healthy\healthy516.jpg,healthy,irish
D:\Potato\IrishPotato37G_full\earlyblt\earlyblt384.jpg,early_blight,irish
D:\Potato\PlantVillage\Potato___Late_blight\5b3de8b6-0690-4a35-ab9d-ef6617c548ff___RS_LB 2925.JPG,late_blight,plantvillage
D:\Potato\IrishPotato37G_full\earlyblt\earlyblt1502.jpg,early_blight,irish
D:\Potato\IrishPotato37G_full\earlyblt\earlyblt6201.jpg,early_blight,irish
D:\Potato\non_leaf\coco_person\000000549738.jpg,non_leaf,coco_person
D:\Potato\PlantVillage\Potato___Late_blight\0525ac6e-1d1f-4866-89bd-af4b8ba9c46b___RS_LB 4814.JPG,late_blight,plantvillage
D:\Potato\IrishPotato37G_full\earlyblt\earlyblt3224.jpg,early_blight,irish
D:\Potato\IrishPotato37G_full\earlyblt\earlyblt680.jpg,early_blight,irish
D:\Potato\IrishPotato37G_full\earlyblt\earlyblt5898.jpg,early_blight,irish
D:\Potato\PlantVillage\Potato___Early_blight\cceeec9d-e0d9-4512-a1f0-faa5dc6bbf40___RS_Early.B 8381.JPG,early_blight,plantvillage
D:\Potato\IrishPotato37G_full\healthy\healthy2135.jpg,healthy,irish
D:\Potato\IrishPotato37G_full\earlyblt\earlyblt1092.jpg,early_blight,irish
D:\Potato\IrishPotato37G_full\earlyblt\earlyblt3867.jpg,early_blight,irish
D:\Potato\IrishPotato37G_full\lateblt\lateblt259.jpg,late_blight,irish
D:\Potato\IrishPotato37G_full\earlyblt\earlyblt2577.jpg,early_blight,irish
D:\Potato\PlantVillage\Potato___Early_blight\275c3337-11ee-487c-9093-bcd5e310c72c___RS_Early.B 7671.JPG,early_blight,plantvillage
D:\Potato\IrishPotato37G_full\healthy\healthy5153.jpg,healthy,irish
D:\Potato\IrishPotato37G_full\earlyblt\earlyblt2360.jpg,early_blight,irish
D:\Potato\IrishPotato37G_full\lateblt\lateblt2512.jpg,late_blight,irish
D:\Potato\IrishPotato37G_full\healthy\healthy80.jpg,healthy,irish
D:\Potato\IrishPotato37G_full\lateblt\lateblt521.jpg,late_blight,irish
D:\Potato\IrishPotato37G_full\earlyblt\earlyblt1838.jpg,early_blight,irish
D:\Potato\IrishPotato37G_full\healthy\healthy3658.jpg,healthy,irish
D:\Potato\IrishPotato37G_full\earlyblt\earlyblt1107.jpg,early_blight,irish
D:\Potato\PlantVillage\Potato___Late_blight\025f3c76-6d6c-4dad-ba22-e3e72d084ef1___RS_LB 3105.JPG,late_blight,plantvillage
D:\Potato\PlantVillage\Potato___Late_blight\3221ccec-f264-4046-8252-77a8a357562b___RS_LB 4637.JPG,late_blight,plantvillage
D:\Potato\IrishPotato37G_full\earlyblt\earlyblt3863.jpg,early_blight,irish
D:\Potato\IrishPotato37G_full\healthy\healthy1581.jpg,healthy,irish
D:\Potato\IrishPotato37G_full\lateblt\lateblt2969.jpg,late_blight,irish
D:\Potato\non_leaf\coco_person\000000003156.jpg,non_leaf,coco_person
D:\Potato\IrishPotato37G_full\healthy\healthy3076.jpg,healthy,irish
D:\Potato\non_leaf\coco_person\000000081594.jpg,non_leaf,coco_person
D:\Potato\PlantVillage\Potato___healthy\51a03694-82cd-43a5-9877-ddce42c1a5ad___RS_HL 1779.JPG,healthy,plantvillage
D:\Potato\PlantVillage\Potato___Early_blight\5bb77b39-311b-4ad1-8bfc-5a41a13b7b02___RS_Early.B 8255.JPG,early_blight,plantvillage
D:\Potato\IrishPotato37G_full\healthy\healthy2869.jpg,healthy,irish
D:\Potato\IrishPotato37G_full\earlyblt\earlyblt1929.jpg,early_blight,irish
D:\Potato\non_leaf\coco_person\000000142620.jpg,non_leaf,coco_person
D:\Potato\PlantVillage\Potato___Late_blight\792d4339-f459-4ef6-aef9-431c64c95cc1___RS_LB 3251.JPG,late_blight,plantvillage
D:\Potato\IrishPotato37G_full\earlyblt\earlyblt6070.jpg,early_blight,irish
D:\Potato\PlantVillage\Potato___Early_blight\ee8df9d4-1893-49a4-b2e9-aee2b1e85ca0___RS_Early.B 6926.JPG,early_blight,plantvillage
D:\Potato\IrishPotato37G_full\healthy\healthy2547.jpg,healthy,irish
D:\Potato\IrishPotato37G_full\healthy\healthy337.jpg,healthy,irish
D:\Potato\PlantVillage\Potato___Early_blight\d998c614-017c-4f90-8e39-f8c500d21218___RS_Early.B 8292.JPG,early_blight,plantvillage
D:\Potato\IrishPotato37G_full\lateblt\lateblt5067.jpg,late_blight,irish
D:\Potato\non_leaf\coco_person\000000224222.jpg,non_leaf,coco_person
D:\Potato\IrishPotato37G_full\healthy\healthy27.jpg,healthy,irish
D:\Potato\IrishPotato37G_full\earlyblt\earlyblt193.jpg,early_blight,irish
D:\Potato\non_leaf\coco_person\000000274411.jpg,non_leaf,coco_person
D:\Potato\IrishPotato37G_full\healthy\healthy4798.jpg,healthy,irish
D:\Potato\IrishPotato37G_full\healthy\healthy48.jpg,healthy,irish
D:\Potato\non_leaf\coco_person\000000440171.jpg,non_leaf,coco_person
D:\Potato\IrishPotato37G_full\lateblt\lateblt23.jpg,late_blight,irish
D:\Potato\IrishPotato37G_full\lateblt\lateblt677.jpg,late_blight,irish
D:\Potato\IrishPotato37G_full\earlyblt\earlyblt6782.jpg,early_blight,irish
D:\Potato\IrishPotato37G_full\earlyblt\earlyblt4803.jpg,early_blight,irish
D:\Potato\IrishPotato37G_full\healthy\healthy1561.jpg,healthy,irish
D:\Potato\IrishPotato37G_full\lateblt\lateblt815.jpg,late_blight,irish
D:\Potato\IrishPotato37G_full\earlyblt\earlyblt1592.jpg,early_blight,irish
D:\Potato\IrishPotato37G_full\earlyblt\earlyblt3862.jpg,early_blight,irish
D:\Potato\IrishPotato37G_full\earlyblt\earlyblt2885.jpg,early_blight,irish
D:\Potato\IrishPotato37G_full\healthy\healthy1175.jpg,healthy,irish
D:\Potato\IrishPotato37G_full\earlyblt\earlyblt2301.jpg,early_blight,irish
D:\Potato\IrishPotato37G_full\earlyblt\earlyblt336.jpg,early_blight,irish
D:\Potato\IrishPotato37G_full\healthy\healthy3742.jpg,healthy,irish
D:\Potato\IrishPotato37G_full\healthy\healthy3577.jpg,healthy,irish
D:\Potato\IrishPotato37G_full\earlyblt\earlyblt2951.jpg,early_blight,irish
D:\Potato\IrishPotato37G_full\healthy\healthy3655.jpg,healthy,irish
D:\Potato\IrishPotato37G_full\healthy\healthy5643.jpg,healthy,irish
D:\Potato\PlantVillage\Potato___Late_blight\d5f14365-91a1-41e4-95a5-9ae88c3ff4d6___RS_LB 5163.JPG,late_blight,plantvillage
D:\Potato\non_leaf\coco_person\000000248616.jpg,non_leaf,coco_person
D:\Potato\non_leaf\coco_person\000000226408.jpg,non_leaf,coco_person
D:\Potato\PlantVillage\Potato___Late_blight\f7936082-7315-477d-9710-529a7024b32d___RS_LB 2546.JPG,late_blight,plantvillage
D:\Potato\IrishPotato37G_full\earlyblt\earlyblt6394.jpg,early_blight,irish
D:\Potato\IrishPotato37G_full\lateblt\lateblt713.jpg,late_blight,irish
D:\Potato\IrishPotato37G_full\healthy\healthy3978.jpg,healthy,irish
D:\Potato\PlantVillage\Potato___Late_blight\0f824e18-3821-486c-81a1-f1f64cf6e767___RS_LB 4894.JPG,late_blight,plantvillage
D:\Potato\IrishPotato37G_full\healthy\healthy58.jpg,healthy,irish
D:\Potato\PlantVillage\Potato___Late_blight\c16b698a-77b9-48f7-943a-457d475242ef___RS_LB 2918.JPG,late_blight,plantvillage
D:\Potato\IrishPotato37G_full\lateblt\lateblt773.jpg,late_blight,irish
D:\Potato\non_leaf\coco_person\000000197388.jpg,non_leaf,coco_person
D:\Potato\IrishPotato37G_full\lateblt\lateblt2510.jpg,late_blight,irish
D:\Potato\IrishPotato37G_full\lateblt\lateblt785.jpg,late_blight,irish
D:\Potato\PlantVillage\Potato___Late_blight\63ec8c33-368c-433d-8953-f28f30e5985f___RS_LB 2943.JPG,late_blight,plantvillage
D:\Potato\IrishPotato37G_full\healthy\healthy3083.jpg,healthy,irish
D:\Potato\PlantVillage\Potato___Early_blight\cc716d92-3d2e-4cce-bc77-bb4c8155b88c___RS_Early.B 8288.JPG,early_blight,plantvillage
D:\Potato\PlantVillage\Potato___Early_blight\51ab2ec9-d90b-47f3-8e4a-fdceeceb033b___RS_Early.B 7859.JPG,early_blight,plantvillage
D:\Potato\IrishPotato37G_full\healthy\healthy2182.jpg,healthy,irish
D:\Potato\IrishPotato37G_full\lateblt\lateblt2233.jpg,late_blight,irish
D:\Potato\IrishPotato37G_full\earlyblt\earlyblt4915.jpg,early_blight,irish
D:\Potato\IrishPotato37G_full\healthy\healthy505.jpg,healthy,irish
D:\Potato\IrishPotato37G_full\earlyblt\earlyblt2019.jpg,early_blight,irish
D:\Potato\non_leaf\coco_person\000000005060.jpg,non_leaf,coco_person
D:\Potato\IrishPotato37G_full\lateblt\lateblt263.jpg,late_blight,irish
D:\Potato\IrishPotato37G_full\healthy\healthy3194.jpg,healthy,irish
D:\Potato\IrishPotato37G_full\earlyblt\earlyblt735.jpg,early_blight,irish
D:\Potato\IrishPotato37G_full\earlyblt\earlyblt2968.jpg,early_blight,irish
D:\Potato\IrishPotato37G_full\earlyblt\earlyblt1009.jpg,early_blight,irish
D:\Potato\IrishPotato37G_full\healthy\healthy4683.jpg,healthy,irish
D:\Potato\IrishPotato37G_full\healthy\healthy3565.jpg,healthy,irish
D:\Potato\non_leaf\coco_person\000000280779.jpg,non_leaf,coco_person
D:\Potato\IrishPotato37G_full\lateblt\lateblt1113.jpg,late_blight,irish
D:\Potato\PlantVillage\Potato___Early_blight\a60106e3-e037-495f-8b5a-080adcb9bdd9___RS_Early.B 8561.JPG,early_blight,plantvillage
D:\Potato\IrishPotato37G_full\healthy\healthy3511.jpg,healthy,irish
D:\Potato\IrishPotato37G_full\earlyblt\earlyblt6339.jpg,early_blight,irish
D:\Potato\IrishPotato37G_full\earlyblt\earlyblt6252.jpg,early_blight,irish
D:\Potato\PlantVillage\Potato___Late_blight\6148bead-5236-461d-90ca-bc552dc95abc___RS_LB 2983.JPG,late_blight,plantvillage
D:\Potato\IrishPotato37G_full\earlyblt\earlyblt6429.jpg,early_blight,irish
D:\Potato\IrishPotato37G_full\healthy\healthy4338.jpg,healthy,irish
D:\Potato\PlantVillage\Potato___Early_blight\ba5dfd98-89d6-49d5-b398-beb05cb9d8ad___RS_Early.B 7824.JPG,early_blight,plantvillage
D:\Potato\IrishPotato37G_full\healthy\healthy2111.jpg,healthy,irish
D:\Potato\IrishPotato37G_full\earlyblt\earlyblt1117.jpg,early_blight,irish
D:\Potato\IrishPotato37G_full\lateblt\lateblt2785.jpg,late_blight,irish
D:\Potato\IrishPotato37G_full\lateblt\lateblt2718.jpg,late_blight,irish
D:\Potato\PlantVillage\Potato___Early_blight\2639ad26-c7e9-4bd6-8000-c002f676a4c6___RS_Early.B 7150.JPG,early_blight,plantvillage
D:\Potato\PlantVillage\Potato___Early_blight\adc573cd-bbf3-4742-9bd5-1e3e6f27319a___RS_Early.B 8685.JPG,early_blight,plantvillage
D:\Potato\IrishPotato37G_full\lateblt\lateblt5041.jpg,late_blight,irish
D:\Potato\non_leaf\coco_person\000000020571.jpg,non_leaf,coco_person
D:\Potato\IrishPotato37G_full\healthy\healthy737.jpg,healthy,irish
D:\Potato\IrishPotato37G_full\earlyblt\earlyblt2628.jpg,early_blight,irish
D:\Potato\IrishPotato37G_full\earlyblt\earlyblt114.jpg,early_blight,irish
D:\Potato\IrishPotato37G_full\earlyblt\earlyblt3099.jpg,early_blight,irish
D:\Potato\IrishPotato37G_full\healthy\healthy1655.jpg,healthy,irish
D:\Potato\non_leaf\coco_person\000000360960.jpg,non_leaf,coco_person
D:\Potato\IrishPotato37G_full\earlyblt\earlyblt6760.jpg,early_blight,irish
D:\Potato\PlantVillage\Potato___Late_blight\9fa8f0a5-50ba-41d9-8132-077a807fcf86___RS_LB 4045.JPG,late_blight,plantvillage
D:\Potato\PlantVillage\Potato___Early_blight\fe24f700-d37f-4e51-b07c-931e8c3ded81___RS_Early.B 8792.JPG,early_blight,plantvillage
D:\Potato\IrishPotato37G_full\healthy\healthy3530.jpg,healthy,irish
D:\Potato\IrishPotato37G_full\healthy\healthy2902.jpg,healthy,irish
D:\Potato\IrishPotato37G_full\earlyblt\earlyblt1681.jpg,early_blight,irish
D:\Potato\PlantVillage\Potato___Early_blight\6a183fd9-9409-47ea-a634-dafa4ae329a8___RS_Early.B 8890.JPG,early_blight,plantvillage
D:\Potato\IrishPotato37G_full\earlyblt\earlyblt1459.jpg,early_blight,irish
D:\Potato\IrishPotato37G_full\lateblt\lateblt2187.jpg,late_blight,irish
D:\Potato\IrishPotato37G_full\earlyblt\earlyblt1021.jpg,early_blight,irish
D:\Potato\PlantVillage\Potato___Late_blight\8acd2e1a-f965-4abb-bd16-8c0a4e918d2c___RS_LB 4644.JPG,late_blight,plantvillage
D:\Potato\IrishPotato37G_full\earlyblt\earlyblt1560.jpg,early_blight,irish
D:\Potato\PlantVillage\Potato___Early_blight\e09798e4-23b1-4485-873b-605bc350f327___RS_Early.B 7320.JPG,early_blight,plantvillage
D:\Potato\IrishPotato37G_full\earlyblt\earlyblt2834.jpg,early_blight,irish
D:\Potato\IrishPotato37G_full\lateblt\lateblt2246.jpg,late_blight,irish
D:\Potato\PlantVillage\Potato___Late_blight\b59e4b5d-4ef0-4b8f-a111-ee745e3d0334___RS_LB 4891.JPG,late_blight,plantvillage
D:\Potato\IrishPotato37G_full\healthy\healthy3975.jpg,healthy,irish
D:\Potato\IrishPotato37G_full\lateblt\lateblt746.jpg,late_blight,irish
D:\Potato\IrishPotato37G_full\healthy\healthy3915.jpg,healthy,irish
D:\Potato\non_leaf\coco_person\000000217400.jpg,non_leaf,coco_person
D:\Potato\IrishPotato37G_full\healthy\healthy2795.jpg,healthy,irish
D:\Potato\IrishPotato37G_full\earlyblt\earlyblt2111.jpg,early_blight,irish
D:\Potato\IrishPotato37G_full\healthy\healthy4899.jpg,healthy,irish
D:\Potato\PlantVillage\Potato___Late_blight\a0622f86-c94d-4b59-9483-68c57dee81fa___RS_LB 4794.JPG,late_blight,plantvillage
D:\Potato\IrishPotato37G_full\earlyblt\earlyblt2698.jpg,early_blight,irish
D:\Potato\IrishPotato37G_full\earlyblt\earlyblt1933.jpg,early_blight,irish
D:\Potato\non_leaf\coco_person\000000054967.jpg,non_leaf,coco_person
D:\Potato\IrishPotato37G_full\lateblt\lateblt88.jpg,late_blight,irish
D:\Potato\IrishPotato37G_full\lateblt\lateblt1966.jpg,late_blight,irish
D:\Potato\IrishPotato37G_full\earlyblt\earlyblt1657.jpg,early_blight,irish
D:\Potato\PlantVillage\Potato___Early_blight\d9ebe6a0-d46e-47fe-950e-938f7ce83afb___RS_Early.B 7419.JPG,early_blight,plantvillage
D:\Potato\IrishPotato37G_full\healthy\healthy3473.jpg,healthy,irish
D:\Potato\IrishPotato37G_full\earlyblt\earlyblt4883.jpg,early_blight,irish
D:\Potato\PlantVillage\Potato___Late_blight\35c3e2fe-7b97-4137-adc6-aada45306425___RS_LB 4123.JPG,late_blight,plantvillage
D:\Potato\PlantVillage\Potato___Late_blight\e9642678-b019-4ac2-a960-66fcccb2ccaa___RS_LB 2948.JPG,late_blight,plantvillage
D:\Potato\IrishPotato37G_full\lateblt\lateblt1620.jpg,late_blight,irish
D:\Potato\IrishPotato37G_full\earlyblt\earlyblt931.jpg,early_blight,irish
D:\Potato\IrishPotato37G_full\healthy\healthy661.jpg,healthy,irish
D:\Potato\IrishPotato37G_full\healthy\healthy4122.jpg,healthy,irish
D:\Potato\IrishPotato37G_full\healthy\healthy1261.jpg,healthy,irish
D:\Potato\IrishPotato37G_full\earlyblt\earlyblt4700.jpg,early_blight,irish
D:\Potato\non_leaf\coco_person\000000370813.jpg,non_leaf,coco_person
D:\Potato\IrishPotato37G_full\lateblt\lateblt1969.jpg,late_blight,irish
D:\Potato\IrishPotato37G_full\healthy\healthy4268.jpg,healthy,irish
D:\Potato\non_leaf\coco_person\000000414170.jpg,non_leaf,coco_person
D:\Potato\IrishPotato37G_full\lateblt\lateblt735.jpg,late_blight,irish
D:\Potato\IrishPotato37G_full\earlyblt\earlyblt2291.jpg,early_blight,irish
D:\Potato\IrishPotato37G_full\earlyblt\earlyblt1763.jpg,early_blight,irish
D:\Potato\IrishPotato37G_full\healthy\healthy3417.jpg,healthy,irish
D:\Potato\IrishPotato37G_full\healthy\healthy3695.jpg,healthy,irish
D:\Potato\IrishPotato37G_full\earlyblt\earlyblt3996.jpg,early_blight,irish
D:\Potato\PlantVillage\Potato___Early_blight\477c3ef0-ab1e-44fb-852d-6b3ce74c93a2___RS_Early.B 7257.JPG,early_blight,plantvillage
D:\Potato\IrishPotato37G_full\lateblt\lateblt2621.jpg,late_blight,irish
D:\Potato\PlantVillage\Potato___Late_blight\cba4be0b-2554-4a9e-8dd0-94cbb2467388___RS_LB 3335.JPG,late_blight,plantvillage
D:\Potato\IrishPotato37G_full\lateblt\lateblt1521.jpg,late_blight,irish
D:\Potato\IrishPotato37G_full\earlyblt\earlyblt1925.jpg,early_blight,irish
D:\Potato\non_leaf\coco_person\000000319607.jpg,non_leaf,coco_person
D:\Potato\IrishPotato37G_full\healthy\healthy917.jpg,healthy,irish
D:\Potato\IrishPotato37G_full\lateblt\lateblt2296.jpg,late_blight,irish
D:\Potato\IrishPotato37G_full\earlyblt\earlyblt4975.jpg,early_blight,irish
D:\Potato\PlantVillage\Potato___Late_blight\93905331-a3b3-43dd-8596-d8f7e6b3e88f___RS_LB 3306.JPG,late_blight,plantvillage
D:\Potato\IrishPotato37G_full\healthy\healthy3588.jpg,healthy,irish
D:\Potato\IrishPotato37G_full\earlyblt\earlyblt2940.jpg,early_blight,irish
D:\Potato\IrishPotato37G_full\healthy\healthy4826.jpg,healthy,irish
D:\Potato\IrishPotato37G_full\earlyblt\earlyblt255.jpg,early_blight,irish
D:\Potato\IrishPotato37G_full\earlyblt\earlyblt3908.jpg,early_blight,irish
D:\Potato\IrishPotato37G_full\earlyblt\earlyblt6643.jpg,early_blight,irish
D:\Potato\IrishPotato37G_full\healthy\healthy3983.jpg,healthy,irish
D:\Potato\IrishPotato37G_full\lateblt\lateblt155.jpg,late_blight,irish
D:\Potato\IrishPotato37G_full\healthy\healthy3480.jpg,healthy,irish
D:\Potato\IrishPotato37G_full\lateblt\lateblt1373.jpg,late_blight,irish
D:\Potato\IrishPotato37G_full\earlyblt\earlyblt2054.jpg,early_blight,irish
D:\Potato\non_leaf\coco_person\000000013546.jpg,non_leaf,coco_person
D:\Potato\IrishPotato37G_full\lateblt\lateblt574.jpg,late_blight,irish
D:\Potato\IrishPotato37G_full\earlyblt\earlyblt3815.jpg,early_blight,irish
D:\Potato\PlantVillage\Potato___Early_blight\1ee04a42-fa1c-4f6b-a88b-4cf583b188ea___RS_Early.B 8494.JPG,early_blight,plantvillage
D:\Potato\IrishPotato37G_full\healthy\healthy1575.jpg,healthy,irish
D:\Potato\IrishPotato37G_full\earlyblt\earlyblt6693.jpg,early_blight,irish
D:\Potato\IrishPotato37G_full\lateblt\lateblt5062.jpg,late_blight,irish
D:\Potato\IrishPotato37G_full\healthy\healthy3448.jpg,healthy,irish
D:\Potato\IrishPotato37G_full\healthy\healthy3611.jpg,healthy,irish
D:\Potato\IrishPotato37G_full\lateblt\lateblt883.jpg,late_blight,irish
D:\Potato\IrishPotato37G_full\earlyblt\earlyblt3262.jpg,early_blight,irish
D:\Potato\IrishPotato37G_full\earlyblt\earlyblt6260.jpg,early_blight,irish
D:\Potato\non_leaf\coco_person\000000200839.jpg,non_leaf,coco_person
D:\Potato\PlantVillage\Potato___Early_blight\faac446b-34ac-414a-9f0e-148d6ee87bfa___RS_Early.B 8934.JPG,early_blight,plantvillage
D:\Potato\IrishPotato37G_full\healthy\healthy1787.jpg,healthy,irish
D:\Potato\IrishPotato37G_full\earlyblt\earlyblt2636.jpg,early_blight,irish
D:\Potato\IrishPotato37G_full\lateblt\lateblt2751.jpg,late_blight,irish
D:\Potato\IrishPotato37G_full\earlyblt\earlyblt4901.jpg,early_blight,irish
D:\Potato\IrishPotato37G_full\healthy\healthy2055.jpg,healthy,irish
D:\Potato\IrishPotato37G_full\lateblt\lateblt2569.jpg,late_blight,irish
D:\Potato\non_leaf\coco_person\000000412894.jpg,non_leaf,coco_person
D:\Potato\IrishPotato37G_full\healthy\healthy2313.jpg,healthy,irish
D:\Potato\IrishPotato37G_full\healthy\healthy1792.jpg,healthy,irish
D:\Potato\IrishPotato37G_full\lateblt\lateblt847.jpg,late_blight,irish
D:\Potato\IrishPotato37G_full\healthy\healthy3504.jpg,healthy,irish
D:\Potato\IrishPotato37G_full\lateblt\lateblt5028.jpg,late_blight,irish
D:\Potato\IrishPotato37G_full\lateblt\lateblt1371.jpg,late_blight,irish
D:\Potato\IrishPotato37G_full\earlyblt\earlyblt2322.jpg,early_blight,irish
D:\Potato\IrishPotato37G_full\earlyblt\earlyblt4895.jpg,early_blight,irish
D:\Potato\PlantVillage\Potato___Early_blight\c42e79e4-76c0-406e-9779-6168330f4ca5___RS_Early.B 9008.JPG,early_blight,plantvillage
D:\Potato\IrishPotato37G_full\healthy\healthy4358.jpg,healthy,irish
D:\Potato\IrishPotato37G_full\healthy\healthy2937.jpg,healthy,irish
D:\Potato\IrishPotato37G_full\lateblt\lateblt2441.jpg,late_blight,irish
D:\Potato\IrishPotato37G_full\healthy\healthy2072.jpg,healthy,irish
D:\Potato\non_leaf\coco_person\000000254016.jpg,non_leaf,coco_person
D:\Potato\non_leaf\coco_person\000000327617.jpg,non_leaf,coco_person
D:\Potato\IrishPotato37G_full\lateblt\lateblt1652.jpg,late_blight,irish
D:\Potato\IrishPotato37G_full\earlyblt\earlyblt6281.jpg,early_blight,irish
D:\Potato\IrishPotato37G_full\earlyblt\earlyblt2590.jpg,early_blight,irish
D:\Potato\IrishPotato37G_full\lateblt\lateblt1693.jpg,late_blight,irish
D:\Potato\PlantVillage\Potato___healthy\849aa978-c7b9-4344-9ca8-129219a65f8e___RS_HL 1874.JPG,healthy,plantvillage
D:\Potato\IrishPotato37G_full\healthy\healthy2378.jpg,healthy,irish
D:\Potato\IrishPotato37G_full\healthy\healthy2103.jpg,healthy,irish
D:\Potato\IrishPotato37G_full\healthy\healthy4470.jpg,healthy,irish
D:\Potato\IrishPotato37G_full\healthy\healthy3395.jpg,healthy,irish
D:\Potato\PlantVillage\Potato___healthy\533abd3a-3e1d-42d0-ae9c-5189282b78af___RS_HL 5369.JPG,healthy,plantvillage
D:\Potato\IrishPotato37G_full\healthy\healthy2400.jpg,healthy,irish
D:\Potato\IrishPotato37G_full\earlyblt\earlyblt2431.jpg,early_blight,irish
D:\Potato\IrishPotato37G_full\healthy\healthy148.jpg,healthy,irish
D:\Potato\PlantVillage\Potato___Late_blight\c7982d1f-7472-44ba-a39d-76085c4d90cd___RS_LB 3072.JPG,late_blight,plantvillage
D:\Potato\IrishPotato37G_full\healthy\healthy3313.jpg,healthy,irish
D:\Potato\IrishPotato37G_full\earlyblt\earlyblt3069.jpg,early_blight,irish
D:\Potato\PlantVillage\Potato___Late_blight\d98195f0-bdf8-4e0d-9fd5-af86cfed2a6c___RS_LB 4790.JPG,late_blight,plantvillage
D:\Potato\IrishPotato37G_full\healthy\healthy4015.jpg,healthy,irish
D:\Potato\IrishPotato37G_full\lateblt\lateblt769.jpg,late_blight,irish
D:\Potato\non_leaf\coco_person\000000125572.jpg,non_leaf,coco_person
D:\Potato\IrishPotato37G_full\earlyblt\earlyblt2775.jpg,early_blight,irish
D:\Potato\IrishPotato37G_full\healthy\healthy3747.jpg,healthy,irish
D:\Potato\IrishPotato37G_full\healthy\healthy3042.jpg,healthy,irish
D:\Potato\IrishPotato37G_full\earlyblt\earlyblt1490.jpg,early_blight,irish
D:\Potato\IrishPotato37G_full\healthy\healthy2401.jpg,healthy,irish
D:\Potato\IrishPotato37G_full\healthy\healthy3378.jpg,healthy,irish
D:\Potato\IrishPotato37G_full\lateblt\lateblt637.jpg,late_blight,irish
D:\Potato\IrishPotato37G_full\lateblt\lateblt40.jpg,late_blight,irish
D:\Potato\PlantVillage\Potato___Early_blight\53de9716-fcc5-4241-9e8d-21792a5cf226___RS_Early.B 9014.JPG,early_blight,plantvillage
D:\Potato\IrishPotato37G_full\earlyblt\earlyblt4684.jpg,early_blight,irish
D:\Potato\IrishPotato37G_full\earlyblt\earlyblt2264.jpg,early_blight,irish
D:\Potato\PlantVillage\Potato___Late_blight\cd0b4621-eccd-434a-8bc1-d3a6d24a2f05___RS_LB 5250.JPG,late_blight,plantvillage
D:\Potato\IrishPotato37G_full\healthy\healthy2827.jpg,healthy,irish
D:\Potato\PlantVillage\Potato___Early_blight\d6ffc732-27cc-4391-9820-be9d386fb245___RS_Early.B 7032.JPG,early_blight,plantvillage
D:\Potato\IrishPotato37G_full\healthy\healthy3571.jpg,healthy,irish
D:\Potato\non_leaf\coco_person\000000021167.jpg,non_leaf,coco_person
D:\Potato\IrishPotato37G_full\lateblt\lateblt473.jpg,late_blight,irish
D:\Potato\PlantVillage\Potato___Late_blight\05c29b23-ecdf-41fc-be67-910bb74cd67c___RS_LB 4016.JPG,late_blight,plantvillage
D:\Potato\IrishPotato37G_full\healthy\healthy2711.jpg,healthy,irish
D:\Potato\IrishPotato37G_full\lateblt\lateblt2957.jpg,late_blight,irish
D:\Potato\IrishPotato37G_full\healthy\healthy2366.jpg,healthy,irish
D:\Potato\non_leaf\coco_person\000000492937.jpg,non_leaf,coco_person
D:\Potato\IrishPotato37G_full\healthy\healthy2526.jpg,healthy,irish
D:\Potato\non_leaf\coco_person\000000439426.jpg,non_leaf,coco_person
D:\Potato\IrishPotato37G_full\earlyblt\earlyblt4706.jpg,early_blight,irish
D:\Potato\PlantVillage\Potato___Early_blight\4217355a-471b-4045-9199-55003f2c9b99___RS_Early.B 7469.JPG,early_blight,plantvillage
D:\Potato\IrishPotato37G_full\earlyblt\earlyblt3271.jpg,early_blight,irish
D:\Potato\PlantVillage\Potato___Late_blight\805f68c3-b0a9-4072-8ef6-4c48d804e888___RS_LB 5159.JPG,late_blight,plantvillage
D:\Potato\IrishPotato37G_full\lateblt\lateblt1135.jpg,late_blight,irish
D:\Potato\PlantVillage\Potato___Early_blight\f7740cb1-3295-4022-ae6c-7ffeee775f6f___RS_Early.B 8991.JPG,early_blight,plantvillage
D:\Potato\PlantVillage\Potato___Late_blight\df40ffa7-8efd-4720-8786-a30b9011dcfc___RS_LB 4150.JPG,late_blight,plantvillage
D:\Potato\PlantVillage\Potato___Late_blight\b334273e-833f-48fc-b6fb-7d7a31e1a541___RS_LB 4112.JPG,late_blight,plantvillage
D:\Potato\IrishPotato37G_full\healthy\healthy675.jpg,healthy,irish
D:\Potato\IrishPotato37G_full\healthy\healthy1202.jpg,healthy,irish
D:\Potato\IrishPotato37G_full\lateblt\lateblt900.jpg,late_blight,irish
D:\Potato\non_leaf\coco_person\000000064868.jpg,non_leaf,coco_person
D:\Potato\IrishPotato37G_full\earlyblt\earlyblt681.jpg,early_blight,irish
D:\Potato\IrishPotato37G_full\lateblt\lateblt560.jpg,late_blight,irish
D:\Potato\IrishPotato37G_full\healthy\healthy1426.jpg,healthy,irish
D:\Potato\IrishPotato37G_full\healthy\healthy2082.jpg,healthy,irish
D:\Potato\IrishPotato37G_full\lateblt\lateblt2597.jpg,late_blight,irish
D:\Potato\IrishPotato37G_full\earlyblt\earlyblt2681.jpg,early_blight,irish
D:\Potato\IrishPotato37G_full\lateblt\lateblt1658.jpg,late_blight,irish
D:\Potato\IrishPotato37G_full\lateblt\lateblt103.jpg,late_blight,irish
D:\Potato\PlantVillage\Potato___Early_blight\db60c4cf-30f1-460c-a345-3045f192f725___RS_Early.B 6722.JPG,early_blight,plantvillage
D:\Potato\PlantVillage\Potato___Early_blight\68662e76-300e-49f6-8467-27dd63aa18ed___RS_Early.B 7163.JPG,early_blight,plantvillage
D:\Potato\IrishPotato37G_full\healthy\healthy1757.jpg,healthy,irish
D:\Potato\PlantVillage\Potato___Late_blight\51eb7a7a-99b4-47c4-be2f-2de9f4e5e985___RS_LB 5182.JPG,late_blight,plantvillage
D:\Potato\IrishPotato37G_full\earlyblt\earlyblt2600.jpg,early_blight,irish
D:\Potato\IrishPotato37G_full\healthy\healthy2236.jpg,healthy,irish
D:\Potato\IrishPotato37G_full\earlyblt\earlyblt2020.jpg,early_blight,irish
D:\Potato\IrishPotato37G_full\lateblt\lateblt865.jpg,late_blight,irish
D:\Potato\IrishPotato37G_full\healthy\healthy4806.jpg,healthy,irish
D:\Potato\IrishPotato37G_full\lateblt\lateblt210.jpg,late_blight,irish
D:\Potato\IrishPotato37G_full\earlyblt\earlyblt6077.jpg,early_blight,irish
D:\Potato\IrishPotato37G_full\healthy\healthy2566.jpg,healthy,irish
D:\Potato\IrishPotato37G_full\earlyblt\earlyblt2381.jpg,early_blight,irish
D:\Potato\IrishPotato37G_full\lateblt\lateblt2643.jpg,late_blight,irish
D:\Potato\non_leaf\coco_person\000000502737.jpg,non_leaf,coco_person
D:\Potato\IrishPotato37G_full\lateblt\lateblt927.jpg,late_blight,irish
D:\Potato\IrishPotato37G_full\lateblt\lateblt2943.jpg,late_blight,irish
D:\Potato\IrishPotato37G_full\lateblt\lateblt1932.jpg,late_blight,irish
D:\Potato\IrishPotato37G_full\healthy\healthy911.jpg,healthy,irish
D:\Potato\PlantVillage\Potato___Late_blight\0736dad0-be93-484b-9e89-bcb825fefda1___RS_LB 5454.JPG,late_blight,plantvillage
D:\Potato\IrishPotato37G_full\lateblt\lateblt2902.jpg,late_blight,irish
D:\Potato\IrishPotato37G_full\earlyblt\earlyblt1641.jpg,early_blight,irish
D:\Potato\IrishPotato37G_full\lateblt\lateblt1651.jpg,late_blight,irish
D:\Potato\PlantVillage\Potato___Late_blight\9157168d-8377-4a75-8dc2-d7c951efeb55___RS_LB 4978.JPG,late_blight,plantvillage
D:\Potato\non_leaf\coco_person\000000193674.jpg,non_leaf,coco_person
D:\Potato\IrishPotato37G_full\earlyblt\earlyblt2284.jpg,early_blight,irish
D:\Potato\IrishPotato37G_full\lateblt\lateblt2799.jpg,late_blight,irish
D:\Potato\PlantVillage\Potato___Late_blight\1ab62af3-c0a5-4fab-bb62-e06d6f7ddb59___RS_LB 2908.JPG,late_blight,plantvillage
D:\Potato\IrishPotato37G_full\lateblt\lateblt242.jpg,late_blight,irish
D:\Potato\IrishPotato37G_full\lateblt\lateblt2471.jpg,late_blight,irish
D:\Potato\IrishPotato37G_full\lateblt\lateblt2982.jpg,late_blight,irish
D:\Potato\IrishPotato37G_full\lateblt\lateblt60.jpg,late_blight,irish
D:\Potato\IrishPotato37G_full\lateblt\lateblt2702.jpg,late_blight,irish
D:\Potato\IrishPotato37G_full\healthy\healthy1625.jpg,healthy,irish
D:\Potato\IrishPotato37G_full\healthy\healthy546.jpg,healthy,irish
D:\Potato\IrishPotato37G_full\earlyblt\earlyblt3468.jpg,early_blight,irish
D:\Potato\IrishPotato37G_full\healthy\healthy4851.jpg,healthy,irish
D:\Potato\PlantVillage\Potato___Early_blight\4699d1d8-f931-4b1c-8fd4-03a58350a86d___RS_Early.B 8972.JPG,early_blight,plantvillage
D:\Potato\PlantVillage\Potato___Late_blight\97a903b7-9b9b-4014-9052-a284f21bfd53___RS_LB 2511.JPG,late_blight,plantvillage
D:\Potato\IrishPotato37G_full\earlyblt\earlyblt2497.jpg,early_blight,irish
D:\Potato\non_leaf\coco_person\000000500257.jpg,non_leaf,coco_person
D:\Potato\IrishPotato37G_full\earlyblt\earlyblt6741.jpg,early_blight,irish
D:\Potato\non_leaf\coco_person\000000035197.jpg,non_leaf,coco_person
D:\Potato\IrishPotato37G_full\healthy\healthy2905.jpg,healthy,irish
D:\Potato\IrishPotato37G_full\healthy\healthy3129.jpg,healthy,irish
D:\Potato\PlantVillage\Potato___Early_blight\bcf169b0-dea7-49eb-b976-4a2d1f36c574___RS_Early.B 7870.JPG,early_blight,plantvillage
D:\Potato\IrishPotato37G_full\healthy\healthy143.jpg,healthy,irish
D:\Potato\IrishPotato37G_full\earlyblt\earlyblt2003.jpg,early_blight,irish
D:\Potato\IrishPotato37G_full\healthy\healthy528.jpg,healthy,irish
D:\Potato\IrishPotato37G_full\earlyblt\earlyblt2759.jpg,early_blight,irish
D:\Potato\IrishPotato37G_full\earlyblt\earlyblt2399.jpg,early_blight,irish
D:\Potato\IrishPotato37G_full\earlyblt\earlyblt3066.jpg,early_blight,irish
D:\Potato\IrishPotato37G_full\lateblt\lateblt572.jpg,late_blight,irish
D:\Potato\IrishPotato37G_full\earlyblt\earlyblt2450.jpg,early_blight,irish
D:\Potato\IrishPotato37G_full\healthy\healthy4189.jpg,healthy,irish
D:\Potato\PlantVillage\Potato___Early_blight\7b95c3ad-d550-4cc8-96e0-549ec04c7dea___RS_Early.B 7342.JPG,early_blight,plantvillage
D:\Potato\PlantVillage\Potato___Early_blight\93c3dfcc-de7c-4ae9-9d18-4042f53e3d1f___RS_Early.B 7872.JPG,early_blight,plantvillage
D:\Potato\IrishPotato37G_full\earlyblt\earlyblt1653.jpg,early_blight,irish
D:\Potato\IrishPotato37G_full\earlyblt\earlyblt2321.jpg,early_blight,irish
D:\Potato\IrishPotato37G_full\lateblt\lateblt2067.jpg,late_blight,irish
D:\Potato\IrishPotato37G_full\healthy\healthy634.jpg,healthy,irish
D:\Potato\IrishPotato37G_full\healthy\healthy2940.jpg,healthy,irish
D:\Potato\IrishPotato37G_full\healthy\healthy4415.jpg,healthy,irish
D:\Potato\IrishPotato37G_full\earlyblt\earlyblt6002.jpg,early_blight,irish
D:\Potato\IrishPotato37G_full\lateblt\lateblt139.jpg,late_blight,irish
D:\Potato\IrishPotato37G_full\healthy\healthy2397.jpg,healthy,irish
D:\Potato\PlantVillage\Potato___Late_blight\33baf253-755d-4e3f-8d52-5caf59d0835d___RS_LB 2867.JPG,late_blight,plantvillage
D:\Potato\PlantVillage\Potato___Early_blight\e5d559da-71d8-4999-9d5a-05da9e6bf12e___RS_Early.B 7491.JPG,early_blight,plantvillage
D:\Potato\IrishPotato37G_full\lateblt\lateblt157.jpg,late_blight,irish
D:\Potato\PlantVillage\Potato___Early_blight\593de3cd-1e2e-4943-b5f3-ef9d5d857894___RS_Early.B 8336.JPG,early_blight,plantvillage
D:\Potato\IrishPotato37G_full\earlyblt\earlyblt3025.jpg,early_blight,irish
D:\Potato\IrishPotato37G_full\lateblt\lateblt117.jpg,late_blight,irish
D:\Potato\IrishPotato37G_full\lateblt\lateblt2200.jpg,late_blight,irish
D:\Potato\non_leaf\coco_person\000000432553.jpg,non_leaf,coco_person
D:\Potato\IrishPotato37G_full\healthy\healthy1382.jpg,healthy,irish
D:\Potato\IrishPotato37G_full\lateblt\lateblt1491.jpg,late_blight,irish
D:\Potato\non_leaf\coco_person\000000215072.jpg,non_leaf,coco_person
D:\Potato\IrishPotato37G_full\healthy\healthy3514.jpg,healthy,irish
D:\Potato\IrishPotato37G_full\earlyblt\earlyblt141.jpg,early_blight,irish
D:\Potato\PlantVillage\Potato___Early_blight\bb4e9c01-6166-424d-a379-9ef405fdd555___RS_Early.B 6843.JPG,early_blight,plantvillage
D:\Potato\IrishPotato37G_full\healthy\healthy2040.jpg,healthy,irish
D:\Potato\IrishPotato37G_full\lateblt\lateblt2571.jpg,late_blight,irish
D:\Potato\non_leaf\coco_person\000000452784.jpg,non_leaf,coco_person
D:\Potato\PlantVillage\Potato___Late_blight\1d05837e-11e4-40a4-8bd5-cfe5ad67365a___RS_LB 5428.JPG,late_blight,plantvillage
D:\Potato\IrishPotato37G_full\earlyblt\earlyblt456.jpg,early_blight,irish
D:\Potato\IrishPotato37G_full\lateblt\lateblt2242.jpg,late_blight,irish
D:\Potato\IrishPotato37G_full\healthy\healthy2158.jpg,healthy,irish
D:\Potato\IrishPotato37G_full\healthy\healthy3521.jpg,healthy,irish
D:\Potato\IrishPotato37G_full\lateblt\lateblt881.jpg,late_blight,irish
D:\Potato\IrishPotato37G_full\lateblt\lateblt2806.jpg,late_blight,irish
D:\Potato\IrishPotato37G_full\earlyblt\earlyblt3703.jpg,early_blight,irish
D:\Potato\PlantVillage\Potato___Late_blight\990428a4-bfa8-450d-a755-fade1df0a214___RS_LB 4082.JPG,late_blight,plantvillage
D:\Potato\PlantVillage\Potato___Late_blight\56aa566a-41be-4109-91bc-0cc99c385b7f___RS_LB 3843.JPG,late_blight,plantvillage
D:\Potato\IrishPotato37G_full\lateblt\lateblt64.jpg,late_blight,irish
D:\Potato\IrishPotato37G_full\healthy\healthy4141.jpg,healthy,irish
D:\Potato\IrishPotato37G_full\healthy\healthy1260.jpg,healthy,irish
D:\Potato\IrishPotato37G_full\healthy\healthy2136.jpg,healthy,irish
D:\Potato\non_leaf\coco_person\000000432553.jpg,non_leaf,coco_person
D:\Potato\IrishPotato37G_full\lateblt\lateblt722.jpg,late_blight,irish
D:\Potato\IrishPotato37G_full\lateblt\lateblt2053.jpg,late_blight,irish
D:\Potato\IrishPotato37G_full\healthy\healthy163.jpg,healthy,irish
D:\Potato\IrishPotato37G_full\earlyblt\earlyblt1865.jpg,early_blight,irish
D:\Potato\IrishPotato37G_full\lateblt\lateblt2502.jpg,late_blight,irish
D:\Potato\non_leaf\coco_person\000000129812.jpg,non_leaf,coco_person
D:\Potato\IrishPotato37G_full\earlyblt\earlyblt5895.jpg,early_blight,irish
D:\Potato\IrishPotato37G_full\lateblt\lateblt1360.jpg,late_blight,irish
D:\Potato\IrishPotato37G_full\healthy\healthy3387.jpg,healthy,irish
D:\Potato\IrishPotato37G_full\lateblt\lateblt2516.jpg,late_blight,irish
D:\Potato\PlantVillage\Potato___Early_blight\ef5b06f0-4c81-4e47-9ec3-499af1571d9e___RS_Early.B 8455.JPG,early_blight,plantvillage
D:\Potato\PlantVillage\Potato___Early_blight\af79e762-c2f7-4e37-926b-ce27dbc52fc4___RS_Early.B 6858.JPG,early_blight,plantvillage
D:\Potato\IrishPotato37G_full\earlyblt\earlyblt4710.jpg,early_blight,irish
D:\Potato\IrishPotato37G_full\earlyblt\earlyblt2931.jpg,early_blight,irish
D:\Potato\PlantVillage\Potato___healthy\f30983c0-6e20-43cc-8672-4622ca34c830___RS_HL 1949.JPG,healthy,plantvillage
D:\Potato\PlantVillage\Potato___Early_blight\52fb5725-33cf-4076-9abc-93311d027da2___RS_Early.B 8415.JPG,early_blight,plantvillage
D:\Potato\PlantVillage\Potato___Early_blight\f0a1af30-47b5-430b-b563-ef9a32a55dc7___RS_Early.B 6781.JPG,early_blight,plantvillage
D:\Potato\IrishPotato37G_full\earlyblt\earlyblt7024.jpg,early_blight,irish
D:\Potato\PlantVillage\Potato___Early_blight\e016d105-f5cd-4082-a8c9-1913ea3fcfbb___RS_Early.B 7800.JPG,early_blight,plantvillage
D:\Potato\IrishPotato37G_full\healthy\healthy2709.jpg,healthy,irish
D:\Potato\non_leaf\coco_person\000000308328.jpg,non_leaf,coco_person
D:\Potato\IrishPotato37G_full\healthy\healthy1745.jpg,healthy,irish
D:\Potato\IrishPotato37G_full\earlyblt\earlyblt1696.jpg,early_blight,irish
D:\Potato\IrishPotato37G_full\healthy\healthy2423.jpg,healthy,irish
D:\Potato\IrishPotato37G_full\lateblt\lateblt2425.jpg,late_blight,irish
D:\Potato\non_leaf\coco_person\000000308394.jpg,non_leaf,coco_person
D:\Potato\IrishPotato37G_full\lateblt\lateblt2896.jpg,late_blight,irish
D:\Potato\IrishPotato37G_full\earlyblt\earlyblt6018.jpg,early_blight,irish
D:\Potato\IrishPotato37G_full\earlyblt\earlyblt4692.jpg,early_blight,irish
D:\Potato\IrishPotato37G_full\healthy\healthy1259.jpg,healthy,irish
D:\Potato\IrishPotato37G_full\healthy\healthy4949.jpg,healthy,irish
D:\Potato\PlantVillage\Potato___Late_blight\324a0ba8-726a-4e6c-a15f-c32a1904f891___RS_LB 3078.JPG,late_blight,plantvillage
D:\Potato\IrishPotato37G_full\earlyblt\earlyblt4847.jpg,early_blight,irish
D:\Potato\IrishPotato37G_full\healthy\healthy4929.jpg,healthy,irish
D:\Potato\IrishPotato37G_full\lateblt\lateblt2149.jpg,late_blight,irish
D:\Potato\IrishPotato37G_full\earlyblt\earlyblt4669.jpg,early_blight,irish
D:\Potato\IrishPotato37G_full\lateblt\lateblt555.jpg,late_blight,irish
D:\Potato\IrishPotato37G_full\healthy\healthy4998.jpg,healthy,irish
D:\Potato\IrishPotato37G_full\lateblt\lateblt524.jpg,late_blight,irish
D:\Potato\PlantVillage\Potato___Early_blight\dea6a6e4-cfb0-4c00-a0f7-bdd1e52f82e0___RS_Early.B 7246.JPG,early_blight,plantvillage
D:\Potato\PlantVillage\Potato___healthy\2e0b8b4b-e900-408b-b760-730690bbd382___RS_HL 1901.JPG,healthy,plantvillage
D:\Potato\non_leaf\coco_person\000000001761.jpg,non_leaf,coco_person
D:\Potato\IrishPotato37G_full\healthy\healthy977.jpg,healthy,irish
D:\Potato\PlantVillage\Potato___Late_blight\127521ec-3cc5-4f98-ac73-ad561ec29e73___RS_LB 3219.JPG,late_blight,plantvillage
D:\Potato\IrishPotato37G_full\healthy\healthy631.jpg,healthy,irish
D:\Potato\IrishPotato37G_full\healthy\healthy144.jpg,healthy,irish
D:\Potato\IrishPotato37G_full\lateblt\lateblt699.jpg,late_blight,irish
D:\Potato\IrishPotato37G_full\lateblt\lateblt650.jpg,late_blight,irish
D:\Potato\IrishPotato37G_full\earlyblt\earlyblt6269.jpg,early_blight,irish
D:\Potato\non_leaf\coco_person\000000360960.jpg,non_leaf,coco_person
D:\Potato\non_leaf\coco_person\000000355257.jpg,non_leaf,coco_person
D:\Potato\non_leaf\coco_person\000000484351.jpg,non_leaf,coco_person
D:\Potato\IrishPotato37G_full\healthy\healthy3318.jpg,healthy,irish
D:\Potato\IrishPotato37G_full\lateblt\lateblt520.jpg,late_blight,irish
D:\Potato\IrishPotato37G_full\lateblt\lateblt2580.jpg,late_blight,irish
D:\Potato\IrishPotato37G_full\earlyblt\earlyblt3499.jpg,early_blight,irish
D:\Potato\IrishPotato37G_full\healthy\healthy3027.jpg,healthy,irish
D:\Potato\IrishPotato37G_full\healthy\healthy3488.jpg,healthy,irish
D:\Potato\IrishPotato37G_full\earlyblt\earlyblt253.jpg,early_blight,irish
D:\Potato\IrishPotato37G_full\lateblt\lateblt2423.jpg,late_blight,irish
D:\Potato\IrishPotato37G_full\healthy\healthy5495.jpg,healthy,irish
D:\Potato\IrishPotato37G_full\lateblt\lateblt2986.jpg,late_blight,irish
D:\Potato\non_leaf\coco_person\000000003156.jpg,non_leaf,coco_person
D:\Potato\IrishPotato37G_full\earlyblt\earlyblt2425.jpg,early_blight,irish
D:\Potato\IrishPotato37G_full\healthy\healthy3743.jpg,healthy,irish
D:\Potato\IrishPotato37G_full\earlyblt\earlyblt2925.jpg,early_blight,irish
D:\Potato\IrishPotato37G_full\healthy\healthy576.jpg,healthy,irish
D:\Potato\IrishPotato37G_full\healthy\healthy5142.jpg,healthy,irish
D:\Potato\IrishPotato37G_full\healthy\healthy2706.jpg,healthy,irish
D:\Potato\non_leaf\coco_person\000000468954.jpg,non_leaf,coco_person
D:\Potato\PlantVillage\Potato___Late_blight\27f1b297-f65a-458f-80d9-0046fa4c8c11___RS_LB 4332.JPG,late_blight,plantvillage
D:\Potato\IrishPotato37G_full\earlyblt\earlyblt2702.jpg,early_blight,irish
D:\Potato\IrishPotato37G_full\lateblt\lateblt1663.jpg,late_blight,irish
D:\Potato\IrishPotato37G_full\lateblt\lateblt2489.jpg,late_blight,irish
D:\Potato\IrishPotato37G_full\lateblt\lateblt583.jpg,late_blight,irish
D:\Potato\IrishPotato37G_full\earlyblt\earlyblt360.jpg,early_blight,irish
D:\Potato\IrishPotato37G_full\earlyblt\earlyblt6765.jpg,early_blight,irish
D:\Potato\IrishPotato37G_full\lateblt\lateblt824.jpg,late_blight,irish
D:\Potato\IrishPotato37G_full\healthy\healthy4881.jpg,healthy,irish
D:\Potato\IrishPotato37G_full\earlyblt\earlyblt3775.jpg,early_blight,irish
D:\Potato\IrishPotato37G_full\healthy\healthy2784.jpg,healthy,irish
D:\Potato\non_leaf\coco_person\000000418062.jpg,non_leaf,coco_person
D:\Potato\IrishPotato37G_full\earlyblt\earlyblt2505.jpg,early_blight,irish
D:\Potato\IrishPotato37G_full\healthy\healthy5128.jpg,healthy,irish
D:\Potato\IrishPotato37G_full\healthy\healthy3311.jpg,healthy,irish
D:\Potato\IrishPotato37G_full\healthy\healthy5423.jpg,healthy,irish
D:\Potato\IrishPotato37G_full\healthy\healthy3739.jpg,healthy,irish
D:\Potato\IrishPotato37G_full\lateblt\lateblt2035.jpg,late_blight,irish
D:\Potato\IrishPotato37G_full\lateblt\lateblt446.jpg,late_blight,irish
D:\Potato\IrishPotato37G_full\lateblt\lateblt2205.jpg,late_blight,irish
D:\Potato\IrishPotato37G_full\healthy\healthy4676.jpg,healthy,irish
D:\Potato\IrishPotato37G_full\earlyblt\earlyblt2273.jpg,early_blight,irish
D:\Potato\IrishPotato37G_full\lateblt\lateblt2017.jpg,late_blight,irish
D:\Potato\IrishPotato37G_full\healthy\healthy1231.jpg,healthy,irish
D:\Potato\IrishPotato37G_full\lateblt\lateblt136.jpg,late_blight,irish
D:\Potato\IrishPotato37G_full\healthy\healthy2071.jpg,healthy,irish
D:\Potato\IrishPotato37G_full\healthy\healthy1276.jpg,healthy,irish
D:\Potato\IrishPotato37G_full\earlyblt\earlyblt1738.jpg,early_blight,irish
D:\Potato\IrishPotato37G_full\earlyblt\earlyblt6954.jpg,early_blight,irish
D:\Potato\non_leaf\coco_person\000000281687.jpg,non_leaf,coco_person
D:\Potato\IrishPotato37G_full\lateblt\lateblt1605.jpg,late_blight,irish
D:\Potato\IrishPotato37G_full\lateblt\lateblt108.jpg,late_blight,irish
D:\Potato\IrishPotato37G_full\earlyblt\earlyblt3583.jpg,early_blight,irish
D:\Potato\IrishPotato37G_full\earlyblt\earlyblt6909.jpg,early_blight,irish
D:\Potato\non_leaf\coco_person\000000308165.jpg,non_leaf,coco_person
D:\Potato\IrishPotato37G_full\lateblt\lateblt1106.jpg,late_blight,irish
D:\Potato\non_leaf\coco_person\000000458223.jpg,non_leaf,coco_person
D:\Potato\IrishPotato37G_full\lateblt\lateblt1994.jpg,late_blight,irish
D:\Potato\IrishPotato37G_full\healthy\healthy1424.jpg,healthy,irish
D:\Potato\non_leaf\coco_person\000000527029.jpg,non_leaf,coco_person
D:\Potato\IrishPotato37G_full\healthy\healthy913.jpg,healthy,irish
D:\Potato\IrishPotato37G_full\earlyblt\earlyblt3979.jpg,early_blight,irish
D:\Potato\IrishPotato37G_full\healthy\healthy4462.jpg,healthy,irish
D:\Potato\IrishPotato37G_full\lateblt\lateblt2426.jpg,late_blight,irish
D:\Potato\PlantVillage\Potato___healthy\1a1184f8-c414-4ead-a4c4-41ae78e29a82___RS_HL 1971.JPG,healthy,plantvillage
D:\Potato\IrishPotato37G_full\earlyblt\earlyblt6910.jpg,early_blight,irish
D:\Potato\IrishPotato37G_full\lateblt\lateblt1334.jpg,late_blight,irish
D:\Potato\IrishPotato37G_full\lateblt\lateblt726.jpg,late_blight,irish
D:\Potato\IrishPotato37G_full\lateblt\lateblt482.jpg,late_blight,irish
D:\Potato\non_leaf\coco_person\000000499031.jpg,non_leaf,coco_person
D:\Potato\IrishPotato37G_full\healthy\healthy2885.jpg,healthy,irish
D:\Potato\IrishPotato37G_full\healthy\healthy2118.jpg,healthy,irish
D:\Potato\IrishPotato37G_full\lateblt\lateblt5030.jpg,late_blight,irish
D:\Potato\IrishPotato37G_full\healthy\healthy3045.jpg,healthy,irish
D:\Potato\IrishPotato37G_full\lateblt\lateblt2029.jpg,late_blight,irish
D:\Potato\IrishPotato37G_full\healthy\healthy4990.jpg,healthy,irish
D:\Potato\IrishPotato37G_full\healthy\healthy811.jpg,healthy,irish
D:\Potato\IrishPotato37G_full\healthy\healthy3002.jpg,healthy,irish
D:\Potato\IrishPotato37G_full\earlyblt\earlyblt4712.jpg,early_blight,irish
D:\Potato\IrishPotato37G_full\healthy\healthy897.jpg,healthy,irish
D:\Potato\IrishPotato37G_full\healthy\healthy3623.jpg,healthy,irish
D:\Potato\IrishPotato37G_full\healthy\healthy2995.jpg,healthy,irish
D:\Potato\non_leaf\coco_person\000000374052.jpg,non_leaf,coco_person
D:\Potato\PlantVillage\Potato___Late_blight\7b38a18a-65a4-4162-b48a-658b846be5a2___RS_LB 2733.JPG,late_blight,plantvillage
D:\Potato\IrishPotato37G_full\healthy\healthy4098.jpg,healthy,irish
D:\Potato\IrishPotato37G_full\healthy\healthy4107.jpg,healthy,irish
D:\Potato\non_leaf\coco_person\000000351530.jpg,non_leaf,coco_person
D:\Potato\IrishPotato37G_full\lateblt\lateblt1600.jpg,late_blight,irish
D:\Potato\non_leaf\coco_person\000000180101.jpg,non_leaf,coco_person
D:\Potato\PlantVillage\Potato___Late_blight\b469e38c-ef99-4ed1-b294-1e65727138fb___RS_LB 4056.JPG,late_blight,plantvillage
D:\Potato\IrishPotato37G_full\healthy\healthy3110.jpg,healthy,irish
D:\Potato\non_leaf\coco_person\000000289417.jpg,non_leaf,coco_person
D:\Potato\IrishPotato37G_full\healthy\healthy3590.jpg,healthy,irish
D:\Potato\IrishPotato37G_full\earlyblt\earlyblt2691.jpg,early_blight,irish
D:\Potato\IrishPotato37G_full\healthy\healthy1558.jpg,healthy,irish
D:\Potato\PlantVillage\Potato___Early_blight\ad8c76f3-16b3-4d7f-a9e9-cbec8c398d34___RS_Early.B 6694.JPG,early_blight,plantvillage
D:\Potato\IrishPotato37G_full\lateblt\lateblt2046.jpg,late_blight,irish
D:\Potato\IrishPotato37G_full\healthy\healthy4985.jpg,healthy,irish
D:\Potato\IrishPotato37G_full\healthy\healthy3631.jpg,healthy,irish
D:\Potato\IrishPotato37G_full\lateblt\lateblt2856.jpg,late_blight,irish
D:\Potato\IrishPotato37G_full\healthy\healthy2975.jpg,healthy,irish
D:\Potato\IrishPotato37G_full\earlyblt\earlyblt165.jpg,early_blight,irish
D:\Potato\IrishPotato37G_full\lateblt\lateblt79.jpg,late_blight,irish
D:\Potato\IrishPotato37G_full\earlyblt\earlyblt1800.jpg,early_blight,irish
D:\Potato\IrishPotato37G_full\lateblt\lateblt2111.jpg,late_blight,irish
D:\Potato\PlantVillage\Potato___Early_blight\dd875158-7897-4f5d-ada1-46e7e382ea96___RS_Early.B 7912.JPG,early_blight,plantvillage
D:\Potato\IrishPotato37G_full\earlyblt\earlyblt310.jpg,early_blight,irish
D:\Potato\PlantVillage\Potato___Late_blight\420b4d84-d621-4a64-a8bd-30042f1a6609___RS_LB 2778.JPG,late_blight,plantvillage
D:\Potato\IrishPotato37G_full\healthy\healthy2889.jpg,healthy,irish
D:\Potato\IrishPotato37G_full\earlyblt\earlyblt3218.jpg,early_blight,irish
D:\Potato\IrishPotato37G_full\healthy\healthy1507.jpg,healthy,irish
D:\Potato\non_leaf\coco_person\000000512564.jpg,non_leaf,coco_person
D:\Potato\PlantVillage\Potato___Late_blight\319335dc-6a48-4fe4-932b-326f1455f3cd___RS_LB 4703.JPG,late_blight,plantvillage
D:\Potato\IrishPotato37G_full\lateblt\lateblt416.jpg,late_blight,irish
D:\Potato\IrishPotato37G_full\lateblt\lateblt2814.jpg,late_blight,irish
D:\Potato\non_leaf\coco_person\000000177489.jpg,non_leaf,coco_person
D:\Potato\IrishPotato37G_full\lateblt\lateblt593.jpg,late_blight,irish
D:\Potato\IrishPotato37G_full\earlyblt\earlyblt1672.jpg,early_blight,irish
D:\Potato\PlantVillage\Potato___Early_blight\1de8ed75-0778-4364-9178-52c1bd0dffb4___RS_Early.B 6729.JPG,early_blight,plantvillage
D:\Potato\PlantVillage\Potato___Early_blight\e50e7166-a67d-4207-a49c-0240b0218d48___RS_Early.B 8907.JPG,early_blight,plantvillage
D:\Potato\IrishPotato37G_full\lateblt\lateblt26.jpg,late_blight,irish
D:\Potato\IrishPotato37G_full\lateblt\lateblt783.jpg,late_blight,irish
D:\Potato\PlantVillage\Potato___Late_blight\be6b5fab-c3de-4d33-b7fc-87bf794d8705___RS_LB 4850.JPG,late_blight,plantvillage
D:\Potato\PlantVillage\Potato___Early_blight\569206bf-423e-4508-b1b4-2ca6821aceac___RS_Early.B 7554.JPG,early_blight,plantvillage
D:\Potato\IrishPotato37G_full\earlyblt\earlyblt2451.jpg,early_blight,irish
D:\Potato\non_leaf\coco_person\000000085376.jpg,non_leaf,coco_person
D:\Potato\PlantVillage\Potato___Late_blight\13b1b19c-6720-4238-b384-4c86ea119ace___RS_LB 2765.JPG,late_blight,plantvillage
D:\Potato\IrishPotato37G_full\earlyblt\earlyblt449.jpg,early_blight,irish
D:\Potato\IrishPotato37G_full\earlyblt\earlyblt2489.jpg,early_blight,irish
D:\Potato\IrishPotato37G_full\earlyblt\earlyblt2253.jpg,early_blight,irish
D:\Potato\PlantVillage\Potato___Late_blight\7d885e39-d832-473f-bf81-c22855e481c3___RS_LB 3946.JPG,late_blight,plantvillage
D:\Potato\PlantVillage\Potato___Early_blight\0d2e2971-f1c9-4278-b35c-91dd8a22a64d___RS_Early.B 7581.JPG,early_blight,plantvillage
D:\Potato\IrishPotato37G_full\earlyblt\earlyblt3933.jpg,early_blight,irish
D:\Potato\IrishPotato37G_full\earlyblt\earlyblt2335.jpg,early_blight,irish
D:\Potato\IrishPotato37G_full\lateblt\lateblt2582.jpg,late_blight,irish
D:\Potato\IrishPotato37G_full\healthy\healthy4635.jpg,healthy,irish
D:\Potato\non_leaf\coco_person\000000214869.jpg,non_leaf,coco_person
D:\Potato\IrishPotato37G_full\lateblt\lateblt219.jpg,late_blight,irish
D:\Potato\IrishPotato37G_full\healthy\healthy2530.jpg,healthy,irish
D:\Potato\PlantVillage\Potato___Late_blight\d78c58b2-c9d1-43f2-8b18-4455855c0f1f___RS_LB 3288.JPG,late_blight,plantvillage
D:\Potato\IrishPotato37G_full\healthy\healthy4960.jpg,healthy,irish
D:\Potato\PlantVillage\Potato___Late_blight\489107b2-13f2-401b-b931-39ca7fd4be2b___RS_LB 2665.JPG,late_blight,plantvillage
D:\Potato\IrishPotato37G_full\earlyblt\earlyblt2884.jpg,early_blight,irish
D:\Potato\non_leaf\coco_person\000000470779.jpg,non_leaf,coco_person
D:\Potato\IrishPotato37G_full\lateblt\lateblt1929.jpg,late_blight,irish
D:\Potato\PlantVillage\Potato___Late_blight\8ee9f477-92a7-43a0-9377-0535b218a21d___RS_LB 5266.JPG,late_blight,plantvillage
D:\Potato\IrishPotato37G_full\lateblt\lateblt2676.jpg,late_blight,irish
D:\Potato\IrishPotato37G_full\healthy\healthy1591.jpg,healthy,irish
D:\Potato\IrishPotato37G_full\lateblt\lateblt408.jpg,late_blight,irish
D:\Potato\PlantVillage\Potato___Early_blight\ea403e5a-34b3-4b06-a94d-65ad2e78831f___RS_Early.B 8136.JPG,early_blight,plantvillage
D:\Potato\IrishPotato37G_full\earlyblt\earlyblt4935.jpg,early_blight,irish
D:\Potato\IrishPotato37G_full\healthy\healthy3.jpg,healthy,irish
D:\Potato\IrishPotato37G_full\lateblt\lateblt1684.jpg,late_blight,irish
D:\Potato\IrishPotato37G_full\earlyblt\earlyblt2236.jpg,early_blight,irish
D:\Potato\non_leaf\coco_person\000000245026.jpg,non_leaf,coco_person
D:\Potato\IrishPotato37G_full\earlyblt\earlyblt6480.jpg,early_blight,irish
D:\Potato\IrishPotato37G_full\healthy\healthy4964.jpg,healthy,irish
D:\Potato\IrishPotato37G_full\earlyblt\earlyblt3772.jpg,early_blight,irish
D:\Potato\IrishPotato37G_full\healthy\healthy3522.jpg,healthy,irish
D:\Potato\non_leaf\coco_person\000000229659.jpg,non_leaf,coco_person
D:\Potato\IrishPotato37G_full\healthy\healthy2307.jpg,healthy,irish
D:\Potato\IrishPotato37G_full\lateblt\lateblt799.jpg,late_blight,irish
D:\Potato\PlantVillage\Potato___Late_blight\cb4fe901-5ca8-43e9-9a4f-3b9bf34ea364___RS_LB 3943.JPG,late_blight,plantvillage
D:\Potato\IrishPotato37G_full\earlyblt\earlyblt2713.jpg,early_blight,irish
D:\Potato\IrishPotato37G_full\earlyblt\earlyblt2188.jpg,early_blight,irish
D:\Potato\IrishPotato37G_full\earlyblt\earlyblt2459.jpg,early_blight,irish
D:\Potato\IrishPotato37G_full\earlyblt\earlyblt1697.jpg,early_blight,irish
D:\Potato\IrishPotato37G_full\earlyblt\earlyblt4693.jpg,early_blight,irish
D:\Potato\IrishPotato37G_full\lateblt\lateblt2699.jpg,late_blight,irish
D:\Potato\IrishPotato37G_full\lateblt\lateblt1514.jpg,late_blight,irish
D:\Potato\PlantVillage\Potato___Late_blight\1531198a-c611-47ee-af7d-7b124b863870___RS_LB 4793.JPG,late_blight,plantvillage
D:\Potato\non_leaf\coco_person\000000083172.jpg,non_leaf,coco_person
D:\Potato\IrishPotato37G_full\lateblt\lateblt1650.jpg,late_blight,irish
D:\Potato\IrishPotato37G_full\earlyblt\earlyblt3767.jpg,early_blight,irish
D:\Potato\IrishPotato37G_full\lateblt\lateblt2921.jpg,late_blight,irish
D:\Potato\IrishPotato37G_full\lateblt\lateblt78.jpg,late_blight,irish
D:\Potato\IrishPotato37G_full\healthy\healthy59.jpg,healthy,irish
D:\Potato\IrishPotato37G_full\lateblt\lateblt975.jpg,late_blight,irish
D:\Potato\PlantVillage\Potato___Late_blight\3e81c41f-5b6b-4458-8aa8-6a544a8e678c___RS_LB 4963.JPG,late_blight,plantvillage
D:\Potato\non_leaf\coco_person\000000270474.jpg,non_leaf,coco_person
D:\Potato\IrishPotato37G_full\healthy\healthy2899.jpg,healthy,irish
D:\Potato\IrishPotato37G_full\healthy\healthy2089.jpg,healthy,irish
D:\Potato\IrishPotato37G_full\lateblt\lateblt2900.jpg,late_blight,irish
D:\Potato\IrishPotato37G_full\earlyblt\earlyblt3171.jpg,early_blight,irish
D:\Potato\PlantVillage\Potato___Late_blight\cd38f533-9b7d-4afd-bbd9-9ee5ab2aa3e8___RS_LB 2680.JPG,late_blight,plantvillage
D:\Potato\PlantVillage\Potato___Early_blight\3aea17a1-9413-4312-bcf2-e9aadb7371ab___RS_Early.B 8237.JPG,early_blight,plantvillage
D:\Potato\PlantVillage\Potato___Late_blight\4f138229-2f00-4374-9c16-3732660bf011___RS_LB 4105.JPG,late_blight,plantvillage
D:\Potato\PlantVillage\Potato___Late_blight\f964b423-2146-4523-9f71-d7937c475bf0___RS_LB 3842.JPG,late_blight,plantvillage
D:\Potato\PlantVillage\Potato___healthy\de9a8669-d437-40f0-aa56-fe2d8276a1e0___RS_HL 1910.JPG,healthy,plantvillage
D:\Potato\IrishPotato37G_full\earlyblt\earlyblt3254.jpg,early_blight,irish
D:\Potato\IrishPotato37G_full\healthy\healthy4166.jpg,healthy,irish
D:\Potato\IrishPotato37G_full\earlyblt\earlyblt1044.jpg,early_blight,irish
D:\Potato\non_leaf\coco_person\000000531036.jpg,non_leaf,coco_person
D:\Potato\IrishPotato37G_full\earlyblt\earlyblt6610.jpg,early_blight,irish
D:\Potato\IrishPotato37G_full\healthy\healthy4041.jpg,healthy,irish
D:\Potato\non_leaf\coco_person\000000471567.jpg,non_leaf,coco_person
D:\Potato\IrishPotato37G_full\earlyblt\earlyblt2385.jpg,early_blight,irish
D:\Potato\PlantVillage\Potato___Late_blight\1c207156-339d-4ec9-9153-9edb3bc95b5f___RS_LB 4833.JPG,late_blight,plantvillage
D:\Potato\IrishPotato37G_full\lateblt\lateblt944.jpg,late_blight,irish
D:\Potato\PlantVillage\Potato___Late_blight\fe3eb287-4bb0-4a6f-b50e-253370bd19dd___RS_LB 4073.JPG,late_blight,plantvillage
D:\Potato\IrishPotato37G_full\healthy\healthy2893.jpg,healthy,irish
D:\Potato\PlantVillage\Potato___Late_blight\140cad58-de9c-44b8-afb4-af5751e2e012___RS_LB 3247.JPG,late_blight,plantvillage
D:\Potato\IrishPotato37G_full\earlyblt\earlyblt1735.jpg,early_blight,irish
D:\Potato\IrishPotato37G_full\lateblt\lateblt878.jpg,late_blight,irish
D:\Potato\PlantVillage\Potato___healthy\61b8a692-91d8-40f5-a4a4-4d910875a638___RS_HL 1966.JPG,healthy,plantvillage
D:\Potato\IrishPotato37G_full\lateblt\lateblt2428.jpg,late_blight,irish
D:\Potato\IrishPotato37G_full\earlyblt\earlyblt2480.jpg,early_blight,irish
D:\Potato\IrishPotato37G_full\earlyblt\earlyblt1556.jpg,early_blight,irish
D:\Potato\non_leaf\coco_person\000000576955.jpg,non_leaf,coco_person
D:\Potato\non_leaf\coco_person\000000107226.jpg,non_leaf,coco_person
D:\Potato\IrishPotato37G_full\healthy\healthy1204.jpg,healthy,irish
D:\Potato\IrishPotato37G_full\earlyblt\earlyblt3463.jpg,early_blight,irish
D:\Potato\IrishPotato37G_full\lateblt\lateblt2995.jpg,late_blight,irish
D:\Potato\IrishPotato37G_full\healthy\healthy5143.jpg,healthy,irish
D:\Potato\PlantVillage\Potato___Late_blight\456f2c6a-a8c8-4dac-9de1-73668e39cd01___RS_LB 3008.JPG,late_blight,plantvillage
D:\Potato\PlantVillage\Potato___Late_blight\49835c13-105d-4afb-95dd-b4ee15f3d287___RS_LB 4099.JPG,late_blight,plantvillage
D:\Potato\IrishPotato37G_full\lateblt\lateblt2857.jpg,late_blight,irish
D:\Potato\IrishPotato37G_full\earlyblt\earlyblt2969.jpg,early_blight,irish
D:\Potato\IrishPotato37G_full\lateblt\lateblt2642.jpg,late_blight,irish
D:\Potato\non_leaf\coco_person\000000568814.jpg,non_leaf,coco_person
D:\Potato\IrishPotato37G_full\healthy\healthy870.jpg,healthy,irish
D:\Potato\IrishPotato37G_full\lateblt\lateblt2617.jpg,late_blight,irish
D:\Potato\IrishPotato37G_full\lateblt\lateblt1405.jpg,late_blight,irish
D:\Potato\IrishPotato37G_full\healthy\healthy4864.jpg,healthy,irish
D:\Potato\IrishPotato37G_full\earlyblt\earlyblt4673.jpg,early_blight,irish
D:\Potato\IrishPotato37G_full\lateblt\lateblt444.jpg,late_blight,irish
D:\Potato\IrishPotato37G_full\healthy\healthy3348.jpg,healthy,irish
D:\Potato\IrishPotato37G_full\lateblt\lateblt2264.jpg,late_blight,irish
D:\Potato\PlantVillage\Potato___Early_blight\9c77f930-5d28-4b1f-8274-30c2c2dc82fb___RS_Early.B 8347.JPG,early_blight,plantvillage
D:\Potato\IrishPotato37G_full\lateblt\lateblt2188.jpg,late_blight,irish
D:\Potato\IrishPotato37G_full\healthy\healthy1662.jpg,healthy,irish
D:\Potato\non_leaf\coco_person\000000453841.jpg,non_leaf,coco_person
D:\Potato\IrishPotato37G_full\earlyblt\earlyblt1038.jpg,early_blight,irish
D:\Potato\IrishPotato37G_full\lateblt\lateblt908.jpg,late_blight,irish
D:\Potato\IrishPotato37G_full\healthy\healthy4688.jpg,healthy,irish
D:\Potato\IrishPotato37G_full\lateblt\lateblt463.jpg,late_blight,irish
D:\Potato\IrishPotato37G_full\lateblt\lateblt2865.jpg,late_blight,irish
D:\Potato\IrishPotato37G_full\earlyblt\earlyblt2882.jpg,early_blight,irish
D:\Potato\IrishPotato37G_full\earlyblt\earlyblt2815.jpg,early_blight,irish
D:\Potato\PlantVillage\Potato___Late_blight\d8ef0e69-3dfc-4d13-8d49-a44fa9cfa62e___RS_LB 4140.JPG,late_blight,plantvillage
D:\Potato\PlantVillage\Potato___Early_blight\283134dd-8b32-447e-8e82-547d3b69f4d4___RS_Early.B 7494.JPG,early_blight,plantvillage
D:\Potato\non_leaf\coco_person\000000182805.jpg,non_leaf,coco_person
D:\Potato\PlantVillage\Potato___Late_blight\c58de13c-b59d-4497-ae5a-08b425919b64___RS_LB 3116.JPG,late_blight,plantvillage
D:\Potato\IrishPotato37G_full\healthy\healthy1150.jpg,healthy,irish
D:\Potato\IrishPotato37G_full\healthy\healthy3912.jpg,healthy,irish
D:\Potato\IrishPotato37G_full\earlyblt\earlyblt3800.jpg,early_blight,irish
D:\Potato\IrishPotato37G_full\lateblt\lateblt2022.jpg,late_blight,irish
D:\Potato\non_leaf\coco_person\000000126226.jpg,non_leaf,coco_person
D:\Potato\IrishPotato37G_full\lateblt\lateblt2769.jpg,late_blight,irish
D:\Potato\IrishPotato37G_full\earlyblt\earlyblt4742.jpg,early_blight,irish
D:\Potato\IrishPotato37G_full\healthy\healthy4607.jpg,healthy,irish
D:\Potato\non_leaf\coco_person\000000042528.jpg,non_leaf,coco_person
D:\Potato\PlantVillage\Potato___Early_blight\ab808dff-e0fc-42d0-ad9a-c4cb7f69e59b___RS_Early.B 9210.JPG,early_blight,plantvillage
D:\Potato\IrishPotato37G_full\healthy\healthy4764.jpg,healthy,irish
D:\Potato\IrishPotato37G_full\lateblt\lateblt2875.jpg,late_blight,irish
D:\Potato\PlantVillage\Potato___Late_blight\2d736aa6-79a6-42b0-9e92-d859bcd72824___RS_LB 5244.JPG,late_blight,plantvillage
D:\Potato\PlantVillage\Potato___Early_blight\7a84da2c-6c10-483f-9994-69aeedc21a57___RS_Early.B 7534.JPG,early_blight,plantvillage
D:\Potato\PlantVillage\Potato___Late_blight\3d4b41e8-18f8-400a-a961-82731c6ac4d5___RS_LB 5157.JPG,late_blight,plantvillage
D:\Potato\IrishPotato37G_full\earlyblt\earlyblt2351.jpg,early_blight,irish
D:\Potato\IrishPotato37G_full\earlyblt\earlyblt184.jpg,early_blight,irish
D:\Potato\IrishPotato37G_full\healthy\healthy4884.jpg,healthy,irish
D:\Potato\IrishPotato37G_full\lateblt\lateblt2415.jpg,late_blight,irish
D:\Potato\IrishPotato37G_full\earlyblt\earlyblt6382.jpg,early_blight,irish
D:\Potato\PlantVillage\Potato___Early_blight\61da9830-ebfd-483a-88dd-a66fcff4c457___RS_Early.B 7817.JPG,early_blight,plantvillage
D:\Potato\IrishPotato37G_full\lateblt\lateblt2656.jpg,late_blight,irish
D:\Potato\IrishPotato37G_full\healthy\healthy4975.jpg,healthy,irish
D:\Potato\PlantVillage\Potato___Early_blight\e217c2fe-b0d5-45e6-a7fa-98f253444d54___RS_Early.B 7067.JPG,early_blight,plantvillage
D:\Potato\non_leaf\coco_person\000000510095.jpg,non_leaf,coco_person
D:\Potato\IrishPotato37G_full\earlyblt\earlyblt2598.jpg,early_blight,irish
D:\Potato\PlantVillage\Potato___Early_blight\a9659799-4093-4d84-855e-2f4382729c01___RS_Early.B 8784.JPG,early_blight,plantvillage
D:\Potato\IrishPotato37G_full\healthy\healthy2588.jpg,healthy,irish
D:\Potato\IrishPotato37G_full\earlyblt\earlyblt2189.jpg,early_blight,irish
D:\Potato\IrishPotato37G_full\healthy\healthy3061.jpg,healthy,irish
D:\Potato\PlantVillage\Potato___Early_blight\73273541-2855-4516-92c3-658703bd2d18___RS_Early.B 6814.JPG,early_blight,plantvillage
D:\Potato\IrishPotato37G_full\earlyblt\earlyblt891.jpg,early_blight,irish
D:\Potato\IrishPotato37G_full\healthy\healthy2980.jpg,healthy,irish
D:\Potato\IrishPotato37G_full\healthy\healthy1721.jpg,healthy,irish
D:\Potato\IrishPotato37G_full\lateblt\lateblt1961.jpg,late_blight,irish
D:\Potato\PlantVillage\Potato___Early_blight\357b61ef-a56b-4207-aa26-161b0ef3e635___RS_Early.B 8492.JPG,early_blight,plantvillage
D:\Potato\IrishPotato37G_full\lateblt\lateblt1347.jpg,late_blight,irish
D:\Potato\IrishPotato37G_full\lateblt\lateblt173.jpg,late_blight,irish
D:\Potato\IrishPotato37G_full\earlyblt\earlyblt151.jpg,early_blight,irish
D:\Potato\IrishPotato37G_full\lateblt\lateblt208.jpg,late_blight,irish
D:\Potato\IrishPotato37G_full\lateblt\lateblt483.jpg,late_blight,irish
D:\Potato\PlantVillage\Potato___Early_blight\03b0d3c1-b5b0-48f4-98aa-f8904670290f___RS_Early.B 7051.JPG,early_blight,plantvillage
D:\Potato\IrishPotato37G_full\healthy\healthy4051.jpg,healthy,irish
D:\Potato\PlantVillage\Potato___Early_blight\dd1e0739-c899-4c1e-99c8-fd83a6d55694___RS_Early.B 7862.JPG,early_blight,plantvillage
D:\Potato\PlantVillage\Potato___Early_blight\c5c57ff6-cff1-4be6-a2fd-324efc139881___RS_Early.B 7450.JPG,early_blight,plantvillage
D:\Potato\PlantVillage\Potato___Late_blight\76ebfd7a-b3d8-4cde-b6b6-7e5132ec269b___RS_LB 4935.JPG,late_blight,plantvillage
D:\Potato\non_leaf\coco_person\000000037988.jpg,non_leaf,coco_person
D:\Potato\PlantVillage\Potato___Late_blight\20880dc9-069c-40e5-81be-6d6e33f9519c___RS_LB 4098.JPG,late_blight,plantvillage
D:\Potato\IrishPotato37G_full\lateblt\lateblt984.jpg,late_blight,irish
D:\Potato\IrishPotato37G_full\lateblt\lateblt615.jpg,late_blight,irish
D:\Potato\PlantVillage\Potato___Early_blight\e4b0f6ac-2b1e-4e10-8733-de421a01c390___RS_Early.B 8254.JPG,early_blight,plantvillage
D:\Potato\IrishPotato37G_full\earlyblt\earlyblt2235.jpg,early_blight,irish
D:\Potato\IrishPotato37G_full\lateblt\lateblt116.jpg,late_blight,irish
D:\Potato\IrishPotato37G_full\healthy\healthy3921.jpg,healthy,irish
D:\Potato\IrishPotato37G_full\earlyblt\earlyblt2709.jpg,early_blight,irish
D:\Potato\IrishPotato37G_full\healthy\healthy1626.jpg,healthy,irish
D:\Potato\PlantVillage\Potato___Late_blight\c87b7e98-d4ed-446a-bf9e-47bd454f279b___RS_LB 2860.JPG,late_blight,plantvillage
D:\Potato\IrishPotato37G_full\earlyblt\earlyblt4911.jpg,early_blight,irish
D:\Potato\IrishPotato37G_full\earlyblt\earlyblt464.jpg,early_blight,irish
D:\Potato\IrishPotato37G_full\lateblt\lateblt775.jpg,late_blight,irish
D:\Potato\non_leaf\coco_person\000000067213.jpg,non_leaf,coco_person
D:\Potato\IrishPotato37G_full\earlyblt\earlyblt110.jpg,early_blight,irish
D:\Potato\IrishPotato37G_full\earlyblt\earlyblt6611.jpg,early_blight,irish
D:\Potato\non_leaf\coco_person\000000378139.jpg,non_leaf,coco_person
D:\Potato\IrishPotato37G_full\earlyblt\earlyblt2530.jpg,early_blight,irish
D:\Potato\PlantVillage\Potato___Late_blight\8f12dae8-d44b-4d16-8815-4da5f9a9ff55___RS_LB 4283.JPG,late_blight,plantvillage
D:\Potato\IrishPotato37G_full\earlyblt\earlyblt1964.jpg,early_blight,irish
D:\Potato\non_leaf\coco_person\000000078915.jpg,non_leaf,coco_person
D:\Potato\IrishPotato37G_full\earlyblt\earlyblt2612.jpg,early_blight,irish
D:\Potato\IrishPotato37G_full\lateblt\lateblt2438.jpg,late_blight,irish
D:\Potato\IrishPotato37G_full\lateblt\lateblt2504.jpg,late_blight,irish
D:\Potato\IrishPotato37G_full\healthy\healthy2065.jpg,healthy,irish
D:\Potato\IrishPotato37G_full\earlyblt\earlyblt3083.jpg,early_blight,irish
D:\Potato\non_leaf\coco_person\000000113235.jpg,non_leaf,coco_person
D:\Potato\IrishPotato37G_full\lateblt\lateblt1597.jpg,late_blight,irish
D:\Potato\IrishPotato37G_full\lateblt\lateblt704.jpg,late_blight,irish
D:\Potato\PlantVillage\Potato___healthy\046641c1-f837-49eb-b5f2-4109910a027c___RS_HL 1878.JPG,healthy,plantvillage
D:\Potato\non_leaf\coco_person\000000569972.jpg,non_leaf,coco_person
D:\Potato\IrishPotato37G_full\healthy\healthy635.jpg,healthy,irish
D:\Potato\IrishPotato37G_full\lateblt\lateblt421.jpg,late_blight,irish
D:\Potato\IrishPotato37G_full\healthy\healthy4365.jpg,healthy,irish
D:\Potato\PlantVillage\Potato___Early_blight\d036af36-99a4-4b25-aa40-2477883e73cf___RS_Early.B 8269.JPG,early_blight,plantvillage
D:\Potato\IrishPotato37G_full\healthy\healthy930.jpg,healthy,irish
D:\Potato\IrishPotato37G_full\healthy\healthy5236.jpg,healthy,irish
D:\Potato\IrishPotato37G_full\earlyblt\earlyblt1624.jpg,early_blight,irish
D:\Potato\IrishPotato37G_full\healthy\healthy3329.jpg,healthy,irish
D:\Potato\IrishPotato37G_full\earlyblt\earlyblt3422.jpg,early_blight,irish
D:\Potato\IrishPotato37G_full\earlyblt\earlyblt6404.jpg,early_blight,irish
D:\Potato\IrishPotato37G_full\healthy\healthy2330.jpg,healthy,irish
D:\Potato\IrishPotato37G_full\lateblt\lateblt502.jpg,late_blight,irish
D:\Potato\non_leaf\coco_person\000000091495.jpg,non_leaf,coco_person
D:\Potato\IrishPotato37G_full\earlyblt\earlyblt658.jpg,early_blight,irish
D:\Potato\IrishPotato37G_full\earlyblt\earlyblt6055.jpg,early_blight,irish
D:\Potato\IrishPotato37G_full\earlyblt\earlyblt3071.jpg,early_blight,irish
D:\Potato\IrishPotato37G_full\lateblt\lateblt472.jpg,late_blight,irish
D:\Potato\IrishPotato37G_full\earlyblt\earlyblt1940.jpg,early_blight,irish
D:\Potato\IrishPotato37G_full\lateblt\lateblt1178.jpg,late_blight,irish
D:\Potato\PlantVillage\Potato___Late_blight\1a18d84a-8811-4806-830f-d10e98b1800e___RS_LB 3919.JPG,late_blight,plantvillage
D:\Potato\IrishPotato37G_full\healthy\healthy2952.jpg,healthy,irish
D:\Potato\IrishPotato37G_full\earlyblt\earlyblt1156.jpg,early_blight,irish
D:\Potato\IrishPotato37G_full\lateblt\lateblt5049.jpg,late_blight,irish
D:\Potato\IrishPotato37G_full\lateblt\lateblt1328.jpg,late_blight,irish
D:\Potato\IrishPotato37G_full\earlyblt\earlyblt6299.jpg,early_blight,irish
D:\Potato\IrishPotato37G_full\lateblt\lateblt1649.jpg,late_blight,irish
D:\Potato\PlantVillage\Potato___Early_blight\686938d8-5fcc-4482-850f-0e8720206046___RS_Early.B 7769.JPG,early_blight,plantvillage
D:\Potato\IrishPotato37G_full\healthy\healthy757.jpg,healthy,irish
D:\Potato\PlantVillage\Potato___Late_blight\563f8e2a-0a5f-4920-aee5-ad98269c8144___RS_LB 4798.JPG,late_blight,plantvillage
D:\Potato\IrishPotato37G_full\earlyblt\earlyblt2090.jpg,early_blight,irish
D:\Potato\IrishPotato37G_full\healthy\healthy954.jpg,healthy,irish
D:\Potato\PlantVillage\Potato___Early_blight\3a314933-9e92-4c90-acc2-656a04c591e7___RS_Early.B 8906.JPG,early_blight,plantvillage
D:\Potato\PlantVillage\Potato___healthy\b35b9f8b-daca-4d12-a5be-defe68d0acc5___RS_HL 1903.JPG,healthy,plantvillage
D:\Potato\PlantVillage\Potato___Early_blight\fcbf4e6c-ba09-40f5-97c2-063bb20844bc___RS_Early.B 6938.JPG,early_blight,plantvillage
D:\Potato\PlantVillage\Potato___Early_blight\d1184bb1-defe-44b3-aa71-d03fe11bf535___RS_Early.B 8787.JPG,early_blight,plantvillage
D:\Potato\IrishPotato37G_full\healthy\healthy2090.jpg,healthy,irish
D:\Potato\IrishPotato37G_full\earlyblt\earlyblt3789.jpg,early_blight,irish
D:\Potato\IrishPotato37G_full\healthy\healthy166.jpg,healthy,irish
D:\Potato\PlantVillage\Potato___Early_blight\f5ec7cce-c3cc-4b4a-b716-d70175b1dcd2___RS_Early.B 7520.JPG,early_blight,plantvillage
D:\Potato\IrishPotato37G_full\earlyblt\earlyblt6270.jpg,early_blight,irish
D:\Potato\IrishPotato37G_full\earlyblt\earlyblt2368.jpg,early_blight,irish
D:\Potato\PlantVillage\Potato___Early_blight\8f78af6a-aec1-4e63-a27b-bada4a56d636___RS_Early.B 7643.JPG,early_blight,plantvillage
D:\Potato\IrishPotato37G_full\lateblt\lateblt504.jpg,late_blight,irish
D:\Potato\non_leaf\coco_person\000000221754.jpg,non_leaf,coco_person
D:\Potato\IrishPotato37G_full\earlyblt\earlyblt652.jpg,early_blight,irish
D:\Potato\PlantVillage\Potato___Late_blight\82967117-2bcc-4949-b060-738e7b66b755___RS_LB 4744.JPG,late_blight,plantvillage
D:\Potato\IrishPotato37G_full\earlyblt\earlyblt2449.jpg,early_blight,irish
D:\Potato\PlantVillage\Potato___Early_blight\3ec5894d-dcc2-4276-ba28-0048b6d5605a___RS_Early.B 8027.JPG,early_blight,plantvillage
D:\Potato\IrishPotato37G_full\healthy\healthy4024.jpg,healthy,irish
D:\Potato\IrishPotato37G_full\earlyblt\earlyblt6695.jpg,early_blight,irish
D:\Potato\IrishPotato37G_full\healthy\healthy1247.jpg,healthy,irish
D:\Potato\IrishPotato37G_full\healthy\healthy965.jpg,healthy,irish
D:\Potato\IrishPotato37G_full\healthy\healthy3074.jpg,healthy,irish
D:\Potato\IrishPotato37G_full\earlyblt\earlyblt3860.jpg,early_blight,irish
D:\Potato\IrishPotato37G_full\lateblt\lateblt2199.jpg,late_blight,irish
D:\Potato\non_leaf\coco_person\000000483999.jpg,non_leaf,coco_person
D:\Potato\IrishPotato37G_full\earlyblt\earlyblt1182.jpg,early_blight,irish
D:\Potato\PlantVillage\Potato___Late_blight\5ba52ca6-9cd2-4fad-914a-af2f8fea65c6___RS_LB 4740.JPG,late_blight,plantvillage
D:\Potato\IrishPotato37G_full\earlyblt\earlyblt6063.jpg,early_blight,irish
D:\Potato\IrishPotato37G_full\healthy\healthy43.jpg,healthy,irish
D:\Potato\IrishPotato37G_full\earlyblt\earlyblt6721.jpg,early_blight,irish
D:\Potato\IrishPotato37G_full\lateblt\lateblt609.jpg,late_blight,irish
D:\Potato\non_leaf\coco_person\000000248284.jpg,non_leaf,coco_person
D:\Potato\non_leaf\coco_person\000000173008.jpg,non_leaf,coco_person
D:\Potato\IrishPotato37G_full\earlyblt\earlyblt1834.jpg,early_blight,irish
D:\Potato\IrishPotato37G_full\earlyblt\earlyblt4925.jpg,early_blight,irish
D:\Potato\IrishPotato37G_full\earlyblt\earlyblt4754.jpg,early_blight,irish
D:\Potato\IrishPotato37G_full\healthy\healthy4241.jpg,healthy,irish
D:\Potato\PlantVillage\Potato___Early_blight\c5a12e34-99ea-443e-a67e-3f2651508773___RS_Early.B 7647.JPG,early_blight,plantvillage
D:\Potato\IrishPotato37G_full\earlyblt\earlyblt1951.jpg,early_blight,irish
D:\Potato\IrishPotato37G_full\healthy\healthy1371.jpg,healthy,irish
D:\Potato\IrishPotato37G_full\lateblt\lateblt2994.jpg,late_blight,irish
D:\Potato\non_leaf\coco_person\000000579635.jpg,non_leaf,coco_person
D:\Potato\PlantVillage\Potato___Early_blight\fc73fc01-6a63-4b3b-bfed-74625c5b4b05___RS_Early.B 6945.JPG,early_blight,plantvillage
D:\Potato\PlantVillage\Potato___Late_blight\9933b288-b5fe-4cbf-a9fa-58ef769b6f7c___RS_LB 2540.JPG,late_blight,plantvillage
D:\Potato\IrishPotato37G_full\lateblt\lateblt2020.jpg,late_blight,irish
D:\Potato\IrishPotato37G_full\lateblt\lateblt2612.jpg,late_blight,irish
D:\Potato\IrishPotato37G_full\earlyblt\earlyblt3042.jpg,early_blight,irish
D:\Potato\IrishPotato37G_full\lateblt\lateblt1538.jpg,late_blight,irish
D:\Potato\IrishPotato37G_full\lateblt\lateblt2638.jpg,late_blight,irish
D:\Potato\IrishPotato37G_full\earlyblt\earlyblt2686.jpg,early_blight,irish
D:\Potato\IrishPotato37G_full\earlyblt\earlyblt5889.jpg,early_blight,irish
D:\Potato\IrishPotato37G_full\earlyblt\earlyblt2731.jpg,early_blight,irish
D:\Potato\IrishPotato37G_full\healthy\healthy5427.jpg,healthy,irish
D:\Potato\non_leaf\coco_person\000000484351.jpg,non_leaf,coco_person
D:\Potato\IrishPotato37G_full\earlyblt\earlyblt6275.jpg,early_blight,irish
D:\Potato\IrishPotato37G_full\healthy\healthy138.jpg,healthy,irish
D:\Potato\IrishPotato37G_full\lateblt\lateblt816.jpg,late_blight,irish
D:\Potato\IrishPotato37G_full\lateblt\lateblt168.jpg,late_blight,irish
D:\Potato\IrishPotato37G_full\lateblt\lateblt2967.jpg,late_blight,irish
D:\Potato\IrishPotato37G_full\healthy\healthy3373.jpg,healthy,irish
D:\Potato\PlantVillage\Potato___Late_blight\fb61ea12-3f1a-4ea3-911b-d830eeb74717___RS_LB 2914.JPG,late_blight,plantvillage
D:\Potato\non_leaf\coco_person\000000000785.jpg,non_leaf,coco_person
D:\Potato\IrishPotato37G_full\healthy\healthy3357.jpg,healthy,irish
D:\Potato\PlantVillage\Potato___Late_blight\a6b27bfe-0e60-4984-98ca-af4b2316dfff___RS_LB 3881.JPG,late_blight,plantvillage
D:\Potato\IrishPotato37G_full\earlyblt\earlyblt210.jpg,early_blight,irish
D:\Potato\IrishPotato37G_full\lateblt\lateblt902.jpg,late_blight,irish
D:\Potato\IrishPotato37G_full\earlyblt\earlyblt3936.jpg,early_blight,irish
D:\Potato\IrishPotato37G_full\earlyblt\earlyblt2688.jpg,early_blight,irish
D:\Potato\IrishPotato37G_full\healthy\healthy790.jpg,healthy,irish
D:\Potato\IrishPotato37G_full\lateblt\lateblt59.jpg,late_blight,irish
D:\Potato\IrishPotato37G_full\earlyblt\earlyblt3089.jpg,early_blight,irish
D:\Potato\IrishPotato37G_full\lateblt\lateblt754.jpg,late_blight,irish
D:\Potato\IrishPotato37G_full\healthy\healthy853.jpg,healthy,irish
D:\Potato\IrishPotato37G_full\healthy\healthy374.jpg,healthy,irish
D:\Potato\IrishPotato37G_full\earlyblt\earlyblt3727.jpg,early_blight,irish
D:\Potato\IrishPotato37G_full\healthy\healthy1693.jpg,healthy,irish
D:\Potato\IrishPotato37G_full\lateblt\lateblt1903.jpg,late_blight,irish
D:\Potato\IrishPotato37G_full\earlyblt\earlyblt1835.jpg,early_blight,irish
D:\Potato\IrishPotato37G_full\earlyblt\earlyblt2492.jpg,early_blight,irish
D:\Potato\IrishPotato37G_full\lateblt\lateblt287.jpg,late_blight,irish
D:\Potato\IrishPotato37G_full\lateblt\lateblt1313.jpg,late_blight,irish
D:\Potato\IrishPotato37G_full\healthy\healthy388.jpg,healthy,irish
D:\Potato\non_leaf\coco_person\000000033854.jpg,non_leaf,coco_person
D:\Potato\IrishPotato37G_full\healthy\healthy1372.jpg,healthy,irish
D:\Potato\PlantVillage\Potato___Early_blight\2ce7e8d7-4cc9-4ab3-9d22-8f7ad21d8eda___RS_Early.B 8609.JPG,early_blight,plantvillage
D:\Potato\non_leaf\coco_person\000000161032.jpg,non_leaf,coco_person
D:\Potato\IrishPotato37G_full\healthy\healthy3486.jpg,healthy,irish
D:\Potato\IrishPotato37G_full\lateblt\lateblt862.jpg,late_blight,irish
D:\Potato\non_leaf\coco_person\000000133567.jpg,non_leaf,coco_person
D:\Potato\IrishPotato37G_full\healthy\healthy4480.jpg,healthy,irish
D:\Potato\PlantVillage\Potato___Late_blight\f2676f08-798e-4291-8aa2-0655ca54cb07___RS_LB 4292.JPG,late_blight,plantvillage
D:\Potato\IrishPotato37G_full\earlyblt\earlyblt3555.jpg,early_blight,irish
D:\Potato\non_leaf\coco_person\000000383337.jpg,non_leaf,coco_person
D:\Potato\IrishPotato37G_full\lateblt\lateblt267.jpg,late_blight,irish
D:\Potato\PlantVillage\Potato___Early_blight\4f71ba26-6612-427b-8dc0-4d8cc909f1fa___RS_Early.B 7122.JPG,early_blight,plantvillage
D:\Potato\PlantVillage\Potato___Late_blight\9631fd8f-244c-4047-98e4-aecc907624c1___RS_LB 4573.JPG,late_blight,plantvillage
D:\Potato\IrishPotato37G_full\healthy\healthy2051.jpg,healthy,irish
D:\Potato\IrishPotato37G_full\healthy\healthy703.jpg,healthy,irish
D:\Potato\IrishPotato37G_full\lateblt\lateblt657.jpg,late_blight,irish
D:\Potato\IrishPotato37G_full\lateblt\lateblt1520.jpg,late_blight,irish
D:\Potato\IrishPotato37G_full\healthy\healthy4108.jpg,healthy,irish
D:\Potato\IrishPotato37G_full\lateblt\lateblt1102.jpg,late_blight,irish
D:\Potato\IrishPotato37G_full\healthy\healthy4936.jpg,healthy,irish
D:\Potato\IrishPotato37G_full\lateblt\lateblt113.jpg,late_blight,irish
D:\Potato\IrishPotato37G_full\healthy\healthy2856.jpg,healthy,irish
D:\Potato\IrishPotato37G_full\lateblt\lateblt2185.jpg,late_blight,irish
D:\Potato\PlantVillage\Potato___Late_blight\85d29f87-cb27-4ffa-9ad8-9c47f9a53b33___RS_LB 4437.JPG,late_blight,plantvillage
D:\Potato\PlantVillage\Potato___Late_blight\8692ff0d-260b-4fb9-9598-efa91456c2bd___RS_LB 5438.JPG,late_blight,plantvillage
D:\Potato\IrishPotato37G_full\earlyblt\earlyblt2919.jpg,early_blight,irish
D:\Potato\IrishPotato37G_full\lateblt\lateblt2661.jpg,late_blight,irish
D:\Potato\non_leaf\coco_person\000000560178.jpg,non_leaf,coco_person
D:\Potato\IrishPotato37G_full\earlyblt\earlyblt6463.jpg,early_blight,irish
D:\Potato\IrishPotato37G_full\healthy\healthy4946.jpg,healthy,irish
D:\Potato\IrishPotato37G_full\lateblt\lateblt580.jpg,late_blight,irish
D:\Potato\IrishPotato37G_full\earlyblt\earlyblt1134.jpg,early_blight,irish
D:\Potato\IrishPotato37G_full\earlyblt\earlyblt2852.jpg,early_blight,irish
D:\Potato\PlantVillage\Potato___Late_blight\f7438ce7-c12a-40df-83a1-1ab0cde13bb0___RS_LB 3847.JPG,late_blight,plantvillage
D:\Potato\IrishPotato37G_full\earlyblt\earlyblt2327.jpg,early_blight,irish
D:\Potato\PlantVillage\Potato___Early_blight\aa7e5986-6fa1-4b25-9861-cbae56886280___RS_Early.B 8545.JPG,early_blight,plantvillage
D:\Potato\PlantVillage\Potato___Early_blight\6cd05602-f131-47a3-a7ef-f328a13e4f1e___RS_Early.B 7079.JPG,early_blight,plantvillage
D:\Potato\IrishPotato37G_full\healthy\healthy128.jpg,healthy,irish
D:\Potato\IrishPotato37G_full\lateblt\lateblt2882.jpg,late_blight,irish
D:\Potato\IrishPotato37G_full\healthy\healthy4085.jpg,healthy,irish
D:\Potato\IrishPotato37G_full\healthy\healthy1161.jpg,healthy,irish
D:\Potato\PlantVillage\Potato___Late_blight\a2b27b82-4459-4dcb-a065-92a75f3c9c4b___RS_LB 5018.JPG,late_blight,plantvillage
D:\Potato\IrishPotato37G_full\lateblt\lateblt1909.jpg,late_blight,irish
D:\Potato\PlantVillage\Potato___Early_blight\6cec2d2b-7b6a-4044-9899-92d4f9332cd6___RS_Early.B 9131.JPG,early_blight,plantvillage
D:\Potato\IrishPotato37G_full\healthy\healthy4137.jpg,healthy,irish
D:\Potato\IrishPotato37G_full\earlyblt\earlyblt2231.jpg,early_blight,irish
D:\Potato\PlantVillage\Potato___Early_blight\1e671694-5713-4568-b8ad-06f15688d25e___RS_Early.B 7659.JPG,early_blight,plantvillage
D:\Potato\PlantVillage\Potato___Early_blight\3a8429cf-f8a7-4f64-a435-ec4f1ad692c7___RS_Early.B 8990.JPG,early_blight,plantvillage
D:\Potato\IrishPotato37G_full\earlyblt\earlyblt6342.jpg,early_blight,irish
D:\Potato\IrishPotato37G_full\earlyblt\earlyblt1089.jpg,early_blight,irish
D:\Potato\PlantVillage\Potato___Early_blight\91008080-0b15-41f0-ab72-5b6a3582239d___RS_Early.B 6954.JPG,early_blight,plantvillage
D:\Potato\IrishPotato37G_full\healthy\healthy3536.jpg,healthy,irish
D:\Potato\non_leaf\coco_person\000000345252.jpg,non_leaf,coco_person
D:\Potato\IrishPotato37G_full\earlyblt\earlyblt6235.jpg,early_blight,irish
D:\Potato\PlantVillage\Potato___Late_blight\b0e6c386-35dc-4982-acc6-f393c7f58c67___RS_LB 5036.JPG,late_blight,plantvillage
D:\Potato\IrishPotato37G_full\earlyblt\earlyblt6450.jpg,early_blight,irish
D:\Potato\IrishPotato37G_full\earlyblt\earlyblt6710.jpg,early_blight,irish
D:\Potato\IrishPotato37G_full\lateblt\lateblt702.jpg,late_blight,irish
D:\Potato\IrishPotato37G_full\healthy\healthy2881.jpg,healthy,irish
D:\Potato\IrishPotato37G_full\earlyblt\earlyblt131.jpg,early_blight,irish
D:\Potato\IrishPotato37G_full\healthy\healthy953.jpg,healthy,irish
D:\Potato\PlantVillage\Potato___Late_blight\01ad74ce-eb28-42c7-9204-778d17cfd45c___RS_LB 2669.JPG,late_blight,plantvillage
D:\Potato\non_leaf\coco_person\000000576955.jpg,non_leaf,coco_person
D:\Potato\PlantVillage\Potato___Late_blight\9996efa6-219d-4f07-aa12-dc8ca40609b9___RS_LB 2840.JPG,late_blight,plantvillage
D:\Potato\IrishPotato37G_full\earlyblt\earlyblt1172.jpg,early_blight,irish
D:\Potato\PlantVillage\Potato___Late_blight\ad628434-32ce-4365-90b0-f394d98fbe00___RS_LB 4905.JPG,late_blight,plantvillage
D:\Potato\PlantVillage\Potato___Early_blight\8c01f338-2648-4bcf-99cb-853978b39014___RS_Early.B 6742.JPG,early_blight,plantvillage
D:\Potato\IrishPotato37G_full\earlyblt\earlyblt6679.jpg,early_blight,irish
D:\Potato\IrishPotato37G_full\healthy\healthy3633.jpg,healthy,irish
D:\Potato\IrishPotato37G_full\healthy\healthy4951.jpg,healthy,irish
D:\Potato\IrishPotato37G_full\earlyblt\earlyblt1719.jpg,early_blight,irish
D:\Potato\IrishPotato37G_full\lateblt\lateblt2919.jpg,late_blight,irish
D:\Potato\IrishPotato37G_full\lateblt\lateblt892.jpg,late_blight,irish
D:\Potato\PlantVillage\Potato___Early_blight\b301c9cd-7624-4261-ab4f-962936ebb92a___RS_Early.B 7632.JPG,early_blight,plantvillage
D:\Potato\IrishPotato37G_full\lateblt\lateblt1628.jpg,late_blight,irish
D:\Potato\non_leaf\coco_person\000000188465.jpg,non_leaf,coco_person
D:\Potato\PlantVillage\Potato___Early_blight\8ff3274d-02b2-4859-9415-982aa4ec7d8c___RS_Early.B 7465.JPG,early_blight,plantvillage
D:\Potato\non_leaf\coco_person\000000004134.jpg,non_leaf,coco_person
D:\Potato\non_leaf\coco_person\000000263425.jpg,non_leaf,coco_person
D:\Potato\IrishPotato37G_full\earlyblt\earlyblt2813.jpg,early_blight,irish
D:\Potato\IrishPotato37G_full\lateblt\lateblt2217.jpg,late_blight,irish
D:\Potato\PlantVillage\Potato___Early_blight\d0be9a48-d0f6-4d34-9c80-3eb7631e2d8d___RS_Early.B 8143.JPG,early_blight,plantvillage
D:\Potato\IrishPotato37G_full\lateblt\lateblt193.jpg,late_blight,irish
D:\Potato\non_leaf\coco_person\000000468954.jpg,non_leaf,coco_person
D:\Potato\non_leaf\coco_person\000000250901.jpg,non_leaf,coco_person
D:\Potato\PlantVillage\Potato___Early_blight\192c9d29-4a86-457b-a779-1dd36f225a5b___RS_Early.B 8012.JPG,early_blight,plantvillage
D:\Potato\IrishPotato37G_full\lateblt\lateblt1519.jpg,late_blight,irish
D:\Potato\IrishPotato37G_full\earlyblt\earlyblt709.jpg,early_blight,irish
D:\Potato\IrishPotato37G_full\earlyblt\earlyblt1715.jpg,early_blight,irish
D:\Potato\IrishPotato37G_full\lateblt\lateblt867.jpg,late_blight,irish
D:\Potato\IrishPotato37G_full\lateblt\lateblt197.jpg,late_blight,irish
D:\Potato\IrishPotato37G_full\earlyblt\earlyblt6758.jpg,early_blight,irish
D:\Potato\non_leaf\coco_person\000000151962.jpg,non_leaf,coco_person
D:\Potato\IrishPotato37G_full\earlyblt\earlyblt1892.jpg,early_blight,irish
D:\Potato\IrishPotato37G_full\earlyblt\earlyblt466.jpg,early_blight,irish
D:\Potato\IrishPotato37G_full\healthy\healthy5431.jpg,healthy,irish
D:\Potato\non_leaf\coco_person\000000188296.jpg,non_leaf,coco_person
D:\Potato\IrishPotato37G_full\healthy\healthy1601.jpg,healthy,irish
D:\Potato\PlantVillage\Potato___Late_blight\c073bdde-9753-4035-8758-31fdc7cae993___RS_LB 2916.JPG,late_blight,plantvillage
D:\Potato\IrishPotato37G_full\earlyblt\earlyblt6717.jpg,early_blight,irish
D:\Potato\PlantVillage\Potato___Late_blight\72b12e17-d76f-4254-a4af-3ed3c3859500___RS_LB 3334.JPG,late_blight,plantvillage
D:\Potato\IrishPotato37G_full\earlyblt\earlyblt944.jpg,early_blight,irish
D:\Potato\IrishPotato37G_full\earlyblt\earlyblt6240.jpg,early_blight,irish
D:\Potato\non_leaf\coco_person\000000460333.jpg,non_leaf,coco_person
D:\Potato\non_leaf\coco_person\000000439525.jpg,non_leaf,coco_person
D:\Potato\PlantVillage\Potato___Late_blight\37075adc-dd51-4a5b-8a6c-0649cb98516b___RS_LB 2678.JPG,late_blight,plantvillage
D:\Potato\IrishPotato37G_full\lateblt\lateblt1105.jpg,late_blight,irish
D:\Potato\IrishPotato37G_full\healthy\healthy2715.jpg,healthy,irish
D:\Potato\IrishPotato37G_full\healthy\healthy5164.jpg,healthy,irish
D:\Potato\IrishPotato37G_full\healthy\healthy4001.jpg,healthy,irish
D:\Potato\PlantVillage\Potato___Early_blight\54a0c5b4-7df1-46c8-95f7-85ffb6a47939___RS_Early.B 8174.JPG,early_blight,plantvillage
D:\Potato\IrishPotato37G_full\lateblt\lateblt636.jpg,late_blight,irish
D:\Potato\IrishPotato37G_full\healthy\healthy896.jpg,healthy,irish
D:\Potato\IrishPotato37G_full\earlyblt\earlyblt3284.jpg,early_blight,irish
D:\Potato\PlantVillage\Potato___Early_blight\6fcaba16-dfce-431a-b268-e0826a101553___RS_Early.B 6695.JPG,early_blight,plantvillage
D:\Potato\IrishPotato37G_full\earlyblt\earlyblt1443.jpg,early_blight,irish
D:\Potato\IrishPotato37G_full\healthy\healthy694.jpg,healthy,irish
D:\Potato\non_leaf\coco_person\000000119365.jpg,non_leaf,coco_person
D:\Potato\PlantVillage\Potato___Early_blight\70da76f2-b067-40f0-82d2-16b2dec3e189___RS_Early.B 8358.JPG,early_blight,plantvillage
D:\Potato\non_leaf\coco_person\000000158660.jpg,non_leaf,coco_person
D:\Potato\IrishPotato37G_full\lateblt\lateblt903.jpg,late_blight,irish
D:\Potato\IrishPotato37G_full\healthy\healthy5264.jpg,healthy,irish
D:\Potato\non_leaf\coco_person\000000182611.jpg,non_leaf,coco_person
D:\Potato\IrishPotato37G_full\lateblt\lateblt514.jpg,late_blight,irish
D:\Potato\non_leaf\coco_person\000000320696.jpg,non_leaf,coco_person
D:\Potato\PlantVillage\Potato___healthy\c85bacb0-e5e8-4127-a0b0-a7342f2cab5f___RS_HL 5406.JPG,healthy,plantvillage
D:\Potato\non_leaf\coco_person\000000163118.jpg,non_leaf,coco_person
D:\Potato\IrishPotato37G_full\lateblt\lateblt2766.jpg,late_blight,irish
D:\Potato\PlantVillage\Potato___Late_blight\b0db9fbb-ff7f-4b5c-901c-19c7797c1d4a___RS_LB 2969.JPG,late_blight,plantvillage
D:\Potato\IrishPotato37G_full\earlyblt\earlyblt894.jpg,early_blight,irish
D:\Potato\non_leaf\coco_person\000000292155.jpg,non_leaf,coco_person
D:\Potato\IrishPotato37G_full\earlyblt\earlyblt2736.jpg,early_blight,irish
D:\Potato\PlantVillage\Potato___Early_blight\29922d76-0eda-4e7c-89af-7688c656bfdd___RS_Early.B 8353.JPG,early_blight,plantvillage
D:\Potato\IrishPotato37G_full\earlyblt\earlyblt1817.jpg,early_blight,irish
D:\Potato\IrishPotato37G_full\healthy\healthy971.jpg,healthy,irish
D:\Potato\IrishPotato37G_full\healthy\healthy4089.jpg,healthy,irish
D:\Potato\IrishPotato37G_full\earlyblt\earlyblt1039.jpg,early_blight,irish
D:\Potato\IrishPotato37G_full\lateblt\lateblt2427.jpg,late_blight,irish
D:\Potato\PlantVillage\Potato___healthy\6f4b9acd-f34d-4771-a6bc-2001de2dd1d3___RS_HL 1898.JPG,healthy,plantvillage
D:\Potato\IrishPotato37G_full\lateblt\lateblt2250.jpg,late_blight,irish
D:\Potato\non_leaf\coco_person\000000229659.jpg,non_leaf,coco_person
D:\Potato\IrishPotato37G_full\earlyblt\earlyblt1541.jpg,early_blight,irish
D:\Potato\PlantVillage\Potato___Early_blight\757b3cbf-a694-4e76-939c-5a93d3c932ab___RS_Early.B 8169.JPG,early_blight,plantvillage
D:\Potato\PlantVillage\Potato___Early_blight\4857420e-b28e-4bb5-aa03-5e333cf27af0___RS_Early.B 6847.JPG,early_blight,plantvillage
D:\Potato\IrishPotato37G_full\lateblt\lateblt2133.jpg,late_blight,irish
D:\Potato\PlantVillage\Potato___healthy\415ac4a2-8f16-4052-880e-1e1f208965f0___RS_HL 1884.JPG,healthy,plantvillage
D:\Potato\PlantVillage\Potato___Late_blight\77e2a857-e169-42f4-9886-708024781837___RS_LB 4705.JPG,late_blight,plantvillage
D:\Potato\IrishPotato37G_full\healthy\healthy3589.jpg,healthy,irish
D:\Potato\IrishPotato37G_full\lateblt\lateblt590.jpg,late_blight,irish
D:\Potato\non_leaf\coco_person\000000511599.jpg,non_leaf,coco_person
D:\Potato\IrishPotato37G_full\healthy\healthy327.jpg,healthy,irish
D:\Potato\IrishPotato37G_full\healthy\healthy5216.jpg,healthy,irish
D:\Potato\IrishPotato37G_full\earlyblt\earlyblt6948.jpg,early_blight,irish
D:\Potato\PlantVillage\Potato___Early_blight\c53efbea-fddd-481d-aec5-14fd3c3e1723___RS_Early.B 7796.JPG,early_blight,plantvillage
D:\Potato\IrishPotato37G_full\lateblt\lateblt1617.jpg,late_blight,irish
D:\Potato\non_leaf\coco_person\000000456662.jpg,non_leaf,coco_person
D:\Potato\IrishPotato37G_full\lateblt\lateblt1480.jpg,late_blight,irish
D:\Potato\IrishPotato37G_full\earlyblt\earlyblt3955.jpg,early_blight,irish
D:\Potato\IrishPotato37G_full\healthy\healthy2816.jpg,healthy,irish
D:\Potato\IrishPotato37G_full\earlyblt\earlyblt810.jpg,early_blight,irish
D:\Potato\IrishPotato37G_full\lateblt\lateblt777.jpg,late_blight,irish
D:\Potato\IrishPotato37G_full\healthy\healthy2809.jpg,healthy,irish
D:\Potato\IrishPotato37G_full\healthy\healthy2032.jpg,healthy,irish
D:\Potato\IrishPotato37G_full\lateblt\lateblt2500.jpg,late_blight,irish
D:\Potato\PlantVillage\Potato___Early_blight\349730da-a627-4da6-90d5-707c4a3dba88___RS_Early.B 7553.JPG,early_blight,plantvillage
D:\Potato\IrishPotato37G_full\healthy\healthy1611.jpg,healthy,irish
D:\Potato\IrishPotato37G_full\earlyblt\earlyblt911.jpg,early_blight,irish
D:\Potato\IrishPotato37G_full\earlyblt\earlyblt3047.jpg,early_blight,irish
D:\Potato\IrishPotato37G_full\earlyblt\earlyblt3911.jpg,early_blight,irish
D:\Potato\IrishPotato37G_full\healthy\healthy3709.jpg,healthy,irish
D:\Potato\IrishPotato37G_full\earlyblt\earlyblt1149.jpg,early_blight,irish
D:\Potato\IrishPotato37G_full\healthy\healthy4264.jpg,healthy,irish
D:\Potato\IrishPotato37G_full\healthy\healthy3788.jpg,healthy,irish
D:\Potato\IrishPotato37G_full\healthy\healthy2513.jpg,healthy,irish
D:\Potato\IrishPotato37G_full\healthy\healthy5462.jpg,healthy,irish
D:\Potato\IrishPotato37G_full\earlyblt\earlyblt6798.jpg,early_blight,irish
D:\Potato\IrishPotato37G_full\healthy\healthy1186.jpg,healthy,irish
D:\Potato\PlantVillage\Potato___Early_blight\31d5d932-9eb3-45d1-bc85-40ef64d7a688___RS_Early.B 7255.JPG,early_blight,plantvillage
D:\Potato\non_leaf\coco_person\000000509403.jpg,non_leaf,coco_person
D:\Potato\IrishPotato37G_full\healthy\healthy2811.jpg,healthy,irish
D:\Potato\non_leaf\coco_person\000000391722.jpg,non_leaf,coco_person
D:\Potato\IrishPotato37G_full\earlyblt\earlyblt712.jpg,early_blight,irish
D:\Potato\IrishPotato37G_full\lateblt\lateblt29.jpg,late_blight,irish
D:\Potato\IrishPotato37G_full\lateblt\lateblt2685.jpg,late_blight,irish
D:\Potato\IrishPotato37G_full\earlyblt\earlyblt307.jpg,early_blight,irish
D:\Potato\non_leaf\coco_person\000000343803.jpg,non_leaf,coco_person
D:\Potato\PlantVillage\Potato___Late_blight\74fdf0aa-c85e-406e-9f2e-6403bd6b994a___RS_LB 4245.JPG,late_blight,plantvillage
D:\Potato\IrishPotato37G_full\healthy\healthy2279.jpg,healthy,irish
D:\Potato\non_leaf\coco_person\000000494869.jpg,non_leaf,coco_person
D:\Potato\IrishPotato37G_full\lateblt\lateblt2589.jpg,late_blight,irish
D:\Potato\IrishPotato37G_full\lateblt\lateblt684.jpg,late_blight,irish
D:\Potato\IrishPotato37G_full\earlyblt\earlyblt426.jpg,early_blight,irish
D:\Potato\IrishPotato37G_full\healthy\healthy2700.jpg,healthy,irish
D:\Potato\IrishPotato37G_full\healthy\healthy4173.jpg,healthy,irish
D:\Potato\IrishPotato37G_full\earlyblt\earlyblt203.jpg,early_blight,irish
D:\Potato\non_leaf\coco_person\000000463730.jpg,non_leaf,coco_person
D:\Potato\IrishPotato37G_full\earlyblt\earlyblt6625.jpg,early_blight,irish
D:\Potato\IrishPotato37G_full\lateblt\lateblt1124.jpg,late_blight,irish
D:\Potato\IrishPotato37G_full\healthy\healthy4786.jpg,healthy,irish
D:\Potato\IrishPotato37G_full\earlyblt\earlyblt2818.jpg,early_blight,irish
D:\Potato\IrishPotato37G_full\lateblt\lateblt1126.jpg,late_blight,irish
D:\Potato\IrishPotato37G_full\earlyblt\earlyblt2633.jpg,early_blight,irish
D:\Potato\IrishPotato37G_full\earlyblt\earlyblt3141.jpg,early_blight,irish
D:\Potato\PlantVillage\Potato___Early_blight\69ee53e1-a9b6-4e97-bc5f-f91617bc87ab___RS_Early.B 7987.JPG,early_blight,plantvillage
D:\Potato\IrishPotato37G_full\healthy\healthy2408.jpg,healthy,irish
D:\Potato\IrishPotato37G_full\healthy\healthy5609.jpg,healthy,irish
D:\Potato\IrishPotato37G_full\lateblt\lateblt2436.jpg,late_blight,irish
D:\Potato\IrishPotato37G_full\earlyblt\earlyblt6490.jpg,early_blight,irish
D:\Potato\IrishPotato37G_full\healthy\healthy5483.jpg,healthy,irish
D:\Potato\non_leaf\coco_person\000000474854.jpg,non_leaf,coco_person
D:\Potato\PlantVillage\Potato___Late_blight\72485a02-60b9-424a-ba1f-de8078b07176___RS_LB 3148.JPG,late_blight,plantvillage
D:\Potato\IrishPotato37G_full\healthy\healthy182.jpg,healthy,irish
D:\Potato\non_leaf\coco_person\000000055150.jpg,non_leaf,coco_person
D:\Potato\IrishPotato37G_full\healthy\healthy4920.jpg,healthy,irish
D:\Potato\non_leaf\coco_person\000000343149.jpg,non_leaf,coco_person
D:\Potato\IrishPotato37G_full\lateblt\lateblt534.jpg,late_blight,irish
D:\Potato\IrishPotato37G_full\earlyblt\earlyblt3234.jpg,early_blight,irish
D:\Potato\IrishPotato37G_full\lateblt\lateblt2201.jpg,late_blight,irish
D:\Potato\non_leaf\coco_person\000000253695.jpg,non_leaf,coco_person
D:\Potato\non_leaf\coco_person\000000524456.jpg,non_leaf,coco_person
D:\Potato\IrishPotato37G_full\earlyblt\earlyblt6633.jpg,early_blight,irish
D:\Potato\non_leaf\coco_person\000000186449.jpg,non_leaf,coco_person
D:\Potato\IrishPotato37G_full\healthy\healthy3580.jpg,healthy,irish
D:\Potato\IrishPotato37G_full\healthy\healthy4497.jpg,healthy,irish
D:\Potato\IrishPotato37G_full\lateblt\lateblt2874.jpg,late_blight,irish
D:\Potato\non_leaf\coco_person\000000537827.jpg,non_leaf,coco_person
D:\Potato\IrishPotato37G_full\healthy\healthy4944.jpg,healthy,irish
D:\Potato\IrishPotato37G_full\earlyblt\earlyblt6408.jpg,early_blight,irish
D:\Potato\IrishPotato37G_full\lateblt\lateblt2743.jpg,late_blight,irish
D:\Potato\IrishPotato37G_full\lateblt\lateblt2864.jpg,late_blight,irish
D:\Potato\PlantVillage\Potato___Early_blight\7227b3db-c212-4370-8b42-443eea1577aa___RS_Early.B 7306.JPG,early_blight,plantvillage
D:\Potato\IrishPotato37G_full\healthy\healthy4423.jpg,healthy,irish
D:\Potato\IrishPotato37G_full\earlyblt\earlyblt3861.jpg,early_blight,irish
D:\Potato\non_leaf\coco_person\000000022479.jpg,non_leaf,coco_person
D:\Potato\IrishPotato37G_full\lateblt\lateblt782.jpg,late_blight,irish
D:\Potato\IrishPotato37G_full\earlyblt\earlyblt1053.jpg,early_blight,irish
D:\Potato\IrishPotato37G_full\earlyblt\earlyblt620.jpg,early_blight,irish
D:\Potato\IrishPotato37G_full\lateblt\lateblt265.jpg,late_blight,irish
D:\Potato\IrishPotato37G_full\healthy\healthy924.jpg,healthy,irish
D:\Potato\IrishPotato37G_full\lateblt\lateblt2172.jpg,late_blight,irish
D:\Potato\IrishPotato37G_full\lateblt\lateblt1973.jpg,late_blight,irish
D:\Potato\PlantVillage\Potato___Early_blight\583fa343-d5be-414b-bd95-f674313bd882___RS_Early.B 7681.JPG,early_blight,plantvillage
D:\Potato\IrishPotato37G_full\healthy\healthy3051.jpg,healthy,irish
D:\Potato\IrishPotato37G_full\earlyblt\earlyblt6706.jpg,early_blight,irish
D:\Potato\IrishPotato37G_full\earlyblt\earlyblt1972.jpg,early_blight,irish
D:\Potato\IrishPotato37G_full\earlyblt\earlyblt2742.jpg,early_blight,irish
D:\Potato\IrishPotato37G_full\earlyblt\earlyblt3425.jpg,early_blight,irish
D:\Potato\IrishPotato37G_full\lateblt\lateblt640.jpg,late_blight,irish
D:\Potato\IrishPotato37G_full\lateblt\lateblt12.jpg,late_blight,irish
D:\Potato\IrishPotato37G_full\lateblt\lateblt966.jpg,late_blight,irish
D:\Potato\IrishPotato37G_full\lateblt\lateblt2086.jpg,late_blight,irish
D:\Potato\non_leaf\coco_person\000000426203.jpg,non_leaf,coco_person
D:\Potato\IrishPotato37G_full\earlyblt\earlyblt3278.jpg,early_blight,irish
D:\Potato\IrishPotato37G_full\earlyblt\earlyblt3568.jpg,early_blight,irish
D:\Potato\IrishPotato37G_full\earlyblt\earlyblt190.jpg,early_blight,irish
D:\Potato\IrishPotato37G_full\lateblt\lateblt150.jpg,late_blight,irish
D:\Potato\PlantVillage\Potato___Early_blight\2bc972a0-789f-4e60-9882-2f16fc363dfc___RS_Early.B 7234.JPG,early_blight,plantvillage
D:\Potato\IrishPotato37G_full\healthy\healthy3948.jpg,healthy,irish
D:\Potato\IrishPotato37G_full\lateblt\lateblt1928.jpg,late_blight,irish
D:\Potato\IrishPotato37G_full\earlyblt\earlyblt6328.jpg,early_blight,irish
D:\Potato\IrishPotato37G_full\lateblt\lateblt415.jpg,late_blight,irish
D:\Potato\PlantVillage\Potato___Late_blight\ec53a246-df50-44c1-a87c-c8296f25f20c___RS_LB 4717.JPG,late_blight,plantvillage
D:\Potato\non_leaf\coco_person\000000550714.jpg,non_leaf,coco_person
D:\Potato\IrishPotato37G_full\lateblt\lateblt1531.jpg,late_blight,irish
D:\Potato\IrishPotato37G_full\earlyblt\earlyblt860.jpg,early_blight,irish
D:\Potato\PlantVillage\Potato___Late_blight\b4e52186-de58-4c06-bbd2-2fb3dbeda13e___RS_LB 2655.JPG,late_blight,plantvillage
D:\Potato\IrishPotato37G_full\lateblt\lateblt5036.jpg,late_blight,irish
D:\Potato\IrishPotato37G_full\lateblt\lateblt2800.jpg,late_blight,irish
D:\Potato\IrishPotato37G_full\lateblt\lateblt2691.jpg,late_blight,irish
D:\Potato\PlantVillage\Potato___Early_blight\1ff86a73-9f36-45c5-8012-c5d90445b7ac___RS_Early.B 8563.JPG,early_blight,plantvillage
D:\Potato\IrishPotato37G_full\earlyblt\earlyblt779.jpg,early_blight,irish
D:\Potato\IrishPotato37G_full\healthy\healthy2281.jpg,healthy,irish
D:\Potato\IrishPotato37G_full\healthy\healthy4260.jpg,healthy,irish
D:\Potato\IrishPotato37G_full\earlyblt\earlyblt1050.jpg,early_blight,irish
D:\Potato\IrishPotato37G_full\lateblt\lateblt793.jpg,late_blight,irish
D:\Potato\IrishPotato37G_full\lateblt\lateblt456.jpg,late_blight,irish
D:\Potato\IrishPotato37G_full\earlyblt\earlyblt1720.jpg,early_blight,irish
D:\Potato\IrishPotato37G_full\lateblt\lateblt63.jpg,late_blight,irish
D:\Potato\IrishPotato37G_full\lateblt\lateblt1595.jpg,late_blight,irish
D:\Potato\IrishPotato37G_full\lateblt\lateblt45.jpg,late_blight,irish
D:\Potato\non_leaf\coco_person\000000292024.jpg,non_leaf,coco_person
D:\Potato\non_leaf\coco_person\000000052007.jpg,non_leaf,coco_person
D:\Potato\IrishPotato37G_full\lateblt\lateblt1156.jpg,late_blight,irish
D:\Potato\IrishPotato37G_full\earlyblt\earlyblt2169.jpg,early_blight,irish
D:\Potato\PlantVillage\Potato___healthy\b8b7b98a-eb1a-4213-9b0b-aeef4df427e8___RS_HL 1858.JPG,healthy,plantvillage
D:\Potato\PlantVillage\Potato___Late_blight\1650365d-437c-4d36-b110-113a88c1090a___RS_LB 5459.JPG,late_blight,plantvillage
D:\Potato\IrishPotato37G_full\earlyblt\earlyblt4670.jpg,early_blight,irish
D:\Potato\IrishPotato37G_full\lateblt\lateblt1671.jpg,late_blight,irish
D:\Potato\IrishPotato37G_full\healthy\healthy4824.jpg,healthy,irish
D:\Potato\PlantVillage\Potato___Late_blight\f5cf6151-96d1-49bb-af1b-fa6026d749e8___RS_LB 4048.JPG,late_blight,plantvillage
D:\Potato\IrishPotato37G_full\earlyblt\earlyblt3030.jpg,early_blight,irish
D:\Potato\IrishPotato37G_full\earlyblt\earlyblt2695.jpg,early_blight,irish
D:\Potato\non_leaf\coco_person\000000215723.jpg,non_leaf,coco_person
D:\Potato\non_leaf\coco_person\000000427034.jpg,non_leaf,coco_person
D:\Potato\IrishPotato37G_full\lateblt\lateblt655.jpg,late_blight,irish
D:\Potato\IrishPotato37G_full\earlyblt\earlyblt281.jpg,early_blight,irish
D:\Potato\IrishPotato37G_full\lateblt\lateblt487.jpg,late_blight,irish
D:\Potato\IrishPotato37G_full\healthy\healthy1389.jpg,healthy,irish
D:\Potato\IrishPotato37G_full\lateblt\lateblt2181.jpg,late_blight,irish
D:\Potato\non_leaf\coco_person\000000481390.jpg,non_leaf,coco_person
D:\Potato\non_leaf\coco_person\000000255917.jpg,non_leaf,coco_person
D:\Potato\IrishPotato37G_full\earlyblt\earlyblt3264.jpg,early_blight,irish
D:\Potato\PlantVillage\Potato___Early_blight\29386668-721c-4359-99a6-734f1a4b096b___RS_Early.B 8362.JPG,early_blight,plantvillage
D:\Potato\IrishPotato37G_full\earlyblt\earlyblt3093.jpg,early_blight,irish
D:\Potato\IrishPotato37G_full\lateblt\lateblt1380.jpg,late_blight,irish
D:\Potato\IrishPotato37G_full\healthy\healthy3389.jpg,healthy,irish
D:\Potato\IrishPotato37G_full\earlyblt\earlyblt2900.jpg,early_blight,irish
D:\Potato\PlantVillage\Potato___Early_blight\60096f66-1bf2-4d8d-8137-ac2358ab71d0___RS_Early.B 6978.JPG,early_blight,plantvillage
D:\Potato\IrishPotato37G_full\lateblt\lateblt2648.jpg,late_blight,irish
D:\Potato\IrishPotato37G_full\earlyblt\earlyblt1794.jpg,early_blight,irish
D:\Potato\IrishPotato37G_full\healthy\healthy1433.jpg,healthy,irish
D:\Potato\IrishPotato37G_full\earlyblt\earlyblt6731.jpg,early_blight,irish
D:\Potato\PlantVillage\Potato___Early_blight\ab23a940-3124-4101-b562-08ca34a8334b___RS_Early.B 7790.JPG,early_blight,plantvillage
D:\Potato\PlantVillage\Potato___Late_blight\8cd26c99-237b-4910-98ae-3e930c760f56___RS_LB 4061.JPG,late_blight,plantvillage
D:\Potato\IrishPotato37G_full\earlyblt\earlyblt2870.jpg,early_blight,irish
D:\Potato\IrishPotato37G_full\lateblt\lateblt2851.jpg,late_blight,irish
D:\Potato\IrishPotato37G_full\healthy\healthy2263.jpg,healthy,irish
D:\Potato\IrishPotato37G_full\lateblt\lateblt2895.jpg,late_blight,irish
D:\Potato\PlantVillage\Potato___Early_blight\b29e0fdf-c39f-4b3a-b12f-c693374f15cf___RS_Early.B 8820.JPG,early_blight,plantvillage
D:\Potato\IrishPotato37G_full\healthy\healthy2015.jpg,healthy,irish
D:\Potato\IrishPotato37G_full\earlyblt\earlyblt1818.jpg,early_blight,irish
D:\Potato\IrishPotato37G_full\earlyblt\earlyblt4759.jpg,early_blight,irish
D:\Potato\IrishPotato37G_full\earlyblt\earlyblt2065.jpg,early_blight,irish
D:\Potato\IrishPotato37G_full\earlyblt\earlyblt4913.jpg,early_blight,irish
D:\Potato\PlantVillage\Potato___Late_blight\530d9a52-266a-49ca-b0d0-a430acac0011___RS_LB 5054.JPG,late_blight,plantvillage
D:\Potato\IrishPotato37G_full\earlyblt\earlyblt1917.jpg,early_blight,irish
D:\Potato\IrishPotato37G_full\earlyblt\earlyblt1783.jpg,early_blight,irish
D:\Potato\IrishPotato37G_full\healthy\healthy26.jpg,healthy,irish
D:\Potato\non_leaf\coco_person\000000181499.jpg,non_leaf,coco_person
D:\Potato\PlantVillage\Potato___Early_blight\b6b4aa28-edc4-4e9f-bc0d-bd4b0ec085a2___RS_Early.B 7559.JPG,early_blight,plantvillage
D:\Potato\PlantVillage\Potato___Late_blight\4a911e79-f9c0-4ba1-aa80-567d653df61c___RS_LB 4038.JPG,late_blight,plantvillage
D:\Potato\IrishPotato37G_full\earlyblt\earlyblt2680.jpg,early_blight,irish
D:\Potato\IrishPotato37G_full\earlyblt\earlyblt6604.jpg,early_blight,irish
D:\Potato\non_leaf\coco_person\000000477288.jpg,non_leaf,coco_person
D:\Potato\IrishPotato37G_full\earlyblt\earlyblt1538.jpg,early_blight,irish
D:\Potato\IrishPotato37G_full\healthy\healthy2381.jpg,healthy,irish
D:\Potato\non_leaf\coco_person\000000072852.jpg,non_leaf,coco_person
D:\Potato\IrishPotato37G_full\lateblt\lateblt2127.jpg,late_blight,irish
D:\Potato\IrishPotato37G_full\earlyblt\earlyblt6247.jpg,early_blight,irish
D:\Potato\IrishPotato37G_full\earlyblt\earlyblt1194.jpg,early_blight,irish
D:\Potato\non_leaf\coco_person\000000177015.jpg,non_leaf,coco_person
D:\Potato\PlantVillage\Potato___Late_blight\1a5f4258-21df-4334-a933-2ef073c932ba___RS_LB 3089.JPG,late_blight,plantvillage
D:\Potato\IrishPotato37G_full\lateblt\lateblt2923.jpg,late_blight,irish
D:\Potato\IrishPotato37G_full\earlyblt\earlyblt6971.jpg,early_blight,irish
D:\Potato\IrishPotato37G_full\lateblt\lateblt147.jpg,late_blight,irish
D:\Potato\non_leaf\coco_person\000000187585.jpg,non_leaf,coco_person
D:\Potato\IrishPotato37G_full\healthy\healthy2451.jpg,healthy,irish
D:\Potato\IrishPotato37G_full\earlyblt\earlyblt2683.jpg,early_blight,irish
D:\Potato\IrishPotato37G_full\healthy\healthy2130.jpg,healthy,irish
D:\Potato\non_leaf\coco_person\000000489305.jpg,non_leaf,coco_person
D:\Potato\IrishPotato37G_full\lateblt\lateblt1138.jpg,late_blight,irish
D:\Potato\IrishPotato37G_full\healthy\healthy1384.jpg,healthy,irish
D:\Potato\IrishPotato37G_full\healthy\healthy2531.jpg,healthy,irish
D:\Potato\IrishPotato37G_full\healthy\healthy14.jpg,healthy,irish
D:\Potato\PlantVillage\Potato___Early_blight\acb84d77-5b1c-4beb-be27-99fee467bf1f___RS_Early.B 7577.JPG,early_blight,plantvillage
D:\Potato\non_leaf\coco_person\000000384468.jpg,non_leaf,coco_person
D:\Potato\PlantVillage\Potato___Late_blight\461f1af8-a71f-446d-b59c-b7f31dde1c74___RS_LB 2833.JPG,late_blight,plantvillage
D:\Potato\IrishPotato37G_full\earlyblt\earlyblt1413.jpg,early_blight,irish
D:\Potato\IrishPotato37G_full\lateblt\lateblt2226.jpg,late_blight,irish
D:\Potato\IrishPotato37G_full\earlyblt\earlyblt2434.jpg,early_blight,irish
D:\Potato\PlantVillage\Potato___Early_blight\3bf3bb26-3cbd-46f2-a9ba-c86700edafcb___RS_Early.B 7599.JPG,early_blight,plantvillage
D:\Potato\IrishPotato37G_full\healthy\healthy2433.jpg,healthy,irish
D:\Potato\IrishPotato37G_full\healthy\healthy2438.jpg,healthy,irish
D:\Potato\non_leaf\coco_person\000000281687.jpg,non_leaf,coco_person
D:\Potato\IrishPotato37G_full\earlyblt\earlyblt1081.jpg,early_blight,irish
D:\Potato\PlantVillage\Potato___Early_blight\fe772b3d-351c-4d18-9dcb-26feb90afa0d___RS_Early.B 7456.JPG,early_blight,plantvillage
D:\Potato\IrishPotato37G_full\healthy\healthy4092.jpg,healthy,irish
D:\Potato\IrishPotato37G_full\healthy\healthy5485.jpg,healthy,irish
D:\Potato\IrishPotato37G_full\healthy\healthy3549.jpg,healthy,irish
D:\Potato\IrishPotato37G_full\earlyblt\earlyblt7017.jpg,early_blight,irish
D:\Potato\IrishPotato37G_full\lateblt\lateblt2631.jpg,late_blight,irish
D:\Potato\IrishPotato37G_full\lateblt\lateblt2424.jpg,late_blight,irish
D:\Potato\IrishPotato37G_full\healthy\healthy4859.jpg,healthy,irish
D:\Potato\non_leaf\coco_person\000000028993.jpg,non_leaf,coco_person
D:\Potato\IrishPotato37G_full\healthy\healthy1133.jpg,healthy,irish
D:\Potato\PlantVillage\Potato___Early_blight\f2540cea-220b-4ba2-bf16-7c1c7f32c38c___RS_Early.B 7997.JPG,early_blight,plantvillage
D:\Potato\PlantVillage\Potato___Early_blight\911b9166-40ba-4dc8-974e-c916e6866142___RS_Early.B 9089.JPG,early_blight,plantvillage
D:\Potato\IrishPotato37G_full\healthy\healthy2884.jpg,healthy,irish
D:\Potato\IrishPotato37G_full\earlyblt\earlyblt2776.jpg,early_blight,irish
D:\Potato\PlantVillage\Potato___Late_blight\5ebe5b4f-c3e3-435d-b2d5-49fa1002dbaa___RS_LB 2955.JPG,late_blight,plantvillage
D:\Potato\IrishPotato37G_full\lateblt\lateblt5005.jpg,late_blight,irish
D:\Potato\IrishPotato37G_full\healthy\healthy1196.jpg,healthy,irish
D:\Potato\IrishPotato37G_full\earlyblt\earlyblt2108.jpg,early_blight,irish
D:\Potato\PlantVillage\Potato___Early_blight\58cb5c58-3161-4476-9361-3ee2673cc82b___RS_Early.B 7368.JPG,early_blight,plantvillage
D:\Potato\IrishPotato37G_full\healthy\healthy4044.jpg,healthy,irish
D:\Potato\IrishPotato37G_full\earlyblt\earlyblt2037.jpg,early_blight,irish
D:\Potato\IrishPotato37G_full\earlyblt\earlyblt317.jpg,early_blight,irish
D:\Potato\IrishPotato37G_full\earlyblt\earlyblt6606.jpg,early_blight,irish
D:\Potato\PlantVillage\Potato___Late_blight\9e5a95bd-b8d0-455f-bc85-b51a2086c88b___RS_LB 5326.JPG,late_blight,plantvillage
D:\Potato\IrishPotato37G_full\healthy\healthy1650.jpg,healthy,irish
D:\Potato\PlantVillage\Potato___Late_blight\64df88c4-e308-48f3-b475-e2e6206bbd8a___RS_LB 3886.JPG,late_blight,plantvillage
D:\Potato\IrishPotato37G_full\healthy\healthy2722.jpg,healthy,irish
D:\Potato\IrishPotato37G_full\earlyblt\earlyblt4682.jpg,early_blight,irish
D:\Potato\PlantVillage\Potato___Late_blight\ab9b15fb-d4cc-4d67-a5bb-8b88f066c1db___RS_LB 4825.JPG,late_blight,plantvillage
D:\Potato\IrishPotato37G_full\healthy\healthy4739.jpg,healthy,irish
D:\Potato\IrishPotato37G_full\earlyblt\earlyblt2349.jpg,early_blight,irish
D:\Potato\IrishPotato37G_full\healthy\healthy4988.jpg,healthy,irish
D:\Potato\IrishPotato37G_full\healthy\healthy2959.jpg,healthy,irish
D:\Potato\PlantVillage\Potato___Early_blight\eb4fbc2b-c1a4-473f-a4e1-71ba04a7133c___RS_Early.B 7716.JPG,early_blight,plantvillage
D:\Potato\IrishPotato37G_full\earlyblt\earlyblt872.jpg,early_blight,irish
D:\Potato\IrishPotato37G_full\earlyblt\earlyblt6685.jpg,early_blight,irish
D:\Potato\PlantVillage\Potato___Early_blight\58a381f9-5315-4865-9b35-43df8fd9bf42___RS_Early.B 9027.JPG,early_blight,plantvillage
D:\Potato\IrishPotato37G_full\earlyblt\earlyblt2942.jpg,early_blight,irish
D:\Potato\IrishPotato37G_full\earlyblt\earlyblt2556.jpg,early_blight,irish
D:\Potato\IrishPotato37G_full\healthy\healthy1236.jpg,healthy,irish
D:\Potato\IrishPotato37G_full\healthy\healthy3354.jpg,healthy,irish
D:\Potato\IrishPotato37G_full\healthy\healthy676.jpg,healthy,irish
D:\Potato\PlantVillage\Potato___Early_blight\438176fc-2e4a-45d1-9014-3eb2391c5832___RS_Early.B 8147.JPG,early_blight,plantvillage
D:\Potato\PlantVillage\Potato___Early_blight\8e8ec280-1469-4286-ac93-0d88f393d21c___RS_Early.B 7891.JPG,early_blight,plantvillage
D:\Potato\IrishPotato37G_full\earlyblt\earlyblt4957.jpg,early_blight,irish
D:\Potato\IrishPotato37G_full\healthy\healthy1598.jpg,healthy,irish
D:\Potato\non_leaf\coco_person\000000275392.jpg,non_leaf,coco_person
D:\Potato\PlantVillage\Potato___Late_blight\908546cd-34b8-4502-ab09-0c5bb7c1d87b___RS_LB 4912.JPG,late_blight,plantvillage
D:\Potato\PlantVillage\Potato___Early_blight\cfa37804-6d71-45fe-bd88-c899b9534992___RS_Early.B 6673.JPG,early_blight,plantvillage
D:\Potato\IrishPotato37G_full\healthy\healthy188.jpg,healthy,irish
D:\Potato\IrishPotato37G_full\healthy\healthy3734.jpg,healthy,irish
D:\Potato\IrishPotato37G_full\lateblt\lateblt479.jpg,late_blight,irish
D:\Potato\IrishPotato37G_full\lateblt\lateblt2284.jpg,late_blight,irish
D:\Potato\IrishPotato37G_full\lateblt\lateblt690.jpg,late_blight,irish
D:\Potato\non_leaf\coco_person\000000356424.jpg,non_leaf,coco_person
D:\Potato\IrishPotato37G_full\healthy\healthy3164.jpg,healthy,irish
D:\Potato\IrishPotato37G_full\earlyblt\earlyblt6068.jpg,early_blight,irish
D:\Potato\IrishPotato37G_full\healthy\healthy2506.jpg,healthy,irish
D:\Potato\IrishPotato37G_full\lateblt\lateblt220.jpg,late_blight,irish
D:\Potato\IrishPotato37G_full\lateblt\lateblt2937.jpg,late_blight,irish
D:\Potato\IrishPotato37G_full\earlyblt\earlyblt5888.jpg,early_blight,irish
D:\Potato\IrishPotato37G_full\earlyblt\earlyblt1871.jpg,early_blight,irish
D:\Potato\IrishPotato37G_full\earlyblt\earlyblt391.jpg,early_blight,irish
D:\Potato\IrishPotato37G_full\earlyblt\earlyblt4998.jpg,early_blight,irish
D:\Potato\PlantVillage\Potato___Early_blight\f686133a-e89a-4242-a52d-02f32ffd5275___RS_Early.B 8295.JPG,early_blight,plantvillage
D:\Potato\IrishPotato37G_full\healthy\healthy3388.jpg,healthy,irish
D:\Potato\IrishPotato37G_full\earlyblt\earlyblt813.jpg,early_blight,irish
D:\Potato\PlantVillage\Potato___Early_blight\7cc0cb45-7fae-4d55-8dce-aa5e4484b7d9___RS_Early.B 7088.JPG,early_blight,plantvillage
D:\Potato\IrishPotato37G_full\lateblt\lateblt957.jpg,late_blight,irish
D:\Potato\PlantVillage\Potato___Early_blight\6dfdd5be-0999-4a5c-a35d-c760043fec23___RS_Early.B 8701.JPG,early_blight,plantvillage
D:\Potato\IrishPotato37G_full\healthy\healthy4012.jpg,healthy,irish
D:\Potato\IrishPotato37G_full\lateblt\lateblt2572.jpg,late_blight,irish
D:\Potato\IrishPotato37G_full\healthy\healthy4653.jpg,healthy,irish
D:\Potato\IrishPotato37G_full\lateblt\lateblt1638.jpg,late_blight,irish
D:\Potato\IrishPotato37G_full\lateblt\lateblt661.jpg,late_blight,irish
D:\Potato\IrishPotato37G_full\lateblt\lateblt216.jpg,late_blight,irish
D:\Potato\IrishPotato37G_full\lateblt\lateblt2672.jpg,late_blight,irish
D:\Potato\PlantVillage\Potato___Late_blight\c4c1c25f-0594-4c81-a1e0-a609ee1f0808___RS_LB 2653.JPG,late_blight,plantvillage
D:\Potato\non_leaf\coco_person\000000074860.jpg,non_leaf,coco_person
D:\Potato\IrishPotato37G_full\healthy\healthy4217.jpg,healthy,irish
D:\Potato\IrishPotato37G_full\healthy\healthy4601.jpg,healthy,irish
D:\Potato\PlantVillage\Potato___Late_blight\ec88be1e-7e05-4fa4-b456-529d7f1bf81c___RS_LB 3922.JPG,late_blight,plantvillage
D:\Potato\IrishPotato37G_full\lateblt\lateblt95.jpg,late_blight,irish
D:\Potato\IrishPotato37G_full\lateblt\lateblt1916.jpg,late_blight,irish
D:\Potato\IrishPotato37G_full\healthy\healthy4674.jpg,healthy,irish
D:\Potato\non_leaf\coco_person\000000411938.jpg,non_leaf,coco_person
D:\Potato\IrishPotato37G_full\earlyblt\earlyblt6750.jpg,early_blight,irish
D:\Potato\PlantVillage\Potato___Early_blight\61a602c4-02e3-49e5-9858-5b1d4d4795f7___RS_Early.B 7875.JPG,early_blight,plantvillage
D:\Potato\IrishPotato37G_full\lateblt\lateblt1511.jpg,late_blight,irish
D:\Potato\IrishPotato37G_full\lateblt\lateblt2466.jpg,late_blight,irish
D:\Potato\PlantVillage\Potato___Late_blight\910139a3-cd42-4adc-a24b-3602fd4de7d3___RS_LB 4415.JPG,late_blight,plantvillage
D:\Potato\non_leaf\coco_person\000000086483.jpg,non_leaf,coco_person
D:\Potato\PlantVillage\Potato___Early_blight\7ace85c1-a488-4df2-8162-b73c17032099___RS_Early.B 7541.JPG,early_blight,plantvillage
D:\Potato\non_leaf\coco_person\000000257865.jpg,non_leaf,coco_person
D:\Potato\PlantVillage\Potato___Late_blight\f528e881-b237-4797-ab54-0152eb901f53___RS_LB 3854.JPG,late_blight,plantvillage
D:\Potato\PlantVillage\Potato___Late_blight\08ce9666-2dda-4fa8-8d58-55bb9fa19484___RS_LB 3318.JPG,late_blight,plantvillage
D:\Potato\IrishPotato37G_full\healthy\healthy5133.jpg,healthy,irish
D:\Potato\IrishPotato37G_full\healthy\healthy4932.jpg,healthy,irish
D:\Potato\IrishPotato37G_full\earlyblt\earlyblt6279.jpg,early_blight,irish
D:\Potato\IrishPotato37G_full\healthy\healthy2162.jpg,healthy,irish
D:\Potato\IrishPotato37G_full\lateblt\lateblt2225.jpg,late_blight,irish
D:\Potato\PlantVillage\Potato___Late_blight\954d36cb-4a20-4889-83dd-4cba7e7180f8___RS_LB 4536.JPG,late_blight,plantvillage
D:\Potato\IrishPotato37G_full\healthy\healthy2746.jpg,healthy,irish
D:\Potato\IrishPotato37G_full\healthy\healthy2993.jpg,healthy,irish
D:\Potato\IrishPotato37G_full\earlyblt\earlyblt4855.jpg,early_blight,irish
D:\Potato\IrishPotato37G_full\lateblt\lateblt2641.jpg,late_blight,irish
D:\Potato\PlantVillage\Potato___Late_blight\9e1dc573-9cc5-4bc1-9c95-63c7bfba54f1___RS_LB 2976.JPG,late_blight,plantvillage
D:\Potato\non_leaf\coco_person\000000491366.jpg,non_leaf,coco_person
D:\Potato\PlantVillage\Potato___Early_blight\4ddd0823-ecf4-4a0b-81d5-9844705e5694___RS_Early.B 8936.JPG,early_blight,plantvillage
D:\Potato\PlantVillage\Potato___Late_blight\df60df5b-a619-4b38-926d-6372c0f6329a___RS_LB 5308.JPG,late_blight,plantvillage
D:\Potato\IrishPotato37G_full\healthy\healthy3128.jpg,healthy,irish
D:\Potato\IrishPotato37G_full\lateblt\lateblt2015.jpg,late_blight,irish
D:\Potato\non_leaf\coco_person\000000535608.jpg,non_leaf,coco_person
D:\Potato\non_leaf\coco_person\000000346968.jpg,non_leaf,coco_person
D:\Potato\non_leaf\coco_person\000000191672.jpg,non_leaf,coco_person
D:\Potato\IrishPotato37G_full\healthy\healthy3133.jpg,healthy,irish
D:\Potato\IrishPotato37G_full\lateblt\lateblt2100.jpg,late_blight,irish
D:\Potato\IrishPotato37G_full\earlyblt\earlyblt1409.jpg,early_blight,irish
D:\Potato\IrishPotato37G_full\earlyblt\earlyblt238.jpg,early_blight,irish
D:\Potato\non_leaf\coco_person\000000322610.jpg,non_leaf,coco_person
D:\Potato\IrishPotato37G_full\lateblt\lateblt2008.jpg,late_blight,irish
D:\Potato\IrishPotato37G_full\lateblt\lateblt678.jpg,late_blight,irish
D:\Potato\PlantVillage\Potato___Early_blight\f069744b-375b-4fee-b1f9-23963195e936___RS_Early.B 6837.JPG,early_blight,plantvillage
D:\Potato\IrishPotato37G_full\earlyblt\earlyblt3052.jpg,early_blight,irish
D:\Potato\IrishPotato37G_full\lateblt\lateblt2148.jpg,late_blight,irish
D:\Potato\IrishPotato37G_full\lateblt\lateblt527.jpg,late_blight,irish
D:\Potato\PlantVillage\Potato___Late_blight\1ed357f9-f036-4bf2-b180-1588976eb116___RS_LB 3005.JPG,late_blight,plantvillage
D:\Potato\PlantVillage\Potato___Late_blight\6f5a4763-2865-4bdf-8c7f-49ab7a53126a___RS_LB 5237.JPG,late_blight,plantvillage
D:\Potato\PlantVillage\Potato___healthy\23f4d3b1-23f4-43fb-96c2-dae37224ec74___RS_HL 1803.JPG,healthy,plantvillage
D:\Potato\IrishPotato37G_full\earlyblt\earlyblt3566.jpg,early_blight,irish
D:\Potato\PlantVillage\Potato___Early_blight\f0f41a0d-7679-4e56-85df-44934fe0cb3b___RS_Early.B 7054.JPG,early_blight,plantvillage
D:\Potato\IrishPotato37G_full\earlyblt\earlyblt335.jpg,early_blight,irish
D:\Potato\IrishPotato37G_full\healthy\healthy1332.jpg,healthy,irish
D:\Potato\IrishPotato37G_full\earlyblt\earlyblt1415.jpg,early_blight,irish
D:\Potato\IrishPotato37G_full\healthy\healthy2541.jpg,healthy,irish
D:\Potato\IrishPotato37G_full\healthy\healthy2272.jpg,healthy,irish
D:\Potato\non_leaf\coco_person\000000256868.jpg,non_leaf,coco_person
D:\Potato\IrishPotato37G_full\earlyblt\earlyblt1183.jpg,early_blight,irish
D:\Potato\non_leaf\coco_person\000000082812.jpg,non_leaf,coco_person
D:\Potato\IrishPotato37G_full\healthy\healthy4096.jpg,healthy,irish
D:\Potato\PlantVillage\Potato___Late_blight\2657bf2b-c03e-4ec6-bf6a-4afe8645acec___RS_LB 3110.JPG,late_blight,plantvillage
D:\Potato\IrishPotato37G_full\healthy\healthy801.jpg,healthy,irish
D:\Potato\PlantVillage\Potato___Late_blight\d438f9b3-2952-425e-8c5f-a92a21b35f5f___RS_LB 4470.JPG,late_blight,plantvillage
D:\Potato\IrishPotato37G_full\lateblt\lateblt734.jpg,late_blight,irish
D:\Potato\non_leaf\coco_person\000000190753.jpg,non_leaf,coco_person
D:\Potato\IrishPotato37G_full\earlyblt\earlyblt2401.jpg,early_blight,irish
D:\Potato\IrishPotato37G_full\healthy\healthy824.jpg,healthy,irish
D:\Potato\IrishPotato37G_full\healthy\healthy4882.jpg,healthy,irish
D:\Potato\IrishPotato37G_full\lateblt\lateblt235.jpg,late_blight,irish
D:\Potato\non_leaf\coco_person\000000549738.jpg,non_leaf,coco_person
D:\Potato\non_leaf\coco_person\000000088485.jpg,non_leaf,coco_person
D:\Potato\IrishPotato37G_full\earlyblt\earlyblt1026.jpg,early_blight,irish
D:\Potato\PlantVillage\Potato___Early_blight\b6c68639-ad01-41f9-a10c-4233423ea2b0___RS_Early.B 8573.JPG,early_blight,plantvillage
D:\Potato\IrishPotato37G_full\healthy\healthy2012.jpg,healthy,irish
D:\Potato\IrishPotato37G_full\lateblt\lateblt981.jpg,late_blight,irish
D:\Potato\non_leaf\coco_person\000000174371.jpg,non_leaf,coco_person
D:\Potato\IrishPotato37G_full\healthy\healthy4111.jpg,healthy,irish
D:\Potato\IrishPotato37G_full\earlyblt\earlyblt6742.jpg,early_blight,irish
D:\Potato\IrishPotato37G_full\healthy\healthy1670.jpg,healthy,irish
D:\Potato\IrishPotato37G_full\earlyblt\earlyblt6675.jpg,early_blight,irish
D:\Potato\IrishPotato37G_full\healthy\healthy2316.jpg,healthy,irish
D:\Potato\IrishPotato37G_full\lateblt\lateblt2505.jpg,late_blight,irish
D:\Potato\IrishPotato37G_full\earlyblt\earlyblt1139.jpg,early_blight,irish
D:\Potato\IrishPotato37G_full\healthy\healthy3550.jpg,healthy,irish
D:\Potato\PlantVillage\Potato___Late_blight\259a9b63-d100-43bd-b611-1c707b9e8842___RS_LB 4562.JPG,late_blight,plantvillage
D:\Potato\IrishPotato37G_full\healthy\healthy752.jpg,healthy,irish
D:\Potato\IrishPotato37G_full\earlyblt\earlyblt1725.jpg,early_blight,irish
D:\Potato\non_leaf\coco_person\000000345941.jpg,non_leaf,coco_person
D:\Potato\IrishPotato37G_full\lateblt\lateblt2775.jpg,late_blight,irish
D:\Potato\IrishPotato37G_full\healthy\healthy1719.jpg,healthy,irish
D:\Potato\IrishPotato37G_full\earlyblt\earlyblt3451.jpg,early_blight,irish
D:\Potato\IrishPotato37G_full\lateblt\lateblt77.jpg,late_blight,irish
D:\Potato\IrishPotato37G_full\healthy\healthy1429.jpg,healthy,irish
D:\Potato\PlantVillage\Potato___Early_blight\a89d6e67-d60e-49b5-8b87-e137b6a5181c___RS_Early.B 7472.JPG,early_blight,plantvillage
D:\Potato\IrishPotato37G_full\lateblt\lateblt1629.jpg,late_blight,irish
D:\Potato\IrishPotato37G_full\healthy\healthy1688.jpg,healthy,irish
D:\Potato\IrishPotato37G_full\lateblt\lateblt664.jpg,late_blight,irish
D:\Potato\IrishPotato37G_full\healthy\healthy1268.jpg,healthy,irish
D:\Potato\IrishPotato37G_full\healthy\healthy3520.jpg,healthy,irish
D:\Potato\IrishPotato37G_full\earlyblt\earlyblt370.jpg,early_blight,irish
D:\Potato\IrishPotato37G_full\earlyblt\earlyblt6482.jpg,early_blight,irish
D:\Potato\IrishPotato37G_full\earlyblt\earlyblt6985.jpg,early_blight,irish
D:\Potato\PlantVillage\Potato___Late_blight\0450570b-44d1-4290-956d-5d970164a2e2___RS_LB 5160.JPG,late_blight,plantvillage
D:\Potato\IrishPotato37G_full\earlyblt\earlyblt3405.jpg,early_blight,irish
D:\Potato\non_leaf\coco_person\000000338624.jpg,non_leaf,coco_person
D:\Potato\IrishPotato37G_full\healthy\healthy1779.jpg,healthy,irish
D:\Potato\PlantVillage\Potato___Late_blight\4358aa91-bce4-4788-a39f-1e1e4810bd51___RS_LB 3047.JPG,late_blight,plantvillage
D:\Potato\IrishPotato37G_full\healthy\healthy3006.jpg,healthy,irish
D:\Potato\PlantVillage\Potato___Late_blight\a4534f9b-87ca-4ce0-a6f8-84f94544ef37___RS_LB 2775.JPG,late_blight,plantvillage
D:\Potato\non_leaf\coco_person\000000461009.jpg,non_leaf,coco_person
D:\Potato\IrishPotato37G_full\lateblt\lateblt230.jpg,late_blight,irish
D:\Potato\PlantVillage\Potato___Late_blight\bc5b403e-ecc2-4fde-bafa-9b8698e4545c___RS_LB 4448.JPG,late_blight,plantvillage
D:\Potato\IrishPotato37G_full\healthy\healthy2850.jpg,healthy,irish
D:\Potato\IrishPotato37G_full\lateblt\lateblt1513.jpg,late_blight,irish
D:\Potato\non_leaf\coco_person\000000328601.jpg,non_leaf,coco_person
D:\Potato\PlantVillage\Potato___Early_blight\467991cb-4b55-4b00-9b18-7ff5efdd7adf___RS_Early.B 7290.JPG,early_blight,plantvillage
D:\Potato\IrishPotato37G_full\earlyblt\earlyblt3725.jpg,early_blight,irish
D:\Potato\IrishPotato37G_full\earlyblt\earlyblt4747.jpg,early_blight,irish
D:\Potato\IrishPotato37G_full\healthy\healthy4713.jpg,healthy,irish
D:\Potato\IrishPotato37G_full\lateblt\lateblt986.jpg,late_blight,irish
D:\Potato\PlantVillage\Potato___Early_blight\5720f8b8-4fd7-451f-af18-a48730691c2d___RS_Early.B 7155.JPG,early_blight,plantvillage
D:\Potato\IrishPotato37G_full\lateblt\lateblt2202.jpg,late_blight,irish
D:\Potato\IrishPotato37G_full\healthy\healthy1267.jpg,healthy,irish
D:\Potato\PlantVillage\Potato___Early_blight\bc8a7fa5-1f77-4829-a1ee-0ccbeef289eb___RS_Early.B 7228.JPG,early_blight,plantvillage
D:\Potato\IrishPotato37G_full\healthy\healthy797.jpg,healthy,irish
D:\Potato\IrishPotato37G_full\earlyblt\earlyblt454.jpg,early_blight,irish
D:\Potato\IrishPotato37G_full\earlyblt\earlyblt2509.jpg,early_blight,irish
D:\Potato\IrishPotato37G_full\healthy\healthy3312.jpg,healthy,irish
D:\Potato\IrishPotato37G_full\earlyblt\earlyblt488.jpg,early_blight,irish
D:\Potato\IrishPotato37G_full\lateblt\lateblt2153.jpg,late_blight,irish
D:\Potato\IrishPotato37G_full\healthy\healthy4336.jpg,healthy,irish
D:\Potato\IrishPotato37G_full\earlyblt\earlyblt2719.jpg,early_blight,irish
D:\Potato\IrishPotato37G_full\lateblt\lateblt2757.jpg,late_blight,irish
D:\Potato\IrishPotato37G_full\lateblt\lateblt947.jpg,late_blight,irish
D:\Potato\PlantVillage\Potato___Late_blight\78fe147d-b9c8-460d-ba04-65fa82b39184___RS_LB 4870.JPG,late_blight,plantvillage
D:\Potato\PlantVillage\Potato___Late_blight\8aab9abd-f5e3-4653-80d9-317bef625ae2___RS_LB 5221.JPG,late_blight,plantvillage
D:\Potato\non_leaf\coco_person\000000182923.jpg,non_leaf,coco_person
D:\Potato\IrishPotato37G_full\healthy\healthy3710.jpg,healthy,irish
D:\Potato\IrishPotato37G_full\earlyblt\earlyblt2306.jpg,early_blight,irish
D:\Potato\IrishPotato37G_full\healthy\healthy4129.jpg,healthy,irish
D:\Potato\IrishPotato37G_full\lateblt\lateblt493.jpg,late_blight,irish
D:\Potato\IrishPotato37G_full\lateblt\lateblt2145.jpg,late_blight,irish
D:\Potato\IrishPotato37G_full\healthy\healthy3938.jpg,healthy,irish
D:\Potato\IrishPotato37G_full\earlyblt\earlyblt4852.jpg,early_blight,irish
D:\Potato\IrishPotato37G_full\healthy\healthy3475.jpg,healthy,irish
D:\Potato\IrishPotato37G_full\lateblt\lateblt1366.jpg,late_blight,irish
D:\Potato\IrishPotato37G_full\lateblt\lateblt2993.jpg,late_blight,irish
D:\Potato\PlantVillage\Potato___Early_blight\833c373e-d3fc-4d1e-86e7-8bd11d41a33e___RS_Early.B 7509.JPG,early_blight,plantvillage
D:\Potato\IrishPotato37G_full\earlyblt\earlyblt1795.jpg,early_blight,irish
D:\Potato\PlantVillage\Potato___Early_blight\95a4df95-bec8-4c93-bb07-48b0118f99be___RS_Early.B 7740.JPG,early_blight,plantvillage
D:\Potato\IrishPotato37G_full\healthy\healthy2490.jpg,healthy,irish
D:\Potato\IrishPotato37G_full\earlyblt\earlyblt3851.jpg,early_blight,irish
D:\Potato\IrishPotato37G_full\earlyblt\earlyblt2758.jpg,early_blight,irish
D:\Potato\IrishPotato37G_full\earlyblt\earlyblt1085.jpg,early_blight,irish
D:\Potato\IrishPotato37G_full\healthy\healthy4482.jpg,healthy,irish
D:\Potato\IrishPotato37G_full\lateblt\lateblt2154.jpg,late_blight,irish
D:\Potato\IrishPotato37G_full\lateblt\lateblt2783.jpg,late_blight,irish
D:\Potato\IrishPotato37G_full\earlyblt\earlyblt319.jpg,early_blight,irish
D:\Potato\IrishPotato37G_full\earlyblt\earlyblt635.jpg,early_blight,irish
D:\Potato\IrishPotato37G_full\healthy\healthy193.jpg,healthy,irish
D:\Potato\IrishPotato37G_full\earlyblt\earlyblt6448.jpg,early_blight,irish
D:\Potato\non_leaf\coco_person\000000125572.jpg,non_leaf,coco_person
D:\Potato\IrishPotato37G_full\earlyblt\earlyblt3464.jpg,early_blight,irish
D:\Potato\IrishPotato37G_full\earlyblt\earlyblt987.jpg,early_blight,irish
D:\Potato\IrishPotato37G_full\earlyblt\earlyblt305.jpg,early_blight,irish
D:\Potato\IrishPotato37G_full\lateblt\lateblt2447.jpg,late_blight,irish
D:\Potato\IrishPotato37G_full\earlyblt\earlyblt2605.jpg,early_blight,irish
D:\Potato\IrishPotato37G_full\earlyblt\earlyblt919.jpg,early_blight,irish
D:\Potato\IrishPotato37G_full\healthy\healthy2304.jpg,healthy,irish
D:\Potato\IrishPotato37G_full\healthy\healthy3601.jpg,healthy,irish
D:\Potato\IrishPotato37G_full\earlyblt\earlyblt7025.jpg,early_blight,irish
D:\Potato\IrishPotato37G_full\healthy\healthy5232.jpg,healthy,irish
D:\Potato\IrishPotato37G_full\earlyblt\earlyblt1455.jpg,early_blight,irish
D:\Potato\IrishPotato37G_full\earlyblt\earlyblt3288.jpg,early_blight,irish
D:\Potato\IrishPotato37G_full\earlyblt\earlyblt1809.jpg,early_blight,irish
D:\Potato\PlantVillage\Potato___healthy\c9ad5c9a-c9b0-4e07-9e03-9e9edfd58a19___RS_HL 1755.JPG,healthy,plantvillage
D:\Potato\IrishPotato37G_full\earlyblt\earlyblt7027.jpg,early_blight,irish
D:\Potato\IrishPotato37G_full\earlyblt\earlyblt223.jpg,early_blight,irish
D:\Potato\IrishPotato37G_full\earlyblt\earlyblt1077.jpg,early_blight,irish
D:\Potato\IrishPotato37G_full\lateblt\lateblt2862.jpg,late_blight,irish
D:\Potato\IrishPotato37G_full\earlyblt\earlyblt6495.jpg,early_blight,irish
D:\Potato\non_leaf\coco_person\000000001353.jpg,non_leaf,coco_person
D:\Potato\PlantVillage\Potato___Late_blight\fe9d57f1-8e00-4069-963a-b344cceca7b3___RS_LB 4486.JPG,late_blight,plantvillage
D:\Potato\IrishPotato37G_full\lateblt\lateblt2709.jpg,late_blight,irish
D:\Potato\PlantVillage\Potato___Late_blight\60463ced-752c-4af3-9082-1de380c572e4___RS_LB 2580.JPG,late_blight,plantvillage
D:\Potato\IrishPotato37G_full\lateblt\lateblt2570.jpg,late_blight,irish
D:\Potato\IrishPotato37G_full\lateblt\lateblt648.jpg,late_blight,irish
D:\Potato\IrishPotato37G_full\earlyblt\earlyblt3401.jpg,early_blight,irish
D:\Potato\IrishPotato37G_full\healthy\healthy3066.jpg,healthy,irish
D:\Potato\PlantVillage\Potato___Late_blight\7efcdebc-93be-4168-9965-2b2be46823d8___RS_LB 3249.JPG,late_blight,plantvillage
D:\Potato\PlantVillage\Potato___Late_blight\dd55ba8d-a425-4b06-9996-bbf315d71e6e___RS_LB 2737.JPG,late_blight,plantvillage
D:\Potato\PlantVillage\Potato___Late_blight\f1a2b03a-d724-4f81-a8d7-d7f38f26ea29___RS_LB 3039.JPG,late_blight,plantvillage
D:\Potato\IrishPotato37G_full\earlyblt\earlyblt492.jpg,early_blight,irish
D:\Potato\IrishPotato37G_full\earlyblt\earlyblt3763.jpg,early_blight,irish
D:\Potato\IrishPotato37G_full\earlyblt\earlyblt6672.jpg,early_blight,irish
D:\Potato\PlantVillage\Potato___Late_blight\7460b5a9-4356-40b3-acf6-e61601a63b62___RS_LB 4965.JPG,late_blight,plantvillage
D:\Potato\PlantVillage\Potato___Late_blight\35621849-08fd-442a-a94e-139b2657106e___RS_LB 4055.JPG,late_blight,plantvillage
D:\Potato\non_leaf\coco_person\000000520832.jpg,non_leaf,coco_person
D:\Potato\PlantVillage\Potato___Early_blight\82654962-5b0d-44ed-9ca4-84be55ba23a6___RS_Early.B 6877.JPG,early_blight,plantvillage
D:\Potato\IrishPotato37G_full\earlyblt\earlyblt241.jpg,early_blight,irish
D:\Potato\IrishPotato37G_full\lateblt\lateblt866.jpg,late_blight,irish
D:\Potato\IrishPotato37G_full\healthy\healthy529.jpg,healthy,irish
D:\Potato\IrishPotato37G_full\healthy\healthy3369.jpg,healthy,irish
D:\Potato\IrishPotato37G_full\earlyblt\earlyblt215.jpg,early_blight,irish
D:\Potato\IrishPotato37G_full\earlyblt\earlyblt3817.jpg,early_blight,irish
D:\Potato\IrishPotato37G_full\lateblt\lateblt1578.jpg,late_blight,irish
D:\Potato\IrishPotato37G_full\lateblt\lateblt2057.jpg,late_blight,irish
D:\Potato\PlantVillage\Potato___Early_blight\a4168403-2458-4f28-84f7-949050905878___RS_Early.B 8450.JPG,early_blight,plantvillage
D:\Potato\IrishPotato37G_full\earlyblt\earlyblt1677.jpg,early_blight,irish
D:\Potato\IrishPotato37G_full\lateblt\lateblt707.jpg,late_blight,irish
D:\Potato\IrishPotato37G_full\healthy\healthy339.jpg,healthy,irish
D:\Potato\non_leaf\coco_person\000000516143.jpg,non_leaf,coco_person
D:\Potato\IrishPotato37G_full\earlyblt\earlyblt1474.jpg,early_blight,irish
D:\Potato\IrishPotato37G_full\earlyblt\earlyblt703.jpg,early_blight,irish
D:\Potato\IrishPotato37G_full\lateblt\lateblt2036.jpg,late_blight,irish
D:\Potato\IrishPotato37G_full\healthy\healthy542.jpg,healthy,irish
D:\Potato\IrishPotato37G_full\earlyblt\earlyblt3903.jpg,early_blight,irish
D:\Potato\PlantVillage\Potato___Early_blight\8bcbd0ab-e530-4b6c-83a2-e0c649abbdaf___RS_Early.B 6676.JPG,early_blight,plantvillage
D:\Potato\non_leaf\coco_person\000000569972.jpg,non_leaf,coco_person
D:\Potato\IrishPotato37G_full\earlyblt\earlyblt2244.jpg,early_blight,irish
D:\Potato\IrishPotato37G_full\healthy\healthy3946.jpg,healthy,irish
D:\Potato\IrishPotato37G_full\healthy\healthy615.jpg,healthy,irish
D:\Potato\IrishPotato37G_full\healthy\healthy2734.jpg,healthy,irish
D:\Potato\IrishPotato37G_full\healthy\healthy2337.jpg,healthy,irish
D:\Potato\IrishPotato37G_full\earlyblt\earlyblt6420.jpg,early_blight,irish
D:\Potato\IrishPotato37G_full\lateblt\lateblt854.jpg,late_blight,irish
D:\Potato\IrishPotato37G_full\lateblt\lateblt752.jpg,late_blight,irish
D:\Potato\IrishPotato37G_full\earlyblt\earlyblt6709.jpg,early_blight,irish
D:\Potato\non_leaf\coco_person\000000406129.jpg,non_leaf,coco_person
D:\Potato\PlantVillage\Potato___Late_blight\44722935-fb60-4ecf-8503-f8258aa4e3e7___RS_LB 3225.JPG,late_blight,plantvillage
D:\Potato\IrishPotato37G_full\lateblt\lateblt2503.jpg,late_blight,irish
D:\Potato\PlantVillage\Potato___Early_blight\c9296b35-7b8b-4ac2-99db-07c426ec774b___RS_Early.B 6832.JPG,early_blight,plantvillage
D:\Potato\PlantVillage\Potato___Late_blight\02c8ff21-4e0a-4326-ba8f-089e5cb45b74___RS_LB 4089.JPG,late_blight,plantvillage
D:\Potato\IrishPotato37G_full\earlyblt\earlyblt2402.jpg,early_blight,irish
D:\Potato\IrishPotato37G_full\lateblt\lateblt895.jpg,late_blight,irish
D:\Potato\PlantVillage\Potato___Early_blight\3d3c01e1-8cde-4c0f-9468-67dd287a2dc0___RS_Early.B 7761.JPG,early_blight,plantvillage
D:\Potato\IrishPotato37G_full\earlyblt\earlyblt730.jpg,early_blight,irish
D:\Potato\non_leaf\coco_person\000000021879.jpg,non_leaf,coco_person
D:\Potato\IrishPotato37G_full\lateblt\lateblt1492.jpg,late_blight,irish
D:\Potato\non_leaf\coco_person\000000491867.jpg,non_leaf,coco_person
D:\Potato\IrishPotato37G_full\healthy\healthy2288.jpg,healthy,irish
D:\Potato\IrishPotato37G_full\earlyblt\earlyblt1839.jpg,early_blight,irish
D:\Potato\IrishPotato37G_full\lateblt\lateblt2845.jpg,late_blight,irish
D:\Potato\IrishPotato37G_full\lateblt\lateblt1464.jpg,late_blight,irish
D:\Potato\PlantVillage\Potato___Early_blight\04fd2a46-ddd4-4b0b-8f19-5ecca482a7d5___RS_Early.B 7273.JPG,early_blight,plantvillage
D:\Potato\IrishPotato37G_full\lateblt\lateblt1657.jpg,late_blight,irish
D:\Potato\IrishPotato37G_full\earlyblt\earlyblt3478.jpg,early_blight,irish
D:\Potato\IrishPotato37G_full\earlyblt\earlyblt611.jpg,early_blight,irish
D:\Potato\IrishPotato37G_full\lateblt\lateblt2810.jpg,late_blight,irish
D:\Potato\PlantVillage\Potato___Late_blight\38f1a80d-6961-4763-ada2-7504f388cf2d___RS_LB 3217.JPG,late_blight,plantvillage
D:\Potato\IrishPotato37G_full\lateblt\lateblt1419.jpg,late_blight,irish
D:\Potato\IrishPotato37G_full\healthy\healthy1753.jpg,healthy,irish
D:\Potato\PlantVillage\Potato___Late_blight\d36e9212-7594-4e4d-9062-0a98bc689729___RS_LB 5055.JPG,late_blight,plantvillage
D:\Potato\PlantVillage\Potato___Early_blight\df67aec2-c706-4a6f-8a4a-e11d7eb41eb8___RS_Early.B 7287.JPG,early_blight,plantvillage
D:\Potato\IrishPotato37G_full\earlyblt\earlyblt4820.jpg,early_blight,irish
D:\Potato\IrishPotato37G_full\healthy\healthy4313.jpg,healthy,irish
D:\Potato\non_leaf\coco_person\000000052007.jpg,non_leaf,coco_person
D:\Potato\IrishPotato37G_full\healthy\healthy3665.jpg,healthy,irish
D:\Potato\IrishPotato37G_full\healthy\healthy1221.jpg,healthy,irish
D:\Potato\PlantVillage\Potato___Early_blight\b09e0cba-0564-4dde-a90d-3c0d90d6336e___RS_Early.B 7776.JPG,early_blight,plantvillage
D:\Potato\IrishPotato37G_full\earlyblt\earlyblt2467.jpg,early_blight,irish
D:\Potato\IrishPotato37G_full\healthy\healthy3154.jpg,healthy,irish
D:\Potato\PlantVillage\Potato___Early_blight\ea87f5c8-69f9-44e0-997b-bb896350765e___RS_Early.B 7798.JPG,early_blight,plantvillage
D:\Potato\PlantVillage\Potato___Late_blight\ce5ec29b-599c-4c69-ba4d-04df7ab1c46f___RS_LB 4945.JPG,late_blight,plantvillage
D:\Potato\IrishPotato37G_full\earlyblt\earlyblt6246.jpg,early_blight,irish
D:\Potato\IrishPotato37G_full\lateblt\lateblt1301.jpg,late_blight,irish
D:\Potato\IrishPotato37G_full\lateblt\lateblt5060.jpg,late_blight,irish
D:\Potato\PlantVillage\Potato___Late_blight\668455c6-f7cf-4dc3-a4a8-858e7d4b55c9___RS_LB 3878.JPG,late_blight,plantvillage
D:\Potato\IrishPotato37G_full\lateblt\lateblt2939.jpg,late_blight,irish
D:\Potato\non_leaf\coco_person\000000177489.jpg,non_leaf,coco_person
D:\Potato\PlantVillage\Potato___healthy\d1752ed4-a0a7-4075-917d-205c0e785dcf___RS_HL 1911.JPG,healthy,plantvillage
D:\Potato\IrishPotato37G_full\healthy\healthy823.jpg,healthy,irish
D:\Potato\IrishPotato37G_full\lateblt\lateblt2662.jpg,late_blight,irish
D:\Potato\IrishPotato37G_full\lateblt\lateblt2951.jpg,late_blight,irish
D:\Potato\IrishPotato37G_full\healthy\healthy4841.jpg,healthy,irish
D:\Potato\IrishPotato37G_full\healthy\healthy1671.jpg,healthy,irish
D:\Potato\IrishPotato37G_full\lateblt\lateblt989.jpg,late_blight,irish
D:\Potato\IrishPotato37G_full\lateblt\lateblt250.jpg,late_blight,irish
D:\Potato\PlantVillage\Potato___Early_blight\22b28f50-4141-4ca7-be3f-ccb1c521c2df___RS_Early.B 8285.JPG,early_blight,plantvillage
D:\Potato\IrishPotato37G_full\lateblt\lateblt1176.jpg,late_blight,irish
D:\Potato\IrishPotato37G_full\healthy\healthy4384.jpg,healthy,irish
D:\Potato\IrishPotato37G_full\healthy\healthy947.jpg,healthy,irish
D:\Potato\IrishPotato37G_full\lateblt\lateblt848.jpg,late_blight,irish
D:\Potato\PlantVillage\Potato___Early_blight\d825093a-2bd7-458d-a9a1-036db6c08dec___RS_Early.B 9018.JPG,early_blight,plantvillage
D:\Potato\IrishPotato37G_full\earlyblt\earlyblt2608.jpg,early_blight,irish
D:\Potato\IrishPotato37G_full\earlyblt\earlyblt2918.jpg,early_blight,irish
D:\Potato\IrishPotato37G_full\earlyblt\earlyblt6241.jpg,early_blight,irish
D:\Potato\IrishPotato37G_full\earlyblt\earlyblt2704.jpg,early_blight,irish
D:\Potato\IrishPotato37G_full\healthy\healthy1562.jpg,healthy,irish
D:\Potato\PlantVillage\Potato___Late_blight\2e2bc24d-9900-4b0b-a8ec-abb444350c03___RS_LB 4701.JPG,late_blight,plantvillage
D:\Potato\IrishPotato37G_full\healthy\healthy4746.jpg,healthy,irish
D:\Potato\IrishPotato37G_full\healthy\healthy569.jpg,healthy,irish
D:\Potato\IrishPotato37G_full\lateblt\lateblt2431.jpg,late_blight,irish
D:\Potato\IrishPotato37G_full\lateblt\lateblt2725.jpg,late_blight,irish
D:\Potato\IrishPotato37G_full\lateblt\lateblt797.jpg,late_blight,irish
D:\Potato\IrishPotato37G_full\healthy\healthy5254.jpg,healthy,irish
D:\Potato\IrishPotato37G_full\earlyblt\earlyblt2654.jpg,early_blight,irish
D:\Potato\IrishPotato37G_full\lateblt\lateblt557.jpg,late_blight,irish
D:\Potato\IrishPotato37G_full\lateblt\lateblt2485.jpg,late_blight,irish
D:\Potato\IrishPotato37G_full\healthy\healthy5616.jpg,healthy,irish
D:\Potato\IrishPotato37G_full\healthy\healthy2514.jpg,healthy,irish
D:\Potato\PlantVillage\Potato___Early_blight\c5cb3e89-f00f-4032-80ca-eb39bead0796___RS_Early.B 8645.JPG,early_blight,plantvillage
D:\Potato\PlantVillage\Potato___Early_blight\8d8382dc-c4aa-4118-8aae-d0c372dce562___RS_Early.B 7336.JPG,early_blight,plantvillage
D:\Potato\IrishPotato37G_full\earlyblt\earlyblt6302.jpg,early_blight,irish
D:\Potato\IrishPotato37G_full\lateblt\lateblt2686.jpg,late_blight,irish
D:\Potato\IrishPotato37G_full\lateblt\lateblt2240.jpg,late_blight,irish
D:\Potato\IrishPotato37G_full\earlyblt\earlyblt4829.jpg,early_blight,irish
D:\Potato\IrishPotato37G_full\lateblt\lateblt1542.jpg,late_blight,irish
D:\Potato\PlantVillage\Potato___Early_blight\24ced43c-a862-4e3d-8300-dffd350de2c4___RS_Early.B 6957.JPG,early_blight,plantvillage
D:\Potato\IrishPotato37G_full\healthy\healthy1317.jpg,healthy,irish
D:\Potato\IrishPotato37G_full\healthy\healthy88.jpg,healthy,irish
D:\Potato\PlantVillage\Potato___Early_blight\450b4a32-39ae-4daa-aeb6-87559afb0b42___RS_Early.B 9202.JPG,early_blight,plantvillage
D:\Potato\IrishPotato37G_full\earlyblt\earlyblt2790.jpg,early_blight,irish
D:\Potato\PlantVillage\Potato___Late_blight\9934bde8-1c89-4ba6-95e6-015a69540873___RS_LB 4146.JPG,late_blight,plantvillage
D:\Potato\IrishPotato37G_full\lateblt\lateblt2442.jpg,late_blight,irish
D:\Potato\IrishPotato37G_full\earlyblt\earlyblt603.jpg,early_blight,irish
D:\Potato\IrishPotato37G_full\lateblt\lateblt280.jpg,late_blight,irish
D:\Potato\PlantVillage\Potato___Early_blight\4c7622da-663c-48df-8005-355fff221fe1___RS_Early.B 8432.JPG,early_blight,plantvillage
D:\Potato\IrishPotato37G_full\lateblt\lateblt122.jpg,late_blight,irish
D:\Potato\IrishPotato37G_full\earlyblt\earlyblt1403.jpg,early_blight,irish
D:\Potato\PlantVillage\Potato___Late_blight\bf07f2b7-6ab3-4192-a418-ecabc32a11fe___RS_LB 2576.JPG,late_blight,plantvillage
D:\Potato\IrishPotato37G_full\lateblt\lateblt2846.jpg,late_blight,irish
D:\Potato\IrishPotato37G_full\earlyblt\earlyblt1948.jpg,early_blight,irish
D:\Potato\IrishPotato37G_full\lateblt\lateblt564.jpg,late_blight,irish
D:\Potato\IrishPotato37G_full\healthy\healthy2877.jpg,healthy,irish
D:\Potato\IrishPotato37G_full\healthy\healthy5445.jpg,healthy,irish
D:\Potato\IrishPotato37G_full\healthy\healthy4485.jpg,healthy,irish
D:\Potato\PlantVillage\Potato___Early_blight\b14e0de2-ab48-45b5-9d4d-e45e7c88b68f___RS_Early.B 8554.JPG,early_blight,plantvillage
D:\Potato\non_leaf\coco_person\000000443969.jpg,non_leaf,coco_person
D:\Potato\IrishPotato37G_full\healthy\healthy1605.jpg,healthy,irish
D:\Potato\IrishPotato37G_full\earlyblt\earlyblt1091.jpg,early_blight,irish
D:\Potato\PlantVillage\Potato___Late_blight\a838f0ba-745a-4c0b-9895-f3349a6cee4a___RS_LB 4959.JPG,late_blight,plantvillage
D:\Potato\IrishPotato37G_full\earlyblt\earlyblt6792.jpg,early_blight,irish
D:\Potato\IrishPotato37G_full\lateblt\lateblt1306.jpg,late_blight,irish
D:\Potato\IrishPotato37G_full\lateblt\lateblt226.jpg,late_blight,irish
D:\Potato\IrishPotato37G_full\earlyblt\earlyblt731.jpg,early_blight,irish
D:\Potato\IrishPotato37G_full\lateblt\lateblt921.jpg,late_blight,irish
D:\Potato\IrishPotato37G_full\earlyblt\earlyblt2493.jpg,early_blight,irish
D:\Potato\PlantVillage\Potato___Early_blight\900514b4-8768-4370-bc53-998e390644db___RS_Early.B 7788.JPG,early_blight,plantvillage
D:\Potato\PlantVillage\Potato___Late_blight\aaf6fed2-0c7d-47b5-99df-bb6950092fe5___RS_LB 2723.JPG,late_blight,plantvillage
D:\Potato\IrishPotato37G_full\lateblt\lateblt28.jpg,late_blight,irish
D:\Potato\IrishPotato37G_full\earlyblt\earlyblt4978.jpg,early_blight,irish
D:\Potato\IrishPotato37G_full\healthy\healthy659.jpg,healthy,irish
D:\Potato\PlantVillage\Potato___Late_blight\77c271bd-0798-4336-8bea-f2a80e8e8906___RS_LB 3290.JPG,late_blight,plantvillage
D:\Potato\IrishPotato37G_full\lateblt\lateblt2097.jpg,late_blight,irish
D:\Potato\PlantVillage\Potato___Late_blight\a9c8a264-33be-48f1-bd1d-2cc6c9c8e247___RS_LB 4888.JPG,late_blight,plantvillage
D:\Potato\IrishPotato37G_full\healthy\healthy2485.jpg,healthy,irish
D:\Potato\IrishPotato37G_full\healthy\healthy1734.jpg,healthy,irish
D:\Potato\IrishPotato37G_full\healthy\healthy5607.jpg,healthy,irish
D:\Potato\IrishPotato37G_full\healthy\healthy3001.jpg,healthy,irish
D:\Potato\IrishPotato37G_full\earlyblt\earlyblt1705.jpg,early_blight,irish
D:\Potato\IrishPotato37G_full\lateblt\lateblt831.jpg,late_blight,irish
D:\Potato\IrishPotato37G_full\earlyblt\earlyblt6079.jpg,early_blight,irish
D:\Potato\IrishPotato37G_full\healthy\healthy2383.jpg,healthy,irish
D:\Potato\IrishPotato37G_full\lateblt\lateblt2601.jpg,late_blight,irish
D:\Potato\PlantVillage\Potato___Early_blight\9ce9c6dc-b20c-47f8-91e0-31886945c4bb___RS_Early.B 8094.JPG,early_blight,plantvillage
D:\Potato\PlantVillage\Potato___Early_blight\094fbf4c-da00-4037-82af-03e712d8db47___RS_Early.B 6908.JPG,early_blight,plantvillage
D:\Potato\IrishPotato37G_full\earlyblt\earlyblt738.jpg,early_blight,irish
D:\Potato\IrishPotato37G_full\lateblt\lateblt97.jpg,late_blight,irish
D:\Potato\IrishPotato37G_full\healthy\healthy1239.jpg,healthy,irish
D:\Potato\IrishPotato37G_full\healthy\healthy5459.jpg,healthy,irish
D:\Potato\PlantVillage\Potato___Late_blight\42bc0da9-199f-428f-854c-a9b05c57aa75___RS_LB 2770.JPG,late_blight,plantvillage
D:\Potato\IrishPotato37G_full\earlyblt\earlyblt6776.jpg,early_blight,irish
D:\Potato\IrishPotato37G_full\lateblt\lateblt5013.jpg,late_blight,irish
D:\Potato\IrishPotato37G_full\healthy\healthy2364.jpg,healthy,irish
D:\Potato\IrishPotato37G_full\healthy\healthy5411.jpg,healthy,irish
D:\Potato\IrishPotato37G_full\earlyblt\earlyblt2440.jpg,early_blight,irish
D:\Potato\non_leaf\coco_person\000000268729.jpg,non_leaf,coco_person
D:\Potato\PlantVillage\Potato___Early_blight\7248171d-98a5-4bf0-9a8d-5c5a8820eba9___RS_Early.B 6680.JPG,early_blight,plantvillage
D:\Potato\IrishPotato37G_full\lateblt\lateblt1161.jpg,late_blight,irish
D:\Potato\IrishPotato37G_full\healthy\healthy4871.jpg,healthy,irish
D:\Potato\non_leaf\coco_person\000000068409.jpg,non_leaf,coco_person
D:\Potato\IrishPotato37G_full\lateblt\lateblt2499.jpg,late_blight,irish
D:\Potato\non_leaf\coco_person\000000070229.jpg,non_leaf,coco_person
D:\Potato\IrishPotato37G_full\earlyblt\earlyblt2457.jpg,early_blight,irish
D:\Potato\IrishPotato37G_full\healthy\healthy3672.jpg,healthy,irish
D:\Potato\IrishPotato37G_full\healthy\healthy303.jpg,healthy,irish
D:\Potato\IrishPotato37G_full\healthy\healthy4005.jpg,healthy,irish
D:\Potato\PlantVillage\Potato___Late_blight\82e0f1d2-e996-427b-9216-6b46aedbc07f___RS_LB 4880.JPG,late_blight,plantvillage
D:\Potato\non_leaf\coco_person\000000064868.jpg,non_leaf,coco_person
D:\Potato\IrishPotato37G_full\earlyblt\earlyblt741.jpg,early_blight,irish
D:\Potato\PlantVillage\Potato___Early_blight\08029ccc-387e-4be6-9389-04f7b82fdb2a___RS_Early.B 9130.JPG,early_blight,plantvillage
D:\Potato\IrishPotato37G_full\lateblt\lateblt938.jpg,late_blight,irish
D:\Potato\IrishPotato37G_full\healthy\healthy3081.jpg,healthy,irish
D:\Potato\IrishPotato37G_full\lateblt\lateblt425.jpg,late_blight,irish
D:\Potato\IrishPotato37G_full\healthy\healthy3769.jpg,healthy,irish
D:\Potato\IrishPotato37G_full\lateblt\lateblt258.jpg,late_blight,irish
D:\Potato\IrishPotato37G_full\lateblt\lateblt2121.jpg,late_blight,irish
D:\Potato\IrishPotato37G_full\earlyblt\earlyblt3205.jpg,early_blight,irish
D:\Potato\PlantVillage\Potato___Early_blight\4d943ff8-e048-43c6-8861-4cdc6adab6a0___RS_Early.B 8726.JPG,early_blight,plantvillage
D:\Potato\IrishPotato37G_full\healthy\healthy2386.jpg,healthy,irish
D:\Potato\PlantVillage\Potato___Early_blight\67468907-b28a-4740-a9f4-ce69b93878c9___RS_Early.B 7142.JPG,early_blight,plantvillage
D:\Potato\IrishPotato37G_full\lateblt\lateblt1382.jpg,late_blight,irish
D:\Potato\IrishPotato37G_full\lateblt\lateblt31.jpg,late_blight,irish
D:\Potato\non_leaf\coco_person\000000386879.jpg,non_leaf,coco_person
D:\Potato\non_leaf\coco_person\000000066886.jpg,non_leaf,coco_person
D:\Potato\IrishPotato37G_full\lateblt\lateblt1456.jpg,late_blight,irish
D:\Potato\IrishPotato37G_full\earlyblt\earlyblt3444.jpg,early_blight,irish
D:\Potato\IrishPotato37G_full\lateblt\lateblt688.jpg,late_blight,irish
D:\Potato\IrishPotato37G_full\earlyblt\earlyblt231.jpg,early_blight,irish
D:\Potato\IrishPotato37G_full\healthy\healthy5498.jpg,healthy,irish
D:\Potato\IrishPotato37G_full\healthy\healthy958.jpg,healthy,irish
D:\Potato\IrishPotato37G_full\earlyblt\earlyblt3834.jpg,early_blight,irish
D:\Potato\IrishPotato37G_full\healthy\healthy3096.jpg,healthy,irish
D:\Potato\IrishPotato37G_full\healthy\healthy3454.jpg,healthy,irish
D:\Potato\IrishPotato37G_full\lateblt\lateblt716.jpg,late_blight,irish
D:\Potato\PlantVillage\Potato___Late_blight\c0a69909-e94c-4155-a008-20b5445c56d7___RS_LB 3909.JPG,late_blight,plantvillage
D:\Potato\IrishPotato37G_full\earlyblt\earlyblt629.jpg,early_blight,irish
D:\Potato\IrishPotato37G_full\lateblt\lateblt2745.jpg,late_blight,irish
D:\Potato\IrishPotato37G_full\earlyblt\earlyblt4979.jpg,early_blight,irish
D:\Potato\IrishPotato37G_full\earlyblt\earlyblt2011.jpg,early_blight,irish
D:\Potato\non_leaf\coco_person\000000439593.jpg,non_leaf,coco_person
D:\Potato\IrishPotato37G_full\healthy\healthy133.jpg,healthy,irish
D:\Potato\IrishPotato37G_full\earlyblt\earlyblt2687.jpg,early_blight,irish
D:\Potato\IrishPotato37G_full\lateblt\lateblt2781.jpg,late_blight,irish
D:\Potato\IrishPotato37G_full\lateblt\lateblt81.jpg,late_blight,irish
D:\Potato\IrishPotato37G_full\lateblt\lateblt778.jpg,late_blight,irish
D:\Potato\IrishPotato37G_full\healthy\healthy2208.jpg,healthy,irish
D:\Potato\IrishPotato37G_full\lateblt\lateblt2076.jpg,late_blight,irish
D:\Potato\PlantVillage\Potato___Late_blight\793aaf75-3085-4bbb-bace-33a9593c3c94___RS_LB 4847.JPG,late_blight,plantvillage
D:\Potato\IrishPotato37G_full\healthy\healthy859.jpg,healthy,irish
D:\Potato\IrishPotato37G_full\lateblt\lateblt1497.jpg,late_blight,irish
D:\Potato\IrishPotato37G_full\earlyblt\earlyblt1597.jpg,early_blight,irish
D:\Potato\IrishPotato37G_full\lateblt\lateblt1319.jpg,late_blight,irish
D:\Potato\IrishPotato37G_full\lateblt\lateblt1390.jpg,late_blight,irish
D:\Potato\IrishPotato37G_full\earlyblt\earlyblt6988.jpg,early_blight,irish
D:\Potato\non_leaf\coco_person\000000562207.jpg,non_leaf,coco_person
D:\Potato\IrishPotato37G_full\lateblt\lateblt1960.jpg,late_blight,irish
D:\Potato\IrishPotato37G_full\lateblt\lateblt2567.jpg,late_blight,irish
D:\Potato\IrishPotato37G_full\lateblt\lateblt1637.jpg,late_blight,irish
D:\Potato\non_leaf\coco_person\000000266981.jpg,non_leaf,coco_person
D:\Potato\PlantVillage\Potato___Early_blight\993bc916-4517-45cf-a5bd-90ee95dd35fd___RS_Early.B 8452.JPG,early_blight,plantvillage
D:\Potato\IrishPotato37G_full\healthy\healthy2302.jpg,healthy,irish
D:\Potato\IrishPotato37G_full\healthy\healthy2053.jpg,healthy,irish
D:\Potato\IrishPotato37G_full\healthy\healthy2528.jpg,healthy,irish
D:\Potato\IrishPotato37G_full\earlyblt\earlyblt2370.jpg,early_blight,irish
D:\Potato\IrishPotato37G_full\earlyblt\earlyblt3007.jpg,early_blight,irish
D:\Potato\IrishPotato37G_full\earlyblt\earlyblt2029.jpg,early_blight,irish
D:\Potato\non_leaf\coco_person\000000448410.jpg,non_leaf,coco_person
D:\Potato\PlantVillage\Potato___Late_blight\c63d5cca-9639-4d42-88c4-13572afa1dda___RS_LB 2747.JPG,late_blight,plantvillage
D:\Potato\IrishPotato37G_full\lateblt\lateblt2688.jpg,late_blight,irish
D:\Potato\IrishPotato37G_full\earlyblt\earlyblt297.jpg,early_blight,irish
D:\Potato\IrishPotato37G_full\earlyblt\earlyblt995.jpg,early_blight,irish
D:\Potato\IrishPotato37G_full\healthy\healthy3188.jpg,healthy,irish
D:\Potato\IrishPotato37G_full\lateblt\lateblt440.jpg,late_blight,irish
D:\Potato\non_leaf\coco_person\000000532481.jpg,non_leaf,coco_person
D:\Potato\non_leaf\coco_person\000000369541.jpg,non_leaf,coco_person
D:\Potato\non_leaf\coco_person\000000529762.jpg,non_leaf,coco_person
D:\Potato\IrishPotato37G_full\earlyblt\earlyblt217.jpg,early_blight,irish
D:\Potato\IrishPotato37G_full\lateblt\lateblt50.jpg,late_blight,irish
D:\Potato\IrishPotato37G_full\earlyblt\earlyblt3087.jpg,early_blight,irish
D:\Potato\PlantVillage\Potato___Late_blight\856b9ab9-c5af-43f1-a320-097b7380d314___RS_LB 2789.JPG,late_blight,plantvillage
D:\Potato\IrishPotato37G_full\lateblt\lateblt2960.jpg,late_blight,irish
D:\Potato\IrishPotato37G_full\lateblt\lateblt1128.jpg,late_blight,irish
D:\Potato\IrishPotato37G_full\lateblt\lateblt697.jpg,late_blight,irish
D:\Potato\IrishPotato37G_full\lateblt\lateblt2961.jpg,late_blight,irish
D:\Potato\IrishPotato37G_full\earlyblt\earlyblt6367.jpg,early_blight,irish
D:\Potato\IrishPotato37G_full\healthy\healthy4649.jpg,healthy,irish
D:\Potato\PlantVillage\Potato___Late_blight\0f243024-b1fa-4f96-ac7e-ecaf6dc5bc37___RS_LB 4925.JPG,late_blight,plantvillage
D:\Potato\IrishPotato37G_full\lateblt\lateblt438.jpg,late_blight,irish
D:\Potato\IrishPotato37G_full\healthy\healthy5628.jpg,healthy,irish
D:\Potato\non_leaf\coco_person\000000392722.jpg,non_leaf,coco_person
D:\Potato\IrishPotato37G_full\earlyblt\earlyblt6475.jpg,early_blight,irish
D:\Potato\non_leaf\coco_person\000000365521.jpg,non_leaf,coco_person
D:\Potato\PlantVillage\Potato___Late_blight\6463a976-e8e1-4698-8044-c1b6db0ef5ee___RS_LB 4741.JPG,late_blight,plantvillage
D:\Potato\IrishPotato37G_full\earlyblt\earlyblt3984.jpg,early_blight,irish
D:\Potato\IrishPotato37G_full\healthy\healthy2274.jpg,healthy,irish
D:\Potato\IrishPotato37G_full\healthy\healthy1747.jpg,healthy,irish
D:\Potato\IrishPotato37G_full\healthy\healthy67.jpg,healthy,irish
D:\Potato\IrishPotato37G_full\lateblt\lateblt950.jpg,late_blight,irish
D:\Potato\IrishPotato37G_full\healthy\healthy4896.jpg,healthy,irish
D:\Potato\IrishPotato37G_full\healthy\healthy1607.jpg,healthy,irish
D:\Potato\IrishPotato37G_full\earlyblt\earlyblt2386.jpg,early_blight,irish
D:\Potato\IrishPotato37G_full\healthy\healthy2954.jpg,healthy,irish
D:\Potato\IrishPotato37G_full\earlyblt\earlyblt747.jpg,early_blight,irish
D:\Potato\IrishPotato37G_full\healthy\healthy2755.jpg,healthy,irish
D:\Potato\IrishPotato37G_full\lateblt\lateblt2557.jpg,late_blight,irish
D:\Potato\non_leaf\coco_person\000000119365.jpg,non_leaf,coco_person
D:\Potato\PlantVillage\Potato___Late_blight\e1197d2d-980a-45b1-9ab1-5b7cc36660bc___RS_LB 3885.JPG,late_blight,plantvillage
D:\Potato\IrishPotato37G_full\lateblt\lateblt2472.jpg,late_blight,irish
D:\Potato\non_leaf\coco_person\000000016598.jpg,non_leaf,coco_person
D:\Potato\PlantVillage\Potato___healthy\7e7b6ab4-9adb-4a3b-abfb-8716b0039879___RS_HL 1921.JPG,healthy,plantvillage
D:\Potato\IrishPotato37G_full\healthy\healthy1572.jpg,healthy,irish
D:\Potato\IrishPotato37G_full\earlyblt\earlyblt2578.jpg,early_blight,irish
D:\Potato\IrishPotato37G_full\earlyblt\earlyblt6903.jpg,early_blight,irish
D:\Potato\IrishPotato37G_full\lateblt\lateblt2764.jpg,late_blight,irish
D:\Potato\IrishPotato37G_full\healthy\healthy4434.jpg,healthy,irish
D:\Potato\IrishPotato37G_full\earlyblt\earlyblt3416.jpg,early_blight,irish
D:\Potato\IrishPotato37G_full\lateblt\lateblt436.jpg,late_blight,irish
D:\Potato\PlantVillage\Potato___Late_blight\5c43ce7b-f04a-4d0d-9305-47f0d83125c5___RS_LB 5033.JPG,late_blight,plantvillage
D:\Potato\IrishPotato37G_full\healthy\healthy2874.jpg,healthy,irish
D:\Potato\PlantVillage\Potato___Early_blight\72f7fa2c-974f-42af-99c3-fd4739d64050___RS_Early.B 8772.JPG,early_blight,plantvillage
D:\Potato\IrishPotato37G_full\earlyblt\earlyblt6371.jpg,early_blight,irish
D:\Potato\IrishPotato37G_full\healthy\healthy4295.jpg,healthy,irish
D:\Potato\IrishPotato37G_full\healthy\healthy4935.jpg,healthy,irish
D:\Potato\IrishPotato37G_full\healthy\healthy4084.jpg,healthy,irish
D:\Potato\IrishPotato37G_full\earlyblt\earlyblt2684.jpg,early_blight,irish
D:\Potato\IrishPotato37G_full\lateblt\lateblt595.jpg,late_blight,irish
D:\Potato\IrishPotato37G_full\earlyblt\earlyblt3430.jpg,early_blight,irish
D:\Potato\IrishPotato37G_full\lateblt\lateblt2276.jpg,late_blight,irish
D:\Potato\IrishPotato37G_full\earlyblt\earlyblt6380.jpg,early_blight,irish
D:\Potato\IrishPotato37G_full\healthy\healthy1243.jpg,healthy,irish
D:\Potato\non_leaf\coco_person\000000341681.jpg,non_leaf,coco_person
D:\Potato\IrishPotato37G_full\earlyblt\earlyblt2883.jpg,early_blight,irish
D:\Potato\IrishPotato37G_full\earlyblt\earlyblt897.jpg,early_blight,irish
D:\Potato\IrishPotato37G_full\lateblt\lateblt845.jpg,late_blight,irish
D:\Potato\IrishPotato37G_full\healthy\healthy1517.jpg,healthy,irish
D:\Potato\PlantVillage\Potato___Early_blight\d97f6469-bef9-4276-b918-efb1a1859fb7___RS_Early.B 6958.JPG,early_blight,plantvillage
D:\Potato\IrishPotato37G_full\healthy\healthy2444.jpg,healthy,irish
D:\Potato\IrishPotato37G_full\lateblt\lateblt2462.jpg,late_blight,irish
D:\Potato\IrishPotato37G_full\healthy\healthy3022.jpg,healthy,irish
D:\Potato\IrishPotato37G_full\healthy\healthy2106.jpg,healthy,irish
D:\Potato\IrishPotato37G_full\earlyblt\earlyblt474.jpg,early_blight,irish
D:\Potato\IrishPotato37G_full\healthy\healthy1435.jpg,healthy,irish
D:\Potato\PlantVillage\Potato___Early_blight\4722a31c-987f-4fac-afa1-37479556a056___RS_Early.B 6810.JPG,early_blight,plantvillage
D:\Potato\IrishPotato37G_full\earlyblt\earlyblt1759.jpg,early_blight,irish
D:\Potato\IrishPotato37G_full\earlyblt\earlyblt1539.jpg,early_blight,irish
D:\Potato\IrishPotato37G_full\healthy\healthy3036.jpg,healthy,irish
D:\Potato\IrishPotato37G_full\lateblt\lateblt766.jpg,late_blight,irish
D:\Potato\IrishPotato37G_full\lateblt\lateblt5007.jpg,late_blight,irish
D:\Potato\IrishPotato37G_full\healthy\healthy1589.jpg,healthy,irish
D:\Potato\IrishPotato37G_full\lateblt\lateblt2083.jpg,late_blight,irish
D:\Potato\IrishPotato37G_full\healthy\healthy699.jpg,healthy,irish
D:\Potato\non_leaf\coco_person\000000423123.jpg,non_leaf,coco_person
D:\Potato\IrishPotato37G_full\earlyblt\earlyblt1858.jpg,early_blight,irish
D:\Potato\IrishPotato37G_full\lateblt\lateblt607.jpg,late_blight,irish
D:\Potato\PlantVillage\Potato___healthy\e34e563f-7a4a-4b44-bdf2-b6f96cbcd929___RS_HL 5370.JPG,healthy,plantvillage
D:\Potato\IrishPotato37G_full\lateblt\lateblt789.jpg,late_blight,irish
D:\Potato\IrishPotato37G_full\lateblt\lateblt1441.jpg,late_blight,irish
D:\Potato\IrishPotato37G_full\lateblt\lateblt1582.jpg,late_blight,irish
D:\Potato\PlantVillage\Potato___Early_blight\0e6b9e09-2bcd-41e0-b001-b80a33a8a78b___RS_Early.B 8694.JPG,early_blight,plantvillage
D:\Potato\IrishPotato37G_full\healthy\healthy4403.jpg,healthy,irish
D:\Potato\PlantVillage\Potato___Late_blight\a3bf27ee-b4ec-4f72-a25b-9d47b4cd100d___RS_LB 2889.JPG,late_blight,plantvillage
D:\Potato\IrishPotato37G_full\healthy\healthy4888.jpg,healthy,irish
D:\Potato\IrishPotato37G_full\lateblt\lateblt1346.jpg,late_blight,irish
D:\Potato\IrishPotato37G_full\earlyblt\earlyblt2634.jpg,early_blight,irish
D:\Potato\non_leaf\coco_person\000000400794.jpg,non_leaf,coco_person
D:\Potato\IrishPotato37G_full\lateblt\lateblt2146.jpg,late_blight,irish
D:\Potato\IrishPotato37G_full\earlyblt\earlyblt3142.jpg,early_blight,irish
D:\Potato\IrishPotato37G_full\earlyblt\earlyblt1189.jpg,early_blight,irish
D:\Potato\IrishPotato37G_full\lateblt\lateblt2080.jpg,late_blight,irish
D:\Potato\IrishPotato37G_full\healthy\healthy2431.jpg,healthy,irish
D:\Potato\non_leaf\coco_person\000000183127.jpg,non_leaf,coco_person
D:\Potato\IrishPotato37G_full\healthy\healthy3714.jpg,healthy,irish
D:\Potato\PlantVillage\Potato___Late_blight\5bbebfcc-4e51-47ba-948c-46be12f1c170___RS_LB 2716.JPG,late_blight,plantvillage
D:\Potato\IrishPotato37G_full\earlyblt\earlyblt1731.jpg,early_blight,irish
D:\Potato\non_leaf\coco_person\000000407083.jpg,non_leaf,coco_person
D:\Potato\IrishPotato37G_full\earlyblt\earlyblt636.jpg,early_blight,irish
D:\Potato\non_leaf\coco_person\000000142585.jpg,non_leaf,coco_person
D:\Potato\non_leaf\coco_person\000000289222.jpg,non_leaf,coco_person
D:\Potato\IrishPotato37G_full\lateblt\lateblt44.jpg,late_blight,irish
D:\Potato\PlantVillage\Potato___Early_blight\c419a9f0-5fb9-4db6-a229-5c08c36896fe___RS_Early.B 8585.JPG,early_blight,plantvillage
D:\Potato\IrishPotato37G_full\healthy\healthy4120.jpg,healthy,irish
D:\Potato\non_leaf\coco_person\000000374052.jpg,non_leaf,coco_person
D:\Potato\IrishPotato37G_full\lateblt\lateblt2990.jpg,late_blight,irish
D:\Potato\IrishPotato37G_full\healthy\healthy3759.jpg,healthy,irish
D:\Potato\IrishPotato37G_full\earlyblt\earlyblt6628.jpg,early_blight,irish
D:\Potato\IrishPotato37G_full\lateblt\lateblt912.jpg,late_blight,irish
D:\Potato\IrishPotato37G_full\healthy\healthy3381.jpg,healthy,irish
D:\Potato\non_leaf\coco_person\000000071711.jpg,non_leaf,coco_person
D:\Potato\IrishPotato37G_full\earlyblt\earlyblt1515.jpg,early_blight,irish
D:\Potato\non_leaf\coco_person\000000180560.jpg,non_leaf,coco_person
D:\Potato\IrishPotato37G_full\earlyblt\earlyblt1688.jpg,early_blight,irish
D:\Potato\IrishPotato37G_full\earlyblt\earlyblt498.jpg,early_blight,irish
D:\Potato\IrishPotato37G_full\healthy\healthy3419.jpg,healthy,irish
D:\Potato\IrishPotato37G_full\lateblt\lateblt1955.jpg,late_blight,irish
D:\Potato\IrishPotato37G_full\lateblt\lateblt2848.jpg,late_blight,irish
D:\Potato\IrishPotato37G_full\healthy\healthy2998.jpg,healthy,irish
D:\Potato\IrishPotato37G_full\lateblt\lateblt1183.jpg,late_blight,irish
D:\Potato\IrishPotato37G_full\earlyblt\earlyblt427.jpg,early_blight,irish
D:\Potato\IrishPotato37G_full\lateblt\lateblt5015.jpg,late_blight,irish
D:\Potato\IrishPotato37G_full\earlyblt\earlyblt178.jpg,early_blight,irish
D:\Potato\PlantVillage\Potato___Late_blight\4cc2dba7-6871-481d-8989-07ea683e58b5___RS_LB 4979.JPG,late_blight,plantvillage
D:\Potato\IrishPotato37G_full\healthy\healthy4300.jpg,healthy,irish
D:\Potato\IrishPotato37G_full\lateblt\lateblt764.jpg,late_blight,irish
D:\Potato\IrishPotato37G_full\lateblt\lateblt1384.jpg,late_blight,irish
D:\Potato\IrishPotato37G_full\earlyblt\earlyblt3181.jpg,early_blight,irish
D:\Potato\PlantVillage\Potato___Late_blight\4bccc3ae-4246-48f8-9c07-f4a1d5856314___RS_LB 2760.JPG,late_blight,plantvillage
D:\Potato\IrishPotato37G_full\earlyblt\earlyblt2878.jpg,early_blight,irish
D:\Potato\non_leaf\coco_person\000000309655.jpg,non_leaf,coco_person
D:\Potato\IrishPotato37G_full\lateblt\lateblt2452.jpg,late_blight,irish
D:\Potato\IrishPotato37G_full\healthy\healthy2277.jpg,healthy,irish
D:\Potato\PlantVillage\Potato___Late_blight\2425fba0-8d06-4f05-9d0c-258c39777a37___RS_LB 4915.JPG,late_blight,plantvillage
D:\Potato\IrishPotato37G_full\healthy\healthy2963.jpg,healthy,irish
D:\Potato\non_leaf\coco_person\000000427034.jpg,non_leaf,coco_person
D:\Potato\non_leaf\coco_person\000000479126.jpg,non_leaf,coco_person
D:\Potato\IrishPotato37G_full\lateblt\lateblt2210.jpg,late_blight,irish
D:\Potato\IrishPotato37G_full\lateblt\lateblt1900.jpg,late_blight,irish
D:\Potato\IrishPotato37G_full\earlyblt\earlyblt3882.jpg,early_blight,irish
D:\Potato\IrishPotato37G_full\healthy\healthy4441.jpg,healthy,irish
D:\Potato\IrishPotato37G_full\earlyblt\earlyblt6766.jpg,early_blight,irish
D:\Potato\IrishPotato37G_full\lateblt\lateblt2876.jpg,late_blight,irish
D:\Potato\IrishPotato37G_full\lateblt\lateblt2099.jpg,late_blight,irish
D:\Potato\IrishPotato37G_full\healthy\healthy2468.jpg,healthy,irish
D:\Potato\non_leaf\coco_person\000000370486.jpg,non_leaf,coco_person
D:\Potato\IrishPotato37G_full\healthy\healthy769.jpg,healthy,irish
D:\Potato\IrishPotato37G_full\earlyblt\earlyblt1992.jpg,early_blight,irish
D:\Potato\IrishPotato37G_full\lateblt\lateblt2658.jpg,late_blight,irish
D:\Potato\IrishPotato37G_full\earlyblt\earlyblt1066.jpg,early_blight,irish
D:\Potato\IrishPotato37G_full\lateblt\lateblt2407.jpg,late_blight,irish
D:\Potato\IrishPotato37G_full\earlyblt\earlyblt1550.jpg,early_blight,irish
D:\Potato\IrishPotato37G_full\lateblt\lateblt842.jpg,late_blight,irish
D:\Potato\IrishPotato37G_full\healthy\healthy845.jpg,healthy,irish
D:\Potato\IrishPotato37G_full\lateblt\lateblt5017.jpg,late_blight,irish
D:\Potato\IrishPotato37G_full\healthy\healthy1377.jpg,healthy,irish
D:\Potato\PlantVillage\Potato___Late_blight\a221647c-0dda-468b-93f9-81f50b14ff81___RS_LB 3942.JPG,late_blight,plantvillage
D:\Potato\IrishPotato37G_full\healthy\healthy3401.jpg,healthy,irish
D:\Potato\IrishPotato37G_full\healthy\healthy4452.jpg,healthy,irish
D:\Potato\IrishPotato37G_full\earlyblt\earlyblt842.jpg,early_blight,irish
D:\Potato\PlantVillage\Potato___Late_blight\0085ef03-aec3-431a-99a1-de286e10c0cf___RS_LB 2949.JPG,late_blight,plantvillage
D:\Potato\IrishPotato37G_full\lateblt\lateblt2790.jpg,late_blight,irish
D:\Potato\PlantVillage\Potato___healthy\b28c43f9-5844-4e9b-86bf-36bc114cae07___RS_HL 1736.JPG,healthy,plantvillage
D:\Potato\IrishPotato37G_full\lateblt\lateblt293.jpg,late_blight,irish
D:\Potato\IrishPotato37G_full\earlyblt\earlyblt202.jpg,early_blight,irish
D:\Potato\IrishPotato37G_full\lateblt\lateblt1508.jpg,late_blight,irish
D:\Potato\IrishPotato37G_full\earlyblt\earlyblt1516.jpg,early_blight,irish
D:\Potato\IrishPotato37G_full\lateblt\lateblt5043.jpg,late_blight,irish
D:\Potato\IrishPotato37G_full\healthy\healthy4860.jpg,healthy,irish
D:\Potato\IrishPotato37G_full\earlyblt\earlyblt3225.jpg,early_blight,irish
D:\Potato\IrishPotato37G_full\healthy\healthy2466.jpg,healthy,irish
D:\Potato\IrishPotato37G_full\lateblt\lateblt2984.jpg,late_blight,irish
D:\Potato\non_leaf\coco_person\000000447314.jpg,non_leaf,coco_person
D:\Potato\IrishPotato37G_full\earlyblt\earlyblt3180.jpg,early_blight,irish
D:\Potato\IrishPotato37G_full\lateblt\lateblt2650.jpg,late_blight,irish
D:\Potato\IrishPotato37G_full\lateblt\lateblt505.jpg,late_blight,irish
D:\Potato\IrishPotato37G_full\healthy\healthy3738.jpg,healthy,irish
D:\Potato\IrishPotato37G_full\lateblt\lateblt35.jpg,late_blight,irish
D:\Potato\PlantVillage\Potato___Early_blight\2cf993b6-98e7-4678-aea5-9177ea3b63bd___RS_Early.B 7692.JPG,early_blight,plantvillage
D:\Potato\IrishPotato37G_full\earlyblt\earlyblt6022.jpg,early_blight,irish
D:\Potato\IrishPotato37G_full\lateblt\lateblt2936.jpg,late_blight,irish
D:\Potato\PlantVillage\Potato___Late_blight\22b19227-ae7e-495e-9fe0-d286fbcf9412___RS_LB 3996.JPG,late_blight,plantvillage
D:\Potato\IrishPotato37G_full\lateblt\lateblt1130.jpg,late_blight,irish
D:\Potato\IrishPotato37G_full\lateblt\lateblt2756.jpg,late_blight,irish
D:\Potato\IrishPotato37G_full\earlyblt\earlyblt2063.jpg,early_blight,irish
D:\Potato\IrishPotato37G_full\earlyblt\earlyblt644.jpg,early_blight,irish
D:\Potato\IrishPotato37G_full\healthy\healthy3483.jpg,healthy,irish
D:\Potato\IrishPotato37G_full\earlyblt\earlyblt1099.jpg,early_blight,irish
D:\Potato\IrishPotato37G_full\healthy\healthy2044.jpg,healthy,irish
D:\Potato\IrishPotato37G_full\earlyblt\earlyblt803.jpg,early_blight,irish
D:\Potato\IrishPotato37G_full\lateblt\lateblt2887.jpg,late_blight,irish
D:\Potato\IrishPotato37G_full\earlyblt\earlyblt7015.jpg,early_blight,irish
D:\Potato\IrishPotato37G_full\healthy\healthy2351.jpg,healthy,irish
D:\Potato\PlantVillage\Potato___Late_blight\e9429874-1098-43af-bc38-0acc0b93f4f9___RS_LB 2682.JPG,late_blight,plantvillage
D:\Potato\IrishPotato37G_full\earlyblt\earlyblt2765.jpg,early_blight,irish
D:\Potato\IrishPotato37G_full\lateblt\lateblt599.jpg,late_blight,irish
D:\Potato\IrishPotato37G_full\healthy\healthy4132.jpg,healthy,irish
D:\Potato\IrishPotato37G_full\earlyblt\earlyblt4942.jpg,early_blight,irish
D:\Potato\non_leaf\coco_person\000000420840.jpg,non_leaf,coco_person
D:\Potato\IrishPotato37G_full\lateblt\lateblt1992.jpg,late_blight,irish
D:\Potato\IrishPotato37G_full\lateblt\lateblt2197.jpg,late_blight,irish
D:\Potato\non_leaf\coco_person\000000461751.jpg,non_leaf,coco_person
D:\Potato\IrishPotato37G_full\lateblt\lateblt2710.jpg,late_blight,irish
D:\Potato\IrishPotato37G_full\lateblt\lateblt2170.jpg,late_blight,irish
D:\Potato\IrishPotato37G_full\healthy\healthy1495.jpg,healthy,irish
D:\Potato\IrishPotato37G_full\earlyblt\earlyblt2989.jpg,early_blight,irish
D:\Potato\IrishPotato37G_full\lateblt\lateblt791.jpg,late_blight,irish
D:\Potato\IrishPotato37G_full\earlyblt\earlyblt346.jpg,early_blight,irish
D:\Potato\PlantVillage\Potato___Late_blight\d879aaf6-d557-4607-b7a0-ecbb3761f152___RS_LB 4723.JPG,late_blight,plantvillage
D:\Potato\IrishPotato37G_full\lateblt\lateblt1365.jpg,late_blight,irish
D:\Potato\IrishPotato37G_full\earlyblt\earlyblt795.jpg,early_blight,irish
D:\Potato\IrishPotato37G_full\lateblt\lateblt149.jpg,late_blight,irish
D:\Potato\non_leaf\coco_person\000000478721.jpg,non_leaf,coco_person
D:\Potato\IrishPotato37G_full\lateblt\lateblt948.jpg,late_blight,irish
D:\Potato\IrishPotato37G_full\earlyblt\earlyblt2649.jpg,early_blight,irish
D:\Potato\IrishPotato37G_full\earlyblt\earlyblt6639.jpg,early_blight,irish
D:\Potato\IrishPotato37G_full\earlyblt\earlyblt3147.jpg,early_blight,irish
D:\Potato\IrishPotato37G_full\earlyblt\earlyblt6313.jpg,early_blight,irish
D:\Potato\IrishPotato37G_full\healthy\healthy4677.jpg,healthy,irish
D:\Potato\IrishPotato37G_full\earlyblt\earlyblt941.jpg,early_blight,irish
D:\Potato\IrishPotato37G_full\earlyblt\earlyblt2009.jpg,early_blight,irish
D:\Potato\IrishPotato37G_full\earlyblt\earlyblt3828.jpg,early_blight,irish
D:\Potato\IrishPotato37G_full\earlyblt\earlyblt1446.jpg,early_blight,irish
D:\Potato\IrishPotato37G_full\healthy\healthy5639.jpg,healthy,irish
D:\Potato\IrishPotato37G_full\healthy\healthy1265.jpg,healthy,irish
D:\Potato\IrishPotato37G_full\earlyblt\earlyblt3034.jpg,early_blight,irish
D:\Potato\non_leaf\coco_person\000000097924.jpg,non_leaf,coco_person
D:\Potato\IrishPotato37G_full\lateblt\lateblt1467.jpg,late_blight,irish
D:\Potato\IrishPotato37G_full\healthy\healthy1715.jpg,healthy,irish
D:\Potato\IrishPotato37G_full\healthy\healthy2043.jpg,healthy,irish
D:\Potato\non_leaf\coco_person\000000142971.jpg,non_leaf,coco_person
D:\Potato\non_leaf\coco_person\000000347174.jpg,non_leaf,coco_person
D:\Potato\IrishPotato37G_full\lateblt\lateblt2892.jpg,late_blight,irish
D:\Potato\IrishPotato37G_full\lateblt\lateblt1588.jpg,late_blight,irish
D:\Potato\IrishPotato37G_full\earlyblt\earlyblt2089.jpg,early_blight,irish
D:\Potato\IrishPotato37G_full\healthy\healthy711.jpg,healthy,irish
D:\Potato\IrishPotato37G_full\earlyblt\earlyblt6352.jpg,early_blight,irish
D:\Potato\IrishPotato37G_full\healthy\healthy2813.jpg,healthy,irish
D:\Potato\PlantVillage\Potato___Late_blight\55c87fde-32cc-474c-a25a-1846d39aa6f4___RS_LB 2683.JPG,late_blight,plantvillage
D:\Potato\IrishPotato37G_full\healthy\healthy2143.jpg,healthy,irish
D:\Potato\IrishPotato37G_full\lateblt\lateblt2914.jpg,late_blight,irish
D:\Potato\IrishPotato37G_full\earlyblt\earlyblt6218.jpg,early_blight,irish
D:\Potato\non_leaf\coco_person\000000085376.jpg,non_leaf,coco_person
D:\Potato\IrishPotato37G_full\lateblt\lateblt2138.jpg,late_blight,irish
D:\Potato\IrishPotato37G_full\lateblt\lateblt406.jpg,late_blight,irish
D:\Potato\IrishPotato37G_full\healthy\healthy4054.jpg,healthy,irish
D:\Potato\PlantVillage\Potato___Late_blight\525c5249-eccb-4c23-b5b7-e9d103857432___RS_LB 4077.JPG,late_blight,plantvillage
D:\Potato\IrishPotato37G_full\lateblt\lateblt1421.jpg,late_blight,irish
D:\Potato\IrishPotato37G_full\lateblt\lateblt934.jpg,late_blight,irish
D:\Potato\IrishPotato37G_full\earlyblt\earlyblt2520.jpg,early_blight,irish
D:\Potato\non_leaf\coco_person\000000066771.jpg,non_leaf,coco_person
D:\Potato\IrishPotato37G_full\healthy\healthy1164.jpg,healthy,irish
D:\Potato\non_leaf\coco_person\000000181499.jpg,non_leaf,coco_person
D:\Potato\IrishPotato37G_full\lateblt\lateblt2000.jpg,late_blight,irish
D:\Potato\IrishPotato37G_full\healthy\healthy3425.jpg,healthy,irish
D:\Potato\IrishPotato37G_full\earlyblt\earlyblt3228.jpg,early_blight,irish
D:\Potato\IrishPotato37G_full\lateblt\lateblt910.jpg,late_blight,irish
D:\Potato\non_leaf\coco_person\000000297353.jpg,non_leaf,coco_person
D:\Potato\IrishPotato37G_full\earlyblt\earlyblt6793.jpg,early_blight,irish
D:\Potato\IrishPotato37G_full\earlyblt\earlyblt823.jpg,early_blight,irish
D:\Potato\non_leaf\coco_person\000000579321.jpg,non_leaf,coco_person
D:\Potato\PlantVillage\Potato___Early_blight\34d2260c-888c-419c-b32c-938efa379b97___RS_Early.B 8253.JPG,early_blight,plantvillage
D:\Potato\IrishPotato37G_full\lateblt\lateblt2295.jpg,late_blight,irish
D:\Potato\non_leaf\coco_person\000000319607.jpg,non_leaf,coco_person
D:\Potato\IrishPotato37G_full\earlyblt\earlyblt6720.jpg,early_blight,irish
D:\Potato\IrishPotato37G_full\lateblt\lateblt2517.jpg,late_blight,irish
D:\Potato\PlantVillage\Potato___Early_blight\ae38f458-d36e-43ce-95a5-45b775692d8d___RS_Early.B 8644.JPG,early_blight,plantvillage
D:\Potato\IrishPotato37G_full\lateblt\lateblt1139.jpg,late_blight,irish
D:\Potato\IrishPotato37G_full\lateblt\lateblt2788.jpg,late_blight,irish
D:\Potato\IrishPotato37G_full\lateblt\lateblt409.jpg,late_blight,irish
D:\Potato\IrishPotato37G_full\healthy\healthy3479.jpg,healthy,irish
D:\Potato\IrishPotato37G_full\healthy\healthy345.jpg,healthy,irish
D:\Potato\IrishPotato37G_full\healthy\healthy108.jpg,healthy,irish
D:\Potato\IrishPotato37G_full\lateblt\lateblt1670.jpg,late_blight,irish
D:\Potato\IrishPotato37G_full\healthy\healthy3781.jpg,healthy,irish
D:\Potato\IrishPotato37G_full\earlyblt\earlyblt229.jpg,early_blight,irish
D:\Potato\IrishPotato37G_full\lateblt\lateblt49.jpg,late_blight,irish
D:\Potato\PlantVillage\Potato___Late_blight\e4d454e4-c1e4-4597-8e76-77a93465b41d___RS_LB 2868.JPG,late_blight,plantvillage
D:\Potato\PlantVillage\Potato___Early_blight\4f5ed8b8-7266-451d-a726-c1dbba2e5381___RS_Early.B 7384.JPG,early_blight,plantvillage
D:\Potato\IrishPotato37G_full\healthy\healthy74.jpg,healthy,irish
D:\Potato\IrishPotato37G_full\earlyblt\earlyblt3201.jpg,early_blight,irish
D:\Potato\IrishPotato37G_full\lateblt\lateblt2797.jpg,late_blight,irish
D:\Potato\PlantVillage\Potato___Early_blight\f9461507-6875-43f7-800d-502ffdb8ec05___RS_Early.B 7604.JPG,early_blight,plantvillage
D:\Potato\non_leaf\coco_person\000000025386.jpg,non_leaf,coco_person
D:\Potato\non_leaf\coco_person\000000311928.jpg,non_leaf,coco_person
D:\Potato\PlantVillage\Potato___Late_blight\e01f9ba8-74b9-48d8-b96c-ac48463a4d29___RS_LB 2857.JPG,late_blight,plantvillage
D:\Potato\IrishPotato37G_full\lateblt\lateblt1551.jpg,late_blight,irish
D:\Potato\non_leaf\coco_person\000000179141.jpg,non_leaf,coco_person
D:\Potato\non_leaf\coco_person\000000287291.jpg,non_leaf,coco_person
D:\Potato\IrishPotato37G_full\earlyblt\earlyblt2001.jpg,early_blight,irish
D:\Potato\PlantVillage\Potato___Early_blight\1367d3e9-74fe-4d61-ab24-dd389dcb5d54___RS_Early.B 8011.JPG,early_blight,plantvillage
D:\Potato\IrishPotato37G_full\lateblt\lateblt2045.jpg,late_blight,irish
D:\Potato\IrishPotato37G_full\lateblt\lateblt942.jpg,late_blight,irish
D:\Potato\IrishPotato37G_full\earlyblt\earlyblt234.jpg,early_blight,irish
D:\Potato\PlantVillage\Potato___Early_blight\8f0e2872-e5c6-43b2-97f9-269da00cd400___RS_Early.B 8089.JPG,early_blight,plantvillage
D:\Potato\IrishPotato37G_full\healthy\healthy3795.jpg,healthy,irish
D:\Potato\IrishPotato37G_full\earlyblt\earlyblt2728.jpg,early_blight,irish
D:\Potato\IrishPotato37G_full\healthy\healthy1156.jpg,healthy,irish
D:\Potato\IrishPotato37G_full\earlyblt\earlyblt2861.jpg,early_blight,irish
D:\Potato\PlantVillage\Potato___Late_blight\76bea797-306c-4fc5-a868-69394fed05d4___RS_LB 2900.JPG,late_blight,plantvillage
D:\Potato\IrishPotato37G_full\lateblt\lateblt94.jpg,late_blight,irish
D:\Potato\IrishPotato37G_full\healthy\healthy4211.jpg,healthy,irish
D:\Potato\PlantVillage\Potato___Late_blight\acf05b32-0d7e-423c-96b2-f78b6fdf975d___RS_LB 5309.JPG,late_blight,plantvillage
D:\Potato\IrishPotato37G_full\healthy\healthy5463.jpg,healthy,irish
D:\Potato\IrishPotato37G_full\healthy\healthy107.jpg,healthy,irish
D:\Potato\IrishPotato37G_full\healthy\healthy539.jpg,healthy,irish
D:\Potato\IrishPotato37G_full\lateblt\lateblt2687.jpg,late_blight,irish
D:\Potato\IrishPotato37G_full\lateblt\lateblt1496.jpg,late_blight,irish
D:\Potato\IrishPotato37G_full\healthy\healthy195.jpg,healthy,irish
D:\Potato\IrishPotato37G_full\lateblt\lateblt1194.jpg,late_blight,irish
D:\Potato\IrishPotato37G_full\lateblt\lateblt2455.jpg,late_blight,irish
D:\Potato\IrishPotato37G_full\earlyblt\earlyblt2262.jpg,early_blight,irish
D:\Potato\IrishPotato37G_full\healthy\healthy4697.jpg,healthy,irish
D:\Potato\IrishPotato37G_full\healthy\healthy3940.jpg,healthy,irish
D:\Potato\IrishPotato37G_full\healthy\healthy4450.jpg,healthy,irish
D:\Potato\PlantVillage\Potato___Late_blight\dac53cd2-477e-4f7b-a59d-bb9018eec686___RS_LB 2879.JPG,late_blight,plantvillage
D:\Potato\IrishPotato37G_full\lateblt\lateblt83.jpg,late_blight,irish
D:\Potato\IrishPotato37G_full\earlyblt\earlyblt6676.jpg,early_blight,irish
D:\Potato\IrishPotato37G_full\lateblt\lateblt2267.jpg,late_blight,irish
D:\Potato\IrishPotato37G_full\lateblt\lateblt5033.jpg,late_blight,irish
D:\Potato\IrishPotato37G_full\earlyblt\earlyblt1684.jpg,early_blight,irish
D:\Potato\IrishPotato37G_full\healthy\healthy3167.jpg,healthy,irish
D:\Potato\IrishPotato37G_full\healthy\healthy4348.jpg,healthy,irish
D:\Potato\IrishPotato37G_full\healthy\healthy3376.jpg,healthy,irish
D:\Potato\IrishPotato37G_full\earlyblt\earlyblt2754.jpg,early_blight,irish
D:\Potato\IrishPotato37G_full\earlyblt\earlyblt7005.jpg,early_blight,irish
D:\Potato\PlantVillage\Potato___Late_blight\a896e0bb-67a4-4762-b74a-1c58b14622b0___RS_LB 5013.JPG,late_blight,plantvillage
D:\Potato\PlantVillage\Potato___Late_blight\3d4ddc33-b13b-4f7e-8689-1cf82532ef8e___RS_LB 3162.JPG,late_blight,plantvillage
D:\Potato\IrishPotato37G_full\earlyblt\earlyblt4689.jpg,early_blight,irish
D:\Potato\non_leaf\coco_person\000000056350.jpg,non_leaf,coco_person
D:\Potato\IrishPotato37G_full\healthy\healthy996.jpg,healthy,irish
D:\Potato\IrishPotato37G_full\healthy\healthy3989.jpg,healthy,irish
D:\Potato\IrishPotato37G_full\earlyblt\earlyblt401.jpg,early_blight,irish
D:\Potato\PlantVillage\Potato___Early_blight\a50c5f93-a5db-4eaf-9d82-2e420d2351e7___RS_Early.B 7060.JPG,early_blight,plantvillage
D:\Potato\PlantVillage\Potato___Early_blight\0f9c098f-a6df-4a73-8c14-8e7d4dbb1b0b___RS_Early.B 7991.JPG,early_blight,plantvillage
D:\Potato\IrishPotato37G_full\lateblt\lateblt145.jpg,late_blight,irish
D:\Potato\IrishPotato37G_full\lateblt\lateblt969.jpg,late_blight,irish
D:\Potato\IrishPotato37G_full\lateblt\lateblt1915.jpg,late_blight,irish
D:\Potato\IrishPotato37G_full\earlyblt\earlyblt1824.jpg,early_blight,irish
D:\Potato\IrishPotato37G_full\lateblt\lateblt2693.jpg,late_blight,irish
D:\Potato\non_leaf\coco_person\000000028993.jpg,non_leaf,coco_person
D:\Potato\IrishPotato37G_full\lateblt\lateblt1971.jpg,late_blight,irish
D:\Potato\IrishPotato37G_full\earlyblt\earlyblt2557.jpg,early_blight,irish
D:\Potato\IrishPotato37G_full\lateblt\lateblt2818.jpg,late_blight,irish
D:\Potato\IrishPotato37G_full\lateblt\lateblt442.jpg,late_blight,irish
D:\Potato\PlantVillage\Potato___Early_blight\d9303294-b0d9-4066-85d1-4ef58977b78e___RS_Early.B 7337.JPG,early_blight,plantvillage
D:\Potato\IrishPotato37G_full\earlyblt\earlyblt1010.jpg,early_blight,irish
D:\Potato\IrishPotato37G_full\earlyblt\earlyblt2866.jpg,early_blight,irish
D:\Potato\PlantVillage\Potato___Late_blight\de63bbba-d8d0-4e74-95d7-6d5adfcd0955___RS_LB 3222.JPG,late_blight,plantvillage
D:\Potato\IrishPotato37G_full\healthy\healthy4027.jpg,healthy,irish
D:\Potato\IrishPotato37G_full\lateblt\lateblt768.jpg,late_blight,irish
D:\Potato\non_leaf\coco_person\000000531134.jpg,non_leaf,coco_person
D:\Potato\PlantVillage\Potato___Early_blight\677662b1-2c4e-4d93-b4fd-950815b9d2c8___RS_Early.B 8813.JPG,early_blight,plantvillage
D:\Potato\IrishPotato37G_full\healthy\healthy2259.jpg,healthy,irish
D:\Potato\IrishPotato37G_full\lateblt\lateblt2174.jpg,late_blight,irish
D:\Potato\IrishPotato37G_full\earlyblt\earlyblt674.jpg,early_blight,irish
D:\Potato\IrishPotato37G_full\healthy\healthy1508.jpg,healthy,irish
D:\Potato\PlantVillage\Potato___Early_blight\2b6f9564-80a2-4db7-a5e6-72be5ef33a71___RS_Early.B 8009.JPG,early_blight,plantvillage
D:\Potato\IrishPotato37G_full\healthy\healthy5249.jpg,healthy,irish
D:\Potato\IrishPotato37G_full\lateblt\lateblt2401.jpg,late_blight,irish
D:\Potato\IrishPotato37G_full\lateblt\lateblt2244.jpg,late_blight,irish
D:\Potato\IrishPotato37G_full\healthy\healthy1567.jpg,healthy,irish
D:\Potato\IrishPotato37G_full\lateblt\lateblt2167.jpg,late_blight,irish
D:\Potato\IrishPotato37G_full\healthy\healthy5206.jpg,healthy,irish
D:\Potato\IrishPotato37G_full\lateblt\lateblt2782.jpg,late_blight,irish
D:\Potato\PlantVillage\Potato___Early_blight\d2dcbc63-47c6-4a67-914b-cb1e117b58b0___RS_Early.B 7159.JPG,early_blight,plantvillage
D:\Potato\non_leaf\coco_person\000000575081.jpg,non_leaf,coco_person
D:\Potato\PlantVillage\Potato___healthy\52dd2fdd-6966-450c-a42b-ee14428d4271___RS_HL 1955.JPG,healthy,plantvillage
D:\Potato\IrishPotato37G_full\healthy\healthy3990.jpg,healthy,irish
D:\Potato\IrishPotato37G_full\earlyblt\earlyblt2204.jpg,early_blight,irish
D:\Potato\IrishPotato37G_full\healthy\healthy1737.jpg,healthy,irish
D:\Potato\non_leaf\coco_person\000000182805.jpg,non_leaf,coco_person
D:\Potato\PlantVillage\Potato___Early_blight\d50dde4d-fe2f-4e8c-b336-69be71e34ce8___RS_Early.B 6905.JPG,early_blight,plantvillage
D:\Potato\non_leaf\coco_person\000000505638.jpg,non_leaf,coco_person
D:\Potato\IrishPotato37G_full\lateblt\lateblt1936.jpg,late_blight,irish
D:\Potato\PlantVillage\Potato___Late_blight\b340ff00-3d44-4394-90c5-797dc39f8389___RS_LB 4953.JPG,late_blight,plantvillage
D:\Potato\IrishPotato37G_full\earlyblt\earlyblt2479.jpg,early_blight,irish
D:\Potato\IrishPotato37G_full\lateblt\lateblt2126.jpg,late_blight,irish
D:\Potato\IrishPotato37G_full\earlyblt\earlyblt122.jpg,early_blight,irish
D:\Potato\IrishPotato37G_full\lateblt\lateblt1622.jpg,late_blight,irish
D:\Potato\PlantVillage\Potato___Early_blight\f217f3ba-56fa-4f97-bf9a-07697e08e845___RS_Early.B 9161.JPG,early_blight,plantvillage
D:\Potato\IrishPotato37G_full\healthy\healthy984.jpg,healthy,irish
D:\Potato\IrishPotato37G_full\healthy\healthy2292.jpg,healthy,irish
D:\Potato\IrishPotato37G_full\earlyblt\earlyblt3239.jpg,early_blight,irish
D:\Potato\IrishPotato37G_full\earlyblt\earlyblt1080.jpg,early_blight,irish
D:\Potato\non_leaf\coco_person\000000448263.jpg,non_leaf,coco_person
D:\Potato\IrishPotato37G_full\lateblt\lateblt2971.jpg,late_blight,irish
D:\Potato\PlantVillage\Potato___healthy\2ccb9ee9-faac-4d32-9af5-29497fa2e028___RS_HL 1837.JPG,healthy,plantvillage
D:\Potato\IrishPotato37G_full\lateblt\lateblt826.jpg,late_blight,irish
D:\Potato\PlantVillage\Potato___Late_blight\9caba61f-ea63-4ea5-9d85-1f22b6a1a006___RS_LB 4451.JPG,late_blight,plantvillage
D:\Potato\IrishPotato37G_full\earlyblt\earlyblt3921.jpg,early_blight,irish
D:\Potato\IrishPotato37G_full\earlyblt\earlyblt1847.jpg,early_blight,irish
D:\Potato\IrishPotato37G_full\healthy\healthy2552.jpg,healthy,irish
D:\Potato\IrishPotato37G_full\earlyblt\earlyblt3001.jpg,early_blight,irish
D:\Potato\IrishPotato37G_full\earlyblt\earlyblt6093.jpg,early_blight,irish
D:\Potato\IrishPotato37G_full\lateblt\lateblt2952.jpg,late_blight,irish
D:\Potato\IrishPotato37G_full\healthy\healthy3575.jpg,healthy,irish
D:\Potato\IrishPotato37G_full\healthy\healthy3044.jpg,healthy,irish
D:\Potato\PlantVillage\Potato___healthy\03da9931-e514-4cc7-b04a-8f474a133ce5___RS_HL 1830.JPG,healthy,plantvillage
D:\Potato\PlantVillage\Potato___Late_blight\e766a563-c87a-4d14-ae00-898ce62e15d4___RS_LB 5123.JPG,late_blight,plantvillage
D:\Potato\IrishPotato37G_full\earlyblt\earlyblt1587.jpg,early_blight,irish
D:\Potato\IrishPotato37G_full\earlyblt\earlyblt1921.jpg,early_blight,irish
D:\Potato\PlantVillage\Potato___Late_blight\939a9a98-cbc9-4b83-bb47-395f26d7fddd___RS_LB 4293.JPG,late_blight,plantvillage
D:\Potato\IrishPotato37G_full\lateblt\lateblt736.jpg,late_blight,irish
D:\Potato\non_leaf\coco_person\000000038048.jpg,non_leaf,coco_person
D:\Potato\IrishPotato37G_full\healthy\healthy1478.jpg,healthy,irish
D:\Potato\PlantVillage\Potato___Late_blight\c77d14df-faac-47e9-97e1-fc84a7aa6e74___RS_LB 4322.JPG,late_blight,plantvillage
D:\Potato\IrishPotato37G_full\earlyblt\earlyblt2571.jpg,early_blight,irish
D:\Potato\IrishPotato37G_full\healthy\healthy2879.jpg,healthy,irish
D:\Potato\IrishPotato37G_full\lateblt\lateblt2577.jpg,late_blight,irish
D:\Potato\IrishPotato37G_full\earlyblt\earlyblt2886.jpg,early_blight,irish
D:\Potato\non_leaf\coco_person\000000094871.jpg,non_leaf,coco_person
D:\Potato\IrishPotato37G_full\earlyblt\earlyblt2858.jpg,early_blight,irish
D:\Potato\PlantVillage\Potato___Early_blight\1131b92e-ef46-441e-ac5f-c18ac09bf69a___RS_Early.B 8064.JPG,early_blight,plantvillage
D:\Potato\IrishPotato37G_full\lateblt\lateblt1505.jpg,late_blight,irish
D:\Potato\PlantVillage\Potato___Late_blight\5fe37f29-fe15-42ac-93b5-90aa5337bd55___RS_LB 2514.JPG,late_blight,plantvillage
D:\Potato\non_leaf\coco_person\000000263425.jpg,non_leaf,coco_person
D:\Potato\IrishPotato37G_full\lateblt\lateblt852.jpg,late_blight,irish
D:\Potato\PlantVillage\Potato___Late_blight\9a179173-fbfb-4e92-9959-58b826625c9b___RS_LB 4761.JPG,late_blight,plantvillage
D:\Potato\IrishPotato37G_full\earlyblt\earlyblt1128.jpg,early_blight,irish
D:\Potato\PlantVillage\Potato___Late_blight\5d85a25d-ed5a-459d-89fc-8bc9118518bc___RS_LB 4646.JPG,late_blight,plantvillage
D:\Potato\IrishPotato37G_full\lateblt\lateblt604.jpg,late_blight,irish
D:\Potato\IrishPotato37G_full\lateblt\lateblt758.jpg,late_blight,irish
D:\Potato\IrishPotato37G_full\healthy\healthy931.jpg,healthy,irish
D:\Potato\IrishPotato37G_full\lateblt\lateblt566.jpg,late_blight,irish
D:\Potato\IrishPotato37G_full\healthy\healthy3057.jpg,healthy,irish
D:\Potato\IrishPotato37G_full\earlyblt\earlyblt1197.jpg,early_blight,irish
D:\Potato\IrishPotato37G_full\earlyblt\earlyblt6221.jpg,early_blight,irish
D:\Potato\IrishPotato37G_full\lateblt\lateblt1563.jpg,late_blight,irish
D:\Potato\IrishPotato37G_full\lateblt\lateblt5012.jpg,late_blight,irish
D:\Potato\IrishPotato37G_full\lateblt\lateblt1545.jpg,late_blight,irish
D:\Potato\IrishPotato37G_full\earlyblt\earlyblt6439.jpg,early_blight,irish
D:\Potato\IrishPotato37G_full\healthy\healthy1373.jpg,healthy,irish
D:\Potato\IrishPotato37G_full\healthy\healthy642.jpg,healthy,irish
D:\Potato\PlantVillage\Potato___Early_blight\a4ac4e39-1342-4b1d-806a-98789876a701___RS_Early.B 8953.JPG,early_blight,plantvillage
D:\Potato\non_leaf\coco_person\000000568213.jpg,non_leaf,coco_person
D:\Potato\IrishPotato37G_full\earlyblt\earlyblt892.jpg,early_blight,irish
D:\Potato\IrishPotato37G_full\lateblt\lateblt1401.jpg,late_blight,irish
D:\Potato\IrishPotato37G_full\healthy\healthy168.jpg,healthy,irish
D:\Potato\non_leaf\coco_person\000000463690.jpg,non_leaf,coco_person
D:\Potato\IrishPotato37G_full\earlyblt\earlyblt3730.jpg,early_blight,irish
D:\Potato\IrishPotato37G_full\earlyblt\earlyblt907.jpg,early_blight,irish
D:\Potato\IrishPotato37G_full\healthy\healthy2022.jpg,healthy,irish
D:\Potato\PlantVillage\Potato___Late_blight\7514a101-a131-449a-9dcd-80ba8733f124___RS_LB 4879.JPG,late_blight,plantvillage
D:\Potato\IrishPotato37G_full\earlyblt\earlyblt2205.jpg,early_blight,irish
D:\Potato\IrishPotato37G_full\healthy\healthy1288.jpg,healthy,irish
D:\Potato\IrishPotato37G_full\healthy\healthy3139.jpg,healthy,irish
D:\Potato\IrishPotato37G_full\healthy\healthy2054.jpg,healthy,irish
D:\Potato\IrishPotato37G_full\healthy\healthy4180.jpg,healthy,irish
D:\Potato\IrishPotato37G_full\healthy\healthy3943.jpg,healthy,irish
D:\Potato\IrishPotato37G_full\lateblt\lateblt2920.jpg,late_blight,irish
D:\Potato\IrishPotato37G_full\lateblt\lateblt2931.jpg,late_blight,irish
D:\Potato\IrishPotato37G_full\earlyblt\earlyblt6219.jpg,early_blight,irish
D:\Potato\IrishPotato37G_full\earlyblt\earlyblt3162.jpg,early_blight,irish
D:\Potato\IrishPotato37G_full\earlyblt\earlyblt245.jpg,early_blight,irish
D:\Potato\IrishPotato37G_full\earlyblt\earlyblt4770.jpg,early_blight,irish
D:\Potato\IrishPotato37G_full\earlyblt\earlyblt2665.jpg,early_blight,irish
D:\Potato\IrishPotato37G_full\lateblt\lateblt141.jpg,late_blight,irish
D:\Potato\IrishPotato37G_full\healthy\healthy1132.jpg,healthy,irish
D:\Potato\IrishPotato37G_full\healthy\healthy3466.jpg,healthy,irish
D:\Potato\IrishPotato37G_full\healthy\healthy2428.jpg,healthy,irish
D:\Potato\IrishPotato37G_full\lateblt\lateblt1438.jpg,late_blight,irish
D:\Potato\IrishPotato37G_full\lateblt\lateblt1396.jpg,late_blight,irish
D:\Potato\IrishPotato37G_full\healthy\healthy3452.jpg,healthy,irish
D:\Potato\IrishPotato37G_full\healthy\healthy4064.jpg,healthy,irish
D:\Potato\IrishPotato37G_full\earlyblt\earlyblt213.jpg,early_blight,irish
D:\Potato\IrishPotato37G_full\healthy\healthy370.jpg,healthy,irish
D:\Potato\IrishPotato37G_full\lateblt\lateblt1374.jpg,late_blight,irish
D:\Potato\IrishPotato37G_full\earlyblt\earlyblt233.jpg,early_blight,irish
D:\Potato\IrishPotato37G_full\healthy\healthy5458.jpg,healthy,irish
D:\Potato\IrishPotato37G_full\earlyblt\earlyblt6001.jpg,early_blight,irish
D:\Potato\IrishPotato37G_full\lateblt\lateblt2933.jpg,late_blight,irish
D:\Potato\IrishPotato37G_full\lateblt\lateblt298.jpg,late_blight,irish
D:\Potato\IrishPotato37G_full\lateblt\lateblt414.jpg,late_blight,irish
D:\Potato\PlantVillage\Potato___Late_blight\dc0ad08c-a096-4ad2-9a69-597c10e12f71___RS_LB 4869.JPG,late_blight,plantvillage
D:\Potato\IrishPotato37G_full\lateblt\lateblt669.jpg,late_blight,irish
D:\Potato\PlantVillage\Potato___Early_blight\d3240683-1636-4373-84aa-01ce594c19a0___RS_Early.B 8340.JPG,early_blight,plantvillage
D:\Potato\IrishPotato37G_full\earlyblt\earlyblt3170.jpg,early_blight,irish
D:\Potato\non_leaf\coco_person\000000516143.jpg,non_leaf,coco_person
D:\Potato\IrishPotato37G_full\earlyblt\earlyblt1060.jpg,early_blight,irish
D:\Potato\IrishPotato37G_full\lateblt\lateblt2752.jpg,late_blight,irish
D:\Potato\IrishPotato37G_full\lateblt\lateblt2824.jpg,late_blight,irish
D:\Potato\IrishPotato37G_full\lateblt\lateblt2586.jpg,late_blight,irish
D:\Potato\IrishPotato37G_full\earlyblt\earlyblt789.jpg,early_blight,irish
D:\Potato\PlantVillage\Potato___Late_blight\87c99be5-a930-410f-8529-e79e030cba0c___RS_LB 5294.JPG,late_blight,plantvillage
D:\Potato\IrishPotato37G_full\healthy\healthy53.jpg,healthy,irish
D:\Potato\IrishPotato37G_full\earlyblt\earlyblt3845.jpg,early_blight,irish
D:\Potato\IrishPotato37G_full\healthy\healthy880.jpg,healthy,irish
D:\Potato\IrishPotato37G_full\earlyblt\earlyblt6454.jpg,early_blight,irish
D:\Potato\IrishPotato37G_full\earlyblt\earlyblt311.jpg,early_blight,irish
D:\Potato\IrishPotato37G_full\lateblt\lateblt2659.jpg,late_blight,irish
D:\Potato\IrishPotato37G_full\earlyblt\earlyblt1132.jpg,early_blight,irish
D:\Potato\IrishPotato37G_full\earlyblt\earlyblt1028.jpg,early_blight,irish
D:\Potato\IrishPotato37G_full\healthy\healthy4070.jpg,healthy,irish
D:\Potato\IrishPotato37G_full\earlyblt\earlyblt6901.jpg,early_blight,irish
D:\Potato\IrishPotato37G_full\lateblt\lateblt2478.jpg,late_blight,irish
D:\Potato\IrishPotato37G_full\healthy\healthy5633.jpg,healthy,irish
D:\Potato\IrishPotato37G_full\healthy\healthy3363.jpg,healthy,irish
D:\Potato\IrishPotato37G_full\earlyblt\earlyblt2991.jpg,early_blight,irish
D:\Potato\PlantVillage\Potato___Early_blight\3b090cee-ba51-44c2-9cc6-4581db95070e___RS_Early.B 7789.JPG,early_blight,plantvillage
D:\Potato\PlantVillage\Potato___Early_blight\f3ad73cc-2e88-4157-97ea-d57d87c5760c___RS_Early.B 6687.JPG,early_blight,plantvillage
D:\Potato\IrishPotato37G_full\earlyblt\earlyblt4916.jpg,early_blight,irish
D:\Potato\IrishPotato37G_full\healthy\healthy980.jpg,healthy,irish
D:\Potato\IrishPotato37G_full\lateblt\lateblt126.jpg,late_blight,irish
D:\Potato\IrishPotato37G_full\lateblt\lateblt1316.jpg,late_blight,irish
D:\Potato\IrishPotato37G_full\lateblt\lateblt2093.jpg,late_blight,irish
D:\Potato\IrishPotato37G_full\healthy\healthy4191.jpg,healthy,irish
D:\Potato\non_leaf\coco_person\000000529762.jpg,non_leaf,coco_person
D:\Potato\IrishPotato37G_full\earlyblt\earlyblt6690.jpg,early_blight,irish
D:\Potato\IrishPotato37G_full\lateblt\lateblt1309.jpg,late_blight,irish
D:\Potato\IrishPotato37G_full\healthy\healthy2501.jpg,healthy,irish
D:\Potato\non_leaf\coco_person\000000094185.jpg,non_leaf,coco_person
D:\Potato\IrishPotato37G_full\healthy\healthy13.jpg,healthy,irish
D:\Potato\IrishPotato37G_full\healthy\healthy2750.jpg,healthy,irish
D:\Potato\IrishPotato37G_full\healthy\healthy1524.jpg,healthy,irish
D:\Potato\PlantVillage\Potato___Late_blight\4337f628-ff14-4603-9120-8639c78cacea___RS_LB 3183.JPG,late_blight,plantvillage
D:\Potato\IrishPotato37G_full\lateblt\lateblt71.jpg,late_blight,irish
D:\Potato\PlantVillage\Potato___healthy\43fd6ace-3712-494a-9aba-de5482d22561___RS_HL 1968.JPG,healthy,plantvillage
D:\Potato\IrishPotato37G_full\earlyblt\earlyblt142.jpg,early_blight,irish
D:\Potato\IrishPotato37G_full\earlyblt\earlyblt3700.jpg,early_blight,irish
D:\Potato\IrishPotato37G_full\lateblt\lateblt1342.jpg,late_blight,irish
D:\Potato\non_leaf\coco_person\000000025386.jpg,non_leaf,coco_person
D:\Potato\IrishPotato37G_full\healthy\healthy1220.jpg,healthy,irish
D:\Potato\PlantVillage\Potato___Early_blight\1d2ec63e-acfb-4a80-ba21-853a724fff4a___RS_Early.B 8083.JPG,early_blight,plantvillage
D:\Potato\non_leaf\coco_person\000000326174.jpg,non_leaf,coco_person
D:\Potato\IrishPotato37G_full\earlyblt\earlyblt3997.jpg,early_blight,irish
D:\Potato\IrishPotato37G_full\healthy\healthy1281.jpg,healthy,irish
D:\Potato\IrishPotato37G_full\healthy\healthy4039.jpg,healthy,irish
D:\Potato\IrishPotato37G_full\lateblt\lateblt1110.jpg,late_blight,irish
D:\Potato\PlantVillage\Potato___Late_blight\97babc05-67f1-49d4-9821-6fb8294da5e8___RS_LB 4541.JPG,late_blight,plantvillage
D:\Potato\IrishPotato37G_full\healthy\healthy140.jpg,healthy,irish
D:\Potato\IrishPotato37G_full\lateblt\lateblt1326.jpg,late_blight,irish
D:\Potato\non_leaf\coco_person\000000276024.jpg,non_leaf,coco_person
D:\Potato\IrishPotato37G_full\earlyblt\earlyblt920.jpg,early_blight,irish
D:\Potato\PlantVillage\Potato___Late_blight\a84f32fc-ec8a-42e9-9f43-9efcf6493199___RS_LB 4884.JPG,late_blight,plantvillage
D:\Potato\IrishPotato37G_full\healthy\healthy3780.jpg,healthy,irish
D:\Potato\IrishPotato37G_full\healthy\healthy744.jpg,healthy,irish
D:\Potato\IrishPotato37G_full\healthy\healthy5148.jpg,healthy,irish
D:\Potato\non_leaf\coco_person\000000243867.jpg,non_leaf,coco_person
D:\Potato\non_leaf\coco_person\000000032570.jpg,non_leaf,coco_person
D:\Potato\IrishPotato37G_full\healthy\healthy873.jpg,healthy,irish
D:\Potato\IrishPotato37G_full\healthy\healthy1198.jpg,healthy,irish
D:\Potato\IrishPotato37G_full\healthy\healthy3493.jpg,healthy,irish
D:\Potato\IrishPotato37G_full\earlyblt\earlyblt6327.jpg,early_blight,irish
D:\Potato\non_leaf\coco_person\000000312720.jpg,non_leaf,coco_person
D:\Potato\IrishPotato37G_full\earlyblt\earlyblt1095.jpg,early_blight,irish
D:\Potato\IrishPotato37G_full\lateblt\lateblt1410.jpg,late_blight,irish
D:\Potato\PlantVillage\Potato___Early_blight\f32a2d3d-9ac5-426c-81d1-bc279def9ba4___RS_Early.B 7636.JPG,early_blight,plantvillage
D:\Potato\IrishPotato37G_full\earlyblt\earlyblt3810.jpg,early_blight,irish
D:\Potato\PlantVillage\Potato___Early_blight\211094c5-4983-49ff-a92e-b992039bd048___RS_Early.B 6927.JPG,early_blight,plantvillage
D:\Potato\IrishPotato37G_full\lateblt\lateblt2566.jpg,late_blight,irish
D:\Potato\non_leaf\coco_person\000000312720.jpg,non_leaf,coco_person
D:\Potato\PlantVillage\Potato___Early_blight\5fa695b2-89f6-4c5e-b62f-2be61e2ad23a___RS_Early.B 7232.JPG,early_blight,plantvillage
D:\Potato\IrishPotato37G_full\lateblt\lateblt166.jpg,late_blight,irish
D:\Potato\IrishPotato37G_full\healthy\healthy598.jpg,healthy,irish
D:\Potato\IrishPotato37G_full\healthy\healthy398.jpg,healthy,irish
D:\Potato\IrishPotato37G_full\earlyblt\earlyblt259.jpg,early_blight,irish
D:\Potato\IrishPotato37G_full\healthy\healthy123.jpg,healthy,irish
D:\Potato\IrishPotato37G_full\earlyblt\earlyblt2609.jpg,early_blight,irish
D:\Potato\PlantVillage\Potato___Early_blight\61d53ca2-a8e2-4e5d-b8cd-3f9608b74fc1___RS_Early.B 6746.JPG,early_blight,plantvillage
D:\Potato\PlantVillage\Potato___Early_blight\203357f4-1deb-42b2-99ed-32df34aa166c___RS_Early.B 6780.JPG,early_blight,plantvillage
D:\Potato\IrishPotato37G_full\healthy\healthy4894.jpg,healthy,irish
D:\Potato\IrishPotato37G_full\earlyblt\earlyblt1020.jpg,early_blight,irish
D:\Potato\IrishPotato37G_full\lateblt\lateblt835.jpg,late_blight,irish
D:\Potato\PlantVillage\Potato___Late_blight\bb81b8a0-3d1e-4cef-aeb5-31ac32f1761a___RS_LB 5268.JPG,late_blight,plantvillage
D:\Potato\PlantVillage\Potato___healthy\929107f1-4ae9-4dae-8319-ae7cf4804236___RS_HL 1932.JPG,healthy,plantvillage
D:\Potato\IrishPotato37G_full\earlyblt\earlyblt6310.jpg,early_blight,irish
D:\Potato\IrishPotato37G_full\lateblt\lateblt2983.jpg,late_blight,irish
D:\Potato\IrishPotato37G_full\earlyblt\earlyblt6997.jpg,early_blight,irish
D:\Potato\PlantVillage\Potato___Early_blight\b8e08567-5193-41a4-b637-140b503830d9___RS_Early.B 9133.JPG,early_blight,plantvillage
D:\Potato\PlantVillage\Potato___Late_blight\df6898c4-f3a1-4ff2-8f44-3bc45a8d4ec5___RS_LB 3316.JPG,late_blight,plantvillage
D:\Potato\IrishPotato37G_full\lateblt\lateblt1555.jpg,late_blight,irish
D:\Potato\PlantVillage\Potato___Late_blight\5e0acf9e-2d13-40bb-912c-e32a844fdd78___RS_LB 5292.JPG,late_blight,plantvillage
D:\Potato\IrishPotato37G_full\lateblt\lateblt5021.jpg,late_blight,irish
D:\Potato\IrishPotato37G_full\earlyblt\earlyblt6278.jpg,early_blight,irish
D:\Potato\IrishPotato37G_full\earlyblt\earlyblt2597.jpg,early_blight,irish
D:\Potato\PlantVillage\Potato___Early_blight\fc1ab935-21b3-42e7-a870-02fd71c5d845___RS_Early.B 6894.JPG,early_blight,plantvillage
D:\Potato\PlantVillage\Potato___Early_blight\306c45ac-6f97-4b7e-9fad-1c8c39870138___RS_Early.B 7673.JPG,early_blight,plantvillage
D:\Potato\non_leaf\coco_person\000000470779.jpg,non_leaf,coco_person
D:\Potato\non_leaf\coco_person\000000134886.jpg,non_leaf,coco_person
D:\Potato\IrishPotato37G_full\lateblt\lateblt2753.jpg,late_blight,irish
D:\Potato\IrishPotato37G_full\earlyblt\earlyblt3222.jpg,early_blight,irish
D:\Potato\IrishPotato37G_full\healthy\healthy3024.jpg,healthy,irish
D:\Potato\IrishPotato37G_full\earlyblt\earlyblt1483.jpg,early_blight,irish
D:\Potato\PlantVillage\Potato___Early_blight\d1b4cb77-db0e-42db-b1c0-25d222844241___RS_Early.B 7130.JPG,early_blight,plantvillage
D:\Potato\PlantVillage\Potato___Early_blight\c5464947-d6f8-4d5e-9cad-009db19adf67___RS_Early.B 7181.JPG,early_blight,plantvillage
D:\Potato\IrishPotato37G_full\lateblt\lateblt2700.jpg,late_blight,irish
D:\Potato\IrishPotato37G_full\earlyblt\earlyblt1528.jpg,early_blight,irish
D:\Potato\IrishPotato37G_full\earlyblt\earlyblt2867.jpg,early_blight,irish
D:\Potato\IrishPotato37G_full\lateblt\lateblt2649.jpg,late_blight,irish
D:\Potato\non_leaf\coco_person\000000534827.jpg,non_leaf,coco_person
D:\Potato\IrishPotato37G_full\lateblt\lateblt2054.jpg,late_blight,irish
D:\Potato\PlantVillage\Potato___Late_blight\d5a52702-2160-4f20-a1d8-49db59f83f9a___RS_LB 3213.JPG,late_blight,plantvillage
D:\Potato\IrishPotato37G_full\healthy\healthy4004.jpg,healthy,irish
D:\Potato\non_leaf\coco_person\000000520832.jpg,non_leaf,coco_person
D:\Potato\PlantVillage\Potato___Early_blight\d9a1cd5f-e2f2-49f7-b5f1-22cf02eb5ba4___RS_Early.B 8891.JPG,early_blight,plantvillage
D:\Potato\PlantVillage\Potato___Late_blight\bc91cb1b-aece-4108-92db-839a106351a5___RS_LB 3087.JPG,late_blight,plantvillage
D:\Potato\IrishPotato37G_full\healthy\healthy4705.jpg,healthy,irish
D:\Potato\IrishPotato37G_full\earlyblt\earlyblt753.jpg,early_blight,irish
D:\Potato\IrishPotato37G_full\earlyblt\earlyblt1666.jpg,early_blight,irish
D:\Potato\IrishPotato37G_full\healthy\healthy5446.jpg,healthy,irish
D:\Potato\PlantVillage\Potato___Late_blight\1d4acd15-f2b9-4a2e-87da-9d5a2cc6a642___RS_LB 2752.JPG,late_blight,plantvillage
D:\Potato\PlantVillage\Potato___Early_blight\1328ae8b-76e1-42e9-a0c4-7dd0612fdf99___RS_Early.B 8303.JPG,early_blight,plantvillage
D:\Potato\IrishPotato37G_full\lateblt\lateblt2644.jpg,late_blight,irish
D:\Potato\IrishPotato37G_full\lateblt\lateblt646.jpg,late_blight,irish
D:\Potato\PlantVillage\Potato___Late_blight\80bdc2a3-66b8-4d95-abe7-65c7806f7cbf___RS_LB 3073.JPG,late_blight,plantvillage
D:\Potato\IrishPotato37G_full\healthy\healthy3345.jpg,healthy,irish
D:\Potato\PlantVillage\Potato___Early_blight\71ab124e-93ba-4d4e-ae53-68ac12fcb858___RS_Early.B 8129.JPG,early_blight,plantvillage
D:\Potato\IrishPotato37G_full\healthy\healthy970.jpg,healthy,irish
D:\Potato\IrishPotato37G_full\lateblt\lateblt1694.jpg,late_blight,irish
D:\Potato\PlantVillage\Potato___Late_blight\2438dfce-68a1-4026-a006-4c99a0f6259b___RS_LB 5116.JPG,late_blight,plantvillage
D:\Potato\non_leaf\coco_person\000000550691.jpg,non_leaf,coco_person
D:\Potato\PlantVillage\Potato___healthy\b9ea902d-e557-4fa5-893b-39a7a57c0121___RS_HL 1893.JPG,healthy,plantvillage
D:\Potato\IrishPotato37G_full\earlyblt\earlyblt3167.jpg,early_blight,irish
D:\Potato\IrishPotato37G_full\healthy\healthy509.jpg,healthy,irish
D:\Potato\IrishPotato37G_full\lateblt\lateblt517.jpg,late_blight,irish
D:\Potato\IrishPotato37G_full\earlyblt\earlyblt3285.jpg,early_blight,irish
D:\Potato\IrishPotato37G_full\earlyblt\earlyblt4869.jpg,early_blight,irish
D:\Potato\non_leaf\coco_person\000000225405.jpg,non_leaf,coco_person
D:\Potato\PlantVillage\Potato___Late_blight\04bbcc55-93d3-4a19-9137-8de036a8a4db___RS_LB 2647.JPG,late_blight,plantvillage
D:\Potato\IrishPotato37G_full\lateblt\lateblt2746.jpg,late_blight,irish
D:\Potato\PlantVillage\Potato___Early_blight\cf38c261-5bae-4b5d-92b4-16c634557d2a___RS_Early.B 7169.JPG,early_blight,plantvillage
D:\Potato\IrishPotato37G_full\lateblt\lateblt2600.jpg,late_blight,irish
D:\Potato\IrishPotato37G_full\healthy\healthy4708.jpg,healthy,irish
D:\Potato\IrishPotato37G_full\healthy\healthy2407.jpg,healthy,irish
D:\Potato\IrishPotato37G_full\healthy\healthy1277.jpg,healthy,irish
D:\Potato\IrishPotato37G_full\lateblt\lateblt1493.jpg,late_blight,irish
D:\Potato\IrishPotato37G_full\earlyblt\earlyblt2101.jpg,early_blight,irish
D:\Potato\IrishPotato37G_full\earlyblt\earlyblt2770.jpg,early_blight,irish
D:\Potato\IrishPotato37G_full\healthy\healthy3616.jpg,healthy,irish
D:\Potato\IrishPotato37G_full\earlyblt\earlyblt1808.jpg,early_blight,irish
D:\Potato\IrishPotato37G_full\healthy\healthy4238.jpg,healthy,irish
D:\Potato\IrishPotato37G_full\lateblt\lateblt922.jpg,late_blight,irish
D:\Potato\IrishPotato37G_full\lateblt\lateblt1686.jpg,late_blight,irish
D:\Potato\IrishPotato37G_full\healthy\healthy4343.jpg,healthy,irish
D:\Potato\IrishPotato37G_full\lateblt\lateblt1167.jpg,late_blight,irish
D:\Potato\IrishPotato37G_full\healthy\healthy2293.jpg,healthy,irish
D:\Potato\IrishPotato37G_full\lateblt\lateblt979.jpg,late_blight,irish
D:\Potato\IrishPotato37G_full\lateblt\lateblt2681.jpg,late_blight,irish
D:\Potato\IrishPotato37G_full\lateblt\lateblt2214.jpg,late_blight,irish
D:\Potato\IrishPotato37G_full\healthy\healthy1656.jpg,healthy,irish
D:\Potato\IrishPotato37G_full\earlyblt\earlyblt4678.jpg,early_blight,irish
D:\Potato\IrishPotato37G_full\earlyblt\earlyblt2407.jpg,early_blight,irish
D:\Potato\IrishPotato37G_full\lateblt\lateblt118.jpg,late_blight,irish
D:\Potato\PlantVillage\Potato___Late_blight\07ff77ae-07b4-4a2d-9c4a-bb89bb4fb1ef___RS_LB 2985.JPG,late_blight,plantvillage
D:\Potato\IrishPotato37G_full\lateblt\lateblt1566.jpg,late_blight,irish
D:\Potato\IrishPotato37G_full\lateblt\lateblt1100.jpg,late_blight,irish
D:\Potato\IrishPotato37G_full\healthy\healthy5480.jpg,healthy,irish
D:\Potato\IrishPotato37G_full\lateblt\lateblt859.jpg,late_blight,irish
D:\Potato\IrishPotato37G_full\healthy\healthy2776.jpg,healthy,irish
D:\Potato\IrishPotato37G_full\healthy\healthy4124.jpg,healthy,irish
D:\Potato\IrishPotato37G_full\healthy\healthy1440.jpg,healthy,irish
D:\Potato\IrishPotato37G_full\earlyblt\earlyblt6773.jpg,early_blight,irish
D:\Potato\PlantVillage\Potato___healthy\b0fe9fe9-52e7-40e4-b4c0-769f1a0c7fb9___RS_HL 4175.JPG,healthy,plantvillage
D:\Potato\IrishPotato37G_full\lateblt\lateblt6.jpg,late_blight,irish
D:\Potato\IrishPotato37G_full\earlyblt\earlyblt331.jpg,early_blight,irish
D:\Potato\IrishPotato37G_full\healthy\healthy4961.jpg,healthy,irish
D:\Potato\non_leaf\coco_person\000000381587.jpg,non_leaf,coco_person
D:\Potato\non_leaf\coco_person\000000173008.jpg,non_leaf,coco_person
D:\Potato\PlantVillage\Potato___Early_blight\b328c22c-c9c6-41fd-9bac-daf2f26143b1___RS_Early.B 6854.JPG,early_blight,plantvillage
D:\Potato\IrishPotato37G_full\healthy\healthy314.jpg,healthy,irish
D:\Potato\IrishPotato37G_full\earlyblt\earlyblt6719.jpg,early_blight,irish
D:\Potato\IrishPotato37G_full\healthy\healthy584.jpg,healthy,irish
D:\Potato\IrishPotato37G_full\earlyblt\earlyblt679.jpg,early_blight,irish
D:\Potato\IrishPotato37G_full\healthy\healthy2484.jpg,healthy,irish
D:\Potato\non_leaf\coco_person\000000425226.jpg,non_leaf,coco_person
D:\Potato\non_leaf\coco_person\000000466125.jpg,non_leaf,coco_person
D:\Potato\IrishPotato37G_full\healthy\healthy800.jpg,healthy,irish
D:\Potato\IrishPotato37G_full\lateblt\lateblt625.jpg,late_blight,irish
D:\Potato\IrishPotato37G_full\healthy\healthy4617.jpg,healthy,irish
D:\Potato\IrishPotato37G_full\healthy\healthy1400.jpg,healthy,irish
D:\Potato\IrishPotato37G_full\earlyblt\earlyblt4891.jpg,early_blight,irish
D:\Potato\IrishPotato37G_full\healthy\healthy1754.jpg,healthy,irish
D:\Potato\non_leaf\coco_person\000000297147.jpg,non_leaf,coco_person
D:\Potato\PlantVillage\Potato___Late_blight\22d5cf8c-308f-417d-9b05-b00a0791ecef___RS_LB 4797.JPG,late_blight,plantvillage
D:\Potato\IrishPotato37G_full\healthy\healthy2180.jpg,healthy,irish
D:\Potato\IrishPotato37G_full\healthy\healthy1148.jpg,healthy,irish
D:\Potato\IrishPotato37G_full\lateblt\lateblt5065.jpg,late_blight,irish
D:\Potato\IrishPotato37G_full\healthy\healthy4640.jpg,healthy,irish
D:\Potato\IrishPotato37G_full\healthy\healthy2568.jpg,healthy,irish
D:\Potato\IrishPotato37G_full\lateblt\lateblt412.jpg,late_blight,irish
D:\Potato\IrishPotato37G_full\healthy\healthy4761.jpg,healthy,irish
D:\Potato\IrishPotato37G_full\lateblt\lateblt1181.jpg,late_blight,irish
D:\Potato\PlantVillage\Potato___Early_blight\11e974fa-928f-45f6-b983-e74c74c7d163___RS_Early.B 7992.JPG,early_blight,plantvillage
D:\Potato\PlantVillage\Potato___Late_blight\1c6ec55e-182e-4b7c-b416-07029edfc970___RS_LB 3950.JPG,late_blight,plantvillage
D:\Potato\IrishPotato37G_full\lateblt\lateblt641.jpg,late_blight,irish
D:\Potato\PlantVillage\Potato___Early_blight\2b3e46d9-09dd-4966-99c6-fe44c741b94c___RS_Early.B 8290.JPG,early_blight,plantvillage
D:\Potato\IrishPotato37G_full\earlyblt\earlyblt1025.jpg,early_blight,irish
D:\Potato\IrishPotato37G_full\earlyblt\earlyblt2982.jpg,early_blight,irish
D:\Potato\PlantVillage\Potato___Early_blight\4e7faad5-4f3c-432a-8a71-bbe198aece77___RS_Early.B 7354.JPG,early_blight,plantvillage
D:\Potato\PlantVillage\Potato___Late_blight\36fc1631-634b-42d3-a865-cc858557a8a8___RS_LB 4427.JPG,late_blight,plantvillage
D:\Potato\IrishPotato37G_full\healthy\healthy1554.jpg,healthy,irish
D:\Potato\IrishPotato37G_full\earlyblt\earlyblt6934.jpg,early_blight,irish
D:\Potato\IrishPotato37G_full\earlyblt\earlyblt1187.jpg,early_blight,irish
D:\Potato\IrishPotato37G_full\lateblt\lateblt1537.jpg,late_blight,irish
D:\Potato\IrishPotato37G_full\healthy\healthy2056.jpg,healthy,irish
D:\Potato\IrishPotato37G_full\earlyblt\earlyblt2955.jpg,early_blight,irish
D:\Potato\IrishPotato37G_full\earlyblt\earlyblt4910.jpg,early_blight,irish
D:\Potato\IrishPotato37G_full\earlyblt\earlyblt2433.jpg,early_blight,irish
D:\Potato\IrishPotato37G_full\healthy\healthy4188.jpg,healthy,irish
D:\Potato\PlantVillage\Potato___Early_blight\9ebf9d7d-0cfe-44f5-9126-89c70d38321a___RS_Early.B 8986.JPG,early_blight,plantvillage
D:\Potato\IrishPotato37G_full\lateblt\lateblt1490.jpg,late_blight,irish
D:\Potato\IrishPotato37G_full\healthy\healthy5279.jpg,healthy,irish
D:\Potato\IrishPotato37G_full\earlyblt\earlyblt906.jpg,early_blight,irish
D:\Potato\IrishPotato37G_full\lateblt\lateblt465.jpg,late_blight,irish
D:\Potato\IrishPotato37G_full\lateblt\lateblt1461.jpg,late_blight,irish
D:\Potato\IrishPotato37G_full\earlyblt\earlyblt832.jpg,early_blight,irish
D:\Potato\IrishPotato37G_full\earlyblt\earlyblt2086.jpg,early_blight,irish
D:\Potato\PlantVillage\Potato___Late_blight\b5442887-db0b-4b94-a6f1-18505731a599___RS_LB 4969.JPG,late_blight,plantvillage
D:\Potato\non_leaf\coco_person\000000477805.jpg,non_leaf,coco_person
D:\Potato\IrishPotato37G_full\earlyblt\earlyblt3919.jpg,early_blight,irish
D:\Potato\IrishPotato37G_full\healthy\healthy4419.jpg,healthy,irish
D:\Potato\IrishPotato37G_full\lateblt\lateblt5040.jpg,late_blight,irish
D:\Potato\non_leaf\coco_person\000000239717.jpg,non_leaf,coco_person
D:\Potato\IrishPotato37G_full\healthy\healthy2821.jpg,healthy,irish
D:\Potato\PlantVillage\Potato___Late_blight\84e85005-c647-4381-8762-c487074c9571___RS_LB 5186.JPG,late_blight,plantvillage
D:\Potato\IrishPotato37G_full\earlyblt\earlyblt6900.jpg,early_blight,irish
D:\Potato\non_leaf\coco_person\000000240250.jpg,non_leaf,coco_person
D:\Potato\IrishPotato37G_full\earlyblt\earlyblt3203.jpg,early_blight,irish
D:\Potato\IrishPotato37G_full\lateblt\lateblt403.jpg,late_blight,irish
D:\Potato\non_leaf\coco_person\000000526728.jpg,non_leaf,coco_person
D:\Potato\IrishPotato37G_full\healthy\healthy2917.jpg,healthy,irish
D:\Potato\IrishPotato37G_full\lateblt\lateblt1170.jpg,late_blight,irish
D:\Potato\PlantVillage\Potato___Late_blight\86323439-ca8d-4819-ae81-800e50f85770___RS_LB 2826.JPG,late_blight,plantvillage
D:\Potato\IrishPotato37G_full\earlyblt\earlyblt617.jpg,early_blight,irish
D:\Potato\IrishPotato37G_full\healthy\healthy49.jpg,healthy,irish
D:\Potato\IrishPotato37G_full\lateblt\lateblt573.jpg,late_blight,irish
D:\Potato\IrishPotato37G_full\lateblt\lateblt2634.jpg,late_blight,irish
D:\Potato\IrishPotato37G_full\healthy\healthy3472.jpg,healthy,irish
D:\Potato\IrishPotato37G_full\lateblt\lateblt2573.jpg,late_blight,irish
D:\Potato\PlantVillage\Potato___Late_blight\4664efe7-50ae-4a32-b818-2ec7f3881471___RS_LB 4478.JPG,late_blight,plantvillage
D:\Potato\IrishPotato37G_full\healthy\healthy4604.jpg,healthy,irish
D:\Potato\IrishPotato37G_full\healthy\healthy4612.jpg,healthy,irish
D:\Potato\IrishPotato37G_full\lateblt\lateblt2430.jpg,late_blight,irish
D:\Potato\PlantVillage\Potato___Late_blight\440adc9e-3f21-4373-ab9a-ed003c3588f3___RS_LB 4152.JPG,late_blight,plantvillage
D:\Potato\PlantVillage\Potato___healthy\b42621c3-f751-46e1-a8d2-83ed85b90554___RS_HL 1740.JPG,healthy,plantvillage
D:\Potato\IrishPotato37G_full\lateblt\lateblt1562.jpg,late_blight,irish
D:\Potato\IrishPotato37G_full\lateblt\lateblt2272.jpg,late_blight,irish
D:\Potato\IrishPotato37G_full\lateblt\lateblt1149.jpg,late_blight,irish
D:\Potato\IrishPotato37G_full\earlyblt\earlyblt3299.jpg,early_blight,irish
D:\Potato\IrishPotato37G_full\lateblt\lateblt218.jpg,late_blight,irish
D:\Potato\IrishPotato37G_full\lateblt\lateblt961.jpg,late_blight,irish
D:\Potato\IrishPotato37G_full\earlyblt\earlyblt4964.jpg,early_blight,irish
D:\Potato\non_leaf\coco_person\000000199442.jpg,non_leaf,coco_person
D:\Potato\IrishPotato37G_full\lateblt\lateblt2508.jpg,late_blight,irish
D:\Potato\non_leaf\coco_person\000000066771.jpg,non_leaf,coco_person
D:\Potato\IrishPotato37G_full\earlyblt\earlyblt2599.jpg,early_blight,irish
D:\Potato\IrishPotato37G_full\earlyblt\earlyblt1979.jpg,early_blight,irish
D:\Potato\IrishPotato37G_full\lateblt\lateblt2826.jpg,late_blight,irish
D:\Potato\IrishPotato37G_full\earlyblt\earlyblt3242.jpg,early_blight,irish
D:\Potato\IrishPotato37G_full\earlyblt\earlyblt6351.jpg,early_blight,irish
D:\Potato\IrishPotato37G_full\lateblt\lateblt2195.jpg,late_blight,irish
D:\Potato\PlantVillage\Potato___Late_blight\65bab626-51a1-4d16-ab9c-ddd25f4e2e33___RS_LB 4927.JPG,late_blight,plantvillage
D:\Potato\IrishPotato37G_full\lateblt\lateblt2878.jpg,late_blight,irish
D:\Potato\PlantVillage\Potato___Late_blight\6a687e1b-15c3-4752-b428-e14cbe85feab___RS_LB 2803.JPG,late_blight,plantvillage
D:\Potato\PlantVillage\Potato___Early_blight\24fb74df-0aa9-4e89-9ba4-55a4664438ab___RS_Early.B 8634.JPG,early_blight,plantvillage
D:\Potato\IrishPotato37G_full\healthy\healthy4448.jpg,healthy,irish
D:\Potato\IrishPotato37G_full\earlyblt\earlyblt1133.jpg,early_blight,irish
D:\Potato\IrishPotato37G_full\earlyblt\earlyblt2305.jpg,early_blight,irish
D:\Potato\PlantVillage\Potato___Early_blight\fba7a41d-25df-4a1c-93d1-98d62e3376e0___RS_Early.B 8207.JPG,early_blight,plantvillage
D:\Potato\IrishPotato37G_full\earlyblt\earlyblt685.jpg,early_blight,irish
D:\Potato\IrishPotato37G_full\earlyblt\earlyblt1844.jpg,early_blight,irish
D:\Potato\IrishPotato37G_full\earlyblt\earlyblt3598.jpg,early_blight,irish
D:\Potato\IrishPotato37G_full\healthy\healthy743.jpg,healthy,irish
D:\Potato\PlantVillage\Potato___Late_blight\709bddcf-5c54-4fad-8a22-890c00e839a4___RS_LB 4732.JPG,late_blight,plantvillage
D:\Potato\PlantVillage\Potato___Late_blight\c5ff46d5-8f49-409f-b3c1-9a1a25418f47___RS_LB 2596.JPG,late_blight,plantvillage
D:\Potato\PlantVillage\Potato___Early_blight\d55f09eb-e463-4abd-aac6-fb144b30ead7___RS_Early.B 9004.JPG,early_blight,plantvillage
D:\Potato\PlantVillage\Potato___Early_blight\048d18ae-98b1-484d-97da-5a0e69b9ebc1___RS_Early.B 6845.JPG,early_blight,plantvillage
D:\Potato\IrishPotato37G_full\healthy\healthy1489.jpg,healthy,irish
D:\Potato\IrishPotato37G_full\healthy\healthy5487.jpg,healthy,irish
D:\Potato\non_leaf\coco_person\000000106912.jpg,non_leaf,coco_person
D:\Potato\IrishPotato37G_full\lateblt\lateblt1614.jpg,late_blight,irish
D:\Potato\IrishPotato37G_full\earlyblt\earlyblt6775.jpg,early_blight,irish
D:\Potato\IrishPotato37G_full\lateblt\lateblt2903.jpg,late_blight,irish
D:\Potato\IrishPotato37G_full\healthy\healthy686.jpg,healthy,irish
D:\Potato\IrishPotato37G_full\lateblt\lateblt638.jpg,late_blight,irish
D:\Potato\IrishPotato37G_full\lateblt\lateblt652.jpg,late_blight,irish
D:\Potato\IrishPotato37G_full\healthy\healthy1651.jpg,healthy,irish
D:\Potato\IrishPotato37G_full\healthy\healthy575.jpg,healthy,irish
D:\Potato\PlantVillage\Potato___healthy\d325e580-5faa-4aea-927d-2700f52cc343___RS_HL 1872.JPG,healthy,plantvillage
D:\Potato\IrishPotato37G_full\earlyblt\earlyblt4928.jpg,early_blight,irish
D:\Potato\IrishPotato37G_full\healthy\healthy2355.jpg,healthy,irish
D:\Potato\IrishPotato37G_full\earlyblt\earlyblt1130.jpg,early_blight,irish
D:\Potato\IrishPotato37G_full\lateblt\lateblt2411.jpg,late_blight,irish
D:\Potato\IrishPotato37G_full\healthy\healthy5190.jpg,healthy,irish
D:\Potato\IrishPotato37G_full\healthy\healthy4893.jpg,healthy,irish
D:\Potato\PlantVillage\Potato___Late_blight\2958c571-a4f9-40b3-a091-0f37c4822932___RS_LB 3325.JPG,late_blight,plantvillage
D:\Potato\PlantVillage\Potato___Late_blight\794fae1d-55b2-4275-8fce-174728963813___RS_LB 2841.JPG,late_blight,plantvillage
D:\Potato\IrishPotato37G_full\healthy\healthy1159.jpg,healthy,irish
D:\Potato\IrishPotato37G_full\lateblt\lateblt1399.jpg,late_blight,irish
D:\Potato\IrishPotato37G_full\earlyblt\earlyblt6608.jpg,early_blight,irish
D:\Potato\IrishPotato37G_full\earlyblt\earlyblt1069.jpg,early_blight,irish
D:\Potato\IrishPotato37G_full\earlyblt\earlyblt3503.jpg,early_blight,irish
D:\Potato\IrishPotato37G_full\healthy\healthy2194.jpg,healthy,irish
D:\Potato\IrishPotato37G_full\lateblt\lateblt1599.jpg,late_blight,irish
D:\Potato\non_leaf\coco_person\000000129812.jpg,non_leaf,coco_person
D:\Potato\non_leaf\coco_person\000000176606.jpg,non_leaf,coco_person
D:\Potato\IrishPotato37G_full\lateblt\lateblt1627.jpg,late_blight,irish
D:\Potato\IrishPotato37G_full\lateblt\lateblt586.jpg,late_blight,irish
D:\Potato\IrishPotato37G_full\earlyblt\earlyblt2973.jpg,early_blight,irish
D:\Potato\IrishPotato37G_full\healthy\healthy957.jpg,healthy,irish
D:\Potato\IrishPotato37G_full\earlyblt\earlyblt4703.jpg,early_blight,irish
D:\Potato\IrishPotato37G_full\lateblt\lateblt681.jpg,late_blight,irish
D:\Potato\IrishPotato37G_full\earlyblt\earlyblt6630.jpg,early_blight,irish
D:\Potato\IrishPotato37G_full\healthy\healthy1529.jpg,healthy,irish
D:\Potato\IrishPotato37G_full\lateblt\lateblt2837.jpg,late_blight,irish
D:\Potato\IrishPotato37G_full\earlyblt\earlyblt6321.jpg,early_blight,irish
D:\Potato\IrishPotato37G_full\lateblt\lateblt1653.jpg,late_blight,irish
D:\Potato\IrishPotato37G_full\healthy\healthy4033.jpg,healthy,irish
D:\Potato\IrishPotato37G_full\earlyblt\earlyblt1922.jpg,early_blight,irish
D:\Potato\IrishPotato37G_full\healthy\healthy5141.jpg,healthy,irish
D:\Potato\IrishPotato37G_full\earlyblt\earlyblt750.jpg,early_blight,irish
D:\Potato\PlantVillage\Potato___Late_blight\f81452c0-aa6a-4d2e-a4ba-c761a2e7870f___RS_LB 4280.JPG,late_blight,plantvillage
D:\Potato\IrishPotato37G_full\healthy\healthy4993.jpg,healthy,irish
D:\Potato\IrishPotato37G_full\earlyblt\earlyblt2153.jpg,early_blight,irish
D:\Potato\non_leaf\coco_person\000000020992.jpg,non_leaf,coco_person
D:\Potato\PlantVillage\Potato___Early_blight\15ab8118-01fb-4e9c-83a9-94ab224d6854___RS_Early.B 7962.JPG,early_blight,plantvillage
D:\Potato\IrishPotato37G_full\earlyblt\earlyblt804.jpg,early_blight,irish
D:\Potato\PlantVillage\Potato___Early_blight\4849de96-2e26-4c8d-8944-bd9e8edee5d8___RS_Early.B 9196.JPG,early_blight,plantvillage
D:\Potato\IrishPotato37G_full\healthy\healthy1415.jpg,healthy,irish
D:\Potato\IrishPotato37G_full\earlyblt\earlyblt2007.jpg,early_blight,irish
D:\Potato\IrishPotato37G_full\earlyblt\earlyblt3289.jpg,early_blight,irish
D:\Potato\IrishPotato37G_full\lateblt\lateblt1335.jpg,late_blight,irish
D:\Potato\IrishPotato37G_full\healthy\healthy4052.jpg,healthy,irish
D:\Potato\IrishPotato37G_full\lateblt\lateblt893.jpg,late_blight,irish
D:\Potato\PlantVillage\Potato___healthy\0be9d721-82f5-42c3-b535-7494afe01dbe___RS_HL 1814.JPG,healthy,plantvillage
D:\Potato\IrishPotato37G_full\lateblt\lateblt1338.jpg,late_blight,irish
D:\Potato\PlantVillage\Potato___Early_blight\541b768f-ec74-4f60-8e5a-778a5eb359da___RS_Early.B 8647.JPG,early_blight,plantvillage
D:\Potato\IrishPotato37G_full\healthy\healthy29.jpg,healthy,irish
D:\Potato\IrishPotato37G_full\earlyblt\earlyblt2128.jpg,early_blight,irish
D:\Potato\PlantVillage\Potato___Late_blight\f87fce12-78df-4a8c-92ff-8c0b83cc82b9___RS_LB 3025.JPG,late_blight,plantvillage
D:\Potato\IrishPotato37G_full\earlyblt\earlyblt1437.jpg,early_blight,irish
D:\Potato\PlantVillage\Potato___Late_blight\5318452f-222d-4abc-b39c-55fa6c26a82a___RS_LB 3063.JPG,late_blight,plantvillage
D:\Potato\PlantVillage\Potato___Early_blight\b7883606-5157-4dc1-b965-fc10f8fe1796___RS_Early.B 7598.JPG,early_blight,plantvillage
D:\Potato\IrishPotato37G_full\lateblt\lateblt632.jpg,late_blight,irish
D:\Potato\IrishPotato37G_full\healthy\healthy1699.jpg,healthy,irish
D:\Potato\IrishPotato37G_full\lateblt\lateblt2925.jpg,late_blight,irish
D:\Potato\IrishPotato37G_full\healthy\healthy2847.jpg,healthy,irish
D:\Potato\IrishPotato37G_full\lateblt\lateblt5063.jpg,late_blight,irish
D:\Potato\IrishPotato37G_full\lateblt\lateblt2789.jpg,late_blight,irish
D:\Potato\IrishPotato37G_full\lateblt\lateblt2551.jpg,late_blight,irish
D:\Potato\IrishPotato37G_full\earlyblt\earlyblt6722.jpg,early_blight,irish
D:\Potato\IrishPotato37G_full\earlyblt\earlyblt260.jpg,early_blight,irish
D:\Potato\IrishPotato37G_full\earlyblt\earlyblt6314.jpg,early_blight,irish
D:\Potato\IrishPotato37G_full\lateblt\lateblt1429.jpg,late_blight,irish
D:\Potato\IrishPotato37G_full\earlyblt\earlyblt161.jpg,early_blight,irish
D:\Potato\IrishPotato37G_full\healthy\healthy360.jpg,healthy,irish
D:\Potato\IrishPotato37G_full\earlyblt\earlyblt2911.jpg,early_blight,irish
D:\Potato\IrishPotato37G_full\lateblt\lateblt1431.jpg,late_blight,irish
D:\Potato\IrishPotato37G_full\healthy\healthy3981.jpg,healthy,irish
D:\Potato\PlantVillage\Potato___healthy\c07db642-c675-4066-99b6-56bc8207fb37___RS_HL 4164.JPG,healthy,plantvillage
D:\Potato\IrishPotato37G_full\healthy\healthy5156.jpg,healthy,irish
D:\Potato\non_leaf\coco_person\000000456662.jpg,non_leaf,coco_person
D:\Potato\IrishPotato37G_full\healthy\healthy2705.jpg,healthy,irish
D:\Potato\IrishPotato37G_full\lateblt\lateblt2473.jpg,late_blight,irish
D:\Potato\non_leaf\coco_person\000000216277.jpg,non_leaf,coco_person
D:\Potato\IrishPotato37G_full\lateblt\lateblt1688.jpg,late_blight,irish
D:\Potato\non_leaf\coco_person\000000519688.jpg,non_leaf,coco_person
D:\Potato\IrishPotato37G_full\healthy\healthy5181.jpg,healthy,irish
D:\Potato\IrishPotato37G_full\lateblt\lateblt455.jpg,late_blight,irish
D:\Potato\IrishPotato37G_full\lateblt\lateblt1368.jpg,late_blight,irish
D:\Potato\PlantVillage\Potato___Late_blight\e749122f-0dcc-4613-87a9-5347a51a7b58___RS_LB 4409.JPG,late_blight,plantvillage
D:\Potato\IrishPotato37G_full\lateblt\lateblt1991.jpg,late_blight,irish
D:\Potato\PlantVillage\Potato___Late_blight\9475f5bf-607b-4091-8a6d-8f09921478a7___RS_LB 5191.JPG,late_blight,plantvillage
D:\Potato\non_leaf\coco_person\000000550691.jpg,non_leaf,coco_person
D:\Potato\IrishPotato37G_full\healthy\healthy4965.jpg,healthy,irish
D:\Potato\IrishPotato37G_full\lateblt\lateblt1914.jpg,late_blight,irish
D:\Potato\IrishPotato37G_full\lateblt\lateblt2787.jpg,late_blight,irish
D:\Potato\IrishPotato37G_full\healthy\healthy1181.jpg,healthy,irish
D:\Potato\IrishPotato37G_full\healthy\healthy4432.jpg,healthy,irish
D:\Potato\PlantVillage\Potato___Late_blight\b41284a3-27e9-4f0c-8946-4deb0b8fc238___RS_LB 2839.JPG,late_blight,plantvillage
D:\Potato\IrishPotato37G_full\earlyblt\earlyblt689.jpg,early_blight,irish
D:\Potato\PlantVillage\Potato___Late_blight\c101232e-6487-495c-ad3a-27cd1e5fb2b9___RS_LB 2573.JPG,late_blight,plantvillage
D:\Potato\IrishPotato37G_full\earlyblt\earlyblt851.jpg,early_blight,irish
D:\Potato\IrishPotato37G_full\lateblt\lateblt5024.jpg,late_blight,irish
D:\Potato\IrishPotato37G_full\earlyblt\earlyblt6712.jpg,early_blight,irish
D:\Potato\PlantVillage\Potato___Early_blight\2cc3eb24-b210-4827-befe-0e3a24161ac4___RS_Early.B 6829.JPG,early_blight,plantvillage
D:\Potato\IrishPotato37G_full\earlyblt\earlyblt3716.jpg,early_blight,irish
D:\Potato\IrishPotato37G_full\healthy\healthy2276.jpg,healthy,irish
D:\Potato\IrishPotato37G_full\healthy\healthy5451.jpg,healthy,irish
D:\Potato\IrishPotato37G_full\earlyblt\earlyblt6236.jpg,early_blight,irish
D:\Potato\IrishPotato37G_full\earlyblt\earlyblt2341.jpg,early_blight,irish
D:\Potato\IrishPotato37G_full\earlyblt\earlyblt3820.jpg,early_blight,irish
D:\Potato\IrishPotato37G_full\lateblt\lateblt228.jpg,late_blight,irish
D:\Potato\IrishPotato37G_full\lateblt\lateblt1639.jpg,late_blight,irish
D:\Potato\PlantVillage\Potato___Early_blight\98d40b59-5c50-45b6-9b8b-268c40547334___RS_Early.B 8031.JPG,early_blight,plantvillage
D:\Potato\IrishPotato37G_full\earlyblt\earlyblt1614.jpg,early_blight,irish
D:\Potato\IrishPotato37G_full\healthy\healthy1590.jpg,healthy,irish
D:\Potato\PlantVillage\Potato___Late_blight\9e38f130-d8bb-4872-9e46-f43c7d0877c7___RS_LB 5096.JPG,late_blight,plantvillage
D:\Potato\IrishPotato37G_full\lateblt\lateblt445.jpg,late_blight,irish
D:\Potato\IrishPotato37G_full\earlyblt\earlyblt2077.jpg,early_blight,irish
D:\Potato\IrishPotato37G_full\healthy\healthy1307.jpg,healthy,irish
D:\Potato\IrishPotato37G_full\healthy\healthy1314.jpg,healthy,irish
D:\Potato\IrishPotato37G_full\healthy\healthy5622.jpg,healthy,irish
D:\Potato\non_leaf\coco_person\000000477288.jpg,non_leaf,coco_person
D:\Potato\IrishPotato37G_full\healthy\healthy5407.jpg,healthy,irish
D:\Potato\IrishPotato37G_full\lateblt\lateblt748.jpg,late_blight,irish
D:\Potato\IrishPotato37G_full\lateblt\lateblt2677.jpg,late_blight,irish
D:\Potato\IrishPotato37G_full\healthy\healthy3609.jpg,healthy,irish
D:\Potato\PlantVillage\Potato___Early_blight\5a7ca2a3-5bfc-47b7-9657-85a6c95a0956___RS_Early.B 7061.JPG,early_blight,plantvillage
D:\Potato\IrishPotato37G_full\healthy\healthy2820.jpg,healthy,irish
D:\Potato\IrishPotato37G_full\healthy\healthy1794.jpg,healthy,irish
D:\Potato\PlantVillage\Potato___Late_blight\0b092cda-db8c-489d-8c46-23ac3835310d___RS_LB 4480.JPG,late_blight,plantvillage
D:\Potato\non_leaf\coco_person\000000274411.jpg,non_leaf,coco_person
D:\Potato\IrishPotato37G_full\healthy\healthy4157.jpg,healthy,irish
D:\Potato\IrishPotato37G_full\earlyblt\earlyblt4719.jpg,early_blight,irish
D:\Potato\IrishPotato37G_full\lateblt\lateblt1434.jpg,late_blight,irish
D:\Potato\IrishPotato37G_full\healthy\healthy2171.jpg,healthy,irish
D:\Potato\PlantVillage\Potato___Late_blight\f46c0317-fc28-4b5b-a09d-b52ef54fae67___RS_LB 3889.JPG,late_blight,plantvillage
D:\Potato\PlantVillage\Potato___Late_blight\d1ae329b-19bc-40c3-afb1-404ecf3c98ee___RS_LB 2613.JPG,late_blight,plantvillage
D:\Potato\IrishPotato37G_full\lateblt\lateblt943.jpg,late_blight,irish
D:\Potato\PlantVillage\Potato___Early_blight\e0552fed-9af3-4fbd-80e8-09151a839cf9___RS_Early.B 7576.JPG,early_blight,plantvillage
D:\Potato\PlantVillage\Potato___Early_blight\aa342b8f-88f5-4d9d-9740-4b1b4147c590___RS_Early.B 7939.JPG,early_blight,plantvillage
D:\Potato\IrishPotato37G_full\healthy\healthy4378.jpg,healthy,irish
D:\Potato\IrishPotato37G_full\earlyblt\earlyblt3865.jpg,early_blight,irish
D:\Potato\IrishPotato37G_full\lateblt\lateblt1498.jpg,late_blight,irish
D:\Potato\IrishPotato37G_full\healthy\healthy4487.jpg,healthy,irish
D:\Potato\IrishPotato37G_full\earlyblt\earlyblt6376.jpg,early_blight,irish
D:\Potato\PlantVillage\Potato___Early_blight\4019e40b-0175-462a-b6bb-228cf42c1a65___RS_Early.B 8256.JPG,early_blight,plantvillage
D:\Potato\IrishPotato37G_full\lateblt\lateblt2873.jpg,late_blight,irish
D:\Potato\IrishPotato37G_full\healthy\healthy35.jpg,healthy,irish
D:\Potato\PlantVillage\Potato___Late_blight\3a728bc7-b08d-4a11-bb49-b25d803c3336___RS_LB 4074.JPG,late_blight,plantvillage
D:\Potato\IrishPotato37G_full\lateblt\lateblt801.jpg,late_blight,irish
D:\Potato\IrishPotato37G_full\healthy\healthy5275.jpg,healthy,irish
D:\Potato\non_leaf\coco_person\000000488251.jpg,non_leaf,coco_person
D:\Potato\IrishPotato37G_full\healthy\healthy761.jpg,healthy,irish
D:\Potato\IrishPotato37G_full\lateblt\lateblt2918.jpg,late_blight,irish
D:\Potato\IrishPotato37G_full\lateblt\lateblt959.jpg,late_blight,irish
D:\Potato\IrishPotato37G_full\earlyblt\earlyblt1453.jpg,early_blight,irish
D:\Potato\IrishPotato37G_full\lateblt\lateblt807.jpg,late_blight,irish
D:\Potato\IrishPotato37G_full\healthy\healthy4954.jpg,healthy,irish
D:\Potato\IrishPotato37G_full\healthy\healthy804.jpg,healthy,irish
D:\Potato\IrishPotato37G_full\earlyblt\earlyblt3718.jpg,early_blight,irish
D:\Potato\non_leaf\coco_person\000000323263.jpg,non_leaf,coco_person
D:\Potato\IrishPotato37G_full\earlyblt\earlyblt2329.jpg,early_blight,irish
D:\Potato\PlantVillage\Potato___Early_blight\ed78ac4f-ce50-4de8-b508-ad07b9d99176___RS_Early.B 7313.JPG,early_blight,plantvillage
D:\Potato\IrishPotato37G_full\lateblt\lateblt2805.jpg,late_blight,irish
D:\Potato\IrishPotato37G_full\lateblt\lateblt76.jpg,late_blight,irish
D:\Potato\IrishPotato37G_full\healthy\healthy5145.jpg,healthy,irish
D:\Potato\IrishPotato37G_full\lateblt\lateblt8.jpg,late_blight,irish
D:\Potato\IrishPotato37G_full\healthy\healthy4418.jpg,healthy,irish
D:\Potato\IrishPotato37G_full\healthy\healthy3333.jpg,healthy,irish
D:\Potato\IrishPotato37G_full\earlyblt\earlyblt236.jpg,early_blight,irish
D:\Potato\IrishPotato37G_full\lateblt\lateblt909.jpg,late_blight,irish
D:\Potato\IrishPotato37G_full\lateblt\lateblt738.jpg,late_blight,irish
D:\Potato\IrishPotato37G_full\earlyblt\earlyblt787.jpg,early_blight,irish
D:\Potato\IrishPotato37G_full\lateblt\lateblt753.jpg,late_blight,irish
D:\Potato\non_leaf\coco_person\000000463730.jpg,non_leaf,coco_person
D:\Potato\PlantVillage\Potato___Late_blight\9dae6946-8d64-403b-bc51-b1b58cf8050b___RS_LB 4028.JPG,late_blight,plantvillage
D:\Potato\IrishPotato37G_full\lateblt\lateblt2439.jpg,late_blight,irish
D:\Potato\PlantVillage\Potato___Late_blight\7e1b19fc-c79d-4898-9e69-9843dd8aa1b6___RS_LB 3137.JPG,late_blight,plantvillage
D:\Potato\IrishPotato37G_full\lateblt\lateblt72.jpg,late_blight,irish
D:\Potato\IrishPotato37G_full\earlyblt\earlyblt621.jpg,early_blight,irish
D:\Potato\IrishPotato37G_full\earlyblt\earlyblt6929.jpg,early_blight,irish
D:\Potato\non_leaf\coco_person\000000400815.jpg,non_leaf,coco_person
D:\Potato\IrishPotato37G_full\earlyblt\earlyblt3876.jpg,early_blight,irish
D:\Potato\IrishPotato37G_full\healthy\healthy2346.jpg,healthy,irish
D:\Potato\PlantVillage\Potato___healthy\e51367c1-d582-45e3-acf6-b0e652b43d3a___RS_HL 1873.JPG,healthy,plantvillage
D:\Potato\PlantVillage\Potato___Late_blight\df5eb1ff-9261-45ab-ae3f-bf942cdf1a72___RS_LB 2947.JPG,late_blight,plantvillage
D:\Potato\IrishPotato37G_full\earlyblt\earlyblt159.jpg,early_blight,irish
D:\Potato\IrishPotato37G_full\earlyblt\earlyblt4718.jpg,early_blight,irish
D:\Potato\IrishPotato37G_full\lateblt\lateblt1154.jpg,late_blight,irish
D:\Potato\IrishPotato37G_full\lateblt\lateblt830.jpg,late_blight,irish
D:\Potato\IrishPotato37G_full\healthy\healthy4843.jpg,healthy,irish
D:\Potato\PlantVillage\Potato___Late_blight\74ee080b-cad8-4090-9f2a-07411eb8481a___RS_LB 4956.JPG,late_blight,plantvillage
D:\Potato\IrishPotato37G_full\earlyblt\earlyblt3792.jpg,early_blight,irish
D:\Potato\IrishPotato37G_full\lateblt\lateblt1383.jpg,late_blight,irish
D:\Potato\PlantVillage\Potato___Late_blight\acd7a42b-15eb-40e4-823c-49eff6b4e95e___RS_LB 4636.JPG,late_blight,plantvillage
D:\Potato\non_leaf\coco_person\000000270297.jpg,non_leaf,coco_person
D:\Potato\PlantVillage\Potato___Late_blight\21d8b66f-1ea5-48ad-92e2-9f708a969b7f___RS_LB 4097.JPG,late_blight,plantvillage
D:\Potato\non_leaf\coco_person\000000125257.jpg,non_leaf,coco_person
D:\Potato\IrishPotato37G_full\lateblt\lateblt591.jpg,late_blight,irish
D:\Potato\PlantVillage\Potato___healthy\5a3fc4bb-a78c-4276-8934-f0b037ffb860___RS_HL 5412.JPG,healthy,plantvillage
D:\Potato\IrishPotato37G_full\lateblt\lateblt2408.jpg,late_blight,irish
D:\Potato\IrishPotato37G_full\healthy\healthy5417.jpg,healthy,irish
D:\Potato\IrishPotato37G_full\healthy\healthy4875.jpg,healthy,irish
D:\Potato\IrishPotato37G_full\earlyblt\earlyblt2581.jpg,early_blight,irish
D:\Potato\IrishPotato37G_full\healthy\healthy349.jpg,healthy,irish
D:\Potato\IrishPotato37G_full\lateblt\lateblt1344.jpg,late_blight,irish
D:\Potato\PlantVillage\Potato___Early_blight\85a38441-6df7-4401-9905-fba74ebfa717___RS_Early.B 8230.JPG,early_blight,plantvillage
D:\Potato\IrishPotato37G_full\healthy\healthy3108.jpg,healthy,irish
D:\Potato\IrishPotato37G_full\lateblt\lateblt22.jpg,late_blight,irish
D:\Potato\PlantVillage\Potato___Early_blight\655010d0-0bf7-4cba-8ebe-591a8bc5f552___RS_Early.B 7668.JPG,early_blight,plantvillage
D:\Potato\IrishPotato37G_full\lateblt\lateblt2690.jpg,late_blight,irish
D:\Potato\IrishPotato37G_full\healthy\healthy2204.jpg,healthy,irish
D:\Potato\IrishPotato37G_full\lateblt\lateblt5020.jpg,late_blight,irish
D:\Potato\IrishPotato37G_full\lateblt\lateblt1115.jpg,late_blight,irish
D:\Potato\IrishPotato37G_full\healthy\healthy4170.jpg,healthy,irish
D:\Potato\IrishPotato37G_full\lateblt\lateblt714.jpg,late_blight,irish
D:\Potato\IrishPotato37G_full\healthy\healthy2563.jpg,healthy,irish
D:\Potato\IrishPotato37G_full\healthy\healthy850.jpg,healthy,irish
D:\Potato\IrishPotato37G_full\earlyblt\earlyblt1569.jpg,early_blight,irish
D:\Potato\IrishPotato37G_full\lateblt\lateblt2605.jpg,late_blight,irish
D:\Potato\IrishPotato37G_full\lateblt\lateblt838.jpg,late_blight,irish
D:\Potato\IrishPotato37G_full\lateblt\lateblt814.jpg,late_blight,irish
D:\Potato\IrishPotato37G_full\lateblt\lateblt1544.jpg,late_blight,irish
D:\Potato\PlantVillage\Potato___Early_blight\7a7ff9ee-1d6f-4ca8-a393-9c56ca74d7bb___RS_Early.B 8158.JPG,early_blight,plantvillage
D:\Potato\non_leaf\coco_person\000000214869.jpg,non_leaf,coco_person
D:\Potato\IrishPotato37G_full\healthy\healthy84.jpg,healthy,irish
D:\Potato\non_leaf\coco_person\000000181421.jpg,non_leaf,coco_person
D:\Potato\IrishPotato37G_full\lateblt\lateblt2915.jpg,late_blight,irish
D:\Potato\IrishPotato37G_full\healthy\healthy1560.jpg,healthy,irish
D:\Potato\IrishPotato37G_full\lateblt\lateblt1919.jpg,late_blight,irish
D:\Potato\non_leaf\coco_person\000000453841.jpg,non_leaf,coco_person
D:\Potato\PlantVillage\Potato___Early_blight\25642761-2905-48af-b8da-1064a0f6b876___RS_Early.B 6831.JPG,early_blight,plantvillage
D:\Potato\IrishPotato37G_full\healthy\healthy3593.jpg,healthy,irish
D:\Potato\IrishPotato37G_full\lateblt\lateblt1370.jpg,late_blight,irish
D:\Potato\IrishPotato37G_full\healthy\healthy122.jpg,healthy,irish
D:\Potato\IrishPotato37G_full\lateblt\lateblt1904.jpg,late_blight,irish
D:\Potato\IrishPotato37G_full\healthy\healthy4314.jpg,healthy,irish
D:\Potato\IrishPotato37G_full\lateblt\lateblt2279.jpg,late_blight,irish
D:\Potato\IrishPotato37G_full\lateblt\lateblt2555.jpg,late_blight,irish
D:\Potato\IrishPotato37G_full\earlyblt\earlyblt2623.jpg,early_blight,irish
D:\Potato\PlantVillage\Potato___Late_blight\31c96e0d-0a6a-42b4-bd7a-0faf2c8e462d___RS_LB 5298.JPG,late_blight,plantvillage
D:\Potato\PlantVillage\Potato___Early_blight\0ed45bc2-c8cc-4d65-8f53-bdc10d78a7dc___RS_Early.B 8504.JPG,early_blight,plantvillage
D:\Potato\IrishPotato37G_full\healthy\healthy82.jpg,healthy,irish
D:\Potato\IrishPotato37G_full\earlyblt\earlyblt1045.jpg,early_blight,irish
D:\Potato\IrishPotato37G_full\lateblt\lateblt1427.jpg,late_blight,irish
D:\Potato\IrishPotato37G_full\earlyblt\earlyblt3074.jpg,early_blight,irish
D:\Potato\IrishPotato37G_full\earlyblt\earlyblt481.jpg,early_blight,irish
D:\Potato\PlantVillage\Potato___Late_blight\6be49d30-1b69-435a-a533-21b2b1a7fd41___RS_LB 3309.JPG,late_blight,plantvillage
D:\Potato\IrishPotato37G_full\lateblt\lateblt1378.jpg,late_blight,irish
D:\Potato\IrishPotato37G_full\earlyblt\earlyblt647.jpg,early_blight,irish
D:\Potato\IrishPotato37G_full\lateblt\lateblt2239.jpg,late_blight,irish
D:\Potato\non_leaf\coco_person\000000133567.jpg,non_leaf,coco_person
D:\Potato\non_leaf\coco_person\000000393469.jpg,non_leaf,coco_person
D:\Potato\IrishPotato37G_full\lateblt\lateblt1324.jpg,late_blight,irish
D:\Potato\IrishPotato37G_full\healthy\healthy4323.jpg,healthy,irish
D:\Potato\PlantVillage\Potato___Late_blight\6522615a-cbe1-4770-a137-25a2c081e1d9___RS_LB 2917.JPG,late_blight,plantvillage
D:\Potato\IrishPotato37G_full\healthy\healthy106.jpg,healthy,irish
D:\Potato\IrishPotato37G_full\healthy\healthy2486.jpg,healthy,irish
D:\Potato\PlantVillage\Potato___Late_blight\dd730e05-5196-46f4-9e7b-0c01a9fdaa1b___RS_LB 3321.JPG,late_blight,plantvillage
D:\Potato\IrishPotato37G_full\lateblt\lateblt1329.jpg,late_blight,irish
D:\Potato\IrishPotato37G_full\earlyblt\earlyblt6322.jpg,early_blight,irish
D:\Potato\IrishPotato37G_full\lateblt\lateblt1129.jpg,late_blight,irish
D:\Potato\IrishPotato37G_full\earlyblt\earlyblt4954.jpg,early_blight,irish
D:\Potato\IrishPotato37G_full\healthy\healthy4225.jpg,healthy,irish
D:\Potato\IrishPotato37G_full\lateblt\lateblt2786.jpg,late_blight,irish
D:\Potato\IrishPotato37G_full\healthy\healthy2161.jpg,healthy,irish
D:\Potato\IrishPotato37G_full\earlyblt\earlyblt2632.jpg,early_blight,irish
D:\Potato\IrishPotato37G_full\healthy\healthy2491.jpg,healthy,irish
D:\Potato\IrishPotato37G_full\earlyblt\earlyblt176.jpg,early_blight,irish
D:\Potato\PlantVillage\Potato___healthy\77c75478-e1f0-4aaa-9cbc-af1fed928a74___RS_HL 1748.JPG,healthy,plantvillage
D:\Potato\non_leaf\coco_person\000000251824.jpg,non_leaf,coco_person
D:\Potato\non_leaf\coco_person\000000268729.jpg,non_leaf,coco_person
D:\Potato\IrishPotato37G_full\lateblt\lateblt185.jpg,late_blight,irish
D:\Potato\IrishPotato37G_full\earlyblt\earlyblt921.jpg,early_blight,irish
D:\Potato\non_leaf\coco_person\000000535608.jpg,non_leaf,coco_person
D:\Potato\PlantVillage\Potato___healthy\71c06efe-089f-49b3-beed-095bd7640e32___RS_HL 1947.JPG,healthy,plantvillage
D:\Potato\IrishPotato37G_full\lateblt\lateblt158.jpg,late_blight,irish
D:\Potato\IrishPotato37G_full\lateblt\lateblt2535.jpg,late_blight,irish
D:\Potato\IrishPotato37G_full\earlyblt\earlyblt275.jpg,early_blight,irish
D:\Potato\IrishPotato37G_full\earlyblt\earlyblt1983.jpg,early_blight,irish
D:\Potato\PlantVillage\Potato___healthy\9d7d1bb9-1b10-4a8f-a961-e404b9d5acf8___RS_HL 1960.JPG,healthy,plantvillage
D:\Potato\IrishPotato37G_full\lateblt\lateblt686.jpg,late_blight,irish
D:\Potato\IrishPotato37G_full\lateblt\lateblt186.jpg,late_blight,irish
D:\Potato\non_leaf\coco_person\000000102805.jpg,non_leaf,coco_person
D:\Potato\IrishPotato37G_full\earlyblt\earlyblt1578.jpg,early_blight,irish
D:\Potato\PlantVillage\Potato___Early_blight\519e17be-a518-410a-ad3e-153d07fc3563___RS_Early.B 7711.JPG,early_blight,plantvillage
D:\Potato\PlantVillage\Potato___Early_blight\0a47f32c-1724-4c8d-bfe4-986cedd3587b___RS_Early.B 8001.JPG,early_blight,plantvillage
D:\Potato\IrishPotato37G_full\healthy\healthy1526.jpg,healthy,irish
D:\Potato\PlantVillage\Potato___Late_blight\8c894440-a022-41a8-9545-51ff4286d29f___RS_LB 5126.JPG,late_blight,plantvillage
D:\Potato\PlantVillage\Potato___Early_blight\221c911f-e483-407c-b672-21150d09d57e___RS_Early.B 7678.JPG,early_blight,plantvillage
D:\Potato\IrishPotato37G_full\lateblt\lateblt2012.jpg,late_blight,irish
D:\Potato\PlantVillage\Potato___Early_blight\2d149f7a-4b0a-40a6-8d0b-1d1f14e5e696___RS_Early.B 9143.JPG,early_blight,plantvillage
D:\Potato\PlantVillage\Potato___Late_blight\d50d5ba8-c809-431c-8cc1-e297bc2706f7___RS_LB 4467.JPG,late_blight,plantvillage
D:\Potato\IrishPotato37G_full\earlyblt\earlyblt4834.jpg,early_blight,irish
D:\Potato\IrishPotato37G_full\earlyblt\earlyblt6733.jpg,early_blight,irish
D:\Potato\IrishPotato37G_full\earlyblt\earlyblt306.jpg,early_blight,irish
D:\Potato\PlantVillage\Potato___Early_blight\1b4304a9-88c2-4c09-bfea-830fa162a35a___RS_Early.B 7188.JPG,early_blight,plantvillage
D:\Potato\IrishPotato37G_full\healthy\healthy3330.jpg,healthy,irish
D:\Potato\IrishPotato37G_full\healthy\healthy1661.jpg,healthy,irish
D:\Potato\PlantVillage\Potato___healthy\e1b49d1b-165b-4f4e-8a30-735e62bc39c5___RS_HL 1839.JPG,healthy,plantvillage
D:\Potato\PlantVillage\Potato___Early_blight\4da46a9d-7709-4528-acc3-a7be6ace3714___RS_Early.B 7187.JPG,early_blight,plantvillage
D:\Potato\non_leaf\coco_person\000000334371.jpg,non_leaf,coco_person
D:\Potato\IrishPotato37G_full\earlyblt\earlyblt1015.jpg,early_blight,irish
D:\Potato\IrishPotato37G_full\lateblt\lateblt872.jpg,late_blight,irish
D:\Potato\PlantVillage\Potato___Early_blight\fd5b1e1f-48a8-42bd-82b5-cf762504708b___RS_Early.B 8149.JPG,early_blight,plantvillage
D:\Potato\IrishPotato37G_full\lateblt\lateblt111.jpg,late_blight,irish
D:\Potato\IrishPotato37G_full\earlyblt\earlyblt1750.jpg,early_blight,irish
D:\Potato\IrishPotato37G_full\lateblt\lateblt2479.jpg,late_blight,irish
D:\Potato\non_leaf\coco_person\000000196141.jpg,non_leaf,coco_person
D:\Potato\PlantVillage\Potato___Early_blight\f8b57e69-5902-4253-8404-11811ecf13e8___RS_Early.B 6995.JPG,early_blight,plantvillage
D:\Potato\IrishPotato37G_full\earlyblt\earlyblt2793.jpg,early_blight,irish
D:\Potato\IrishPotato37G_full\earlyblt\earlyblt613.jpg,early_blight,irish
D:\Potato\IrishPotato37G_full\earlyblt\earlyblt1691.jpg,early_blight,irish
D:\Potato\IrishPotato37G_full\earlyblt\earlyblt668.jpg,early_blight,irish
D:\Potato\IrishPotato37G_full\earlyblt\earlyblt1119.jpg,early_blight,irish
D:\Potato\IrishPotato37G_full\earlyblt\earlyblt321.jpg,early_blight,irish
D:\Potato\IrishPotato37G_full\earlyblt\earlyblt1480.jpg,early_blight,irish
D:\Potato\IrishPotato37G_full\healthy\healthy4857.jpg,healthy,irish
D:\Potato\IrishPotato37G_full\earlyblt\earlyblt1950.jpg,early_blight,irish
D:\Potato\IrishPotato37G_full\lateblt\lateblt1179.jpg,late_blight,irish
D:\Potato\IrishPotato37G_full\lateblt\lateblt2025.jpg,late_blight,irish
D:\Potato\IrishPotato37G_full\lateblt\lateblt2211.jpg,late_blight,irish
D:\Potato\IrishPotato37G_full\healthy\healthy4686.jpg,healthy,irish
D:\Potato\IrishPotato37G_full\earlyblt\earlyblt2254.jpg,early_blight,irish
D:\Potato\IrishPotato37G_full\lateblt\lateblt1691.jpg,late_blight,irish
D:\Potato\PlantVillage\Potato___Early_blight\38a72c90-ed53-4432-b625-01c1f962f791___RS_Early.B 7302.JPG,early_blight,plantvillage
D:\Potato\IrishPotato37G_full\lateblt\lateblt3000.jpg,late_blight,irish
D:\Potato\IrishPotato37G_full\lateblt\lateblt860.jpg,late_blight,irish
D:\Potato\IrishPotato37G_full\healthy\healthy4892.jpg,healthy,irish
D:\Potato\IrishPotato37G_full\lateblt\lateblt1532.jpg,late_blight,irish
D:\Potato\IrishPotato37G_full\earlyblt\earlyblt6747.jpg,early_blight,irish
D:\Potato\non_leaf\coco_person\000000356094.jpg,non_leaf,coco_person
D:\Potato\IrishPotato37G_full\earlyblt\earlyblt2652.jpg,early_blight,irish
D:\Potato\IrishPotato37G_full\earlyblt\earlyblt4737.jpg,early_blight,irish
D:\Potato\PlantVillage\Potato___Early_blight\db5d0f5f-a722-4f12-96bf-c9608e5c7f2a___RS_Early.B 8945.JPG,early_blight,plantvillage
D:\Potato\non_leaf\coco_person\000000570539.jpg,non_leaf,coco_person
D:\Potato\non_leaf\coco_person\000000447917.jpg,non_leaf,coco_person
D:\Potato\PlantVillage\Potato___Early_blight\8d015dcf-e4da-41b7-9d81-8d160000accf___RS_Early.B 7264.JPG,early_blight,plantvillage
D:\Potato\IrishPotato37G_full\lateblt\lateblt1314.jpg,late_blight,irish
D:\Potato\IrishPotato37G_full\earlyblt\earlyblt282.jpg,early_blight,irish
D:\Potato\IrishPotato37G_full\earlyblt\earlyblt429.jpg,early_blight,irish
D:\Potato\non_leaf\coco_person\000000007278.jpg,non_leaf,coco_person
D:\Potato\non_leaf\coco_person\000000507975.jpg,non_leaf,coco_person
D:\Potato\IrishPotato37G_full\lateblt\lateblt2792.jpg,late_blight,irish
D:\Potato\IrishPotato37G_full\earlyblt\earlyblt6329.jpg,early_blight,irish
D:\Potato\PlantVillage\Potato___healthy\875d6ded-5f01-495c-a945-ad2e17f87f91___RS_HL 1848.JPG,healthy,plantvillage
D:\Potato\IrishPotato37G_full\healthy\healthy871.jpg,healthy,irish
D:\Potato\IrishPotato37G_full\earlyblt\earlyblt3745.jpg,early_blight,irish
D:\Potato\non_leaf\coco_person\000000023126.jpg,non_leaf,coco_person
D:\Potato\IrishPotato37G_full\healthy\healthy3356.jpg,healthy,irish
D:\Potato\non_leaf\coco_person\000000055528.jpg,non_leaf,coco_person
D:\Potato\IrishPotato37G_full\lateblt\lateblt2090.jpg,late_blight,irish
D:\Potato\PlantVillage\Potato___Early_blight\585062b6-d5a4-4677-8b7f-773257399423___RS_Early.B 8558.JPG,early_blight,plantvillage
D:\Potato\non_leaf\coco_person\000000160864.jpg,non_leaf,coco_person
D:\Potato\IrishPotato37G_full\healthy\healthy552.jpg,healthy,irish
D:\Potato\PlantVillage\Potato___Late_blight\2b064606-e6e2-46e0-9788-d1049f0e4fed___RS_LB 4246.JPG,late_blight,plantvillage
D:\Potato\PlantVillage\Potato___Late_blight\08ddae0c-5328-4183-b16e-c980f197e471___RS_LB 2845.JPG,late_blight,plantvillage
D:\Potato\IrishPotato37G_full\lateblt\lateblt14.jpg,late_blight,irish
D:\Potato\PlantVillage\Potato___Late_blight\7eeb65d4-122d-45db-b6b0-820cbb6f2dc5___RS_LB 4539.JPG,late_blight,plantvillage
D:\Potato\IrishPotato37G_full\healthy\healthy2999.jpg,healthy,irish
D:\Potato\IrishPotato37G_full\healthy\healthy4945.jpg,healthy,irish
D:\Potato\PlantVillage\Potato___Late_blight\1c6412c9-45ce-4814-af8d-274f4e3c9c4e___RS_LB 2746.JPG,late_blight,plantvillage
D:\Potato\PlantVillage\Potato___Late_blight\4324e62b-d7e0-4caa-a417-5eb3dd8712ee___RS_LB 5452.JPG,late_blight,plantvillage
D:\Potato\PlantVillage\Potato___Early_blight\2446ca09-aa29-4ae4-8d34-45115c32cde7___RS_Early.B 8971.JPG,early_blight,plantvillage
D:\Potato\IrishPotato37G_full\earlyblt\earlyblt2270.jpg,early_blight,irish
D:\Potato\IrishPotato37G_full\healthy\healthy4763.jpg,healthy,irish
D:\Potato\IrishPotato37G_full\healthy\healthy4284.jpg,healthy,irish
D:\Potato\IrishPotato37G_full\earlyblt\earlyblt3447.jpg,early_blight,irish
D:\Potato\PlantVillage\Potato___Late_blight\e0460bd7-100c-411f-ae0b-f69bfe360313___RS_LB 5310.JPG,late_blight,plantvillage
D:\Potato\IrishPotato37G_full\lateblt\lateblt904.jpg,late_blight,irish
D:\Potato\IrishPotato37G_full\earlyblt\earlyblt1739.jpg,early_blight,irish
D:\Potato\PlantVillage\Potato___Early_blight\b1b55149-b5bc-460e-87af-a745fb01855d___RS_Early.B 7477.JPG,early_blight,plantvillage
D:\Potato\IrishPotato37G_full\healthy\healthy4714.jpg,healthy,irish
D:\Potato\IrishPotato37G_full\earlyblt\earlyblt7007.jpg,early_blight,irish
D:\Potato\IrishPotato37G_full\healthy\healthy5225.jpg,healthy,irish
D:\Potato\IrishPotato37G_full\healthy\healthy5126.jpg,healthy,irish
D:\Potato\IrishPotato37G_full\earlyblt\earlyblt1070.jpg,early_blight,irish
D:\Potato\PlantVillage\Potato___Late_blight\a904edc1-4c4d-4171-a46e-ae914010884b___RS_LB 4373.JPG,late_blight,plantvillage
D:\Potato\PlantVillage\Potato___Late_blight\ff03a125-445b-40e1-a7ed-0bb9b155dfd8___RS_LB 5039.JPG,late_blight,plantvillage
D:\Potato\IrishPotato37G_full\healthy\healthy5453.jpg,healthy,irish
D:\Potato\non_leaf\coco_person\000000344029.jpg,non_leaf,coco_person
D:\Potato\IrishPotato37G_full\earlyblt\earlyblt6702.jpg,early_blight,irish
D:\Potato\IrishPotato37G_full\earlyblt\earlyblt3230.jpg,early_blight,irish
D:\Potato\IrishPotato37G_full\lateblt\lateblt836.jpg,late_blight,irish
D:\Potato\IrishPotato37G_full\earlyblt\earlyblt6682.jpg,early_blight,irish
D:\Potato\IrishPotato37G_full\healthy\healthy5207.jpg,healthy,irish
D:\Potato\IrishPotato37G_full\healthy\healthy124.jpg,healthy,irish
D:\Potato\PlantVillage\Potato___Late_blight\0acdc2b2-0dde-4073-8542-6fca275ab974___RS_LB 4857.JPG,late_blight,plantvillage
D:\Potato\IrishPotato37G_full\lateblt\lateblt954.jpg,late_blight,irish
D:\Potato\IrishPotato37G_full\lateblt\lateblt39.jpg,late_blight,irish
D:\Potato\PlantVillage\Potato___Late_blight\81e4675f-5f16-4c8a-be12-acb79f46575e___RS_LB 3111.JPG,late_blight,plantvillage
D:\Potato\IrishPotato37G_full\healthy\healthy5434.jpg,healthy,irish
D:\Potato\non_leaf\coco_person\000000280918.jpg,non_leaf,coco_person
D:\Potato\PlantVillage\Potato___Late_blight\4eaf1f96-f7f4-4a92-ba67-0147de20ab72___RS_LB 4830.JPG,late_blight,plantvillage
D:\Potato\PlantVillage\Potato___Early_blight\a6995958-6344-4d37-9b99-d3bc3d40ab67___RS_Early.B 7210.JPG,early_blight,plantvillage
D:\Potato\IrishPotato37G_full\earlyblt\earlyblt6004.jpg,early_blight,irish
D:\Potato\IrishPotato37G_full\lateblt\lateblt2280.jpg,late_blight,irish
D:\Potato\non_leaf\coco_person\000000170474.jpg,non_leaf,coco_person
D:\Potato\IrishPotato37G_full\healthy\healthy2005.jpg,healthy,irish
D:\Potato\PlantVillage\Potato___Late_blight\d992e6d3-25c9-4bbb-a806-8bc1455e5c40___RS_LB 4968.JPG,late_blight,plantvillage
D:\Potato\PlantVillage\Potato___Late_blight\ced49a2c-c7b3-4c10-9475-2b004afebff1___RS_LB 4436.JPG,late_blight,plantvillage
D:\Potato\IrishPotato37G_full\lateblt\lateblt2999.jpg,late_blight,irish
D:\Potato\IrishPotato37G_full\lateblt\lateblt2548.jpg,late_blight,irish
D:\Potato\IrishPotato37G_full\lateblt\lateblt2869.jpg,late_blight,irish
D:\Potato\IrishPotato37G_full\lateblt\lateblt2613.jpg,late_blight,irish
D:\Potato\PlantVillage\Potato___Early_blight\839a8aeb-9bcc-4fd9-b196-639d6f681426___RS_Early.B 7068.JPG,early_blight,plantvillage
D:\Potato\PlantVillage\Potato___Late_blight\351386f8-c501-45f6-ab0d-e9c1d1584204___RS_LB 5195.JPG,late_blight,plantvillage
D:\Potato\IrishPotato37G_full\lateblt\lateblt1575.jpg,late_blight,irish
D:\Potato\IrishPotato37G_full\lateblt\lateblt2232.jpg,late_blight,irish
D:\Potato\IrishPotato37G_full\lateblt\lateblt106.jpg,late_blight,irish
D:\Potato\IrishPotato37G_full\lateblt\lateblt2261.jpg,late_blight,irish
D:\Potato\IrishPotato37G_full\healthy\healthy3918.jpg,healthy,irish
D:\Potato\IrishPotato37G_full\earlyblt\earlyblt2398.jpg,early_blight,irish
D:\Potato\PlantVillage\Potato___Early_blight\fdc691b0-2b15-4cb6-8f5d-c4e5654389e0___RS_Early.B 7935.JPG,early_blight,plantvillage
D:\Potato\IrishPotato37G_full\healthy\healthy543.jpg,healthy,irish
D:\Potato\IrishPotato37G_full\healthy\healthy962.jpg,healthy,irish
D:\Potato\IrishPotato37G_full\lateblt\lateblt420.jpg,late_blight,irish
D:\Potato\IrishPotato37G_full\earlyblt\earlyblt6982.jpg,early_blight,irish
D:\Potato\IrishPotato37G_full\healthy\healthy311.jpg,healthy,irish
D:\Potato\IrishPotato37G_full\lateblt\lateblt706.jpg,late_blight,irish
D:\Potato\IrishPotato37G_full\earlyblt\earlyblt300.jpg,early_blight,irish
D:\Potato\IrishPotato37G_full\healthy\healthy1780.jpg,healthy,irish
D:\Potato\IrishPotato37G_full\healthy\healthy2303.jpg,healthy,irish
D:\Potato\IrishPotato37G_full\earlyblt\earlyblt3591.jpg,early_blight,irish
D:\Potato\IrishPotato37G_full\healthy\healthy1328.jpg,healthy,irish
D:\Potato\IrishPotato37G_full\healthy\healthy1393.jpg,healthy,irish
D:\Potato\IrishPotato37G_full\earlyblt\earlyblt1430.jpg,early_blight,irish
D:\Potato\PlantVillage\Potato___Late_blight\16e37160-9dca-4110-a914-955304e7daf5___RS_LB 3033.JPG,late_blight,plantvillage
D:\Potato\IrishPotato37G_full\lateblt\lateblt709.jpg,late_blight,irish
D:\Potato\IrishPotato37G_full\earlyblt\earlyblt3009.jpg,early_blight,irish
D:\Potato\IrishPotato37G_full\lateblt\lateblt930.jpg,late_blight,irish
D:\Potato\PlantVillage\Potato___Late_blight\04b964fd-7033-4cdf-88ef-b1acbcd8183a___RS_LB 2783.JPG,late_blight,plantvillage
D:\Potato\non_leaf\coco_person\000000393115.jpg,non_leaf,coco_person
D:\Potato\IrishPotato37G_full\lateblt\lateblt1676.jpg,late_blight,irish
D:\Potato\IrishPotato37G_full\earlyblt\earlyblt6907.jpg,early_blight,irish
D:\Potato\PlantVillage\Potato___Late_blight\30920583-57a6-4cc2-81d6-84879ec3af46___RS_LB 4930.JPG,late_blight,plantvillage
D:\Potato\IrishPotato37G_full\lateblt\lateblt1147.jpg,late_blight,irish
D:\Potato\non_leaf\coco_person\000000306136.jpg,non_leaf,coco_person
D:\Potato\PlantVillage\Potato___healthy\f5bd2732-197b-4d8e-bb50-a4966dc416f5___RS_HL 1840.JPG,healthy,plantvillage
D:\Potato\IrishPotato37G_full\earlyblt\earlyblt3113.jpg,early_blight,irish
D:\Potato\PlantVillage\Potato___Early_blight\0a8a68ee-f587-4dea-beec-79d02e7d3fa4___RS_Early.B 8461.JPG,early_blight,plantvillage
D:\Potato\non_leaf\coco_person\000000393115.jpg,non_leaf,coco_person
D:\Potato\IrishPotato37G_full\healthy\healthy1789.jpg,healthy,irish
D:\Potato\PlantVillage\Potato___Early_blight\e6d543a1-8e5e-4709-9329-b93d63f52edf___RS_Early.B 8324.JPG,early_blight,plantvillage
D:\Potato\IrishPotato37G_full\earlyblt\earlyblt2964.jpg,early_blight,irish
D:\Potato\IrishPotato37G_full\lateblt\lateblt1451.jpg,late_blight,irish
D:\Potato\IrishPotato37G_full\lateblt\lateblt2463.jpg,late_blight,irish
D:\Potato\IrishPotato37G_full\healthy\healthy4740.jpg,healthy,irish
D:\Potato\IrishPotato37G_full\earlyblt\earlyblt3855.jpg,early_blight,irish
D:\Potato\IrishPotato37G_full\healthy\healthy4350.jpg,healthy,irish
D:\Potato\non_leaf\coco_person\000000411754.jpg,non_leaf,coco_person
D:\Potato\IrishPotato37G_full\earlyblt\earlyblt2083.jpg,early_blight,irish
D:\Potato\IrishPotato37G_full\earlyblt\earlyblt1833.jpg,early_blight,irish
D:\Potato\IrishPotato37G_full\lateblt\lateblt2064.jpg,late_blight,irish
D:\Potato\IrishPotato37G_full\earlyblt\earlyblt3079.jpg,early_blight,irish
D:\Potato\IrishPotato37G_full\earlyblt\earlyblt1927.jpg,early_blight,irish
D:\Potato\IrishPotato37G_full\lateblt\lateblt2060.jpg,late_blight,irish
D:\Potato\IrishPotato37G_full\earlyblt\earlyblt439.jpg,early_blight,irish
D:\Potato\IrishPotato37G_full\healthy\healthy580.jpg,healthy,irish
D:\Potato\IrishPotato37G_full\healthy\healthy884.jpg,healthy,irish
D:\Potato\IrishPotato37G_full\healthy\healthy1122.jpg,healthy,irish
D:\Potato\IrishPotato37G_full\healthy\healthy1538.jpg,healthy,irish
D:\Potato\IrishPotato37G_full\healthy\healthy2347.jpg,healthy,irish
D:\Potato\IrishPotato37G_full\healthy\healthy1299.jpg,healthy,irish
D:\Potato\IrishPotato37G_full\earlyblt\earlyblt150.jpg,early_blight,irish
D:\Potato\PlantVillage\Potato___Early_blight\e9643c88-239f-4587-8093-3b96eb3723f4___RS_Early.B 7353.JPG,early_blight,plantvillage
D:\Potato\PlantVillage\Potato___Early_blight\14efc692-8ac6-4bd8-a71a-943192d6831a___RS_Early.B 6841.JPG,early_blight,plantvillage
D:\Potato\IrishPotato37G_full\lateblt\lateblt1442.jpg,late_blight,irish
D:\Potato\IrishPotato37G_full\healthy\healthy2045.jpg,healthy,irish
D:\Potato\IrishPotato37G_full\lateblt\lateblt2929.jpg,late_blight,irish
D:\Potato\IrishPotato37G_full\lateblt\lateblt731.jpg,late_blight,irish
D:\Potato\non_leaf\coco_person\000000083540.jpg,non_leaf,coco_person
D:\Potato\PlantVillage\Potato___Early_blight\b4021eae-d195-400a-b7b7-9888367f5f2f___RS_Early.B 7881.JPG,early_blight,plantvillage
D:\Potato\IrishPotato37G_full\earlyblt\earlyblt2833.jpg,early_blight,irish
D:\Potato\IrishPotato37G_full\lateblt\lateblt1471.jpg,late_blight,irish
D:\Potato\IrishPotato37G_full\lateblt\lateblt2935.jpg,late_blight,irish
D:\Potato\IrishPotato37G_full\lateblt\lateblt998.jpg,late_blight,irish
D:\Potato\IrishPotato37G_full\healthy\healthy2362.jpg,healthy,irish
D:\Potato\non_leaf\coco_person\000000153527.jpg,non_leaf,coco_person
D:\Potato\IrishPotato37G_full\lateblt\lateblt2913.jpg,late_blight,irish
D:\Potato\IrishPotato37G_full\healthy\healthy1667.jpg,healthy,irish
D:\Potato\PlantVillage\Potato___Early_blight\dbee10d3-333b-4c62-aa90-23c1f859519c___RS_Early.B 7252.JPG,early_blight,plantvillage
D:\Potato\IrishPotato37G_full\lateblt\lateblt5034.jpg,late_blight,irish
D:\Potato\IrishPotato37G_full\healthy\healthy4146.jpg,healthy,irish
D:\Potato\IrishPotato37G_full\lateblt\lateblt2720.jpg,late_blight,irish
D:\Potato\non_leaf\coco_person\000000100238.jpg,non_leaf,coco_person
D:\Potato\IrishPotato37G_full\healthy\healthy1610.jpg,healthy,irish
D:\Potato\IrishPotato37G_full\healthy\healthy1531.jpg,healthy,irish
D:\Potato\IrishPotato37G_full\earlyblt\earlyblt1717.jpg,early_blight,irish
D:\Potato\IrishPotato37G_full\earlyblt\earlyblt2727.jpg,early_blight,irish
D:\Potato\IrishPotato37G_full\earlyblt\earlyblt1923.jpg,early_blight,irish
D:\Potato\IrishPotato37G_full\healthy\healthy4922.jpg,healthy,irish
D:\Potato\IrishPotato37G_full\lateblt\lateblt1148.jpg,late_blight,irish
D:\Potato\non_leaf\coco_person\000000143931.jpg,non_leaf,coco_person
D:\Potato\PlantVillage\Potato___Early_blight\10a3920b-dd04-406d-8bbd-f92f221e4dee___RS_Early.B 7035.JPG,early_blight,plantvillage
D:\Potato\IrishPotato37G_full\healthy\healthy2163.jpg,healthy,irish
D:\Potato\IrishPotato37G_full\lateblt\lateblt469.jpg,late_blight,irish
D:\Potato\IrishPotato37G_full\healthy\healthy2285.jpg,healthy,irish
D:\Potato\non_leaf\coco_person\000000494869.jpg,non_leaf,coco_person
D:\Potato\IrishPotato37G_full\healthy\healthy5139.jpg,healthy,irish
D:\Potato\IrishPotato37G_full\lateblt\lateblt2540.jpg,late_blight,irish
D:\Potato\PlantVillage\Potato___Early_blight\ce9d9a96-23cc-4d24-ab68-3932cba59ae2___RS_Early.B 7080.JPG,early_blight,plantvillage
D:\Potato\IrishPotato37G_full\lateblt\lateblt923.jpg,late_blight,irish
D:\Potato\non_leaf\coco_person\000000093437.jpg,non_leaf,coco_person
D:\Potato\PlantVillage\Potato___Early_blight\904770c5-2c05-43a1-a4d7-bccb5eafe1b7___RS_Early.B 7129.JPG,early_blight,plantvillage
D:\Potato\IrishPotato37G_full\healthy\healthy666.jpg,healthy,irish
D:\Potato\IrishPotato37G_full\earlyblt\earlyblt2194.jpg,early_blight,irish
D:\Potato\IrishPotato37G_full\earlyblt\earlyblt654.jpg,early_blight,irish
D:\Potato\IrishPotato37G_full\earlyblt\earlyblt3491.jpg,early_blight,irish
D:\Potato\PlantVillage\Potato___Late_blight\523537e5-5795-40f6-ad49-9394aeca3f2e___RS_LB 3848.JPG,late_blight,plantvillage
D:\Potato\IrishPotato37G_full\healthy\healthy3470.jpg,healthy,irish
D:\Potato\IrishPotato37G_full\lateblt\lateblt1978.jpg,late_blight,irish
D:\Potato\IrishPotato37G_full\earlyblt\earlyblt453.jpg,early_blight,irish
D:\Potato\IrishPotato37G_full\lateblt\lateblt1945.jpg,late_blight,irish
D:\Potato\IrishPotato37G_full\healthy\healthy4262.jpg,healthy,irish
D:\Potato\non_leaf\coco_person\000000065798.jpg,non_leaf,coco_person
D:\Potato\IrishPotato37G_full\earlyblt\earlyblt3907.jpg,early_blight,irish
D:\Potato\non_leaf\coco_person\000000006471.jpg,non_leaf,coco_person
D:\Potato\IrishPotato37G_full\earlyblt\earlyblt6306.jpg,early_blight,irish
D:\Potato\IrishPotato37G_full\earlyblt\earlyblt4683.jpg,early_blight,irish
D:\Potato\IrishPotato37G_full\lateblt\lateblt2811.jpg,late_blight,irish
D:\Potato\IrishPotato37G_full\earlyblt\earlyblt2046.jpg,early_blight,irish
D:\Potato\IrishPotato37G_full\lateblt\lateblt134.jpg,late_blight,irish
D:\Potato\non_leaf\coco_person\000000369503.jpg,non_leaf,coco_person
D:\Potato\IrishPotato37G_full\lateblt\lateblt507.jpg,late_blight,irish
D:\Potato\IrishPotato37G_full\earlyblt\earlyblt824.jpg,early_blight,irish
D:\Potato\IrishPotato37G_full\lateblt\lateblt2964.jpg,late_blight,irish
D:\Potato\non_leaf\coco_person\000000531707.jpg,non_leaf,coco_person
D:\Potato\IrishPotato37G_full\healthy\healthy5109.jpg,healthy,irish
D:\Potato\non_leaf\coco_person\000000079031.jpg,non_leaf,coco_person
D:\Potato\IrishPotato37G_full\lateblt\lateblt74.jpg,late_blight,irish
D:\Potato\IrishPotato37G_full\earlyblt\earlyblt3186.jpg,early_blight,irish
D:\Potato\IrishPotato37G_full\lateblt\lateblt2965.jpg,late_blight,irish
D:\Potato\IrishPotato37G_full\earlyblt\earlyblt2087.jpg,early_blight,irish
D:\Potato\IrishPotato37G_full\healthy\healthy4283.jpg,healthy,irish
D:\Potato\IrishPotato37G_full\lateblt\lateblt2774.jpg,late_blight,irish
D:\Potato\IrishPotato37G_full\earlyblt\earlyblt686.jpg,early_blight,irish
D:\Potato\IrishPotato37G_full\healthy\healthy794.jpg,healthy,irish
D:\Potato\IrishPotato37G_full\earlyblt\earlyblt6008.jpg,early_blight,irish
D:\Potato\IrishPotato37G_full\healthy\healthy2956.jpg,healthy,irish
D:\Potato\IrishPotato37G_full\healthy\healthy3625.jpg,healthy,irish
D:\Potato\IrishPotato37G_full\healthy\healthy2565.jpg,healthy,irish
D:\Potato\PlantVillage\Potato___Late_blight\b9aecfc3-98d5-467a-8773-ee2905918c71___RS_LB 5161.JPG,late_blight,plantvillage
D:\Potato\IrishPotato37G_full\healthy\healthy2575.jpg,healthy,irish
D:\Potato\IrishPotato37G_full\earlyblt\earlyblt2988.jpg,early_blight,irish
D:\Potato\IrishPotato37G_full\healthy\healthy5187.jpg,healthy,irish
D:\Potato\IrishPotato37G_full\lateblt\lateblt675.jpg,late_blight,irish
D:\Potato\PlantVillage\Potato___Early_blight\e1710bad-79c1-4b36-bbd2-b257c50697a5___RS_Early.B 7426.JPG,early_blight,plantvillage
D:\Potato\PlantVillage\Potato___Early_blight\3ab17a89-2e50-49c2-bb75-518369da98c1___RS_Early.B 8636.JPG,early_blight,plantvillage
D:\Potato\PlantVillage\Potato___Late_blight\20e59080-5a86-4aa8-b5b1-d886a4b273b7___RS_LB 3165.JPG,late_blight,plantvillage
D:\Potato\IrishPotato37G_full\healthy\healthy1273.jpg,healthy,irish
D:\Potato\IrishPotato37G_full\lateblt\lateblt2910.jpg,late_blight,irish
D:\Potato\non_leaf\coco_person\000000043314.jpg,non_leaf,coco_person
D:\Potato\PlantVillage\Potato___Early_blight\34d62dee-797e-4f31-9063-f6a285935b4d___RS_Early.B 6733.JPG,early_blight,plantvillage
D:\Potato\IrishPotato37G_full\lateblt\lateblt2037.jpg,late_blight,irish
D:\Potato\PlantVillage\Potato___Early_blight\d5c51ec6-506e-4b85-b774-66f6a5493c90___RS_Early.B 7071.JPG,early_blight,plantvillage
D:\Potato\IrishPotato37G_full\earlyblt\earlyblt2488.jpg,early_blight,irish
D:\Potato\IrishPotato37G_full\healthy\healthy3007.jpg,healthy,irish
D:\Potato\IrishPotato37G_full\healthy\healthy5638.jpg,healthy,irish
D:\Potato\IrishPotato37G_full\earlyblt\earlyblt7002.jpg,early_blight,irish
D:\Potato\IrishPotato37G_full\earlyblt\earlyblt1564.jpg,early_blight,irish
D:\Potato\IrishPotato37G_full\earlyblt\earlyblt458.jpg,early_blight,irish
D:\Potato\IrishPotato37G_full\earlyblt\earlyblt6951.jpg,early_blight,irish
D:\Potato\IrishPotato37G_full\lateblt\lateblt2230.jpg,late_blight,irish
D:\Potato\IrishPotato37G_full\earlyblt\earlyblt3797.jpg,early_blight,irish
D:\Potato\IrishPotato37G_full\earlyblt\earlyblt1061.jpg,early_blight,irish
D:\Potato\non_leaf\coco_person\000000301563.jpg,non_leaf,coco_person
D:\Potato\IrishPotato37G_full\earlyblt\earlyblt670.jpg,early_blight,irish
D:\Potato\PlantVillage\Potato___Late_blight\317a40c6-c4d8-4b4e-9878-4f742e7f409a___RS_LB 4462.JPG,late_blight,plantvillage
D:\Potato\non_leaf\coco_person\000000397351.jpg,non_leaf,coco_person
D:\Potato\IrishPotato37G_full\lateblt\lateblt2290.jpg,late_blight,irish
D:\Potato\IrishPotato37G_full\lateblt\lateblt466.jpg,late_blight,irish
D:\Potato\IrishPotato37G_full\earlyblt\earlyblt3172.jpg,early_blight,irish
D:\Potato\PlantVillage\Potato___Early_blight\8e99bd85-9c90-4d29-ba2c-2110f46cef07___RS_Early.B 8570.JPG,early_blight,plantvillage
D:\Potato\IrishPotato37G_full\healthy\healthy3326.jpg,healthy,irish
D:\Potato\IrishPotato37G_full\healthy\healthy779.jpg,healthy,irish
D:\Potato\IrishPotato37G_full\lateblt\lateblt864.jpg,late_blight,irish
D:\Potato\IrishPotato37G_full\lateblt\lateblt2556.jpg,late_blight,irish
D:\Potato\IrishPotato37G_full\earlyblt\earlyblt3823.jpg,early_blight,irish
D:\Potato\IrishPotato37G_full\lateblt\lateblt2549.jpg,late_blight,irish
D:\Potato\IrishPotato37G_full\earlyblt\earlyblt2831.jpg,early_blight,irish
D:\Potato\IrishPotato37G_full\lateblt\lateblt1103.jpg,late_blight,irish
D:\Potato\PlantVillage\Potato___Late_blight\37dbf454-f189-4fae-a9e7-a088e7be3f2e___RS_LB 4530.JPG,late_blight,plantvillage
D:\Potato\IrishPotato37G_full\lateblt\lateblt1377.jpg,late_blight,irish
D:\Potato\PlantVillage\Potato___Early_blight\cfd3112d-e376-4b82-bc06-de0bfba0ab41___RS_Early.B 8389.JPG,early_blight,plantvillage
D:\Potato\PlantVillage\Potato___Late_blight\749a1b32-7152-4dce-87b4-92af094f6b9b___RS_LB 3310.JPG,late_blight,plantvillage
D:\Potato\IrishPotato37G_full\earlyblt\earlyblt843.jpg,early_blight,irish
D:\Potato\PlantVillage\Potato___Early_blight\8b5e48c6-7fac-4c87-bae4-6dd4ca5d110d___RS_Early.B 8905.JPG,early_blight,plantvillage
D:\Potato\PlantVillage\Potato___Early_blight\57bb36be-b5bc-44e0-91e5-0b1b4d31bc82___RS_Early.B 7311.JPG,early_blight,plantvillage
D:\Potato\IrishPotato37G_full\earlyblt\earlyblt6091.jpg,early_blight,irish
D:\Potato\IrishPotato37G_full\lateblt\lateblt215.jpg,late_blight,irish
D:\Potato\IrishPotato37G_full\earlyblt\earlyblt2126.jpg,early_blight,irish
D:\Potato\IrishPotato37G_full\lateblt\lateblt238.jpg,late_blight,irish
D:\Potato\IrishPotato37G_full\lateblt\lateblt530.jpg,late_blight,irish
D:\Potato\non_leaf\coco_person\000000380711.jpg,non_leaf,coco_person
D:\Potato\IrishPotato37G_full\earlyblt\earlyblt243.jpg,early_blight,irish
D:\Potato\IrishPotato37G_full\lateblt\lateblt506.jpg,late_blight,irish
D:\Potato\non_leaf\coco_person\000000498807.jpg,non_leaf,coco_person
D:\Potato\PlantVillage\Potato___Late_blight\d752ca70-320b-4d33-970f-8f3eead9141e___RS_LB 3166.JPG,late_blight,plantvillage
D:\Potato\IrishPotato37G_full\earlyblt\earlyblt3029.jpg,early_blight,irish
D:\Potato\IrishPotato37G_full\earlyblt\earlyblt2516.jpg,early_blight,irish
D:\Potato\PlantVillage\Potato___Early_blight\0c5b14d9-8b1c-4c39-bb23-1835b5760caa___RS_Early.B 7937.JPG,early_blight,plantvillage
D:\Potato\PlantVillage\Potato___Late_blight\32e6ace8-7ca9-4f95-a313-6747d321e8da___RS_LB 4698.JPG,late_blight,plantvillage
D:\Potato\IrishPotato37G_full\lateblt\lateblt481.jpg,late_blight,irish
D:\Potato\IrishPotato37G_full\earlyblt\earlyblt1485.jpg,early_blight,irish
D:\Potato\PlantVillage\Potato___Early_blight\9eb646d2-e908-43d1-8dd5-0d6b8dcb21eb___RS_Early.B 7569.JPG,early_blight,plantvillage
D:\Potato\IrishPotato37G_full\lateblt\lateblt2460.jpg,late_blight,irish
D:\Potato\IrishPotato37G_full\lateblt\lateblt191.jpg,late_blight,irish
D:\Potato\IrishPotato37G_full\healthy\healthy3101.jpg,healthy,irish
D:\Potato\IrishPotato37G_full\lateblt\lateblt2089.jpg,late_blight,irish
D:\Potato\non_leaf\coco_person\000000365521.jpg,non_leaf,coco_person
D:\Potato\IrishPotato37G_full\lateblt\lateblt1995.jpg,late_blight,irish
D:\Potato\IrishPotato37G_full\lateblt\lateblt2607.jpg,late_blight,irish
D:\Potato\IrishPotato37G_full\earlyblt\earlyblt272.jpg,early_blight,irish
D:\Potato\non_leaf\coco_person\000000523100.jpg,non_leaf,coco_person
D:\Potato\IrishPotato37G_full\healthy\healthy162.jpg,healthy,irish
D:\Potato\PlantVillage\Potato___Late_blight\718aefec-0eba-48fe-9798-f45d3d24fade___RS_LB 4119.JPG,late_blight,plantvillage
D:\Potato\IrishPotato37G_full\lateblt\lateblt271.jpg,late_blight,irish
D:\Potato\IrishPotato37G_full\lateblt\lateblt2437.jpg,late_blight,irish
D:\Potato\non_leaf\coco_person\000000347174.jpg,non_leaf,coco_person
D:\Potato\IrishPotato37G_full\healthy\healthy2710.jpg,healthy,irish
D:\Potato\PlantVillage\Potato___Late_blight\929dd251-5fbb-406f-9313-a71e5f96b31c___RS_LB 4781.JPG,late_blight,plantvillage
D:\Potato\IrishPotato37G_full\healthy\healthy2367.jpg,healthy,irish
D:\Potato\IrishPotato37G_full\healthy\healthy4082.jpg,healthy,irish
D:\Potato\PlantVillage\Potato___Early_blight\ec9ea109-34c7-48c5-bbac-40a36b21fa05___RS_Early.B 8761.JPG,early_blight,plantvillage
D:\Potato\IrishPotato37G_full\lateblt\lateblt2049.jpg,late_blight,irish
D:\Potato\PlantVillage\Potato___Early_blight\72013507-bfce-4b7a-b56e-f66a94cb4558___RS_Early.B 7930.JPG,early_blight,plantvillage
D:\Potato\non_leaf\coco_person\000000078404.jpg,non_leaf,coco_person
D:\Potato\IrishPotato37G_full\lateblt\lateblt2050.jpg,late_blight,irish
D:\Potato\PlantVillage\Potato___Early_blight\d8a55ed1-7b3a-4b25-84b2-6046c0d9e3ab___RS_Early.B 7443.JPG,early_blight,plantvillage
D:\Potato\IrishPotato37G_full\lateblt\lateblt2938.jpg,late_blight,irish
D:\Potato\IrishPotato37G_full\healthy\healthy5436.jpg,healthy,irish
D:\Potato\IrishPotato37G_full\healthy\healthy1755.jpg,healthy,irish
D:\Potato\IrishPotato37G_full\earlyblt\earlyblt2487.jpg,early_blight,irish
D:\Potato\non_leaf\coco_person\000000297353.jpg,non_leaf,coco_person
D:\Potato\IrishPotato37G_full\healthy\healthy691.jpg,healthy,irish
D:\Potato\PlantVillage\Potato___healthy\a1abff90-34e5-464d-b4d3-0c09f5924900___RS_HL 5414.JPG,healthy,plantvillage
D:\Potato\PlantVillage\Potato___Late_blight\53b09253-988e-4a22-966c-b5a03ed6bc44___RS_LB 2924.JPG,late_blight,plantvillage
D:\Potato\IrishPotato37G_full\lateblt\lateblt1300.jpg,late_blight,irish
D:\Potato\IrishPotato37G_full\lateblt\lateblt556.jpg,late_blight,irish
D:\Potato\IrishPotato37G_full\healthy\healthy2712.jpg,healthy,irish
D:\Potato\IrishPotato37G_full\healthy\healthy1672.jpg,healthy,irish
D:\Potato\IrishPotato37G_full\earlyblt\earlyblt846.jpg,early_blight,irish
D:\Potato\IrishPotato37G_full\earlyblt\earlyblt2233.jpg,early_blight,irish
D:\Potato\IrishPotato37G_full\lateblt\lateblt774.jpg,late_blight,irish
D:\Potato\IrishPotato37G_full\healthy\healthy4020.jpg,healthy,irish
D:\Potato\IrishPotato37G_full\lateblt\lateblt721.jpg,late_blight,irish
D:\Potato\IrishPotato37G_full\earlyblt\earlyblt4804.jpg,early_blight,irish
D:\Potato\IrishPotato37G_full\earlyblt\earlyblt304.jpg,early_blight,irish
D:\Potato\IrishPotato37G_full\earlyblt\earlyblt364.jpg,early_blight,irish
D:\Potato\PlantVillage\Potato___Early_blight\737c2343-228f-4155-b984-13ae0da44745___RS_Early.B 6828.JPG,early_blight,plantvillage
D:\Potato\IrishPotato37G_full\healthy\healthy160.jpg,healthy,irish
D:\Potato\PlantVillage\Potato___healthy\dbe4f332-9189-4b76-b30c-f0c9a55e48d3___RS_HL 1841.JPG,healthy,plantvillage
D:\Potato\IrishPotato37G_full\earlyblt\earlyblt3219.jpg,early_blight,irish
D:\Potato\IrishPotato37G_full\earlyblt\earlyblt2441.jpg,early_blight,irish
D:\Potato\IrishPotato37G_full\earlyblt\earlyblt2110.jpg,early_blight,irish
D:\Potato\IrishPotato37G_full\earlyblt\earlyblt778.jpg,early_blight,irish
D:\Potato\IrishPotato37G_full\earlyblt\earlyblt2005.jpg,early_blight,irish
D:\Potato\IrishPotato37G_full\healthy\healthy1557.jpg,healthy,irish
D:\Potato\IrishPotato37G_full\lateblt\lateblt2908.jpg,late_blight,irish
D:\Potato\IrishPotato37G_full\healthy\healthy2765.jpg,healthy,irish
D:\Potato\IrishPotato37G_full\earlyblt\earlyblt939.jpg,early_blight,irish
D:\Potato\IrishPotato37G_full\healthy\healthy3416.jpg,healthy,irish
D:\Potato\IrishPotato37G_full\lateblt\lateblt229.jpg,late_blight,irish
D:\Potato\IrishPotato37G_full\earlyblt\earlyblt1412.jpg,early_blight,irish
D:\Potato\IrishPotato37G_full\earlyblt\earlyblt2570.jpg,early_blight,irish
D:\Potato\PlantVillage\Potato___Early_blight\4a7c680d-9c18-4065-a6e0-70cd2d0a3207___RS_Early.B 8107.JPG,early_blight,plantvillage
D:\Potato\IrishPotato37G_full\earlyblt\earlyblt1752.jpg,early_blight,irish
D:\Potato\PlantVillage\Potato___Early_blight\20e451e3-74a4-4a5b-b11c-257506f13a8f___RS_Early.B 6984.JPG,early_blight,plantvillage
D:\Potato\IrishPotato37G_full\earlyblt\earlyblt291.jpg,early_blight,irish
D:\Potato\PlantVillage\Potato___Late_blight\2f6382f7-12fc-4309-b7db-b034b8165c67___RS_LB 4955.JPG,late_blight,plantvillage
D:\Potato\IrishPotato37G_full\healthy\healthy1388.jpg,healthy,irish
D:\Potato\IrishPotato37G_full\lateblt\lateblt1672.jpg,late_blight,irish
D:\Potato\PlantVillage\Potato___Late_blight\790eb0ba-6878-4b5a-85fb-481aa37783a3___RS_LB 3872.JPG,late_blight,plantvillage
D:\Potato\IrishPotato37G_full\healthy\healthy4616.jpg,healthy,irish
D:\Potato\IrishPotato37G_full\lateblt\lateblt2449.jpg,late_blight,irish
D:\Potato\non_leaf\coco_person\000000074733.jpg,non_leaf,coco_person
D:\Potato\IrishPotato37G_full\healthy\healthy2170.jpg,healthy,irish
D:\Potato\IrishPotato37G_full\earlyblt\earlyblt3016.jpg,early_blight,irish
D:\Potato\IrishPotato37G_full\earlyblt\earlyblt783.jpg,early_blight,irish
D:\Potato\IrishPotato37G_full\earlyblt\earlyblt6937.jpg,early_blight,irish
D:\Potato\IrishPotato37G_full\lateblt\lateblt2894.jpg,late_blight,irish
D:\Potato\non_leaf\coco_person\000000094326.jpg,non_leaf,coco_person
D:\Potato\PlantVillage\Potato___Early_blight\4c246dbf-ad6c-4563-ad59-d5ea84453817___RS_Early.B 7662.JPG,early_blight,plantvillage
D:\Potato\PlantVillage\Potato___Early_blight\5cb0b99b-2e14-43b3-aa51-51a7ce668793___RS_Early.B 7455.JPG,early_blight,plantvillage
D:\Potato\IrishPotato37G_full\earlyblt\earlyblt2042.jpg,early_blight,irish
D:\Potato\PlantVillage\Potato___Early_blight\dcc46f93-d842-496d-980b-4b29a00551d5___RS_Early.B 8424.JPG,early_blight,plantvillage
D:\Potato\IrishPotato37G_full\lateblt\lateblt600.jpg,late_blight,irish
D:\Potato\IrishPotato37G_full\healthy\healthy1477.jpg,healthy,irish
D:\Potato\IrishPotato37G_full\lateblt\lateblt2963.jpg,late_blight,irish
D:\Potato\non_leaf\coco_person\000000014226.jpg,non_leaf,coco_person
D:\Potato\PlantVillage\Potato___Early_blight\8784362f-5fc6-4ad9-b11d-d06b272cefb5___RS_Early.B 6907.JPG,early_blight,plantvillage
D:\Potato\PlantVillage\Potato___Late_blight\9a7d732b-12e2-400f-9206-068df63de1ba___RS_LB 2926.JPG,late_blight,plantvillage
D:\Potato\PlantVillage\Potato___Late_blight\4d213f48-e73a-45bf-badd-ead51dda60b4___RS_LB 2981.JPG,late_blight,plantvillage
D:\Potato\IrishPotato37G_full\earlyblt\earlyblt4732.jpg,early_blight,irish
D:\Potato\IrishPotato37G_full\lateblt\lateblt1468.jpg,late_blight,irish
D:\Potato\non_leaf\coco_person\000000021879.jpg,non_leaf,coco_person
D:\Potato\IrishPotato37G_full\lateblt\lateblt174.jpg,late_blight,irish
D:\Potato\IrishPotato37G_full\healthy\healthy513.jpg,healthy,irish
D:\Potato\IrishPotato37G_full\healthy\healthy141.jpg,healthy,irish
D:\Potato\IrishPotato37G_full\lateblt\lateblt5066.jpg,late_blight,irish
D:\Potato\IrishPotato37G_full\lateblt\lateblt1553.jpg,late_blight,irish
D:\Potato\non_leaf\coco_person\000000018770.jpg,non_leaf,coco_person
D:\Potato\IrishPotato37G_full\lateblt\lateblt1567.jpg,late_blight,irish
D:\Potato\non_leaf\coco_person\000000529122.jpg,non_leaf,coco_person
D:\Potato\IrishPotato37G_full\lateblt\lateblt1134.jpg,late_blight,irish
D:\Potato\IrishPotato37G_full\healthy\healthy79.jpg,healthy,irish
D:\Potato\IrishPotato37G_full\lateblt\lateblt1687.jpg,late_blight,irish
D:\Potato\PlantVillage\Potato___Early_blight\8f6d9148-ae73-42cc-be78-baca869d1543___RS_Early.B 6805.JPG,early_blight,plantvillage
D:\Potato\IrishPotato37G_full\earlyblt\earlyblt3827.jpg,early_blight,irish
D:\Potato\IrishPotato37G_full\earlyblt\earlyblt6386.jpg,early_blight,irish
D:\Potato\IrishPotato37G_full\healthy\healthy4463.jpg,healthy,irish
D:\Potato\IrishPotato37G_full\lateblt\lateblt2002.jpg,late_blight,irish
D:\Potato\non_leaf\coco_person\000000376900.jpg,non_leaf,coco_person
D:\Potato\IrishPotato37G_full\lateblt\lateblt2791.jpg,late_blight,irish
D:\Potato\IrishPotato37G_full\earlyblt\earlyblt313.jpg,early_blight,irish
D:\Potato\IrishPotato37G_full\earlyblt\earlyblt408.jpg,early_blight,irish
D:\Potato\IrishPotato37G_full\healthy\healthy2812.jpg,healthy,irish
D:\Potato\IrishPotato37G_full\earlyblt\earlyblt6374.jpg,early_blight,irish
D:\Potato\non_leaf\coco_person\000000003934.jpg,non_leaf,coco_person
D:\Potato\PlantVillage\Potato___Early_blight\aed93c24-f226-4dd4-b5fb-b1f2d1202c63___RS_Early.B 8363.JPG,early_blight,plantvillage
D:\Potato\IrishPotato37G_full\earlyblt\earlyblt3175.jpg,early_blight,irish
D:\Potato\IrishPotato37G_full\earlyblt\earlyblt2279.jpg,early_blight,irish
D:\Potato\IrishPotato37G_full\earlyblt\earlyblt6333.jpg,early_blight,irish
D:\Potato\IrishPotato37G_full\healthy\healthy2871.jpg,healthy,irish
D:\Potato\PlantVillage\Potato___Early_blight\e490f736-a52f-434f-ada7-3bb255d99635___RS_Early.B 7417.JPG,early_blight,plantvillage
D:\Potato\IrishPotato37G_full\healthy\healthy2596.jpg,healthy,irish
D:\Potato\IrishPotato37G_full\healthy\healthy3995.jpg,healthy,irish
D:\Potato\IrishPotato37G_full\lateblt\lateblt1533.jpg,late_blight,irish
D:\Potato\IrishPotato37G_full\earlyblt\earlyblt3977.jpg,early_blight,irish
D:\Potato\non_leaf\coco_person\000000146155.jpg,non_leaf,coco_person
D:\Potato\IrishPotato37G_full\healthy\healthy4885.jpg,healthy,irish
D:\Potato\PlantVillage\Potato___Early_blight\1797b5ac-ed8b-4b35-bd01-f8a14d34d6e1___RS_Early.B 8812.JPG,early_blight,plantvillage
D:\Potato\non_leaf\coco_person\000000506933.jpg,non_leaf,coco_person
D:\Potato\IrishPotato37G_full\lateblt\lateblt1486.jpg,late_blight,irish
D:\Potato\non_leaf\coco_person\000000404839.jpg,non_leaf,coco_person
D:\Potato\IrishPotato37G_full\earlyblt\earlyblt3183.jpg,early_blight,irish
D:\Potato\IrishPotato37G_full\healthy\healthy177.jpg,healthy,irish
D:\Potato\IrishPotato37G_full\earlyblt\earlyblt6995.jpg,early_blight,irish
D:\Potato\IrishPotato37G_full\healthy\healthy4349.jpg,healthy,irish
D:\Potato\IrishPotato37G_full\lateblt\lateblt631.jpg,late_blight,irish
D:\Potato\IrishPotato37G_full\earlyblt\earlyblt4774.jpg,early_blight,irish
D:\Potato\PlantVillage\Potato___Late_blight\304b3fa0-f0cb-41b5-b835-9bd13773150a___RS_LB 4696.JPG,late_blight,plantvillage
D:\Potato\PlantVillage\Potato___Late_blight\326919e6-16b9-442b-ada3-e4c37b3ab8ef___RS_LB 3187.JPG,late_blight,plantvillage
D:\Potato\IrishPotato37G_full\earlyblt\earlyblt3888.jpg,early_blight,irish
D:\Potato\IrishPotato37G_full\earlyblt\earlyblt999.jpg,early_blight,irish
D:\Potato\IrishPotato37G_full\healthy\healthy5617.jpg,healthy,irish
D:\Potato\IrishPotato37G_full\lateblt\lateblt2009.jpg,late_blight,irish
D:\Potato\IrishPotato37G_full\healthy\healthy4673.jpg,healthy,irish
D:\Potato\IrishPotato37G_full\lateblt\lateblt2192.jpg,late_blight,irish
D:\Potato\PlantVillage\Potato___Early_blight\77c86eac-945e-4942-8eab-1269373d645a___RS_Early.B 7755.JPG,early_blight,plantvillage
D:\Potato\IrishPotato37G_full\earlyblt\earlyblt6465.jpg,early_blight,irish
D:\Potato\IrishPotato37G_full\lateblt\lateblt2094.jpg,late_blight,irish
D:\Potato\IrishPotato37G_full\healthy\healthy4242.jpg,healthy,irish
D:\Potato\IrishPotato37G_full\healthy\healthy3030.jpg,healthy,irish
D:\Potato\IrishPotato37G_full\lateblt\lateblt200.jpg,late_blight,irish
D:\Potato\PlantVillage\Potato___Early_blight\8a9f0340-d5d1-479b-9dc5-d8df11685951___RS_Early.B 7024.JPG,early_blight,plantvillage
D:\Potato\PlantVillage\Potato___healthy\ec6e43d3-512d-4908-99f2-c9e2a0be54be___RS_HL 4202.JPG,healthy,plantvillage
D:\Potato\IrishPotato37G_full\lateblt\lateblt244.jpg,late_blight,irish
D:\Potato\non_leaf\coco_person\000000199771.jpg,non_leaf,coco_person
D:\Potato\IrishPotato37G_full\lateblt\lateblt997.jpg,late_blight,irish
D:\Potato\IrishPotato37G_full\healthy\healthy3481.jpg,healthy,irish
D:\Potato\IrishPotato37G_full\healthy\healthy1682.jpg,healthy,irish
D:\Potato\PlantVillage\Potato___healthy\163ada72-4288-4f85-a3c1-feed23c8d1de___RS_HL 1940.JPG,healthy,plantvillage
D:\Potato\IrishPotato37G_full\lateblt\lateblt2255.jpg,late_blight,irish
D:\Potato\non_leaf\coco_person\000000464786.jpg,non_leaf,coco_person
D:\Potato\IrishPotato37G_full\earlyblt\earlyblt1678.jpg,early_blight,irish
D:\Potato\IrishPotato37G_full\earlyblt\earlyblt3578.jpg,early_blight,irish
D:\Potato\IrishPotato37G_full\lateblt\lateblt1391.jpg,late_blight,irish
D:\Potato\non_leaf\coco_person\000000048396.jpg,non_leaf,coco_person
D:\Potato\IrishPotato37G_full\healthy\healthy2987.jpg,healthy,irish
D:\Potato\PlantVillage\Potato___Early_blight\d472b6e3-a00c-4b4e-b13a-cdababff9d24___RS_Early.B 7699.JPG,early_blight,plantvillage
D:\Potato\IrishPotato37G_full\earlyblt\earlyblt312.jpg,early_blight,irish
D:\Potato\IrishPotato37G_full\lateblt\lateblt687.jpg,late_blight,irish
D:\Potato\IrishPotato37G_full\healthy\healthy2824.jpg,healthy,irish
D:\Potato\IrishPotato37G_full\healthy\healthy2789.jpg,healthy,irish
D:\Potato\IrishPotato37G_full\earlyblt\earlyblt3221.jpg,early_blight,irish
D:\Potato\non_leaf\coco_person\000000066706.jpg,non_leaf,coco_person
D:\Potato\PlantVillage\Potato___Early_blight\7486e823-64f7-4e43-ab51-26261b077fc2___RS_Early.B 6785.JPG,early_blight,plantvillage
D:\Potato\IrishPotato37G_full\earlyblt\earlyblt714.jpg,early_blight,irish
D:\Potato\IrishPotato37G_full\earlyblt\earlyblt338.jpg,early_blight,irish
D:\Potato\IrishPotato37G_full\lateblt\lateblt1624.jpg,late_blight,irish
D:\Potato\IrishPotato37G_full\earlyblt\earlyblt2901.jpg,early_blight,irish
D:\Potato\non_leaf\coco_person\000000352491.jpg,non_leaf,coco_person
D:\Potato\PlantVillage\Potato___Late_blight\b5f127d1-1b1a-4baa-9158-58cf4b679990___RS_LB 4488.JPG,late_blight,plantvillage
D:\Potato\IrishPotato37G_full\healthy\healthy183.jpg,healthy,irish
D:\Potato\non_leaf\coco_person\000000369503.jpg,non_leaf,coco_person
D:\Potato\IrishPotato37G_full\lateblt\lateblt281.jpg,late_blight,irish
D:\Potato\IrishPotato37G_full\healthy\healthy1212.jpg,healthy,irish
D:\Potato\PlantVillage\Potato___Early_blight\93701beb-c734-41ea-a5ef-9e5ca4728dfc___RS_Early.B 6885.JPG,early_blight,plantvillage
D:\Potato\IrishPotato37G_full\healthy\healthy4684.jpg,healthy,irish
D:\Potato\IrishPotato37G_full\earlyblt\earlyblt1849.jpg,early_blight,irish
D:\Potato\PlantVillage\Potato___Early_blight\02578b86-b234-4ac0-9bc3-691b5610e2bf___RS_Early.B 7562.JPG,early_blight,plantvillage
D:\Potato\IrishPotato37G_full\lateblt\lateblt195.jpg,late_blight,irish
D:\Potato\IrishPotato37G_full\earlyblt\earlyblt4753.jpg,early_blight,irish
D:\Potato\non_leaf\coco_person\000000128748.jpg,non_leaf,coco_person
D:\Potato\IrishPotato37G_full\lateblt\lateblt2868.jpg,late_blight,irish
D:\Potato\IrishPotato37G_full\healthy\healthy5114.jpg,healthy,irish
D:\Potato\PlantVillage\Potato___Early_blight\107827b3-faa5-457c-97fd-3e34d2657f6b___RS_Early.B 7162.JPG,early_blight,plantvillage
D:\Potato\IrishPotato37G_full\lateblt\lateblt933.jpg,late_blight,irish
D:\Potato\IrishPotato37G_full\lateblt\lateblt571.jpg,late_blight,irish
D:\Potato\IrishPotato37G_full\lateblt\lateblt5044.jpg,late_blight,irish
D:\Potato\PlantVillage\Potato___Early_blight\9a157bfb-073a-46b2-95c6-16792e30e03f___RS_Early.B 7409.JPG,early_blight,plantvillage
D:\Potato\IrishPotato37G_full\earlyblt\earlyblt877.jpg,early_blight,irish
D:\Potato\IrishPotato37G_full\earlyblt\earlyblt6025.jpg,early_blight,irish
D:\Potato\IrishPotato37G_full\lateblt\lateblt2103.jpg,late_blight,irish
D:\Potato\IrishPotato37G_full\lateblt\lateblt1452.jpg,late_blight,irish
D:\Potato\IrishPotato37G_full\healthy\healthy3067.jpg,healthy,irish
D:\Potato\IrishPotato37G_full\earlyblt\earlyblt6781.jpg,early_blight,irish
D:\Potato\IrishPotato37G_full\earlyblt\earlyblt2650.jpg,early_blight,irish
D:\Potato\PlantVillage\Potato___Late_blight\dcfa79c3-b0d0-4dd0-9796-5d529948b88e___RS_LB 5437.JPG,late_blight,plantvillage
D:\Potato\IrishPotato37G_full\healthy\healthy1256.jpg,healthy,irish
D:\Potato\IrishPotato37G_full\healthy\healthy3733.jpg,healthy,irish
D:\Potato\IrishPotato37G_full\earlyblt\earlyblt1158.jpg,early_blight,irish
D:\Potato\IrishPotato37G_full\healthy\healthy6.jpg,healthy,irish
D:\Potato\IrishPotato37G_full\earlyblt\earlyblt2092.jpg,early_blight,irish
D:\Potato\PlantVillage\Potato___Early_blight\5dbb2c15-fc42-4611-b590-9d92d4ce2a85___RS_Early.B 7312.JPG,early_blight,plantvillage
D:\Potato\non_leaf\coco_person\000000571264.jpg,non_leaf,coco_person
D:\Potato\PlantVillage\Potato___Late_blight\09a30eff-d386-456d-a6ce-ead7c0d6235b___RS_LB 5068.JPG,late_blight,plantvillage
D:\Potato\IrishPotato37G_full\lateblt\lateblt66.jpg,late_blight,irish
D:\Potato\PlantVillage\Potato___Early_blight\21ca5caf-147b-4a1a-a2da-edfc1c81b62e___RS_Early.B 8926.JPG,early_blight,plantvillage
D:\Potato\IrishPotato37G_full\earlyblt\earlyblt4947.jpg,early_blight,irish
D:\Potato\non_leaf\coco_person\000000221754.jpg,non_leaf,coco_person
D:\Potato\IrishPotato37G_full\healthy\healthy4289.jpg,healthy,irish
D:\Potato\IrishPotato37G_full\lateblt\lateblt2703.jpg,late_blight,irish
D:\Potato\IrishPotato37G_full\earlyblt\earlyblt6953.jpg,early_blight,irish
D:\Potato\IrishPotato37G_full\earlyblt\earlyblt4835.jpg,early_blight,irish
D:\Potato\non_leaf\coco_person\000000221291.jpg,non_leaf,coco_person
D:\Potato\IrishPotato37G_full\healthy\healthy4312.jpg,healthy,irish
D:\Potato\IrishPotato37G_full\healthy\healthy2322.jpg,healthy,irish
D:\Potato\PlantVillage\Potato___Late_blight\755c96cf-1bfa-4d35-9ad2-c04dba9f64c8___RS_LB 3262.JPG,late_blight,plantvillage
D:\Potato\IrishPotato37G_full\lateblt\lateblt5023.jpg,late_blight,irish
D:\Potato\IrishPotato37G_full\earlyblt\earlyblt2483.jpg,early_blight,irish
D:\Potato\PlantVillage\Potato___Early_blight\65cac614-d354-44f4-870b-dbb4fe26e120___RS_Early.B 8193.JPG,early_blight,plantvillage
D:\Potato\IrishPotato37G_full\healthy\healthy2527.jpg,healthy,irish
D:\Potato\IrishPotato37G_full\lateblt\lateblt2633.jpg,late_blight,irish
D:\Potato\IrishPotato37G_full\lateblt\lateblt120.jpg,late_blight,irish
D:\Potato\IrishPotato37G_full\healthy\healthy5619.jpg,healthy,irish
D:\Potato\IrishPotato37G_full\healthy\healthy2703.jpg,healthy,irish
D:\Potato\IrishPotato37G_full\lateblt\lateblt1968.jpg,late_blight,irish
D:\Potato\IrishPotato37G_full\lateblt\lateblt2178.jpg,late_blight,irish
D:\Potato\IrishPotato37G_full\lateblt\lateblt1543.jpg,late_blight,irish
D:\Potato\PlantVillage\Potato___Late_blight\5a7127de-28ef-47fb-ba00-4b68bf0d4157___RS_LB 2822.JPG,late_blight,plantvillage
D:\Potato\IrishPotato37G_full\healthy\healthy4895.jpg,healthy,irish
D:\Potato\IrishPotato37G_full\healthy\healthy2592.jpg,healthy,irish
D:\Potato\IrishPotato37G_full\healthy\healthy2392.jpg,healthy,irish
D:\Potato\IrishPotato37G_full\earlyblt\earlyblt667.jpg,early_blight,irish
D:\Potato\IrishPotato37G_full\lateblt\lateblt499.jpg,late_blight,irish
D:\Potato\non_leaf\coco_person\000000000785.jpg,non_leaf,coco_person
D:\Potato\IrishPotato37G_full\lateblt\lateblt2221.jpg,late_blight,irish
D:\Potato\PlantVillage\Potato___Early_blight\be5f03e6-810f-4f22-9e5a-37a66826f7e5___RS_Early.B 6807.JPG,early_blight,plantvillage
D:\Potato\IrishPotato37G_full\earlyblt\earlyblt6478.jpg,early_blight,irish
D:\Potato\PlantVillage\Potato___Late_blight\ed2d2803-3b9b-4c3c-ab8a-9aea2bf76ffd___RS_LB 5190.JPG,late_blight,plantvillage
D:\Potato\IrishPotato37G_full\lateblt\lateblt5047.jpg,late_blight,irish
D:\Potato\PlantVillage\Potato___Late_blight\ad2396a9-306e-4ca9-88dc-56b2bde77c6b___RS_LB 2755.JPG,late_blight,plantvillage
D:\Potato\IrishPotato37G_full\healthy\healthy3928.jpg,healthy,irish
D:\Potato\IrishPotato37G_full\lateblt\lateblt2595.jpg,late_blight,irish
D:\Potato\IrishPotato37G_full\lateblt\lateblt821.jpg,late_blight,irish
D:\Potato\IrishPotato37G_full\lateblt\lateblt2223.jpg,late_blight,irish
D:\Potato\IrishPotato37G_full\lateblt\lateblt2403.jpg,late_blight,irish
D:\Potato\IrishPotato37G_full\earlyblt\earlyblt1815.jpg,early_blight,irish
D:\Potato\IrishPotato37G_full\lateblt\lateblt2259.jpg,late_blight,irish
D:\Potato\IrishPotato37G_full\lateblt\lateblt674.jpg,late_blight,irish
D:\Potato\IrishPotato37G_full\healthy\healthy4401.jpg,healthy,irish
D:\Potato\PlantVillage\Potato___Late_blight\031c39d3-9a91-4e81-85ac-b36512133b0a___RS_LB 5220.JPG,late_blight,plantvillage
D:\Potato\PlantVillage\Potato___Late_blight\db973ce3-7198-4ae8-910a-bb1a3046e353___RS_LB 5152.JPG,late_blight,plantvillage
D:\Potato\IrishPotato37G_full\lateblt\lateblt928.jpg,late_blight,irish
D:\Potato\IrishPotato37G_full\earlyblt\earlyblt1064.jpg,early_blight,irish
D:\Potato\IrishPotato37G_full\earlyblt\earlyblt3736.jpg,early_blight,irish
D:\Potato\IrishPotato37G_full\earlyblt\earlyblt1990.jpg,early_blight,irish
D:\Potato\non_leaf\coco_person\000000458045.jpg,non_leaf,coco_person
D:\Potato\IrishPotato37G_full\lateblt\lateblt2835.jpg,late_blight,irish
D:\Potato\IrishPotato37G_full\lateblt\lateblt138.jpg,late_blight,irish
D:\Potato\IrishPotato37G_full\lateblt\lateblt667.jpg,late_blight,irish
D:\Potato\non_leaf\coco_person\000000225405.jpg,non_leaf,coco_person
D:\Potato\PlantVillage\Potato___Late_blight\ea620852-7590-4d82-8349-1470cb1fe3a8___RS_LB 2719.JPG,late_blight,plantvillage
D:\Potato\IrishPotato37G_full\lateblt\lateblt2058.jpg,late_blight,irish
D:\Potato\IrishPotato37G_full\earlyblt\earlyblt6605.jpg,early_blight,irish
D:\Potato\IrishPotato37G_full\healthy\healthy2792.jpg,healthy,irish
D:\Potato\non_leaf\coco_person\000000277020.jpg,non_leaf,coco_person
D:\Potato\IrishPotato37G_full\earlyblt\earlyblt4736.jpg,early_blight,irish
D:\Potato\IrishPotato37G_full\healthy\healthy4446.jpg,healthy,irish
D:\Potato\IrishPotato37G_full\healthy\healthy849.jpg,healthy,irish
D:\Potato\PlantVillage\Potato___Late_blight\a6623827-bcdc-40ed-81e6-5cde1a1da997___RS_LB 3179.JPG,late_blight,plantvillage
D:\Potato\IrishPotato37G_full\earlyblt\earlyblt1456.jpg,early_blight,irish
D:\Potato\IrishPotato37G_full\earlyblt\earlyblt6271.jpg,early_blight,irish
D:\Potato\PlantVillage\Potato___Late_blight\49d18379-215d-427e-8662-9cde649d4a33___RS_LB 3163.JPG,late_blight,plantvillage
D:\Potato\IrishPotato37G_full\lateblt\lateblt1569.jpg,late_blight,irish
D:\Potato\non_leaf\coco_person\000000571264.jpg,non_leaf,coco_person
D:\Potato\IrishPotato37G_full\healthy\healthy4226.jpg,healthy,irish
D:\Potato\IrishPotato37G_full\healthy\healthy2189.jpg,healthy,irish
D:\Potato\IrishPotato37G_full\lateblt\lateblt2151.jpg,late_blight,irish
D:\Potato\IrishPotato37G_full\earlyblt\earlyblt6277.jpg,early_blight,irish
D:\Potato\IrishPotato37G_full\healthy\healthy2595.jpg,healthy,irish
D:\Potato\non_leaf\coco_person\000000012639.jpg,non_leaf,coco_person
D:\Potato\IrishPotato37G_full\healthy\healthy2581.jpg,healthy,irish
D:\Potato\PlantVillage\Potato___Early_blight\c630212c-205f-469d-bb8d-9a143f65ab03___RS_Early.B 9000.JPG,early_blight,plantvillage
D:\Potato\IrishPotato37G_full\earlyblt\earlyblt347.jpg,early_blight,irish
D:\Potato\PlantVillage\Potato___Early_blight\63b61694-16e9-4ef4-ad6f-5e27d2c9eed9___RS_Early.B 6871.JPG,early_blight,plantvillage
D:\Potato\IrishPotato37G_full\earlyblt\earlyblt4831.jpg,early_blight,irish
D:\Potato\IrishPotato37G_full\healthy\healthy742.jpg,healthy,irish
D:\Potato\IrishPotato37G_full\earlyblt\earlyblt369.jpg,early_blight,irish
D:\Potato\IrishPotato37G_full\healthy\healthy4251.jpg,healthy,irish
D:\Potato\IrishPotato37G_full\earlyblt\earlyblt2173.jpg,early_blight,irish
D:\Potato\IrishPotato37G_full\lateblt\lateblt187.jpg,late_blight,irish
D:\Potato\non_leaf\coco_person\000000126137.jpg,non_leaf,coco_person
D:\Potato\IrishPotato37G_full\lateblt\lateblt2247.jpg,late_blight,irish
D:\Potato\IrishPotato37G_full\lateblt\lateblt2893.jpg,late_blight,irish
D:\Potato\PlantVillage\Potato___Early_blight\85a9856f-d5ae-4740-a038-517489a25ff5___RS_Early.B 8635.JPG,early_blight,plantvillage
D:\Potato\IrishPotato37G_full\lateblt\lateblt605.jpg,late_blight,irish
D:\Potato\IrishPotato37G_full\earlyblt\earlyblt3059.jpg,early_blight,irish
D:\Potato\IrishPotato37G_full\healthy\healthy4876.jpg,healthy,irish
D:\Potato\IrishPotato37G_full\healthy\healthy1258.jpg,healthy,irish
D:\Potato\PlantVillage\Potato___Early_blight\64ced002-f0b1-42b2-b448-b7b3655e38c1___RS_Early.B 9010.JPG,early_blight,plantvillage
D:\Potato\IrishPotato37G_full\healthy\healthy4931.jpg,healthy,irish
D:\Potato\non_leaf\coco_person\000000334371.jpg,non_leaf,coco_person
D:\Potato\PlantVillage\Potato___Early_blight\212c3c65-e30e-496f-ab5e-c2f4b0446d8f___RS_Early.B 8195.JPG,early_blight,plantvillage
D:\Potato\IrishPotato37G_full\healthy\healthy3498.jpg,healthy,irish
D:\Potato\IrishPotato37G_full\earlyblt\earlyblt2895.jpg,early_blight,irish
D:\Potato\IrishPotato37G_full\healthy\healthy2819.jpg,healthy,irish
D:\Potato\IrishPotato37G_full\earlyblt\earlyblt6739.jpg,early_blight,irish
D:\Potato\IrishPotato37G_full\healthy\healthy1669.jpg,healthy,irish
D:\Potato\IrishPotato37G_full\earlyblt\earlyblt4794.jpg,early_blight,irish
D:\Potato\IrishPotato37G_full\healthy\healthy2264.jpg,healthy,irish
D:\Potato\IrishPotato37G_full\earlyblt\earlyblt2304.jpg,early_blight,irish
D:\Potato\IrishPotato37G_full\lateblt\lateblt2944.jpg,late_blight,irish
D:\Potato\PlantVillage\Potato___healthy\3f369e63-81eb-4194-a145-df9ed91abc5d___RS_HL 1745.JPG,healthy,plantvillage
D:\Potato\IrishPotato37G_full\lateblt\lateblt1168.jpg,late_blight,irish
D:\Potato\IrishPotato37G_full\earlyblt\earlyblt3282.jpg,early_blight,irish
D:\Potato\IrishPotato37G_full\earlyblt\earlyblt2485.jpg,early_blight,irish
D:\Potato\non_leaf\coco_person\000000327617.jpg,non_leaf,coco_person
D:\Potato\IrishPotato37G_full\lateblt\lateblt213.jpg,late_blight,irish
D:\Potato\PlantVillage\Potato___healthy\8583c4ff-2d8b-4b6f-89a8-fcc98917ce9b___RS_HL 1961.JPG,healthy,plantvillage
D:\Potato\PlantVillage\Potato___Late_blight\de0ae213-3479-4f07-b7f8-d59607a2caa8___RS_LB 2528.JPG,late_blight,plantvillage
D:\Potato\IrishPotato37G_full\healthy\healthy3986.jpg,healthy,irish
D:\Potato\PlantVillage\Potato___Early_blight\1994cd3e-4000-4c56-bede-d35a1eecc287___RS_Early.B 6867.JPG,early_blight,plantvillage
D:\Potato\IrishPotato37G_full\healthy\healthy2320.jpg,healthy,irish
D:\Potato\IrishPotato37G_full\lateblt\lateblt535.jpg,late_blight,irish
D:\Potato\IrishPotato37G_full\earlyblt\earlyblt6080.jpg,early_blight,irish
D:\Potato\IrishPotato37G_full\lateblt\lateblt745.jpg,late_blight,irish
D:\Potato\IrishPotato37G_full\earlyblt\earlyblt3943.jpg,early_blight,irish
D:\Potato\IrishPotato37G_full\healthy\healthy4765.jpg,healthy,irish
D:\Potato\IrishPotato37G_full\healthy\healthy3191.jpg,healthy,irish
D:\Potato\non_leaf\coco_person\000000145020.jpg,non_leaf,coco_person
D:\Potato\IrishPotato37G_full\healthy\healthy4359.jpg,healthy,irish
D:\Potato\IrishPotato37G_full\lateblt\lateblt1587.jpg,late_blight,irish
D:\Potato\IrishPotato37G_full\earlyblt\earlyblt4833.jpg,early_blight,irish
D:\Potato\PlantVillage\Potato___healthy\923d4cc3-021a-4bcd-9f5f-1d6f69e4ad33___RS_HL 1888.JPG,healthy,plantvillage
D:\Potato\IrishPotato37G_full\healthy\healthy4165.jpg,healthy,irish
D:\Potato\IrishPotato37G_full\lateblt\lateblt1172.jpg,late_blight,irish
D:\Potato\IrishPotato37G_full\earlyblt\earlyblt6684.jpg,early_blight,irish
D:\Potato\PlantVillage\Potato___Early_blight\55daa016-a408-4de3-a79e-53d0ec53ea16___RS_Early.B 7686.JPG,early_blight,plantvillage
D:\Potato\non_leaf\coco_person\000000117908.jpg,non_leaf,coco_person
D:\Potato\IrishPotato37G_full\healthy\healthy1633.jpg,healthy,irish
D:\Potato\IrishPotato37G_full\healthy\healthy3375.jpg,healthy,irish
D:\Potato\IrishPotato37G_full\earlyblt\earlyblt631.jpg,early_blight,irish
D:\Potato\PlantVillage\Potato___Late_blight\96a70433-9204-4a41-acad-d39932559068___RS_LB 3200.JPG,late_blight,plantvillage
D:\Potato\IrishPotato37G_full\healthy\healthy75.jpg,healthy,irish
D:\Potato\IrishPotato37G_full\healthy\healthy3539.jpg,healthy,irish
D:\Potato\PlantVillage\Potato___Late_blight\cdad6bf9-1ca8-4feb-87b6-960dd55acf2e___RS_LB 3186.JPG,late_blight,plantvillage
D:\Potato\IrishPotato37G_full\healthy\healthy306.jpg,healthy,irish
D:\Potato\PlantVillage\Potato___Early_blight\8f3f9eed-1a3d-4f0f-adcc-0fe3a832d95f___RS_Early.B 8518.JPG,early_blight,plantvillage
D:\Potato\IrishPotato37G_full\healthy\healthy317.jpg,healthy,irish
D:\Potato\IrishPotato37G_full\earlyblt\earlyblt867.jpg,early_blight,irish
D:\Potato\IrishPotato37G_full\lateblt\lateblt1408.jpg,late_blight,irish
D:\Potato\IrishPotato37G_full\lateblt\lateblt2281.jpg,late_blight,irish
D:\Potato\IrishPotato37G_full\earlyblt\earlyblt1155.jpg,early_blight,irish
D:\Potato\IrishPotato37G_full\lateblt\lateblt2877.jpg,late_blight,irish
D:\Potato\IrishPotato37G_full\healthy\healthy5242.jpg,healthy,irish
D:\Potato\non_leaf\coco_person\000000166747.jpg,non_leaf,coco_person
D:\Potato\IrishPotato37G_full\healthy\healthy3987.jpg,healthy,irish
D:\Potato\IrishPotato37G_full\healthy\healthy2478.jpg,healthy,irish
D:\Potato\IrishPotato37G_full\healthy\healthy4216.jpg,healthy,irish
D:\Potato\PlantVillage\Potato___Late_blight\418e398c-d710-4682-af82-82f1e8822311___RS_LB 5218.JPG,late_blight,plantvillage
D:\Potato\non_leaf\coco_person\000000011699.jpg,non_leaf,coco_person
D:\Potato\IrishPotato37G_full\healthy\healthy3538.jpg,healthy,irish
D:\Potato\non_leaf\coco_person\000000414170.jpg,non_leaf,coco_person
D:\Potato\IrishPotato37G_full\healthy\healthy3525.jpg,healthy,irish
D:\Potato\non_leaf\coco_person\000000154644.jpg,non_leaf,coco_person
D:\Potato\IrishPotato37G_full\earlyblt\earlyblt4937.jpg,early_blight,irish
D:\Potato\IrishPotato37G_full\lateblt\lateblt2492.jpg,late_blight,irish
D:\Potato\IrishPotato37G_full\earlyblt\earlyblt3786.jpg,early_blight,irish
D:\Potato\IrishPotato37G_full\lateblt\lateblt1349.jpg,late_blight,irish
D:\Potato\IrishPotato37G_full\earlyblt\earlyblt3159.jpg,early_blight,irish
D:\Potato\IrishPotato37G_full\healthy\healthy2200.jpg,healthy,irish
D:\Potato\IrishPotato37G_full\earlyblt\earlyblt2879.jpg,early_blight,irish
D:\Potato\IrishPotato37G_full\earlyblt\earlyblt3925.jpg,early_blight,irish
D:\Potato\IrishPotato37G_full\earlyblt\earlyblt1072.jpg,early_blight,irish
D:\Potato\IrishPotato37G_full\earlyblt\earlyblt3877.jpg,early_blight,irish
D:\Potato\IrishPotato37G_full\lateblt\lateblt2274.jpg,late_blight,irish
D:\Potato\PlantVillage\Potato___Early_blight\c5b121ff-fc3c-406a-8127-2a7e413a0903___RS_Early.B 9006.JPG,early_blight,plantvillage
D:\Potato\IrishPotato37G_full\lateblt\lateblt217.jpg,late_blight,irish
D:\Potato\IrishPotato37G_full\healthy\healthy3686.jpg,healthy,irish
D:\Potato\IrishPotato37G_full\healthy\healthy3410.jpg,healthy,irish
D:\Potato\PlantVillage\Potato___Early_blight\1f56ef5b-9a3b-4731-bf82-b08aeb84fcb5___RS_Early.B 9032.JPG,early_blight,plantvillage
D:\Potato\PlantVillage\Potato___Early_blight\ede5199d-4bf1-4bd0-a460-2168350ed05a___RS_Early.B 8773.JPG,early_blight,plantvillage
D:\Potato\IrishPotato37G_full\lateblt\lateblt2277.jpg,late_blight,irish
D:\Potato\IrishPotato37G_full\healthy\healthy2410.jpg,healthy,irish
D:\Potato\IrishPotato37G_full\healthy\healthy5443.jpg,healthy,irish
D:\Potato\IrishPotato37G_full\earlyblt\earlyblt6472.jpg,early_blight,irish
D:\Potato\PlantVillage\Potato___Late_blight\a1523281-33d2-4cc4-910a-3d614a4cd085___RS_LB 2816.JPG,late_blight,plantvillage
D:\Potato\IrishPotato37G_full\lateblt\lateblt1921.jpg,late_blight,irish
D:\Potato\IrishPotato37G_full\earlyblt\earlyblt615.jpg,early_blight,irish
D:\Potato\IrishPotato37G_full\lateblt\lateblt658.jpg,late_blight,irish
D:\Potato\IrishPotato37G_full\earlyblt\earlyblt2004.jpg,early_blight,irish
D:\Potato\IrishPotato37G_full\lateblt\lateblt2125.jpg,late_blight,irish
D:\Potato\IrishPotato37G_full\lateblt\lateblt2129.jpg,late_blight,irish
D:\Potato\IrishPotato37G_full\earlyblt\earlyblt106.jpg,early_blight,irish
D:\Potato\IrishPotato37G_full\healthy\healthy1172.jpg,healthy,irish
D:\Potato\IrishPotato37G_full\healthy\healthy787.jpg,healthy,irish
D:\Potato\IrishPotato37G_full\lateblt\lateblt1484.jpg,late_blight,irish
D:\Potato\IrishPotato37G_full\lateblt\lateblt288.jpg,late_blight,irish
D:\Potato\IrishPotato37G_full\healthy\healthy538.jpg,healthy,irish
D:\Potato\IrishPotato37G_full\earlyblt\earlyblt2078.jpg,early_blight,irish
D:\Potato\IrishPotato37G_full\lateblt\lateblt2627.jpg,late_blight,irish
D:\Potato\IrishPotato37G_full\earlyblt\earlyblt3924.jpg,early_blight,irish
D:\Potato\IrishPotato37G_full\healthy\healthy622.jpg,healthy,irish
D:\Potato\IrishPotato37G_full\healthy\healthy3635.jpg,healthy,irish
D:\Potato\non_leaf\coco_person\000000550714.jpg,non_leaf,coco_person
D:\Potato\PlantVillage\Potato___Early_blight\c0d9fcd4-79cb-43e4-82bc-1e48e9e2a572___RS_Early.B 7279.JPG,early_blight,plantvillage
D:\Potato\non_leaf\coco_person\000000180383.jpg,non_leaf,coco_person
D:\Potato\IrishPotato37G_full\earlyblt\earlyblt1881.jpg,early_blight,irish
D:\Potato\IrishPotato37G_full\earlyblt\earlyblt2715.jpg,early_blight,irish
D:\Potato\IrishPotato37G_full\earlyblt\earlyblt6036.jpg,early_blight,irish
D:\Potato\IrishPotato37G_full\earlyblt\earlyblt3417.jpg,early_blight,irish
D:\Potato\IrishPotato37G_full\earlyblt\earlyblt3580.jpg,early_blight,irish
D:\Potato\IrishPotato37G_full\earlyblt\earlyblt3426.jpg,early_blight,irish
D:\Potato\IrishPotato37G_full\healthy\healthy383.jpg,healthy,irish
D:\Potato\IrishPotato37G_full\lateblt\lateblt2518.jpg,late_blight,irish
D:\Potato\PlantVillage\Potato___Late_blight\c7853012-d4e6-4c0d-a14d-1220a0a6d3b1___RS_LB 3871.JPG,late_blight,plantvillage
D:\Potato\non_leaf\coco_person\000000158227.jpg,non_leaf,coco_person
D:\Potato\IrishPotato37G_full\earlyblt\earlyblt191.jpg,early_blight,irish
D:\Potato\IrishPotato37G_full\earlyblt\earlyblt3055.jpg,early_blight,irish
D:\Potato\IrishPotato37G_full\healthy\healthy656.jpg,healthy,irish
D:\Potato\PlantVillage\Potato___Early_blight\a10b278a-fcce-4cf4-aada-254e89050be5___RS_Early.B 7524.JPG,early_blight,plantvillage
D:\Potato\PlantVillage\Potato___Early_blight\2e88d4ed-b11b-4123-9e4b-f3c02a65ad39___RS_Early.B 9180.JPG,early_blight,plantvillage
D:\Potato\IrishPotato37G_full\healthy\healthy192.jpg,healthy,irish
D:\Potato\IrishPotato37G_full\lateblt\lateblt2292.jpg,late_blight,irish
D:\Potato\IrishPotato37G_full\earlyblt\earlyblt825.jpg,early_blight,irish
D:\Potato\IrishPotato37G_full\earlyblt\earlyblt6963.jpg,early_blight,irish
D:\Potato\IrishPotato37G_full\lateblt\lateblt744.jpg,late_blight,irish
D:\Potato\IrishPotato37G_full\lateblt\lateblt558.jpg,late_blight,irish
D:\Potato\IrishPotato37G_full\earlyblt\earlyblt4696.jpg,early_blight,irish
D:\Potato\IrishPotato37G_full\lateblt\lateblt855.jpg,late_blight,irish
D:\Potato\PlantVillage\Potato___Late_blight\625cf166-4cb5-4e6f-ac94-1193698388f2___RS_LB 5427.JPG,late_blight,plantvillage
D:\Potato\IrishPotato37G_full\lateblt\lateblt970.jpg,late_blight,irish
D:\Potato\IrishPotato37G_full\healthy\healthy3985.jpg,healthy,irish
D:\Potato\IrishPotato37G_full\lateblt\lateblt999.jpg,late_blight,irish
D:\Potato\non_leaf\coco_person\000000056350.jpg,non_leaf,coco_person
D:\Potato\non_leaf\coco_person\000000182611.jpg,non_leaf,coco_person
D:\Potato\PlantVillage\Potato___Late_blight\8a70b737-9270-49ca-9fd2-e6468592c393___RS_LB 2978.JPG,late_blight,plantvillage
D:\Potato\IrishPotato37G_full\healthy\healthy668.jpg,healthy,irish
D:\Potato\IrishPotato37G_full\lateblt\lateblt2635.jpg,late_blight,irish
D:\Potato\IrishPotato37G_full\healthy\healthy2738.jpg,healthy,irish
D:\Potato\IrishPotato37G_full\healthy\healthy2068.jpg,healthy,irish
D:\Potato\PlantVillage\Potato___Early_blight\6799ab86-73ef-4825-b4cf-9ae616c40ce9___RS_Early.B 7410.JPG,early_blight,plantvillage
D:\Potato\PlantVillage\Potato___Late_blight\73d0be73-8a51-417a-ac46-67a37462efa3___RS_LB 4457.JPG,late_blight,plantvillage
D:\Potato\PlantVillage\Potato___healthy\20ac28d6-5708-4e31-8676-1b1979de094f___RS_HL 1735.JPG,healthy,plantvillage
D:\Potato\IrishPotato37G_full\healthy\healthy2495.jpg,healthy,irish
D:\Potato\PlantVillage\Potato___Early_blight\ec6b34ed-69c6-466a-81a9-4ca18eb25275___RS_Early.B 7038.JPG,early_blight,plantvillage
D:\Potato\IrishPotato37G_full\lateblt\lateblt1177.jpg,late_blight,irish
D:\Potato\non_leaf\coco_person\000000050006.jpg,non_leaf,coco_person
D:\Potato\PlantVillage\Potato___Late_blight\05a51957-779c-4a2f-bf2a-d1fb03947793___RS_LB 4772.JPG,late_blight,plantvillage
D:\Potato\IrishPotato37G_full\lateblt\lateblt62.jpg,late_blight,irish
D:\Potato\non_leaf\coco_person\000000002532.jpg,non_leaf,coco_person
D:\Potato\PlantVillage\Potato___Early_blight\336e5156-8947-46a7-a6fb-e993255d9091___RS_Early.B 8085.JPG,early_blight,plantvillage
D:\Potato\IrishPotato37G_full\lateblt\lateblt2585.jpg,late_blight,irish
D:\Potato\IrishPotato37G_full\lateblt\lateblt765.jpg,late_blight,irish
D:\Potato\IrishPotato37G_full\lateblt\lateblt1962.jpg,late_blight,irish
D:\Potato\PlantVillage\Potato___Late_blight\6fc1834e-7909-4177-9480-6cd9f23109b4___RS_LB 4023.JPG,late_blight,plantvillage
D:\Potato\IrishPotato37G_full\healthy\healthy4287.jpg,healthy,irish
D:\Potato\IrishPotato37G_full\lateblt\lateblt237.jpg,late_blight,irish
D:\Potato\IrishPotato37G_full\healthy\healthy2977.jpg,healthy,irish
D:\Potato\IrishPotato37G_full\earlyblt\earlyblt3746.jpg,early_blight,irish
D:\Potato\PlantVillage\Potato___Early_blight\abfaeb8b-fe1e-48e6-ab8f-c9a72680420d___RS_Early.B 7427.JPG,early_blight,plantvillage
D:\Potato\PlantVillage\Potato___Late_blight\a7097c51-bb53-4149-8140-4b9c3d94dbd4___RS_LB 4108.JPG,late_blight,plantvillage
D:\Potato\PlantVillage\Potato___Early_blight\6cd8e267-d5ae-4baa-a872-4c0fc5a37d67___RS_Early.B 8184.JPG,early_blight,plantvillage
D:\Potato\IrishPotato37G_full\healthy\healthy3941.jpg,healthy,irish
D:\Potato\IrishPotato37G_full\lateblt\lateblt2827.jpg,late_blight,irish
D:\Potato\IrishPotato37G_full\healthy\healthy2332.jpg,healthy,irish
D:\Potato\IrishPotato37G_full\lateblt\lateblt2107.jpg,late_blight,irish
D:\Potato\IrishPotato37G_full\healthy\healthy3008.jpg,healthy,irish
D:\Potato\IrishPotato37G_full\healthy\healthy4194.jpg,healthy,irish
D:\Potato\IrishPotato37G_full\lateblt\lateblt2537.jpg,late_blight,irish
D:\Potato\IrishPotato37G_full\lateblt\lateblt2840.jpg,late_blight,irish
D:\Potato\PlantVillage\Potato___Early_blight\40d1ccba-b047-4f89-b469-af79bc233524___RS_Early.B 7006.JPG,early_blight,plantvillage
D:\Potato\PlantVillage\Potato___Early_blight\a38df468-bb4a-4bb3-9ee9-a2dffae718e9___RS_Early.B 8690.JPG,early_blight,plantvillage
D:\Potato\IrishPotato37G_full\lateblt\lateblt240.jpg,late_blight,irish
D:\Potato\IrishPotato37G_full\lateblt\lateblt1580.jpg,late_blight,irish
D:\Potato\PlantVillage\Potato___Early_blight\1d301622-e359-49d5-b4ca-6837f254fd1b___RS_Early.B 6719.JPG,early_blight,plantvillage
D:\Potato\IrishPotato37G_full\healthy\healthy1679.jpg,healthy,irish
D:\Potato\IrishPotato37G_full\lateblt\lateblt829.jpg,late_blight,irish
D:\Potato\IrishPotato37G_full\earlyblt\earlyblt814.jpg,early_blight,irish
D:\Potato\IrishPotato37G_full\lateblt\lateblt1589.jpg,late_blight,irish
D:\Potato\IrishPotato37G_full\earlyblt\earlyblt1159.jpg,early_blight,irish
D:\Potato\IrishPotato37G_full\lateblt\lateblt2208.jpg,late_blight,irish
D:\Potato\IrishPotato37G_full\earlyblt\earlyblt6034.jpg,early_blight,irish
D:\Potato\IrishPotato37G_full\healthy\healthy1107.jpg,healthy,irish
D:\Potato\IrishPotato37G_full\lateblt\lateblt2004.jpg,late_blight,irish
D:\Potato\IrishPotato37G_full\lateblt\lateblt1165.jpg,late_blight,irish
D:\Potato\IrishPotato37G_full\earlyblt\earlyblt1938.jpg,early_blight,irish
D:\Potato\PlantVillage\Potato___Late_blight\b598f9a7-b582-4fef-9c3d-cc985f2f9c03___RS_LB 3294.JPG,late_blight,plantvillage
D:\Potato\IrishPotato37G_full\healthy\healthy956.jpg,healthy,irish
D:\Potato\PlantVillage\Potato___healthy\0f4ebc5a-d646-436a-919d-961342997cde___RS_HL 4183.JPG,healthy,plantvillage
D:\Potato\PlantVillage\Potato___healthy\bde33d08-678c-4f84-b80e-fcb986a9a446___RS_HL 5415.JPG,healthy,plantvillage
D:\Potato\IrishPotato37G_full\earlyblt\earlyblt4730.jpg,early_blight,irish
D:\Potato\IrishPotato37G_full\lateblt\lateblt1665.jpg,late_blight,irish
D:\Potato\IrishPotato37G_full\lateblt\lateblt2858.jpg,late_blight,irish
D:\Potato\IrishPotato37G_full\healthy\healthy4916.jpg,healthy,irish
D:\Potato\IrishPotato37G_full\earlyblt\earlyblt972.jpg,early_blight,irish
D:\Potato\non_leaf\coco_person\000000507473.jpg,non_leaf,coco_person
D:\Potato\non_leaf\coco_person\000000012748.jpg,non_leaf,coco_person
D:\Potato\PlantVillage\Potato___Early_blight\1e99ce6b-b7fa-4ae1-9076-279f430b8c5f___RS_Early.B 7092.JPG,early_blight,plantvillage
D:\Potato\IrishPotato37G_full\earlyblt\earlyblt2320.jpg,early_blight,irish
D:\Potato\IrishPotato37G_full\healthy\healthy4822.jpg,healthy,irish
D:\Potato\IrishPotato37G_full\earlyblt\earlyblt1609.jpg,early_blight,irish
D:\Potato\IrishPotato37G_full\lateblt\lateblt1362.jpg,late_blight,irish
D:\Potato\PlantVillage\Potato___Early_blight\45ecd7ac-7db9-49bf-b34d-ccd2e83123b0___RS_Early.B 6883.JPG,early_blight,plantvillage
D:\Potato\IrishPotato37G_full\lateblt\lateblt2159.jpg,late_blight,irish
D:\Potato\IrishPotato37G_full\earlyblt\earlyblt3500.jpg,early_blight,irish
D:\Potato\IrishPotato37G_full\healthy\healthy378.jpg,healthy,irish
D:\Potato\PlantVillage\Potato___Early_blight\3a97c74a-3d6e-4cd9-86e0-10a8e716e7b5___RS_Early.B 8422.JPG,early_blight,plantvillage
D:\Potato\IrishPotato37G_full\earlyblt\earlyblt1004.jpg,early_blight,irish
D:\Potato\non_leaf\coco_person\000000013546.jpg,non_leaf,coco_person
D:\Potato\PlantVillage\Potato___Early_blight\3ef2279b-2fda-463a-b007-e2a93ff977f0___RS_Early.B 7235.JPG,early_blight,plantvillage
D:\Potato\IrishPotato37G_full\healthy\healthy2864.jpg,healthy,irish
D:\Potato\non_leaf\coco_person\000000500716.jpg,non_leaf,coco_person
D:\Potato\IrishPotato37G_full\earlyblt\earlyblt2415.jpg,early_blight,irish
D:\Potato\IrishPotato37G_full\healthy\healthy532.jpg,healthy,irish
D:\Potato\PlantVillage\Potato___Early_blight\26d0502d-5fb3-48fa-a86d-d1de92703285___RS_Early.B 6959.JPG,early_blight,plantvillage
D:\Potato\IrishPotato37G_full\healthy\healthy4770.jpg,healthy,irish
D:\Potato\PlantVillage\Potato___Late_blight\74d51dd6-7990-4d3a-95c6-5d67fac5cdad___RS_LB 2578.JPG,late_blight,plantvillage
D:\Potato\IrishPotato37G_full\earlyblt\earlyblt1855.jpg,early_blight,irish
D:\Potato\IrishPotato37G_full\earlyblt\earlyblt2045.jpg,early_blight,irish
D:\Potato\IrishPotato37G_full\earlyblt\earlyblt3472.jpg,early_blight,irish
D:\Potato\PlantVillage\Potato___Early_blight\73cf20a6-b2c4-4302-a664-c43dccb78cfb___RS_Early.B 6930.JPG,early_blight,plantvillage
D:\Potato\IrishPotato37G_full\earlyblt\earlyblt6239.jpg,early_blight,irish
D:\Potato\IrishPotato37G_full\earlyblt\earlyblt4679.jpg,early_blight,irish
D:\Potato\IrishPotato37G_full\healthy\healthy326.jpg,healthy,irish
D:\Potato\IrishPotato37G_full\lateblt\lateblt2850.jpg,late_blight,irish
D:\Potato\non_leaf\coco_person\000000383337.jpg,non_leaf,coco_person
D:\Potato\IrishPotato37G_full\lateblt\lateblt614.jpg,late_blight,irish
D:\Potato\PlantVillage\Potato___Late_blight\2f8e6ae7-f6ac-4bab-992b-82e3c51cf476___RS_LB 2743.JPG,late_blight,plantvillage
D:\Potato\IrishPotato37G_full\healthy\healthy1139.jpg,healthy,irish
D:\Potato\IrishPotato37G_full\healthy\healthy2270.jpg,healthy,irish
D:\Potato\IrishPotato37G_full\earlyblt\earlyblt3287.jpg,early_blight,irish
D:\Potato\PlantVillage\Potato___Late_blight\b367b969-aec9-4555-9ea2-0a982b38be62___RS_LB 4682.JPG,late_blight,plantvillage
D:\Potato\IrishPotato37G_full\lateblt\lateblt1655.jpg,late_blight,irish
D:\Potato\IrishPotato37G_full\lateblt\lateblt2134.jpg,late_blight,irish
D:\Potato\PlantVillage\Potato___Late_blight\8f80caee-38ed-4b49-9596-6f66c3cb9c1b___RS_LB 2535.JPG,late_blight,plantvillage
D:\Potato\PlantVillage\Potato___Early_blight\b95c05a8-2d70-4af5-a384-5b5b4450b7c6___RS_Early.B 7724.JPG,early_blight,plantvillage
D:\Potato\IrishPotato37G_full\lateblt\lateblt2266.jpg,late_blight,irish
D:\Potato\IrishPotato37G_full\earlyblt\earlyblt3012.jpg,early_blight,irish
D:\Potato\IrishPotato37G_full\earlyblt\earlyblt3554.jpg,early_blight,irish
D:\Potato\IrishPotato37G_full\lateblt\lateblt644.jpg,late_blight,irish
D:\Potato\IrishPotato37G_full\earlyblt\earlyblt758.jpg,early_blight,irish
D:\Potato\IrishPotato37G_full\healthy\healthy4061.jpg,healthy,irish
D:\Potato\IrishPotato37G_full\earlyblt\earlyblt2258.jpg,early_blight,irish
D:\Potato\PlantVillage\Potato___Late_blight\fdb4e132-c71b-413f-93c0-c863dd4582a7___RS_LB 2582.JPG,late_blight,plantvillage
D:\Potato\IrishPotato37G_full\lateblt\lateblt2574.jpg,late_blight,irish
D:\Potato\IrishPotato37G_full\earlyblt\earlyblt2340.jpg,early_blight,irish
D:\Potato\IrishPotato37G_full\lateblt\lateblt645.jpg,late_blight,irish
D:\Potato\IrishPotato37G_full\earlyblt\earlyblt6391.jpg,early_blight,irish
D:\Potato\IrishPotato37G_full\earlyblt\earlyblt6297.jpg,early_blight,irish
D:\Potato\IrishPotato37G_full\healthy\healthy5645.jpg,healthy,irish
D:\Potato\IrishPotato37G_full\lateblt\lateblt2450.jpg,late_blight,irish
D:\Potato\PlantVillage\Potato___Early_blight\bc378ba0-533d-42db-a8b2-82decc73f4d5___RS_Early.B 9092.JPG,early_blight,plantvillage
D:\Potato\IrishPotato37G_full\lateblt\lateblt2958.jpg,late_blight,irish
D:\Potato\non_leaf\coco_person\000000349594.jpg,non_leaf,coco_person
D:\Potato\IrishPotato37G_full\healthy\healthy4345.jpg,healthy,irish
D:\Potato\IrishPotato37G_full\lateblt\lateblt1325.jpg,late_blight,irish
D:\Potato\IrishPotato37G_full\lateblt\lateblt2249.jpg,late_blight,irish
D:\Potato\IrishPotato37G_full\earlyblt\earlyblt3402.jpg,early_blight,irish
D:\Potato\IrishPotato37G_full\healthy\healthy3656.jpg,healthy,irish
D:\Potato\IrishPotato37G_full\healthy\healthy3492.jpg,healthy,irish
D:\Potato\IrishPotato37G_full\earlyblt\earlyblt230.jpg,early_blight,irish
D:\Potato\IrishPotato37G_full\earlyblt\earlyblt3020.jpg,early_blight,irish
D:\Potato\IrishPotato37G_full\earlyblt\earlyblt2821.jpg,early_blight,irish
D:\Potato\IrishPotato37G_full\lateblt\lateblt24.jpg,late_blight,irish
D:\Potato\non_leaf\coco_person\000000153229.jpg,non_leaf,coco_person
D:\Potato\IrishPotato37G_full\lateblt\lateblt2282.jpg,late_blight,irish
D:\Potato\IrishPotato37G_full\earlyblt\earlyblt2549.jpg,early_blight,irish
D:\Potato\IrishPotato37G_full\earlyblt\earlyblt938.jpg,early_blight,irish
D:\Potato\IrishPotato37G_full\earlyblt\earlyblt1024.jpg,early_blight,irish
D:\Potato\IrishPotato37G_full\lateblt\lateblt2599.jpg,late_blight,irish
D:\Potato\IrishPotato37G_full\lateblt\lateblt1437.jpg,late_blight,irish
D:\Potato\IrishPotato37G_full\earlyblt\earlyblt6397.jpg,early_blight,irish
D:\Potato\IrishPotato37G_full\healthy\healthy1292.jpg,healthy,irish
D:\Potato\IrishPotato37G_full\healthy\healthy2479.jpg,healthy,irish
D:\Potato\PlantVillage\Potato___Early_blight\d3a1b356-0ffa-4d47-9f52-410bbd0e3e3d___RS_Early.B 8884.JPG,early_blight,plantvillage
D:\Potato\IrishPotato37G_full\lateblt\lateblt1485.jpg,late_blight,irish
D:\Potato\IrishPotato37G_full\earlyblt\earlyblt1807.jpg,early_blight,irish
D:\Potato\IrishPotato37G_full\healthy\healthy2725.jpg,healthy,irish
D:\Potato\non_leaf\coco_person\000000297147.jpg,non_leaf,coco_person
D:\Potato\IrishPotato37G_full\lateblt\lateblt2834.jpg,late_blight,irish
D:\Potato\non_leaf\coco_person\000000100510.jpg,non_leaf,coco_person
D:\Potato\IrishPotato37G_full\earlyblt\earlyblt6949.jpg,early_blight,irish
D:\Potato\IrishPotato37G_full\lateblt\lateblt2511.jpg,late_blight,irish
D:\Potato\PlantVillage\Potato___healthy\57e262fc-e0ba-44db-a967-5ba6f1826e49___RS_HL 1897.JPG,healthy,plantvillage
D:\Potato\PlantVillage\Potato___Early_blight\065fc68f-88c9-4fc3-b0a6-a6f5e1072eaa___RS_Early.B 7174.JPG,early_blight,plantvillage
D:\Potato\IrishPotato37G_full\healthy\healthy3602.jpg,healthy,irish
D:\Potato\IrishPotato37G_full\lateblt\lateblt1356.jpg,late_blight,irish
D:\Potato\non_leaf\coco_person\000000306893.jpg,non_leaf,coco_person
D:\Potato\PlantVillage\Potato___Late_blight\b294595b-8950-4e5b-8dfc-2ad9ca2c5e0a___RS_LB 4475.JPG,late_blight,plantvillage
D:\Potato\PlantVillage\Potato___Early_blight\83b7d891-0fe8-47b8-b6e1-693493a2988a___RS_Early.B 8707.JPG,early_blight,plantvillage
D:\Potato\PlantVillage\Potato___Early_blight\811eba3a-112e-43dd-8b22-57f3cde4c504___RS_Early.B 7983.JPG,early_blight,plantvillage
D:\Potato\PlantVillage\Potato___Late_blight\6c5ac624-844c-4d01-b030-38e1130e890a___RS_LB 3973.JPG,late_blight,plantvillage
D:\Potato\PlantVillage\Potato___Late_blight\fdf53f6c-db92-48b9-9e06-0358e4114be6___RS_LB 2656.JPG,late_blight,plantvillage
D:\Potato\IrishPotato37G_full\lateblt\lateblt616.jpg,late_blight,irish
D:\Potato\PlantVillage\Potato___Early_blight\0d9dbf50-53a9-42b2-8b29-0360fb7dbd98___RS_Early.B 6692.JPG,early_blight,plantvillage
D:\Potato\IrishPotato37G_full\lateblt\lateblt1985.jpg,late_blight,irish
D:\Potato\IrishPotato37G_full\healthy\healthy2520.jpg,healthy,irish
D:\Potato\IrishPotato37G_full\healthy\healthy3705.jpg,healthy,irish
D:\Potato\non_leaf\coco_person\000000450399.jpg,non_leaf,coco_person
D:\Potato\IrishPotato37G_full\healthy\healthy2555.jpg,healthy,irish
D:\Potato\IrishPotato37G_full\earlyblt\earlyblt257.jpg,early_blight,irish
D:\Potato\IrishPotato37G_full\earlyblt\earlyblt2060.jpg,early_blight,irish
D:\Potato\IrishPotato37G_full\healthy\healthy3542.jpg,healthy,irish
D:\Potato\IrishPotato37G_full\earlyblt\earlyblt6030.jpg,early_blight,irish
D:\Potato\IrishPotato37G_full\earlyblt\earlyblt2095.jpg,early_blight,irish
D:\Potato\IrishPotato37G_full\healthy\healthy4994.jpg,healthy,irish
D:\Potato\IrishPotato37G_full\lateblt\lateblt5006.jpg,late_blight,irish
D:\Potato\PlantVillage\Potato___Early_blight\d829c0d8-016e-4337-b80f-bb1f329b1d4d___RS_Early.B 8797.JPG,early_blight,plantvillage
D:\Potato\IrishPotato37G_full\earlyblt\earlyblt2553.jpg,early_blight,irish
D:\Potato\IrishPotato37G_full\lateblt\lateblt2117.jpg,late_blight,irish
D:\Potato\PlantVillage\Potato___Early_blight\887347a3-ee1c-4141-a423-ffe050dd246e___RS_Early.B 7851.JPG,early_blight,plantvillage
D:\Potato\IrishPotato37G_full\healthy\healthy4652.jpg,healthy,irish
D:\Potato\IrishPotato37G_full\earlyblt\earlyblt126.jpg,early_blight,irish
D:\Potato\IrishPotato37G_full\lateblt\lateblt1964.jpg,late_blight,irish
D:\Potato\IrishPotato37G_full\healthy\healthy4812.jpg,healthy,irish
D:\Potato\IrishPotato37G_full\earlyblt\earlyblt6927.jpg,early_blight,irish
D:\Potato\IrishPotato37G_full\earlyblt\earlyblt6253.jpg,early_blight,irish
D:\Potato\IrishPotato37G_full\lateblt\lateblt2645.jpg,late_blight,irish
D:\Potato\PlantVillage\Potato___Early_blight\c653b79e-4f42-4a9e-8c5c-7a85483a3c29___RS_Early.B 9108.JPG,early_blight,plantvillage
D:\Potato\IrishPotato37G_full\healthy\healthy3195.jpg,healthy,irish
D:\Potato\IrishPotato37G_full\earlyblt\earlyblt690.jpg,early_blight,irish
D:\Potato\IrishPotato37G_full\earlyblt\earlyblt6230.jpg,early_blight,irish
D:\Potato\IrishPotato37G_full\lateblt\lateblt725.jpg,late_blight,irish
D:\Potato\IrishPotato37G_full\lateblt\lateblt2445.jpg,late_blight,irish
D:\Potato\IrishPotato37G_full\lateblt\lateblt1926.jpg,late_blight,irish
D:\Potato\IrishPotato37G_full\earlyblt\earlyblt1884.jpg,early_blight,irish
D:\Potato\IrishPotato37G_full\lateblt\lateblt2.jpg,late_blight,irish
D:\Potato\IrishPotato37G_full\lateblt\lateblt435.jpg,late_blight,irish
D:\Potato\non_leaf\coco_person\000000317433.jpg,non_leaf,coco_person
D:\Potato\IrishPotato37G_full\healthy\healthy3301.jpg,healthy,irish
D:\Potato\non_leaf\coco_person\000000420840.jpg,non_leaf,coco_person
D:\Potato\IrishPotato37G_full\earlyblt\earlyblt3053.jpg,early_blight,irish
D:\Potato\PlantVillage\Potato___Late_blight\b9939f3e-c71c-4653-acff-109a8266dddf___RS_LB 2787.JPG,late_blight,plantvillage
D:\Potato\IrishPotato37G_full\healthy\healthy1158.jpg,healthy,irish
D:\Potato\PlantVillage\Potato___Late_blight\38e8e3d1-7c0e-4d66-a926-79538ceadf07___RS_LB 4130.JPG,late_blight,plantvillage
D:\Potato\IrishPotato37G_full\healthy\healthy1125.jpg,healthy,irish
D:\Potato\IrishPotato37G_full\lateblt\lateblt1666.jpg,late_blight,irish
D:\Potato\PlantVillage\Potato___Early_blight\64e41485-8bd1-4b5d-9482-023eb07d8a89___RS_Early.B 9078.JPG,early_blight,plantvillage
D:\Potato\IrishPotato37G_full\lateblt\lateblt2668.jpg,late_blight,irish
D:\Potato\IrishPotato37G_full\healthy\healthy712.jpg,healthy,irish
D:\Potato\IrishPotato37G_full\healthy\healthy3427.jpg,healthy,irish
D:\Potato\IrishPotato37G_full\earlyblt\earlyblt723.jpg,early_blight,irish
D:\Potato\IrishPotato37G_full\healthy\healthy5200.jpg,healthy,irish
D:\Potato\IrishPotato37G_full\lateblt\lateblt1598.jpg,late_blight,irish
D:\Potato\IrishPotato37G_full\healthy\healthy2896.jpg,healthy,irish
D:\Potato\IrishPotato37G_full\lateblt\lateblt1659.jpg,late_blight,irish
D:\Potato\IrishPotato37G_full\lateblt\lateblt1618.jpg,late_blight,irish
D:\Potato\IrishPotato37G_full\earlyblt\earlyblt1493.jpg,early_blight,irish
D:\Potato\IrishPotato37G_full\lateblt\lateblt1576.jpg,late_blight,irish
D:\Potato\IrishPotato37G_full\lateblt\lateblt1993.jpg,late_blight,irish
D:\Potato\PlantVillage\Potato___Late_blight\bbdf98a1-9e54-4afd-bdfc-870d91627a52___RS_LB 2853.JPG,late_blight,plantvillage
D:\Potato\IrishPotato37G_full\earlyblt\earlyblt6631.jpg,early_blight,irish
D:\Potato\PlantVillage\Potato___Early_blight\1f80f111-6a3e-4dfc-8456-0f3e9a19ae10___RS_Early.B 6879.JPG,early_blight,plantvillage
D:\Potato\IrishPotato37G_full\earlyblt\earlyblt3049.jpg,early_blight,irish
D:\Potato\IrishPotato37G_full\healthy\healthy3532.jpg,healthy,irish
D:\Potato\IrishPotato37G_full\healthy\healthy1413.jpg,healthy,irish
D:\Potato\IrishPotato37G_full\healthy\healthy4921.jpg,healthy,irish
D:\Potato\IrishPotato37G_full\lateblt\lateblt971.jpg,late_blight,irish
D:\Potato\IrishPotato37G_full\healthy\healthy2268.jpg,healthy,irish
D:\Potato\IrishPotato37G_full\lateblt\lateblt2801.jpg,late_blight,irish
D:\Potato\IrishPotato37G_full\lateblt\lateblt2692.jpg,late_blight,irish
D:\Potato\PlantVillage\Potato___Early_blight\7ba072ea-9bb3-4b5e-8fff-82758ff3f722___RS_Early.B 8262.JPG,early_blight,plantvillage
D:\Potato\IrishPotato37G_full\healthy\healthy685.jpg,healthy,irish
D:\Potato\IrishPotato37G_full\lateblt\lateblt1506.jpg,late_blight,irish
D:\Potato\non_leaf\coco_person\000000059044.jpg,non_leaf,coco_person
D:\Potato\IrishPotato37G_full\earlyblt\earlyblt6069.jpg,early_blight,irish
D:\Potato\IrishPotato37G_full\earlyblt\earlyblt908.jpg,early_blight,irish
D:\Potato\IrishPotato37G_full\healthy\healthy5486.jpg,healthy,irish
D:\Potato\IrishPotato37G_full\lateblt\lateblt441.jpg,late_blight,irish
D:\Potato\IrishPotato37G_full\earlyblt\earlyblt6283.jpg,early_blight,irish
D:\Potato\IrishPotato37G_full\lateblt\lateblt2946.jpg,late_blight,irish
D:\Potato\IrishPotato37G_full\lateblt\lateblt2182.jpg,late_blight,irish
D:\Potato\IrishPotato37G_full\earlyblt\earlyblt720.jpg,early_blight,irish
D:\Potato\IrishPotato37G_full\lateblt\lateblt960.jpg,late_blight,irish
D:\Potato\IrishPotato37G_full\lateblt\lateblt272.jpg,late_blight,irish
D:\Potato\IrishPotato37G_full\healthy\healthy2908.jpg,healthy,irish
D:\Potato\IrishPotato37G_full\earlyblt\earlyblt2288.jpg,early_blight,irish
D:\Potato\IrishPotato37G_full\earlyblt\earlyblt3501.jpg,early_blight,irish
D:\Potato\IrishPotato37G_full\healthy\healthy3148.jpg,healthy,irish
D:\Potato\IrishPotato37G_full\healthy\healthy4276.jpg,healthy,irish
D:\Potato\non_leaf\coco_person\000000168337.jpg,non_leaf,coco_person
D:\Potato\IrishPotato37G_full\healthy\healthy2222.jpg,healthy,irish
D:\Potato\IrishPotato37G_full\earlyblt\earlyblt6254.jpg,early_blight,irish
D:\Potato\IrishPotato37G_full\healthy\healthy5456.jpg,healthy,irish
D:\Potato\IrishPotato37G_full\lateblt\lateblt767.jpg,late_blight,irish
D:\Potato\PlantVillage\Potato___Late_blight\3f6db123-4a6e-4b8a-9b26-954ccf29cc3c___RS_LB 4695.JPG,late_blight,plantvillage
D:\Potato\PlantVillage\Potato___Early_blight\66642302-1334-4c23-8613-f98387352360___RS_Early.B 8766.JPG,early_blight,plantvillage
D:\Potato\IrishPotato37G_full\healthy\healthy3173.jpg,healthy,irish
D:\Potato\IrishPotato37G_full\healthy\healthy2202.jpg,healthy,irish
D:\Potato\IrishPotato37G_full\healthy\healthy2024.jpg,healthy,irish
D:\Potato\IrishPotato37G_full\healthy\healthy1.jpg,healthy,irish
D:\Potato\IrishPotato37G_full\lateblt\lateblt2871.jpg,late_blight,irish
D:\Potato\IrishPotato37G_full\lateblt\lateblt279.jpg,late_blight,irish
D:\Potato\IrishPotato37G_full\earlyblt\earlyblt640.jpg,early_blight,irish
D:\Potato\IrishPotato37G_full\earlyblt\earlyblt2220.jpg,early_blight,irish
D:\Potato\IrishPotato37G_full\lateblt\lateblt1989.jpg,late_blight,irish
D:\Potato\IrishPotato37G_full\lateblt\lateblt478.jpg,late_blight,irish
D:\Potato\IrishPotato37G_full\earlyblt\earlyblt6726.jpg,early_blight,irish
D:\Potato\non_leaf\coco_person\000000177213.jpg,non_leaf,coco_person
D:\Potato\IrishPotato37G_full\lateblt\lateblt2812.jpg,late_blight,irish
D:\Potato\IrishPotato37G_full\lateblt\lateblt1199.jpg,late_blight,irish
D:\Potato\IrishPotato37G_full\healthy\healthy1157.jpg,healthy,irish
D:\Potato\non_leaf\coco_person\000000278973.jpg,non_leaf,coco_person
D:\Potato\PlantVillage\Potato___Late_blight\224d9d63-c097-4142-b1a6-56f88a7bae2e___RS_LB 2630.JPG,late_blight,plantvillage
D:\Potato\IrishPotato37G_full\lateblt\lateblt2750.jpg,late_blight,irish
D:\Potato\IrishPotato37G_full\healthy\healthy961.jpg,healthy,irish
D:\Potato\non_leaf\coco_person\000000084031.jpg,non_leaf,coco_person
D:\Potato\PlantVillage\Potato___Late_blight\b8b4064f-208a-46f9-b13e-5096fdbdb429___RS_LB 2591.JPG,late_blight,plantvillage
D:\Potato\IrishPotato37G_full\healthy\healthy1397.jpg,healthy,irish
D:\Potato\IrishPotato37G_full\earlyblt\earlyblt2471.jpg,early_blight,irish
D:\Potato\IrishPotato37G_full\healthy\healthy3144.jpg,healthy,irish
D:\Potato\IrishPotato37G_full\healthy\healthy3786.jpg,healthy,irish
D:\Potato\IrishPotato37G_full\lateblt\lateblt447.jpg,late_blight,irish
D:\Potato\IrishPotato37G_full\earlyblt\earlyblt2100.jpg,early_blight,irish
D:\Potato\IrishPotato37G_full\earlyblt\earlyblt2749.jpg,early_blight,irish
D:\Potato\PlantVillage\Potato___Early_blight\9cba8b9a-68a7-483a-bc77-6bacbbe7fc46___RS_Early.B 7588.JPG,early_blight,plantvillage
D:\Potato\IrishPotato37G_full\healthy\healthy5292.jpg,healthy,irish
D:\Potato\IrishPotato37G_full\earlyblt\earlyblt6740.jpg,early_blight,irish
D:\Potato\IrishPotato37G_full\lateblt\lateblt413.jpg,late_blight,irish
D:\Potato\IrishPotato37G_full\lateblt\lateblt283.jpg,late_blight,irish
D:\Potato\IrishPotato37G_full\lateblt\lateblt2063.jpg,late_blight,irish
D:\Potato\IrishPotato37G_full\lateblt\lateblt2666.jpg,late_blight,irish
D:\Potato\IrishPotato37G_full\healthy\healthy3449.jpg,healthy,irish
D:\Potato\PlantVillage\Potato___Late_blight\d0262161-b887-4357-b707-cde01cf5726d___RS_LB 3044.JPG,late_blight,plantvillage
D:\Potato\IrishPotato37G_full\earlyblt\earlyblt6059.jpg,early_blight,irish
D:\Potato\PlantVillage\Potato___Late_blight\890ffd2b-7365-4a91-b0e1-f414da0a17a4___RS_LB 3216.JPG,late_blight,plantvillage
D:\Potato\IrishPotato37G_full\healthy\healthy2283.jpg,healthy,irish
D:\Potato\PlantVillage\Potato___Early_blight\992a06a6-1aeb-4876-b33e-4267aa1a0c43___RS_Early.B 7618.JPG,early_blight,plantvillage
D:\Potato\non_leaf\coco_person\000000020333.jpg,non_leaf,coco_person
D:\Potato\IrishPotato37G_full\earlyblt\earlyblt1632.jpg,early_blight,irish
D:\Potato\IrishPotato37G_full\lateblt\lateblt1185.jpg,late_blight,irish
D:\Potato\non_leaf\coco_person\000000134886.jpg,non_leaf,coco_person
D:\Potato\IrishPotato37G_full\earlyblt\earlyblt4931.jpg,early_blight,irish
D:\Potato\IrishPotato37G_full\earlyblt\earlyblt6064.jpg,early_blight,irish
D:\Potato\PlantVillage\Potato___Late_blight\e3d4df7f-f184-453e-8a99-3cb0de5a2488___RS_LB 3959.JPG,late_blight,plantvillage
D:\Potato\IrishPotato37G_full\healthy\healthy1624.jpg,healthy,irish
D:\Potato\IrishPotato37G_full\lateblt\lateblt953.jpg,late_blight,irish
D:\Potato\IrishPotato37G_full\healthy\healthy1751.jpg,healthy,irish
D:\Potato\IrishPotato37G_full\earlyblt\earlyblt6287.jpg,early_blight,irish
D:\Potato\IrishPotato37G_full\lateblt\lateblt7.jpg,late_blight,irish
D:\Potato\IrishPotato37G_full\lateblt\lateblt2043.jpg,late_blight,irish
D:\Potato\IrishPotato37G_full\healthy\healthy2573.jpg,healthy,irish
D:\Potato\IrishPotato37G_full\healthy\healthy990.jpg,healthy,irish
D:\Potato\IrishPotato37G_full\lateblt\lateblt818.jpg,late_blight,irish
D:\Potato\non_leaf\coco_person\000000393469.jpg,non_leaf,coco_person
D:\Potato\IrishPotato37G_full\healthy\healthy1497.jpg,healthy,irish
D:\Potato\IrishPotato37G_full\healthy\healthy3624.jpg,healthy,irish
D:\Potato\IrishPotato37G_full\healthy\healthy1506.jpg,healthy,irish
D:\Potato\non_leaf\coco_person\000000088485.jpg,non_leaf,coco_person
D:\Potato\IrishPotato37G_full\lateblt\lateblt926.jpg,late_blight,irish
D:\Potato\PlantVillage\Potato___Early_blight\cf761f3d-755a-42b2-83cb-729443246c6a___RS_Early.B 7319.JPG,early_blight,plantvillage
D:\Potato\non_leaf\coco_person\000000182441.jpg,non_leaf,coco_person
D:\Potato\IrishPotato37G_full\earlyblt\earlyblt826.jpg,early_blight,irish
D:\Potato\IrishPotato37G_full\lateblt\lateblt1479.jpg,late_blight,irish
D:\Potato\IrishPotato37G_full\lateblt\lateblt2268.jpg,late_blight,irish
D:\Potato\IrishPotato37G_full\lateblt\lateblt2889.jpg,late_blight,irish
D:\Potato\IrishPotato37G_full\lateblt\lateblt225.jpg,late_blight,irish
D:\Potato\IrishPotato37G_full\healthy\healthy2191.jpg,healthy,irish
D:\Potato\non_leaf\coco_person\000000302107.jpg,non_leaf,coco_person
D:\Potato\IrishPotato37G_full\healthy\healthy3794.jpg,healthy,irish
D:\Potato\non_leaf\coco_person\000000151938.jpg,non_leaf,coco_person
D:\Potato\IrishPotato37G_full\healthy\healthy3340.jpg,healthy,irish
D:\Potato\IrishPotato37G_full\lateblt\lateblt804.jpg,late_blight,irish
D:\Potato\IrishPotato37G_full\lateblt\lateblt2985.jpg,late_blight,irish
D:\Potato\PlantVillage\Potato___Late_blight\43dde1e0-8c73-45af-8fbf-d500e450a154___RS_LB 3270.JPG,late_blight,plantvillage
D:\Potato\IrishPotato37G_full\healthy\healthy3682.jpg,healthy,irish
D:\Potato\IrishPotato37G_full\lateblt\lateblt2522.jpg,late_blight,irish
D:\Potato\IrishPotato37G_full\lateblt\lateblt1609.jpg,late_blight,irish
D:\Potato\IrishPotato37G_full\lateblt\lateblt189.jpg,late_blight,irish
D:\Potato\non_leaf\coco_person\000000053626.jpg,non_leaf,coco_person
D:\Potato\IrishPotato37G_full\lateblt\lateblt694.jpg,late_blight,irish
D:\Potato\IrishPotato37G_full\lateblt\lateblt2206.jpg,late_blight,irish
D:\Potato\IrishPotato37G_full\healthy\healthy5618.jpg,healthy,irish
D:\Potato\non_leaf\coco_person\000000038678.jpg,non_leaf,coco_person
D:\Potato\IrishPotato37G_full\healthy\healthy3610.jpg,healthy,irish
D:\Potato\PlantVillage\Potato___Early_blight\32c3bd85-3b12-4051-9185-12d39caaf94f___RS_Early.B 6684.JPG,early_blight,plantvillage
D:\Potato\IrishPotato37G_full\healthy\healthy5465.jpg,healthy,irish
D:\Potato\IrishPotato37G_full\earlyblt\earlyblt1096.jpg,early_blight,irish
D:\Potato\IrishPotato37G_full\earlyblt\earlyblt2237.jpg,early_blight,irish
D:\Potato\IrishPotato37G_full\lateblt\lateblt236.jpg,late_blight,irish
D:\Potato\PlantVillage\Potato___healthy\ad9b6cf4-e065-496d-91c7-5713ce14e19e___RS_HL 1926.JPG,healthy,plantvillage
D:\Potato\PlantVillage\Potato___Late_blight\e08c2b56-3a54-4fcc-b814-85c55020278b___RS_LB 3991.JPG,late_blight,plantvillage
D:\Potato\IrishPotato37G_full\lateblt\lateblt2016.jpg,late_blight,irish
D:\Potato\IrishPotato37G_full\lateblt\lateblt729.jpg,late_blight,irish
D:\Potato\IrishPotato37G_full\healthy\healthy4119.jpg,healthy,irish
D:\Potato\IrishPotato37G_full\earlyblt\earlyblt2062.jpg,early_blight,irish
D:\Potato\IrishPotato37G_full\healthy\healthy187.jpg,healthy,irish
D:\Potato\IrishPotato37G_full\healthy\healthy5644.jpg,healthy,irish
D:\Potato\PlantVillage\Potato___Early_blight\83e334ee-bd8c-4aa5-bb8e-bc64d99bd5e2___RS_Early.B 7329.JPG,early_blight,plantvillage
D:\Potato\IrishPotato37G_full\earlyblt\earlyblt6406.jpg,early_blight,irish
D:\Potato\IrishPotato37G_full\lateblt\lateblt1938.jpg,late_blight,irish
D:\Potato\IrishPotato37G_full\healthy\healthy5215.jpg,healthy,irish
D:\Potato\IrishPotato37G_full\earlyblt\earlyblt1764.jpg,early_blight,irish
D:\Potato\IrishPotato37G_full\lateblt\lateblt2992.jpg,late_blight,irish
D:\Potato\IrishPotato37G_full\lateblt\lateblt2802.jpg,late_blight,irish
D:\Potato\IrishPotato37G_full\earlyblt\earlyblt3803.jpg,early_blight,irish
D:\Potato\IrishPotato37G_full\lateblt\lateblt2011.jpg,late_blight,irish
D:\Potato\IrishPotato37G_full\earlyblt\earlyblt6010.jpg,early_blight,irish
D:\Potato\IrishPotato37G_full\earlyblt\earlyblt2210.jpg,early_blight,irish
D:\Potato\non_leaf\coco_person\000000507667.jpg,non_leaf,coco_person
D:\Potato\IrishPotato37G_full\lateblt\lateblt853.jpg,late_blight,irish
D:\Potato\IrishPotato37G_full\earlyblt\earlyblt4675.jpg,early_blight,irish
D:\Potato\IrishPotato37G_full\earlyblt\earlyblt1682.jpg,early_blight,irish
D:\Potato\IrishPotato37G_full\lateblt\lateblt810.jpg,late_blight,irish
D:\Potato\IrishPotato37G_full\earlyblt\earlyblt6994.jpg,early_blight,irish
D:\Potato\IrishPotato37G_full\earlyblt\earlyblt606.jpg,early_blight,irish
D:\Potato\IrishPotato37G_full\lateblt\lateblt2675.jpg,late_blight,irish
D:\Potato\non_leaf\coco_person\000000374982.jpg,non_leaf,coco_person
D:\Potato\IrishPotato37G_full\lateblt\lateblt2932.jpg,late_blight,irish
D:\Potato\IrishPotato37G_full\lateblt\lateblt2034.jpg,late_blight,irish
D:\Potato\IrishPotato37G_full\earlyblt\earlyblt7006.jpg,early_blight,irish
D:\Potato\IrishPotato37G_full\healthy\healthy1368.jpg,healthy,irish
D:\Potato\IrishPotato37G_full\healthy\healthy1609.jpg,healthy,irish
D:\Potato\IrishPotato37G_full\lateblt\lateblt633.jpg,late_blight,irish
D:\Potato\IrishPotato37G_full\earlyblt\earlyblt435.jpg,early_blight,irish
D:\Potato\IrishPotato37G_full\earlyblt\earlyblt2674.jpg,early_blight,irish
D:\Potato\non_leaf\coco_person\000000055150.jpg,non_leaf,coco_person
D:\Potato\non_leaf\coco_person\000000163118.jpg,non_leaf,coco_person
D:\Potato\IrishPotato37G_full\lateblt\lateblt559.jpg,late_blight,irish
D:\Potato\IrishPotato37G_full\lateblt\lateblt2564.jpg,late_blight,irish
D:\Potato\IrishPotato37G_full\earlyblt\earlyblt6384.jpg,early_blight,irish
D:\Potato\IrishPotato37G_full\healthy\healthy171.jpg,healthy,irish
D:\Potato\PlantVillage\Potato___Early_blight\db79941d-3ca1-42f1-b06e-d150a49d476a___RS_Early.B 8742.JPG,early_blight,plantvillage
D:\Potato\IrishPotato37G_full\healthy\healthy389.jpg,healthy,irish
D:\Potato\IrishPotato37G_full\lateblt\lateblt2416.jpg,late_blight,irish
D:\Potato\PlantVillage\Potato___Early_blight\c9d5a9b6-4e5c-42df-8f9b-5f57e13000df___RS_Early.B 6933.JPG,early_blight,plantvillage
D:\Potato\IrishPotato37G_full\lateblt\lateblt787.jpg,late_blight,irish
D:\Potato\IrishPotato37G_full\lateblt\lateblt2258.jpg,late_blight,irish
D:\Potato\PlantVillage\Potato___Early_blight\2cafa90e-af46-4d0a-9137-9780d816b96a___RS_Early.B 7731.JPG,early_blight,plantvillage
D:\Potato\IrishPotato37G_full\lateblt\lateblt2553.jpg,late_blight,irish
D:\Potato\IrishPotato37G_full\lateblt\lateblt1539.jpg,late_blight,irish
D:\Potato\PlantVillage\Potato___healthy\07dfb451-4378-49d1-b699-33a5fc49ff07___RS_HL 5399.JPG,healthy,plantvillage
D:\Potato\IrishPotato37G_full\healthy\healthy4057.jpg,healthy,irish
D:\Potato\IrishPotato37G_full\healthy\healthy3408.jpg,healthy,irish
D:\Potato\non_leaf\coco_person\000000562448.jpg,non_leaf,coco_person
D:\Potato\IrishPotato37G_full\healthy\healthy2946.jpg,healthy,irish
D:\Potato\IrishPotato37G_full\earlyblt\earlyblt2353.jpg,early_blight,irish
D:\Potato\non_leaf\coco_person\000000001296.jpg,non_leaf,coco_person
D:\Potato\PlantVillage\Potato___Late_blight\e36ccebd-29c6-466d-b46f-41fa38f6e9c0___RS_LB 5047.JPG,late_blight,plantvillage
D:\Potato\non_leaf\coco_person\000000349594.jpg,non_leaf,coco_person
D:\Potato\non_leaf\coco_person\000000213605.jpg,non_leaf,coco_person
D:\Potato\IrishPotato37G_full\healthy\healthy1188.jpg,healthy,irish
D:\Potato\IrishPotato37G_full\lateblt\lateblt159.jpg,late_blight,irish
D:\Potato\IrishPotato37G_full\earlyblt\earlyblt3710.jpg,early_blight,irish
D:\Potato\IrishPotato37G_full\lateblt\lateblt5022.jpg,late_blight,irish
D:\Potato\PlantVillage\Potato___Early_blight\6edb7358-f41f-4fd2-8371-12700bdbc94c___RS_Early.B 6801.JPG,early_blight,plantvillage
D:\Potato\IrishPotato37G_full\lateblt\lateblt2808.jpg,late_blight,irish
D:\Potato\PlantVillage\Potato___Late_blight\e231f522-dd72-4fbd-94b4-5b4d7b935269___RS_LB 4131.JPG,late_blight,plantvillage
D:\Potato\IrishPotato37G_full\lateblt\lateblt273.jpg,late_blight,irish
D:\Potato\IrishPotato37G_full\healthy\healthy5482.jpg,healthy,irish
D:\Potato\IrishPotato37G_full\healthy\healthy1298.jpg,healthy,irish
D:\Potato\IrishPotato37G_full\healthy\healthy667.jpg,healthy,irish
D:\Potato\PlantVillage\Potato___Late_blight\5ad9dba9-ed81-437e-8d5d-1d6660514462___RS_LB 4439.JPG,late_blight,plantvillage
D:\Potato\IrishPotato37G_full\earlyblt\earlyblt4805.jpg,early_blight,irish
D:\Potato\IrishPotato37G_full\healthy\healthy1235.jpg,healthy,irish
D:\Potato\IrishPotato37G_full\lateblt\lateblt592.jpg,late_blight,irish
D:\Potato\non_leaf\coco_person\000000493442.jpg,non_leaf,coco_person
D:\Potato\IrishPotato37G_full\healthy\healthy4379.jpg,healthy,irish
D:\Potato\PlantVillage\Potato___Late_blight\06554e38-28ce-429d-b8e9-520e61e3c58f___RS_LB 2692.JPG,late_blight,plantvillage
D:\Potato\IrishPotato37G_full\earlyblt\earlyblt2551.jpg,early_blight,irish
D:\Potato\IrishPotato37G_full\lateblt\lateblt1930.jpg,late_blight,irish
D:\Potato\IrishPotato37G_full\healthy\healthy521.jpg,healthy,irish
D:\Potato\non_leaf\coco_person\000000400044.jpg,non_leaf,coco_person
D:\Potato\IrishPotato37G_full\healthy\healthy3114.jpg,healthy,irish
D:\Potato\IrishPotato37G_full\earlyblt\earlyblt1736.jpg,early_blight,irish
D:\Potato\PlantVillage\Potato___Late_blight\a34d3777-22c7-4723-8b85-f766e042c121___RS_LB 4375.JPG,late_blight,plantvillage
D:\Potato\IrishPotato37G_full\lateblt\lateblt2160.jpg,late_blight,irish
D:\Potato\IrishPotato37G_full\earlyblt\earlyblt6669.jpg,early_blight,irish
D:\Potato\IrishPotato37G_full\healthy\healthy2398.jpg,healthy,irish
D:\Potato\PlantVillage\Potato___Late_blight\ab72ec63-290e-4e95-ab0a-b551ed44ab3b___RS_LB 3286.JPG,late_blight,plantvillage
D:\Potato\PlantVillage\Potato___Late_blight\1f560f09-0b70-40c9-b907-4cac9ba47b8d___RS_LB 3184.JPG,late_blight,plantvillage
D:\Potato\IrishPotato37G_full\earlyblt\earlyblt1760.jpg,early_blight,irish
D:\Potato\IrishPotato37G_full\healthy\healthy4321.jpg,healthy,irish
D:\Potato\PlantVillage\Potato___Early_blight\1defd277-6394-4049-895d-470f1e27e189___RS_Early.B 8931.JPG,early_blight,plantvillage
D:\Potato\IrishPotato37G_full\lateblt\lateblt2124.jpg,late_blight,irish
D:\Potato\IrishPotato37G_full\earlyblt\earlyblt1854.jpg,early_blight,irish
D:\Potato\IrishPotato37G_full\healthy\healthy3000.jpg,healthy,irish
D:\Potato\IrishPotato37G_full\healthy\healthy1108.jpg,healthy,irish
D:\Potato\non_leaf\coco_person\000000145020.jpg,non_leaf,coco_person
D:\Potato\IrishPotato37G_full\healthy\healthy4962.jpg,healthy,irish
D:\Potato\IrishPotato37G_full\healthy\healthy1657.jpg,healthy,irish
D:\Potato\IrishPotato37G_full\earlyblt\earlyblt276.jpg,early_blight,irish
D:\Potato\PlantVillage\Potato___Late_blight\5f6e341d-3a02-4bc5-ae02-c0a343a835ea___RS_LB 4882.JPG,late_blight,plantvillage
D:\Potato\IrishPotato37G_full\lateblt\lateblt2410.jpg,late_blight,irish
D:\Potato\IrishPotato37G_full\healthy\healthy5420.jpg,healthy,irish
D:\Potato\non_leaf\coco_person\000000085157.jpg,non_leaf,coco_person
D:\Potato\non_leaf\coco_person\000000118921.jpg,non_leaf,coco_person
D:\Potato\IrishPotato37G_full\earlyblt\earlyblt6627.jpg,early_blight,irish
D:\Potato\PlantVillage\Potato___Late_blight\b5190917-8638-44bf-b16a-8004d2b6a58f___RS_LB 5241.JPG,late_blight,plantvillage
D:\Potato\IrishPotato37G_full\healthy\healthy4094.jpg,healthy,irish
D:\Potato\IrishPotato37G_full\lateblt\lateblt1332.jpg,late_blight,irish
D:\Potato\IrishPotato37G_full\healthy\healthy4878.jpg,healthy,irish
D:\Potato\IrishPotato37G_full\lateblt\lateblt1463.jpg,late_blight,irish
D:\Potato\IrishPotato37G_full\lateblt\lateblt2637.jpg,late_blight,irish
D:\Potato\IrishPotato37G_full\lateblt\lateblt739.jpg,late_blight,irish
D:\Potato\PlantVillage\Potato___Late_blight\a69b634c-1bb1-4098-9da0-8393f9b8d6e1___RS_LB 5120.JPG,late_blight,plantvillage
D:\Potato\IrishPotato37G_full\healthy\healthy2440.jpg,healthy,irish
D:\Potato\IrishPotato37G_full\lateblt\lateblt90.jpg,late_blight,irish
D:\Potato\IrishPotato37G_full\earlyblt\earlyblt2528.jpg,early_blight,irish
D:\Potato\IrishPotato37G_full\healthy\healthy834.jpg,healthy,irish
D:\Potato\non_leaf\coco_person\000000125472.jpg,non_leaf,coco_person
D:\Potato\IrishPotato37G_full\earlyblt\earlyblt6483.jpg,early_blight,irish
D:\Potato\IrishPotato37G_full\healthy\healthy1488.jpg,healthy,irish
D:\Potato\IrishPotato37G_full\earlyblt\earlyblt2453.jpg,early_blight,irish
D:\Potato\IrishPotato37G_full\healthy\healthy3675.jpg,healthy,irish
D:\Potato\IrishPotato37G_full\lateblt\lateblt803.jpg,late_blight,irish
D:\Potato\IrishPotato37G_full\earlyblt\earlyblt2807.jpg,early_blight,irish
D:\Potato\IrishPotato37G_full\earlyblt\earlyblt649.jpg,early_blight,irish
D:\Potato\PlantVillage\Potato___Early_blight\c71ad6f9-6258-4602-84dc-ecf75296672c___RS_Early.B 7525.JPG,early_blight,plantvillage
D:\Potato\PlantVillage\Potato___healthy\36bdc44c-96a4-40bb-86f7-63a91d706e96___RS_HL 4203.JPG,healthy,plantvillage
D:\Potato\IrishPotato37G_full\earlyblt\earlyblt3838.jpg,early_blight,irish
D:\Potato\non_leaf\coco_person\000000435208.jpg,non_leaf,coco_person
D:\Potato\IrishPotato37G_full\lateblt\lateblt1984.jpg,late_blight,irish
D:\Potato\IrishPotato37G_full\earlyblt\earlyblt6082.jpg,early_blight,irish
D:\Potato\IrishPotato37G_full\lateblt\lateblt1477.jpg,late_blight,irish
D:\Potato\IrishPotato37G_full\lateblt\lateblt1367.jpg,late_blight,irish
D:\Potato\IrishPotato37G_full\earlyblt\earlyblt1084.jpg,early_blight,irish
D:\Potato\IrishPotato37G_full\earlyblt\earlyblt2732.jpg,early_blight,irish
D:\Potato\IrishPotato37G_full\earlyblt\earlyblt2282.jpg,early_blight,irish
D:\Potato\IrishPotato37G_full\earlyblt\earlyblt140.jpg,early_blight,irish
D:\Potato\IrishPotato37G_full\lateblt\lateblt1411.jpg,late_blight,irish
D:\Potato\IrishPotato37G_full\earlyblt\earlyblt2091.jpg,early_blight,irish
D:\Potato\IrishPotato37G_full\earlyblt\earlyblt329.jpg,early_blight,irish
D:\Potato\IrishPotato37G_full\lateblt\lateblt227.jpg,late_blight,irish
D:\Potato\IrishPotato37G_full\healthy\healthy4672.jpg,healthy,irish
D:\Potato\IrishPotato37G_full\earlyblt\earlyblt2860.jpg,early_blight,irish
D:\Potato\IrishPotato37G_full\lateblt\lateblt1987.jpg,late_blight,irish
D:\Potato\IrishPotato37G_full\healthy\healthy2168.jpg,healthy,irish
D:\Potato\non_leaf\coco_person\000000061418.jpg,non_leaf,coco_person
D:\Potato\IrishPotato37G_full\earlyblt\earlyblt1850.jpg,early_blight,irish
D:\Potato\non_leaf\coco_person\000000070229.jpg,non_leaf,coco_person
D:\Potato\IrishPotato37G_full\healthy\healthy763.jpg,healthy,irish
D:\Potato\IrishPotato37G_full\lateblt\lateblt9.jpg,late_blight,irish
D:\Potato\non_leaf\coco_person\000000161032.jpg,non_leaf,coco_person
D:\Potato\IrishPotato37G_full\lateblt\lateblt525.jpg,late_blight,irish
D:\Potato\IrishPotato37G_full\lateblt\lateblt2945.jpg,late_blight,irish
D:\Potato\IrishPotato37G_full\lateblt\lateblt2697.jpg,late_blight,irish
D:\Potato\IrishPotato37G_full\lateblt\lateblt795.jpg,late_blight,irish
D:\Potato\IrishPotato37G_full\earlyblt\earlyblt3206.jpg,early_blight,irish
D:\Potato\PlantVillage\Potato___Late_blight\e0a085c0-20e4-4e36-87db-49f0b58fa349___RS_LB 4324.JPG,late_blight,plantvillage
D:\Potato\non_leaf\coco_person\000000484978.jpg,non_leaf,coco_person
D:\Potato\IrishPotato37G_full\lateblt\lateblt988.jpg,late_blight,irish
D:\Potato\IrishPotato37G_full\healthy\healthy2758.jpg,healthy,irish
D:\Potato\IrishPotato37G_full\healthy\healthy198.jpg,healthy,irish
D:\Potato\PlantVillage\Potato___Late_blight\d994fd7e-a338-42c5-ac37-ede01c18999e___RS_LB 5134.JPG,late_blight,plantvillage
D:\Potato\PlantVillage\Potato___Early_blight\88c63d75-4423-4233-9097-728af8a52033___RS_Early.B 6862.JPG,early_blight,plantvillage
D:\Potato\IrishPotato37G_full\healthy\healthy1375.jpg,healthy,irish
D:\Potato\IrishPotato37G_full\lateblt\lateblt2729.jpg,late_blight,irish
D:\Potato\IrishPotato37G_full\lateblt\lateblt2763.jpg,late_blight,irish
D:\Potato\IrishPotato37G_full\lateblt\lateblt2147.jpg,late_blight,irish
D:\Potato\IrishPotato37G_full\earlyblt\earlyblt3281.jpg,early_blight,irish
D:\Potato\IrishPotato37G_full\earlyblt\earlyblt6097.jpg,early_blight,irish
D:\Potato\IrishPotato37G_full\lateblt\lateblt1611.jpg,late_blight,irish
D:\Potato\IrishPotato37G_full\lateblt\lateblt819.jpg,late_blight,irish
D:\Potato\IrishPotato37G_full\healthy\healthy4430.jpg,healthy,irish
D:\Potato\IrishPotato37G_full\healthy\healthy2938.jpg,healthy,irish
D:\Potato\IrishPotato37G_full\healthy\healthy2876.jpg,healthy,irish
D:\Potato\IrishPotato37G_full\earlyblt\earlyblt3946.jpg,early_blight,irish
D:\Potato\IrishPotato37G_full\earlyblt\earlyblt697.jpg,early_blight,irish
D:\Potato\IrishPotato37G_full\lateblt\lateblt5058.jpg,late_blight,irish
D:\Potato\IrishPotato37G_full\lateblt\lateblt884.jpg,late_blight,irish
D:\Potato\IrishPotato37G_full\earlyblt\earlyblt4903.jpg,early_blight,irish
D:\Potato\IrishPotato37G_full\earlyblt\earlyblt3414.jpg,early_blight,irish
D:\Potato\PlantVillage\Potato___Early_blight\b2e6d502-8a02-4493-ae91-34bad50b6040___RS_Early.B 7537.JPG,early_blight,plantvillage
D:\Potato\IrishPotato37G_full\earlyblt\earlyblt3926.jpg,early_blight,irish
D:\Potato\IrishPotato37G_full\healthy\healthy2234.jpg,healthy,irish
D:\Potato\non_leaf\coco_person\000000397351.jpg,non_leaf,coco_person
D:\Potato\IrishPotato37G_full\earlyblt\earlyblt1611.jpg,early_blight,irish
D:\Potato\IrishPotato37G_full\earlyblt\earlyblt6660.jpg,early_blight,irish
D:\Potato\non_leaf\coco_person\000000130586.jpg,non_leaf,coco_person
D:\Potato\PlantVillage\Potato___Early_blight\034959c1-f1e8-4a79-a6d5-3c1d14efa2f3___RS_Early.B 7136.JPG,early_blight,plantvillage
D:\Potato\IrishPotato37G_full\earlyblt\earlyblt2464.jpg,early_blight,irish
D:\Potato\IrishPotato37G_full\earlyblt\earlyblt2362.jpg,early_blight,irish
D:\Potato\IrishPotato37G_full\healthy\healthy2503.jpg,healthy,irish
D:\Potato\IrishPotato37G_full\earlyblt\earlyblt1997.jpg,early_blight,irish
D:\Potato\IrishPotato37G_full\lateblt\lateblt2758.jpg,late_blight,irish
D:\Potato\IrishPotato37G_full\earlyblt\earlyblt6680.jpg,early_blight,irish
D:\Potato\IrishPotato37G_full\healthy\healthy4804.jpg,healthy,irish
D:\Potato\IrishPotato37G_full\healthy\healthy2069.jpg,healthy,irish
D:\Potato\IrishPotato37G_full\healthy\healthy1171.jpg,healthy,irish
D:\Potato\non_leaf\coco_person\000000530162.jpg,non_leaf,coco_person
D:\Potato\non_leaf\coco_person\000000012748.jpg,non_leaf,coco_person
D:\Potato\IrishPotato37G_full\lateblt\lateblt2028.jpg,late_blight,irish
D:\Potato\IrishPotato37G_full\earlyblt\earlyblt2873.jpg,early_blight,irish
D:\Potato\PlantVillage\Potato___Late_blight\3362decd-b0d5-4cc6-81f8-3c051a285875___RS_LB 4109.JPG,late_blight,plantvillage
D:\Potato\IrishPotato37G_full\earlyblt\earlyblt2055.jpg,early_blight,irish
D:\Potato\IrishPotato37G_full\earlyblt\earlyblt4904.jpg,early_blight,irish
D:\Potato\IrishPotato37G_full\lateblt\lateblt2711.jpg,late_blight,irish
D:\Potato\IrishPotato37G_full\lateblt\lateblt2639.jpg,late_blight,irish
D:\Potato\IrishPotato37G_full\lateblt\lateblt2664.jpg,late_blight,irish
D:\Potato\PlantVillage\Potato___Early_blight\bb07a1b7-b9ad-4016-a013-9ff0e4636d4a___RS_Early.B 7156.JPG,early_blight,plantvillage
D:\Potato\IrishPotato37G_full\earlyblt\earlyblt3290.jpg,early_blight,irish
D:\Potato\IrishPotato37G_full\healthy\healthy5494.jpg,healthy,irish
D:\Potato\PlantVillage\Potato___Early_blight\13e2be1d-56bc-40c6-b5d1-e3bafc1b111e___RS_Early.B 8830.JPG,early_blight,plantvillage
D:\Potato\IrishPotato37G_full\earlyblt\earlyblt6318.jpg,early_blight,irish
D:\Potato\IrishPotato37G_full\lateblt\lateblt1158.jpg,late_blight,irish
D:\Potato\IrishPotato37G_full\lateblt\lateblt2623.jpg,late_blight,irish
D:\Potato\PlantVillage\Potato___Late_blight\1a674846-9d13-4a7f-ba03-8931c5dd3d2c___RS_LB 2768.JPG,late_blight,plantvillage
D:\Potato\IrishPotato37G_full\lateblt\lateblt1392.jpg,late_blight,irish
D:\Potato\PlantVillage\Potato___Early_blight\719dcce1-73f0-42c8-9941-44eb2b237544___RS_Early.B 8059.JPG,early_blight,plantvillage
D:\Potato\IrishPotato37G_full\healthy\healthy2594.jpg,healthy,irish
D:\Potato\IrishPotato37G_full\healthy\healthy2554.jpg,healthy,irish
D:\Potato\IrishPotato37G_full\healthy\healthy3409.jpg,healthy,irish
D:\Potato\IrishPotato37G_full\lateblt\lateblt2001.jpg,late_blight,irish
D:\Potato\IrishPotato37G_full\healthy\healthy4182.jpg,healthy,irish
D:\Potato\IrishPotato37G_full\healthy\healthy4811.jpg,healthy,irish
D:\Potato\IrishPotato37G_full\lateblt\lateblt780.jpg,late_blight,irish
D:\Potato\PlantVillage\Potato___Late_blight\99064106-3789-4de4-b109-ebc83a20d94b___RS_LB 2757.JPG,late_blight,plantvillage
D:\Potato\IrishPotato37G_full\earlyblt\earlyblt1630.jpg,early_blight,irish
D:\Potato\IrishPotato37G_full\lateblt\lateblt2014.jpg,late_blight,irish
D:\Potato\IrishPotato37G_full\earlyblt\earlyblt2907.jpg,early_blight,irish
D:\Potato\IrishPotato37G_full\lateblt\lateblt1153.jpg,late_blight,irish
D:\Potato\non_leaf\coco_person\000000506656.jpg,non_leaf,coco_person
D:\Potato\IrishPotato37G_full\earlyblt\earlyblt6663.jpg,early_blight,irish
D:\Potato\IrishPotato37G_full\healthy\healthy4071.jpg,healthy,irish
D:\Potato\IrishPotato37G_full\healthy\healthy5220.jpg,healthy,irish
D:\Potato\non_leaf\coco_person\000000094185.jpg,non_leaf,coco_person
D:\Potato\PlantVillage\Potato___Late_blight\e986907b-6948-4c72-93d3-29cb795cc9a1___RS_LB 3837.JPG,late_blight,plantvillage
D:\Potato\IrishPotato37G_full\lateblt\lateblt2886.jpg,late_blight,irish
D:\Potato\IrishPotato37G_full\lateblt\lateblt825.jpg,late_blight,irish
D:\Potato\IrishPotato37G_full\healthy\healthy1201.jpg,healthy,irish
D:\Potato\IrishPotato37G_full\lateblt\lateblt670.jpg,late_blight,irish
D:\Potato\IrishPotato37G_full\lateblt\lateblt1681.jpg,late_blight,irish
D:\Potato\IrishPotato37G_full\healthy\healthy2002.jpg,healthy,irish
D:\Potato\PlantVillage\Potato___Early_blight\a601dd4d-4e81-4327-9e4e-fd19262a1306___RS_Early.B 8265.JPG,early_blight,plantvillage
D:\Potato\IrishPotato37G_full\lateblt\lateblt531.jpg,late_blight,irish
D:\Potato\non_leaf\coco_person\000000363840.jpg,non_leaf,coco_person
D:\Potato\IrishPotato37G_full\healthy\healthy3706.jpg,healthy,irish
D:\Potato\IrishPotato37G_full\earlyblt\earlyblt7016.jpg,early_blight,irish
D:\Potato\IrishPotato37G_full\healthy\healthy56.jpg,healthy,irish
D:\Potato\IrishPotato37G_full\healthy\healthy888.jpg,healthy,irish
D:\Potato\PlantVillage\Potato___Early_blight\88e29276-8c4f-4d15-b3d4-d1db0a05cac1___RS_Early.B 6973.JPG,early_blight,plantvillage
D:\Potato\PlantVillage\Potato___Late_blight\8f634ae3-010a-4a08-aae9-2aa43bc73a0a___RS_LB 4069.JPG,late_blight,plantvillage
D:\Potato\IrishPotato37G_full\healthy\healthy1684.jpg,healthy,irish
D:\Potato\IrishPotato37G_full\healthy\healthy4472.jpg,healthy,irish
D:\Potato\IrishPotato37G_full\earlyblt\earlyblt6799.jpg,early_blight,irish
D:\Potato\IrishPotato37G_full\lateblt\lateblt2006.jpg,late_blight,irish
D:\Potato\PlantVillage\Potato___Late_blight\613b5b7f-225d-4df8-8893-0f30111925ae___RS_LB 4243.JPG,late_blight,plantvillage
D:\Potato\IrishPotato37G_full\earlyblt\earlyblt2080.jpg,early_blight,irish
D:\Potato\IrishPotato37G_full\earlyblt\earlyblt3136.jpg,early_blight,irish
D:\Potato\IrishPotato37G_full\healthy\healthy5297.jpg,healthy,irish
D:\Potato\PlantVillage\Potato___Late_blight\33fa45a7-e6ff-4e75-9c6e-28570fdfedb6___RS_LB 3054.JPG,late_blight,plantvillage
D:\Potato\IrishPotato37G_full\lateblt\lateblt1526.jpg,late_blight,irish
D:\Potato\IrishPotato37G_full\healthy\healthy3383.jpg,healthy,irish
D:\Potato\IrishPotato37G_full\lateblt\lateblt2890.jpg,late_blight,irish
D:\Potato\IrishPotato37G_full\lateblt\lateblt1632.jpg,late_blight,irish
D:\Potato\IrishPotato37G_full\lateblt\lateblt1623.jpg,late_blight,irish
D:\Potato\IrishPotato37G_full\lateblt\lateblt453.jpg,late_blight,irish
D:\Potato\IrishPotato37G_full\lateblt\lateblt1445.jpg,late_blight,irish
D:\Potato\IrishPotato37G_full\earlyblt\earlyblt1590.jpg,early_blight,irish
D:\Potato\IrishPotato37G_full\healthy\healthy352.jpg,healthy,irish
D:\Potato\IrishPotato37G_full\healthy\healthy1790.jpg,healthy,irish
D:\Potato\IrishPotato37G_full\lateblt\lateblt2568.jpg,late_blight,irish
D:\Potato\IrishPotato37G_full\earlyblt\earlyblt3712.jpg,early_blight,irish
D:\Potato\PlantVillage\Potato___Early_blight\a85029ca-881b-45a8-bb64-d8c77492a49d___RS_Early.B 8833.JPG,early_blight,plantvillage
D:\Potato\PlantVillage\Potato___Late_blight\f7bbae6e-df8d-4f2a-b8b8-52c94d9bf2b5___RS_LB 3212.JPG,late_blight,plantvillage
D:\Potato\IrishPotato37G_full\earlyblt\earlyblt2059.jpg,early_blight,irish
D:\Potato\IrishPotato37G_full\earlyblt\earlyblt4681.jpg,early_blight,irish
D:\Potato\non_leaf\coco_person\000000460347.jpg,non_leaf,coco_person
D:\Potato\PlantVillage\Potato___Early_blight\d9b34eaa-9d54-41fe-9ea2-335fe0b572ee___RS_Early.B 7735.JPG,early_blight,plantvillage
D:\Potato\IrishPotato37G_full\healthy\healthy3931.jpg,healthy,irish
D:\Potato\IrishPotato37G_full\earlyblt\earlyblt6428.jpg,early_blight,irish
D:\Potato\non_leaf\coco_person\000000447088.jpg,non_leaf,coco_person
D:\Potato\IrishPotato37G_full\healthy\healthy1723.jpg,healthy,irish
D:\Potato\IrishPotato37G_full\healthy\healthy2219.jpg,healthy,irish
D:\Potato\non_leaf\coco_person\000000036539.jpg,non_leaf,coco_person
D:\Potato\IrishPotato37G_full\lateblt\lateblt1602.jpg,late_blight,irish
D:\Potato\IrishPotato37G_full\healthy\healthy682.jpg,healthy,irish
D:\Potato\IrishPotato37G_full\earlyblt\earlyblt6028.jpg,early_blight,irish
D:\Potato\PlantVillage\Potato___healthy\111cd9d8-4d27-4225-be9e-d29b21cf56b9___RS_HL 5419.JPG,healthy,plantvillage
D:\Potato\PlantVillage\Potato___healthy\aa04db6d-645f-4e8a-88dc-c9f9396f0800___RS_HL 1975.JPG,healthy,plantvillage
D:\Potato\IrishPotato37G_full\earlyblt\earlyblt2532.jpg,early_blight,irish
D:\Potato\IrishPotato37G_full\earlyblt\earlyblt4943.jpg,early_blight,irish
D:\Potato\IrishPotato37G_full\earlyblt\earlyblt2766.jpg,early_blight,irish
D:\Potato\IrishPotato37G_full\lateblt\lateblt2883.jpg,late_blight,irish
D:\Potato\IrishPotato37G_full\earlyblt\earlyblt3119.jpg,early_blight,irish
D:\Potato\PlantVillage\Potato___Early_blight\f3360814-9e4c-46b0-85ed-73fc77ef7810___RS_Early.B 7550.JPG,early_blight,plantvillage
D:\Potato\IrishPotato37G_full\earlyblt\earlyblt2337.jpg,early_blight,irish
D:\Potato\IrishPotato37G_full\earlyblt\earlyblt724.jpg,early_blight,irish
D:\Potato\IrishPotato37G_full\lateblt\lateblt471.jpg,late_blight,irish
D:\Potato\PlantVillage\Potato___Late_blight\3a0033d6-2efc-4926-a9eb-3969d815d630___RS_LB 5144.JPG,late_blight,plantvillage
D:\Potato\IrishPotato37G_full\earlyblt\earlyblt1426.jpg,early_blight,irish
D:\Potato\IrishPotato37G_full\earlyblt\earlyblt2515.jpg,early_blight,irish
D:\Potato\IrishPotato37G_full\earlyblt\earlyblt289.jpg,early_blight,irish
D:\Potato\IrishPotato37G_full\healthy\healthy321.jpg,healthy,irish
D:\Potato\IrishPotato37G_full\lateblt\lateblt877.jpg,late_blight,irish
D:\Potato\PlantVillage\Potato___Late_blight\7050bb1d-af0d-47c4-8f35-23b9561b8024___RS_LB 3313.JPG,late_blight,plantvillage
D:\Potato\non_leaf\coco_person\000000466986.jpg,non_leaf,coco_person
D:\Potato\IrishPotato37G_full\earlyblt\earlyblt4823.jpg,early_blight,irish
D:\Potato\IrishPotato37G_full\earlyblt\earlyblt445.jpg,early_blight,irish
D:\Potato\IrishPotato37G_full\earlyblt\earlyblt3962.jpg,early_blight,irish
D:\Potato\non_leaf\coco_person\000000042628.jpg,non_leaf,coco_person
D:\Potato\IrishPotato37G_full\lateblt\lateblt1564.jpg,late_blight,irish
D:\Potato\PlantVillage\Potato___Early_blight\d5673be4-4d62-4287-b9a4-3653b88d1604___RS_Early.B 8304.JPG,early_blight,plantvillage
D:\Potato\IrishPotato37G_full\lateblt\lateblt2576.jpg,late_blight,irish
D:\Potato\IrishPotato37G_full\earlyblt\earlyblt1910.jpg,early_blight,irish
D:\Potato\IrishPotato37G_full\lateblt\lateblt710.jpg,late_blight,irish
D:\Potato\PlantVillage\Potato___Early_blight\fd59ab68-681f-4aca-ae95-6f73bf8caad7___RS_Early.B 7118.JPG,early_blight,plantvillage
D:\Potato\non_leaf\coco_person\000000188439.jpg,non_leaf,coco_person
D:\Potato\IrishPotato37G_full\earlyblt\earlyblt762.jpg,early_blight,irish
D:\Potato\IrishPotato37G_full\earlyblt\earlyblt2656.jpg,early_blight,irish
D:\Potato\PlantVillage\Potato___Late_blight\37ac120b-240a-42fc-839c-90c6dea13d85___RS_LB 5214.JPG,late_blight,plantvillage
D:\Potato\IrishPotato37G_full\healthy\healthy2379.jpg,healthy,irish
D:\Potato\IrishPotato37G_full\earlyblt\earlyblt2043.jpg,early_blight,irish
D:\Potato\non_leaf\coco_person\000000177213.jpg,non_leaf,coco_person
D:\Potato\IrishPotato37G_full\earlyblt\earlyblt6347.jpg,early_blight,irish
D:\Potato\IrishPotato37G_full\earlyblt\earlyblt4907.jpg,early_blight,irish
D:\Potato\IrishPotato37G_full\earlyblt\earlyblt3003.jpg,early_blight,irish
D:\Potato\IrishPotato37G_full\lateblt\lateblt919.jpg,late_blight,irish
D:\Potato\IrishPotato37G_full\lateblt\lateblt2095.jpg,late_blight,irish
D:\Potato\IrishPotato37G_full\healthy\healthy2919.jpg,healthy,irish
D:\Potato\IrishPotato37G_full\healthy\healthy3428.jpg,healthy,irish
D:\Potato\PlantVillage\Potato___Late_blight\d385010f-53c1-4e7d-9fd3-50f0c98dc245___RS_LB 3865.JPG,late_blight,plantvillage
D:\Potato\PlantVillage\Potato___Early_blight\2b8cfa81-e20f-4c28-b403-2cec2e5c0f2a___RS_Early.B 8145.JPG,early_blight,plantvillage
D:\Potato\PlantVillage\Potato___Late_blight\0114b195-844c-4978-93a9-b0d5aae010f1___RS_LB 2738.JPG,late_blight,plantvillage
D:\Potato\IrishPotato37G_full\healthy\healthy1499.jpg,healthy,irish
D:\Potato\PlantVillage\Potato___Late_blight\58334b81-9aab-4b5c-b655-f7078a81135b___RS_LB 3846.JPG,late_blight,plantvillage
D:\Potato\PlantVillage\Potato___Late_blight\53367bb0-3f38-4c90-a71d-05592341e4aa___RS_LB 4149.JPG,late_blight,plantvillage
D:\Potato\PlantVillage\Potato___Early_blight\16a6f216-6d2a-48fe-b8bc-ff385c96d0d3___RS_Early.B 7220.JPG,early_blight,plantvillage
D:\Potato\IrishPotato37G_full\lateblt\lateblt1476.jpg,late_blight,irish
D:\Potato\PlantVillage\Potato___Late_blight\48f93953-2de7-4724-9c7b-69dc13a47759___RS_LB 4977.JPG,late_blight,plantvillage
D:\Potato\IrishPotato37G_full\lateblt\lateblt58.jpg,late_blight,irish
D:\Potato\IrishPotato37G_full\lateblt\lateblt717.jpg,late_blight,irish
D:\Potato\IrishPotato37G_full\lateblt\lateblt1189.jpg,late_blight,irish
D:\Potato\IrishPotato37G_full\earlyblt\earlyblt6435.jpg,early_blight,irish
D:\Potato\IrishPotato37G_full\healthy\healthy142.jpg,healthy,irish
D:\Potato\IrishPotato37G_full\healthy\healthy2743.jpg,healthy,irish
D:\Potato\IrishPotato37G_full\earlyblt\earlyblt6756.jpg,early_blight,irish
D:\Potato\PlantVillage\Potato___Late_blight\f1b1a037-34e4-4016-a0bc-703059820f24___RS_LB 4343.JPG,late_blight,plantvillage
D:\Potato\IrishPotato37G_full\lateblt\lateblt634.jpg,late_blight,irish
D:\Potato\PlantVillage\Potato___Late_blight\2122118e-02ee-452b-864c-adf36ed5ce9c___RS_LB 2890.JPG,late_blight,plantvillage
D:\Potato\PlantVillage\Potato___Late_blight\ec958877-f479-4c8c-a947-3686039f8921___RS_LB 2587.JPG,late_blight,plantvillage
D:\Potato\IrishPotato37G_full\earlyblt\earlyblt2452.jpg,early_blight,irish
D:\Potato\IrishPotato37G_full\earlyblt\earlyblt854.jpg,early_blight,irish
D:\Potato\non_leaf\coco_person\000000410496.jpg,non_leaf,coco_person
D:\Potato\IrishPotato37G_full\healthy\healthy4130.jpg,healthy,irish
D:\Potato\IrishPotato37G_full\earlyblt\earlyblt3008.jpg,early_blight,irish
D:\Potato\PlantVillage\Potato___Late_blight\90c2a92c-9e38-49a3-aefe-e1805fe64537___RS_LB 3016.JPG,late_blight,plantvillage
D:\Potato\IrishPotato37G_full\healthy\healthy3527.jpg,healthy,irish
D:\Potato\IrishPotato37G_full\lateblt\lateblt251.jpg,late_blight,irish
D:\Potato\IrishPotato37G_full\earlyblt\earlyblt6046.jpg,early_blight,irish
D:\Potato\IrishPotato37G_full\earlyblt\earlyblt6392.jpg,early_blight,irish
D:\Potato\IrishPotato37G_full\earlyblt\earlyblt869.jpg,early_blight,irish
D:\Potato\IrishPotato37G_full\healthy\healthy4425.jpg,healthy,irish
D:\Potato\IrishPotato37G_full\lateblt\lateblt2579.jpg,late_blight,irish
D:\Potato\IrishPotato37G_full\lateblt\lateblt2215.jpg,late_blight,irish
D:\Potato\IrishPotato37G_full\earlyblt\earlyblt3204.jpg,early_blight,irish
D:\Potato\IrishPotato37G_full\healthy\healthy550.jpg,healthy,irish
D:\Potato\IrishPotato37G_full\earlyblt\earlyblt2640.jpg,early_blight,irish
D:\Potato\IrishPotato37G_full\healthy\healthy2583.jpg,healthy,irish
D:\Potato\IrishPotato37G_full\healthy\healthy1717.jpg,healthy,irish
D:\Potato\IrishPotato37G_full\healthy\healthy5610.jpg,healthy,irish
D:\Potato\IrishPotato37G_full\healthy\healthy4347.jpg,healthy,irish
D:\Potato\IrishPotato37G_full\healthy\healthy4855.jpg,healthy,irish
D:\Potato\IrishPotato37G_full\lateblt\lateblt488.jpg,late_blight,irish
D:\Potato\PlantVillage\Potato___Early_blight\1c42eae7-29c8-42fd-b05a-9b8255790f6f___RS_Early.B 7719.JPG,early_blight,plantvillage
D:\Potato\IrishPotato37G_full\earlyblt\earlyblt6013.jpg,early_blight,irish
D:\Potato\IrishPotato37G_full\earlyblt\earlyblt3103.jpg,early_blight,irish
D:\Potato\PlantVillage\Potato___Early_blight\2c310eaf-dbf4-4e8f-a8d8-ed8e0b51067a___RS_Early.B 6897.JPG,early_blight,plantvillage
D:\Potato\IrishPotato37G_full\earlyblt\earlyblt3704.jpg,early_blight,irish
D:\Potato\IrishPotato37G_full\healthy\healthy2742.jpg,healthy,irish
D:\Potato\IrishPotato37G_full\healthy\healthy3097.jpg,healthy,irish
D:\Potato\IrishPotato37G_full\lateblt\lateblt41.jpg,late_blight,irish
D:\Potato\IrishPotato37G_full\healthy\healthy4995.jpg,healthy,irish
D:\Potato\IrishPotato37G_full\lateblt\lateblt1607.jpg,late_blight,irish
D:\Potato\IrishPotato37G_full\earlyblt\earlyblt2559.jpg,early_blight,irish
D:\Potato\IrishPotato37G_full\lateblt\lateblt1331.jpg,late_blight,irish
D:\Potato\IrishPotato37G_full\earlyblt\earlyblt1615.jpg,early_blight,irish
D:\Potato\PlantVillage\Potato___healthy\60e9a878-13e0-4345-964c-fd807cd20bbb___RS_HL 1876.JPG,healthy,plantvillage
D:\Potato\IrishPotato37G_full\earlyblt\earlyblt3471.jpg,early_blight,irish
D:\Potato\non_leaf\coco_person\000000540932.jpg,non_leaf,coco_person
D:\Potato\IrishPotato37G_full\healthy\healthy3147.jpg,healthy,irish
D:\Potato\IrishPotato37G_full\lateblt\lateblt5061.jpg,late_blight,irish
D:\Potato\non_leaf\coco_person\000000394510.jpg,non_leaf,coco_person
D:\Potato\IrishPotato37G_full\earlyblt\earlyblt994.jpg,early_blight,irish
D:\Potato\IrishPotato37G_full\lateblt\lateblt940.jpg,late_blight,irish
D:\Potato\IrishPotato37G_full\healthy\healthy3711.jpg,healthy,irish
D:\Potato\IrishPotato37G_full\lateblt\lateblt1696.jpg,late_blight,irish
D:\Potato\PlantVillage\Potato___Late_blight\dac19eb9-e4e3-4ca1-8183-268b839901c4___RS_LB 5208.JPG,late_blight,plantvillage
D:\Potato\PlantVillage\Potato___Late_blight\ae805316-66e9-4aaf-b938-8460734b90ec___RS_LB 3004.JPG,late_blight,plantvillage
D:\Potato\IrishPotato37G_full\lateblt\lateblt2112.jpg,late_blight,irish
D:\Potato\IrishPotato37G_full\healthy\healthy4281.jpg,healthy,irish
D:\Potato\IrishPotato37G_full\lateblt\lateblt167.jpg,late_blight,irish
D:\Potato\non_leaf\coco_person\000000002532.jpg,non_leaf,coco_person
D:\Potato\IrishPotato37G_full\healthy\healthy3628.jpg,healthy,irish
D:\Potato\IrishPotato37G_full\earlyblt\earlyblt3728.jpg,early_blight,irish
D:\Potato\IrishPotato37G_full\lateblt\lateblt834.jpg,late_blight,irish
D:\Potato\IrishPotato37G_full\earlyblt\earlyblt6208.jpg,early_blight,irish
D:\Potato\PlantVillage\Potato___Early_blight\bb38077f-ee91-4c0b-af46-f90b21b9e9db___RS_Early.B 7121.JPG,early_blight,plantvillage
D:\Potato\IrishPotato37G_full\earlyblt\earlyblt6735.jpg,early_blight,irish
D:\Potato\PlantVillage\Potato___healthy\23f1ab77-d664-49c4-92eb-41eb66c6d101___RS_HL 4169.JPG,healthy,plantvillage
D:\Potato\IrishPotato37G_full\healthy\healthy1286.jpg,healthy,irish
D:\Potato\IrishPotato37G_full\healthy\healthy3691.jpg,healthy,irish
D:\Potato\non_leaf\coco_person\000000217400.jpg,non_leaf,coco_person
D:\Potato\PlantVillage\Potato___Late_blight\c18a017c-262c-41ca-93f3-8fc97ffd7043___RS_LB 4770.JPG,late_blight,plantvillage
D:\Potato\PlantVillage\Potato___Early_blight\2d344be7-2d5f-4d27-aeb2-b92c8191b877___RS_Early.B 7173.JPG,early_blight,plantvillage
D:\Potato\IrishPotato37G_full\lateblt\lateblt1482.jpg,late_blight,irish
D:\Potato\IrishPotato37G_full\healthy\healthy3936.jpg,healthy,irish
D:\Potato\non_leaf\coco_person\000000176606.jpg,non_leaf,coco_person
D:\Potato\IrishPotato37G_full\healthy\healthy4460.jpg,healthy,irish
D:\Potato\IrishPotato37G_full\earlyblt\earlyblt436.jpg,early_blight,irish
D:\Potato\PlantVillage\Potato___Late_blight\12e2c9b5-fbfc-4bc9-898b-86ead976a615___RS_LB 2702.JPG,late_blight,plantvillage
D:\Potato\IrishPotato37G_full\healthy\healthy356.jpg,healthy,irish
D:\Potato\IrishPotato37G_full\healthy\healthy2075.jpg,healthy,irish
D:\Potato\PlantVillage\Potato___Late_blight\5ec337d4-aff8-4174-bae6-72c246db3ce0___RS_LB 3175.JPG,late_blight,plantvillage
D:\Potato\IrishPotato37G_full\healthy\healthy1781.jpg,healthy,irish
D:\Potato\PlantVillage\Potato___Late_blight\5576794b-902c-4df2-ae8d-da30faa37d5d___RS_LB 4443.JPG,late_blight,plantvillage
D:\Potato\PlantVillage\Potato___Late_blight\fabf3179-8fba-4551-93fe-28e7f6c0efc3___RS_LB 3269.JPG,late_blight,plantvillage
D:\Potato\IrishPotato37G_full\earlyblt\earlyblt6090.jpg,early_blight,irish
D:\Potato\IrishPotato37G_full\earlyblt\earlyblt4767.jpg,early_blight,irish
D:\Potato\IrishPotato37G_full\lateblt\lateblt2972.jpg,late_blight,irish
D:\Potato\IrishPotato37G_full\lateblt\lateblt653.jpg,late_blight,irish
D:\Potato\IrishPotato37G_full\earlyblt\earlyblt1173.jpg,early_blight,irish
D:\Potato\IrishPotato37G_full\earlyblt\earlyblt874.jpg,early_blight,irish
D:\Potato\IrishPotato37G_full\lateblt\lateblt1949.jpg,late_blight,irish
D:\Potato\IrishPotato37G_full\healthy\healthy3004.jpg,healthy,irish
D:\Potato\IrishPotato37G_full\lateblt\lateblt1424.jpg,late_blight,irish
D:\Potato\IrishPotato37G_full\lateblt\lateblt2978.jpg,late_blight,irish
D:\Potato\IrishPotato37G_full\healthy\healthy1385.jpg,healthy,irish
D:\Potato\IrishPotato37G_full\lateblt\lateblt162.jpg,late_blight,irish
D:\Potato\IrishPotato37G_full\earlyblt\earlyblt2021.jpg,early_blight,irish
D:\Potato\IrishPotato37G_full\lateblt\lateblt431.jpg,late_blight,irish
D:\Potato\IrishPotato37G_full\lateblt\lateblt1416.jpg,late_blight,irish
D:\Potato\IrishPotato37G_full\earlyblt\earlyblt946.jpg,early_blight,irish
D:\Potato\IrishPotato37G_full\earlyblt\earlyblt2673.jpg,early_blight,irish
D:\Potato\IrishPotato37G_full\lateblt\lateblt1381.jpg,late_blight,irish
D:\Potato\IrishPotato37G_full\healthy\healthy3960.jpg,healthy,irish
D:\Potato\IrishPotato37G_full\lateblt\lateblt601.jpg,late_blight,irish
D:\Potato\IrishPotato37G_full\lateblt\lateblt1190.jpg,late_blight,irish
D:\Potato\IrishPotato37G_full\healthy\healthy5257.jpg,healthy,irish
D:\Potato\IrishPotato37G_full\lateblt\lateblt38.jpg,late_blight,irish
D:\Potato\IrishPotato37G_full\earlyblt\earlyblt432.jpg,early_blight,irish
D:\Potato\IrishPotato37G_full\healthy\healthy512.jpg,healthy,irish
D:\Potato\IrishPotato37G_full\healthy\healthy1559.jpg,healthy,irish
D:\Potato\IrishPotato37G_full\healthy\healthy1762.jpg,healthy,irish
D:\Potato\IrishPotato37G_full\healthy\healthy4063.jpg,healthy,irish
D:\Potato\PlantVillage\Potato___Late_blight\d3cbf715-a2a3-4024-ac5d-c6ae21a77720___RS_LB 2735.JPG,late_blight,plantvillage
D:\Potato\IrishPotato37G_full\earlyblt\earlyblt357.jpg,early_blight,irish
D:\Potato\IrishPotato37G_full\earlyblt\earlyblt2976.jpg,early_blight,irish
D:\Potato\PlantVillage\Potato___Late_blight\3d544e81-b7f3-4853-bb65-c78b125d1a6a___RS_LB 3238.JPG,late_blight,plantvillage
D:\Potato\IrishPotato37G_full\healthy\healthy1608.jpg,healthy,irish
D:\Potato\IrishPotato37G_full\healthy\healthy2099.jpg,healthy,irish
D:\Potato\IrishPotato37G_full\earlyblt\earlyblt296.jpg,early_blight,irish
D:\Potato\non_leaf\coco_person\000000414385.jpg,non_leaf,coco_person
D:\Potato\IrishPotato37G_full\earlyblt\earlyblt1468.jpg,early_blight,irish
D:\Potato\non_leaf\coco_person\000000292024.jpg,non_leaf,coco_person
D:\Potato\IrishPotato37G_full\healthy\healthy2350.jpg,healthy,irish
D:\Potato\IrishPotato37G_full\healthy\healthy1285.jpg,healthy,irish
D:\Potato\IrishPotato37G_full\earlyblt\earlyblt392.jpg,early_blight,irish
D:\Potato\IrishPotato37G_full\earlyblt\earlyblt1191.jpg,early_blight,irish
D:\Potato\IrishPotato37G_full\healthy\healthy1123.jpg,healthy,irish
D:\Potato\IrishPotato37G_full\healthy\healthy4373.jpg,healthy,irish
D:\Potato\IrishPotato37G_full\earlyblt\earlyblt1423.jpg,early_blight,irish
D:\Potato\IrishPotato37G_full\lateblt\lateblt2179.jpg,late_blight,irish
D:\Potato\IrishPotato37G_full\healthy\healthy4469.jpg,healthy,irish
D:\Potato\IrishPotato37G_full\healthy\healthy547.jpg,healthy,irish
D:\Potato\IrishPotato37G_full\earlyblt\earlyblt1005.jpg,early_blight,irish
D:\Potato\IrishPotato37G_full\lateblt\lateblt1425.jpg,late_blight,irish
D:\Potato\IrishPotato37G_full\healthy\healthy2060.jpg,healthy,irish
D:\Potato\IrishPotato37G_full\healthy\healthy5.jpg,healthy,irish
D:\Potato\IrishPotato37G_full\earlyblt\earlyblt1747.jpg,early_blight,irish
D:\Potato\IrishPotato37G_full\healthy\healthy4712.jpg,healthy,irish
D:\Potato\IrishPotato37G_full\earlyblt\earlyblt1949.jpg,early_blight,irish
D:\Potato\PlantVillage\Potato___Early_blight\bb569e8c-4f57-481f-86d9-291ebd67336e___RS_Early.B 7543.JPG,early_blight,plantvillage
D:\Potato\IrishPotato37G_full\earlyblt\earlyblt1813.jpg,early_blight,irish
D:\Potato\IrishPotato37G_full\healthy\healthy3570.jpg,healthy,irish
D:\Potato\IrishPotato37G_full\earlyblt\earlyblt172.jpg,early_blight,irish
D:\Potato\IrishPotato37G_full\earlyblt\earlyblt2915.jpg,early_blight,irish
D:\Potato\non_leaf\coco_person\000000254368.jpg,non_leaf,coco_person
D:\Potato\IrishPotato37G_full\lateblt\lateblt2928.jpg,late_blight,irish
D:\Potato\IrishPotato37G_full\lateblt\lateblt2867.jpg,late_blight,irish
D:\Potato\IrishPotato37G_full\lateblt\lateblt2940.jpg,late_blight,irish
D:\Potato\IrishPotato37G_full\earlyblt\earlyblt2814.jpg,early_blight,irish
D:\Potato\PlantVillage\Potato___Late_blight\ea542556-e7f6-416c-8451-149916f4574e___RS_LB 3086.JPG,late_blight,plantvillage
D:\Potato\IrishPotato37G_full\lateblt\lateblt289.jpg,late_blight,irish
D:\Potato\non_leaf\coco_person\000000431876.jpg,non_leaf,coco_person
D:\Potato\IrishPotato37G_full\lateblt\lateblt5042.jpg,late_blight,irish
D:\Potato\IrishPotato37G_full\healthy\healthy72.jpg,healthy,irish
D:\Potato\IrishPotato37G_full\lateblt\lateblt974.jpg,late_blight,irish
D:\Potato\IrishPotato37G_full\healthy\healthy993.jpg,healthy,irish
D:\Potato\IrishPotato37G_full\earlyblt\earlyblt6915.jpg,early_blight,irish
D:\Potato\IrishPotato37G_full\earlyblt\earlyblt6607.jpg,early_blight,irish
D:\Potato\IrishPotato37G_full\healthy\healthy3933.jpg,healthy,irish
D:\Potato\IrishPotato37G_full\lateblt\lateblt1654.jpg,late_blight,irish
D:\Potato\non_leaf\coco_person\000000142620.jpg,non_leaf,coco_person
D:\Potato\IrishPotato37G_full\lateblt\lateblt2732.jpg,late_blight,irish
D:\Potato\IrishPotato37G_full\healthy\healthy319.jpg,healthy,irish
D:\Potato\IrishPotato37G_full\healthy\healthy2878.jpg,healthy,irish
D:\Potato\IrishPotato37G_full\healthy\healthy3638.jpg,healthy,irish
D:\Potato\PlantVillage\Potato___Late_blight\3171caea-9708-45dc-a60b-e347b3e74fb8___RS_LB 5256.JPG,late_blight,plantvillage
D:\Potato\IrishPotato37G_full\lateblt\lateblt2019.jpg,late_blight,irish
D:\Potato\IrishPotato37G_full\healthy\healthy4231.jpg,healthy,irish
D:\Potato\non_leaf\coco_person\000000252776.jpg,non_leaf,coco_person
D:\Potato\IrishPotato37G_full\lateblt\lateblt1908.jpg,late_blight,irish
D:\Potato\PlantVillage\Potato___Late_blight\faf67766-afc0-4f41-af0b-a3971fe325c7___RS_LB 4777.JPG,late_blight,plantvillage
D:\Potato\IrishPotato37G_full\earlyblt\earlyblt2313.jpg,early_blight,irish
D:\Potato\IrishPotato37G_full\healthy\healthy4491.jpg,healthy,irish
D:\Potato\PlantVillage\Potato___Late_blight\5b816f46-32b8-4a67-9e73-760e3358bd06___RS_LB 3226.JPG,late_blight,plantvillage
D:\Potato\PlantVillage\Potato___Late_blight\38c1c136-d91d-4527-aa8f-623a574a41d9___RS_LB 3042.JPG,late_blight,plantvillage
D:\Potato\PlantVillage\Potato___Late_blight\29d84246-f2a5-4c18-8ddc-2f2d38046ae2___RS_LB 2625.JPG,late_blight,plantvillage
D:\Potato\non_leaf\coco_person\000000410510.jpg,non_leaf,coco_person
D:\Potato\IrishPotato37G_full\lateblt\lateblt543.jpg,late_blight,irish
D:\Potato\IrishPotato37G_full\lateblt\lateblt2706.jpg,late_blight,irish
D:\Potato\PlantVillage\Potato___Early_blight\8be5bc25-febc-4bde-bd2b-01a54d3c6e3c___RS_Early.B 8760.JPG,early_blight,plantvillage
D:\Potato\IrishPotato37G_full\earlyblt\earlyblt2863.jpg,early_blight,irish
D:\Potato\IrishPotato37G_full\lateblt\lateblt1312.jpg,late_blight,irish
D:\Potato\IrishPotato37G_full\earlyblt\earlyblt2660.jpg,early_blight,irish
D:\Potato\IrishPotato37G_full\earlyblt\earlyblt2676.jpg,early_blight,irish
D:\Potato\IrishPotato37G_full\earlyblt\earlyblt2849.jpg,early_blight,irish
D:\Potato\IrishPotato37G_full\earlyblt\earlyblt2191.jpg,early_blight,irish
D:\Potato\IrishPotato37G_full\healthy\healthy3968.jpg,healthy,irish
D:\Potato\IrishPotato37G_full\earlyblt\earlyblt2769.jpg,early_blight,irish
D:\Potato\IrishPotato37G_full\lateblt\lateblt46.jpg,late_blight,irish
D:\Potato\IrishPotato37G_full\lateblt\lateblt181.jpg,late_blight,irish
D:\Potato\non_leaf\coco_person\000000045090.jpg,non_leaf,coco_person
D:\Potato\IrishPotato37G_full\earlyblt\earlyblt3904.jpg,early_blight,irish
D:\Potato\non_leaf\coco_person\000000437351.jpg,non_leaf,coco_person
D:\Potato\IrishPotato37G_full\healthy\healthy4048.jpg,healthy,irish
D:\Potato\IrishPotato37G_full\earlyblt\earlyblt2932.jpg,early_blight,irish
D:\Potato\IrishPotato37G_full\lateblt\lateblt1603.jpg,late_blight,irish
D:\Potato\IrishPotato37G_full\earlyblt\earlyblt868.jpg,early_blight,irish
D:\Potato\IrishPotato37G_full\healthy\healthy2097.jpg,healthy,irish
D:\Potato\IrishPotato37G_full\healthy\healthy890.jpg,healthy,irish
D:\Potato\PlantVillage\Potato___Late_blight\1a146bf4-5696-4e19-842e-9e0e1ac7ac6d___RS_LB 5023.JPG,late_blight,plantvillage
D:\Potato\IrishPotato37G_full\earlyblt\earlyblt695.jpg,early_blight,irish
D:\Potato\IrishPotato37G_full\healthy\healthy2001.jpg,healthy,irish
D:\Potato\IrishPotato37G_full\lateblt\lateblt843.jpg,late_blight,irish
D:\Potato\IrishPotato37G_full\earlyblt\earlyblt4731.jpg,early_blight,irish
D:\Potato\IrishPotato37G_full\earlyblt\earlyblt1916.jpg,early_blight,irish
D:\Potato\PlantVillage\Potato___healthy\799b10e8-ba67-4e08-9abe-748789572ad1___RS_HL 1881.JPG,healthy,plantvillage
D:\Potato\IrishPotato37G_full\healthy\healthy948.jpg,healthy,irish
D:\Potato\IrishPotato37G_full\lateblt\lateblt2723.jpg,late_blight,irish
D:\Potato\IrishPotato37G_full\earlyblt\earlyblt1638.jpg,early_blight,irish
D:\Potato\non_leaf\coco_person\000000125257.jpg,non_leaf,coco_person
D:\Potato\PlantVillage\Potato___healthy\04481ca2-f94c-457e-b785-1ac05800b7ec___RS_HL 1930.JPG,healthy,plantvillage
D:\Potato\IrishPotato37G_full\healthy\healthy1584.jpg,healthy,irish
D:\Potato\non_leaf\coco_person\000000188296.jpg,non_leaf,coco_person
D:\Potato\IrishPotato37G_full\healthy\healthy3698.jpg,healthy,irish
D:\Potato\IrishPotato37G_full\lateblt\lateblt562.jpg,late_blight,irish
D:\Potato\IrishPotato37G_full\lateblt\lateblt1913.jpg,late_blight,irish
D:\Potato\non_leaf\coco_person\000000415748.jpg,non_leaf,coco_person
D:\Potato\IrishPotato37G_full\healthy\healthy2384.jpg,healthy,irish
D:\Potato\non_leaf\coco_person\000000308394.jpg,non_leaf,coco_person
D:\Potato\IrishPotato37G_full\healthy\healthy5113.jpg,healthy,irish
D:\Potato\IrishPotato37G_full\lateblt\lateblt823.jpg,late_blight,irish
D:\Potato\IrishPotato37G_full\healthy\healthy4367.jpg,healthy,irish
D:\Potato\IrishPotato37G_full\lateblt\lateblt424.jpg,late_blight,irish
D:\Potato\non_leaf\coco_person\000000401244.jpg,non_leaf,coco_person
D:\Potato\PlantVillage\Potato___Early_blight\4f20f0e5-b870-414c-99a0-136575a61ce5___RS_Early.B 6724.JPG,early_blight,plantvillage
D:\Potato\PlantVillage\Potato___Early_blight\9fa151cd-43d7-42e1-9235-72f58c584a4b___RS_Early.B 8581.JPG,early_blight,plantvillage
D:\Potato\IrishPotato37G_full\healthy\healthy21.jpg,healthy,irish
D:\Potato\IrishPotato37G_full\lateblt\lateblt252.jpg,late_blight,irish
D:\Potato\IrishPotato37G_full\earlyblt\earlyblt239.jpg,early_blight,irish
D:\Potato\IrishPotato37G_full\lateblt\lateblt516.jpg,late_blight,irish
D:\Potato\PlantVillage\Potato___Late_blight\782bc9dd-286b-46ee-b896-fa5520f57b0c___RS_LB 4408.JPG,late_blight,plantvillage
D:\Potato\PlantVillage\Potato___Early_blight\ac40d7e9-e650-40f1-b894-22f495febefd___RS_Early.B 7276.JPG,early_blight,plantvillage
D:\Potato\IrishPotato37G_full\earlyblt\earlyblt1434.jpg,early_blight,irish
D:\Potato\PlantVillage\Potato___Early_blight\22d1678a-3abd-4fe6-ac13-b654e2589280___RS_Early.B 8523.JPG,early_blight,plantvillage
D:\Potato\non_leaf\coco_person\000000055022.jpg,non_leaf,coco_person
D:\Potato\IrishPotato37G_full\healthy\healthy3341.jpg,healthy,irish
D:\Potato\IrishPotato37G_full\earlyblt\earlyblt3163.jpg,early_blight,irish
D:\Potato\IrishPotato37G_full\earlyblt\earlyblt2887.jpg,early_blight,irish
D:\Potato\IrishPotato37G_full\lateblt\lateblt1668.jpg,late_blight,irish
D:\Potato\IrishPotato37G_full\healthy\healthy4902.jpg,healthy,irish
D:\Potato\IrishPotato37G_full\earlyblt\earlyblt3247.jpg,early_blight,irish
D:\Potato\IrishPotato37G_full\earlyblt\earlyblt2310.jpg,early_blight,irish
D:\Potato\IrishPotato37G_full\healthy\healthy125.jpg,healthy,irish
D:\Potato\IrishPotato37G_full\healthy\healthy3953.jpg,healthy,irish
D:\Potato\PlantVillage\Potato___Early_blight\a02f78b3-da52-400a-ab11-7184df9ea485___RS_Early.B 8403.JPG,early_blight,plantvillage
D:\Potato\PlantVillage\Potato___Late_blight\d4d37fcb-95c0-4e20-809c-6b92e6a565f3___RS_LB 5110.JPG,late_blight,plantvillage
D:\Potato\PlantVillage\Potato___Early_blight\a1dd3cdf-0ff5-49f6-b66e-9b3632a07019___RS_Early.B 7833.JPG,early_blight,plantvillage
D:\Potato\IrishPotato37G_full\earlyblt\earlyblt6348.jpg,early_blight,irish
D:\Potato\IrishPotato37G_full\healthy\healthy1639.jpg,healthy,irish
D:\Potato\non_leaf\coco_person\000000387916.jpg,non_leaf,coco_person
D:\Potato\non_leaf\coco_person\000000192964.jpg,non_leaf,coco_person
D:\Potato\IrishPotato37G_full\lateblt\lateblt427.jpg,late_blight,irish
D:\Potato\PlantVillage\Potato___Early_blight\83f244c6-e33e-4fbb-a9ef-3996cd25a547___RS_Early.B 8700.JPG,early_blight,plantvillage
D:\Potato\IrishPotato37G_full\healthy\healthy510.jpg,healthy,irish
D:\Potato\IrishPotato37G_full\earlyblt\earlyblt1969.jpg,early_blight,irish
D:\Potato\IrishPotato37G_full\healthy\healthy2102.jpg,healthy,irish
D:\Potato\IrishPotato37G_full\lateblt\lateblt1999.jpg,late_blight,irish
D:\Potato\IrishPotato37G_full\healthy\healthy614.jpg,healthy,irish
D:\Potato\PlantVillage\Potato___Early_blight\129b1c3a-4f7d-4c45-ae03-2a4c3eb17dd4___RS_Early.B 7413.JPG,early_blight,plantvillage
D:\Potato\IrishPotato37G_full\earlyblt\earlyblt3018.jpg,early_blight,irish
D:\Potato\IrishPotato37G_full\earlyblt\earlyblt119.jpg,early_blight,irish
D:\Potato\IrishPotato37G_full\lateblt\lateblt2528.jpg,late_blight,irish
D:\Potato\PlantVillage\Potato___Late_blight\fdb7d904-91df-4f00-85bd-0fb038723329___RS_LB 2628.JPG,late_blight,plantvillage
D:\Potato\PlantVillage\Potato___Early_blight\54eebf69-9501-4f9e-b923-1ef61f31d93c___RS_Early.B 7098.JPG,early_blight,plantvillage
D:\Potato\PlantVillage\Potato___Late_blight\b57c6336-3be6-4021-b240-8547da86d218___RS_LB 5007.JPG,late_blight,plantvillage
D:\Potato\IrishPotato37G_full\earlyblt\earlyblt4846.jpg,early_blight,irish
D:\Potato\IrishPotato37G_full\earlyblt\earlyblt2627.jpg,early_blight,irish
D:\Potato\PlantVillage\Potato___Late_blight\e465af98-028c-4222-b300-d9688b613d89___RS_LB 5137.JPG,late_blight,plantvillage
D:\Potato\IrishPotato37G_full\earlyblt\earlyblt974.jpg,early_blight,irish
D:\Potato\non_leaf\coco_person\000000523033.jpg,non_leaf,coco_person
D:\Potato\IrishPotato37G_full\healthy\healthy3585.jpg,healthy,irish
D:\Potato\IrishPotato37G_full\healthy\healthy4112.jpg,healthy,irish
D:\Potato\IrishPotato37G_full\lateblt\lateblt70.jpg,late_blight,irish
D:\Potato\IrishPotato37G_full\lateblt\lateblt602.jpg,late_blight,irish
D:\Potato\non_leaf\coco_person\000000391722.jpg,non_leaf,coco_person
D:\Potato\IrishPotato37G_full\healthy\healthy4698.jpg,healthy,irish
D:\Potato\PlantVillage\Potato___Early_blight\0a0744dc-8486-4fbb-a44b-4d63e6db6197___RS_Early.B 7575.JPG,early_blight,plantvillage
D:\Potato\IrishPotato37G_full\lateblt\lateblt1689.jpg,late_blight,irish
D:\Potato\IrishPotato37G_full\lateblt\lateblt2501.jpg,late_blight,irish
D:\Potato\PlantVillage\Potato___Late_blight\bb1949c9-c779-4490-b1cc-d82302bc1df9___RS_LB 2901.JPG,late_blight,plantvillage
D:\Potato\non_leaf\coco_person\000000374545.jpg,non_leaf,coco_person
D:\Potato\IrishPotato37G_full\healthy\healthy2815.jpg,healthy,irish
D:\Potato\IrishPotato37G_full\earlyblt\earlyblt1758.jpg,early_blight,irish
D:\Potato\IrishPotato37G_full\lateblt\lateblt2122.jpg,late_blight,irish
D:\Potato\IrishPotato37G_full\earlyblt\earlyblt3589.jpg,early_blight,irish
D:\Potato\IrishPotato37G_full\lateblt\lateblt2135.jpg,late_blight,irish
D:\Potato\PlantVillage\Potato___Early_blight\7fb3dc5c-f90b-46fe-8eb6-2d21038976ff___RS_Early.B 7256.JPG,early_blight,plantvillage
D:\Potato\IrishPotato37G_full\lateblt\lateblt2970.jpg,late_blight,irish
D:\Potato\non_leaf\coco_person\000000187585.jpg,non_leaf,coco_person
D:\Potato\non_leaf\coco_person\000000079229.jpg,non_leaf,coco_person
D:\Potato\IrishPotato37G_full\healthy\healthy4958.jpg,healthy,irish
D:\Potato\IrishPotato37G_full\lateblt\lateblt2780.jpg,late_blight,irish
D:\Potato\IrishPotato37G_full\healthy\healthy2265.jpg,healthy,irish
D:\Potato\IrishPotato37G_full\earlyblt\earlyblt4671.jpg,early_blight,irish
D:\Potato\IrishPotato37G_full\healthy\healthy5405.jpg,healthy,irish
D:\Potato\IrishPotato37G_full\lateblt\lateblt1528.jpg,late_blight,irish
D:\Potato\IrishPotato37G_full\lateblt\lateblt1131.jpg,late_blight,irish
D:\Potato\PlantVillage\Potato___Late_blight\146c4ea6-cf74-4607-9b8e-19c69c85ec86___RS_LB 4641.JPG,late_blight,plantvillage
D:\Potato\IrishPotato37G_full\lateblt\lateblt2977.jpg,late_blight,irish
D:\Potato\IrishPotato37G_full\earlyblt\earlyblt713.jpg,early_blight,irish
D:\Potato\non_leaf\coco_person\000000467848.jpg,non_leaf,coco_person
D:\Potato\PlantVillage\Potato___healthy\14484ea5-9c34-427c-abe4-2743265aced0___RS_HL 4204.JPG,healthy,plantvillage
D:\Potato\IrishPotato37G_full\earlyblt\earlyblt6265.jpg,early_blight,irish
D:\Potato\IrishPotato37G_full\healthy\healthy380.jpg,healthy,irish
D:\Potato\IrishPotato37G_full\earlyblt\earlyblt3000.jpg,early_blight,irish
D:\Potato\IrishPotato37G_full\lateblt\lateblt1958.jpg,late_blight,irish
D:\Potato\IrishPotato37G_full\earlyblt\earlyblt764.jpg,early_blight,irish
D:\Potato\PlantVillage\Potato___Late_blight\d1a28228-aae8-4348-b7a1-545dcf72d842___RS_LB 3875.JPG,late_blight,plantvillage
D:\Potato\IrishPotato37G_full\lateblt\lateblt1481.jpg,late_blight,irish
D:\Potato\IrishPotato37G_full\lateblt\lateblt127.jpg,late_blight,irish
D:\Potato\IrishPotato37G_full\lateblt\lateblt34.jpg,late_blight,irish
D:\Potato\IrishPotato37G_full\lateblt\lateblt1902.jpg,late_blight,irish
D:\Potato\non_leaf\coco_person\000000439994.jpg,non_leaf,coco_person
D:\Potato\IrishPotato37G_full\healthy\healthy1227.jpg,healthy,irish
D:\Potato\IrishPotato37G_full\healthy\healthy1686.jpg,healthy,irish
D:\Potato\IrishPotato37G_full\lateblt\lateblt1120.jpg,late_blight,irish
D:\Potato\IrishPotato37G_full\healthy\healthy2151.jpg,healthy,irish
D:\Potato\PlantVillage\Potato___Late_blight\12d72127-7880-4481-b3c6-caff04116a86___RS_LB 2632.JPG,late_blight,plantvillage
D:\Potato\IrishPotato37G_full\healthy\healthy4090.jpg,healthy,irish
D:\Potato\PlantVillage\Potato___healthy\fd92bd9c-02cb-4599-8673-9316159504a1___RS_HL 1927.JPG,healthy,plantvillage
D:\Potato\IrishPotato37G_full\lateblt\lateblt703.jpg,late_blight,irish
D:\Potato\IrishPotato37G_full\lateblt\lateblt1192.jpg,late_blight,irish
D:\Potato\IrishPotato37G_full\healthy\healthy3648.jpg,healthy,irish
D:\Potato\PlantVillage\Potato___Early_blight\0d987d4a-26bc-4f74-8a16-12f8969dfed8___RS_Early.B 7013.JPG,early_blight,plantvillage
D:\Potato\PlantVillage\Potato___Early_blight\089fb289-4bea-48b6-a29a-3a1d268d9dd3___RS_Early.B 8081.JPG,early_blight,plantvillage
D:\Potato\IrishPotato37G_full\healthy\healthy2950.jpg,healthy,irish
D:\Potato\IrishPotato37G_full\earlyblt\earlyblt1756.jpg,early_blight,irish
D:\Potato\non_leaf\coco_person\000000190676.jpg,non_leaf,coco_person
D:\Potato\IrishPotato37G_full\lateblt\lateblt2420.jpg,late_blight,irish
D:\Potato\IrishPotato37G_full\healthy\healthy2192.jpg,healthy,irish
D:\Potato\IrishPotato37G_full\healthy\healthy4411.jpg,healthy,irish
D:\Potato\IrishPotato37G_full\lateblt\lateblt183.jpg,late_blight,irish
D:\Potato\IrishPotato37G_full\earlyblt\earlyblt2952.jpg,early_blight,irish
D:\Potato\IrishPotato37G_full\lateblt\lateblt536.jpg,late_blight,irish
D:\Potato\IrishPotato37G_full\lateblt\lateblt494.jpg,late_blight,irish
D:\Potato\IrishPotato37G_full\earlyblt\earlyblt326.jpg,early_blight,irish
D:\Potato\PlantVillage\Potato___Early_blight\d24073c7-875b-4e86-b8cd-58853f13c191___RS_Early.B 6761.JPG,early_blight,plantvillage
D:\Potato\IrishPotato37G_full\lateblt\lateblt2475.jpg,late_blight,irish
D:\Potato\IrishPotato37G_full\lateblt\lateblt663.jpg,late_blight,irish
D:\Potato\IrishPotato37G_full\healthy\healthy866.jpg,healthy,irish
D:\Potato\PlantVillage\Potato___Early_blight\625f9c30-b56a-4e4e-9b34-aab8d2385d02___RS_Early.B 7226.JPG,early_blight,plantvillage
D:\Potato\IrishPotato37G_full\healthy\healthy5658.jpg,healthy,irish
D:\Potato\IrishPotato37G_full\healthy\healthy4257.jpg,healthy,irish
D:\Potato\IrishPotato37G_full\earlyblt\earlyblt5897.jpg,early_blight,irish
D:\Potato\IrishPotato37G_full\healthy\healthy3757.jpg,healthy,irish
D:\Potato\IrishPotato37G_full\earlyblt\earlyblt2525.jpg,early_blight,irish
D:\Potato\IrishPotato37G_full\earlyblt\earlyblt2903.jpg,early_blight,irish
D:\Potato\IrishPotato37G_full\earlyblt\earlyblt2285.jpg,early_blight,irish
D:\Potato\IrishPotato37G_full\earlyblt\earlyblt2363.jpg,early_blight,irish
D:\Potato\IrishPotato37G_full\earlyblt\earlyblt2767.jpg,early_blight,irish
D:\Potato\IrishPotato37G_full\earlyblt\earlyblt6024.jpg,early_blight,irish
D:\Potato\IrishPotato37G_full\healthy\healthy1294.jpg,healthy,irish
D:\Potato\IrishPotato37G_full\lateblt\lateblt924.jpg,late_blight,irish
D:\Potato\non_leaf\coco_person\000000158660.jpg,non_leaf,coco_person
D:\Potato\IrishPotato37G_full\healthy\healthy2861.jpg,healthy,irish
D:\Potato\IrishPotato37G_full\earlyblt\earlyblt4884.jpg,early_blight,irish
D:\Potato\IrishPotato37G_full\earlyblt\earlyblt6021.jpg,early_blight,irish
D:\Potato\PlantVillage\Potato___Late_blight\073a7489-b8dd-4efc-8393-7f024fe8542a___RS_LB 2617.JPG,late_blight,plantvillage
D:\Potato\non_leaf\coco_person\000000005586.jpg,non_leaf,coco_person
D:\Potato\IrishPotato37G_full\healthy\healthy5412.jpg,healthy,irish
D:\Potato\IrishPotato37G_full\earlyblt\earlyblt4941.jpg,early_blight,irish
D:\Potato\non_leaf\coco_person\000000213605.jpg,non_leaf,coco_person
D:\Potato\IrishPotato37G_full\lateblt\lateblt142.jpg,late_blight,irish
D:\Potato\IrishPotato37G_full\lateblt\lateblt2468.jpg,late_blight,irish
D:\Potato\PlantVillage\Potato___Late_blight\a1f3508d-496b-4dd5-a820-d30acafd7d9b___RS_LB 2970.JPG,late_blight,plantvillage
D:\Potato\IrishPotato37G_full\healthy\healthy2886.jpg,healthy,irish
D:\Potato\IrishPotato37G_full\lateblt\lateblt1119.jpg,late_blight,irish
D:\Potato\IrishPotato37G_full\healthy\healthy5298.jpg,healthy,irish
D:\Potato\IrishPotato37G_full\earlyblt\earlyblt3108.jpg,early_blight,irish
D:\Potato\IrishPotato37G_full\healthy\healthy3158.jpg,healthy,irish
D:\Potato\IrishPotato37G_full\healthy\healthy5241.jpg,healthy,irish
D:\Potato\IrishPotato37G_full\healthy\healthy3106.jpg,healthy,irish
D:\Potato\IrishPotato37G_full\lateblt\lateblt2409.jpg,late_blight,irish
D:\Potato\IrishPotato37G_full\lateblt\lateblt433.jpg,late_blight,irish
D:\Potato\IrishPotato37G_full\earlyblt\earlyblt3286.jpg,early_blight,irish
D:\Potato\IrishPotato37G_full\earlyblt\earlyblt4888.jpg,early_blight,irish
D:\Potato\IrishPotato37G_full\lateblt\lateblt2526.jpg,late_blight,irish
D:\Potato\IrishPotato37G_full\earlyblt\earlyblt3559.jpg,early_blight,irish
D:\Potato\PlantVillage\Potato___Late_blight\72e10017-f8a6-4813-8036-0cde4dad6057___RS_LB 4666.JPG,late_blight,plantvillage
D:\Potato\IrishPotato37G_full\lateblt\lateblt1109.jpg,late_blight,irish
D:\Potato\IrishPotato37G_full\earlyblt\earlyblt2486.jpg,early_blight,irish
D:\Potato\IrishPotato37G_full\earlyblt\earlyblt1494.jpg,early_blight,irish
D:\Potato\IrishPotato37G_full\lateblt\lateblt1584.jpg,late_blight,irish
D:\Potato\IrishPotato37G_full\healthy\healthy70.jpg,healthy,irish
D:\Potato\IrishPotato37G_full\lateblt\lateblt1998.jpg,late_blight,irish
D:\Potato\IrishPotato37G_full\lateblt\lateblt2904.jpg,late_blight,irish
D:\Potato\IrishPotato37G_full\lateblt\lateblt1590.jpg,late_blight,irish
D:\Potato\IrishPotato37G_full\earlyblt\earlyblt2639.jpg,early_blight,irish
D:\Potato\non_leaf\coco_person\000000505638.jpg,non_leaf,coco_person
D:\Potato\IrishPotato37G_full\lateblt\lateblt2434.jpg,late_blight,irish
D:\Potato\IrishPotato37G_full\earlyblt\earlyblt3961.jpg,early_blight,irish
D:\Potato\IrishPotato37G_full\lateblt\lateblt1402.jpg,late_blight,irish
D:\Potato\IrishPotato37G_full\earlyblt\earlyblt258.jpg,early_blight,irish
D:\Potato\IrishPotato37G_full\healthy\healthy4243.jpg,healthy,irish
D:\Potato\PlantVillage\Potato___Late_blight\c1389cbc-d327-478b-92b3-550c3210ed5a___RS_LB 4025.JPG,late_blight,plantvillage
D:\Potato\PlantVillage\Potato___Early_blight\cb615e16-034f-465a-89a6-91e091698723___RS_Early.B 6796.JPG,early_blight,plantvillage
D:\Potato\IrishPotato37G_full\lateblt\lateblt2898.jpg,late_blight,irish
D:\Potato\non_leaf\coco_person\000000506656.jpg,non_leaf,coco_person
D:\Potato\IrishPotato37G_full\lateblt\lateblt907.jpg,late_blight,irish
D:\Potato\IrishPotato37G_full\healthy\healthy4956.jpg,healthy,irish
D:\Potato\IrishPotato37G_full\earlyblt\earlyblt4787.jpg,early_blight,irish
D:\Potato\PlantVillage\Potato___Early_blight\5585ecfc-6e6e-4544-8e6d-180d958b7211___RS_Early.B 7619.JPG,early_blight,plantvillage
D:\Potato\IrishPotato37G_full\healthy\healthy3622.jpg,healthy,irish
D:\Potato\IrishPotato37G_full\lateblt\lateblt400.jpg,late_blight,irish
D:\Potato\IrishPotato37G_full\lateblt\lateblt2678.jpg,late_blight,irish
D:\Potato\IrishPotato37G_full\earlyblt\earlyblt1535.jpg,early_blight,irish
D:\Potato\IrishPotato37G_full\healthy\healthy934.jpg,healthy,irish
D:\Potato\IrishPotato37G_full\lateblt\lateblt1140.jpg,late_blight,irish
D:\Potato\IrishPotato37G_full\healthy\healthy3768.jpg,healthy,irish
D:\Potato\IrishPotato37G_full\healthy\healthy1577.jpg,healthy,irish
D:\Potato\IrishPotato37G_full\lateblt\lateblt2297.jpg,late_blight,irish
D:\Potato\IrishPotato37G_full\earlyblt\earlyblt6734.jpg,early_blight,irish
D:\Potato\IrishPotato37G_full\earlyblt\earlyblt3480.jpg,early_blight,irish
D:\Potato\non_leaf\coco_person\000000024243.jpg,non_leaf,coco_person
D:\Potato\IrishPotato37G_full\lateblt\lateblt788.jpg,late_blight,irish
D:\Potato\IrishPotato37G_full\healthy\healthy1519.jpg,healthy,irish
D:\Potato\IrishPotato37G_full\lateblt\lateblt2156.jpg,late_blight,irish
D:\Potato\IrishPotato37G_full\lateblt\lateblt5010.jpg,late_blight,irish
D:\Potato\IrishPotato37G_full\earlyblt\earlyblt669.jpg,early_blight,irish
D:\Potato\PlantVillage\Potato___Late_blight\2572d994-464a-461e-a0c8-597dc2229c09___RS_LB 2763.JPG,late_blight,plantvillage
D:\Potato\IrishPotato37G_full\earlyblt\earlyblt314.jpg,early_blight,irish
D:\Potato\IrishPotato37G_full\lateblt\lateblt1503.jpg,late_blight,irish
D:\Potato\IrishPotato37G_full\earlyblt\earlyblt968.jpg,early_blight,irish
D:\Potato\PlantVillage\Potato___Early_blight\bc7552e4-3901-41b8-8bef-727eeca4270e___RS_Early.B 7942.JPG,early_blight,plantvillage
D:\Potato\IrishPotato37G_full\earlyblt\earlyblt302.jpg,early_blight,irish
D:\Potato\IrishPotato37G_full\healthy\healthy97.jpg,healthy,irish
D:\Potato\IrishPotato37G_full\lateblt\lateblt2435.jpg,late_blight,irish
D:\Potato\IrishPotato37G_full\lateblt\lateblt33.jpg,late_blight,irish
D:\Potato\IrishPotato37G_full\earlyblt\earlyblt1435.jpg,early_blight,irish
D:\Potato\IrishPotato37G_full\earlyblt\earlyblt4680.jpg,early_blight,irish
D:\Potato\IrishPotato37G_full\lateblt\lateblt570.jpg,late_blight,irish
D:\Potato\IrishPotato37G_full\earlyblt\earlyblt1097.jpg,early_blight,irish
D:\Potato\PlantVillage\Potato___Early_blight\4e40c113-4ab2-4a71-9ecc-5ceb67905190___RS_Early.B 7446.JPG,early_blight,plantvillage
D:\Potato\IrishPotato37G_full\earlyblt\earlyblt123.jpg,early_blight,irish
D:\Potato\PlantVillage\Potato___Late_blight\9d0f96e2-93c7-4202-b1d1-6f878c066be7___RS_LB 3106.JPG,late_blight,plantvillage
D:\Potato\non_leaf\coco_person\000000570834.jpg,non_leaf,coco_person
D:\Potato\non_leaf\coco_person\000000250901.jpg,non_leaf,coco_person
D:\Potato\IrishPotato37G_full\earlyblt\earlyblt3878.jpg,early_blight,irish
D:\Potato\IrishPotato37G_full\earlyblt\earlyblt294.jpg,early_blight,irish
D:\Potato\IrishPotato37G_full\healthy\healthy3339.jpg,healthy,irish
D:\Potato\IrishPotato37G_full\lateblt\lateblt1942.jpg,late_blight,irish
D:\Potato\IrishPotato37G_full\earlyblt\earlyblt2889.jpg,early_blight,irish
D:\Potato\IrishPotato37G_full\earlyblt\earlyblt2287.jpg,early_blight,irish
D:\Potato\IrishPotato37G_full\healthy\healthy1647.jpg,healthy,irish
D:\Potato\IrishPotato37G_full\lateblt\lateblt402.jpg,late_blight,irish
D:\Potato\IrishPotato37G_full\healthy\healthy1761.jpg,healthy,irish
D:\Potato\IrishPotato37G_full\earlyblt\earlyblt143.jpg,early_blight,irish
D:\Potato\IrishPotato37G_full\lateblt\lateblt110.jpg,late_blight,irish
D:\Potato\PlantVillage\Potato___Early_blight\902d81fd-7e78-44b6-b71b-efa61e018c65___RS_Early.B 8100.JPG,early_blight,plantvillage
D:\Potato\IrishPotato37G_full\lateblt\lateblt2559.jpg,late_blight,irish
D:\Potato\non_leaf\coco_person\000000162092.jpg,non_leaf,coco_person
D:\Potato\IrishPotato37G_full\earlyblt\earlyblt3040.jpg,early_blight,irish
D:\Potato\IrishPotato37G_full\healthy\healthy3679.jpg,healthy,irish
D:\Potato\IrishPotato37G_full\earlyblt\earlyblt4814.jpg,early_blight,irish
D:\Potato\IrishPotato37G_full\lateblt\lateblt2131.jpg,late_blight,irish
D:\Potato\IrishPotato37G_full\earlyblt\earlyblt6642.jpg,early_blight,irish
D:\Potato\IrishPotato37G_full\lateblt\lateblt1388.jpg,late_blight,irish
D:\Potato\PlantVillage\Potato___Late_blight\71f6c664-3b77-45ef-a1de-e00685c78add___RS_LB 4441.JPG,late_blight,plantvillage
D:\Potato\IrishPotato37G_full\lateblt\lateblt73.jpg,late_blight,irish
D:\Potato\IrishPotato37G_full\earlyblt\earlyblt6345.jpg,early_blight,irish
D:\Potato\IrishPotato37G_full\healthy\healthy2825.jpg,healthy,irish
D:\Potato\IrishPotato37G_full\earlyblt\earlyblt2436.jpg,early_blight,irish
D:\Potato\IrishPotato37G_full\lateblt\lateblt2694.jpg,late_blight,irish
D:\Potato\IrishPotato37G_full\earlyblt\earlyblt3994.jpg,early_blight,irish
D:\Potato\IrishPotato37G_full\lateblt\lateblt2189.jpg,late_blight,irish
D:\Potato\PlantVillage\Potato___Early_blight\34d7e068-10e6-4ea0-8547-c90937fccbbc___RS_Early.B 8198.JPG,early_blight,plantvillage
D:\Potato\IrishPotato37G_full\healthy\healthy3730.jpg,healthy,irish
D:\Potato\IrishPotato37G_full\healthy\healthy2462.jpg,healthy,irish
D:\Potato\IrishPotato37G_full\healthy\healthy5613.jpg,healthy,irish
D:\Potato\IrishPotato37G_full\earlyblt\earlyblt719.jpg,early_blight,irish
D:\Potato\IrishPotato37G_full\healthy\healthy3418.jpg,healthy,irish
D:\Potato\IrishPotato37G_full\earlyblt\earlyblt6320.jpg,early_blight,irish
D:\Potato\IrishPotato37G_full\lateblt\lateblt42.jpg,late_blight,irish
D:\Potato\non_leaf\coco_person\000000252776.jpg,non_leaf,coco_person
D:\Potato\IrishPotato37G_full\lateblt\lateblt1559.jpg,late_blight,irish
D:\Potato\IrishPotato37G_full\lateblt\lateblt2736.jpg,late_blight,irish
D:\Potato\IrishPotato37G_full\lateblt\lateblt2558.jpg,late_blight,irish
D:\Potato\IrishPotato37G_full\earlyblt\earlyblt6745.jpg,early_blight,irish
D:\Potato\IrishPotato37G_full\healthy\healthy558.jpg,healthy,irish
D:\Potato\IrishPotato37G_full\healthy\healthy5263.jpg,healthy,irish
D:\Potato\IrishPotato37G_full\earlyblt\earlyblt6071.jpg,early_blight,irish
D:\Potato\IrishPotato37G_full\earlyblt\earlyblt1989.jpg,early_blight,irish
D:\Potato\IrishPotato37G_full\healthy\healthy4000.jpg,healthy,irish
D:\Potato\IrishPotato37G_full\healthy\healthy96.jpg,healthy,irish
D:\Potato\IrishPotato37G_full\healthy\healthy4362.jpg,healthy,irish
D:\Potato\IrishPotato37G_full\healthy\healthy3335.jpg,healthy,irish
D:\Potato\IrishPotato37G_full\healthy\healthy813.jpg,healthy,irish
D:\Potato\IrishPotato37G_full\earlyblt\earlyblt755.jpg,early_blight,irish
D:\Potato\IrishPotato37G_full\healthy\healthy3467.jpg,healthy,irish
D:\Potato\PlantVillage\Potato___Early_blight\d4cd2357-1142-4f0c-8c44-201241a27573___RS_Early.B 9146.JPG,early_blight,plantvillage
D:\Potato\IrishPotato37G_full\healthy\healthy1521.jpg,healthy,irish
D:\Potato\IrishPotato37G_full\healthy\healthy2767.jpg,healthy,irish
D:\Potato\IrishPotato37G_full\earlyblt\earlyblt274.jpg,early_blight,irish
D:\Potato\IrishPotato37G_full\healthy\healthy3474.jpg,healthy,irish
D:\Potato\IrishPotato37G_full\earlyblt\earlyblt768.jpg,early_blight,irish
D:\Potato\IrishPotato37G_full\healthy\healthy4192.jpg,healthy,irish
D:\Potato\IrishPotato37G_full\lateblt\lateblt1959.jpg,late_blight,irish
D:\Potato\IrishPotato37G_full\earlyblt\earlyblt6307.jpg,early_blight,irish
D:\Potato\PlantVillage\Potato___Late_blight\40285dce-33de-4a59-82f4-2eb1d6d38469___RS_LB 4929.JPG,late_blight,plantvillage
D:\Potato\IrishPotato37G_full\lateblt\lateblt626.jpg,late_blight,irish
D:\Potato\IrishPotato37G_full\healthy\healthy3603.jpg,healthy,irish
D:\Potato\IrishPotato37G_full\lateblt\lateblt1642.jpg,late_blight,irish
D:\Potato\IrishPotato37G_full\healthy\healthy3560.jpg,healthy,irish
D:\Potato\IrishPotato37G_full\lateblt\lateblt2922.jpg,late_blight,irish
D:\Potato\PlantVillage\Potato___Late_blight\02282fee-ba3f-460e-91e0-630204ab96c2___RS_LB 5031.JPG,late_blight,plantvillage
D:\Potato\IrishPotato37G_full\earlyblt\earlyblt2934.jpg,early_blight,irish
D:\Potato\IrishPotato37G_full\healthy\healthy5432.jpg,healthy,irish
D:\Potato\IrishPotato37G_full\earlyblt\earlyblt608.jpg,early_blight,irish
D:\Potato\PlantVillage\Potato___Early_blight\a3fe02f0-6d49-4e9a-ba9a-ac26e8b65ca9___RS_Early.B 7560.JPG,early_blight,plantvillage
D:\Potato\IrishPotato37G_full\earlyblt\earlyblt2010.jpg,early_blight,irish
D:\Potato\IrishPotato37G_full\healthy\healthy2768.jpg,healthy,irish
D:\Potato\IrishPotato37G_full\earlyblt\earlyblt1944.jpg,early_blight,irish
D:\Potato\IrishPotato37G_full\earlyblt\earlyblt2245.jpg,early_blight,irish
D:\Potato\IrishPotato37G_full\earlyblt\earlyblt3504.jpg,early_blight,irish
D:\Potato\IrishPotato37G_full\earlyblt\earlyblt3969.jpg,early_blight,irish
D:\Potato\IrishPotato37G_full\lateblt\lateblt43.jpg,late_blight,irish
D:\Potato\IrishPotato37G_full\healthy\healthy4259.jpg,healthy,irish
D:\Potato\IrishPotato37G_full\healthy\healthy2017.jpg,healthy,irish
D:\Potato\IrishPotato37G_full\healthy\healthy1563.jpg,healthy,irish
D:\Potato\PlantVillage\Potato___Early_blight\879d0dfe-d17d-486a-992c-d80089133c50___RS_Early.B 7428.JPG,early_blight,plantvillage
D:\Potato\PlantVillage\Potato___Late_blight\bb19c5f3-2937-4c87-b964-d922088f4b19___RS_LB 4950.JPG,late_blight,plantvillage
D:\Potato\PlantVillage\Potato___Late_blight\8192a596-e2e9-4451-a33d-a92a26a739ee___RS_LB 2624.JPG,late_blight,plantvillage
D:\Potato\IrishPotato37G_full\earlyblt\earlyblt2355.jpg,early_blight,irish
D:\Potato\IrishPotato37G_full\lateblt\lateblt1311.jpg,late_blight,irish
D:\Potato\PlantVillage\Potato___Early_blight\86e98583-f506-4cb7-ba11-eea466662ec7___RS_Early.B 7335.JPG,early_blight,plantvillage
D:\Potato\IrishPotato37G_full\healthy\healthy619.jpg,healthy,irish
D:\Potato\IrishPotato37G_full\earlyblt\earlyblt2112.jpg,early_blight,irish
D:\Potato\IrishPotato37G_full\earlyblt\earlyblt6943.jpg,early_blight,irish
D:\Potato\IrishPotato37G_full\earlyblt\earlyblt2315.jpg,early_blight,irish
D:\Potato\IrishPotato37G_full\healthy\healthy5271.jpg,healthy,irish
D:\Potato\PlantVillage\Potato___Late_blight\cd413b65-05b0-4bbd-9896-4951d11e920d___RS_LB 4575.JPG,late_blight,plantvillage
D:\Potato\non_leaf\coco_person\000000370486.jpg,non_leaf,coco_person
D:\Potato\IrishPotato37G_full\healthy\healthy4351.jpg,healthy,irish
D:\Potato\IrishPotato37G_full\earlyblt\earlyblt2820.jpg,early_blight,irish
D:\Potato\IrishPotato37G_full\healthy\healthy4342.jpg,healthy,irish
D:\Potato\IrishPotato37G_full\earlyblt\earlyblt1138.jpg,early_blight,irish
D:\Potato\IrishPotato37G_full\lateblt\lateblt1412.jpg,late_blight,irish
D:\Potato\IrishPotato37G_full\lateblt\lateblt468.jpg,late_blight,irish
D:\Potato\PlantVillage\Potato___Early_blight\89273b26-09d5-4bf7-a6a5-22c47a613b93___RS_Early.B 7383.JPG,early_blight,plantvillage
D:\Potato\IrishPotato37G_full\healthy\healthy5111.jpg,healthy,irish
D:\Potato\IrishPotato37G_full\earlyblt\earlyblt6095.jpg,early_blight,irish
D:\Potato\IrishPotato37G_full\earlyblt\earlyblt2961.jpg,early_blight,irish
D:\Potato\IrishPotato37G_full\lateblt\lateblt618.jpg,late_blight,irish
D:\Potato\IrishPotato37G_full\lateblt\lateblt914.jpg,late_blight,irish
D:\Potato\IrishPotato37G_full\lateblt\lateblt1358.jpg,late_blight,irish
D:\Potato\PlantVillage\Potato___Late_blight\c6ecc36c-1886-4d2d-89aa-0e9e9dc7ba32___RS_LB 4997.JPG,late_blight,plantvillage
D:\Potato\IrishPotato37G_full\earlyblt\earlyblt3915.jpg,early_blight,irish
D:\Potato\IrishPotato37G_full\earlyblt\earlyblt2439.jpg,early_blight,irish
D:\Potato\non_leaf\coco_person\000000535094.jpg,non_leaf,coco_person
D:\Potato\IrishPotato37G_full\lateblt\lateblt624.jpg,late_blight,irish
D:\Potato\IrishPotato37G_full\healthy\healthy4987.jpg,healthy,irish
D:\Potato\IrishPotato37G_full\earlyblt\earlyblt3152.jpg,early_blight,irish
D:\Potato\IrishPotato37G_full\earlyblt\earlyblt834.jpg,early_blight,irish
D:\Potato\non_leaf\coco_person\000000249786.jpg,non_leaf,coco_person
D:\Potato\IrishPotato37G_full\earlyblt\earlyblt6656.jpg,early_blight,irish
D:\Potato\IrishPotato37G_full\healthy\healthy4694.jpg,healthy,irish
D:\Potato\IrishPotato37G_full\earlyblt\earlyblt1934.jpg,early_blight,irish
D:\Potato\IrishPotato37G_full\lateblt\lateblt2142.jpg,late_blight,irish
D:\Potato\IrishPotato37G_full\lateblt\lateblt2108.jpg,late_blight,irish
D:\Potato\IrishPotato37G_full\earlyblt\earlyblt1755.jpg,early_blight,irish
D:\Potato\IrishPotato37G_full\healthy\healthy1514.jpg,healthy,irish
D:\Potato\IrishPotato37G_full\healthy\healthy2096.jpg,healthy,irish
D:\Potato\IrishPotato37G_full\lateblt\lateblt476.jpg,late_blight,irish
D:\Potato\IrishPotato37G_full\lateblt\lateblt2260.jpg,late_blight,irish
D:\Potato\IrishPotato37G_full\earlyblt\earlyblt1013.jpg,early_blight,irish
D:\Potato\IrishPotato37G_full\earlyblt\earlyblt2380.jpg,early_blight,irish
D:\Potato\IrishPotato37G_full\earlyblt\earlyblt6203.jpg,early_blight,irish
D:\Potato\IrishPotato37G_full\healthy\healthy4972.jpg,healthy,irish
D:\Potato\PlantVillage\Potato___Early_blight\f838c192-a78c-460c-ab90-313dd5014a47___RS_Early.B 7718.JPG,early_blight,plantvillage
D:\Potato\IrishPotato37G_full\lateblt\lateblt2724.jpg,late_blight,irish
D:\Potato\IrishPotato37G_full\healthy\healthy3048.jpg,healthy,irish
D:\Potato\IrishPotato37G_full\lateblt\lateblt2465.jpg,late_blight,irish
D:\Potato\PlantVillage\Potato___Late_blight\50abdfe1-411f-4afe-8f78-1ffb7816792f___RS_LB 2694.JPG,late_blight,plantvillage
D:\Potato\PlantVillage\Potato___Late_blight\e4735c8f-e6da-46a1-b0fe-b1d2355a1bd4___RS_LB 2796.JPG,late_blight,plantvillage
D:\Potato\IrishPotato37G_full\lateblt\lateblt2235.jpg,late_blight,irish
D:\Potato\IrishPotato37G_full\lateblt\lateblt2495.jpg,late_blight,irish
D:\Potato\IrishPotato37G_full\healthy\healthy2251.jpg,healthy,irish
D:\Potato\IrishPotato37G_full\earlyblt\earlyblt3014.jpg,early_blight,irish
D:\Potato\non_leaf\coco_person\000000080340.jpg,non_leaf,coco_person
D:\Potato\PlantVillage\Potato___Early_blight\07953ca1-8935-449f-b338-4357ed683b2d___RS_Early.B 6815.JPG,early_blight,plantvillage
D:\Potato\PlantVillage\Potato___Late_blight\af17b876-b0e7-43ce-95e8-8591066dfdc9___RS_LB 3976.JPG,late_blight,plantvillage
D:\Potato\PlantVillage\Potato___Early_blight\f12d7916-b4f0-46f7-91bd-8dc097743149___RS_Early.B 8963.JPG,early_blight,plantvillage
D:\Potato\IrishPotato37G_full\earlyblt\earlyblt1593.jpg,early_blight,irish
D:\Potato\IrishPotato37G_full\healthy\healthy3177.jpg,healthy,irish
D:\Potato\non_leaf\coco_person\000000362716.jpg,non_leaf,coco_person
D:\Potato\IrishPotato37G_full\earlyblt\earlyblt604.jpg,early_blight,irish
D:\Potato\IrishPotato37G_full\lateblt\lateblt1361.jpg,late_blight,irish
D:\Potato\IrishPotato37G_full\earlyblt\earlyblt2827.jpg,early_blight,irish
D:\Potato\IrishPotato37G_full\lateblt\lateblt579.jpg,late_blight,irish
D:\Potato\IrishPotato37G_full\earlyblt\earlyblt861.jpg,early_blight,irish
D:\Potato\IrishPotato37G_full\lateblt\lateblt1116.jpg,late_blight,irish
D:\Potato\IrishPotato37G_full\lateblt\lateblt2941.jpg,late_blight,irish
D:\Potato\IrishPotato37G_full\lateblt\lateblt2091.jpg,late_blight,irish
D:\Potato\PlantVillage\Potato___Late_blight\0f50da52-cb4a-4391-982a-d6cf9c9d9917___RS_LB 2581.JPG,late_blight,plantvillage
D:\Potato\IrishPotato37G_full\lateblt\lateblt680.jpg,late_blight,irish
D:\Potato\IrishPotato37G_full\earlyblt\earlyblt6440.jpg,early_blight,irish
D:\Potato\IrishPotato37G_full\lateblt\lateblt2440.jpg,late_blight,irish
D:\Potato\IrishPotato37G_full\healthy\healthy4624.jpg,healthy,irish
D:\Potato\IrishPotato37G_full\earlyblt\earlyblt6060.jpg,early_blight,irish
D:\Potato\non_leaf\coco_person\000000446206.jpg,non_leaf,coco_person
D:\Potato\IrishPotato37G_full\earlyblt\earlyblt6499.jpg,early_blight,irish
D:\Potato\IrishPotato37G_full\healthy\healthy1381.jpg,healthy,irish
D:\Potato\IrishPotato37G_full\earlyblt\earlyblt2070.jpg,early_blight,irish
D:\Potato\IrishPotato37G_full\lateblt\lateblt563.jpg,late_blight,irish
D:\Potato\IrishPotato37G_full\healthy\healthy3792.jpg,healthy,irish
D:\Potato\PlantVillage\Potato___Late_blight\227f2f04-4d59-48d9-958d-5cccc70d3f2b___RS_LB 2772.JPG,late_blight,plantvillage
D:\Potato\IrishPotato37G_full\earlyblt\earlyblt1027.jpg,early_blight,irish
D:\Potato\PlantVillage\Potato___Early_blight\46819687-0705-4628-8748-9cb356587f30___RS_Early.B 8421.JPG,early_blight,plantvillage
D:\Potato\IrishPotato37G_full\healthy\healthy150.jpg,healthy,irish
D:\Potato\IrishPotato37G_full\lateblt\lateblt1683.jpg,late_blight,irish
D:\Potato\IrishPotato37G_full\earlyblt\earlyblt249.jpg,early_blight,irish
D:\Potato\IrishPotato37G_full\healthy\healthy24.jpg,healthy,irish
D:\Potato\IrishPotato37G_full\healthy\healthy2965.jpg,healthy,irish
D:\Potato\PlantVillage\Potato___healthy\30937333-8898-4634-8c00-af57d3020ba6___RS_HL 1922.JPG,healthy,plantvillage
D:\Potato\IrishPotato37G_full\lateblt\lateblt1173.jpg,late_blight,irish
D:\Potato\IrishPotato37G_full\healthy\healthy1447.jpg,healthy,irish
D:\Potato\PlantVillage\Potato___Late_blight\5759c134-1965-4dd2-b71a-4eef4048f962___RS_LB 3975.JPG,late_blight,plantvillage
D:\Potato\IrishPotato37G_full\lateblt\lateblt458.jpg,late_blight,irish
D:\Potato\IrishPotato37G_full\lateblt\lateblt2070.jpg,late_blight,irish
D:\Potato\IrishPotato37G_full\lateblt\lateblt2536.jpg,late_blight,irish
D:\Potato\IrishPotato37G_full\healthy\healthy741.jpg,healthy,irish
D:\Potato\non_leaf\coco_person\000000423617.jpg,non_leaf,coco_person
D:\Potato\IrishPotato37G_full\healthy\healthy3967.jpg,healthy,irish
D:\Potato\non_leaf\coco_person\000000356612.jpg,non_leaf,coco_person
D:\Potato\IrishPotato37G_full\earlyblt\earlyblt3959.jpg,early_blight,irish
D:\Potato\non_leaf\coco_person\000000414673.jpg,non_leaf,coco_person
D:\Potato\IrishPotato37G_full\healthy\healthy71.jpg,healthy,irish
D:\Potato\IrishPotato37G_full\earlyblt\earlyblt6338.jpg,early_blight,irish
D:\Potato\IrishPotato37G_full\healthy\healthy5226.jpg,healthy,irish
D:\Potato\non_leaf\coco_person\000000067213.jpg,non_leaf,coco_person
D:\Potato\IrishPotato37G_full\healthy\healthy2449.jpg,healthy,irish
D:\Potato\IrishPotato37G_full\healthy\healthy4493.jpg,healthy,irish
D:\Potato\IrishPotato37G_full\lateblt\lateblt1364.jpg,late_blight,irish
D:\Potato\IrishPotato37G_full\earlyblt\earlyblt2891.jpg,early_blight,irish
D:\Potato\IrishPotato37G_full\earlyblt\earlyblt1145.jpg,early_blight,irish
D:\Potato\IrishPotato37G_full\earlyblt\earlyblt2073.jpg,early_blight,irish
D:\Potato\IrishPotato37G_full\lateblt\lateblt541.jpg,late_blight,irish
D:\Potato\IrishPotato37G_full\lateblt\lateblt2640.jpg,late_blight,irish
D:\Potato\PlantVillage\Potato___Late_blight\f27d1c83-25e9-4ab8-8970-3ddfd2a4c6fc___RS_LB 3230.JPG,late_blight,plantvillage
D:\Potato\IrishPotato37G_full\lateblt\lateblt2116.jpg,late_blight,irish
D:\Potato\PlantVillage\Potato___Early_blight\5888d397-4e83-4fac-bcf7-0de778966d36___RS_Early.B 7418.JPG,early_blight,plantvillage
D:\Potato\IrishPotato37G_full\lateblt\lateblt901.jpg,late_blight,irish
D:\Potato\IrishPotato37G_full\lateblt\lateblt1662.jpg,late_blight,irish
D:\Potato\IrishPotato37G_full\earlyblt\earlyblt1996.jpg,early_blight,irish
D:\Potato\IrishPotato37G_full\earlyblt\earlyblt116.jpg,early_blight,irish
D:\Potato\IrishPotato37G_full\healthy\healthy1675.jpg,healthy,irish
D:\Potato\IrishPotato37G_full\earlyblt\earlyblt1491.jpg,early_blight,irish
D:\Potato\IrishPotato37G_full\earlyblt\earlyblt3253.jpg,early_blight,irish
D:\Potato\IrishPotato37G_full\healthy\healthy2087.jpg,healthy,irish
D:\Potato\PlantVillage\Potato___Early_blight\009c8c31-f22d-4ffd-8f16-189c6f06c577___RS_Early.B 7885.JPG,early_blight,plantvillage
D:\Potato\IrishPotato37G_full\earlyblt\earlyblt2369.jpg,early_blight,irish
D:\Potato\IrishPotato37G_full\healthy\healthy4725.jpg,healthy,irish
D:\Potato\IrishPotato37G_full\lateblt\lateblt1472.jpg,late_blight,irish
D:\Potato\IrishPotato37G_full\healthy\healthy5166.jpg,healthy,irish
D:\Potato\IrishPotato37G_full\healthy\healthy2426.jpg,healthy,irish
D:\Potato\IrishPotato37G_full\earlyblt\earlyblt4856.jpg,early_blight,irish
D:\Potato\PlantVillage\Potato___Early_blight\d84ba2ee-6ef5-45b7-a15a-b677b99cd3f6___RS_Early.B 6772.JPG,early_blight,plantvillage
D:\Potato\IrishPotato37G_full\earlyblt\earlyblt3133.jpg,early_blight,irish
D:\Potato\IrishPotato37G_full\healthy\healthy3016.jpg,healthy,irish
D:\Potato\IrishPotato37G_full\healthy\healthy2904.jpg,healthy,irish
D:\Potato\IrishPotato37G_full\lateblt\lateblt972.jpg,late_blight,irish
D:\Potato\IrishPotato37G_full\healthy\healthy612.jpg,healthy,irish
D:\Potato\IrishPotato37G_full\lateblt\lateblt886.jpg,late_blight,irish
D:\Potato\IrishPotato37G_full\earlyblt\earlyblt6051.jpg,early_blight,irish
D:\Potato\IrishPotato37G_full\earlyblt\earlyblt1971.jpg,early_blight,irish
D:\Potato\IrishPotato37G_full\healthy\healthy4055.jpg,healthy,irish
D:\Potato\IrishPotato37G_full\healthy\healthy1770.jpg,healthy,irish
D:\Potato\IrishPotato37G_full\lateblt\lateblt2072.jpg,late_blight,irish
D:\Potato\IrishPotato37G_full\lateblt\lateblt2530.jpg,late_blight,irish
D:\Potato\non_leaf\coco_person\000000523033.jpg,non_leaf,coco_person
D:\Potato\IrishPotato37G_full\healthy\healthy1289.jpg,healthy,irish
D:\Potato\IrishPotato37G_full\healthy\healthy1729.jpg,healthy,irish
D:\Potato\IrishPotato37G_full\earlyblt\earlyblt1186.jpg,early_blight,irish
D:\Potato\IrishPotato37G_full\earlyblt\earlyblt4727.jpg,early_blight,irish
D:\Potato\IrishPotato37G_full\lateblt\lateblt1596.jpg,late_blight,irish
D:\Potato\IrishPotato37G_full\earlyblt\earlyblt5894.jpg,early_blight,irish
D:\Potato\non_leaf\coco_person\000000136633.jpg,non_leaf,coco_person
D:\Potato\PlantVillage\Potato___Early_blight\74316ef6-7cce-4ed9-8fbf-9bf42d14657c___RS_Early.B 7352.JPG,early_blight,plantvillage
D:\Potato\IrishPotato37G_full\lateblt\lateblt887.jpg,late_blight,irish
D:\Potato\IrishPotato37G_full\lateblt\lateblt596.jpg,late_blight,irish
D:\Potato\non_leaf\coco_person\000000266981.jpg,non_leaf,coco_person
D:\Potato\IrishPotato37G_full\healthy\healthy673.jpg,healthy,irish
D:\Potato\IrishPotato37G_full\healthy\healthy2735.jpg,healthy,irish
D:\Potato\IrishPotato37G_full\earlyblt\earlyblt4969.jpg,early_blight,irish
D:\Potato\non_leaf\coco_person\000000488251.jpg,non_leaf,coco_person
D:\Potato\IrishPotato37G_full\earlyblt\earlyblt2694.jpg,early_blight,irish
D:\Potato\IrishPotato37G_full\earlyblt\earlyblt2502.jpg,early_blight,irish
D:\Potato\PlantVillage\Potato___Early_blight\bac19c19-ab8b-466a-a317-56c1f35fb082___RS_Early.B 7141.JPG,early_blight,plantvillage
D:\Potato\non_leaf\coco_person\000000002299.jpg,non_leaf,coco_person
D:\Potato\IrishPotato37G_full\earlyblt\earlyblt6390.jpg,early_blight,irish
D:\Potato\IrishPotato37G_full\earlyblt\earlyblt1524.jpg,early_blight,irish
D:\Potato\PlantVillage\Potato___Early_blight\e7b48816-19f7-4dc2-bf52-dfbb85e1f59a___RS_Early.B 7240.JPG,early_blight,plantvillage
D:\Potato\non_leaf\coco_person\000000506933.jpg,non_leaf,coco_person
D:\Potato\IrishPotato37G_full\earlyblt\earlyblt4729.jpg,early_blight,irish
D:\Potato\IrishPotato37G_full\healthy\healthy767.jpg,healthy,irish
D:\Potato\IrishPotato37G_full\healthy\healthy2228.jpg,healthy,irish
D:\Potato\IrishPotato37G_full\healthy\healthy559.jpg,healthy,irish
D:\Potato\PlantVillage\Potato___Late_blight\44112cb9-7423-4983-bb9a-cb32e3ea9ac3___RS_LB 2793.JPG,late_blight,plantvillage
D:\Potato\IrishPotato37G_full\earlyblt\earlyblt1082.jpg,early_blight,irish
D:\Potato\PlantVillage\Potato___Late_blight\41e3b4c0-7aec-4d49-a84c-f37ed2637407___RS_LB 4377.JPG,late_blight,plantvillage
D:\Potato\non_leaf\coco_person\000000180487.jpg,non_leaf,coco_person
D:\Potato\IrishPotato37G_full\earlyblt\earlyblt6705.jpg,early_blight,irish
D:\Potato\IrishPotato37G_full\earlyblt\earlyblt5881.jpg,early_blight,irish
D:\Potato\PlantVillage\Potato___Late_blight\b65fddcf-cc40-4632-a0c4-70fff2f68009___RS_LB 4481.JPG,late_blight,plantvillage
D:\Potato\IrishPotato37G_full\earlyblt\earlyblt672.jpg,early_blight,irish
D:\Potato\IrishPotato37G_full\healthy\healthy630.jpg,healthy,irish
D:\Potato\IrishPotato37G_full\earlyblt\earlyblt2267.jpg,early_blight,irish
D:\Potato\IrishPotato37G_full\earlyblt\earlyblt1903.jpg,early_blight,irish
D:\Potato\PlantVillage\Potato___Early_blight\c3bf3f15-b1ae-4e36-97a4-f341879db6ae___RS_Early.B 8263.JPG,early_blight,plantvillage
D:\Potato\IrishPotato37G_full\earlyblt\earlyblt6956.jpg,early_blight,irish
D:\Potato\PlantVillage\Potato___healthy\2d98cbc8-cbe6-423c-b2ab-3f7f8bcea5d5___RS_HL 1945.JPG,healthy,plantvillage
D:\Potato\IrishPotato37G_full\earlyblt\earlyblt6027.jpg,early_blight,irish
D:\Potato\IrishPotato37G_full\earlyblt\earlyblt2543.jpg,early_blight,irish
D:\Potato\IrishPotato37G_full\earlyblt\earlyblt3433.jpg,early_blight,irish
D:\Potato\PlantVillage\Potato___Early_blight\a5b278e7-448e-40ae-80c2-d286f2681d10___RS_Early.B 7900.JPG,early_blight,plantvillage
D:\Potato\non_leaf\coco_person\000000133418.jpg,non_leaf,coco_person
D:\Potato\IrishPotato37G_full\healthy\healthy5602.jpg,healthy,irish
D:\Potato\non_leaf\coco_person\000000032081.jpg,non_leaf,coco_person
D:\Potato\IrishPotato37G_full\healthy\healthy501.jpg,healthy,irish
D:\Potato\PlantVillage\Potato___healthy\bb328d40-e4e6-4b84-a92a-e7cb3922c19d___RS_HL 1829.JPG,healthy,plantvillage
D:\Potato\IrishPotato37G_full\earlyblt\earlyblt1519.jpg,early_blight,irish
D:\Potato\IrishPotato37G_full\earlyblt\earlyblt270.jpg,early_blight,irish
D:\Potato\PlantVillage\Potato___Early_blight\8002c1e4-0066-4764-9ed5-52d8334cd5c6___RS_Early.B 7855.JPG,early_blight,plantvillage
D:\Potato\non_leaf\coco_person\000000443969.jpg,non_leaf,coco_person
D:\Potato\PlantVillage\Potato___Early_blight\5755142f-0cba-45b7-a563-beb1bf6db374___RS_Early.B 8321.JPG,early_blight,plantvillage
D:\Potato\non_leaf\coco_person\000000013729.jpg,non_leaf,coco_person
D:\Potato\IrishPotato37G_full\healthy\healthy3315.jpg,healthy,irish
D:\Potato\PlantVillage\Potato___Early_blight\541f3dc9-a330-4caf-97f3-88bec1b60c53___RS_Early.B 7767.JPG,early_blight,plantvillage
D:\Potato\PlantVillage\Potato___Early_blight\5f209b64-4a3c-4fd4-9151-83db4125e7fc___RS_Early.B 7284.JPG,early_blight,plantvillage
D:\Potato\IrishPotato37G_full\earlyblt\earlyblt3236.jpg,early_blight,irish
D:\Potato\non_leaf\coco_person\000000526728.jpg,non_leaf,coco_person
D:\Potato\IrishPotato37G_full\healthy\healthy557.jpg,healthy,irish
D:\Potato\IrishPotato37G_full\lateblt\lateblt1478.jpg,late_blight,irish
D:\Potato\IrishPotato37G_full\lateblt\lateblt911.jpg,late_blight,irish
D:\Potato\IrishPotato37G_full\healthy\healthy371.jpg,healthy,irish
D:\Potato\PlantVillage\Potato___Early_blight\4d1d5d85-e67d-4007-bceb-9b577f49065b___RS_Early.B 8885.JPG,early_blight,plantvillage
D:\Potato\IrishPotato37G_full\healthy\healthy3528.jpg,healthy,irish
D:\Potato\PlantVillage\Potato___Early_blight\1ca9e3ba-e029-48bf-b207-e8cb3546f953___RS_Early.B 7978.JPG,early_blight,plantvillage
D:\Potato\IrishPotato37G_full\lateblt\lateblt130.jpg,late_blight,irish
D:\Potato\non_leaf\coco_person\000000014226.jpg,non_leaf,coco_person
D:\Potato\IrishPotato37G_full\lateblt\lateblt2771.jpg,late_blight,irish
D:\Potato\IrishPotato37G_full\earlyblt\earlyblt4879.jpg,early_blight,irish
D:\Potato\IrishPotato37G_full\healthy\healthy1518.jpg,healthy,irish
D:\Potato\IrishPotato37G_full\healthy\healthy2254.jpg,healthy,irish
D:\Potato\IrishPotato37G_full\earlyblt\earlyblt2420.jpg,early_blight,irish
D:\Potato\IrishPotato37G_full\healthy\healthy4202.jpg,healthy,irish
D:\Potato\IrishPotato37G_full\healthy\healthy4862.jpg,healthy,irish
D:\Potato\non_leaf\coco_person\000000069356.jpg,non_leaf,coco_person
D:\Potato\IrishPotato37G_full\healthy\healthy858.jpg,healthy,irish
D:\Potato\PlantVillage\Potato___Early_blight\38757e70-6278-4961-b1f3-19fccbb085f5___RS_Early.B 6968.JPG,early_blight,plantvillage
D:\Potato\IrishPotato37G_full\healthy\healthy3586.jpg,healthy,irish
D:\Potato\PlantVillage\Potato___Early_blight\1daae61a-7014-4efe-b855-018999a5be9b___RS_Early.B 6852.JPG,early_blight,plantvillage
D:\Potato\non_leaf\coco_person\000000142790.jpg,non_leaf,coco_person
D:\Potato\non_leaf\coco_person\000000240049.jpg,non_leaf,coco_person
D:\Potato\non_leaf\coco_person\000000423229.jpg,non_leaf,coco_person
D:\Potato\IrishPotato37G_full\healthy\healthy3366.jpg,healthy,irish
D:\Potato\IrishPotato37G_full\lateblt\lateblt2262.jpg,late_blight,irish
D:\Potato\IrishPotato37G_full\healthy\healthy881.jpg,healthy,irish
D:\Potato\IrishPotato37G_full\lateblt\lateblt491.jpg,late_blight,irish
D:\Potato\non_leaf\coco_person\000000426203.jpg,non_leaf,coco_person
D:\Potato\IrishPotato37G_full\healthy\healthy1600.jpg,healthy,irish
D:\Potato\IrishPotato37G_full\healthy\healthy4126.jpg,healthy,irish
D:\Potato\IrishPotato37G_full\lateblt\lateblt1975.jpg,late_blight,irish
D:\Potato\IrishPotato37G_full\lateblt\lateblt2177.jpg,late_blight,irish
D:\Potato\IrishPotato37G_full\earlyblt\earlyblt2383.jpg,early_blight,irish
D:\Potato\PlantVillage\Potato___Early_blight\8081f3a1-d992-43bf-afa4-402ed06a83b1___RS_Early.B 6860.JPG,early_blight,plantvillage
D:\Potato\IrishPotato37G_full\healthy\healthy353.jpg,healthy,irish
D:\Potato\IrishPotato37G_full\healthy\healthy2149.jpg,healthy,irish
D:\Potato\IrishPotato37G_full\lateblt\lateblt2934.jpg,late_blight,irish
D:\Potato\IrishPotato37G_full\earlyblt\earlyblt2751.jpg,early_blight,irish
D:\Potato\IrishPotato37G_full\earlyblt\earlyblt1580.jpg,early_blight,irish
D:\Potato\IrishPotato37G_full\earlyblt\earlyblt2357.jpg,early_blight,irish
D:\Potato\IrishPotato37G_full\earlyblt\earlyblt2286.jpg,early_blight,irish
D:\Potato\IrishPotato37G_full\healthy\healthy4267.jpg,healthy,irish
D:\Potato\non_leaf\coco_person\000000512564.jpg,non_leaf,coco_person
D:\Potato\IrishPotato37G_full\earlyblt\earlyblt1882.jpg,early_blight,irish
D:\Potato\IrishPotato37G_full\lateblt\lateblt247.jpg,late_blight,irish
D:\Potato\IrishPotato37G_full\earlyblt\earlyblt1977.jpg,early_blight,irish
D:\Potato\IrishPotato37G_full\earlyblt\earlyblt2983.jpg,early_blight,irish
D:\Potato\IrishPotato37G_full\earlyblt\earlyblt760.jpg,early_blight,irish
D:\Potato\IrishPotato37G_full\healthy\healthy2756.jpg,healthy,irish
D:\Potato\IrishPotato37G_full\lateblt\lateblt1163.jpg,late_blight,irish
D:\Potato\IrishPotato37G_full\healthy\healthy4456.jpg,healthy,irish
D:\Potato\IrishPotato37G_full\healthy\healthy5289.jpg,healthy,irish
D:\Potato\PlantVillage\Potato___Late_blight\df919a28-9f11-42f6-823c-15f70bf1325e___RS_LB 4936.JPG,late_blight,plantvillage
D:\Potato\IrishPotato37G_full\lateblt\lateblt1393.jpg,late_blight,irish
D:\Potato\PlantVillage\Potato___Late_blight\1e0326a5-b208-447f-9d60-f788ec4b6e3f___RS_LB 4526.JPG,late_blight,plantvillage
D:\Potato\IrishPotato37G_full\earlyblt\earlyblt1821.jpg,early_blight,irish
D:\Potato\IrishPotato37G_full\lateblt\lateblt2830.jpg,late_blight,irish
D:\Potato\IrishPotato37G_full\healthy\healthy3966.jpg,healthy,irish
D:\Potato\IrishPotato37G_full\healthy\healthy963.jpg,healthy,irish
D:\Potato\IrishPotato37G_full\healthy\healthy4069.jpg,healthy,irish
D:\Potato\IrishPotato37G_full\healthy\healthy3569.jpg,healthy,irish
D:\Potato\PlantVillage\Potato___Late_blight\c3134b97-50a1-4aa2-937d-1e15405b9803___RS_LB 4565.JPG,late_blight,plantvillage
D:\Potato\PlantVillage\Potato___Early_blight\5fbff81d-eeaf-430f-ba94-df6a92c7b8e2___RS_Early.B 6816.JPG,early_blight,plantvillage
D:\Potato\PlantVillage\Potato___Early_blight\c03a3f69-00b7-4aa5-a49f-794416af0598___RS_Early.B 8112.JPG,early_blight,plantvillage
D:\Potato\IrishPotato37G_full\healthy\healthy3758.jpg,healthy,irish
D:\Potato\IrishPotato37G_full\earlyblt\earlyblt1660.jpg,early_blight,irish
D:\Potato\non_leaf\coco_person\000000407298.jpg,non_leaf,coco_person
D:\Potato\IrishPotato37G_full\earlyblt\earlyblt6797.jpg,early_blight,irish
D:\Potato\non_leaf\coco_person\000000117719.jpg,non_leaf,coco_person
D:\Potato\IrishPotato37G_full\healthy\healthy3902.jpg,healthy,irish
D:\Potato\IrishPotato37G_full\healthy\healthy625.jpg,healthy,irish
D:\Potato\IrishPotato37G_full\lateblt\lateblt2263.jpg,late_blight,irish
D:\Potato\IrishPotato37G_full\healthy\healthy3722.jpg,healthy,irish
D:\Potato\IrishPotato37G_full\healthy\healthy4957.jpg,healthy,irish
D:\Potato\IrishPotato37G_full\lateblt\lateblt2610.jpg,late_blight,irish
D:\Potato\PlantVillage\Potato___Early_blight\51bc94fe-ba23-4776-a9ec-727e55015acb___RS_Early.B 8267.JPG,early_blight,plantvillage
D:\Potato\IrishPotato37G_full\lateblt\lateblt1976.jpg,late_blight,irish
D:\Potato\IrishPotato37G_full\lateblt\lateblt2248.jpg,late_blight,irish
D:\Potato\IrishPotato37G_full\healthy\healthy861.jpg,healthy,irish
D:\Potato\IrishPotato37G_full\earlyblt\earlyblt1796.jpg,early_blight,irish
D:\Potato\PlantVillage\Potato___Late_blight\cdd030ec-609e-4f61-9335-6cf89a6f35d2___RS_LB 2776.JPG,late_blight,plantvillage
D:\Potato\IrishPotato37G_full\lateblt\lateblt124.jpg,late_blight,irish
D:\Potato\IrishPotato37G_full\lateblt\lateblt1616.jpg,late_blight,irish
D:\Potato\non_leaf\coco_person\000000177861.jpg,non_leaf,coco_person
D:\Potato\IrishPotato37G_full\lateblt\lateblt1449.jpg,late_blight,irish
D:\Potato\IrishPotato37G_full\lateblt\lateblt1318.jpg,late_blight,irish
D:\Potato\IrishPotato37G_full\earlyblt\earlyblt6266.jpg,early_blight,irish
D:\Potato\PlantVillage\Potato___Early_blight\495e73a1-0f61-43a6-b539-d7f74e3fbf71___RS_Early.B 8245.JPG,early_blight,plantvillage
D:\Potato\IrishPotato37G_full\lateblt\lateblt489.jpg,late_blight,irish
D:\Potato\PlantVillage\Potato___Early_blight\4e478f6a-b8cf-425f-85e8-d80d6aaab8e1___RS_Early.B 9026.JPG,early_blight,plantvillage
D:\Potato\IrishPotato37G_full\earlyblt\earlyblt4878.jpg,early_blight,irish
D:\Potato\IrishPotato37G_full\earlyblt\earlyblt774.jpg,early_blight,irish
D:\Potato\IrishPotato37G_full\earlyblt\earlyblt4970.jpg,early_blight,irish
D:\Potato\IrishPotato37G_full\earlyblt\earlyblt6316.jpg,early_blight,irish
D:\Potato\IrishPotato37G_full\healthy\healthy2360.jpg,healthy,irish
D:\Potato\IrishPotato37G_full\lateblt\lateblt2674.jpg,late_blight,irish
D:\Potato\IrishPotato37G_full\earlyblt\earlyblt1790.jpg,early_blight,irish
D:\Potato\IrishPotato37G_full\lateblt\lateblt1444.jpg,late_blight,irish
D:\Potato\IrishPotato37G_full\healthy\healthy729.jpg,healthy,irish
D:\Potato\PlantVillage\Potato___healthy\8c1e1281-5937-4559-a02f-02817de6e122___RS_HL 4173.JPG,healthy,plantvillage
D:\Potato\IrishPotato37G_full\healthy\healthy4716.jpg,healthy,irish
D:\Potato\IrishPotato37G_full\earlyblt\earlyblt6632.jpg,early_blight,irish
D:\Potato\PlantVillage\Potato___healthy\57e24d88-fd01-4422-b8b5-d688d2296184___RS_HL 5401.JPG,healthy,plantvillage
D:\Potato\IrishPotato37G_full\healthy\healthy1453.jpg,healthy,irish
D:\Potato\IrishPotato37G_full\lateblt\lateblt509.jpg,late_blight,irish
D:\Potato\non_leaf\coco_person\000000180101.jpg,non_leaf,coco_person
D:\Potato\IrishPotato37G_full\healthy\healthy3079.jpg,healthy,irish
D:\Potato\PlantVillage\Potato___Early_blight\c4b16bb7-f358-4010-a04c-10206bad02e9___RS_Early.B 8391.JPG,early_blight,plantvillage
D:\Potato\IrishPotato37G_full\earlyblt\earlyblt6786.jpg,early_blight,irish
D:\Potato\IrishPotato37G_full\lateblt\lateblt2813.jpg,late_blight,irish
D:\Potato\IrishPotato37G_full\earlyblt\earlyblt4952.jpg,early_blight,irish
D:\Potato\PlantVillage\Potato___Late_blight\053c5330-129d-4515-84da-82a701710723___RS_LB 4576.JPG,late_blight,plantvillage
D:\Potato\IrishPotato37G_full\earlyblt\earlyblt1405.jpg,early_blight,irish
D:\Potato\PlantVillage\Potato___Late_blight\aceeb511-1332-4d25-b9fe-64d53445396a___RS_LB 4837.JPG,late_blight,plantvillage
D:\Potato\PlantVillage\Potato___Late_blight\ef48ec23-0655-43d7-9475-8e73086033a2___RS_LB 5219.JPG,late_blight,plantvillage
D:\Potato\IrishPotato37G_full\earlyblt\earlyblt5899.jpg,early_blight,irish
D:\Potato\IrishPotato37G_full\earlyblt\earlyblt2939.jpg,early_blight,irish
D:\Potato\IrishPotato37G_full\lateblt\lateblt967.jpg,late_blight,irish
D:\Potato\IrishPotato37G_full\lateblt\lateblt19.jpg,late_blight,irish
D:\Potato\IrishPotato37G_full\lateblt\lateblt730.jpg,late_blight,irish
D:\Potato\IrishPotato37G_full\earlyblt\earlyblt3804.jpg,early_blight,irish
D:\Potato\IrishPotato37G_full\lateblt\lateblt2483.jpg,late_blight,irish
D:\Potato\IrishPotato37G_full\lateblt\lateblt2578.jpg,late_blight,irish
D:\Potato\IrishPotato37G_full\healthy\healthy1238.jpg,healthy,irish
D:\Potato\IrishPotato37G_full\healthy\healthy2252.jpg,healthy,irish
D:\Potato\PlantVillage\Potato___Early_blight\e09c5edb-1e38-44bb-bb55-260fa32d6a58___RS_Early.B 7340.JPG,early_blight,plantvillage
D:\Potato\IrishPotato37G_full\healthy\healthy1479.jpg,healthy,irish
D:\Potato\IrishPotato37G_full\healthy\healthy4930.jpg,healthy,irish
D:\Potato\IrishPotato37G_full\earlyblt\earlyblt6492.jpg,early_blight,irish
D:\Potato\PlantVillage\Potato___Late_blight\6ecc23ac-9aed-47bb-8ee5-76574de85872___RS_LB 5010.JPG,late_blight,plantvillage
D:\Potato\IrishPotato37G_full\healthy\healthy762.jpg,healthy,irish
D:\Potato\IrishPotato37G_full\healthy\healthy3359.jpg,healthy,irish
D:\Potato\non_leaf\coco_person\000000578489.jpg,non_leaf,coco_person
D:\Potato\IrishPotato37G_full\earlyblt\earlyblt423.jpg,early_blight,irish
D:\Potato\IrishPotato37G_full\healthy\healthy692.jpg,healthy,irish
D:\Potato\IrishPotato37G_full\lateblt\lateblt1435.jpg,late_blight,irish
D:\Potato\PlantVillage\Potato___Early_blight\2356a4d6-8015-434e-a5f8-03197fef2c28___RS_Early.B 8139.JPG,early_blight,plantvillage
D:\Potato\PlantVillage\Potato___Early_blight\12826416-efc5-49d3-b615-731629c95435___RS_Early.B 7215.JPG,early_blight,plantvillage
D:\Potato\IrishPotato37G_full\earlyblt\earlyblt2163.jpg,early_blight,irish
D:\Potato\IrishPotato37G_full\earlyblt\earlyblt1669.jpg,early_blight,irish
D:\Potato\IrishPotato37G_full\earlyblt\earlyblt2966.jpg,early_blight,irish
D:\Potato\IrishPotato37G_full\earlyblt\earlyblt2182.jpg,early_blight,irish
D:\Potato\IrishPotato37G_full\healthy\healthy1347.jpg,healthy,irish
D:\Potato\PlantVillage\Potato___Late_blight\ac42817b-71f9-4336-ad8b-bdfb4b27a64a___RS_LB 4782.JPG,late_blight,plantvillage
D:\Potato\IrishPotato37G_full\healthy\healthy4919.jpg,healthy,irish
D:\Potato\IrishPotato37G_full\earlyblt\earlyblt2057.jpg,early_blight,irish
D:\Potato\non_leaf\coco_person\000000092939.jpg,non_leaf,coco_person
D:\Potato\IrishPotato37G_full\lateblt\lateblt133.jpg,late_blight,irish
D:\Potato\IrishPotato37G_full\earlyblt\earlyblt4854.jpg,early_blight,irish
D:\Potato\non_leaf\coco_person\000000281754.jpg,non_leaf,coco_person
D:\Potato\IrishPotato37G_full\earlyblt\earlyblt6326.jpg,early_blight,irish
D:\Potato\IrishPotato37G_full\earlyblt\earlyblt786.jpg,early_blight,irish
D:\Potato\IrishPotato37G_full\healthy\healthy4215.jpg,healthy,irish
D:\Potato\IrishPotato37G_full\earlyblt\earlyblt2131.jpg,early_blight,irish
D:\Potato\non_leaf\coco_person\000000093717.jpg,non_leaf,coco_person
D:\Potato\IrishPotato37G_full\healthy\healthy5238.jpg,healthy,irish
D:\Potato\IrishPotato37G_full\lateblt\lateblt2598.jpg,late_blight,irish
D:\Potato\IrishPotato37G_full\lateblt\lateblt2822.jpg,late_blight,irish
D:\Potato\PlantVillage\Potato___Late_blight\f528b00d-99a6-41db-8d96-9eed58b519c1___RS_LB 4544.JPG,late_blight,plantvillage
D:\Potato\IrishPotato37G_full\healthy\healthy5615.jpg,healthy,irish
D:\Potato\PlantVillage\Potato___Early_blight\69a20537-e5fd-4f1e-8800-ef9aa4fa4766___RS_Early.B 8111.JPG,early_blight,plantvillage
D:\Potato\IrishPotato37G_full\healthy\healthy2455.jpg,healthy,irish
D:\Potato\IrishPotato37G_full\earlyblt\earlyblt2801.jpg,early_blight,irish
D:\Potato\PlantVillage\Potato___Late_blight\ebd47dca-590b-43c4-812d-32f95b776690___RS_LB 3834.JPG,late_blight,plantvillage
D:\Potato\IrishPotato37G_full\earlyblt\earlyblt4722.jpg,early_blight,irish
D:\Potato\IrishPotato37G_full\healthy\healthy4699.jpg,healthy,irish
D:\Potato\IrishPotato37G_full\healthy\healthy1163.jpg,healthy,irish
D:\Potato\IrishPotato37G_full\earlyblt\earlyblt182.jpg,early_blight,irish
D:\Potato\PlantVillage\Potato___Late_blight\2377f6d5-3660-4b5a-b5b3-eea448e7a143___RS_LB 2729.JPG,late_blight,plantvillage
D:\Potato\IrishPotato37G_full\earlyblt\earlyblt1751.jpg,early_blight,irish
D:\Potato\PlantVillage\Potato___Late_blight\00695906-210d-4a9d-822e-986a17384115___RS_LB 4026.JPG,late_blight,plantvillage
D:\Potato\IrishPotato37G_full\lateblt\lateblt2665.jpg,late_blight,irish
D:\Potato\IrishPotato37G_full\lateblt\lateblt879.jpg,late_blight,irish
D:\Potato\IrishPotato37G_full\lateblt\lateblt2761.jpg,late_blight,irish
D:\Potato\IrishPotato37G_full\healthy\healthy4912.jpg,healthy,irish
D:\Potato\non_leaf\coco_person\000000484978.jpg,non_leaf,coco_person
D:\Potato\IrishPotato37G_full\earlyblt\earlyblt6257.jpg,early_blight,irish
D:\Potato\IrishPotato37G_full\lateblt\lateblt790.jpg,late_blight,irish
D:\Potato\IrishPotato37G_full\lateblt\lateblt2023.jpg,late_blight,irish
D:\Potato\PlantVillage\Potato___Early_blight\70a2aa43-f50f-448b-bd98-9315f27cf456___RS_Early.B 7927.JPG,early_blight,plantvillage
D:\Potato\IrishPotato37G_full\earlyblt\earlyblt1552.jpg,early_blight,irish
D:\Potato\PlantVillage\Potato___Late_blight\e48ffe4c-d920-4559-83ab-62d9d881d787___RS_LB 4129.JPG,late_blight,plantvillage
D:\Potato\IrishPotato37G_full\earlyblt\earlyblt6019.jpg,early_blight,irish
D:\Potato\IrishPotato37G_full\lateblt\lateblt47.jpg,late_blight,irish
D:\Potato\PlantVillage\Potato___Early_blight\73845010-b5b2-4604-8055-388c4222592a___RS_Early.B 6767.JPG,early_blight,plantvillage
D:\Potato\IrishPotato37G_full\healthy\healthy4162.jpg,healthy,irish
D:\Potato\IrishPotato37G_full\earlyblt\earlyblt442.jpg,early_blight,irish
D:\Potato\IrishPotato37G_full\lateblt\lateblt2013.jpg,late_blight,irish
D:\Potato\IrishPotato37G_full\earlyblt\earlyblt1086.jpg,early_blight,irish
D:\Potato\PlantVillage\Potato___Late_blight\9032d569-294e-4b8b-a70f-ecff949e43e2___RS_LB 3998.JPG,late_blight,plantvillage
D:\Potato\non_leaf\coco_person\000000130586.jpg,non_leaf,coco_person
D:\Potato\IrishPotato37G_full\lateblt\lateblt2562.jpg,late_blight,irish
D:\Potato\PlantVillage\Potato___Late_blight\296e6201-4b46-4449-9edb-c7659d36cf92___RS_LB 4052.JPG,late_blight,plantvillage
D:\Potato\IrishPotato37G_full\earlyblt\earlyblt3822.jpg,early_blight,irish
D:\Potato\IrishPotato37G_full\healthy\healthy5121.jpg,healthy,irish
D:\Potato\IrishPotato37G_full\earlyblt\earlyblt3777.jpg,early_blight,irish
D:\Potato\non_leaf\coco_person\000000239717.jpg,non_leaf,coco_person
D:\Potato\non_leaf\coco_person\000000297595.jpg,non_leaf,coco_person
D:\Potato\IrishPotato37G_full\healthy\healthy5457.jpg,healthy,irish
D:\Potato\IrishPotato37G_full\lateblt\lateblt470.jpg,late_blight,irish
D:\Potato\IrishPotato37G_full\earlyblt\earlyblt250.jpg,early_blight,irish
D:\Potato\IrishPotato37G_full\earlyblt\earlyblt976.jpg,early_blight,irish
D:\Potato\IrishPotato37G_full\healthy\healthy3442.jpg,healthy,irish
D:\Potato\IrishPotato37G_full\healthy\healthy1750.jpg,healthy,irish
D:\Potato\PlantVillage\Potato___Late_blight\1a6fc494-81dd-4649-ad8d-a5a6e58a2aa7___RS_LB 2618.JPG,late_blight,plantvillage
D:\Potato\PlantVillage\Potato___Late_blight\201186ce-cec5-47ef-9f88-bd8c4abab2c8___RS_LB 2813.JPG,late_blight,plantvillage
D:\Potato\IrishPotato37G_full\healthy\healthy839.jpg,healthy,irish
D:\Potato\IrishPotato37G_full\healthy\healthy1473.jpg,healthy,irish
D:\Potato\IrishPotato37G_full\lateblt\lateblt1601.jpg,late_blight,irish
D:\Potato\PlantVillage\Potato___Early_blight\ed64bc0c-d2e5-44fd-a21a-f4d6b4f2f219___RS_Early.B 7366.JPG,early_blight,plantvillage
D:\Potato\PlantVillage\Potato___Early_blight\654aaf22-e23a-441d-ad57-914843a36c64___RS_Early.B 7924.JPG,early_blight,plantvillage
D:\Potato\non_leaf\coco_person\000000072852.jpg,non_leaf,coco_person
D:\Potato\IrishPotato37G_full\healthy\healthy3697.jpg,healthy,irish
D:\Potato\IrishPotato37G_full\lateblt\lateblt2130.jpg,late_blight,irish
D:\Potato\IrishPotato37G_full\healthy\healthy5440.jpg,healthy,irish
D:\Potato\IrishPotato37G_full\healthy\healthy3031.jpg,healthy,irish
D:\Potato\IrishPotato37G_full\lateblt\lateblt1571.jpg,late_blight,irish
D:\Potato\IrishPotato37G_full\earlyblt\earlyblt893.jpg,early_blight,irish
D:\Potato\IrishPotato37G_full\earlyblt\earlyblt1730.jpg,early_blight,irish
D:\Potato\IrishPotato37G_full\healthy\healthy1303.jpg,healthy,irish
D:\Potato\IrishPotato37G_full\lateblt\lateblt757.jpg,late_blight,irish
D:\Potato\IrishPotato37G_full\lateblt\lateblt647.jpg,late_blight,irish
D:\Potato\IrishPotato37G_full\healthy\healthy3029.jpg,healthy,irish
D:\Potato\PlantVillage\Potato___Early_blight\0ddd62cd-a999-4d58-a8f1-506e1004a595___RS_Early.B 8041.JPG,early_blight,plantvillage
D:\Potato\IrishPotato37G_full\lateblt\lateblt550.jpg,late_blight,irish
D:\Potato\IrishPotato37G_full\lateblt\lateblt1965.jpg,late_blight,irish
D:\Potato\IrishPotato37G_full\healthy\healthy4805.jpg,healthy,irish
D:\Potato\PlantVillage\Potato___Early_blight\93eaec77-3e91-415a-a029-c054a42c18aa___RS_Early.B 8296.JPG,early_blight,plantvillage
D:\Potato\IrishPotato37G_full\earlyblt\earlyblt637.jpg,early_blight,irish
D:\Potato\IrishPotato37G_full\lateblt\lateblt1494.jpg,late_blight,irish
D:\Potato\non_leaf\coco_person\000000038678.jpg,non_leaf,coco_person
D:\Potato\IrishPotato37G_full\lateblt\lateblt987.jpg,late_blight,irish
D:\Potato\IrishPotato37G_full\healthy\healthy1369.jpg,healthy,irish
D:\Potato\IrishPotato37G_full\lateblt\lateblt1137.jpg,late_blight,irish
D:\Potato\IrishPotato37G_full\healthy\healthy116.jpg,healthy,irish
D:\Potato\IrishPotato37G_full\lateblt\lateblt1669.jpg,late_blight,irish
D:\Potato\PlantVillage\Potato___healthy\dca8ac5c-b925-435a-a5e9-da09fa8938a1___RS_HL 4182.JPG,healthy,plantvillage
D:\Potato\PlantVillage\Potato___healthy\f4be3632-42a1-415a-9f7e-1d5ecb9f49d7___RS_HL 1783.JPG,healthy,plantvillage
D:\Potato\IrishPotato37G_full\earlyblt\earlyblt6920.jpg,early_blight,irish
D:\Potato\IrishPotato37G_full\lateblt\lateblt2804.jpg,late_blight,irish
D:\Potato\IrishPotato37G_full\healthy\healthy1149.jpg,healthy,irish
D:\Potato\IrishPotato37G_full\earlyblt\earlyblt308.jpg,early_blight,irish
D:\Potato\PlantVillage\Potato___Late_blight\5f0801e0-b127-4596-9f82-eb36f8ee5c85___RS_LB 3852.JPG,late_blight,plantvillage
D:\Potato\IrishPotato37G_full\healthy\healthy4256.jpg,healthy,irish
D:\Potato\IrishPotato37G_full\healthy\healthy5286.jpg,healthy,irish
D:\Potato\IrishPotato37G_full\healthy\healthy1116.jpg,healthy,irish
D:\Potato\non_leaf\coco_person\000000578545.jpg,non_leaf,coco_person
D:\Potato\IrishPotato37G_full\healthy\healthy2910.jpg,healthy,irish
D:\Potato\IrishPotato37G_full\earlyblt\earlyblt2805.jpg,early_blight,irish
D:\Potato\IrishPotato37G_full\healthy\healthy2353.jpg,healthy,irish
D:\Potato\IrishPotato37G_full\lateblt\lateblt452.jpg,late_blight,irish
D:\Potato\IrishPotato37G_full\lateblt\lateblt2084.jpg,late_blight,irish
D:\Potato\IrishPotato37G_full\lateblt\lateblt2545.jpg,late_blight,irish
D:\Potato\IrishPotato37G_full\lateblt\lateblt772.jpg,late_blight,irish
D:\Potato\IrishPotato37G_full\healthy\healthy5406.jpg,healthy,irish
D:\Potato\IrishPotato37G_full\lateblt\lateblt621.jpg,late_blight,irish
D:\Potato\IrishPotato37G_full\healthy\healthy1331.jpg,healthy,irish
D:\Potato\IrishPotato37G_full\healthy\healthy2093.jpg,healthy,irish
D:\Potato\IrishPotato37G_full\healthy\healthy1533.jpg,healthy,irish
D:\Potato\PlantVillage\Potato___healthy\b925ad3e-fc49-497d-a6eb-115f0de20800___RS_HL 4170.JPG,healthy,plantvillage
D:\Potato\IrishPotato37G_full\healthy\healthy3487.jpg,healthy,irish
D:\Potato\IrishPotato37G_full\healthy\healthy4722.jpg,healthy,irish
D:\Potato\IrishPotato37G_full\earlyblt\earlyblt2342.jpg,early_blight,irish
D:\Potato\IrishPotato37G_full\healthy\healthy4143.jpg,healthy,irish
D:\Potato\PlantVillage\Potato___Late_blight\031672c9-bf0a-46bf-8b52-d7cdc067612e___RS_LB 5019.JPG,late_blight,plantvillage
D:\Potato\IrishPotato37G_full\earlyblt\earlyblt3913.jpg,early_blight,irish
D:\Potato\IrishPotato37G_full\lateblt\lateblt2406.jpg,late_blight,irish
D:\Potato\non_leaf\coco_person\000000335328.jpg,non_leaf,coco_person
D:\Potato\IrishPotato37G_full\earlyblt\earlyblt2894.jpg,early_blight,irish
D:\Potato\IrishPotato37G_full\earlyblt\earlyblt235.jpg,early_blight,irish
D:\Potato\IrishPotato37G_full\earlyblt\earlyblt3762.jpg,early_blight,irish
D:\Potato\IrishPotato37G_full\healthy\healthy2906.jpg,healthy,irish
D:\Potato\PlantVillage\Potato___Early_blight\49f13f57-6881-4caa-839b-d93215ce1b77___RS_Early.B 7009.JPG,early_blight,plantvillage
D:\Potato\IrishPotato37G_full\healthy\healthy2800.jpg,healthy,irish
D:\Potato\IrishPotato37G_full\earlyblt\earlyblt1930.jpg,early_blight,irish
D:\Potato\IrishPotato37G_full\earlyblt\earlyblt6468.jpg,early_blight,irish
D:\Potato\PlantVillage\Potato___Late_blight\f3ee2886-4ada-4287-94b6-c4c93005b887___RS_LB 4352.JPG,late_blight,plantvillage
D:\Potato\IrishPotato37G_full\healthy\healthy3025.jpg,healthy,irish
D:\Potato\IrishPotato37G_full\lateblt\lateblt171.jpg,late_blight,irish
D:\Potato\PlantVillage\Potato___Early_blight\6ad3d424-3e81-4b18-a029-4a20884c4ada___RS_Early.B 8380.JPG,early_blight,plantvillage
D:\Potato\IrishPotato37G_full\healthy\healthy733.jpg,healthy,irish
D:\Potato\IrishPotato37G_full\earlyblt\earlyblt1583.jpg,early_blight,irish
D:\Potato\PlantVillage\Potato___Early_blight\5c43b799-a722-4209-b571-2a7ca23de273___RS_Early.B 7321.JPG,early_blight,plantvillage
D:\Potato\IrishPotato37G_full\lateblt\lateblt464.jpg,late_blight,irish
D:\Potato\IrishPotato37G_full\lateblt\lateblt1404.jpg,late_blight,irish
D:\Potato\non_leaf\coco_person\000000012576.jpg,non_leaf,coco_person
D:\Potato\IrishPotato37G_full\healthy\healthy1620.jpg,healthy,irish
D:\Potato\IrishPotato37G_full\lateblt\lateblt2088.jpg,late_blight,irish
D:\Potato\IrishPotato37G_full\healthy\healthy4320.jpg,healthy,irish
D:\Potato\PlantVillage\Potato___Late_blight\ae20cc4e-fe37-48f0-9566-2d2efc5afd38___RS_LB 4290.JPG,late_blight,plantvillage
D:\Potato\PlantVillage\Potato___Late_blight\b03529cf-21fd-4c94-a948-461a8d17e01c___RS_LB 4828.JPG,late_blight,plantvillage
D:\Potato\PlantVillage\Potato___Late_blight\580e8c49-3b1c-46d2-b3f4-68f0b3de0d77___RS_LB 4063.JPG,late_blight,plantvillage
D:\Potato\IrishPotato37G_full\healthy\healthy4638.jpg,healthy,irish
D:\Potato\non_leaf\coco_person\000000065798.jpg,non_leaf,coco_person
D:\Potato\IrishPotato37G_full\healthy\healthy3117.jpg,healthy,irish
D:\Potato\IrishPotato37G_full\healthy\healthy2576.jpg,healthy,irish
D:\Potato\PlantVillage\Potato___Early_blight\d59c5aa9-8d45-45db-be3e-0276e24641f5___RS_Early.B 7897.JPG,early_blight,plantvillage
D:\Potato\IrishPotato37G_full\earlyblt\earlyblt6473.jpg,early_blight,irish
D:\Potato\PlantVillage\Potato___Late_blight\d6a4ae30-77a6-458c-99e4-c817e7234aa3___RS_LB 4706.JPG,late_blight,plantvillage
D:\Potato\IrishPotato37G_full\earlyblt\earlyblt895.jpg,early_blight,irish
D:\Potato\IrishPotato37G_full\lateblt\lateblt698.jpg,late_blight,irish
D:\Potato\PlantVillage\Potato___Early_blight\e6693b54-623a-4323-aa79-3e0fc3c07288___RS_Early.B 9198.JPG,early_blight,plantvillage
D:\Potato\IrishPotato37G_full\lateblt\lateblt920.jpg,late_blight,irish
D:\Potato\PlantVillage\Potato___Late_blight\2c2b39ed-75f9-49f6-a28e-36a2cb608297___RS_LB 2794.JPG,late_blight,plantvillage
D:\Potato\IrishPotato37G_full\healthy\healthy1537.jpg,healthy,irish
D:\Potato\non_leaf\coco_person\000000109900.jpg,non_leaf,coco_person
D:\Potato\IrishPotato37G_full\lateblt\lateblt17.jpg,late_blight,irish
D:\Potato\IrishPotato37G_full\earlyblt\earlyblt737.jpg,early_blight,irish
D:\Potato\non_leaf\coco_person\000000106912.jpg,non_leaf,coco_person
D:\Potato\non_leaf\coco_person\000000515350.jpg,non_leaf,coco_person
D:\Potato\PlantVillage\Potato___Late_blight\85d60a7c-4a4c-4fcf-8743-21b4c03ff12c___RS_LB 3868.JPG,late_blight,plantvillage
D:\Potato\PlantVillage\Potato___Late_blight\6ce76067-e78f-42e3-a1d6-c04f92414038___RS_LB 5267.JPG,late_blight,plantvillage
D:\Potato\IrishPotato37G_full\healthy\healthy2927.jpg,healthy,irish
D:\Potato\non_leaf\coco_person\000000015660.jpg,non_leaf,coco_person
D:\Potato\IrishPotato37G_full\healthy\healthy1197.jpg,healthy,irish
D:\Potato\IrishPotato37G_full\lateblt\lateblt1132.jpg,late_blight,irish
D:\Potato\IrishPotato37G_full\earlyblt\earlyblt3195.jpg,early_blight,irish
D:\Potato\IrishPotato37G_full\healthy\healthy4075.jpg,healthy,irish
D:\Potato\PlantVillage\Potato___Late_blight\2a52ba17-febc-49b9-b5ab-52a500d387de___RS_LB 2621.JPG,late_blight,plantvillage
D:\Potato\PlantVillage\Potato___Early_blight\8e05b766-d0a9-4621-9bb4-d16bef411dda___RS_Early.B 7238.JPG,early_blight,plantvillage
D:\Potato\IrishPotato37G_full\healthy\healthy4643.jpg,healthy,irish
D:\Potato\IrishPotato37G_full\earlyblt\earlyblt6990.jpg,early_blight,irish
D:\Potato\PlantVillage\Potato___Early_blight\a938ba0c-780a-41e0-b26c-3c6b87047ac6___RS_Early.B 6878.JPG,early_blight,plantvillage
D:\Potato\IrishPotato37G_full\lateblt\lateblt760.jpg,late_blight,irish
D:\Potato\PlantVillage\Potato___Late_blight\f9bd5093-1f62-4d00-bb66-7f65ce5c412b___RS_LB 2854.JPG,late_blight,plantvillage
D:\Potato\IrishPotato37G_full\healthy\healthy2372.jpg,healthy,irish
D:\Potato\PlantVillage\Potato___Late_blight\e10ce839-9da1-4f23-9b5e-c5483f6eabbd___RS_LB 5328.JPG,late_blight,plantvillage
D:\Potato\IrishPotato37G_full\earlyblt\earlyblt2762.jpg,early_blight,irish
D:\Potato\PlantVillage\Potato___Late_blight\d2ff230f-99a5-4dc5-968c-246d772788af___RS_LB 3279.JPG,late_blight,plantvillage
D:\Potato\PlantVillage\Potato___Early_blight\4a06db68-bed1-4ae6-80ba-e9df70fa6f7b___RS_Early.B 8657.JPG,early_blight,plantvillage
D:\Potato\PlantVillage\Potato___Early_blight\f5fca019-b28f-4000-9d5e-b0b5fd061304___RS_Early.B 7503.JPG,early_blight,plantvillage
D:\Potato\non_leaf\coco_person\000000208423.jpg,non_leaf,coco_person
D:\Potato\IrishPotato37G_full\healthy\healthy597.jpg,healthy,irish
D:\Potato\PlantVillage\Potato___Late_blight\265e32dc-44f3-40f8-8c5d-8bc223dd0f52___RS_LB 4859.JPG,late_blight,plantvillage
D:\Potato\IrishPotato37G_full\lateblt\lateblt294.jpg,late_blight,irish
D:\Potato\IrishPotato37G_full\healthy\healthy3316.jpg,healthy,irish
D:\Potato\IrishPotato37G_full\earlyblt\earlyblt3906.jpg,early_blight,irish
D:\Potato\IrishPotato37G_full\lateblt\lateblt2565.jpg,late_blight,irish
D:\Potato\non_leaf\coco_person\000000167067.jpg,non_leaf,coco_person
D:\Potato\IrishPotato37G_full\lateblt\lateblt2624.jpg,late_blight,irish
D:\Potato\IrishPotato37G_full\healthy\healthy2967.jpg,healthy,irish
D:\Potato\PlantVillage\Potato___Late_blight\2b7f92a9-9bd8-4461-9588-ab98abf54be0___RS_LB 2575.JPG,late_blight,plantvillage
D:\Potato\IrishPotato37G_full\healthy\healthy2570.jpg,healthy,irish
D:\Potato\IrishPotato37G_full\earlyblt\earlyblt7003.jpg,early_blight,irish
D:\Potato\IrishPotato37G_full\earlyblt\earlyblt4882.jpg,early_blight,irish
D:\Potato\IrishPotato37G_full\healthy\healthy4309.jpg,healthy,irish
D:\Potato\non_leaf\coco_person\000000441468.jpg,non_leaf,coco_person
D:\Potato\PlantVillage\Potato___Late_blight\12ce2ab1-14c4-4960-81d4-e6ae776510e9___RS_LB 2880.JPG,late_blight,plantvillage
D:\Potato\IrishPotato37G_full\lateblt\lateblt30.jpg,late_blight,irish
D:\Potato\IrishPotato37G_full\earlyblt\earlyblt704.jpg,early_blight,irish
D:\Potato\IrishPotato37G_full\lateblt\lateblt27.jpg,late_blight,irish
D:\Potato\non_leaf\coco_person\000000553221.jpg,non_leaf,coco_person
D:\Potato\IrishPotato37G_full\lateblt\lateblt2032.jpg,late_blight,irish
D:\Potato\IrishPotato37G_full\earlyblt\earlyblt4986.jpg,early_blight,irish
D:\Potato\IrishPotato37G_full\healthy\healthy2188.jpg,healthy,irish
D:\Potato\IrishPotato37G_full\lateblt\lateblt2689.jpg,late_blight,irish
D:\Potato\IrishPotato37G_full\lateblt\lateblt2861.jpg,late_blight,irish
D:\Potato\IrishPotato37G_full\lateblt\lateblt1502.jpg,late_blight,irish
D:\Potato\IrishPotato37G_full\lateblt\lateblt828.jpg,late_blight,irish
D:\Potato\IrishPotato37G_full\lateblt\lateblt532.jpg,late_blight,irish
D:\Potato\IrishPotato37G_full\healthy\healthy3903.jpg,healthy,irish
D:\Potato\PlantVillage\Potato___healthy\31a09d39-6791-4ecb-8f44-af2ed85dbd33___RS_HL 1970.JPG,healthy,plantvillage
D:\Potato\IrishPotato37G_full\earlyblt\earlyblt4819.jpg,early_blight,irish
D:\Potato\IrishPotato37G_full\earlyblt\earlyblt1160.jpg,early_blight,irish
D:\Potato\IrishPotato37G_full\earlyblt\earlyblt766.jpg,early_blight,irish
D:\Potato\PlantVillage\Potato___Early_blight\c82e587c-a0f2-451e-9057-e3719a3d9562___RS_Early.B 6824.JPG,early_blight,plantvillage
D:\Potato\IrishPotato37G_full\lateblt\lateblt1398.jpg,late_blight,irish
D:\Potato\IrishPotato37G_full\earlyblt\earlyblt188.jpg,early_blight,irish
D:\Potato\IrishPotato37G_full\earlyblt\earlyblt2409.jpg,early_blight,irish
D:\Potato\non_leaf\coco_person\000000351530.jpg,non_leaf,coco_person
D:\Potato\IrishPotato37G_full\healthy\healthy5496.jpg,healthy,irish
D:\Potato\IrishPotato37G_full\lateblt\lateblt2213.jpg,late_blight,irish
D:\Potato\PlantVillage\Potato___Early_blight\9bc2ecbb-4a3c-43be-80ce-c6ac77e4b498___RS_Early.B 7145.JPG,early_blight,plantvillage
D:\Potato\PlantVillage\Potato___Early_blight\2b1718b3-c951-4f24-b6ec-4eb7df77c913___RS_Early.B 7475.JPG,early_blight,plantvillage
D:\Potato\IrishPotato37G_full\earlyblt\earlyblt6353.jpg,early_blight,irish
D:\Potato\IrishPotato37G_full\earlyblt\earlyblt4677.jpg,early_blight,irish
D:\Potato\IrishPotato37G_full\earlyblt\earlyblt821.jpg,early_blight,irish
D:\Potato\IrishPotato37G_full\earlyblt\earlyblt1601.jpg,early_blight,irish
D:\Potato\non_leaf\coco_person\000000448263.jpg,non_leaf,coco_person
D:\Potato\IrishPotato37G_full\lateblt\lateblt2515.jpg,late_blight,irish
D:\Potato\IrishPotato37G_full\lateblt\lateblt724.jpg,late_blight,irish
D:\Potato\IrishPotato37G_full\lateblt\lateblt1198.jpg,late_blight,irish
D:\Potato\IrishPotato37G_full\lateblt\lateblt2507.jpg,late_blight,irish
D:\Potato\non_leaf\coco_person\000000552775.jpg,non_leaf,coco_person
D:\Potato\PlantVillage\Potato___Late_blight\e8040f51-18ed-43ec-9fa3-b5eb972f4fec___RS_LB 2527.JPG,late_blight,plantvillage
D:\Potato\IrishPotato37G_full\earlyblt\earlyblt112.jpg,early_blight,irish
D:\Potato\IrishPotato37G_full\earlyblt\earlyblt4951.jpg,early_blight,irish
D:\Potato\IrishPotato37G_full\earlyblt\earlyblt1710.jpg,early_blight,irish
D:\Potato\PlantVillage\Potato___Late_blight\07fea080-7f6b-48e9-b6b5-10d7daf57610___RS_LB 3210.JPG,late_blight,plantvillage
D:\Potato\IrishPotato37G_full\earlyblt\earlyblt1837.jpg,early_blight,irish
D:\Potato\IrishPotato37G_full\healthy\healthy5636.jpg,healthy,irish
D:\Potato\IrishPotato37G_full\lateblt\lateblt98.jpg,late_blight,irish
D:\Potato\PlantVillage\Potato___Early_blight\de44f09b-b207-4805-8970-2999f9c2dc7c___RS_Early.B 7917.JPG,early_blight,plantvillage
D:\Potato\IrishPotato37G_full\lateblt\lateblt781.jpg,late_blight,irish
D:\Potato\PlantVillage\Potato___Late_blight\6033f0b2-48e7-411c-a39b-86297f412c19___RS_LB 4020.JPG,late_blight,plantvillage
D:\Potato\PlantVillage\Potato___Early_blight\6fc04d72-747b-4a96-912a-db0bd967ece0___RS_Early.B 8002.JPG,early_blight,plantvillage
D:\Potato\IrishPotato37G_full\earlyblt\earlyblt6089.jpg,early_blight,irish
D:\Potato\IrishPotato37G_full\earlyblt\earlyblt2647.jpg,early_blight,irish
D:\Potato\PlantVillage\Potato___Early_blight\c3ce9bae-e62a-4dd9-afa0-f020c48b87cc___RS_Early.B 6704.JPG,early_blight,plantvillage
D:\Potato\IrishPotato37G_full\healthy\healthy1203.jpg,healthy,irish
D:\Potato\IrishPotato37G_full\earlyblt\earlyblt211.jpg,early_blight,irish
D:\Potato\PlantVillage\Potato___Late_blight\a7dc8b54-5e4a-4055-ae98-eba4268cf966___RS_LB 5243.JPG,late_blight,plantvillage
D:\Potato\IrishPotato37G_full\healthy\healthy720.jpg,healthy,irish
D:\Potato\IrishPotato37G_full\healthy\healthy3165.jpg,healthy,irish
D:\Potato\PlantVillage\Potato___Early_blight\74bedc99-e24e-43de-a17c-003822c8af41___RS_Early.B 8725.JPG,early_blight,plantvillage
D:\Potato\IrishPotato37G_full\earlyblt\earlyblt3297.jpg,early_blight,irish
D:\Potato\non_leaf\coco_person\000000191672.jpg,non_leaf,coco_person
D:\Potato\IrishPotato37G_full\lateblt\lateblt451.jpg,late_blight,irish
D:\Potato\PlantVillage\Potato___Late_blight\04fe5855-ec9c-40b3-9893-ca8addc236bd___RS_LB 4913.JPG,late_blight,plantvillage
D:\Potato\IrishPotato37G_full\earlyblt\earlyblt967.jpg,early_blight,irish
D:\Potato\IrishPotato37G_full\lateblt\lateblt248.jpg,late_blight,irish
D:\Potato\IrishPotato37G_full\lateblt\lateblt995.jpg,late_blight,irish
D:\Potato\IrishPotato37G_full\earlyblt\earlyblt6928.jpg,early_blight,irish
D:\Potato\IrishPotato37G_full\healthy\healthy4928.jpg,healthy,irish
D:\Potato\IrishPotato37G_full\lateblt\lateblt204.jpg,late_blight,irish
D:\Potato\IrishPotato37G_full\lateblt\lateblt2480.jpg,late_blight,irish
D:\Potato\IrishPotato37G_full\lateblt\lateblt5009.jpg,late_blight,irish
D:\Potato\IrishPotato37G_full\earlyblt\earlyblt3993.jpg,early_blight,irish
D:\Potato\PlantVillage\Potato___Early_blight\b475147c-92bc-419a-b2c3-7d5aabbb79ec___RS_Early.B 7379.JPG,early_blight,plantvillage
D:\Potato\PlantVillage\Potato___healthy\a4d1d8cb-26a2-413f-a229-021e2eea87ac___RS_HL 1819.JPG,healthy,plantvillage
D:\Potato\IrishPotato37G_full\healthy\healthy3434.jpg,healthy,irish
D:\Potato\IrishPotato37G_full\healthy\healthy3674.jpg,healthy,irish
D:\Potato\IrishPotato37G_full\lateblt\lateblt264.jpg,late_blight,irish
D:\Potato\IrishPotato37G_full\earlyblt\earlyblt1588.jpg,early_blight,irish
D:\Potato\IrishPotato37G_full\lateblt\lateblt2269.jpg,late_blight,irish
D:\Potato\IrishPotato37G_full\healthy\healthy4254.jpg,healthy,irish
D:\Potato\IrishPotato37G_full\healthy\healthy4427.jpg,healthy,irish
D:\Potato\IrishPotato37G_full\earlyblt\earlyblt4898.jpg,early_blight,irish
D:\Potato\IrishPotato37G_full\lateblt\lateblt1561.jpg,late_blight,irish
D:\Potato\PlantVillage\Potato___Early_blight\5a6f3209-223e-43e5-8680-41dd3d5091ce___RS_Early.B 7288.JPG,early_blight,plantvillage
D:\Potato\IrishPotato37G_full\healthy\healthy1135.jpg,healthy,irish
D:\Potato\IrishPotato37G_full\earlyblt\earlyblt3434.jpg,early_blight,irish
D:\Potato\IrishPotato37G_full\healthy\healthy5199.jpg,healthy,irish
D:\Potato\IrishPotato37G_full\lateblt\lateblt1322.jpg,late_blight,irish
D:\Potato\non_leaf\coco_person\000000192964.jpg,non_leaf,coco_person
D:\Potato\IrishPotato37G_full\lateblt\lateblt100.jpg,late_blight,irish
D:\Potato\IrishPotato37G_full\earlyblt\earlyblt452.jpg,early_blight,irish
D:\Potato\PlantVillage\Potato___Early_blight\7ea05f87-83d3-405e-84ee-f637426f4bab___RS_Early.B 6715.JPG,early_blight,plantvillage
D:\Potato\PlantVillage\Potato___Early_blight\4b925312-1973-41cf-afdf-9090d02dd539___RS_Early.B 7913.JPG,early_blight,plantvillage
D:\Potato\PlantVillage\Potato___Early_blight\99821810-926a-4ac4-9bc7-cbae991f7e68___RS_Early.B 7626.JPG,early_blight,plantvillage
D:\Potato\IrishPotato37G_full\earlyblt\earlyblt3418.jpg,early_blight,irish
D:\Potato\IrishPotato37G_full\lateblt\lateblt1107.jpg,late_blight,irish
D:\Potato\IrishPotato37G_full\healthy\healthy4354.jpg,healthy,irish
D:\Potato\PlantVillage\Potato___Late_blight\9f5acd9c-13b2-4246-a938-77774ba89318___RS_LB 3153.JPG,late_blight,plantvillage
D:\Potato\IrishPotato37G_full\earlyblt\earlyblt4792.jpg,early_blight,irish
D:\Potato\IrishPotato37G_full\lateblt\lateblt450.jpg,late_blight,irish
D:\Potato\IrishPotato37G_full\earlyblt\earlyblt2744.jpg,early_blight,irish
D:\Potato\IrishPotato37G_full\lateblt\lateblt2705.jpg,late_blight,irish
D:\Potato\IrishPotato37G_full\lateblt\lateblt2615.jpg,late_blight,irish
D:\Potato\PlantVillage\Potato___Late_blight\9ccb00a6-1542-4b0e-bd90-e7f1ff10e7f7___RS_LB 3058.JPG,late_blight,plantvillage
D:\Potato\IrishPotato37G_full\lateblt\lateblt2698.jpg,late_blight,irish
D:\Potato\PlantVillage\Potato___Late_blight\e4a264b9-fbae-4f38-86ce-d0a7d70e92e1___RS_LB 5211.JPG,late_blight,plantvillage
D:\Potato\IrishPotato37G_full\healthy\healthy1352.jpg,healthy,irish
D:\Potato\IrishPotato37G_full\earlyblt\earlyblt6979.jpg,early_blight,irish
D:\Potato\IrishPotato37G_full\lateblt\lateblt2844.jpg,late_blight,irish
D:\Potato\IrishPotato37G_full\lateblt\lateblt2828.jpg,late_blight,irish
D:\Potato\PlantVillage\Potato___Late_blight\fbe08e9f-d4a0-4a6e-9741-c34fda88b3d2___RS_LB 4540.JPG,late_blight,plantvillage
D:\Potato\IrishPotato37G_full\healthy\healthy77.jpg,healthy,irish
D:\Potato\IrishPotato37G_full\earlyblt\earlyblt853.jpg,early_blight,irish
D:\Potato\IrishPotato37G_full\healthy\healthy3663.jpg,healthy,irish
D:\Potato\IrishPotato37G_full\lateblt\lateblt262.jpg,late_blight,irish
D:\Potato\IrishPotato37G_full\earlyblt\earlyblt6913.jpg,early_blight,irish
D:\Potato\IrishPotato37G_full\healthy\healthy4207.jpg,healthy,irish
D:\Potato\IrishPotato37G_full\lateblt\lateblt5029.jpg,late_blight,irish
D:\Potato\non_leaf\coco_person\000000483667.jpg,non_leaf,coco_person
D:\Potato\IrishPotato37G_full\healthy\healthy5664.jpg,healthy,irish
D:\Potato\IrishPotato37G_full\healthy\healthy3649.jpg,healthy,irish
D:\Potato\PlantVillage\Potato___Late_blight\a3e80876-49cd-4856-9253-8df14fc36dcd___RS_LB 3851.JPG,late_blight,plantvillage
D:\Potato\IrishPotato37G_full\earlyblt\earlyblt2263.jpg,early_blight,irish
D:\Potato\IrishPotato37G_full\lateblt\lateblt1661.jpg,late_blight,irish
D:\Potato\IrishPotato37G_full\earlyblt\earlyblt1429.jpg,early_blight,irish
D:\Potato\IrishPotato37G_full\lateblt\lateblt125.jpg,late_blight,irish
D:\Potato\IrishPotato37G_full\earlyblt\earlyblt3266.jpg,early_blight,irish
D:\Potato\IrishPotato37G_full\lateblt\lateblt2031.jpg,late_blight,irish
D:\Potato\PlantVillage\Potato___healthy\3a1dbeee-089c-43f0-8f51-a92d3687a515___RS_HL 1754.JPG,healthy,plantvillage
D:\Potato\IrishPotato37G_full\earlyblt\earlyblt6414.jpg,early_blight,irish
D:\Potato\IrishPotato37G_full\healthy\healthy1569.jpg,healthy,irish
D:\Potato\PlantVillage\Potato___Late_blight\ea356b9c-9090-4f0d-9083-d1f63c77372d___RS_LB 2800.JPG,late_blight,plantvillage
D:\Potato\IrishPotato37G_full\healthy\healthy4999.jpg,healthy,irish
D:\Potato\IrishPotato37G_full\healthy\healthy3337.jpg,healthy,irish
D:\Potato\IrishPotato37G_full\lateblt\lateblt627.jpg,late_blight,irish
D:\Potato\IrishPotato37G_full\lateblt\lateblt2899.jpg,late_blight,irish
D:\Potato\IrishPotato37G_full\lateblt\lateblt5038.jpg,late_blight,irish
D:\Potato\IrishPotato37G_full\healthy\healthy5117.jpg,healthy,irish
D:\Potato\IrishPotato37G_full\earlyblt\earlyblt1416.jpg,early_blight,irish
D:\Potato\IrishPotato37G_full\healthy\healthy4609.jpg,healthy,irish
D:\Potato\IrishPotato37G_full\lateblt\lateblt2092.jpg,late_blight,irish
D:\Potato\IrishPotato37G_full\healthy\healthy2280.jpg,healthy,irish
D:\Potato\PlantVillage\Potato___Early_blight\fc603fb2-e2a0-4990-8a75-0e4f80f40694___RS_Early.B 7584.JPG,early_blight,plantvillage
D:\Potato\IrishPotato37G_full\earlyblt\earlyblt666.jpg,early_blight,irish
D:\Potato\PlantVillage\Potato___Late_blight\98f31440-de70-4c5f-be88-cdf2cb160d76___RS_LB 4947.JPG,late_blight,plantvillage
D:\Potato\IrishPotato37G_full\lateblt\lateblt1308.jpg,late_blight,irish
D:\Potato\IrishPotato37G_full\lateblt\lateblt875.jpg,late_blight,irish
D:\Potato\non_leaf\coco_person\000000197388.jpg,non_leaf,coco_person
D:\Potato\IrishPotato37G_full\healthy\healthy1659.jpg,healthy,irish
D:\Potato\IrishPotato37G_full\lateblt\lateblt827.jpg,late_blight,irish
D:\Potato\non_leaf\coco_person\000000094871.jpg,non_leaf,coco_person
D:\Potato\IrishPotato37G_full\healthy\healthy4022.jpg,healthy,irish
D:\Potato\IrishPotato37G_full\lateblt\lateblt1465.jpg,late_blight,irish
D:\Potato\IrishPotato37G_full\healthy\healthy5134.jpg,healthy,irish
D:\Potato\IrishPotato37G_full\lateblt\lateblt131.jpg,late_blight,irish
D:\Potato\IrishPotato37G_full\lateblt\lateblt1591.jpg,late_blight,irish
D:\Potato\PlantVillage\Potato___Early_blight\a2fe15c2-1900-4fbd-9e69-771b1693cc68___RS_Early.B 7398.JPG,early_blight,plantvillage
D:\Potato\IrishPotato37G_full\lateblt\lateblt1660.jpg,late_blight,irish
D:\Potato\PlantVillage\Potato___Early_blight\b54a2105-b9a4-4665-9e34-44df46d0be5a___RS_Early.B 8507.JPG,early_blight,plantvillage
D:\Potato\non_leaf\coco_person\000000437351.jpg,non_leaf,coco_person
D:\Potato\PlantVillage\Potato___Early_blight\72c4221d-f82b-48fc-a91e-8aa46f5cb0cc___RS_Early.B 8399.JPG,early_blight,plantvillage
D:\Potato\IrishPotato37G_full\lateblt\lateblt1180.jpg,late_blight,irish
D:\Potato\PlantVillage\Potato___Early_blight\292a3f93-96a2-4b0d-879f-581136c57bcf___RS_Early.B 7099.JPG,early_blight,plantvillage
D:\Potato\IrishPotato37G_full\healthy\healthy4387.jpg,healthy,irish
D:\Potato\IrishPotato37G_full\healthy\healthy1798.jpg,healthy,irish
D:\Potato\IrishPotato37G_full\lateblt\lateblt2194.jpg,late_blight,irish
D:\Potato\IrishPotato37G_full\earlyblt\earlyblt416.jpg,early_blight,irish
D:\Potato\IrishPotato37G_full\healthy\healthy4689.jpg,healthy,irish
D:\Potato\IrishPotato37G_full\earlyblt\earlyblt2737.jpg,early_blight,irish
D:\Potato\IrishPotato37G_full\earlyblt\earlyblt400.jpg,early_blight,irish
D:\Potato\IrishPotato37G_full\healthy\healthy1138.jpg,healthy,irish
D:\Potato\PlantVillage\Potato___Early_blight\2fe81ef1-d7ec-4395-b071-c74d5beb4037___RS_Early.B 7242.JPG,early_blight,plantvillage
D:\Potato\IrishPotato37G_full\lateblt\lateblt747.jpg,late_blight,irish
D:\Potato\IrishPotato37G_full\earlyblt\earlyblt1554.jpg,early_blight,irish
D:\Potato\IrishPotato37G_full\healthy\healthy2035.jpg,healthy,irish
D:\Potato\IrishPotato37G_full\lateblt\lateblt2843.jpg,late_blight,irish
D:\Potato\IrishPotato37G_full\earlyblt\earlyblt6402.jpg,early_blight,irish
D:\Potato\PlantVillage\Potato___Late_blight\b574ad16-1c07-4f70-bf1d-e2314d2dd81f___RS_LB 2849.JPG,late_blight,plantvillage
D:\Potato\IrishPotato37G_full\healthy\healthy2920.jpg,healthy,irish
D:\Potato\IrishPotato37G_full\lateblt\lateblt2980.jpg,late_blight,irish
D:\Potato\IrishPotato37G_full\healthy\healthy4377.jpg,healthy,irish
D:\Potato\IrishPotato37G_full\earlyblt\earlyblt3443.jpg,early_blight,irish
D:\Potato\IrishPotato37G_full\healthy\healthy1300.jpg,healthy,irish
D:\Potato\PlantVillage\Potato___Early_blight\3e7543bc-4792-4b65-afd9-f9ccd52b7319___RS_Early.B 8571.JPG,early_blight,plantvillage
D:\Potato\IrishPotato37G_full\earlyblt\earlyblt2132.jpg,early_blight,irish
D:\Potato\IrishPotato37G_full\healthy\healthy2243.jpg,healthy,irish
D:\Potato\IrishPotato37G_full\healthy\healthy3382.jpg,healthy,irish
D:\Potato\IrishPotato37G_full\healthy\healthy2289.jpg,healthy,irish
D:\Potato\non_leaf\coco_person\000000343803.jpg,non_leaf,coco_person
D:\Potato\IrishPotato37G_full\earlyblt\earlyblt6974.jpg,early_blight,irish
D:\Potato\IrishPotato37G_full\earlyblt\earlyblt959.jpg,early_blight,irish
D:\Potato\IrishPotato37G_full\lateblt\lateblt2912.jpg,late_blight,irish
D:\Potato\IrishPotato37G_full\earlyblt\earlyblt890.jpg,early_blight,irish
D:\Potato\IrishPotato37G_full\lateblt\lateblt696.jpg,late_blight,irish
D:\Potato\IrishPotato37G_full\lateblt\lateblt1162.jpg,late_blight,irish
D:\Potato\non_leaf\coco_person\000000394510.jpg,non_leaf,coco_person
D:\Potato\IrishPotato37G_full\healthy\healthy2741.jpg,healthy,irish
D:\Potato\IrishPotato37G_full\lateblt\lateblt2477.jpg,late_blight,irish
D:\Potato\IrishPotato37G_full\earlyblt\earlyblt1003.jpg,early_blight,irish
D:\Potato\IrishPotato37G_full\earlyblt\earlyblt219.jpg,early_blight,irish
D:\Potato\IrishPotato37G_full\healthy\healthy167.jpg,healthy,irish
D:\Potato\IrishPotato37G_full\healthy\healthy1474.jpg,healthy,irish
D:\Potato\IrishPotato37G_full\healthy\healthy793.jpg,healthy,irish
D:\Potato\non_leaf\coco_person\000000107226.jpg,non_leaf,coco_person
D:\Potato\IrishPotato37G_full\healthy\healthy578.jpg,healthy,irish
D:\Potato\IrishPotato37G_full\lateblt\lateblt2584.jpg,late_blight,irish
D:\Potato\IrishPotato37G_full\lateblt\lateblt1558.jpg,late_blight,irish
D:\Potato\IrishPotato37G_full\healthy\healthy894.jpg,healthy,irish
D:\Potato\IrishPotato37G_full\healthy\healthy1194.jpg,healthy,irish
D:\Potato\IrishPotato37G_full\healthy\healthy3926.jpg,healthy,irish
D:\Potato\IrishPotato37G_full\healthy\healthy932.jpg,healthy,irish
D:\Potato\IrishPotato37G_full\healthy\healthy69.jpg,healthy,irish
D:\Potato\IrishPotato37G_full\healthy\healthy4331.jpg,healthy,irish
D:\Potato\PlantVillage\Potato___Early_blight\87c0254c-c987-4c54-adda-45c5e7346170___RS_Early.B 8848.JPG,early_blight,plantvillage
D:\Potato\IrishPotato37G_full\earlyblt\earlyblt1968.jpg,early_blight,irish
D:\Potato\non_leaf\coco_person\000000257865.jpg,non_leaf,coco_person
D:\Potato\IrishPotato37G_full\earlyblt\earlyblt6629.jpg,early_blight,irish
D:\Potato\IrishPotato37G_full\earlyblt\earlyblt660.jpg,early_blight,irish
D:\Potato\IrishPotato37G_full\lateblt\lateblt1196.jpg,late_blight,irish
D:\Potato\PlantVillage\Potato___Late_blight\70b8c0ad-be72-4f3f-84ba-7439f83b089b___RS_LB 4446.JPG,late_blight,plantvillage
D:\Potato\PlantVillage\Potato___Late_blight\bb3049f8-7377-4610-b13f-8daf6753bda7___RS_LB 4031.JPG,late_blight,plantvillage
D:\Potato\IrishPotato37G_full\lateblt\lateblt268.jpg,late_blight,irish
D:\Potato\non_leaf\coco_person\000000356094.jpg,non_leaf,coco_person
D:\Potato\IrishPotato37G_full\healthy\healthy1225.jpg,healthy,irish
D:\Potato\IrishPotato37G_full\lateblt\lateblt2696.jpg,late_blight,irish
D:\Potato\IrishPotato37G_full\lateblt\lateblt2183.jpg,late_blight,irish
D:\Potato\IrishPotato37G_full\healthy\healthy2420.jpg,healthy,irish
D:\Potato\IrishPotato37G_full\lateblt\lateblt5004.jpg,late_blight,irish
D:\Potato\PlantVillage\Potato___Early_blight\1896de06-b6eb-4c01-a6c6-3247405765b8___RS_Early.B 8335.JPG,early_blight,plantvillage
D:\Potato\IrishPotato37G_full\earlyblt\earlyblt124.jpg,early_blight,irish
D:\Potato\IrishPotato37G_full\lateblt\lateblt1641.jpg,late_blight,irish
D:\Potato\PlantVillage\Potato___Late_blight\14691d2b-446b-4f0e-921b-60d3b76cbf03___RS_LB 2518.JPG,late_blight,plantvillage
D:\Potato\IrishPotato37G_full\healthy\healthy4492.jpg,healthy,irish
D:\Potato\IrishPotato37G_full\earlyblt\earlyblt2461.jpg,early_blight,irish
D:\Potato\IrishPotato37G_full\lateblt\lateblt1699.jpg,late_blight,irish
D:\Potato\non_leaf\coco_person\000000066886.jpg,non_leaf,coco_person
D:\Potato\non_leaf\coco_person\000000146155.jpg,non_leaf,coco_person
D:\Potato\PlantVillage\Potato___Late_blight\def9c9e1-fd12-44d9-92ae-18c5ff0f52da___RS_LB 2605.JPG,late_blight,plantvillage
D:\Potato\IrishPotato37G_full\healthy\healthy2348.jpg,healthy,irish
D:\Potato\IrishPotato37G_full\lateblt\lateblt544.jpg,late_blight,irish
D:\Potato\IrishPotato37G_full\healthy\healthy3003.jpg,healthy,irish
D:\Potato\IrishPotato37G_full\earlyblt\earlyblt1804.jpg,early_blight,irish
D:\Potato\IrishPotato37G_full\lateblt\lateblt668.jpg,late_blight,irish
D:\Potato\IrishPotato37G_full\healthy\healthy3377.jpg,healthy,irish
D:\Potato\PlantVillage\Potato___Late_blight\ae52f85f-bce0-4fb9-a109-009e099a72e6___RS_LB 4972.JPG,late_blight,plantvillage
D:\Potato\IrishPotato37G_full\lateblt\lateblt5002.jpg,late_blight,irish
D:\Potato\IrishPotato37G_full\lateblt\lateblt798.jpg,late_blight,irish
D:\Potato\IrishPotato37G_full\healthy\healthy5479.jpg,healthy,irish
D:\Potato\IrishPotato37G_full\healthy\healthy2579.jpg,healthy,irish
D:\Potato\IrishPotato37G_full\earlyblt\earlyblt1078.jpg,early_blight,irish
D:\Potato\IrishPotato37G_full\lateblt\lateblt906.jpg,late_blight,irish
D:\Potato\IrishPotato37G_full\healthy\healthy2544.jpg,healthy,irish
D:\Potato\IrishPotato37G_full\earlyblt\earlyblt4968.jpg,early_blight,irish
D:\Potato\PlantVillage\Potato___Late_blight\6f669c56-c863-4c71-be49-8d020d3f7d3d___RS_LB 5128.JPG,late_blight,plantvillage
D:\Potato\PlantVillage\Potato___Late_blight\1b8ae46e-1202-4715-8ad1-fd18046c42d3___RS_LB 3880.JPG,late_blight,plantvillage
D:\Potato\IrishPotato37G_full\healthy\healthy5473.jpg,healthy,irish
D:\Potato\PlantVillage\Potato___Late_blight\fc748621-bd56-4012-a617-9e30df58ecfc___RS_LB 4402.JPG,late_blight,plantvillage
D:\Potato\IrishPotato37G_full\earlyblt\earlyblt6290.jpg,early_blight,irish
D:\Potato\IrishPotato37G_full\healthy\healthy5294.jpg,healthy,irish
D:\Potato\IrishPotato37G_full\lateblt\lateblt2905.jpg,late_blight,irish
D:\Potato\IrishPotato37G_full\earlyblt\earlyblt1170.jpg,early_blight,irish
D:\Potato\non_leaf\coco_person\000000336628.jpg,non_leaf,coco_person
D:\Potato\IrishPotato37G_full\earlyblt\earlyblt2143.jpg,early_blight,irish
D:\Potato\IrishPotato37G_full\earlyblt\earlyblt394.jpg,early_blight,irish
D:\Potato\IrishPotato37G_full\healthy\healthy2837.jpg,healthy,irish
D:\Potato\PlantVillage\Potato___Early_blight\520475a1-5acf-433f-a306-cff6ec1a99ef___RS_Early.B 9159.JPG,early_blight,plantvillage
D:\Potato\IrishPotato37G_full\lateblt\lateblt2563.jpg,late_blight,irish
D:\Potato\IrishPotato37G_full\earlyblt\earlyblt6229.jpg,early_blight,irish
D:\Potato\IrishPotato37G_full\lateblt\lateblt1455.jpg,late_blight,irish
D:\Potato\IrishPotato37G_full\healthy\healthy1189.jpg,healthy,irish
D:\Potato\IrishPotato37G_full\earlyblt\earlyblt661.jpg,early_blight,irish
D:\Potato\non_leaf\coco_person\000000143931.jpg,non_leaf,coco_person
D:\Potato\non_leaf\coco_person\000000210299.jpg,non_leaf,coco_person
D:\Potato\IrishPotato37G_full\healthy\healthy3400.jpg,healthy,irish
D:\Potato\IrishPotato37G_full\healthy\healthy4715.jpg,healthy,irish
D:\Potato\IrishPotato37G_full\healthy\healthy2726.jpg,healthy,irish
D:\Potato\IrishPotato37G_full\lateblt\lateblt2454.jpg,late_blight,irish
D:\Potato\IrishPotato37G_full\lateblt\lateblt1905.jpg,late_blight,irish
D:\Potato\PlantVillage\Potato___Late_blight\1757f48b-435b-4c4a-9de6-47b959ed1e67___RS_LB 5295.JPG,late_blight,plantvillage
D:\Potato\IrishPotato37G_full\healthy\healthy5146.jpg,healthy,irish
D:\Potato\IrishPotato37G_full\healthy\healthy1379.jpg,healthy,irish
D:\Potato\IrishPotato37G_full\healthy\healthy3303.jpg,healthy,irish
D:\Potato\PlantVillage\Potato___Early_blight\f8b3542b-559a-4aa4-9f4a-ec4d22f4386f___RS_Early.B 7309.JPG,early_blight,plantvillage
D:\Potato\IrishPotato37G_full\healthy\healthy2732.jpg,healthy,irish
D:\Potato\IrishPotato37G_full\earlyblt\earlyblt2954.jpg,early_blight,irish
D:\Potato\IrishPotato37G_full\earlyblt\earlyblt1620.jpg,early_blight,irish
D:\Potato\IrishPotato37G_full\lateblt\lateblt761.jpg,late_blight,irish
D:\Potato\PlantVillage\Potato___Late_blight\9c230647-02da-4948-9c52-dfc87bb1d34a___RS_LB 4593.JPG,late_blight,plantvillage
D:\Potato\IrishPotato37G_full\lateblt\lateblt2539.jpg,late_blight,irish
D:\Potato\IrishPotato37G_full\earlyblt\earlyblt2114.jpg,early_blight,irish
D:\Potato\IrishPotato37G_full\healthy\healthy5203.jpg,healthy,irish
D:\Potato\IrishPotato37G_full\healthy\healthy4955.jpg,healthy,irish
D:\Potato\non_leaf\coco_person\000000369442.jpg,non_leaf,coco_person
D:\Potato\PlantVillage\Potato___Early_blight\26d0fa09-d463-461b-830c-3e970244cabb___RS_Early.B 7406.JPG,early_blight,plantvillage
D:\Potato\PlantVillage\Potato___Early_blight\08bbd7f1-169d-4e38-946f-8d91589b263e___RS_Early.B 7106.JPG,early_blight,plantvillage
D:\Potato\IrishPotato37G_full\lateblt\lateblt2433.jpg,late_blight,irish
D:\Potato\IrishPotato37G_full\healthy\healthy842.jpg,healthy,irish
D:\Potato\non_leaf\coco_person\000000048564.jpg,non_leaf,coco_person
D:\Potato\IrishPotato37G_full\earlyblt\earlyblt1122.jpg,early_blight,irish
D:\Potato\IrishPotato37G_full\healthy\healthy1735.jpg,healthy,irish
D:\Potato\PlantVillage\Potato___Late_blight\b3e1ec14-6de4-4afc-9ceb-254469c8ce15___RS_LB 3910.JPG,late_blight,plantvillage
D:\Potato\IrishPotato37G_full\healthy\healthy563.jpg,healthy,irish
D:\Potato\IrishPotato37G_full\lateblt\lateblt2476.jpg,late_blight,irish
D:\Potato\PlantVillage\Potato___Late_blight\716325d9-fca6-46b4-8f5a-f6729c211200___RS_LB 3958.JPG,late_blight,plantvillage
D:\Potato\PlantVillage\Potato___Early_blight\89d4dba2-3d9c-46fe-bac3-6be833b01351___RS_Early.B 6749.JPG,early_blight,plantvillage
D:\Potato\IrishPotato37G_full\lateblt\lateblt475.jpg,late_blight,irish
D:\Potato\IrishPotato37G_full\earlyblt\earlyblt339.jpg,early_blight,irish
D:\Potato\IrishPotato37G_full\earlyblt\earlyblt2922.jpg,early_blight,irish
D:\Potato\IrishPotato37G_full\earlyblt\earlyblt6098.jpg,early_blight,irish
D:\Potato\IrishPotato37G_full\earlyblt\earlyblt2103.jpg,early_blight,irish
D:\Potato\IrishPotato37G_full\healthy\healthy698.jpg,healthy,irish
D:\Potato\IrishPotato37G_full\earlyblt\earlyblt819.jpg,early_blight,irish
D:\Potato\IrishPotato37G_full\lateblt\lateblt840.jpg,late_blight,irish
D:\Potato\PlantVillage\Potato___Late_blight\7b32b8b9-6b65-44e6-a3e5-edd7a5d62ec4___RS_LB 4142.JPG,late_blight,plantvillage
D:\Potato\IrishPotato37G_full\earlyblt\earlyblt265.jpg,early_blight,irish
D:\Potato\non_leaf\coco_person\000000322610.jpg,non_leaf,coco_person
D:\Potato\PlantVillage\Potato___Early_blight\43af6366-6c6a-408c-a10d-a4bad9428a19___RS_Early.B 7595.JPG,early_blight,plantvillage
D:\Potato\IrishPotato37G_full\healthy\healthy4907.jpg,healthy,irish
D:\Potato\non_leaf\coco_person\000000338624.jpg,non_leaf,coco_person
D:\Potato\IrishPotato37G_full\healthy\healthy636.jpg,healthy,irish
D:\Potato\non_leaf\coco_person\000000399296.jpg,non_leaf,coco_person
D:\Potato\IrishPotato37G_full\earlyblt\earlyblt2707.jpg,early_blight,irish
D:\Potato\IrishPotato37G_full\healthy\healthy3700.jpg,healthy,irish
D:\Potato\IrishPotato37G_full\lateblt\lateblt1682.jpg,late_blight,irish
D:\Potato\non_leaf\coco_person\000000563604.jpg,non_leaf,coco_person
D:\Potato\PlantVillage\Potato___Early_blight\a29ed5b2-153c-4f0e-a633-f698c9ff51d2___RS_Early.B 8840.JPG,early_blight,plantvillage
D:\Potato\non_leaf\coco_person\000000579635.jpg,non_leaf,coco_person
D:\Potato\IrishPotato37G_full\healthy\healthy2066.jpg,healthy,irish
D:\Potato\IrishPotato37G_full\healthy\healthy3421.jpg,healthy,irish
D:\Potato\IrishPotato37G_full\earlyblt\earlyblt914.jpg,early_blight,irish
D:\Potato\PlantVillage\Potato___Early_blight\d4f3066f-adb8-401b-a27f-19a12c336ebe___RS_Early.B 8626.JPG,early_blight,plantvillage
D:\Potato\IrishPotato37G_full\lateblt\lateblt1188.jpg,late_blight,irish
D:\Potato\non_leaf\coco_person\000000192607.jpg,non_leaf,coco_person
D:\Potato\IrishPotato37G_full\healthy\healthy4115.jpg,healthy,irish
D:\Potato\IrishPotato37G_full\lateblt\lateblt2715.jpg,late_blight,irish
D:\Potato\IrishPotato37G_full\healthy\healthy753.jpg,healthy,irish
D:\Potato\IrishPotato37G_full\earlyblt\earlyblt4691.jpg,early_blight,irish
D:\Potato\IrishPotato37G_full\healthy\healthy2131.jpg,healthy,irish
D:\Potato\IrishPotato37G_full\healthy\healthy4103.jpg,healthy,irish
D:\Potato\IrishPotato37G_full\lateblt\lateblt812.jpg,late_blight,irish
D:\Potato\non_leaf\coco_person\000000062808.jpg,non_leaf,coco_person
D:\Potato\IrishPotato37G_full\lateblt\lateblt1974.jpg,late_blight,irish
D:\Potato\PlantVillage\Potato___Late_blight\1cffe6a1-6fb3-4506-846c-478148a2b678___RS_LB 4380.JPG,late_blight,plantvillage
D:\Potato\PlantVillage\Potato___healthy\907f26b7-a14f-463f-a41e-f35d6e0f1417___RS_HL 1757.JPG,healthy,plantvillage
D:\Potato\IrishPotato37G_full\healthy\healthy565.jpg,healthy,irish
D:\Potato\PlantVillage\Potato___Late_blight\4d96b41e-8e2e-4a0d-b9a2-0ab8456e4074___RS_LB 3893.JPG,late_blight,plantvillage
D:\Potato\IrishPotato37G_full\lateblt\lateblt2030.jpg,late_blight,irish
D:\Potato\IrishPotato37G_full\earlyblt\earlyblt3737.jpg,early_blight,irish
D:\Potato\IrishPotato37G_full\lateblt\lateblt2196.jpg,late_blight,irish
D:\Potato\IrishPotato37G_full\lateblt\lateblt1387.jpg,late_blight,irish
D:\Potato\IrishPotato37G_full\healthy\healthy4134.jpg,healthy,irish
D:\Potato\IrishPotato37G_full\lateblt\lateblt917.jpg,late_blight,irish
D:\Potato\IrishPotato37G_full\healthy\healthy518.jpg,healthy,irish
D:\Potato\IrishPotato37G_full\healthy\healthy3355.jpg,healthy,irish
D:\Potato\PlantVillage\Potato___Late_blight\5a42a288-8be0-4985-9ca5-105f75c8ee01___RS_LB 3275.JPG,late_blight,plantvillage
D:\Potato\IrishPotato37G_full\earlyblt\earlyblt4715.jpg,early_blight,irish
D:\Potato\IrishPotato37G_full\earlyblt\earlyblt1851.jpg,early_blight,irish
D:\Potato\IrishPotato37G_full\healthy\healthy1316.jpg,healthy,irish
D:\Potato\IrishPotato37G_full\earlyblt\earlyblt3261.jpg,early_blight,irish
D:\Potato\IrishPotato37G_full\earlyblt\earlyblt1162.jpg,early_blight,irish
D:\Potato\IrishPotato37G_full\earlyblt\earlyblt2610.jpg,early_blight,irish
D:\Potato\non_leaf\coco_person\000000345941.jpg,non_leaf,coco_person
D:\Potato\IrishPotato37G_full\earlyblt\earlyblt273.jpg,early_blight,irish
D:\Potato\IrishPotato37G_full\earlyblt\earlyblt365.jpg,early_blight,irish
D:\Potato\IrishPotato37G_full\earlyblt\earlyblt2384.jpg,early_blight,irish
D:\Potato\non_leaf\coco_person\000000248284.jpg,non_leaf,coco_person
D:\Potato\IrishPotato37G_full\lateblt\lateblt1630.jpg,late_blight,irish
D:\Potato\PlantVillage\Potato___Early_blight\17520079-9d7b-481a-bc9e-676c5404d160___RS_Early.B 6774.JPG,early_blight,plantvillage
D:\Potato\IrishPotato37G_full\lateblt\lateblt2823.jpg,late_blight,irish
D:\Potato\IrishPotato37G_full\earlyblt\earlyblt1635.jpg,early_blight,irish
D:\Potato\IrishPotato37G_full\healthy\healthy3317.jpg,healthy,irish
D:\Potato\IrishPotato37G_full\healthy\healthy747.jpg,healthy,irish
D:\Potato\IrishPotato37G_full\healthy\healthy4442.jpg,healthy,irish
D:\Potato\IrishPotato37G_full\lateblt\lateblt839.jpg,late_blight,irish
D:\Potato\IrishPotato37G_full\healthy\healthy1749.jpg,healthy,irish
D:\Potato\IrishPotato37G_full\lateblt\lateblt2298.jpg,late_blight,irish
D:\Potato\IrishPotato37G_full\healthy\healthy1540.jpg,healthy,irish
D:\Potato\IrishPotato37G_full\healthy\healthy4018.jpg,healthy,irish
D:\Potato\IrishPotato37G_full\earlyblt\earlyblt2455.jpg,early_blight,irish
D:\Potato\IrishPotato37G_full\earlyblt\earlyblt3298.jpg,early_blight,irish
D:\Potato\IrishPotato37G_full\earlyblt\earlyblt2056.jpg,early_blight,irish
D:\Potato\IrishPotato37G_full\healthy\healthy2159.jpg,healthy,irish
D:\Potato\IrishPotato37G_full\lateblt\lateblt2926.jpg,late_blight,irish
D:\Potato\IrishPotato37G_full\healthy\healthy2282.jpg,healthy,irish
D:\Potato\IrishPotato37G_full\healthy\healthy4830.jpg,healthy,irish
D:\Potato\IrishPotato37G_full\earlyblt\earlyblt2904.jpg,early_blight,irish
D:\Potato\IrishPotato37G_full\lateblt\lateblt2453.jpg,late_blight,irish
D:\Potato\IrishPotato37G_full\healthy\healthy3537.jpg,healthy,irish
D:\Potato\PlantVillage\Potato___Late_blight\cf2e3e15-2284-474a-a36a-b102aa7d50cc___RS_LB 4760.JPG,late_blight,plantvillage
D:\Potato\IrishPotato37G_full\lateblt\lateblt837.jpg,late_blight,irish
D:\Potato\IrishPotato37G_full\healthy\healthy2887.jpg,healthy,irish
D:\Potato\IrishPotato37G_full\earlyblt\earlyblt945.jpg,early_blight,irish
D:\Potato\IrishPotato37G_full\healthy\healthy1548.jpg,healthy,irish
D:\Potato\IrishPotato37G_full\earlyblt\earlyblt248.jpg,early_blight,irish
D:\Potato\IrishPotato37G_full\lateblt\lateblt290.jpg,late_blight,irish
D:\Potato\IrishPotato37G_full\healthy\healthy2439.jpg,healthy,irish
D:\Potato\IrishPotato37G_full\healthy\healthy304.jpg,healthy,irish
D:\Potato\IrishPotato37G_full\earlyblt\earlyblt610.jpg,early_blight,irish
D:\Potato\IrishPotato37G_full\earlyblt\earlyblt866.jpg,early_blight,irish
D:\Potato\IrishPotato37G_full\healthy\healthy358.jpg,healthy,irish
D:\Potato\IrishPotato37G_full\lateblt\lateblt57.jpg,late_blight,irish
D:\Potato\IrishPotato37G_full\healthy\healthy1778.jpg,healthy,irish
D:\Potato\IrishPotato37G_full\lateblt\lateblt896.jpg,late_blight,irish
D:\Potato\IrishPotato37G_full\lateblt\lateblt929.jpg,late_blight,irish
D:\Potato\IrishPotato37G_full\earlyblt\earlyblt2533.jpg,early_blight,irish
D:\Potato\IrishPotato37G_full\lateblt\lateblt992.jpg,late_blight,irish
D:\Potato\IrishPotato37G_full\healthy\healthy1629.jpg,healthy,irish
D:\Potato\IrishPotato37G_full\healthy\healthy1454.jpg,healthy,irish
D:\Potato\PlantVillage\Potato___Early_blight\f188a6c1-fbed-4941-a5a7-e11a6b4ddcfb___RS_Early.B 6910.JPG,early_blight,plantvillage
D:\Potato\IrishPotato37G_full\lateblt\lateblt457.jpg,late_blight,irish
D:\Potato\non_leaf\coco_person\000000447088.jpg,non_leaf,coco_person
D:\Potato\IrishPotato37G_full\earlyblt\earlyblt1935.jpg,early_blight,irish
D:\Potato\IrishPotato37G_full\healthy\healthy600.jpg,healthy,irish
D:\Potato\IrishPotato37G_full\earlyblt\earlyblt3766.jpg,early_blight,irish
D:\Potato\IrishPotato37G_full\lateblt\lateblt2118.jpg,late_blight,irish
D:\Potato\PlantVillage\Potato___Early_blight\ffef8a3b-3e8a-4c24-a27e-64c41708f7a0___RS_Early.B 7132.JPG,early_blight,plantvillage
D:\Potato\PlantVillage\Potato___healthy\a02b6205-b40a-4178-8b34-3494f84b9d1f___RS_HL 1958.JPG,healthy,plantvillage
D:\Potato\PlantVillage\Potato___Late_blight\fb13e4c8-17e4-48a9-899b-dfc7f302196c___RS_LB 4374.JPG,late_blight,plantvillage
D:\Potato\PlantVillage\Potato___healthy\56ae1281-5ee5-4f2a-8678-c2e4491878c6___RS_HL 1869.JPG,healthy,plantvillage
D:\Potato\IrishPotato37G_full\lateblt\lateblt1996.jpg,late_blight,irish
D:\Potato\IrishPotato37G_full\earlyblt\earlyblt1037.jpg,early_blight,irish
D:\Potato\IrishPotato37G_full\healthy\healthy3920.jpg,healthy,irish
D:\Potato\IrishPotato37G_full\earlyblt\earlyblt3223.jpg,early_blight,irish
D:\Potato\non_leaf\coco_person\000000244099.jpg,non_leaf,coco_person
D:\Potato\IrishPotato37G_full\earlyblt\earlyblt859.jpg,early_blight,irish
D:\Potato\IrishPotato37G_full\earlyblt\earlyblt3801.jpg,early_blight,irish
D:\Potato\PlantVillage\Potato___Early_blight\3c3a9c2c-3387-4666-9f42-4d14142e9500___RS_Early.B 8499.JPG,early_blight,plantvillage
D:\Potato\IrishPotato37G_full\earlyblt\earlyblt3256.jpg,early_blight,irish
D:\Potato\IrishPotato37G_full\healthy\healthy5497.jpg,healthy,irish
D:\Potato\PlantVillage\Potato___Early_blight\ef825fcb-d776-4dfd-a6ed-3bd49912806e___RS_Early.B 7985.JPG,early_blight,plantvillage
D:\Potato\non_leaf\coco_person\000000283268.jpg,non_leaf,coco_person
D:\Potato\IrishPotato37G_full\healthy\healthy766.jpg,healthy,irish
D:\Potato\IrishPotato37G_full\earlyblt\earlyblt155.jpg,early_blight,irish
D:\Potato\PlantVillage\Potato___Late_blight\29d49eb8-84d0-402d-9f00-c1149b8b3e16___RS_LB 3031.JPG,late_blight,plantvillage
D:\Potato\IrishPotato37G_full\earlyblt\earlyblt1655.jpg,early_blight,irish
D:\Potato\IrishPotato37G_full\healthy\healthy4621.jpg,healthy,irish
D:\Potato\IrishPotato37G_full\healthy\healthy5175.jpg,healthy,irish
D:\Potato\IrishPotato37G_full\healthy\healthy5665.jpg,healthy,irish
D:\Potato\IrishPotato37G_full\earlyblt\earlyblt6040.jpg,early_blight,irish
D:\Potato\IrishPotato37G_full\healthy\healthy37.jpg,healthy,irish
D:\Potato\PlantVillage\Potato___Early_blight\5fd6c76a-1e89-4991-9991-2b61670d5175___RS_Early.B 8208.JPG,early_blight,plantvillage
D:\Potato\IrishPotato37G_full\lateblt\lateblt813.jpg,late_blight,irish
D:\Potato\IrishPotato37G_full\healthy\healthy4294.jpg,healthy,irish
D:\Potato\PlantVillage\Potato___Late_blight\c48719ce-1230-465b-b481-177b7e0f7074___RS_LB 3835.JPG,late_blight,plantvillage
D:\Potato\IrishPotato37G_full\lateblt\lateblt1310.jpg,late_blight,irish
D:\Potato\IrishPotato37G_full\healthy\healthy1578.jpg,healthy,irish
D:\Potato\IrishPotato37G_full\healthy\healthy4.jpg,healthy,irish
D:\Potato\PlantVillage\Potato___Late_blight\dcf61d08-eda8-41c1-9293-43895d68b426___RS_LB 4372.JPG,late_blight,plantvillage
D:\Potato\IrishPotato37G_full\earlyblt\earlyblt418.jpg,early_blight,irish
D:\Potato\IrishPotato37G_full\earlyblt\earlyblt1670.jpg,early_blight,irish
D:\Potato\PlantVillage\Potato___Early_blight\20421747-c083-48a1-aed5-b1097ae50491___RS_Early.B 8203.JPG,early_blight,plantvillage
D:\Potato\IrishPotato37G_full\healthy\healthy3433.jpg,healthy,irish
D:\Potato\PlantVillage\Potato___Early_blight\2cce6cd6-16c4-426f-84e6-2f3c192fac2c___RS_Early.B 8999.JPG,early_blight,plantvillage
D:\Potato\IrishPotato37G_full\lateblt\lateblt968.jpg,late_blight,irish
D:\Potato\IrishPotato37G_full\earlyblt\earlyblt6291.jpg,early_blight,irish
D:\Potato\IrishPotato37G_full\lateblt\lateblt224.jpg,late_blight,irish
D:\Potato\IrishPotato37G_full\lateblt\lateblt1144.jpg,late_blight,irish
D:\Potato\IrishPotato37G_full\earlyblt\earlyblt3844.jpg,early_blight,irish
D:\Potato\IrishPotato37G_full\lateblt\lateblt2581.jpg,late_blight,irish
D:\Potato\PlantVillage\Potato___Late_blight\19393f68-e96c-4c93-b4d1-39e1c54e53b1___RS_LB 4051.JPG,late_blight,plantvillage
D:\Potato\IrishPotato37G_full\lateblt\lateblt20.jpg,late_blight,irish
D:\Potato\non_leaf\coco_person\000000205401.jpg,non_leaf,coco_person
D:\Potato\non_leaf\coco_person\000000352760.jpg,non_leaf,coco_person
D:\Potato\non_leaf\coco_person\000000308631.jpg,non_leaf,coco_person
D:\Potato\IrishPotato37G_full\healthy\healthy2013.jpg,healthy,irish
D:\Potato\IrishPotato37G_full\lateblt\lateblt705.jpg,late_blight,irish
D:\Potato\IrishPotato37G_full\lateblt\lateblt1594.jpg,late_blight,irish
D:\Potato\IrishPotato37G_full\lateblt\lateblt619.jpg,late_blight,irish
D:\Potato\IrishPotato37G_full\lateblt\lateblt1548.jpg,late_blight,irish
D:\Potato\IrishPotato37G_full\earlyblt\earlyblt2685.jpg,early_blight,irish
D:\Potato\IrishPotato37G_full\earlyblt\earlyblt2752.jpg,early_blight,irish
D:\Potato\non_leaf\coco_person\000000441247.jpg,non_leaf,coco_person
D:\Potato\non_leaf\coco_person\000000162035.jpg,non_leaf,coco_person
D:\Potato\PlantVillage\Potato___Late_blight\cd04dd6c-fe7b-4587-ae2e-69228969d9d6___RS_LB 4824.JPG,late_blight,plantvillage
D:\Potato\PlantVillage\Potato___Late_blight\0201bf8e-27e3-4c92-ae97-2fb4f665b5d3___RS_LB 4320.JPG,late_blight,plantvillage
D:\Potato\IrishPotato37G_full\healthy\healthy3976.jpg,healthy,irish
D:\Potato\IrishPotato37G_full\healthy\healthy51.jpg,healthy,irish
D:\Potato\IrishPotato37G_full\earlyblt\earlyblt6460.jpg,early_blight,irish
D:\Potato\PlantVillage\Potato___Early_blight\9d0c69df-f5dc-4118-a654-ab40d100b9b6___RS_Early.B 8870.JPG,early_blight,plantvillage
D:\Potato\IrishPotato37G_full\earlyblt\earlyblt626.jpg,early_blight,irish
D:\Potato\IrishPotato37G_full\earlyblt\earlyblt3839.jpg,early_blight,irish
D:\Potato\IrishPotato37G_full\earlyblt\earlyblt3481.jpg,early_blight,irish
D:\Potato\PlantVillage\Potato___Late_blight\967a677a-712c-447f-ba27-f59818944af0___RS_LB 4353.JPG,late_blight,plantvillage
D:\Potato\IrishPotato37G_full\earlyblt\earlyblt3002.jpg,early_blight,irish
D:\Potato\PlantVillage\Potato___Early_blight\dd9c3ad3-aa94-4d00-88c8-8e4618e8832e___RS_Early.B 7633.JPG,early_blight,plantvillage
D:\Potato\IrishPotato37G_full\earlyblt\earlyblt1621.jpg,early_blight,irish
D:\Potato\IrishPotato37G_full\healthy\healthy2728.jpg,healthy,irish
D:\Potato\IrishPotato37G_full\lateblt\lateblt1675.jpg,late_blight,irish
D:\Potato\IrishPotato37G_full\healthy\healthy1476.jpg,healthy,irish
D:\Potato\IrishPotato37G_full\healthy\healthy2088.jpg,healthy,irish
D:\Potato\PlantVillage\Potato___Early_blight\5bdc7f1d-26cc-45b2-b77f-e98084418fd9___RS_Early.B 7486.JPG,early_blight,plantvillage
D:\Potato\IrishPotato37G_full\lateblt\lateblt1664.jpg,late_blight,irish
D:\Potato\IrishPotato37G_full\healthy\healthy3365.jpg,healthy,irish
D:\Potato\IrishPotato37G_full\healthy\healthy4619.jpg,healthy,irish
D:\Potato\IrishPotato37G_full\healthy\healthy652.jpg,healthy,irish
D:\Potato\IrishPotato37G_full\healthy\healthy4302.jpg,healthy,irish
D:\Potato\IrishPotato37G_full\lateblt\lateblt985.jpg,late_blight,irish
D:\Potato\IrishPotato37G_full\lateblt\lateblt1583.jpg,late_blight,irish
D:\Potato\IrishPotato37G_full\earlyblt\earlyblt6794.jpg,early_blight,irish
D:\Potato\IrishPotato37G_full\healthy\healthy1434.jpg,healthy,irish
D:\Potato\IrishPotato37G_full\lateblt\lateblt2541.jpg,late_blight,irish
D:\Potato\PlantVillage\Potato___Late_blight\dae7db93-d197-4616-a16b-5dcc59058bc2___RS_LB 3178.JPG,late_blight,plantvillage
D:\Potato\non_leaf\coco_person\000000278973.jpg,non_leaf,coco_person
D:\Potato\IrishPotato37G_full\healthy\healthy3645.jpg,healthy,irish
D:\Potato\IrishPotato37G_full\earlyblt\earlyblt1019.jpg,early_blight,irish
D:\Potato\IrishPotato37G_full\lateblt\lateblt461.jpg,late_blight,irish
D:\Potato\IrishPotato37G_full\healthy\healthy3159.jpg,healthy,irish
D:\Potato\IrishPotato37G_full\lateblt\lateblt978.jpg,late_blight,irish
D:\Potato\IrishPotato37G_full\healthy\healthy392.jpg,healthy,irish
D:\Potato\IrishPotato37G_full\healthy\healthy2328.jpg,healthy,irish
D:\Potato\IrishPotato37G_full\healthy\healthy1733.jpg,healthy,irish
D:\Potato\PlantVillage\Potato___Late_blight\00b1f292-23dd-44d4-aad3-c1ffb6a6ad5a___RS_LB 4479.JPG,late_blight,plantvillage
D:\Potato\PlantVillage\Potato___Late_blight\7e0d53ac-3088-473e-a40e-50223afd4e60___RS_LB 2568.JPG,late_blight,plantvillage
D:\Potato\IrishPotato37G_full\healthy\healthy1449.jpg,healthy,irish
D:\Potato\non_leaf\coco_person\000000369541.jpg,non_leaf,coco_person
D:\Potato\IrishPotato37G_full\healthy\healthy3501.jpg,healthy,irish
D:\Potato\IrishPotato37G_full\earlyblt\earlyblt221.jpg,early_blight,irish
D:\Potato\IrishPotato37G_full\earlyblt\earlyblt3027.jpg,early_blight,irish
D:\Potato\IrishPotato37G_full\lateblt\lateblt1592.jpg,late_blight,irish
D:\Potato\non_leaf\coco_person\000000162035.jpg,non_leaf,coco_person
D:\Potato\IrishPotato37G_full\earlyblt\earlyblt2675.jpg,early_blight,irish
D:\Potato\IrishPotato37G_full\lateblt\lateblt1487.jpg,late_blight,irish
D:\Potato\IrishPotato37G_full\earlyblt\earlyblt1636.jpg,early_blight,irish
D:\Potato\IrishPotato37G_full\earlyblt\earlyblt102.jpg,early_blight,irish
D:\Potato\IrishPotato37G_full\healthy\healthy4778.jpg,healthy,irish
D:\Potato\non_leaf\coco_person\000000284991.jpg,non_leaf,coco_person
D:\Potato\IrishPotato37G_full\lateblt\lateblt1518.jpg,late_blight,irish
D:\Potato\IrishPotato37G_full\healthy\healthy1705.jpg,healthy,irish
D:\Potato\IrishPotato37G_full\lateblt\lateblt2497.jpg,late_blight,irish
D:\Potato\non_leaf\coco_person\000000082688.jpg,non_leaf,coco_person
D:\Potato\PlantVillage\Potato___Early_blight\0f223bbc-d2b4-4d58-8314-359d92d0102b___RS_Early.B 8052.JPG,early_blight,plantvillage
D:\Potato\non_leaf\coco_person\000000388056.jpg,non_leaf,coco_person
D:\Potato\IrishPotato37G_full\earlyblt\earlyblt749.jpg,early_blight,irish
D:\Potato\IrishPotato37G_full\lateblt\lateblt691.jpg,late_blight,irish
D:\Potato\IrishPotato37G_full\healthy\healthy759.jpg,healthy,irish
D:\Potato\IrishPotato37G_full\earlyblt\earlyblt2602.jpg,early_blight,irish
D:\Potato\IrishPotato37G_full\earlyblt\earlyblt600.jpg,early_blight,irish
D:\Potato\IrishPotato37G_full\healthy\healthy4023.jpg,healthy,irish
D:\Potato\IrishPotato37G_full\healthy\healthy3959.jpg,healthy,irish
D:\Potato\IrishPotato37G_full\healthy\healthy3766.jpg,healthy,irish
D:\Potato\non_leaf\coco_person\000000292446.jpg,non_leaf,coco_person
D:\Potato\IrishPotato37G_full\healthy\healthy11.jpg,healthy,irish
D:\Potato\IrishPotato37G_full\earlyblt\earlyblt3294.jpg,early_blight,irish
D:\Potato\IrishPotato37G_full\healthy\healthy4228.jpg,healthy,irish
D:\Potato\PlantVillage\Potato___Late_blight\42b19bb3-68b6-4c46-a626-f7480718360a___RS_LB 4686.JPG,late_blight,plantvillage
D:\Potato\PlantVillage\Potato___Late_blight\0c2628d4-8d64-48a9-a157-19a9c902e304___RS_LB 4590.JPG,late_blight,plantvillage
D:\Potato\IrishPotato37G_full\lateblt\lateblt1123.jpg,late_blight,irish
D:\Potato\PlantVillage\Potato___Late_blight\ba15e1af-3f3a-4eef-8be1-4f0a221444fd___RS_LB 2866.JPG,late_blight,plantvillage
D:\Potato\IrishPotato37G_full\earlyblt\earlyblt6661.jpg,early_blight,irish
D:\Potato\PlantVillage\Potato___Early_blight\97c1fe0d-72f6-421d-bb82-542f0766176c___RS_Early.B 7448.JPG,early_blight,plantvillage
D:\Potato\IrishPotato37G_full\lateblt\lateblt5032.jpg,late_blight,irish
D:\Potato\IrishPotato37G_full\healthy\healthy2132.jpg,healthy,irish
D:\Potato\IrishPotato37G_full\lateblt\lateblt2836.jpg,late_blight,irish
D:\Potato\PlantVillage\Potato___Early_blight\bd4c7de8-0616-45d4-a060-54b8329a9462___RS_Early.B 6902.JPG,early_blight,plantvillage
D:\Potato\IrishPotato37G_full\earlyblt\earlyblt2956.jpg,early_blight,irish
D:\Potato\IrishPotato37G_full\earlyblt\earlyblt3274.jpg,early_blight,irish
D:\Potato\PlantVillage\Potato___Early_blight\5dfcdf05-e64e-4992-84b8-a9fc9c49ce3c___RS_Early.B 6711.JPG,early_blight,plantvillage
D:\Potato\IrishPotato37G_full\earlyblt\earlyblt1709.jpg,early_blight,irish
D:\Potato\IrishPotato37G_full\lateblt\lateblt89.jpg,late_blight,irish
D:\Potato\IrishPotato37G_full\earlyblt\earlyblt6946.jpg,early_blight,irish
D:\Potato\IrishPotato37G_full\healthy\healthy995.jpg,healthy,irish
D:\Potato\IrishPotato37G_full\healthy\healthy4333.jpg,healthy,irish
D:\Potato\IrishPotato37G_full\earlyblt\earlyblt3774.jpg,early_blight,irish
D:\Potato\IrishPotato37G_full\lateblt\lateblt1980.jpg,late_blight,irish
D:\Potato\IrishPotato37G_full\earlyblt\earlyblt6312.jpg,early_blight,irish
D:\Potato\IrishPotato37G_full\healthy\healthy4641.jpg,healthy,irish
D:\Potato\IrishPotato37G_full\earlyblt\earlyblt6358.jpg,early_blight,irish
D:\Potato\IrishPotato37G_full\earlyblt\earlyblt2705.jpg,early_blight,irish
D:\Potato\PlantVillage\Potato___Late_blight\b101bc59-5734-4c39-896f-de29d98b1dce___RS_LB 4702.JPG,late_blight,plantvillage
D:\Potato\IrishPotato37G_full\lateblt\lateblt285.jpg,late_blight,irish
D:\Potato\IrishPotato37G_full\healthy\healthy1173.jpg,healthy,irish
D:\Potato\IrishPotato37G_full\healthy\healthy1241.jpg,healthy,irish
D:\Potato\IrishPotato37G_full\lateblt\lateblt2616.jpg,late_blight,irish
D:\Potato\IrishPotato37G_full\lateblt\lateblt282.jpg,late_blight,irish
D:\Potato\IrishPotato37G_full\earlyblt\earlyblt4724.jpg,early_blight,irish
D:\Potato\non_leaf\coco_person\000000151000.jpg,non_leaf,coco_person
D:\Potato\IrishPotato37G_full\earlyblt\earlyblt1488.jpg,early_blight,irish
D:\Potato\IrishPotato37G_full\healthy\healthy5101.jpg,healthy,irish
D:\Potato\PlantVillage\Potato___Early_blight\efd49e70-b8d6-493f-9099-b3d9d534f365___RS_Early.B 7854.JPG,early_blight,plantvillage
D:\Potato\IrishPotato37G_full\earlyblt\earlyblt1772.jpg,early_blight,irish
D:\Potato\IrishPotato37G_full\lateblt\lateblt743.jpg,late_blight,irish
D:\Potato\IrishPotato37G_full\earlyblt\earlyblt6401.jpg,early_blight,irish
D:\Potato\IrishPotato37G_full\healthy\healthy1417.jpg,healthy,irish
D:\Potato\IrishPotato37G_full\lateblt\lateblt2614.jpg,late_blight,irish
D:\Potato\IrishPotato37G_full\lateblt\lateblt1174.jpg,late_blight,irish
D:\Potato\IrishPotato37G_full\lateblt\lateblt1540.jpg,late_blight,irish
D:\Potato\PlantVillage\Potato___Early_blight\e11d63b8-93fa-41ba-b826-99811ee4c232___RS_Early.B 7387.JPG,early_blight,plantvillage
D:\Potato\IrishPotato37G_full\lateblt\lateblt454.jpg,late_blight,irish
D:\Potato\IrishPotato37G_full\healthy\healthy647.jpg,healthy,irish
D:\Potato\PlantVillage\Potato___Late_blight\ac35ccac-2c52-4af5-b0e3-3325f45e2c97___RS_LB 2749.JPG,late_blight,plantvillage
D:\Potato\IrishPotato37G_full\lateblt\lateblt3.jpg,late_blight,irish
D:\Potato\IrishPotato37G_full\lateblt\lateblt55.jpg,late_blight,irish
D:\Potato\IrishPotato37G_full\healthy\healthy1151.jpg,healthy,irish
D:\Potato\IrishPotato37G_full\lateblt\lateblt918.jpg,late_blight,irish
D:\Potato\IrishPotato37G_full\lateblt\lateblt2793.jpg,late_blight,irish
D:\Potato\IrishPotato37G_full\earlyblt\earlyblt3879.jpg,early_blight,irish
D:\Potato\IrishPotato37G_full\healthy\healthy4743.jpg,healthy,irish
D:\Potato\IrishPotato37G_full\earlyblt\earlyblt4860.jpg,early_blight,irish
D:\Potato\IrishPotato37G_full\earlyblt\earlyblt2848.jpg,early_blight,irish
D:\Potato\non_leaf\coco_person\000000125936.jpg,non_leaf,coco_person
D:\Potato\IrishPotato37G_full\healthy\healthy1262.jpg,healthy,irish
D:\Potato\IrishPotato37G_full\healthy\healthy2481.jpg,healthy,irish
D:\Potato\IrishPotato37G_full\healthy\healthy2991.jpg,healthy,irish
D:\Potato\non_leaf\coco_person\000000574702.jpg,non_leaf,coco_person
D:\Potato\IrishPotato37G_full\earlyblt\earlyblt4900.jpg,early_blight,irish
D:\Potato\IrishPotato37G_full\healthy\healthy2000.jpg,healthy,irish
D:\Potato\IrishPotato37G_full\earlyblt\earlyblt1168.jpg,early_blight,irish
D:\Potato\IrishPotato37G_full\earlyblt\earlyblt1526.jpg,early_blight,irish
D:\Potato\PlantVillage\Potato___Late_blight\5b12fde1-fe3a-49fe-8430-479775018322___RS_LB 3071.JPG,late_blight,plantvillage
D:\Potato\IrishPotato37G_full\healthy\healthy4183.jpg,healthy,irish
D:\Potato\IrishPotato37G_full\earlyblt\earlyblt4828.jpg,early_blight,irish
D:\Potato\IrishPotato37G_full\earlyblt\earlyblt2888.jpg,early_blight,irish
D:\Potato\IrishPotato37G_full\healthy\healthy592.jpg,healthy,irish
D:\Potato\PlantVillage\Potato___Late_blight\541591d3-3560-4540-ac2c-9749936e80ae___RS_LB 2553.JPG,late_blight,plantvillage
D:\Potato\IrishPotato37G_full\earlyblt\earlyblt1181.jpg,early_blight,irish
D:\Potato\IrishPotato37G_full\earlyblt\earlyblt2898.jpg,early_blight,irish
D:\Potato\IrishPotato37G_full\lateblt\lateblt4.jpg,late_blight,irish
D:\Potato\IrishPotato37G_full\healthy\healthy4959.jpg,healthy,irish
D:\Potato\IrishPotato37G_full\lateblt\lateblt949.jpg,late_blight,irish
D:\Potato\IrishPotato37G_full\lateblt\lateblt2740.jpg,late_blight,irish
D:\Potato\IrishPotato37G_full\healthy\healthy2437.jpg,healthy,irish
D:\Potato\IrishPotato37G_full\lateblt\lateblt1160.jpg,late_blight,irish
D:\Potato\IrishPotato37G_full\healthy\healthy1230.jpg,healthy,irish
D:\Potato\IrishPotato37G_full\lateblt\lateblt2560.jpg,late_blight,irish
D:\Potato\PlantVillage\Potato___Early_blight\ee584747-fea1-4d16-9c03-40bfc9bcf1c7___RS_Early.B 8600.JPG,early_blight,plantvillage
D:\Potato\IrishPotato37G_full\healthy\healthy3478.jpg,healthy,irish
D:\Potato\IrishPotato37G_full\lateblt\lateblt1193.jpg,late_blight,irish
D:\Potato\IrishPotato37G_full\earlyblt\earlyblt2965.jpg,early_blight,irish
D:\Potato\PlantVillage\Potato___Early_blight\5de34904-b1e6-48ef-9daf-73d80f5cc6c3___RS_Early.B 8345.JPG,early_blight,plantvillage
D:\Potato\PlantVillage\Potato___Early_blight\ecf9d01d-b97f-4cf8-99e5-7036bd91b5d1___RS_Early.B 8650.JPG,early_blight,plantvillage
D:\Potato\IrishPotato37G_full\lateblt\lateblt771.jpg,late_blight,irish
D:\Potato\PlantVillage\Potato___Early_blight\62e81304-8d1b-46ed-a79a-52cf53a63919___RS_Early.B 7363.JPG,early_blight,plantvillage
D:\Potato\PlantVillage\Potato___healthy\1b434c52-7be4-40c4-90d5-13220f1a3eba___RS_HL 5418.JPG,healthy,plantvillage
D:\Potato\IrishPotato37G_full\lateblt\lateblt474.jpg,late_blight,irish
D:\Potato\IrishPotato37G_full\earlyblt\earlyblt6209.jpg,early_blight,irish
D:\Potato\IrishPotato37G_full\healthy\healthy4437.jpg,healthy,irish
D:\Potato\IrishPotato37G_full\lateblt\lateblt2552.jpg,late_blight,irish
D:\Potato\IrishPotato37G_full\earlyblt\earlyblt1965.jpg,early_blight,irish
D:\Potato\IrishPotato37G_full\earlyblt\earlyblt3754.jpg,early_blight,irish
D:\Potato\IrishPotato37G_full\lateblt\lateblt1943.jpg,late_blight,irish
D:\Potato\non_leaf\coco_person\000000362716.jpg,non_leaf,coco_person
D:\Potato\IrishPotato37G_full\earlyblt\earlyblt2677.jpg,early_blight,irish
D:\Potato\IrishPotato37G_full\earlyblt\earlyblt4743.jpg,early_blight,irish
D:\Potato\IrishPotato37G_full\earlyblt\earlyblt955.jpg,early_blight,irish
D:\Potato\non_leaf\coco_person\000000009772.jpg,non_leaf,coco_person
D:\Potato\IrishPotato37G_full\lateblt\lateblt1127.jpg,late_blight,irish
D:\Potato\IrishPotato37G_full\lateblt\lateblt2059.jpg,late_blight,irish
D:\Potato\PlantVillage\Potato___Early_blight\a5e73fd4-6d3e-4037-b440-f4e5234e4459___RS_Early.B 7645.JPG,early_blight,plantvillage
D:\Potato\IrishPotato37G_full\lateblt\lateblt25.jpg,late_blight,irish
D:\Potato\IrishPotato37G_full\healthy\healthy2153.jpg,healthy,irish
D:\Potato\IrishPotato37G_full\earlyblt\earlyblt486.jpg,early_blight,irish
D:\Potato\IrishPotato37G_full\lateblt\lateblt2798.jpg,late_blight,irish
D:\Potato\IrishPotato37G_full\earlyblt\earlyblt1888.jpg,early_blight,irish
D:\Potato\IrishPotato37G_full\earlyblt\earlyblt2309.jpg,early_blight,irish
D:\Potato\IrishPotato37G_full\healthy\healthy2078.jpg,healthy,irish
D:\Potato\IrishPotato37G_full\earlyblt\earlyblt1704.jpg,early_blight,irish
D:\Potato\PlantVillage\Potato___Early_blight\77b04047-8450-47d1-82f1-48f09f83387c___RS_Early.B 7042.JPG,early_blight,plantvillage
D:\Potato\IrishPotato37G_full\earlyblt\earlyblt2920.jpg,early_blight,irish
D:\Potato\IrishPotato37G_full\healthy\healthy4167.jpg,healthy,irish
D:\Potato\IrishPotato37G_full\earlyblt\earlyblt2741.jpg,early_blight,irish
D:\Potato\IrishPotato37G_full\healthy\healthy4258.jpg,healthy,irish
D:\Potato\IrishPotato37G_full\healthy\healthy2.jpg,healthy,irish
D:\Potato\IrishPotato37G_full\healthy\healthy4479.jpg,healthy,irish
D:\Potato\IrishPotato37G_full\lateblt\lateblt1353.jpg,late_blight,irish
D:\Potato\IrishPotato37G_full\earlyblt\earlyblt886.jpg,early_blight,irish
D:\Potato\IrishPotato37G_full\lateblt\lateblt253.jpg,late_blight,irish
D:\Potato\IrishPotato37G_full\healthy\healthy5625.jpg,healthy,irish
D:\Potato\non_leaf\coco_person\000000042102.jpg,non_leaf,coco_person
D:\Potato\PlantVillage\Potato___Early_blight\09ab9573-90d5-4001-9b74-14551935deef___RS_Early.B 7603.JPG,early_blight,plantvillage
D:\Potato\IrishPotato37G_full\healthy\healthy2523.jpg,healthy,irish
D:\Potato\IrishPotato37G_full\healthy\healthy1319.jpg,healthy,irish
D:\Potato\IrishPotato37G_full\lateblt\lateblt2796.jpg,late_blight,irish
D:\Potato\non_leaf\coco_person\000000258541.jpg,non_leaf,coco_person
D:\Potato\IrishPotato37G_full\lateblt\lateblt679.jpg,late_blight,irish
D:\Potato\IrishPotato37G_full\earlyblt\earlyblt1761.jpg,early_blight,irish
D:\Potato\IrishPotato37G_full\earlyblt\earlyblt1422.jpg,early_blight,irish
D:\Potato\IrishPotato37G_full\lateblt\lateblt2052.jpg,late_blight,irish
D:\Potato\IrishPotato37G_full\lateblt\lateblt5016.jpg,late_blight,irish
D:\Potato\IrishPotato37G_full\healthy\healthy2923.jpg,healthy,irish
D:\Potato\IrishPotato37G_full\earlyblt\earlyblt1530.jpg,early_blight,irish
D:\Potato\PlantVillage\Potato___Early_blight\1a38f06b-da2a-4c57-bef1-a73254896403___RS_Early.B 9178.JPG,early_blight,plantvillage
D:\Potato\non_leaf\coco_person\000000066706.jpg,non_leaf,coco_person
D:\Potato\IrishPotato37G_full\healthy\healthy102.jpg,healthy,irish
D:\Potato\IrishPotato37G_full\lateblt\lateblt990.jpg,late_blight,irish
D:\Potato\IrishPotato37G_full\healthy\healthy3054.jpg,healthy,irish
D:\Potato\IrishPotato37G_full\healthy\healthy1664.jpg,healthy,irish
D:\Potato\PlantVillage\Potato___Early_blight\f9580dc3-d5d9-4990-a64d-3974a9d1c687___RS_Early.B 8755.JPG,early_blight,plantvillage
D:\Potato\IrishPotato37G_full\lateblt\lateblt2647.jpg,late_blight,irish
D:\Potato\IrishPotato37G_full\earlyblt\earlyblt2015.jpg,early_blight,irish
D:\Potato\IrishPotato37G_full\earlyblt\earlyblt2105.jpg,early_blight,irish
D:\Potato\IrishPotato37G_full\lateblt\lateblt2073.jpg,late_blight,irish
D:\Potato\IrishPotato37G_full\lateblt\lateblt2412.jpg,late_blight,irish
D:\Potato\IrishPotato37G_full\lateblt\lateblt495.jpg,late_blight,irish
D:\Potato\PlantVillage\Potato___Late_blight\6f0fffdc-876f-449f-b03e-f25081f2c44f___RS_LB 4096.JPG,late_blight,plantvillage
D:\Potato\IrishPotato37G_full\lateblt\lateblt221.jpg,late_blight,irish
D:\Potato\IrishPotato37G_full\healthy\healthy185.jpg,healthy,irish
D:\Potato\IrishPotato37G_full\lateblt\lateblt2760.jpg,late_blight,irish
D:\Potato\IrishPotato37G_full\lateblt\lateblt695.jpg,late_blight,irish
D:\Potato\IrishPotato37G_full\earlyblt\earlyblt6646.jpg,early_blight,irish
D:\Potato\IrishPotato37G_full\lateblt\lateblt1911.jpg,late_blight,irish
D:\Potato\non_leaf\coco_person\000000329827.jpg,non_leaf,coco_person
D:\Potato\non_leaf\coco_person\000000281759.jpg,non_leaf,coco_person
D:\Potato\IrishPotato37G_full\healthy\healthy2865.jpg,healthy,irish
D:\Potato\IrishPotato37G_full\healthy\healthy2101.jpg,healthy,irish
D:\Potato\PlantVillage\Potato___Early_blight\a8933319-d98e-4e71-a2ac-e22f7e1bca08___RS_Early.B 7499.JPG,early_blight,plantvillage
D:\Potato\IrishPotato37G_full\earlyblt\earlyblt2568.jpg,early_blight,irish
D:\Potato\IrishPotato37G_full\healthy\healthy64.jpg,healthy,irish
D:\Potato\IrishPotato37G_full\healthy\healthy778.jpg,healthy,irish
D:\Potato\IrishPotato37G_full\earlyblt\earlyblt228.jpg,early_blight,irish
D:\Potato\IrishPotato37G_full\earlyblt\earlyblt3963.jpg,early_blight,irish
D:\Potato\IrishPotato37G_full\healthy\healthy1720.jpg,healthy,irish
D:\Potato\IrishPotato37G_full\earlyblt\earlyblt2717.jpg,early_blight,irish
D:\Potato\IrishPotato37G_full\lateblt\lateblt2842.jpg,late_blight,irish
D:\Potato\IrishPotato37G_full\lateblt\lateblt2717.jpg,late_blight,irish
D:\Potato\non_leaf\coco_person\000000039551.jpg,non_leaf,coco_person
D:\Potato\IrishPotato37G_full\healthy\healthy1522.jpg,healthy,irish
D:\Potato\IrishPotato37G_full\earlyblt\earlyblt1188.jpg,early_blight,irish
D:\Potato\IrishPotato37G_full\earlyblt\earlyblt277.jpg,early_blight,irish
D:\Potato\IrishPotato37G_full\lateblt\lateblt486.jpg,late_blight,irish
D:\Potato\IrishPotato37G_full\earlyblt\earlyblt699.jpg,early_blight,irish
D:\Potato\IrishPotato37G_full\earlyblt\earlyblt3579.jpg,early_blight,irish
D:\Potato\non_leaf\coco_person\000000447917.jpg,non_leaf,coco_person
D:\Potato\IrishPotato37G_full\healthy\healthy4839.jpg,healthy,irish
D:\Potato\PlantVillage\Potato___Early_blight\42148e3c-34d6-484e-a4b8-8dc037667a4c___RS_Early.B 8235.JPG,early_blight,plantvillage
D:\Potato\PlantVillage\Potato___Late_blight\feefc118-4434-4ffb-afbb-02fb292f72b6___RS_LB 2874.JPG,late_blight,plantvillage
D:\Potato\IrishPotato37G_full\earlyblt\earlyblt2036.jpg,early_blight,irish
D:\Potato\IrishPotato37G_full\earlyblt\earlyblt3217.jpg,early_blight,irish
D:\Potato\non_leaf\coco_person\000000252716.jpg,non_leaf,coco_person
D:\Potato\IrishPotato37G_full\earlyblt\earlyblt6664.jpg,early_blight,irish
D:\Potato\IrishPotato37G_full\lateblt\lateblt756.jpg,late_blight,irish
D:\Potato\IrishPotato37G_full\healthy\healthy1775.jpg,healthy,irish
D:\Potato\IrishPotato37G_full\healthy\healthy5428.jpg,healthy,irish
D:\Potato\IrishPotato37G_full\healthy\healthy678.jpg,healthy,irish
D:\Potato\IrishPotato37G_full\healthy\healthy4244.jpg,healthy,irish
D:\Potato\IrishPotato37G_full\healthy\healthy2773.jpg,healthy,irish
D:\Potato\IrishPotato37G_full\earlyblt\earlyblt3950.jpg,early_blight,irish
D:\Potato\IrishPotato37G_full\earlyblt\earlyblt6762.jpg,early_blight,irish
D:\Potato\IrishPotato37G_full\lateblt\lateblt2474.jpg,late_blight,irish
D:\Potato\IrishPotato37G_full\healthy\healthy5266.jpg,healthy,irish
D:\Potato\IrishPotato37G_full\healthy\healthy5283.jpg,healthy,irish
D:\Potato\IrishPotato37G_full\earlyblt\earlyblt3011.jpg,early_blight,irish
D:\Potato\IrishPotato37G_full\healthy\healthy4953.jpg,healthy,irish
D:\Potato\IrishPotato37G_full\earlyblt\earlyblt169.jpg,early_blight,irish
D:\Potato\IrishPotato37G_full\earlyblt\earlyblt353.jpg,early_blight,irish
D:\Potato\IrishPotato37G_full\earlyblt\earlyblt3409.jpg,early_blight,irish
D:\Potato\IrishPotato37G_full\healthy\healthy527.jpg,healthy,irish
D:\Potato\non_leaf\coco_person\000000494188.jpg,non_leaf,coco_person
D:\Potato\IrishPotato37G_full\lateblt\lateblt2482.jpg,late_blight,irish
D:\Potato\IrishPotato37G_full\earlyblt\earlyblt4817.jpg,early_blight,irish
D:\Potato\IrishPotato37G_full\earlyblt\earlyblt2659.jpg,early_blight,irish
D:\Potato\PlantVillage\Potato___Late_blight\e26ad557-11c8-44fd-aad1-dea51c613742___RS_LB 5115.JPG,late_blight,plantvillage
D:\Potato\IrishPotato37G_full\healthy\healthy4742.jpg,healthy,irish
D:\Potato\IrishPotato37G_full\lateblt\lateblt786.jpg,late_blight,irish
D:\Potato\IrishPotato37G_full\lateblt\lateblt2794.jpg,late_blight,irish
D:\Potato\IrishPotato37G_full\healthy\healthy3572.jpg,healthy,irish
D:\Potato\IrishPotato37G_full\earlyblt\earlyblt1559.jpg,early_blight,irish
D:\Potato\IrishPotato37G_full\earlyblt\earlyblt991.jpg,early_blight,irish
D:\Potato\IrishPotato37G_full\earlyblt\earlyblt3988.jpg,early_blight,irish
D:\Potato\PlantVillage\Potato___Early_blight\e7cab6f5-308b-41ea-af82-e20cfe540729___RS_Early.B 7177.JPG,early_blight,plantvillage
D:\Potato\IrishPotato37G_full\healthy\healthy714.jpg,healthy,irish
D:\Potato\IrishPotato37G_full\healthy\healthy5454.jpg,healthy,irish
D:\Potato\IrishPotato37G_full\healthy\healthy5657.jpg,healthy,irish
D:\Potato\PlantVillage\Potato___Late_blight\8f93f47b-2ee7-482b-9e18-20af5eb98d79___RS_LB 4889.JPG,late_blight,plantvillage
D:\Potato\IrishPotato37G_full\healthy\healthy2358.jpg,healthy,irish
D:\Potato\IrishPotato37G_full\healthy\healthy1777.jpg,healthy,irish
D:\Potato\PlantVillage\Potato___Early_blight\54260e42-8e3f-44c2-b252-c784391ce639___RS_Early.B 7508.JPG,early_blight,plantvillage
D:\Potato\IrishPotato37G_full\earlyblt\earlyblt2616.jpg,early_blight,irish
D:\Potato\PlantVillage\Potato___Late_blight\d30021ba-fbbd-451b-b257-1fc5c6ac54d4___RS_LB 4466.JPG,late_blight,plantvillage
D:\Potato\PlantVillage\Potato___Late_blight\76ee26db-ef55-43b9-9179-6b9ba15dc21a___RS_LB 4058.JPG,late_blight,plantvillage
D:\Potato\PlantVillage\Potato___Late_blight\ee1e965f-2bee-4a7a-8356-1118c9e41cd3___RS_LB 4120.JPG,late_blight,plantvillage
D:\Potato\PlantVillage\Potato___Late_blight\a343cad1-3b4d-4761-b222-d0bbc0f4bdc0___RS_LB 2569.JPG,late_blight,plantvillage
D:\Potato\IrishPotato37G_full\lateblt\lateblt965.jpg,late_blight,irish
D:\Potato\IrishPotato37G_full\lateblt\lateblt1460.jpg,late_blight,irish
D:\Potato\PlantVillage\Potato___Early_blight\6c5385cd-d362-4810-b4e8-58ab768c706c___RS_Early.B 8323.JPG,early_blight,plantvillage
D:\Potato\PlantVillage\Potato___Late_blight\09fa42e4-1736-494e-8c46-50c6900586d6___RS_LB 5212.JPG,late_blight,plantvillage
D:\Potato\IrishPotato37G_full\earlyblt\earlyblt4832.jpg,early_blight,irish
D:\Potato\IrishPotato37G_full\earlyblt\earlyblt1873.jpg,early_blight,irish
D:\Potato\PlantVillage\Potato___Early_blight\efa2f117-a774-4fcc-8445-142742aa7816___RS_Early.B 7458.JPG,early_blight,plantvillage
D:\Potato\PlantVillage\Potato___Late_blight\5674826f-aeb6-4142-809e-ea9e4fd391c3___RS_LB 2940.JPG,late_blight,plantvillage
D:\Potato\IrishPotato37G_full\healthy\healthy3415.jpg,healthy,irish
D:\Potato\PlantVillage\Potato___Late_blight\ae5b08fa-25b7-4006-8b1b-2415356b3847___RS_LB 5453.JPG,late_blight,plantvillage
D:\Potato\IrishPotato37G_full\lateblt\lateblt1912.jpg,late_blight,irish
D:\Potato\IrishPotato37G_full\earlyblt\earlyblt2215.jpg,early_blight,irish
D:\Potato\IrishPotato37G_full\healthy\healthy3012.jpg,healthy,irish
D:\Potato\PlantVillage\Potato___Early_blight\82a783e4-ba41-42af-96a8-ebc67abe905d___RS_Early.B 7439.JPG,early_blight,plantvillage
D:\Potato\PlantVillage\Potato___Late_blight\33938ff2-ee2c-4571-96dd-6229a0cb4e0c___RS_LB 5184.JPG,late_blight,plantvillage
D:\Potato\IrishPotato37G_full\lateblt\lateblt1944.jpg,late_blight,irish
D:\Potato\IrishPotato37G_full\healthy\healthy707.jpg,healthy,irish
D:\Potato\IrishPotato37G_full\earlyblt\earlyblt1577.jpg,early_blight,irish
D:\Potato\IrishPotato37G_full\lateblt\lateblt952.jpg,late_blight,irish
D:\Potato\IrishPotato37G_full\earlyblt\earlyblt2794.jpg,early_blight,irish
D:\Potato\IrishPotato37G_full\healthy\healthy2396.jpg,healthy,irish
D:\Potato\IrishPotato37G_full\earlyblt\earlyblt6668.jpg,early_blight,irish
D:\Potato\IrishPotato37G_full\earlyblt\earlyblt3858.jpg,early_blight,irish
D:\Potato\IrishPotato37G_full\earlyblt\earlyblt1011.jpg,early_blight,irish
D:\Potato\IrishPotato37G_full\lateblt\lateblt161.jpg,late_blight,irish
D:\Potato\IrishPotato37G_full\lateblt\lateblt2927.jpg,late_blight,irish
D:\Potato\IrishPotato37G_full\lateblt\lateblt2948.jpg,late_blight,irish
D:\Potato\PlantVillage\Potato___Late_blight\4afd8bf6-0e1e-4a85-a576-1e8995c88d5c___RS_LB 2505.JPG,late_blight,plantvillage
D:\Potato\IrishPotato37G_full\healthy\healthy1170.jpg,healthy,irish
D:\Potato\IrishPotato37G_full\lateblt\lateblt2257.jpg,late_blight,irish
D:\Potato\IrishPotato37G_full\earlyblt\earlyblt2395.jpg,early_blight,irish
D:\Potato\non_leaf\coco_person\000000483667.jpg,non_leaf,coco_person
D:\Potato\IrishPotato37G_full\healthy\healthy2291.jpg,healthy,irish
D:\Potato\IrishPotato37G_full\lateblt\lateblt1631.jpg,late_blight,irish
D:\Potato\IrishPotato37G_full\earlyblt\earlyblt3972.jpg,early_blight,irish
D:\Potato\IrishPotato37G_full\lateblt\lateblt2236.jpg,late_blight,irish
D:\Potato\IrishPotato37G_full\healthy\healthy2173.jpg,healthy,irish
D:\Potato\IrishPotato37G_full\earlyblt\earlyblt1831.jpg,early_blight,irish
D:\Potato\IrishPotato37G_full\lateblt\lateblt1625.jpg,late_blight,irish
D:\Potato\IrishPotato37G_full\earlyblt\earlyblt2620.jpg,early_blight,irish
D:\Potato\IrishPotato37G_full\lateblt\lateblt2593.jpg,late_blight,irish
D:\Potato\IrishPotato37G_full\healthy\healthy522.jpg,healthy,irish
D:\Potato\IrishPotato37G_full\healthy\healthy5213.jpg,healthy,irish
D:\Potato\IrishPotato37G_full\healthy\healthy4608.jpg,healthy,irish
D:\Potato\PlantVillage\Potato___Late_blight\d38d9e28-89a0-4650-8a2d-dc5e6744b3b9___RS_LB 5204.JPG,late_blight,plantvillage
D:\Potato\PlantVillage\Potato___Early_blight\64cab763-3fa2-483c-abc6-1d203f26f88e___RS_Early.B 6671.JPG,early_blight,plantvillage
D:\Potato\IrishPotato37G_full\healthy\healthy2599.jpg,healthy,irish
D:\Potato\IrishPotato37G_full\healthy\healthy2748.jpg,healthy,irish
D:\Potato\IrishPotato37G_full\healthy\healthy1480.jpg,healthy,irish
D:\Potato\IrishPotato37G_full\earlyblt\earlyblt2141.jpg,early_blight,irish
D:\Potato\IrishPotato37G_full\healthy\healthy2717.jpg,healthy,irish
D:\Potato\PlantVillage\Potato___Late_blight\6a6315ef-b37d-4067-80cd-bb2d8adf93ca___RS_LB 2919.JPG,late_blight,plantvillage
D:\Potato\non_leaf\coco_person\000000414385.jpg,non_leaf,coco_person
D:\Potato\IrishPotato37G_full\lateblt\lateblt2429.jpg,late_blight,irish
D:\Potato\non_leaf\coco_person\000000562448.jpg,non_leaf,coco_person
D:\Potato\IrishPotato37G_full\lateblt\lateblt261.jpg,late_blight,irish
D:\Potato\PlantVillage\Potato___Late_blight\fdc86644-2491-4ace-b7e3-190e1d68ebba___RS_LB 5129.JPG,late_blight,plantvillage
D:\Potato\IrishPotato37G_full\healthy\healthy2529.jpg,healthy,irish
D:\Potato\IrishPotato37G_full\lateblt\lateblt1946.jpg,late_blight,irish
D:\Potato\IrishPotato37G_full\healthy\healthy3310.jpg,healthy,irish
D:\Potato\IrishPotato37G_full\lateblt\lateblt2773.jpg,late_blight,irish
D:\Potato\PlantVillage\Potato___Late_blight\891ddb02-a289-4d8e-8380-7568686b7a08___RS_LB 3193.JPG,late_blight,plantvillage
D:\Potato\IrishPotato37G_full\earlyblt\earlyblt6688.jpg,early_blight,irish
D:\Potato\IrishPotato37G_full\healthy\healthy2561.jpg,healthy,irish
D:\Potato\IrishPotato37G_full\healthy\healthy1178.jpg,healthy,irish
D:\Potato\IrishPotato37G_full\healthy\healthy4414.jpg,healthy,irish
D:\Potato\PlantVillage\Potato___Late_blight\c4aec622-2e7b-49f6-bab3-6c4dce29f155___RS_LB 3118.JPG,late_blight,plantvillage
D:\Potato\IrishPotato37G_full\earlyblt\earlyblt207.jpg,early_blight,irish
D:\Potato\IrishPotato37G_full\lateblt\lateblt2533.jpg,late_blight,irish
D:\Potato\PlantVillage\Potato___Early_blight\3fb9fd25-3f61-4983-8342-2abb34d1b010___RS_Early.B 7920.JPG,early_blight,plantvillage
D:\Potato\IrishPotato37G_full\earlyblt\earlyblt476.jpg,early_blight,irish
D:\Potato\non_leaf\coco_person\000000563281.jpg,non_leaf,coco_person
D:\Potato\IrishPotato37G_full\lateblt\lateblt1474.jpg,late_blight,irish
D:\Potato\IrishPotato37G_full\earlyblt\earlyblt878.jpg,early_blight,irish
D:\Potato\IrishPotato37G_full\earlyblt\earlyblt602.jpg,early_blight,irish
D:\Potato\IrishPotato37G_full\healthy\healthy2128.jpg,healthy,irish
D:\Potato\PlantVillage\Potato___Early_blight\37957a08-5b06-49f7-9973-29f167dd95b8___RS_Early.B 8758.JPG,early_blight,plantvillage
D:\Potato\IrishPotato37G_full\lateblt\lateblt863.jpg,late_blight,irish
D:\Potato\IrishPotato37G_full\lateblt\lateblt1385.jpg,late_blight,irish
D:\Potato\IrishPotato37G_full\healthy\healthy1680.jpg,healthy,irish
D:\Potato\PlantVillage\Potato___healthy\d340704d-cc00-4068-bb8a-ae70840b7bfa___RS_HL 1773.JPG,healthy,plantvillage
D:\Potato\PlantVillage\Potato___Late_blight\dce12e0f-6f9d-4c29-ad7a-5e8216b690e0___RS_LB 4721.JPG,late_blight,plantvillage
D:\Potato\IrishPotato37G_full\healthy\healthy1280.jpg,healthy,irish
D:\Potato\IrishPotato37G_full\earlyblt\earlyblt2391.jpg,early_blight,irish
D:\Potato\IrishPotato37G_full\lateblt\lateblt737.jpg,late_blight,irish
D:\Potato\PlantVillage\Potato___Late_blight\6af65e0d-c1a5-4a28-9ecb-19e7e6d91a70___RS_LB 4128.JPG,late_blight,plantvillage
D:\Potato\IrishPotato37G_full\earlyblt\earlyblt4927.jpg,early_blight,irish
D:\Potato\IrishPotato37G_full\healthy\healthy4733.jpg,healthy,irish
D:\Potato\IrishPotato37G_full\healthy\healthy831.jpg,healthy,irish
D:\Potato\PlantVillage\Potato___Early_blight\bddc2487-ecc6-447e-902f-3560a62e5e83___RS_Early.B 7307.JPG,early_blight,plantvillage
D:\Potato\IrishPotato37G_full\earlyblt\earlyblt2259.jpg,early_blight,irish
D:\Potato\PlantVillage\Potato___Early_blight\4a4847c4-c393-4772-8035-e39b472e179b___RS_Early.B 7167.JPG,early_blight,plantvillage
D:\Potato\non_leaf\coco_person\000000356505.jpg,non_leaf,coco_person
D:\Potato\PlantVillage\Potato___Early_blight\a29559c6-1d80-4486-a3c9-26986d6e28e0___RS_Early.B 6890.JPG,early_blight,plantvillage
D:\Potato\IrishPotato37G_full\earlyblt\earlyblt2278.jpg,early_blight,irish
D:\Potato\PlantVillage\Potato___Early_blight\422fa1a6-d0f7-4634-9233-0d002ff139ae___RS_Early.B 7218.JPG,early_blight,plantvillage
D:\Potato\IrishPotato37G_full\earlyblt\earlyblt1919.jpg,early_blight,irish
D:\Potato\IrishPotato37G_full\earlyblt\earlyblt2017.jpg,early_blight,irish
D:\Potato\PlantVillage\Potato___Late_blight\c970a188-e4e6-43cd-aff7-d0ac40d378dc___RS_LB 4834.JPG,late_blight,plantvillage
D:\Potato\IrishPotato37G_full\earlyblt\earlyblt2603.jpg,early_blight,irish
D:\Potato\PlantVillage\Potato___Late_blight\b402845e-5414-423e-9f6d-29e3bdbb505b___RS_LB 2825.JPG,late_blight,plantvillage
D:\Potato\IrishPotato37G_full\earlyblt\earlyblt2293.jpg,early_blight,irish
D:\Potato\PlantVillage\Potato___Early_blight\425e5f26-56b0-404d-b537-dc3353ecee09___RS_Early.B 7058.JPG,early_blight,plantvillage
D:\Potato\IrishPotato37G_full\earlyblt\earlyblt3078.jpg,early_blight,irish
D:\Potato\IrishPotato37G_full\earlyblt\earlyblt2962.jpg,early_blight,irish
D:\Potato\IrishPotato37G_full\healthy\healthy4261.jpg,healthy,irish
D:\Potato\IrishPotato37G_full\healthy\healthy3762.jpg,healthy,irish
D:\Potato\PlantVillage\Potato___Early_blight\b35e4c48-e54e-4e42-a399-b236209314f4___RS_Early.B 8231.JPG,early_blight,plantvillage
D:\Potato\IrishPotato37G_full\lateblt\lateblt2817.jpg,late_blight,irish
D:\Potato\PlantVillage\Potato___healthy\774875d3-438a-4305-afe2-7d59e2925dc4___RS_HL 1759.JPG,healthy,plantvillage
D:\Potato\IrishPotato37G_full\earlyblt\earlyblt651.jpg,early_blight,irish
D:\Potato\IrishPotato37G_full\earlyblt\earlyblt4000.jpg,early_blight,irish
D:\Potato\IrishPotato37G_full\healthy\healthy4475.jpg,healthy,irish
D:\Potato\IrishPotato37G_full\lateblt\lateblt1447.jpg,late_blight,irish
D:\Potato\PlantVillage\Potato___Early_blight\ba96aab6-adb5-4021-b6ad-3305f50aec12___RS_Early.B 7317.JPG,early_blight,plantvillage
D:\Potato\IrishPotato37G_full\earlyblt\earlyblt3811.jpg,early_blight,irish
D:\Potato\PlantVillage\Potato___Early_blight\4bba904e-b4af-4a81-8252-b8d997bc5057___RS_Early.B 7695.JPG,early_blight,plantvillage
D:\Potato\IrishPotato37G_full\lateblt\lateblt2209.jpg,late_blight,irish
D:\Potato\IrishPotato37G_full\lateblt\lateblt419.jpg,late_blight,irish
D:\Potato\IrishPotato37G_full\healthy\healthy3323.jpg,healthy,irish
D:\Potato\non_leaf\coco_person\000000063047.jpg,non_leaf,coco_person
D:\Potato\IrishPotato37G_full\lateblt\lateblt510.jpg,late_blight,irish
D:\Potato\IrishPotato37G_full\lateblt\lateblt800.jpg,late_blight,irish
D:\Potato\IrishPotato37G_full\earlyblt\earlyblt1994.jpg,early_blight,irish
D:\Potato\IrishPotato37G_full\earlyblt\earlyblt2996.jpg,early_blight,irish
D:\Potato\IrishPotato37G_full\earlyblt\earlyblt1701.jpg,early_blight,irish
D:\Potato\IrishPotato37G_full\earlyblt\earlyblt1057.jpg,early_blight,irish
D:\Potato\IrishPotato37G_full\healthy\healthy2404.jpg,healthy,irish
D:\Potato\IrishPotato37G_full\earlyblt\earlyblt820.jpg,early_blight,irish
D:\Potato\IrishPotato37G_full\earlyblt\earlyblt3576.jpg,early_blight,irish
D:\Potato\IrishPotato37G_full\healthy\healthy4459.jpg,healthy,irish
D:\Potato\IrishPotato37G_full\lateblt\lateblt1635.jpg,late_blight,irish
D:\Potato\non_leaf\coco_person\000000048564.jpg,non_leaf,coco_person
D:\Potato\IrishPotato37G_full\earlyblt\earlyblt1973.jpg,early_blight,irish
D:\Potato\IrishPotato37G_full\earlyblt\earlyblt1447.jpg,early_blight,irish
D:\Potato\IrishPotato37G_full\lateblt\lateblt2190.jpg,late_blight,irish
D:\Potato\IrishPotato37G_full\healthy\healthy2046.jpg,healthy,irish
D:\Potato\IrishPotato37G_full\lateblt\lateblt1327.jpg,late_blight,irish
D:\Potato\IrishPotato37G_full\lateblt\lateblt2115.jpg,late_blight,irish
D:\Potato\non_leaf\coco_person\000000449432.jpg,non_leaf,coco_person
D:\Potato\IrishPotato37G_full\healthy\healthy3170.jpg,healthy,irish
D:\Potato\IrishPotato37G_full\healthy\healthy3922.jpg,healthy,irish
D:\Potato\IrishPotato37G_full\lateblt\lateblt2744.jpg,late_blight,irish
D:\Potato\IrishPotato37G_full\lateblt\lateblt2456.jpg,late_blight,irish
D:\Potato\IrishPotato37G_full\earlyblt\earlyblt1125.jpg,early_blight,irish
D:\Potato\IrishPotato37G_full\lateblt\lateblt523.jpg,late_blight,irish
D:\Potato\IrishPotato37G_full\healthy\healthy328.jpg,healthy,irish
D:\Potato\PlantVillage\Potato___Late_blight\22bd2a18-a4ba-4c9a-a4d3-2dabc295ccbc___RS_LB 4759.JPG,late_blight,plantvillage
D:\Potato\IrishPotato37G_full\lateblt\lateblt2079.jpg,late_blight,irish
D:\Potato\IrishPotato37G_full\lateblt\lateblt2716.jpg,late_blight,irish
D:\Potato\non_leaf\coco_person\000000362520.jpg,non_leaf,coco_person
D:\Potato\non_leaf\coco_person\000000414795.jpg,non_leaf,coco_person
D:\Potato\IrishPotato37G_full\healthy\healthy3999.jpg,healthy,irish
D:\Potato\IrishPotato37G_full\lateblt\lateblt56.jpg,late_blight,irish
D:\Potato\IrishPotato37G_full\lateblt\lateblt205.jpg,late_blight,irish
D:\Potato\non_leaf\coco_person\000000425226.jpg,non_leaf,coco_person
D:\Potato\IrishPotato37G_full\lateblt\lateblt1536.jpg,late_blight,irish
D:\Potato\IrishPotato37G_full\earlyblt\earlyblt2311.jpg,early_blight,irish
D:\Potato\IrishPotato37G_full\earlyblt\earlyblt852.jpg,early_blight,irish
D:\Potato\IrishPotato37G_full\healthy\healthy1398.jpg,healthy,irish
D:\Potato\PlantVillage\Potato___Early_blight\e6d7262c-803d-4346-a36d-4f384196e21c___RS_Early.B 6893.JPG,early_blight,plantvillage
D:\Potato\PlantVillage\Potato___Early_blight\dcb9073d-df5b-4a15-aecf-1c3af587cd74___RS_Early.B 8982.JPG,early_blight,plantvillage
D:\Potato\IrishPotato37G_full\healthy\healthy1106.jpg,healthy,irish
D:\Potato\PlantVillage\Potato___Late_blight\1736a728-bae9-4133-bfca-60a7c3b6382c___RS_LB 4855.JPG,late_blight,plantvillage
D:\Potato\PlantVillage\Potato___Late_blight\4c846678-1c22-4734-b2bf-fb774bf3bb13___RS_LB 4090.JPG,late_blight,plantvillage
D:\Potato\IrishPotato37G_full\earlyblt\earlyblt2418.jpg,early_blight,irish
D:\Potato\PlantVillage\Potato___Late_blight\8f8e338a-b6ac-4ca7-b3f3-596dc15eb140___RS_LB 3970.JPG,late_blight,plantvillage
D:\Potato\PlantVillage\Potato___Late_blight\9254f86d-5d83-4217-a7f5-84d08e1b93ee___RS_LB 4037.JPG,late_blight,plantvillage
D:\Potato\PlantVillage\Potato___Early_blight\c59f2dde-4805-4f63-b47a-79fe9cd9364b___RS_Early.B 7510.JPG,early_blight,plantvillage
D:\Potato\PlantVillage\Potato___Early_blight\07baabd8-e118-47dd-9d8d-132d4347836a___RS_Early.B 8555.JPG,early_blight,plantvillage
D:\Potato\IrishPotato37G_full\healthy\healthy3950.jpg,healthy,irish
D:\Potato\IrishPotato37G_full\earlyblt\earlyblt3091.jpg,early_blight,irish
D:\Potato\IrishPotato37G_full\healthy\healthy922.jpg,healthy,irish
D:\Potato\IrishPotato37G_full\earlyblt\earlyblt1901.jpg,early_blight,irish
D:\Potato\non_leaf\coco_person\000000226408.jpg,non_leaf,coco_person
D:\Potato\IrishPotato37G_full\earlyblt\earlyblt782.jpg,early_blight,irish
D:\Potato\IrishPotato37G_full\lateblt\lateblt1151.jpg,late_blight,irish
D:\Potato\IrishPotato37G_full\healthy\healthy2388.jpg,healthy,irish
D:\Potato\IrishPotato37G_full\earlyblt\earlyblt3137.jpg,early_blight,irish
D:\Potato\IrishPotato37G_full\lateblt\lateblt578.jpg,late_blight,irish
D:\Potato\IrishPotato37G_full\healthy\healthy3720.jpg,healthy,irish
D:\Potato\IrishPotato37G_full\lateblt\lateblt1450.jpg,late_blight,irish
D:\Potato\PlantVillage\Potato___Early_blight\9badd590-45ed-4636-9590-b12342ea8a84___RS_Early.B 6944.JPG,early_blight,plantvillage
D:\Potato\IrishPotato37G_full\healthy\healthy2846.jpg,healthy,irish
D:\Potato\IrishPotato37G_full\lateblt\lateblt503.jpg,late_blight,irish
D:\Potato\IrishPotato37G_full\healthy\healthy2133.jpg,healthy,irish
D:\Potato\IrishPotato37G_full\healthy\healthy1593.jpg,healthy,irish
D:\Potato\PlantVillage\Potato___Late_blight\36f84bc9-df52-44b6-b420-29c3881dea1e___RS_LB 4485.JPG,late_blight,plantvillage
D:\Potato\IrishPotato37G_full\earlyblt\earlyblt3562.jpg,early_blight,irish
D:\Potato\IrishPotato37G_full\healthy\healthy994.jpg,healthy,irish
D:\Potato\IrishPotato37G_full\earlyblt\earlyblt1457.jpg,early_blight,irish
D:\Potato\IrishPotato37G_full\lateblt\lateblt802.jpg,late_blight,irish
D:\Potato\IrishPotato37G_full\lateblt\lateblt480.jpg,late_blight,irish
D:\Potato\IrishPotato37G_full\lateblt\lateblt1935.jpg,late_blight,irish
D:\Potato\IrishPotato37G_full\earlyblt\earlyblt4773.jpg,early_blight,irish
D:\Potato\PlantVillage\Potato___healthy\4ae82355-6885-40e7-9807-dabe46ed3441___RS_HL 5410.JPG,healthy,plantvillage
D:\Potato\IrishPotato37G_full\earlyblt\earlyblt2657.jpg,early_blight,irish
D:\Potato\IrishPotato37G_full\lateblt\lateblt232.jpg,late_blight,irish
D:\Potato\IrishPotato37G_full\earlyblt\earlyblt6261.jpg,early_blight,irish
D:\Potato\IrishPotato37G_full\earlyblt\earlyblt1820.jpg,early_blight,irish
D:\Potato\IrishPotato37G_full\healthy\healthy2405.jpg,healthy,irish
D:\Potato\IrishPotato37G_full\earlyblt\earlyblt3840.jpg,early_blight,irish
D:\Potato\IrishPotato37G_full\lateblt\lateblt512.jpg,late_blight,irish
D:\Potato\non_leaf\coco_person\000000412894.jpg,non_leaf,coco_person
D:\Potato\IrishPotato37G_full\lateblt\lateblt1604.jpg,late_blight,irish
D:\Potato\IrishPotato37G_full\lateblt\lateblt2162.jpg,late_blight,irish
D:\Potato\non_leaf\coco_person\000000394559.jpg,non_leaf,coco_person
D:\Potato\IrishPotato37G_full\healthy\healthy3163.jpg,healthy,irish
D:\Potato\PlantVillage\Potato___Early_blight\044c3abc-0bc9-45fb-8fd5-094aeb605f90___RS_Early.B 8044.JPG,early_blight,plantvillage
D:\Potato\IrishPotato37G_full\healthy\healthy2063.jpg,healthy,irish
D:\Potato\IrishPotato37G_full\earlyblt\earlyblt849.jpg,early_blight,irish
D:\Potato\IrishPotato37G_full\healthy\healthy3196.jpg,healthy,irish
D:\Potato\IrishPotato37G_full\lateblt\lateblt2727.jpg,late_blight,irish
D:\Potato\PlantVillage\Potato___Late_blight\c60533e5-8080-4c77-8ae4-7c1f2f7350cb___RS_LB 2810.JPG,late_blight,plantvillage
D:\Potato\IrishPotato37G_full\lateblt\lateblt1133.jpg,late_blight,irish
D:\Potato\PlantVillage\Potato___Early_blight\26f15c9c-5cbf-49c8-ac4e-c5b15d03e319___RS_Early.B 9022.JPG,early_blight,plantvillage
D:\Potato\IrishPotato37G_full\healthy\healthy2457.jpg,healthy,irish
D:\Potato\IrishPotato37G_full\healthy\healthy841.jpg,healthy,irish
D:\Potato\IrishPotato37G_full\lateblt\lateblt254.jpg,late_blight,irish
D:\Potato\IrishPotato37G_full\lateblt\lateblt1400.jpg,late_blight,irish
D:\Potato\IrishPotato37G_full\healthy\healthy1403.jpg,healthy,irish
D:\Potato\non_leaf\coco_person\000000395575.jpg,non_leaf,coco_person
D:\Potato\IrishPotato37G_full\earlyblt\earlyblt1562.jpg,early_blight,irish
D:\Potato\IrishPotato37G_full\healthy\healthy4726.jpg,healthy,irish
D:\Potato\IrishPotato37G_full\earlyblt\earlyblt6083.jpg,early_blight,irish
D:\Potato\IrishPotato37G_full\lateblt\lateblt612.jpg,late_blight,irish
D:\Potato\IrishPotato37G_full\healthy\healthy4316.jpg,healthy,irish
D:\Potato\IrishPotato37G_full\healthy\healthy1224.jpg,healthy,irish
D:\Potato\IrishPotato37G_full\healthy\healthy810.jpg,healthy,irish
D:\Potato\IrishPotato37G_full\earlyblt\earlyblt2703.jpg,early_blight,irish
D:\Potato\IrishPotato37G_full\earlyblt\earlyblt1622.jpg,early_blight,irish
D:\Potato\IrishPotato37G_full\healthy\healthy3095.jpg,healthy,irish
D:\Potato\PlantVillage\Potato___Late_blight\ce38cb15-70c8-4203-adbb-db648eb87554___RS_LB 4107.JPG,late_blight,plantvillage
D:\Potato\PlantVillage\Potato___Late_blight\9001b18c-b659-4c56-9dfb-0d0bf64a7b4a___RS_LB 4987.JPG,late_blight,plantvillage
D:\Potato\PlantVillage\Potato___Late_blight\468629f7-6ca2-4823-9a39-d42b4d92c4bb___RS_LB 5312.JPG,late_blight,plantvillage
D:\Potato\PlantVillage\Potato___Late_blight\0fe7786d-0e2f-4705-839d-898f1d9214b0___RS_LB 2836.JPG,late_blight,plantvillage
D:\Potato\IrishPotato37G_full\lateblt\lateblt1673.jpg,late_blight,irish
D:\Potato\IrishPotato37G_full\earlyblt\earlyblt1464.jpg,early_blight,irish
D:\Potato\non_leaf\coco_person\000000018519.jpg,non_leaf,coco_person
D:\Potato\PlantVillage\Potato___Late_blight\96879d98-11ca-40c7-9708-9ca8f235f407___RS_LB 2739.JPG,late_blight,plantvillage
D:\Potato\non_leaf\coco_person\000000502737.jpg,non_leaf,coco_person
D:\Potato\non_leaf\coco_person\000000192607.jpg,non_leaf,coco_person
D:\Potato\IrishPotato37G_full\healthy\healthy4404.jpg,healthy,irish
D:\Potato\PlantVillage\Potato___Early_blight\95cd8c85-b3b1-4d90-828d-1c93ea98977a___RS_Early.B 9109.JPG,early_blight,plantvillage
D:\Potato\IrishPotato37G_full\lateblt\lateblt2966.jpg,late_blight,irish
D:\Potato\IrishPotato37G_full\earlyblt\earlyblt2714.jpg,early_blight,irish
D:\Potato\IrishPotato37G_full\earlyblt\earlyblt3932.jpg,early_blight,irish
D:\Potato\IrishPotato37G_full\healthy\healthy3123.jpg,healthy,irish
D:\Potato\PlantVillage\Potato___Late_blight\f2bfd338-f718-4794-a115-3337a0669988___RS_LB 2944.JPG,late_blight,plantvillage
D:\Potato\non_leaf\coco_person\000000355257.jpg,non_leaf,coco_person
D:\Potato\IrishPotato37G_full\lateblt\lateblt296.jpg,late_blight,irish
D:\Potato\PlantVillage\Potato___Late_blight\777a492f-3dfb-4bcf-8b33-a9b09fb21e6e___RS_LB 4866.JPG,late_blight,plantvillage
D:\Potato\IrishPotato37G_full\lateblt\lateblt2007.jpg,late_blight,irish
D:\Potato\IrishPotato37G_full\earlyblt\earlyblt4672.jpg,early_blight,irish
D:\Potato\IrishPotato37G_full\healthy\healthy4453.jpg,healthy,irish
D:\Potato\IrishPotato37G_full\lateblt\lateblt2061.jpg,late_blight,irish
D:\Potato\IrishPotato37G_full\healthy\healthy4816.jpg,healthy,irish
D:\Potato\IrishPotato37G_full\healthy\healthy4970.jpg,healthy,irish
D:\Potato\IrishPotato37G_full\earlyblt\earlyblt2554.jpg,early_blight,irish
D:\Potato\IrishPotato37G_full\healthy\healthy155.jpg,healthy,irish
D:\Potato\IrishPotato37G_full\earlyblt\earlyblt3212.jpg,early_blight,irish
D:\Potato\PlantVillage\Potato___Late_blight\d94eae91-7d2e-4394-b892-8c8c7fa9cf11___RS_LB 4864.JPG,late_blight,plantvillage
D:\Potato\IrishPotato37G_full\healthy\healthy1446.jpg,healthy,irish
D:\Potato\IrishPotato37G_full\lateblt\lateblt1145.jpg,late_blight,irish
D:\Potato\non_leaf\coco_person\000000477805.jpg,non_leaf,coco_person
D:\Potato\IrishPotato37G_full\healthy\healthy2463.jpg,healthy,irish
D:\Potato\IrishPotato37G_full\healthy\healthy3084.jpg,healthy,irish
D:\Potato\IrishPotato37G_full\healthy\healthy1636.jpg,healthy,irish
D:\Potato\IrishPotato37G_full\earlyblt\earlyblt1579.jpg,early_blight,irish
D:\Potato\IrishPotato37G_full\earlyblt\earlyblt707.jpg,early_blight,irish
D:\Potato\PlantVillage\Potato___Early_blight\2dc9baab-663f-4f09-a0a4-7c07edfb4c42___RS_Early.B 6866.JPG,early_blight,plantvillage
D:\Potato\IrishPotato37G_full\lateblt\lateblt1454.jpg,late_blight,irish
D:\Potato\non_leaf\coco_person\000000562207.jpg,non_leaf,coco_person
D:\Potato\IrishPotato37G_full\healthy\healthy2187.jpg,healthy,irish
D:\Potato\IrishPotato37G_full\lateblt\lateblt2959.jpg,late_blight,irish
D:\Potato\IrishPotato37G_full\lateblt\lateblt1947.jpg,late_blight,irish
D:\Potato\IrishPotato37G_full\lateblt\lateblt199.jpg,late_blight,irish
D:\Potato\IrishPotato37G_full\healthy\healthy3604.jpg,healthy,irish
D:\Potato\IrishPotato37G_full\lateblt\lateblt404.jpg,late_blight,irish
D:\Potato\IrishPotato37G_full\lateblt\lateblt92.jpg,late_blight,irish
D:\Potato\IrishPotato37G_full\lateblt\lateblt2114.jpg,late_blight,irish
D:\Potato\IrishPotato37G_full\lateblt\lateblt1697.jpg,late_blight,irish
D:\Potato\IrishPotato37G_full\earlyblt\earlyblt6784.jpg,early_blight,irish
D:\Potato\IrishPotato37G_full\healthy\healthy5282.jpg,healthy,irish
D:\Potato\IrishPotato37G_full\earlyblt\earlyblt1899.jpg,early_blight,irish
D:\Potato\IrishPotato37G_full\healthy\healthy4678.jpg,healthy,irish
D:\Potato\IrishPotato37G_full\lateblt\lateblt2152.jpg,late_blight,irish
D:\Potato\IrishPotato37G_full\lateblt\lateblt2772.jpg,late_blight,irish
D:\Potato\PlantVillage\Potato___Early_blight\8df7a062-73d6-468e-8354-baa641dd69b3___RS_Early.B 7072.JPG,early_blight,plantvillage
D:\Potato\IrishPotato37G_full\healthy\healthy2447.jpg,healthy,irish
D:\Potato\IrishPotato37G_full\earlyblt\earlyblt3022.jpg,early_blight,irish
D:\Potato\IrishPotato37G_full\healthy\healthy1320.jpg,healthy,irish
D:\Potato\IrishPotato37G_full\healthy\healthy2713.jpg,healthy,irish
D:\Potato\PlantVillage\Potato___Early_blight\0604174e-3018-4faa-9975-0be32d2c0789___RS_Early.B 7123.JPG,early_blight,plantvillage
D:\Potato\PlantVillage\Potato___Early_blight\12ebe6fe-c8ce-4a00-866f-8776aca75159___RS_Early.B 6873.JPG,early_blight,plantvillage
D:\Potato\IrishPotato37G_full\lateblt\lateblt526.jpg,late_blight,irish
D:\Potato\IrishPotato37G_full\lateblt\lateblt243.jpg,late_blight,irish
D:\Potato\IrishPotato37G_full\lateblt\lateblt241.jpg,late_blight,irish
D:\Potato\non_leaf\coco_person\000000555050.jpg,non_leaf,coco_person
D:\Potato\IrishPotato37G_full\lateblt\lateblt1933.jpg,late_blight,irish
D:\Potato\IrishPotato37G_full\earlyblt\earlyblt879.jpg,early_blight,irish
D:\Potato\IrishPotato37G_full\healthy\healthy2888.jpg,healthy,irish
D:\Potato\IrishPotato37G_full\healthy\healthy4334.jpg,healthy,irish
D:\Potato\IrishPotato37G_full\lateblt\lateblt467.jpg,late_blight,irish
D:\Potato\IrishPotato37G_full\lateblt\lateblt2735.jpg,late_blight,irish
D:\Potato\IrishPotato37G_full\earlyblt\earlyblt1942.jpg,early_blight,irish
D:\Potato\IrishPotato37G_full\earlyblt\earlyblt437.jpg,early_blight,irish
D:\Potato\IrishPotato37G_full\earlyblt\earlyblt2400.jpg,early_blight,irish
D:\Potato\IrishPotato37G_full\healthy\healthy2996.jpg,healthy,irish
D:\Potato\IrishPotato37G_full\earlyblt\earlyblt158.jpg,early_blight,irish
D:\Potato\IrishPotato37G_full\lateblt\lateblt2166.jpg,late_blight,irish
D:\Potato\IrishPotato37G_full\healthy\healthy2352.jpg,healthy,irish
D:\Potato\non_leaf\coco_person\000000117645.jpg,non_leaf,coco_person
D:\Potato\PlantVillage\Potato___Late_blight\6e5ae22d-5e91-4fed-b731-94f80ff63613___RS_LB 5113.JPG,late_blight,plantvillage
D:\Potato\IrishPotato37G_full\lateblt\lateblt1152.jpg,late_blight,irish
D:\Potato\IrishPotato37G_full\earlyblt\earlyblt3985.jpg,early_blight,irish
D:\Potato\non_leaf\coco_person\000000287291.jpg,non_leaf,coco_person
D:\Potato\PlantVillage\Potato___Early_blight\4efd8455-c6ef-4e25-abad-d4d273f84c28___RS_Early.B 8128.JPG,early_blight,plantvillage
D:\Potato\IrishPotato37G_full\lateblt\lateblt2841.jpg,late_blight,irish
D:\Potato\IrishPotato37G_full\healthy\healthy508.jpg,healthy,irish
D:\Potato\IrishPotato37G_full\lateblt\lateblt2144.jpg,late_blight,irish
D:\Potato\PlantVillage\Potato___Early_blight\f813e04e-a4f1-4c7f-a56d-cf0829801acb___RS_Early.B 8836.JPG,early_blight,plantvillage
D:\Potato\IrishPotato37G_full\healthy\healthy5601.jpg,healthy,irish
D:\Potato\IrishPotato37G_full\lateblt\lateblt1512.jpg,late_blight,irish
D:\Potato\IrishPotato37G_full\healthy\healthy2061.jpg,healthy,irish
D:\Potato\PlantVillage\Potato___Late_blight\f973bbe0-ce70-4215-8d5b-9e7adc099261___RS_LB 2507.JPG,late_blight,plantvillage
D:\Potato\PlantVillage\Potato___Late_blight\3112e625-f1d9-428b-a77e-23c6f28e44f8___RS_LB 3035.JPG,late_blight,plantvillage
D:\Potato\IrishPotato37G_full\lateblt\lateblt1407.jpg,late_blight,irish
D:\Potato\non_leaf\coco_person\000000356612.jpg,non_leaf,coco_person
D:\Potato\IrishPotato37G_full\healthy\healthy734.jpg,healthy,irish
D:\Potato\IrishPotato37G_full\earlyblt\earlyblt366.jpg,early_blight,irish
D:\Potato\non_leaf\coco_person\000000125472.jpg,non_leaf,coco_person
D:\Potato\IrishPotato37G_full\earlyblt\earlyblt2841.jpg,early_blight,irish
D:\Potato\PlantVillage\Potato___Late_blight\f4e0bb0f-5f98-497c-a090-4e4c47f6707b___RS_LB 5153.JPG,late_blight,plantvillage
D:\Potato\IrishPotato37G_full\lateblt\lateblt1698.jpg,late_blight,irish
D:\Potato\PlantVillage\Potato___Late_blight\afcad9ca-9bd2-4c7b-b034-2b3d0360ac30___RS_LB 2741.JPG,late_blight,plantvillage
D:\Potato\IrishPotato37G_full\earlyblt\earlyblt4864.jpg,early_blight,irish
D:\Potato\IrishPotato37G_full\earlyblt\earlyblt4949.jpg,early_blight,irish
D:\Potato\IrishPotato37G_full\healthy\healthy1366.jpg,healthy,irish
D:\Potato\PlantVillage\Potato___Early_blight\6173dbe2-1379-4241-a43e-7cbad448b6cc___RS_Early.B 6993.JPG,early_blight,plantvillage
D:\Potato\IrishPotato37G_full\healthy\healthy5235.jpg,healthy,irish
D:\Potato\IrishPotato37G_full\healthy\healthy1360.jpg,healthy,irish
D:\Potato\IrishPotato37G_full\healthy\healthy5649.jpg,healthy,irish
D:\Potato\PlantVillage\Potato___Late_blight\e28b4ead-09f5-4e34-a162-0e0268f53763___RS_LB 2583.JPG,late_blight,plantvillage
D:\Potato\IrishPotato37G_full\earlyblt\earlyblt1489.jpg,early_blight,irish
D:\Potato\IrishPotato37G_full\earlyblt\earlyblt1668.jpg,early_blight,irish
D:\Potato\PlantVillage\Potato___Early_blight\6bca5c10-8985-404c-96c3-3f77c2a77d10___RS_Early.B 7527.JPG,early_blight,plantvillage
D:\Potato\IrishPotato37G_full\lateblt\lateblt460.jpg,late_blight,irish
D:\Potato\non_leaf\coco_person\000000578545.jpg,non_leaf,coco_person
D:\Potato\non_leaf\coco_person\000000521717.jpg,non_leaf,coco_person
D:\Potato\non_leaf\coco_person\000000270297.jpg,non_leaf,coco_person
D:\Potato\IrishPotato37G_full\earlyblt\earlyblt1479.jpg,early_blight,irish
D:\Potato\IrishPotato37G_full\lateblt\lateblt1303.jpg,late_blight,irish
D:\Potato\IrishPotato37G_full\earlyblt\earlyblt2289.jpg,early_blight,irish
D:\Potato\PlantVillage\Potato___Late_blight\4ac84ca7-f60a-406e-938d-40f4ba5b75ce___RS_LB 2731.JPG,late_blight,plantvillage
D:\Potato\IrishPotato37G_full\healthy\healthy4610.jpg,healthy,irish
D:\Potato\IrishPotato37G_full\earlyblt\earlyblt2591.jpg,early_blight,irish
D:\Potato\PlantVillage\Potato___Late_blight\dd9b9122-fd29-4986-9dc3-330d4a48ccc3___RS_LB 5290.JPG,late_blight,plantvillage
D:\Potato\IrishPotato37G_full\healthy\healthy2239.jpg,healthy,irish
D:\Potato\IrishPotato37G_full\lateblt\lateblt2730.jpg,late_blight,irish
D:\Potato\IrishPotato37G_full\lateblt\lateblt2459.jpg,late_blight,irish
D:\Potato\IrishPotato37G_full\lateblt\lateblt1422.jpg,late_blight,irish
D:\Potato\IrishPotato37G_full\healthy\healthy1160.jpg,healthy,irish
D:\Potato\PlantVillage\Potato___Late_blight\3cfeea97-88e1-42e6-b760-0fa125613e9c___RS_LB 4406.JPG,late_blight,plantvillage
D:\Potato\IrishPotato37G_full\earlyblt\earlyblt3421.jpg,early_blight,irish
D:\Potato\IrishPotato37G_full\lateblt\lateblt851.jpg,late_blight,irish
D:\Potato\IrishPotato37G_full\healthy\healthy2052.jpg,healthy,irish
D:\Potato\IrishPotato37G_full\healthy\healthy1126.jpg,healthy,irish
D:\Potato\PlantVillage\Potato___Early_blight\a4cc86e3-ac4d-4b72-89a2-6cf106831908___RS_Early.B 7346.JPG,early_blight,plantvillage
D:\Potato\IrishPotato37G_full\earlyblt\earlyblt3006.jpg,early_blight,irish
D:\Potato\PlantVillage\Potato___Early_blight\81bc4d94-be1f-4127-8203-da3ae29aa3d5___RS_Early.B 7305.JPG,early_blight,plantvillage
D:\Potato\IrishPotato37G_full\earlyblt\earlyblt2817.jpg,early_blight,irish
D:\Potato\IrishPotato37G_full\lateblt\lateblt846.jpg,late_blight,irish
D:\Potato\IrishPotato37G_full\earlyblt\earlyblt4908.jpg,early_blight,irish
D:\Potato\PlantVillage\Potato___Late_blight\447c4811-7ed2-4576-81b4-2f67c8993db7___RS_LB 4137.JPG,late_blight,plantvillage
D:\Potato\IrishPotato37G_full\healthy\healthy3103.jpg,healthy,irish
D:\Potato\IrishPotato37G_full\earlyblt\earlyblt3063.jpg,early_blight,irish
D:\Potato\IrishPotato37G_full\lateblt\lateblt163.jpg,late_blight,irish
D:\Potato\IrishPotato37G_full\lateblt\lateblt2820.jpg,late_blight,irish
D:\Potato\IrishPotato37G_full\lateblt\lateblt2776.jpg,late_blight,irish
D:\Potato\IrishPotato37G_full\healthy\healthy582.jpg,healthy,irish
D:\Potato\PlantVillage\Potato___Early_blight\904dba96-8ff1-45e2-af16-9c9cc5865c32___RS_Early.B 7349.JPG,early_blight,plantvillage
D:\Potato\IrishPotato37G_full\healthy\healthy3392.jpg,healthy,irish
D:\Potato\PlantVillage\Potato___Late_blight\71cbb155-74cd-42f9-97ac-abca4a10ad79___RS_LB 4456.JPG,late_blight,plantvillage
D:\Potato\IrishPotato37G_full\lateblt\lateblt462.jpg,late_blight,irish
D:\Potato\IrishPotato37G_full\healthy\healthy674.jpg,healthy,irish
D:\Potato\IrishPotato37G_full\healthy\healthy1622.jpg,healthy,irish
D:\Potato\IrishPotato37G_full\earlyblt\earlyblt3853.jpg,early_blight,irish
D:\Potato\PlantVillage\Potato___Early_blight\d0719ccc-a4c3-406e-bf73-94115fefde12___RS_Early.B 8569.JPG,early_blight,plantvillage
D:\Potato\non_leaf\coco_person\000000319184.jpg,non_leaf,coco_person
D:\Potato\IrishPotato37G_full\lateblt\lateblt132.jpg,late_blight,irish
D:\Potato\IrishPotato37G_full\healthy\healthy2764.jpg,healthy,irish
D:\Potato\IrishPotato37G_full\earlyblt\earlyblt1918.jpg,early_blight,irish
D:\Potato\PlantVillage\Potato___Late_blight\030e8945-d3ce-4ad3-8a91-a14c18285249___RS_LB 2532.JPG,late_blight,plantvillage
D:\Potato\IrishPotato37G_full\lateblt\lateblt639.jpg,late_blight,irish
D:\Potato\IrishPotato37G_full\earlyblt\earlyblt928.jpg,early_blight,irish
D:\Potato\IrishPotato37G_full\earlyblt\earlyblt1661.jpg,early_blight,irish
D:\Potato\IrishPotato37G_full\lateblt\lateblt2520.jpg,late_blight,irish
D:\Potato\IrishPotato37G_full\lateblt\lateblt2604.jpg,late_blight,irish
D:\Potato\IrishPotato37G_full\lateblt\lateblt18.jpg,late_blight,irish
D:\Potato\IrishPotato37G_full\lateblt\lateblt1397.jpg,late_blight,irish
D:\Potato\IrishPotato37G_full\healthy\healthy1155.jpg,healthy,irish
D:\Potato\PlantVillage\Potato___Late_blight\02212653-e92b-49aa-96b7-9497af51e502___RS_LB 3151.JPG,late_blight,plantvillage
D:\Potato\IrishPotato37G_full\earlyblt\earlyblt3244.jpg,early_blight,irish
D:\Potato\IrishPotato37G_full\earlyblt\earlyblt2977.jpg,early_blight,irish
D:\Potato\IrishPotato37G_full\lateblt\lateblt5050.jpg,late_blight,irish
D:\Potato\IrishPotato37G_full\earlyblt\earlyblt136.jpg,early_blight,irish
D:\Potato\IrishPotato37G_full\lateblt\lateblt1554.jpg,late_blight,irish
D:\Potato\IrishPotato37G_full\earlyblt\earlyblt1961.jpg,early_blight,irish
D:\Potato\IrishPotato37G_full\lateblt\lateblt656.jpg,late_blight,irish
D:\Potato\IrishPotato37G_full\lateblt\lateblt643.jpg,late_blight,irish
D:\Potato\non_leaf\coco_person\000000352491.jpg,non_leaf,coco_person
D:\Potato\IrishPotato37G_full\earlyblt\earlyblt4740.jpg,early_blight,irish
D:\Potato\IrishPotato37G_full\healthy\healthy3064.jpg,healthy,irish
D:\Potato\PlantVillage\Potato___Late_blight\4d085c80-4d57-4377-8fb3-eab3a25e5f5c___RS_LB 3060.JPG,late_blight,plantvillage
D:\Potato\IrishPotato37G_full\healthy\healthy5660.jpg,healthy,irish
D:\Potato\IrishPotato37G_full\healthy\healthy1525.jpg,healthy,irish
D:\Potato\IrishPotato37G_full\lateblt\lateblt2444.jpg,late_blight,irish
D:\Potato\IrishPotato37G_full\lateblt\lateblt1924.jpg,late_blight,irish
D:\Potato\IrishPotato37G_full\healthy\healthy3956.jpg,healthy,irish
D:\Potato\IrishPotato37G_full\earlyblt\earlyblt1106.jpg,early_blight,irish
D:\Potato\IrishPotato37G_full\earlyblt\earlyblt6204.jpg,early_blight,irish
D:\Potato\PlantVillage\Potato___Late_blight\152ffbeb-7dda-4313-a792-9faf68c017bf___RS_LB 2830.JPG,late_blight,plantvillage
D:\Potato\IrishPotato37G_full\healthy\healthy716.jpg,healthy,irish
D:\Potato\PlantVillage\Potato___Late_blight\be013aee-1311-4679-ae86-1c6fba5f55e5___RS_LB 2799.JPG,late_blight,plantvillage
D:\Potato\IrishPotato37G_full\earlyblt\earlyblt148.jpg,early_blight,irish
D:\Potato\IrishPotato37G_full\earlyblt\earlyblt3571.jpg,early_blight,irish
D:\Potato\IrishPotato37G_full\lateblt\lateblt1922.jpg,late_blight,irish
D:\Potato\IrishPotato37G_full\earlyblt\earlyblt1177.jpg,early_blight,irish
D:\Potato\IrishPotato37G_full\earlyblt\earlyblt412.jpg,early_blight,irish
D:\Potato\IrishPotato37G_full\healthy\healthy3523.jpg,healthy,irish
D:\Potato\IrishPotato37G_full\lateblt\lateblt1610.jpg,late_blight,irish
D:\Potato\IrishPotato37G_full\lateblt\lateblt2461.jpg,late_blight,irish
D:\Potato\IrishPotato37G_full\earlyblt\earlyblt154.jpg,early_blight,irish
D:\Potato\IrishPotato37G_full\lateblt\lateblt568.jpg,late_blight,irish
D:\Potato\IrishPotato37G_full\earlyblt\earlyblt1402.jpg,early_blight,irish
D:\Potato\PlantVillage\Potato___Early_blight\c10f959b-1f3d-4581-8299-640e87b1b653___RS_Early.B 7949.JPG,early_blight,plantvillage
D:\Potato\PlantVillage\Potato___Late_blight\7ec28081-7b26-4519-a406-48ff4edb69ea___RS_LB 2622.JPG,late_blight,plantvillage
D:\Potato\IrishPotato37G_full\lateblt\lateblt2212.jpg,late_blight,irish
D:\Potato\PlantVillage\Potato___Early_blight\c91060f7-f9dd-4930-ad0a-8a4a6bd803d2___RS_Early.B 7869.JPG,early_blight,plantvillage
D:\Potato\IrishPotato37G_full\earlyblt\earlyblt953.jpg,early_blight,irish
D:\Potato\IrishPotato37G_full\earlyblt\earlyblt1171.jpg,early_blight,irish
D:\Potato\IrishPotato37G_full\earlyblt\earlyblt2428.jpg,early_blight,irish
D:\Potato\IrishPotato37G_full\lateblt\lateblt2238.jpg,late_blight,irish
D:\Potato\IrishPotato37G_full\healthy\healthy2201.jpg,healthy,irish
D:\Potato\IrishPotato37G_full\earlyblt\earlyblt3156.jpg,early_blight,irish
D:\Potato\non_leaf\coco_person\000000053626.jpg,non_leaf,coco_person
D:\Potato\IrishPotato37G_full\earlyblt\earlyblt2331.jpg,early_blight,irish
D:\Potato\IrishPotato37G_full\healthy\healthy876.jpg,healthy,irish
D:\Potato\non_leaf\coco_person\000000474854.jpg,non_leaf,coco_person
D:\Potato\IrishPotato37G_full\lateblt\lateblt2815.jpg,late_blight,irish
D:\Potato\IrishPotato37G_full\healthy\healthy2883.jpg,healthy,irish
D:\Potato\IrishPotato37G_full\lateblt\lateblt1927.jpg,late_blight,irish
D:\Potato\non_leaf\coco_person\000000494188.jpg,non_leaf,coco_person
D:\Potato\non_leaf\coco_person\000000441247.jpg,non_leaf,coco_person
D:\Potato\IrishPotato37G_full\healthy\healthy4327.jpg,healthy,irish
D:\Potato\IrishPotato37G_full\earlyblt\earlyblt2299.jpg,early_blight,irish
D:\Potato\IrishPotato37G_full\healthy\healthy2498.jpg,healthy,irish
D:\Potato\IrishPotato37G_full\healthy\healthy1676.jpg,healthy,irish
D:\Potato\IrishPotato37G_full\lateblt\lateblt2513.jpg,late_blight,irish
D:\Potato\IrishPotato37G_full\healthy\healthy5224.jpg,healthy,irish
D:\Potato\IrishPotato37G_full\lateblt\lateblt1320.jpg,late_blight,irish
D:\Potato\non_leaf\coco_person\000000248334.jpg,non_leaf,coco_person
D:\Potato\IrishPotato37G_full\earlyblt\earlyblt3795.jpg,early_blight,irish
D:\Potato\IrishPotato37G_full\lateblt\lateblt52.jpg,late_blight,irish
D:\Potato\IrishPotato37G_full\earlyblt\earlyblt6908.jpg,early_blight,irish
D:\Potato\IrishPotato37G_full\lateblt\lateblt723.jpg,late_blight,irish
D:\Potato\IrishPotato37G_full\healthy\healthy32.jpg,healthy,irish
D:\Potato\IrishPotato37G_full\earlyblt\earlyblt6960.jpg,early_blight,irish
D:\Potato\IrishPotato37G_full\healthy\healthy874.jpg,healthy,irish
D:\Potato\IrishPotato37G_full\healthy\healthy1245.jpg,healthy,irish
D:\Potato\IrishPotato37G_full\earlyblt\earlyblt6323.jpg,early_blight,irish
D:\Potato\PlantVillage\Potato___Late_blight\31b2a640-4063-41f1-97c5-03ceca0ce131___RS_LB 5439.JPG,late_blight,plantvillage
D:\Potato\PlantVillage\Potato___Late_blight\8797bc6a-f738-4caf-9569-797fdf28cd24___RS_LB 2903.JPG,late_blight,plantvillage
D:\Potato\IrishPotato37G_full\earlyblt\earlyblt6263.jpg,early_blight,irish
D:\Potato\IrishPotato37G_full\earlyblt\earlyblt2156.jpg,early_blight,irish
D:\Potato\non_leaf\coco_person\000000016228.jpg,non_leaf,coco_person
D:\Potato\IrishPotato37G_full\earlyblt\earlyblt3818.jpg,early_blight,irish
D:\Potato\IrishPotato37G_full\lateblt\lateblt407.jpg,late_blight,irish
D:\Potato\IrishPotato37G_full\healthy\healthy1766.jpg,healthy,irish
D:\Potato\IrishPotato37G_full\earlyblt\earlyblt6061.jpg,early_blight,irish
D:\Potato\PlantVillage\Potato___healthy\5d505af8-3f73-4781-980c-a4a696a04550___RS_HL 1934.JPG,healthy,plantvillage
D:\Potato\PlantVillage\Potato___Late_blight\de54e40d-4c5f-48d9-9b6d-bc96bde09898___RS_LB 4086.JPG,late_blight,plantvillage
D:\Potato\IrishPotato37G_full\healthy\healthy365.jpg,healthy,irish
D:\Potato\IrishPotato37G_full\lateblt\lateblt1150.jpg,late_blight,irish
D:\Potato\IrishPotato37G_full\earlyblt\earlyblt2271.jpg,early_blight,irish
D:\Potato\PlantVillage\Potato___Early_blight\7d056cd3-76d1-49f5-8491-a25e4fc4f852___RS_Early.B 8414.JPG,early_blight,plantvillage
D:\Potato\IrishPotato37G_full\earlyblt\earlyblt1659.jpg,early_blight,irish
D:\Potato\IrishPotato37G_full\healthy\healthy2598.jpg,healthy,irish
D:\Potato\IrishPotato37G_full\earlyblt\earlyblt4850.jpg,early_blight,irish
D:\Potato\IrishPotato37G_full\lateblt\lateblt1121.jpg,late_blight,irish
D:\Potato\IrishPotato37G_full\lateblt\lateblt2554.jpg,late_blight,irish
D:\Potato\IrishPotato37G_full\lateblt\lateblt5057.jpg,late_blight,irish
D:\Potato\IrishPotato37G_full\lateblt\lateblt522.jpg,late_blight,irish
D:\Potato\IrishPotato37G_full\lateblt\lateblt937.jpg,late_blight,irish
D:\Potato\IrishPotato37G_full\earlyblt\earlyblt1788.jpg,early_blight,irish
D:\Potato\IrishPotato37G_full\earlyblt\earlyblt6385.jpg,early_blight,irish
D:\Potato\IrishPotato37G_full\healthy\healthy1422.jpg,healthy,irish
D:\Potato\IrishPotato37G_full\earlyblt\earlyblt2810.jpg,early_blight,irish
D:\Potato\IrishPotato37G_full\lateblt\lateblt2603.jpg,late_blight,irish
D:\Potato\IrishPotato37G_full\lateblt\lateblt1954.jpg,late_blight,irish
D:\Potato\IrishPotato37G_full\healthy\healthy4846.jpg,healthy,irish
D:\Potato\non_leaf\coco_person\000000003934.jpg,non_leaf,coco_person
D:\Potato\non_leaf\coco_person\000000301563.jpg,non_leaf,coco_person
D:\Potato\IrishPotato37G_full\lateblt\lateblt936.jpg,late_blight,irish
D:\Potato\PlantVillage\Potato___Late_blight\55ed5831-c628-4352-87a8-13077705fb9a___RS_LB 2872.JPG,late_blight,plantvillage
D:\Potato\IrishPotato37G_full\lateblt\lateblt2880.jpg,late_blight,irish
D:\Potato\PlantVillage\Potato___Early_blight\ec4e730c-02c1-4b4e-b9fc-9387e2f30a8a___RS_Early.B 7701.JPG,early_blight,plantvillage
D:\Potato\IrishPotato37G_full\lateblt\lateblt275.jpg,late_blight,irish
D:\Potato\IrishPotato37G_full\lateblt\lateblt190.jpg,late_blight,irish
D:\Potato\IrishPotato37G_full\lateblt\lateblt48.jpg,late_blight,irish
D:\Potato\IrishPotato37G_full\healthy\healthy3397.jpg,healthy,irish
D:\Potato\IrishPotato37G_full\earlyblt\earlyblt2826.jpg,early_blight,irish
D:\Potato\PlantVillage\Potato___Early_blight\d8a8d6e5-d82d-4f7c-aac5-183e85549d9b___RS_Early.B 7799.JPG,early_blight,plantvillage
D:\Potato\PlantVillage\Potato___Early_blight\4f12ef84-6c6e-43d6-b6f1-3a8b0278b3a6___RS_Early.B 8101.JPG,early_blight,plantvillage
D:\Potato\IrishPotato37G_full\earlyblt\earlyblt3207.jpg,early_blight,irish
D:\Potato\IrishPotato37G_full\lateblt\lateblt212.jpg,late_blight,irish
D:\Potato\IrishPotato37G_full\earlyblt\earlyblt963.jpg,early_blight,irish
D:\Potato\PlantVillage\Potato___Late_blight\cf83a586-2f2a-423b-8e1c-f7c284a20ec1___RS_LB 2785.JPG,late_blight,plantvillage
D:\Potato\IrishPotato37G_full\lateblt\lateblt2229.jpg,late_blight,irish
D:\Potato\IrishPotato37G_full\lateblt\lateblt628.jpg,late_blight,irish
D:\Potato\IrishPotato37G_full\healthy\healthy4477.jpg,healthy,irish
D:\Potato\IrishPotato37G_full\earlyblt\earlyblt152.jpg,early_blight,irish
D:\Potato\IrishPotato37G_full\lateblt\lateblt1175.jpg,late_blight,irish
D:\Potato\IrishPotato37G_full\lateblt\lateblt2155.jpg,late_blight,irish
D:\Potato\IrishPotato37G_full\earlyblt\earlyblt6360.jpg,early_blight,irish
D:\Potato\IrishPotato37G_full\healthy\healthy2769.jpg,healthy,irish
D:\Potato\PlantVillage\Potato___Early_blight\9bef32f0-dc02-4223-a378-6a41c6bfc7a9___RS_Early.B 8444.JPG,early_blight,plantvillage
D:\Potato\PlantVillage\Potato___Late_blight\d20fef22-7016-4115-9930-a66b32c718c6___RS_LB 4417.JPG,late_blight,plantvillage
D:\Potato\non_leaf\coco_person\000000173830.jpg,non_leaf,coco_person
D:\Potato\non_leaf\coco_person\000000538364.jpg,non_leaf,coco_person
D:\Potato\IrishPotato37G_full\healthy\healthy999.jpg,healthy,irish
D:\Potato\IrishPotato37G_full\earlyblt\earlyblt6917.jpg,early_blight,irish
D:\Potato\PlantVillage\Potato___healthy\f0036dfd-9f46-4f2f-9001-5973495f2171___RS_HL 1849.JPG,healthy,plantvillage
D:\Potato\IrishPotato37G_full\lateblt\lateblt2104.jpg,late_blight,irish
D:\Potato\IrishPotato37G_full\earlyblt\earlyblt6407.jpg,early_blight,irish
D:\Potato\PlantVillage\Potato___Early_blight\c53d85d7-bddb-422b-955c-6842cce9a927___RS_Early.B 7253.JPG,early_blight,plantvillage
D:\Potato\IrishPotato37G_full\lateblt\lateblt2102.jpg,late_blight,irish
D:\Potato\PlantVillage\Potato___Early_blight\3935d2ce-2d27-45ec-ab50-a53df9d30fa2___RS_Early.B 7437.JPG,early_blight,plantvillage
D:\Potato\IrishPotato37G_full\earlyblt\earlyblt4687.jpg,early_blight,irish
D:\Potato\IrishPotato37G_full\earlyblt\earlyblt318.jpg,early_blight,irish
D:\Potato\PlantVillage\Potato___Late_blight\bb4aa884-a811-4229-bfc0-1df1e7330877___RS_LB 5049.JPG,late_blight,plantvillage
D:\Potato\non_leaf\coco_person\000000140583.jpg,non_leaf,coco_person
D:\Potato\IrishPotato37G_full\lateblt\lateblt898.jpg,late_blight,irish
D:\Potato\PlantVillage\Potato___Early_blight\691161ad-7897-4654-a7bc-14d8b5839621___RS_Early.B 6976.JPG,early_blight,plantvillage
D:\Potato\IrishPotato37G_full\lateblt\lateblt156.jpg,late_blight,irish
D:\Potato\IrishPotato37G_full\lateblt\lateblt1534.jpg,late_blight,irish
D:\Potato\IrishPotato37G_full\lateblt\lateblt750.jpg,late_blight,irish
D:\Potato\IrishPotato37G_full\earlyblt\earlyblt2892.jpg,early_blight,irish
D:\Potato\PlantVillage\Potato___Early_blight\610d8d2d-c28d-4d99-9f37-a6a79148b529___RS_Early.B 8023.JPG,early_blight,plantvillage
D:\Potato\IrishPotato37G_full\healthy\healthy3162.jpg,healthy,irish
D:\Potato\PlantVillage\Potato___Late_blight\fcc8393e-18f5-48c2-bd87-a0dabc151810___RS_LB 4029.JPG,late_blight,plantvillage
D:\Potato\non_leaf\coco_person\000000254016.jpg,non_leaf,coco_person
D:\Potato\IrishPotato37G_full\earlyblt\earlyblt3938.jpg,early_blight,irish
D:\Potato\PlantVillage\Potato___Early_blight\82927769-4d4a-4f19-a806-a02f435ad17d___RS_Early.B 7886.JPG,early_blight,plantvillage
D:\Potato\IrishPotato37G_full\lateblt\lateblt1979.jpg,late_blight,irish
D:\Potato\PlantVillage\Potato___Late_blight\dd08ad51-110b-4de0-bfbb-862e53a6165c___RS_LB 4542.JPG,late_blight,plantvillage
D:\Potato\IrishPotato37G_full\earlyblt\earlyblt1586.jpg,early_blight,irish
D:\Potato\IrishPotato37G_full\lateblt\lateblt2534.jpg,late_blight,irish
D:\Potato\IrishPotato37G_full\lateblt\lateblt529.jpg,late_blight,irish
D:\Potato\IrishPotato37G_full\lateblt\lateblt87.jpg,late_blight,irish
D:\Potato\IrishPotato37G_full\lateblt\lateblt144.jpg,late_blight,irish
D:\Potato\PlantVillage\Potato___Early_blight\0898bffc-57aa-4fdb-92d1-fd6a03d2a011___RS_Early.B 6946.JPG,early_blight,plantvillage
D:\Potato\IrishPotato37G_full\earlyblt\earlyblt3570.jpg,early_blight,irish
D:\Potato\non_leaf\coco_person\000000232692.jpg,non_leaf,coco_person
D:\Potato\IrishPotato37G_full\earlyblt\earlyblt381.jpg,early_blight,irish
D:\Potato\IrishPotato37G_full\healthy\healthy2477.jpg,healthy,irish
D:\Potato\IrishPotato37G_full\earlyblt\earlyblt1722.jpg,early_blight,irish
D:\Potato\IrishPotato37G_full\lateblt\lateblt991.jpg,late_blight,irish
D:\Potato\IrishPotato37G_full\earlyblt\earlyblt2069.jpg,early_blight,irish
D:\Potato\IrishPotato37G_full\healthy\healthy5637.jpg,healthy,irish
D:\Potato\IrishPotato37G_full\earlyblt\earlyblt3250.jpg,early_blight,irish
D:\Potato\IrishPotato37G_full\healthy\healthy4199.jpg,healthy,irish
D:\Potato\PlantVillage\Potato___Early_blight\c4dd703b-1d4c-4e4c-8064-0e1d743c47ae___RS_Early.B 7050.JPG,early_blight,plantvillage
D:\Potato\IrishPotato37G_full\earlyblt\earlyblt2446.jpg,early_blight,irish
D:\Potato\non_leaf\coco_person\000000082812.jpg,non_leaf,coco_person
D:\Potato\IrishPotato37G_full\lateblt\lateblt1462.jpg,late_blight,irish
D:\Potato\IrishPotato37G_full\earlyblt\earlyblt3475.jpg,early_blight,irish
D:\Potato\IrishPotato37G_full\earlyblt\earlyblt3135.jpg,early_blight,irish
D:\Potato\IrishPotato37G_full\earlyblt\earlyblt3498.jpg,early_blight,irish
D:\Potato\IrishPotato37G_full\earlyblt\earlyblt2240.jpg,early_blight,irish
D:\Potato\non_leaf\coco_person\000000262895.jpg,non_leaf,coco_person
D:\Potato\PlantVillage\Potato___Early_blight\4eb1fee6-e288-4c32-841d-9fc1d1824508___RS_Early.B 8446.JPG,early_blight,plantvillage
D:\Potato\IrishPotato37G_full\lateblt\lateblt2216.jpg,late_blight,irish
D:\Potato\IrishPotato37G_full\earlyblt\earlyblt807.jpg,early_blight,irish
D:\Potato\IrishPotato37G_full\earlyblt\earlyblt4974.jpg,early_blight,irish
D:\Potato\IrishPotato37G_full\earlyblt\earlyblt2566.jpg,early_blight,irish
D:\Potato\IrishPotato37G_full\lateblt\lateblt2222.jpg,late_blight,irish
D:\Potato\IrishPotato37G_full\earlyblt\earlyblt3560.jpg,early_blight,irish
D:\Potato\IrishPotato37G_full\earlyblt\earlyblt2234.jpg,early_blight,irish
D:\Potato\IrishPotato37G_full\healthy\healthy4731.jpg,healthy,irish
D:\Potato\IrishPotato37G_full\lateblt\lateblt1355.jpg,late_blight,irish
D:\Potato\IrishPotato37G_full\lateblt\lateblt2762.jpg,late_blight,irish
D:\Potato\IrishPotato37G_full\earlyblt\earlyblt2067.jpg,early_blight,irish
D:\Potato\IrishPotato37G_full\lateblt\lateblt1951.jpg,late_blight,irish
D:\Potato\IrishPotato37G_full\earlyblt\earlyblt2871.jpg,early_blight,irish
D:\Potato\IrishPotato37G_full\earlyblt\earlyblt965.jpg,early_blight,irish
D:\Potato\IrishPotato37G_full\lateblt\lateblt662.jpg,late_blight,irish
D:\Potato\IrishPotato37G_full\lateblt\lateblt188.jpg,late_blight,irish
D:\Potato\IrishPotato37G_full\lateblt\lateblt2173.jpg,late_blight,irish
D:\Potato\non_leaf\coco_person\000000474039.jpg,non_leaf,coco_person
D:\Potato\PlantVillage\Potato___Early_blight\c7212fa9-df1e-485e-a471-1011dd797865___RS_Early.B 8680.JPG,early_blight,plantvillage
D:\Potato\IrishPotato37G_full\earlyblt\earlyblt6923.jpg,early_blight,irish
D:\Potato\non_leaf\coco_person\000000461751.jpg,non_leaf,coco_person
D:\Potato\IrishPotato37G_full\healthy\healthy4991.jpg,healthy,irish
D:\Potato\IrishPotato37G_full\lateblt\lateblt1695.jpg,late_blight,irish
D:\Potato\IrishPotato37G_full\earlyblt\earlyblt2604.jpg,early_blight,irish
D:\Potato\IrishPotato37G_full\earlyblt\earlyblt6996.jpg,early_blight,irish
D:\Potato\non_leaf\coco_person\000000221291.jpg,non_leaf,coco_person
D:\Potato\IrishPotato37G_full\earlyblt\earlyblt628.jpg,early_blight,irish
D:\Potato\IrishPotato37G_full\earlyblt\earlyblt2388.jpg,early_blight,irish
D:\Potato\PlantVillage\Potato___Early_blight\8da2d8a3-159e-48eb-9ae6-fd82bdb22d5d___RS_Early.B 6923.JPG,early_blight,plantvillage
D:\Potato\IrishPotato37G_full\healthy\healthy1579.jpg,healthy,irish
D:\Potato\IrishPotato37G_full\healthy\healthy2341.jpg,healthy,irish
D:\Potato\IrishPotato37G_full\lateblt\lateblt1171.jpg,late_blight,irish
D:\Potato\IrishPotato37G_full\earlyblt\earlyblt252.jpg,early_blight,irish
D:\Potato\IrishPotato37G_full\healthy\healthy145.jpg,healthy,irish
D:\Potato\IrishPotato37G_full\earlyblt\earlyblt2361.jpg,early_blight,irish
D:\Potato\IrishPotato37G_full\lateblt\lateblt1357.jpg,late_blight,irish
D:\Potato\PlantVillage\Potato___Late_blight\7dfb162c-0384-46b3-bbf7-f0929bd00921___RS_LB 5235.JPG,late_blight,plantvillage
D:\Potato\PlantVillage\Potato___Late_blight\c7c82b7c-078f-4ba9-90e3-db36a73bda22___RS_LB 5430.JPG,late_blight,plantvillage
D:\Potato\IrishPotato37G_full\earlyblt\earlyblt3474.jpg,early_blight,irish
D:\Potato\non_leaf\coco_person\000000189752.jpg,non_leaf,coco_person
D:\Potato\IrishPotato37G_full\earlyblt\earlyblt6703.jpg,early_blight,irish
D:\Potato\IrishPotato37G_full\healthy\healthy2260.jpg,healthy,irish
D:\Potato\IrishPotato37G_full\earlyblt\earlyblt1148.jpg,early_blight,irish
D:\Potato\IrishPotato37G_full\earlyblt\earlyblt6939.jpg,early_blight,irish
D:\Potato\IrishPotato37G_full\healthy\healthy2553.jpg,healthy,irish
D:\Potato\IrishPotato37G_full\healthy\healthy5103.jpg,healthy,irish
D:\Potato\IrishPotato37G_full\healthy\healthy3080.jpg,healthy,irish
D:\Potato\IrishPotato37G_full\earlyblt\earlyblt393.jpg,early_blight,irish
D:\Potato\IrishPotato37G_full\healthy\healthy5290.jpg,healthy,irish
D:\Potato\IrishPotato37G_full\healthy\healthy4750.jpg,healthy,irish
D:\Potato\IrishPotato37G_full\lateblt\lateblt518.jpg,late_blight,irish
D:\Potato\IrishPotato37G_full\healthy\healthy1174.jpg,healthy,irish
D:\Potato\IrishPotato37G_full\earlyblt\earlyblt3968.jpg,early_blight,irish
D:\Potato\PlantVillage\Potato___Late_blight\4f249e3b-92a0-43e5-a70d-fe3045630437___RS_LB 3913.JPG,late_blight,plantvillage
D:\Potato\IrishPotato37G_full\lateblt\lateblt594.jpg,late_blight,irish
D:\Potato\PlantVillage\Potato___Late_blight\8eb5691c-0098-45f6-a782-e297ed340bc0___RS_LB 4153.JPG,late_blight,plantvillage
D:\Potato\IrishPotato37G_full\earlyblt\earlyblt865.jpg,early_blight,irish
D:\Potato\IrishPotato37G_full\lateblt\lateblt2591.jpg,late_blight,irish
D:\Potato\IrishPotato37G_full\healthy\healthy2989.jpg,healthy,irish
D:\Potato\PlantVillage\Potato___Early_blight\2c0e712a-fb21-44b6-bbe1-7c67cec7b965___RS_Early.B 7084.JPG,early_blight,plantvillage
D:\Potato\IrishPotato37G_full\earlyblt\earlyblt6284.jpg,early_blight,irish
D:\Potato\IrishPotato37G_full\healthy\healthy50.jpg,healthy,irish
D:\Potato\PlantVillage\Potato___Late_blight\889b0741-2110-47a9-a2d2-90194e5d7676___RS_LB 4787.JPG,late_blight,plantvillage
D:\Potato\IrishPotato37G_full\lateblt\lateblt955.jpg,late_blight,irish
D:\Potato\IrishPotato37G_full\earlyblt\earlyblt3107.jpg,early_blight,irish
D:\Potato\IrishPotato37G_full\lateblt\lateblt2256.jpg,late_blight,irish
D:\Potato\IrishPotato37G_full\earlyblt\earlyblt3999.jpg,early_blight,irish
D:\Potato\IrishPotato37G_full\healthy\healthy1356.jpg,healthy,irish
D:\Potato\PlantVillage\Potato___Early_blight\00d8f10f-5038-4e0f-bb58-0b885ddc0cc5___RS_Early.B 8722.JPG,early_blight,plantvillage
D:\Potato\non_leaf\coco_person\000000168337.jpg,non_leaf,coco_person
D:\Potato\non_leaf\coco_person\000000263679.jpg,non_leaf,coco_person
D:\Potato\IrishPotato37G_full\earlyblt\earlyblt4781.jpg,early_blight,irish
D:\Potato\IrishPotato37G_full\lateblt\lateblt203.jpg,late_blight,irish
D:\Potato\IrishPotato37G_full\earlyblt\earlyblt2465.jpg,early_blight,irish
D:\Potato\IrishPotato37G_full\lateblt\lateblt597.jpg,late_blight,irish
D:\Potato\non_leaf\coco_person\000000328430.jpg,non_leaf,coco_person
D:\Potato\IrishPotato37G_full\lateblt\lateblt151.jpg,late_blight,irish
D:\Potato\IrishPotato37G_full\earlyblt\earlyblt622.jpg,early_blight,irish
D:\Potato\IrishPotato37G_full\lateblt\lateblt874.jpg,late_blight,irish
D:\Potato\IrishPotato37G_full\lateblt\lateblt2096.jpg,late_blight,irish
D:\Potato\IrishPotato37G_full\earlyblt\earlyblt145.jpg,early_blight,irish
D:\Potato\non_leaf\coco_person\000000144984.jpg,non_leaf,coco_person
D:\Potato\PlantVillage\Potato___Early_blight\a41c6816-0755-4e55-b589-42b665a97a02___RS_Early.B 7064.JPG,early_blight,plantvillage
D:\Potato\IrishPotato37G_full\earlyblt\earlyblt3446.jpg,early_blight,irish
D:\Potato\IrishPotato37G_full\healthy\healthy1427.jpg,healthy,irish
D:\Potato\IrishPotato37G_full\earlyblt\earlyblt1727.jpg,early_blight,irish
D:\Potato\IrishPotato37G_full\earlyblt\earlyblt1545.jpg,early_blight,irish
D:\Potato\IrishPotato37G_full\earlyblt\earlyblt125.jpg,early_blight,irish
D:\Potato\PlantVillage\Potato___Late_blight\6d31cafb-4cf9-455b-ac89-487444b650f7___RS_LB 4236.JPG,late_blight,plantvillage
D:\Potato\IrishPotato37G_full\earlyblt\earlyblt478.jpg,early_blight,irish
D:\Potato\non_leaf\coco_person\000000009378.jpg,non_leaf,coco_person
D:\Potato\IrishPotato37G_full\earlyblt\earlyblt1135.jpg,early_blight,irish
D:\Potato\IrishPotato37G_full\healthy\healthy5105.jpg,healthy,irish
D:\Potato\PlantVillage\Potato___Early_blight\ec9a34ed-90de-417e-bf87-31e748c8c770___RS_Early.B 7968.JPG,early_blight,plantvillage
D:\Potato\IrishPotato37G_full\lateblt\lateblt1182.jpg,late_blight,irish
D:\Potato\IrishPotato37G_full\lateblt\lateblt2996.jpg,late_blight,irish
D:\Potato\IrishPotato37G_full\lateblt\lateblt249.jpg,late_blight,irish
D:\Potato\IrishPotato37G_full\lateblt\lateblt201.jpg,late_blight,irish
D:\Potato\IrishPotato37G_full\healthy\healthy2890.jpg,healthy,irish
D:\Potato\IrishPotato37G_full\earlyblt\earlyblt1537.jpg,early_blight,irish
D:\Potato\IrishPotato37G_full\healthy\healthy3509.jpg,healthy,irish
D:\Potato\IrishPotato37G_full\earlyblt\earlyblt3490.jpg,early_blight,irish
D:\Potato\IrishPotato37G_full\earlyblt\earlyblt2203.jpg,early_blight,irish
D:\Potato\IrishPotato37G_full\earlyblt\earlyblt1449.jpg,early_blight,irish
D:\Potato\IrishPotato37G_full\lateblt\lateblt617.jpg,late_blight,irish
D:\Potato\IrishPotato37G_full\healthy\healthy4735.jpg,healthy,irish
D:\Potato\IrishPotato37G_full\lateblt\lateblt115.jpg,late_blight,irish
D:\Potato\IrishPotato37G_full\lateblt\lateblt1443.jpg,late_blight,irish
D:\Potato\non_leaf\coco_person\000000069356.jpg,non_leaf,coco_person
D:\Potato\IrishPotato37G_full\lateblt\lateblt2074.jpg,late_blight,irish
D:\Potato\IrishPotato37G_full\lateblt\lateblt2228.jpg,late_blight,irish
D:\Potato\IrishPotato37G_full\lateblt\lateblt2544.jpg,late_blight,irish
D:\Potato\IrishPotato37G_full\earlyblt\earlyblt2202.jpg,early_blight,irish
D:\Potato\IrishPotato37G_full\healthy\healthy837.jpg,healthy,irish
D:\Potato\IrishPotato37G_full\healthy\healthy2287.jpg,healthy,irish
D:\Potato\IrishPotato37G_full\lateblt\lateblt905.jpg,late_blight,irish
D:\Potato\PlantVillage\Potato___healthy\414f6249-9f78-4af5-9593-9d5a7e7d979f___RS_HL 1918.JPG,healthy,plantvillage
D:\Potato\PlantVillage\Potato___Early_blight\aa687aac-2f1a-44d8-89aa-3f7d413b4763___RS_Early.B 8055.JPG,early_blight,plantvillage
D:\Potato\IrishPotato37G_full\healthy\healthy2009.jpg,healthy,irish
D:\Potato\IrishPotato37G_full\lateblt\lateblt2632.jpg,late_blight,irish
D:\Potato\IrishPotato37G_full\healthy\healthy3557.jpg,healthy,irish
D:\Potato\non_leaf\coco_person\000000116068.jpg,non_leaf,coco_person
D:\Potato\IrishPotato37G_full\lateblt\lateblt2494.jpg,late_blight,irish
D:\Potato\IrishPotato37G_full\earlyblt\earlyblt2478.jpg,early_blight,irish
D:\Potato\IrishPotato37G_full\healthy\healthy4381.jpg,healthy,irish
D:\Potato\PlantVillage\Potato___Early_blight\a3ed964c-36f1-403c-8146-b2a3b79a352d___RS_Early.B 8310.JPG,early_blight,plantvillage
D:\Potato\PlantVillage\Potato___Early_blight\6b8024be-e45f-459f-9817-8d6fb0dda89a___RS_Early.B 6904.JPG,early_blight,plantvillage
D:\Potato\IrishPotato37G_full\healthy\healthy5122.jpg,healthy,irish
D:\Potato\IrishPotato37G_full\lateblt\lateblt1333.jpg,late_blight,irish
D:\Potato\IrishPotato37G_full\healthy\healthy178.jpg,healthy,irish
D:\Potato\IrishPotato37G_full\lateblt\lateblt2171.jpg,late_blight,irish
D:\Potato\IrishPotato37G_full\healthy\healthy4293.jpg,healthy,irish
D:\Potato\PlantVillage\Potato___Late_blight\e25e57fb-41d5-4f46-92f7-ce841bd97374___RS_LB 5448.JPG,late_blight,plantvillage
D:\Potato\IrishPotato37G_full\healthy\healthy3482.jpg,healthy,irish
D:\Potato\IrishPotato37G_full\earlyblt\earlyblt6780.jpg,early_blight,irish
D:\Potato\IrishPotato37G_full\healthy\healthy4109.jpg,healthy,irish
D:\Potato\IrishPotato37G_full\lateblt\lateblt2286.jpg,late_blight,irish
D:\Potato\PlantVillage\Potato___Early_blight\51f59871-72dc-490c-a550-9e7869142284___RS_Early.B 7224.JPG,early_blight,plantvillage
D:\Potato\IrishPotato37G_full\healthy\healthy721.jpg,healthy,irish
D:\Potato\IrishPotato37G_full\healthy\healthy690.jpg,healthy,irish
D:\Potato\PlantVillage\Potato___Late_blight\351a1e47-c9b5-4b38-a5c1-b3d390bfe506___RS_LB 4429.JPG,late_blight,plantvillage
D:\Potato\IrishPotato37G_full\lateblt\lateblt611.jpg,late_blight,irish
D:\Potato\PlantVillage\Potato___Early_blight\d0fc4557-34a0-4324-8b2c-865853e0face___RS_Early.B 6912.JPG,early_blight,plantvillage
D:\Potato\PlantVillage\Potato___Early_blight\59f90f4b-add8-4f50-af1f-052b35aa99e1___RS_Early.B 9001.JPG,early_blight,plantvillage
D:\Potato\non_leaf\coco_person\000000126226.jpg,non_leaf,coco_person
D:\Potato\PlantVillage\Potato___Early_blight\dcc9e3a4-04dc-46fd-9bc9-739334aa23d9___RS_Early.B 6799.JPG,early_blight,plantvillage
D:\Potato\IrishPotato37G_full\lateblt\lateblt2484.jpg,late_blight,irish
D:\Potato\IrishPotato37G_full\lateblt\lateblt443.jpg,late_blight,irish
D:\Potato\IrishPotato37G_full\healthy\healthy1229.jpg,healthy,irish
D:\Potato\IrishPotato37G_full\lateblt\lateblt1321.jpg,late_blight,irish
D:\Potato\IrishPotato37G_full\earlyblt\earlyblt6016.jpg,early_blight,irish
D:\Potato\IrishPotato37G_full\healthy\healthy912.jpg,healthy,irish
D:\Potato\IrishPotato37G_full\earlyblt\earlyblt665.jpg,early_blight,irish
D:\Potato\IrishPotato37G_full\earlyblt\earlyblt187.jpg,early_blight,irish
D:\Potato\IrishPotato37G_full\lateblt\lateblt2293.jpg,late_blight,irish
D:\Potato\IrishPotato37G_full\earlyblt\earlyblt2710.jpg,early_blight,irish
D:\Potato\PlantVillage\Potato___Late_blight\29bfc55a-8cb2-4938-b0b5-5e2748fd1a22___RS_LB 5070.JPG,late_blight,plantvillage
D:\Potato\IrishPotato37G_full\healthy\healthy936.jpg,healthy,irish
D:\Potato\PlantVillage\Potato___Late_blight\dbad8fb5-90a0-4bcc-902e-7b7b632d0233___RS_LB 4036.JPG,late_blight,plantvillage
D:\Potato\IrishPotato37G_full\earlyblt\earlyblt4758.jpg,early_blight,irish
D:\Potato\IrishPotato37G_full\lateblt\lateblt913.jpg,late_blight,irish
D:\Potato\IrishPotato37G_full\healthy\healthy4128.jpg,healthy,irish
D:\Potato\IrishPotato37G_full\healthy\healthy161.jpg,healthy,irish
D:\Potato\IrishPotato37G_full\lateblt\lateblt2193.jpg,late_blight,irish
D:\Potato\IrishPotato37G_full\lateblt\lateblt2027.jpg,late_blight,irish
D:\Potato\IrishPotato37G_full\healthy\healthy1322.jpg,healthy,irish
D:\Potato\PlantVillage\Potato___healthy\949cafd0-098b-497f-9590-f0fb8ccafc94___RS_HL 4168.JPG,healthy,plantvillage
D:\Potato\IrishPotato37G_full\lateblt\lateblt858.jpg,late_blight,irish
D:\Potato\IrishPotato37G_full\earlyblt\earlyblt830.jpg,early_blight,irish
D:\Potato\IrishPotato37G_full\earlyblt\earlyblt630.jpg,early_blight,irish
D:\Potato\IrishPotato37G_full\earlyblt\earlyblt639.jpg,early_blight,irish
D:\Potato\PlantVillage\Potato___Early_blight\dc2775b9-e62e-4fe5-921f-e1cf5c4e2fe4___RS_Early.B 6942.JPG,early_blight,plantvillage
D:\Potato\IrishPotato37G_full\healthy\healthy3423.jpg,healthy,irish
D:\Potato\IrishPotato37G_full\earlyblt\earlyblt3068.jpg,early_blight,irish
D:\Potato\IrishPotato37G_full\earlyblt\earlyblt6076.jpg,early_blight,irish
D:\Potato\IrishPotato37G_full\lateblt\lateblt245.jpg,late_blight,irish
D:\Potato\IrishPotato37G_full\healthy\healthy2852.jpg,healthy,irish
D:\Potato\IrishPotato37G_full\lateblt\lateblt148.jpg,late_blight,irish
D:\Potato\IrishPotato37G_full\earlyblt\earlyblt981.jpg,early_blight,irish
D:\Potato\IrishPotato37G_full\earlyblt\earlyblt899.jpg,early_blight,irish
D:\Potato\IrishPotato37G_full\earlyblt\earlyblt2743.jpg,early_blight,irish
D:\Potato\PlantVillage\Potato___Early_blight\af3bb3a3-e022-45f3-b209-6b3b53f13a47___RS_Early.B 7333.JPG,early_blight,plantvillage
D:\Potato\IrishPotato37G_full\healthy\healthy5240.jpg,healthy,irish
D:\Potato\IrishPotato37G_full\earlyblt\earlyblt1781.jpg,early_blight,irish
D:\Potato\PlantVillage\Potato___Early_blight\08194ca3-f0b2-4aaa-8df8-5ec5ddc6696a___RS_Early.B 8151.JPG,early_blight,plantvillage
D:\Potato\IrishPotato37G_full\healthy\healthy95.jpg,healthy,irish
D:\Potato\non_leaf\coco_person\000000373705.jpg,non_leaf,coco_person
D:\Potato\IrishPotato37G_full\earlyblt\earlyblt839.jpg,early_blight,irish
D:\Potato\IrishPotato37G_full\lateblt\lateblt2955.jpg,late_blight,irish
D:\Potato\IrishPotato37G_full\lateblt\lateblt2498.jpg,late_blight,irish
D:\Potato\IrishPotato37G_full\earlyblt\earlyblt3004.jpg,early_blight,irish
D:\Potato\IrishPotato37G_full\healthy\healthy4097.jpg,healthy,irish
D:\Potato\non_leaf\coco_person\000000213547.jpg,non_leaf,coco_person
D:\Potato\IrishPotato37G_full\healthy\healthy540.jpg,healthy,irish
D:\Potato\IrishPotato37G_full\healthy\healthy4062.jpg,healthy,irish
D:\Potato\PlantVillage\Potato___Late_blight\350662fe-0ebf-4e6b-9ff9-6ceaf9d22067___RS_LB 3877.JPG,late_blight,plantvillage
D:\Potato\IrishPotato37G_full\healthy\healthy1588.jpg,healthy,irish
D:\Potato\IrishPotato37G_full\lateblt\lateblt1656.jpg,late_blight,irish
D:\Potato\IrishPotato37G_full\healthy\healthy4854.jpg,healthy,irish
D:\Potato\IrishPotato37G_full\earlyblt\earlyblt3967.jpg,early_blight,irish
D:\Potato\IrishPotato37G_full\lateblt\lateblt1507.jpg,late_blight,irish
D:\Potato\PlantVillage\Potato___Late_blight\919150bd-372b-44e0-a70e-a13e60dccbce___RS_LB 3263.JPG,late_blight,plantvillage
D:\Potato\IrishPotato37G_full\lateblt\lateblt2770.jpg,late_blight,irish
D:\Potato\IrishPotato37G_full\healthy\healthy301.jpg,healthy,irish
D:\Potato\IrishPotato37G_full\healthy\healthy1177.jpg,healthy,irish
D:\Potato\IrishPotato37G_full\lateblt\lateblt2594.jpg,late_blight,irish
D:\Potato\IrishPotato37G_full\healthy\healthy5293.jpg,healthy,irish
D:\Potato\IrishPotato37G_full\healthy\healthy3193.jpg,healthy,irish
D:\Potato\PlantVillage\Potato___Late_blight\d2d8eb78-d267-4c37-a18c-b39a0bb11d82___RS_LB 3147.JPG,late_blight,plantvillage
D:\Potato\IrishPotato37G_full\healthy\healthy1355.jpg,healthy,irish
D:\Potato\PlantVillage\Potato___Late_blight\67001c81-d182-4bc6-b9b8-f25ddb0a2db4___RS_LB 5231.JPG,late_blight,plantvillage
D:\Potato\IrishPotato37G_full\healthy\healthy3072.jpg,healthy,irish
D:\Potato\IrishPotato37G_full\healthy\healthy2974.jpg,healthy,irish
D:\Potato\non_leaf\coco_person\000000258541.jpg,non_leaf,coco_person
D:\Potato\IrishPotato37G_full\lateblt\lateblt2081.jpg,late_blight,irish
D:\Potato\non_leaf\coco_person\000000215723.jpg,non_leaf,coco_person
D:\Potato\non_leaf\coco_person\000000206025.jpg,non_leaf,coco_person
D:\Potato\IrishPotato37G_full\lateblt\lateblt1339.jpg,late_blight,irish
D:\Potato\PlantVillage\Potato___Late_blight\0441138d-5f9f-4ede-ab9a-49edabc605b3___RS_LB 4235.JPG,late_blight,plantvillage
D:\Potato\IrishPotato37G_full\healthy\healthy4412.jpg,healthy,irish
D:\Potato\IrishPotato37G_full\earlyblt\earlyblt2854.jpg,early_blight,irish
D:\Potato\IrishPotato37G_full\lateblt\lateblt1500.jpg,late_blight,irish
D:\Potato\IrishPotato37G_full\earlyblt\earlyblt2823.jpg,early_blight,irish
D:\Potato\IrishPotato37G_full\healthy\healthy4656.jpg,healthy,irish
D:\Potato\IrishPotato37G_full\earlyblt\earlyblt5893.jpg,early_blight,irish
D:\Potato\IrishPotato37G_full\lateblt\lateblt1667.jpg,late_blight,irish
D:\Potato\PlantVillage\Potato___Late_blight\547d3544-5e37-484b-a853-254376c49081___RS_LB 2556.JPG,late_blight,plantvillage
D:\Potato\IrishPotato37G_full\lateblt\lateblt850.jpg,late_blight,irish
D:\Potato\non_leaf\coco_person\000000357816.jpg,non_leaf,coco_person
D:\Potato\IrishPotato37G_full\lateblt\lateblt1547.jpg,late_blight,irish
D:\Potato\IrishPotato37G_full\healthy\healthy2701.jpg,healthy,irish
D:\Potato\PlantVillage\Potato___Early_blight\1d466431-007d-4b3b-bd45-b09f1a6f7bad___RS_Early.B 8932.JPG,early_blight,plantvillage
D:\Potato\non_leaf\coco_person\000000440475.jpg,non_leaf,coco_person
D:\Potato\IrishPotato37G_full\lateblt\lateblt2829.jpg,late_blight,irish
D:\Potato\IrishPotato37G_full\healthy\healthy4729.jpg,healthy,irish
D:\Potato\IrishPotato37G_full\earlyblt\earlyblt2238.jpg,early_blight,irish
D:\Potato\non_leaf\coco_person\000000179141.jpg,non_leaf,coco_person
D:\Potato\non_leaf\coco_person\000000378139.jpg,non_leaf,coco_person
D:\Potato\IrishPotato37G_full\earlyblt\earlyblt3419.jpg,early_blight,irish
D:\Potato\non_leaf\coco_person\000000411938.jpg,non_leaf,coco_person
D:\Potato\IrishPotato37G_full\lateblt\lateblt2109.jpg,late_blight,irish
D:\Potato\IrishPotato37G_full\healthy\healthy3021.jpg,healthy,irish
D:\Potato\IrishPotato37G_full\healthy\healthy4291.jpg,healthy,irish
D:\Potato\IrishPotato37G_full\healthy\healthy1613.jpg,healthy,irish
D:\Potato\non_leaf\coco_person\000000223955.jpg,non_leaf,coco_person
D:\Potato\IrishPotato37G_full\lateblt\lateblt1619.jpg,late_blight,irish
D:\Potato\IrishPotato37G_full\earlyblt\earlyblt1947.jpg,early_blight,irish
D:\Potato\IrishPotato37G_full\lateblt\lateblt676.jpg,late_blight,irish
D:\Potato\PlantVillage\Potato___Early_blight\ddc6aed7-43bd-49bc-88d0-6f942acb362a___RS_Early.B 7328.JPG,early_blight,plantvillage
D:\Potato\IrishPotato37G_full\lateblt\lateblt2469.jpg,late_blight,irish
D:\Potato\IrishPotato37G_full\earlyblt\earlyblt2348.jpg,early_blight,irish
D:\Potato\IrishPotato37G_full\healthy\healthy1264.jpg,healthy,irish
D:\Potato\IrishPotato37G_full\healthy\healthy111.jpg,healthy,irish
D:\Potato\IrishPotato37G_full\lateblt\lateblt2521.jpg,late_blight,irish
D:\Potato\IrishPotato37G_full\earlyblt\earlyblt6213.jpg,early_blight,irish
D:\Potato\IrishPotato37G_full\earlyblt\earlyblt3944.jpg,early_blight,irish
D:\Potato\IrishPotato37G_full\earlyblt\earlyblt1523.jpg,early_blight,irish
D:\Potato\non_leaf\coco_person\000000439994.jpg,non_leaf,coco_person
D:\Potato\IrishPotato37G_full\earlyblt\earlyblt2099.jpg,early_blight,irish
D:\Potato\IrishPotato37G_full\earlyblt\earlyblt480.jpg,early_blight,irish
D:\Potato\IrishPotato37G_full\healthy\healthy3608.jpg,healthy,irish
D:\Potato\IrishPotato37G_full\lateblt\lateblt1146.jpg,late_blight,irish
D:\Potato\IrishPotato37G_full\lateblt\lateblt1302.jpg,late_blight,irish
D:\Potato\IrishPotato37G_full\healthy\healthy3413.jpg,healthy,irish
D:\Potato\PlantVillage\Potato___Late_blight\145216a1-aab7-4f40-851d-a56c436ad0e3___RS_LB 2715.JPG,late_blight,plantvillage
D:\Potato\IrishPotato37G_full\healthy\healthy1128.jpg,healthy,irish
D:\Potato\IrishPotato37G_full\earlyblt\earlyblt2104.jpg,early_blight,irish
D:\Potato\IrishPotato37G_full\lateblt\lateblt2525.jpg,late_blight,irish
D:\Potato\IrishPotato37G_full\healthy\healthy865.jpg,healthy,irish
D:\Potato\IrishPotato37G_full\lateblt\lateblt642.jpg,late_blight,irish
D:\Potato\IrishPotato37G_full\lateblt\lateblt178.jpg,late_blight,irish
D:\Potato\PlantVillage\Potato___Late_blight\0d8346e1-4624-4979-84e6-1353ca59007a___RS_LB 4079.JPG,late_blight,plantvillage
D:\Potato\PlantVillage\Potato___Early_blight\0bbb8bce-2020-416b-8bd6-c160c2db9921___RS_Early.B 8386.JPG,early_blight,plantvillage
D:\Potato\IrishPotato37G_full\healthy\healthy746.jpg,healthy,irish
D:\Potato\IrishPotato37G_full\lateblt\lateblt2911.jpg,late_blight,irish
D:\Potato\IrishPotato37G_full\healthy\healthy4451.jpg,healthy,irish
D:\Potato\IrishPotato37G_full\lateblt\lateblt2860.jpg,late_blight,irish
D:\Potato\IrishPotato37G_full\healthy\healthy554.jpg,healthy,irish
D:\Potato\IrishPotato37G_full\earlyblt\earlyblt3487.jpg,early_blight,irish
D:\Potato\IrishPotato37G_full\healthy\healthy1574.jpg,healthy,irish
D:\Potato\IrishPotato37G_full\healthy\healthy829.jpg,healthy,irish
D:\Potato\IrishPotato37G_full\lateblt\lateblt1499.jpg,late_blight,irish
D:\Potato\IrishPotato37G_full\healthy\healthy3660.jpg,healthy,irish
D:\Potato\IrishPotato37G_full\earlyblt\earlyblt375.jpg,early_blight,irish
D:\Potato\IrishPotato37G_full\healthy\healthy2177.jpg,healthy,irish
D:\Potato\PlantVillage\Potato___Late_blight\7f90c344-54de-4053-a406-3a67f9fb1108___RS_LB 3283.JPG,late_blight,plantvillage
D:\Potato\IrishPotato37G_full\earlyblt\earlyblt6751.jpg,early_blight,irish
D:\Potato\IrishPotato37G_full\lateblt\lateblt806.jpg,late_blight,irish
D:\Potato\IrishPotato37G_full\lateblt\lateblt1475.jpg,late_blight,irish
D:\Potato\PlantVillage\Potato___Late_blight\764311f2-6fd3-424d-aabc-9ad013a41997___RS_LB 3136.JPG,late_blight,plantvillage
D:\Potato\IrishPotato37G_full\healthy\healthy1653.jpg,healthy,irish
D:\Potato\IrishPotato37G_full\earlyblt\earlyblt7019.jpg,early_blight,irish
D:\Potato\IrishPotato37G_full\healthy\healthy4245.jpg,healthy,irish
D:\Potato\PlantVillage\Potato___Early_blight\985f3b47-d5ee-45d4-a020-f43ca80fb59e___RS_Early.B 9211.JPG,early_blight,plantvillage
D:\Potato\IrishPotato37G_full\healthy\healthy679.jpg,healthy,irish
D:\Potato\PlantVillage\Potato___Late_blight\3f7f719f-9849-47c5-8f79-0384a64f8e8f___RS_LB 2862.JPG,late_blight,plantvillage
D:\Potato\non_leaf\coco_person\000000061584.jpg,non_leaf,coco_person
D:\Potato\IrishPotato37G_full\healthy\healthy3618.jpg,healthy,irish
D:\Potato\PlantVillage\Potato___Late_blight\8c1960cd-20e2-4a9c-a1ee-9800289b884f___RS_LB 3941.JPG,late_blight,plantvillage
D:\Potato\IrishPotato37G_full\earlyblt\earlyblt812.jpg,early_blight,irish
D:\Potato\non_leaf\coco_person\000000125936.jpg,non_leaf,coco_person
D:\Potato\PlantVillage\Potato___Early_blight\41eccd84-6a67-4b04-ae69-59c1bcf17728___RS_Early.B 7964.JPG,early_blight,plantvillage
D:\Potato\IrishPotato37G_full\earlyblt\earlyblt2503.jpg,early_blight,irish
D:\Potato\PlantVillage\Potato___Late_blight\b86274d3-554a-495d-8304-76484e3c4d15___RS_LB 4442.JPG,late_blight,plantvillage
D:\Potato\PlantVillage\Potato___Early_blight\f164ce92-d109-47ca-9f75-380a7f16155a___RS_Early.B 7104.JPG,early_blight,plantvillage
D:\Potato\IrishPotato37G_full\healthy\healthy2453.jpg,healthy,irish
D:\Potato\IrishPotato37G_full\healthy\healthy722.jpg,healthy,irish
D:\Potato\IrishPotato37G_full\lateblt\lateblt2606.jpg,late_blight,irish
D:\Potato\IrishPotato37G_full\lateblt\lateblt1197.jpg,late_blight,irish
D:\Potato\IrishPotato37G_full\lateblt\lateblt278.jpg,late_blight,irish
D:\Potato\non_leaf\coco_person\000000135604.jpg,non_leaf,coco_person
D:\Potato\IrishPotato37G_full\earlyblt\earlyblt1746.jpg,early_blight,irish
D:\Potato\IrishPotato37G_full\earlyblt\earlyblt643.jpg,early_blight,irish
D:\Potato\IrishPotato37G_full\earlyblt\earlyblt702.jpg,early_blight,irish
D:\Potato\PlantVillage\Potato___Early_blight\86562214-f8b9-4105-9513-4847520aff9a___RS_Early.B 7515.JPG,early_blight,plantvillage
D:\Potato\IrishPotato37G_full\healthy\healthy2419.jpg,healthy,irish
D:\Potato\IrishPotato37G_full\earlyblt\earlyblt1640.jpg,early_blight,irish
D:\Potato\IrishPotato37G_full\healthy\healthy1687.jpg,healthy,irish
D:\Potato\IrishPotato37G_full\healthy\healthy3130.jpg,healthy,irish
D:\Potato\IrishPotato37G_full\lateblt\lateblt2143.jpg,late_blight,irish
D:\Potato\IrishPotato37G_full\lateblt\lateblt2220.jpg,late_blight,irish
D:\Potato\IrishPotato37G_full\earlyblt\earlyblt144.jpg,early_blight,irish
D:\Potato\non_leaf\coco_person\000000570834.jpg,non_leaf,coco_person
D:\Potato\PlantVillage\Potato___Early_blight\b17bf28e-c272-4a24-9f45-7d3a343de49f___RS_Early.B 7620.JPG,early_blight,plantvillage
D:\Potato\IrishPotato37G_full\lateblt\lateblt1495.jpg,late_blight,irish
D:\Potato\IrishPotato37G_full\lateblt\lateblt2550.jpg,late_blight,irish
D:\Potato\IrishPotato37G_full\healthy\healthy566.jpg,healthy,irish
D:\Potato\IrishPotato37G_full\earlyblt\earlyblt6493.jpg,early_blight,irish
D:\Potato\IrishPotato37G_full\earlyblt\earlyblt1988.jpg,early_blight,irish
D:\Potato\IrishPotato37G_full\lateblt\lateblt1907.jpg,late_blight,irish
D:\Potato\IrishPotato37G_full\earlyblt\earlyblt3192.jpg,early_blight,irish
D:\Potato\non_leaf\coco_person\000000042102.jpg,non_leaf,coco_person
D:\Potato\PlantVillage\Potato___Late_blight\1338edcb-9e0e-458c-845e-206b869f9199___RS_LB 3205.JPG,late_blight,plantvillage
D:\Potato\IrishPotato37G_full\earlyblt\earlyblt2295.jpg,early_blight,irish
D:\Potato\non_leaf\coco_person\000000328601.jpg,non_leaf,coco_person
D:\Potato\IrishPotato37G_full\lateblt\lateblt876.jpg,late_blight,irish
D:\Potato\IrishPotato37G_full\earlyblt\earlyblt645.jpg,early_blight,irish
D:\Potato\IrishPotato37G_full\earlyblt\earlyblt1880.jpg,early_blight,irish
D:\Potato\IrishPotato37G_full\earlyblt\earlyblt2712.jpg,early_blight,irish
D:\Potato\IrishPotato37G_full\healthy\healthy2538.jpg,healthy,irish
D:\Potato\PlantVillage\Potato___Early_blight\cdc5ed26-b023-41cb-9cd8-07e62df1e369___RS_Early.B 6864.JPG,early_blight,plantvillage
D:\Potato\IrishPotato37G_full\lateblt\lateblt2294.jpg,late_blight,irish
D:\Potato\PlantVillage\Potato___Early_blight\0267d4ca-522e-4ca0-b1a2-ce925e5b54a2___RS_Early.B 7020.JPG,early_blight,plantvillage
D:\Potato\IrishPotato37G_full\lateblt\lateblt2741.jpg,late_blight,irish
D:\Potato\IrishPotato37G_full\healthy\healthy4858.jpg,healthy,irish
D:\Potato\non_leaf\coco_person\000000009378.jpg,non_leaf,coco_person
D:\Potato\IrishPotato37G_full\earlyblt\earlyblt4983.jpg,early_blight,irish
D:\Potato\IrishPotato37G_full\lateblt\lateblt2278.jpg,late_blight,irish
D:\Potato\PlantVillage\Potato___Late_blight\b6b937ed-f629-4136-8d5a-38b734f7f662___RS_LB 4595.JPG,late_blight,plantvillage
D:\Potato\IrishPotato37G_full\healthy\healthy819.jpg,healthy,irish
D:\Potato\IrishPotato37G_full\lateblt\lateblt2712.jpg,late_blight,irish
D:\Potato\IrishPotato37G_full\earlyblt\earlyblt224.jpg,early_blight,irish
D:\Potato\IrishPotato37G_full\healthy\healthy3535.jpg,healthy,irish
D:\Potato\PlantVillage\Potato___healthy\c6abf1da-b06f-4cd2-8af6-d68be5eff6f9___RS_HL 1766.JPG,healthy,plantvillage
D:\Potato\IrishPotato37G_full\healthy\healthy3924.jpg,healthy,irish
D:\Potato\IrishPotato37G_full\lateblt\lateblt80.jpg,late_blight,irish
D:\Potato\non_leaf\coco_person\000000153527.jpg,non_leaf,coco_person
D:\Potato\IrishPotato37G_full\lateblt\lateblt2747.jpg,late_blight,irish
D:\Potato\IrishPotato37G_full\healthy\healthy2988.jpg,healthy,irish
D:\Potato\IrishPotato37G_full\lateblt\lateblt2975.jpg,late_blight,irish
D:\Potato\PlantVillage\Potato___Late_blight\2482a11a-46b1-4e06-9b5c-4af0089b3259___RS_LB 4087.JPG,late_blight,plantvillage
D:\Potato\IrishPotato37G_full\earlyblt\earlyblt3738.jpg,early_blight,irish
D:\Potato\PlantVillage\Potato___Late_blight\3f6bce87-fb66-44fb-8e76-e282af4869b9___RS_LB 3013.JPG,late_blight,plantvillage
D:\Potato\IrishPotato37G_full\earlyblt\earlyblt3971.jpg,early_blight,irish
D:\Potato\IrishPotato37G_full\healthy\healthy3545.jpg,healthy,irish
D:\Potato\PlantVillage\Potato___Late_blight\8542cb42-d817-4850-b42f-1fa7083e37d9___RS_LB 4780.JPG,late_blight,plantvillage
D:\Potato\IrishPotato37G_full\lateblt\lateblt2954.jpg,late_blight,irish
D:\Potato\PlantVillage\Potato___Early_blight\5aee3e9f-0469-42e7-8ae7-56f7a1900fd5___RS_Early.B 9091.JPG,early_blight,plantvillage
D:\Potato\IrishPotato37G_full\healthy\healthy92.jpg,healthy,irish
D:\Potato\PlantVillage\Potato___Late_blight\a7dad20a-b0c0-408b-a961-17928319e17f___RS_LB 4645.JPG,late_blight,plantvillage
D:\Potato\IrishPotato37G_full\healthy\healthy5611.jpg,healthy,irish
D:\Potato\IrishPotato37G_full\lateblt\lateblt1550.jpg,late_blight,irish
D:\Potato\IrishPotato37G_full\healthy\healthy3445.jpg,healthy,irish
D:\Potato\IrishPotato37G_full\earlyblt\earlyblt183.jpg,early_blight,irish
D:\Potato\IrishPotato37G_full\earlyblt\earlyblt6423.jpg,early_blight,irish
D:\Potato\non_leaf\coco_person\000000458992.jpg,non_leaf,coco_person
D:\Potato\IrishPotato37G_full\earlyblt\earlyblt6227.jpg,early_blight,irish
D:\Potato\IrishPotato37G_full\lateblt\lateblt2055.jpg,late_blight,irish
D:\Potato\IrishPotato37G_full\lateblt\lateblt2684.jpg,late_blight,irish
D:\Potato\PlantVillage\Potato___Late_blight\3f3bd8d4-82d4-456c-a3fc-068a63710d52___RS_LB 4971.JPG,late_blight,plantvillage
D:\Potato\IrishPotato37G_full\earlyblt\earlyblt1510.jpg,early_blight,irish
D:\Potato\IrishPotato37G_full\healthy\healthy1346.jpg,healthy,irish
D:\Potato\PlantVillage\Potato___Late_blight\977cefff-6bb2-41d4-9496-d30e03c71112___RS_LB 3287.JPG,late_blight,plantvillage
D:\Potato\IrishPotato37G_full\healthy\healthy66.jpg,healthy,irish
D:\Potato\IrishPotato37G_full\healthy\healthy1134.jpg,healthy,irish
D:\Potato\IrishPotato37G_full\earlyblt\earlyblt1520.jpg,early_blight,irish
D:\Potato\PlantVillage\Potato___Early_blight\c42b5e69-2673-42ef-8e14-a785fea3aad6___RS_Early.B 9107.JPG,early_blight,plantvillage
D:\Potato\PlantVillage\Potato___Early_blight\ae25f262-234e-4ee1-96ad-3e47ddfbea9d___RS_Early.B 6670.JPG,early_blight,plantvillage
D:\Potato\IrishPotato37G_full\lateblt\lateblt2161.jpg,late_blight,irish
D:\Potato\IrishPotato37G_full\lateblt\lateblt1489.jpg,late_blight,irish
D:\Potato\IrishPotato37G_full\earlyblt\earlyblt1810.jpg,early_blight,irish
D:\Potato\IrishPotato37G_full\healthy\healthy4420.jpg,healthy,irish
D:\Potato\IrishPotato37G_full\lateblt\lateblt417.jpg,late_blight,irish
D:\Potato\PlantVillage\Potato___Early_blight\a0d8a499-e9e4-4c88-829c-7c2270073735___RS_Early.B 8525.JPG,early_blight,plantvillage
D:\Potato\PlantVillage\Potato___healthy\2dee1571-ef6b-40ef-8c46-334e89aad3f1___RS_HL 1950.JPG,healthy,plantvillage
D:\Potato\non_leaf\coco_person\000000181303.jpg,non_leaf,coco_person
D:\Potato\non_leaf\coco_person\000000563604.jpg,non_leaf,coco_person
D:\Potato\PlantVillage\Potato___Early_blight\f6d8c094-970c-41c5-9f5d-3ded7c8f7b15___RS_Early.B 6846.JPG,early_blight,plantvillage
D:\Potato\PlantVillage\Potato___Late_blight\c98f32e2-c52c-4a35-bc34-c32af5a18b07___RS_LB 2807.JPG,late_blight,plantvillage
D:\Potato\IrishPotato37G_full\healthy\healthy2730.jpg,healthy,irish
D:\Potato\IrishPotato37G_full\healthy\healthy4400.jpg,healthy,irish
D:\Potato\IrishPotato37G_full\healthy\healthy657.jpg,healthy,irish
D:\Potato\IrishPotato37G_full\lateblt\lateblt10.jpg,late_blight,irish
D:\Potato\IrishPotato37G_full\lateblt\lateblt2942.jpg,late_blight,irish
D:\Potato\PlantVillage\Potato___Early_blight\26d2af6a-f52e-457c-8006-fa106ad39fbe___RS_Early.B 8586.JPG,early_blight,plantvillage
D:\Potato\IrishPotato37G_full\earlyblt\earlyblt2260.jpg,early_blight,irish
D:\Potato\IrishPotato37G_full\earlyblt\earlyblt3098.jpg,early_blight,irish
D:\Potato\PlantVillage\Potato___Early_blight\f7db505f-aabe-4b96-b719-8c930b5ff471___RS_Early.B 9224.JPG,early_blight,plantvillage
D:\Potato\non_leaf\coco_person\000000007088.jpg,non_leaf,coco_person
D:\Potato\non_leaf\coco_person\000000244833.jpg,non_leaf,coco_person
D:\Potato\IrishPotato37G_full\healthy\healthy2558.jpg,healthy,irish
D:\Potato\IrishPotato37G_full\healthy\healthy4603.jpg,healthy,irish
D:\Potato\non_leaf\coco_person\000000158548.jpg,non_leaf,coco_person
D:\Potato\IrishPotato37G_full\healthy\healthy1337.jpg,healthy,irish
D:\Potato\PlantVillage\Potato___healthy\a8d687be-3777-403f-bae7-5c8c19340b3f___RS_HL 1738.JPG,healthy,plantvillage
D:\Potato\IrishPotato37G_full\earlyblt\earlyblt2137.jpg,early_blight,irish
D:\Potato\PlantVillage\Potato___Early_blight\9b5f25b9-9f30-478a-9710-fc79dafaf62e___RS_Early.B 6739.JPG,early_blight,plantvillage
D:\Potato\PlantVillage\Potato___Late_blight\3f624c56-6bd1-4e7e-8fcd-d6b4480abe12___RS_LB 5215.JPG,late_blight,plantvillage
D:\Potato\IrishPotato37G_full\earlyblt\earlyblt3061.jpg,early_blight,irish
D:\Potato\IrishPotato37G_full\healthy\healthy4828.jpg,healthy,irish
D:\Potato\PlantVillage\Potato___Late_blight\e575421c-a9d4-4c0e-8027-b12fca1e3ac9___RS_LB 2806.JPG,late_blight,plantvillage
D:\Potato\non_leaf\coco_person\000000491867.jpg,non_leaf,coco_person
D:\Potato\IrishPotato37G_full\healthy\healthy4060.jpg,healthy,irish
D:\Potato\PlantVillage\Potato___Early_blight\db4dbc48-209d-4615-95cd-1d7ee7f1d7e0___RS_Early.B 7545.JPG,early_blight,plantvillage
D:\Potato\IrishPotato37G_full\healthy\healthy3396.jpg,healthy,irish
D:\Potato\PlantVillage\Potato___Early_blight\77725a5a-c0b8-4b7c-bc42-ac99f51428c1___RS_Early.B 7401.JPG,early_blight,plantvillage
D:\Potato\IrishPotato37G_full\earlyblt\earlyblt1534.jpg,early_blight,irish
D:\Potato\IrishPotato37G_full\earlyblt\earlyblt6922.jpg,early_blight,irish
D:\Potato\IrishPotato37G_full\healthy\healthy3149.jpg,healthy,irish
D:\Potato\IrishPotato37G_full\lateblt\lateblt1626.jpg,late_blight,irish
D:\Potato\IrishPotato37G_full\earlyblt\earlyblt6375.jpg,early_blight,irish
D:\Potato\IrishPotato37G_full\healthy\healthy4087.jpg,healthy,irish
D:\Potato\IrishPotato37G_full\lateblt\lateblt513.jpg,late_blight,irish
D:\Potato\PlantVillage\Potato___Late_blight\52c6891d-e627-4ebf-a080-3e8051531f5a___RS_LB 4092.JPG,late_blight,plantvillage
D:\Potato\PlantVillage\Potato___Early_blight\b39bbf50-eae1-49ca-bd12-e776e3680d8b___RS_Early.B 6775.JPG,early_blight,plantvillage
D:\Potato\IrishPotato37G_full\earlyblt\earlyblt6325.jpg,early_blight,irish
D:\Potato\IrishPotato37G_full\earlyblt\earlyblt2745.jpg,early_blight,irish
D:\Potato\PlantVillage\Potato___Early_blight\c18f83e1-2144-440f-9603-74fe58c66073___RS_Early.B 7844.JPG,early_blight,plantvillage
D:\Potato\IrishPotato37G_full\lateblt\lateblt1363.jpg,late_blight,irish
D:\Potato\IrishPotato37G_full\earlyblt\earlyblt751.jpg,early_blight,irish
D:\Potato\IrishPotato37G_full\earlyblt\earlyblt3584.jpg,early_blight,irish
D:\Potato\IrishPotato37G_full\lateblt\lateblt1389.jpg,late_blight,irish
D:\Potato\non_leaf\coco_person\000000183675.jpg,non_leaf,coco_person
D:\Potato\IrishPotato37G_full\healthy\healthy2126.jpg,healthy,irish
D:\Potato\IrishPotato37G_full\healthy\healthy22.jpg,healthy,irish
D:\Potato\IrishPotato37G_full\earlyblt\earlyblt2424.jpg,early_blight,irish
D:\Potato\PlantVillage\Potato___Late_blight\e0c879c8-ebf3-43d0-9693-7a747fb5ba75___RS_LB 3956.JPG,late_blight,plantvillage
D:\Potato\IrishPotato37G_full\lateblt\lateblt951.jpg,late_blight,irish
D:\Potato\IrishPotato37G_full\earlyblt\earlyblt4826.jpg,early_blight,irish
D:\Potato\non_leaf\coco_person\000000039405.jpg,non_leaf,coco_person
D:\Potato\IrishPotato37G_full\healthy\healthy4645.jpg,healthy,irish
D:\Potato\IrishPotato37G_full\healthy\healthy3441.jpg,healthy,irish
D:\Potato\IrishPotato37G_full\lateblt\lateblt459.jpg,late_blight,irish
D:\Potato\IrishPotato37G_full\lateblt\lateblt492.jpg,late_blight,irish
D:\Potato\PlantVillage\Potato___Early_blight\1f830d02-1fc6-41d6-99c6-851e0d2af4ad___RS_Early.B 9182.JPG,early_blight,plantvillage
D:\Potato\PlantVillage\Potato___Early_blight\8fcea4b7-97df-428e-a0ac-635108307e88___RS_Early.B 9229.JPG,early_blight,plantvillage
D:\Potato\IrishPotato37G_full\earlyblt\earlyblt3813.jpg,early_blight,irish
D:\Potato\PlantVillage\Potato___Early_blight\8435fd63-0136-44f9-8dd4-6ca27bcddd97___RS_Early.B 7017.JPG,early_blight,plantvillage
D:\Potato\IrishPotato37G_full\lateblt\lateblt2997.jpg,late_blight,irish
D:\Potato\IrishPotato37G_full\healthy\healthy2028.jpg,healthy,irish
D:\Potato\IrishPotato37G_full\lateblt\lateblt1677.jpg,late_blight,irish
D:\Potato\IrishPotato37G_full\lateblt\lateblt2667.jpg,late_blight,irish
D:\Potato\IrishPotato37G_full\healthy\healthy4388.jpg,healthy,irish
D:\Potato\non_leaf\coco_person\000000035279.jpg,non_leaf,coco_person
D:\Potato\IrishPotato37G_full\healthy\healthy1513.jpg,healthy,irish
D:\Potato\IrishPotato37G_full\lateblt\lateblt784.jpg,late_blight,irish
D:\Potato\PlantVillage\Potato___Late_blight\75a1ae7b-9b93-4a9f-9eca-70b4b9e9f5ff___RS_LB 4739.JPG,late_blight,plantvillage
D:\Potato\IrishPotato37G_full\healthy\healthy4865.jpg,healthy,irish
D:\Potato\IrishPotato37G_full\earlyblt\earlyblt2397.jpg,early_blight,irish
D:\Potato\IrishPotato37G_full\earlyblt\earlyblt2354.jpg,early_blight,irish
D:\Potato\IrishPotato37G_full\lateblt\lateblt405.jpg,late_blight,irish
D:\Potato\IrishPotato37G_full\earlyblt\earlyblt6377.jpg,early_blight,irish
D:\Potato\IrishPotato37G_full\earlyblt\earlyblt316.jpg,early_blight,irish
D:\Potato\PlantVillage\Potato___Early_blight\945f4d4b-5e0a-4cc0-8b7c-d82854730b9d___RS_Early.B 7836.JPG,early_blight,plantvillage
D:\Potato\IrishPotato37G_full\healthy\healthy4204.jpg,healthy,irish
D:\Potato\IrishPotato37G_full\healthy\healthy1582.jpg,healthy,irish
D:\Potato\IrishPotato37G_full\lateblt\lateblt2989.jpg,late_blight,irish
D:\Potato\IrishPotato37G_full\lateblt\lateblt2529.jpg,late_blight,irish
D:\Potato\PlantVillage\Potato___Late_blight\aa58c1c8-82a1-4e68-9ecb-3cd47341d09b___RS_LB 4331.JPG,late_blight,plantvillage
D:\Potato\IrishPotato37G_full\earlyblt\earlyblt989.jpg,early_blight,irish
D:\Potato\PlantVillage\Potato___Late_blight\76be1a95-8bf1-468e-bc6c-f7d8fa5b7e5b___RS_LB 4758.JPG,late_blight,plantvillage
D:\Potato\non_leaf\coco_person\000000476514.jpg,non_leaf,coco_person
D:\Potato\PlantVillage\Potato___Late_blight\4ca06863-f89b-497c-bd3a-9bca78f02942___RS_LB 3088.JPG,late_blight,plantvillage
D:\Potato\IrishPotato37G_full\earlyblt\earlyblt2102.jpg,early_blight,irish
D:\Potato\non_leaf\coco_person\000000082688.jpg,non_leaf,coco_person
D:\Potato\PlantVillage\Potato___Early_blight\cc48c415-4a2d-4d8d-94db-c736e7b7c882___RS_Early.B 7705.JPG,early_blight,plantvillage
D:\Potato\IrishPotato37G_full\earlyblt\earlyblt6955.jpg,early_blight,irish
D:\Potato\IrishPotato37G_full\healthy\healthy3402.jpg,healthy,irish
D:\Potato\IrishPotato37G_full\earlyblt\earlyblt3072.jpg,early_blight,irish
D:\Potato\PlantVillage\Potato___healthy\d50a580b-46bd-47f5-a0bf-8535da774104___RS_HL 5408.JPG,healthy,plantvillage
D:\Potato\IrishPotato37G_full\earlyblt\earlyblt1737.jpg,early_blight,irish
D:\Potato\IrishPotato37G_full\healthy\healthy2327.jpg,healthy,irish
D:\Potato\IrishPotato37G_full\healthy\healthy1117.jpg,healthy,irish
D:\Potato\IrishPotato37G_full\earlyblt\earlyblt2575.jpg,early_blight,irish
D:\Potato\IrishPotato37G_full\lateblt\lateblt128.jpg,late_blight,irish
D:\Potato\non_leaf\coco_person\000000001761.jpg,non_leaf,coco_person
D:\Potato\IrishPotato37G_full\earlyblt\earlyblt3729.jpg,early_blight,irish
D:\Potato\PlantVillage\Potato___Late_blight\10f41035-20e2-4037-96b6-474ce343d6c2___RS_LB 2725.JPG,late_blight,plantvillage
D:\Potato\IrishPotato37G_full\lateblt\lateblt5045.jpg,late_blight,irish
D:\Potato\IrishPotato37G_full\healthy\healthy4163.jpg,healthy,irish
D:\Potato\non_leaf\coco_person\000000483999.jpg,non_leaf,coco_person
D:\Potato\IrishPotato37G_full\healthy\healthy1698.jpg,healthy,irish
D:\Potato\IrishPotato37G_full\earlyblt\earlyblt736.jpg,early_blight,irish
D:\Potato\IrishPotato37G_full\healthy\healthy5612.jpg,healthy,irish
D:\Potato\IrishPotato37G_full\lateblt\lateblt109.jpg,late_blight,irish
D:\Potato\IrishPotato37G_full\earlyblt\earlyblt605.jpg,early_blight,irish
D:\Potato\IrishPotato37G_full\healthy\healthy616.jpg,healthy,irish
D:\Potato\IrishPotato37G_full\earlyblt\earlyblt975.jpg,early_blight,irish
D:\Potato\IrishPotato37G_full\earlyblt\earlyblt482.jpg,early_blight,irish
D:\Potato\IrishPotato37G_full\healthy\healthy1120.jpg,healthy,irish
D:\Potato\IrishPotato37G_full\healthy\healthy3160.jpg,healthy,irish
D:\Potato\IrishPotato37G_full\earlyblt\earlyblt6634.jpg,early_blight,irish
D:\Potato\non_leaf\coco_person\000000370711.jpg,non_leaf,coco_person
D:\Potato\IrishPotato37G_full\lateblt\lateblt2253.jpg,late_blight,irish
D:\Potato\IrishPotato37G_full\healthy\healthy607.jpg,healthy,irish
D:\Potato\IrishPotato37G_full\earlyblt\earlyblt359.jpg,early_blight,irish
D:\Potato\non_leaf\coco_person\000000575081.jpg,non_leaf,coco_person
D:\Potato\IrishPotato37G_full\earlyblt\earlyblt6488.jpg,early_blight,irish
D:\Potato\IrishPotato37G_full\earlyblt\earlyblt767.jpg,early_blight,irish
D:\Potato\IrishPotato37G_full\earlyblt\earlyblt2026.jpg,early_blight,irish
D:\Potato\IrishPotato37G_full\lateblt\lateblt1648.jpg,late_blight,irish
D:\Potato\PlantVillage\Potato___Late_blight\8e1d2020-3d04-46b1-bd71-82922e1aeaa6___RS_LB 5017.JPG,late_blight,plantvillage
D:\Potato\IrishPotato37G_full\lateblt\lateblt1606.jpg,late_blight,irish
D:\Potato\PlantVillage\Potato___Late_blight\2565077d-44d3-4213-82c2-bf5ae9a64368___RS_LB 3295.JPG,late_blight,plantvillage
D:\Potato\IrishPotato37G_full\healthy\healthy3558.jpg,healthy,irish
D:\Potato\IrishPotato37G_full\lateblt\lateblt2283.jpg,late_blight,irish
D:\Potato\PlantVillage\Potato___Early_blight\906bb6f0-e61b-42f2-83a9-22593dadcedc___RS_Early.B 8564.JPG,early_blight,plantvillage
D:\Potato\IrishPotato37G_full\earlyblt\earlyblt3182.jpg,early_blight,irish
D:\Potato\IrishPotato37G_full\healthy\healthy2454.jpg,healthy,irish
D:\Potato\PlantVillage\Potato___Late_blight\815516f8-6fb1-4f92-bdff-63349e5ee83f___RS_LB 3237.JPG,late_blight,plantvillage
D:\Potato\PlantVillage\Potato___Early_blight\caef0735-6517-4194-b124-5916815e4a71___RS_Early.B 7956.JPG,early_blight,plantvillage
D:\Potato\IrishPotato37G_full\earlyblt\earlyblt1035.jpg,early_blight,irish
D:\Potato\IrishPotato37G_full\lateblt\lateblt2831.jpg,late_blight,irish
D:\Potato\non_leaf\coco_person\000000017627.jpg,non_leaf,coco_person
D:\Potato\IrishPotato37G_full\earlyblt\earlyblt1729.jpg,early_blight,irish
D:\Potato\IrishPotato37G_full\earlyblt\earlyblt1041.jpg,early_blight,irish
D:\Potato\PlantVillage\Potato___Early_blight\17756ec1-9c95-43b3-bedc-933b6e0887f3___RS_Early.B 8251.JPG,early_blight,plantvillage
D:\Potato\non_leaf\coco_person\000000002299.jpg,non_leaf,coco_person
D:\Potato\IrishPotato37G_full\earlyblt\earlyblt3564.jpg,early_blight,irish
D:\Potato\PlantVillage\Potato___Late_blight\516099d5-5399-4d6e-916d-014a84a02a18___RS_LB 4118.JPG,late_blight,plantvillage
D:\Potato\IrishPotato37G_full\healthy\healthy4833.jpg,healthy,irish
D:\Potato\IrishPotato37G_full\earlyblt\earlyblt3705.jpg,early_blight,irish
D:\Potato\IrishPotato37G_full\healthy\healthy3689.jpg,healthy,irish
D:\Potato\IrishPotato37G_full\earlyblt\earlyblt1680.jpg,early_blight,irish
D:\Potato\IrishPotato37G_full\earlyblt\earlyblt1123.jpg,early_blight,irish
D:\Potato\IrishPotato37G_full\lateblt\lateblt2467.jpg,late_blight,irish
D:\Potato\IrishPotato37G_full\earlyblt\earlyblt2782.jpg,early_blight,irish
D:\Potato\IrishPotato37G_full\earlyblt\earlyblt4808.jpg,early_blight,irish
D:\Potato\PlantVillage\Potato___healthy\b536ea91-c5f8-413b-87f3-a22ac3d959d1___RS_HL 1825.JPG,healthy,plantvillage
D:\Potato\IrishPotato37G_full\lateblt\lateblt1613.jpg,late_blight,irish
D:\Potato\IrishPotato37G_full\earlyblt\earlyblt390.jpg,early_blight,irish
D:\Potato\IrishPotato37G_full\earlyblt\earlyblt6094.jpg,early_blight,irish
D:\Potato\IrishPotato37G_full\lateblt\lateblt1117.jpg,late_blight,irish
D:\Potato\IrishPotato37G_full\healthy\healthy5196.jpg,healthy,irish
D:\Potato\IrishPotato37G_full\lateblt\lateblt2254.jpg,late_blight,irish
D:\Potato\PlantVillage\Potato___Early_blight\c28107c6-ea57-4044-bb6e-508d6d360cd7___RS_Early.B 7057.JPG,early_blight,plantvillage
D:\Potato\IrishPotato37G_full\lateblt\lateblt2287.jpg,late_blight,irish
D:\Potato\PlantVillage\Potato___Late_blight\68882ae5-79b6-4681-9e06-af8ae5999779___RS_LB 3952.JPG,late_blight,plantvillage
D:\Potato\PlantVillage\Potato___Early_blight\e24cb505-5756-4269-aa4f-57d27da31b20___RS_Early.B 8973.JPG,early_blight,plantvillage
D:\Potato\IrishPotato37G_full\earlyblt\earlyblt2324.jpg,early_blight,irish
D:\Potato\IrishPotato37G_full\healthy\healthy2167.jpg,healthy,irish
D:\Potato\IrishPotato37G_full\lateblt\lateblt501.jpg,late_blight,irish
D:\Potato\IrishPotato37G_full\earlyblt\earlyblt2041.jpg,early_blight,irish
D:\Potato\PlantVillage\Potato___Early_blight\0c4f6f72-c7a2-42e1-9671-41ab3bf37fe7___RS_Early.B 6752.JPG,early_blight,plantvillage
D:\Potato\IrishPotato37G_full\lateblt\lateblt211.jpg,late_blight,irish
D:\Potato\IrishPotato37G_full\lateblt\lateblt1644.jpg,late_blight,irish
D:\Potato\PlantVillage\Potato___Late_blight\d648ee66-d38a-4df0-8696-c6fe5490a15b___RS_LB 4144.JPG,late_blight,plantvillage
D:\Potato\non_leaf\coco_person\000000281759.jpg,non_leaf,coco_person
D:\Potato\non_leaf\coco_person\000000521717.jpg,non_leaf,coco_person
D:\Potato\IrishPotato37G_full\healthy\healthy531.jpg,healthy,irish
D:\Potato\non_leaf\coco_person\000000479126.jpg,non_leaf,coco_person
D:\Potato\non_leaf\coco_person\000000537270.jpg,non_leaf,coco_person
D:\Potato\IrishPotato37G_full\healthy\healthy3773.jpg,healthy,irish
D:\Potato\IrishPotato37G_full\lateblt\lateblt1509.jpg,late_blight,irish
D:\Potato\IrishPotato37G_full\healthy\healthy172.jpg,healthy,irish
D:\Potato\IrishPotato37G_full\earlyblt\earlyblt3455.jpg,early_blight,irish
D:\Potato\IrishPotato37G_full\lateblt\lateblt1164.jpg,late_blight,irish
D:\Potato\IrishPotato37G_full\lateblt\lateblt2288.jpg,late_blight,irish
D:\Potato\IrishPotato37G_full\earlyblt\earlyblt1071.jpg,early_blight,irish
D:\Potato\IrishPotato37G_full\earlyblt\earlyblt290.jpg,early_blight,irish
D:\Potato\non_leaf\coco_person\000000068628.jpg,non_leaf,coco_person
D:\Potato\IrishPotato37G_full\earlyblt\earlyblt2880.jpg,early_blight,irish
D:\Potato\PlantVillage\Potato___Late_blight\f4e6847d-d381-4849-9ff1-930cfb597d08___RS_LB 5097.JPG,late_blight,plantvillage
D:\Potato\IrishPotato37G_full\healthy\healthy3140.jpg,healthy,irish
D:\Potato\IrishPotato37G_full\healthy\healthy3744.jpg,healthy,irish
D:\Potato\IrishPotato37G_full\healthy\healthy5468.jpg,healthy,irish
D:\Potato\IrishPotato37G_full\healthy\healthy1443.jpg,healthy,irish
D:\Potato\PlantVillage\Potato___Early_blight\b2e21749-afe2-4392-8d5d-23088d37873c___RS_Early.B 9028.JPG,early_blight,plantvillage
D:\Potato\PlantVillage\Potato___Early_blight\6f8dfa1b-8c6f-4be6-93ff-e9180dde7357___RS_Early.B 6914.JPG,early_blight,plantvillage
D:\Potato\PlantVillage\Potato___healthy\61b05f0a-14bc-4c8f-a256-57c8b8898d8c___RS_HL 1769.JPG,healthy,plantvillage
D:\Potato\PlantVillage\Potato___Late_blight\6d51bd53-2556-410c-b151-547c83a06287___RS_LB 3276.JPG,late_blight,plantvillage
D:\Potato\IrishPotato37G_full\earlyblt\earlyblt2692.jpg,early_blight,irish
D:\Potato\PlantVillage\Potato___Late_blight\19323229-6fdc-4231-bd3e-a46ddcff2111___RS_LB 3196.JPG,late_blight,plantvillage
D:\Potato\IrishPotato37G_full\lateblt\lateblt2629.jpg,late_blight,irish
D:\Potato\IrishPotato37G_full\healthy\healthy2389.jpg,healthy,irish
D:\Potato\IrishPotato37G_full\lateblt\lateblt1674.jpg,late_blight,irish
D:\Potato\IrishPotato37G_full\healthy\healthy2257.jpg,healthy,irish
D:\Potato\IrishPotato37G_full\earlyblt\earlyblt1589.jpg,early_blight,irish
D:\Potato\IrishPotato37G_full\earlyblt\earlyblt632.jpg,early_blight,irish
D:\Potato\IrishPotato37G_full\earlyblt\earlyblt1757.jpg,early_blight,irish
D:\Potato\PlantVillage\Potato___Early_blight\2767ef91-3383-4872-9804-e0bcd2bc43fc___RS_Early.B 7783.JPG,early_blight,plantvillage
D:\Potato\IrishPotato37G_full\lateblt\lateblt2602.jpg,late_blight,irish
D:\Potato\PlantVillage\Potato___Early_blight\de8d212e-1bbf-41d7-b13b-29f0746223aa___RS_Early.B 8022.JPG,early_blight,plantvillage
D:\Potato\IrishPotato37G_full\earlyblt\earlyblt2876.jpg,early_blight,irish
D:\Potato\IrishPotato37G_full\healthy\healthy2802.jpg,healthy,irish
D:\Potato\PlantVillage\Potato___Early_blight\93992994-fcb0-4d3e-b528-e6fd9fd1b317___RS_Early.B 6686.JPG,early_blight,plantvillage
D:\Potato\IrishPotato37G_full\lateblt\lateblt962.jpg,late_blight,irish
D:\Potato\IrishPotato37G_full\healthy\healthy4310.jpg,healthy,irish
D:\Potato\non_leaf\coco_person\000000292155.jpg,non_leaf,coco_person
D:\Potato\non_leaf\coco_person\000000308328.jpg,non_leaf,coco_person
D:\Potato\non_leaf\coco_person\000000575187.jpg,non_leaf,coco_person
D:\Potato\IrishPotato37G_full\healthy\healthy3134.jpg,healthy,irish
D:\Potato\PlantVillage\Potato___Late_blight\0eb28ea9-c9e4-4999-9de2-835682241e53___RS_LB 2708.JPG,late_blight,plantvillage
D:\Potato\IrishPotato37G_full\healthy\healthy2333.jpg,healthy,irish
D:\Potato\IrishPotato37G_full\earlyblt\earlyblt1116.jpg,early_blight,irish
D:\Potato\IrishPotato37G_full\earlyblt\earlyblt6365.jpg,early_blight,irish
D:\Potato\IrishPotato37G_full\earlyblt\earlyblt2014.jpg,early_blight,irish
D:\Potato\IrishPotato37G_full\healthy\healthy1455.jpg,healthy,irish
D:\Potato\PlantVillage\Potato___Late_blight\b167bd40-798f-4e70-a735-f191350dd057___RS_LB 4017.JPG,late_blight,plantvillage
D:\Potato\IrishPotato37G_full\lateblt\lateblt2044.jpg,late_blight,irish
D:\Potato\IrishPotato37G_full\earlyblt\earlyblt3189.jpg,early_blight,irish
D:\Potato\PlantVillage\Potato___Late_blight\77164347-18bd-4466-aca9-0f61e6a36468___RS_LB 4155.JPG,late_blight,plantvillage
D:\Potato\IrishPotato37G_full\earlyblt\earlyblt924.jpg,early_blight,irish
D:\Potato\non_leaf\coco_person\000000434230.jpg,non_leaf,coco_person
D:\Potato\non_leaf\coco_person\000000490171.jpg,non_leaf,coco_person
D:\Potato\IrishPotato37G_full\earlyblt\earlyblt6649.jpg,early_blight,irish
D:\Potato\IrishPotato37G_full\healthy\healthy1586.jpg,healthy,irish
D:\Potato\IrishPotato37G_full\healthy\healthy503.jpg,healthy,irish
D:\Potato\IrishPotato37G_full\lateblt\lateblt2590.jpg,late_blight,irish
D:\Potato\IrishPotato37G_full\earlyblt\earlyblt6912.jpg,early_blight,irish
D:\Potato\IrishPotato37G_full\healthy\healthy3935.jpg,healthy,irish
D:\Potato\IrishPotato37G_full\earlyblt\earlyblt209.jpg,early_blight,irish
D:\Potato\non_leaf\coco_person\000000151938.jpg,non_leaf,coco_person
D:\Potato\IrishPotato37G_full\earlyblt\earlyblt1144.jpg,early_blight,irish
D:\Potato\PlantVillage\Potato___Early_blight\f20b88af-30e2-4270-a035-2cf217469cf8___RS_Early.B 8266.JPG,early_blight,plantvillage
D:\Potato\IrishPotato37G_full\lateblt\lateblt805.jpg,late_blight,irish
D:\Potato\PlantVillage\Potato___Late_blight\c206ebe3-c06e-4eb9-a537-a719cfa1e3c0___RS_LB 5140.JPG,late_blight,plantvillage
D:\Potato\PlantVillage\Potato___Late_blight\37c1e3d4-e54b-431a-b370-2a506b6026a2___RS_LB 4461.JPG,late_blight,plantvillage
D:\Potato\IrishPotato37G_full\lateblt\lateblt1640.jpg,late_blight,irish
D:\Potato\non_leaf\coco_person\000000463522.jpg,non_leaf,coco_person
D:\Potato\IrishPotato37G_full\lateblt\lateblt182.jpg,late_blight,irish
D:\Potato\non_leaf\coco_person\000000154644.jpg,non_leaf,coco_person
D:\Potato\IrishPotato37G_full\lateblt\lateblt1433.jpg,late_blight,irish
D:\Potato\IrishPotato37G_full\healthy\healthy992.jpg,healthy,irish
D:\Potato\IrishPotato37G_full\lateblt\lateblt964.jpg,late_blight,irish
D:\Potato\PlantVillage\Potato___Late_blight\a0c129b8-4fb3-406d-b2f6-1309fec50c70___RS_LB 5139.JPG,late_blight,plantvillage
D:\Potato\IrishPotato37G_full\earlyblt\earlyblt3084.jpg,early_blight,irish
D:\Potato\PlantVillage\Potato___Late_blight\73fb0463-c023-4749-8c37-dd11304de9b1___RS_LB 3112.JPG,late_blight,plantvillage
D:\Potato\non_leaf\coco_person\000000415748.jpg,non_leaf,coco_person
D:\Potato\PlantVillage\Potato___Early_blight\042135e2-e126-4900-9212-d42d900b8125___RS_Early.B 8791.JPG,early_blight,plantvillage
D:\Potato\IrishPotato37G_full\lateblt\lateblt537.jpg,late_blight,irish
D:\Potato\IrishPotato37G_full\earlyblt\earlyblt3458.jpg,early_blight,irish
D:\Potato\IrishPotato37G_full\earlyblt\earlyblt2374.jpg,early_blight,irish
D:\Potato\PlantVillage\Potato___Early_blight\028f9b73-142f-499a-9c7b-d7c1ed5e5506___RS_Early.B 8546.JPG,early_blight,plantvillage
D:\Potato\non_leaf\coco_person\000000521819.jpg,non_leaf,coco_person
D:\Potato\IrishPotato37G_full\earlyblt\earlyblt2840.jpg,early_blight,irish
D:\Potato\IrishPotato37G_full\earlyblt\earlyblt1090.jpg,early_blight,irish
D:\Potato\IrishPotato37G_full\healthy\healthy4392.jpg,healthy,irish
D:\Potato\PlantVillage\Potato___Late_blight\fe93615b-4160-4956-a65c-cdbc79af2052___RS_LB 5131.JPG,late_blight,plantvillage
D:\Potato\IrishPotato37G_full\healthy\healthy5460.jpg,healthy,irish
D:\Potato\non_leaf\coco_person\000000433103.jpg,non_leaf,coco_person
D:\Potato\IrishPotato37G_full\healthy\healthy2057.jpg,healthy,irish
D:\Potato\IrishPotato37G_full\healthy\healthy4355.jpg,healthy,irish
D:\Potato\IrishPotato37G_full\earlyblt\earlyblt1999.jpg,early_blight,irish
D:\Potato\IrishPotato37G_full\earlyblt\earlyblt7023.jpg,early_blight,irish
D:\Potato\IrishPotato37G_full\healthy\healthy3019.jpg,healthy,irish
D:\Potato\PlantVillage\Potato___Early_blight\96ab8c2b-9067-4af7-821c-b14a3c7e618f___RS_Early.B 8816.JPG,early_blight,plantvillage
D:\Potato\IrishPotato37G_full\healthy\healthy4938.jpg,healthy,irish
D:\Potato\IrishPotato37G_full\earlyblt\earlyblt6674.jpg,early_blight,irish
D:\Potato\IrishPotato37G_full\earlyblt\earlyblt1945.jpg,early_blight,irish
D:\Potato\IrishPotato37G_full\earlyblt\earlyblt1939.jpg,early_blight,irish
D:\Potato\IrishPotato37G_full\lateblt\lateblt2947.jpg,late_blight,irish
D:\Potato\IrishPotato37G_full\earlyblt\earlyblt4739.jpg,early_blight,irish
D:\Potato\non_leaf\coco_person\000000504389.jpg,non_leaf,coco_person
D:\Potato\IrishPotato37G_full\earlyblt\earlyblt2366.jpg,early_blight,irish
D:\Potato\PlantVillage\Potato___Early_blight\23546e04-7151-4dbd-95a1-687d963eb132___RS_Early.B 7402.JPG,early_blight,plantvillage
D:\Potato\IrishPotato37G_full\healthy\healthy846.jpg,healthy,irish
D:\Potato\IrishPotato37G_full\healthy\healthy567.jpg,healthy,irish
D:\Potato\IrishPotato37G_full\healthy\healthy373.jpg,healthy,irish
D:\Potato\IrishPotato37G_full\earlyblt\earlyblt1613.jpg,early_blight,irish
D:\Potato\non_leaf\coco_person\000000441442.jpg,non_leaf,coco_person
D:\Potato\IrishPotato37G_full\earlyblt\earlyblt3097.jpg,early_blight,irish
D:\Potato\PlantVillage\Potato___Early_blight\060fd5a7-1606-4a59-895b-604c90d6b414___RS_Early.B 7205.JPG,early_blight,plantvillage
D:\Potato\non_leaf\coco_person\000000555050.jpg,non_leaf,coco_person
D:\Potato\IrishPotato37G_full\lateblt\lateblt817.jpg,late_blight,irish
D:\Potato\IrishPotato37G_full\lateblt\lateblt1394.jpg,late_blight,irish
D:\Potato\IrishPotato37G_full\earlyblt\earlyblt2307.jpg,early_blight,irish
D:\Potato\IrishPotato37G_full\earlyblt\earlyblt2960.jpg,early_blight,irish
D:\Potato\IrishPotato37G_full\earlyblt\earlyblt3445.jpg,early_blight,irish
D:\Potato\PlantVillage\Potato___Early_blight\1767fee7-18fd-4597-8c77-d41ec2d62f4e___RS_Early.B 6932.JPG,early_blight,plantvillage
D:\Potato\IrishPotato37G_full\lateblt\lateblt284.jpg,late_blight,irish
D:\Potato\IrishPotato37G_full\lateblt\lateblt1565.jpg,late_blight,irish
D:\Potato\IrishPotato37G_full\earlyblt\earlyblt6637.jpg,early_blight,irish
D:\Potato\IrishPotato37G_full\lateblt\lateblt576.jpg,late_blight,irish
D:\Potato\IrishPotato37G_full\healthy\healthy1465.jpg,healthy,irish
D:\Potato\IrishPotato37G_full\healthy\healthy1311.jpg,healthy,irish
D:\Potato\IrishPotato37G_full\earlyblt\earlyblt1088.jpg,early_blight,irish
D:\Potato\IrishPotato37G_full\earlyblt\earlyblt2724.jpg,early_blight,irish
D:\Potato\IrishPotato37G_full\healthy\healthy914.jpg,healthy,irish
D:\Potato\IrishPotato37G_full\lateblt\lateblt2493.jpg,late_blight,irish
D:\Potato\IrishPotato37G_full\healthy\healthy3010.jpg,healthy,irish
D:\Potato\IrishPotato37G_full\healthy\healthy650.jpg,healthy,irish
D:\Potato\IrishPotato37G_full\healthy\healthy2960.jpg,healthy,irish
D:\Potato\IrishPotato37G_full\lateblt\lateblt945.jpg,late_blight,irish
D:\Potato\IrishPotato37G_full\earlyblt\earlyblt808.jpg,early_blight,irish
D:\Potato\IrishPotato37G_full\healthy\healthy4630.jpg,healthy,irish
D:\Potato\non_leaf\coco_person\000000394559.jpg,non_leaf,coco_person
D:\Potato\IrishPotato37G_full\healthy\healthy3094.jpg,healthy,irish
D:\Potato\IrishPotato37G_full\healthy\healthy381.jpg,healthy,irish
D:\Potato\non_leaf\coco_person\000000520264.jpg,non_leaf,coco_person
D:\Potato\IrishPotato37G_full\earlyblt\earlyblt6941.jpg,early_blight,irish
D:\Potato\non_leaf\coco_person\000000471567.jpg,non_leaf,coco_person
D:\Potato\IrishPotato37G_full\healthy\healthy3018.jpg,healthy,irish
D:\Potato\IrishPotato37G_full\lateblt\lateblt976.jpg,late_blight,irish
D:\Potato\IrishPotato37G_full\lateblt\lateblt426.jpg,late_blight,irish
D:\Potato\PlantVillage\Potato___Early_blight\4bac4925-72ff-43e7-8726-5e2126c6c30d___RS_Early.B 8206.JPG,early_blight,plantvillage
D:\Potato\IrishPotato37G_full\earlyblt\earlyblt332.jpg,early_blight,irish
D:\Potato\IrishPotato37G_full\earlyblt\earlyblt1584.jpg,early_blight,irish
D:\Potato\IrishPotato37G_full\lateblt\lateblt873.jpg,late_blight,irish
D:\Potato\non_leaf\coco_person\000000500257.jpg,non_leaf,coco_person
D:\Potato\IrishPotato37G_full\lateblt\lateblt5019.jpg,late_blight,irish
D:\Potato\IrishPotato37G_full\earlyblt\earlyblt6057.jpg,early_blight,irish
D:\Potato\non_leaf\coco_person\000000280918.jpg,non_leaf,coco_person
D:\Potato\IrishPotato37G_full\healthy\healthy3131.jpg,healthy,irish
D:\Potato\IrishPotato37G_full\healthy\healthy1436.jpg,healthy,irish
D:\Potato\IrishPotato37G_full\lateblt\lateblt432.jpg,late_blight,irish
D:\Potato\IrishPotato37G_full\healthy\healthy2791.jpg,healthy,irish
D:\Potato\IrishPotato37G_full\lateblt\lateblt2749.jpg,late_blight,irish
D:\Potato\IrishPotato37G_full\earlyblt\earlyblt6621.jpg,early_blight,irish
D:\Potato\IrishPotato37G_full\earlyblt\earlyblt4772.jpg,early_blight,irish
D:\Potato\PlantVillage\Potato___Early_blight\8ce2ee77-109f-4a08-bee9-2877c2201056___RS_Early.B 6834.JPG,early_blight,plantvillage
D:\Potato\PlantVillage\Potato___Early_blight\2771e005-3cb4-4e12-8868-80adca5ce02a___RS_Early.B 8640.JPG,early_blight,plantvillage
D:\Potato\PlantVillage\Potato___Late_blight\36555aa6-0ca3-412c-be9f-50f12500861f___RS_LB 3907.JPG,late_blight,plantvillage
D:\Potato\IrishPotato37G_full\healthy\healthy3763.jpg,healthy,irish
D:\Potato\IrishPotato37G_full\earlyblt\earlyblt6678.jpg,early_blight,irish
D:\Potato\IrishPotato37G_full\healthy\healthy2406.jpg,healthy,irish
D:\Potato\PlantVillage\Potato___healthy\c6204cb3-cd9f-4d7b-92a6-9773fe562cab___RS_HL 1939.JPG,healthy,plantvillage
D:\Potato\PlantVillage\Potato___Early_blight\99d75573-472e-4f57-ab82-b49b78853d03___RS_Early.B 7847.JPG,early_blight,plantvillage
D:\Potato\IrishPotato37G_full\lateblt\lateblt2402.jpg,late_blight,irish
D:\Potato\PlantVillage\Potato___Late_blight\9cd7c33b-e29a-4300-ba19-183fb6c82aca___RS_LB 4124.JPG,late_blight,plantvillage
D:\Potato\non_leaf\coco_person\000000083172.jpg,non_leaf,coco_person
D:\Potato\IrishPotato37G_full\healthy\healthy1213.jpg,healthy,irish
D:\Potato\IrishPotato37G_full\healthy\healthy5641.jpg,healthy,irish
D:\Potato\IrishPotato37G_full\healthy\healthy5415.jpg,healthy,irish
D:\Potato\non_leaf\coco_person\000000466125.jpg,non_leaf,coco_person
D:\Potato\IrishPotato37G_full\earlyblt\earlyblt1049.jpg,early_blight,irish
D:\Potato\IrishPotato37G_full\lateblt\lateblt1418.jpg,late_blight,irish
D:\Potato\IrishPotato37G_full\lateblt\lateblt1376.jpg,late_blight,irish
D:\Potato\IrishPotato37G_full\healthy\healthy2034.jpg,healthy,irish
D:\Potato\IrishPotato37G_full\healthy\healthy4627.jpg,healthy,irish
D:\Potato\IrishPotato37G_full\healthy\healthy564.jpg,healthy,irish
D:\Potato\non_leaf\coco_person\000000341681.jpg,non_leaf,coco_person
D:\Potato\IrishPotato37G_full\healthy\healthy1404.jpg,healthy,irish
D:\Potato\non_leaf\coco_person\000000032081.jpg,non_leaf,coco_person
D:\Potato\IrishPotato37G_full\healthy\healthy4068.jpg,healthy,irish
D:\Potato\non_leaf\coco_person\000000199442.jpg,non_leaf,coco_person
D:\Potato\IrishPotato37G_full\lateblt\lateblt1679.jpg,late_blight,irish
D:\Potato\IrishPotato37G_full\earlyblt\earlyblt1819.jpg,early_blight,irish
D:\Potato\IrishPotato37G_full\earlyblt\earlyblt6096.jpg,early_blight,irish
D:\Potato\IrishPotato37G_full\earlyblt\earlyblt6340.jpg,early_blight,irish
D:\Potato\IrishPotato37G_full\earlyblt\earlyblt6977.jpg,early_blight,irish
D:\Potato\IrishPotato37G_full\healthy\healthy5258.jpg,healthy,irish
D:\Potato\IrishPotato37G_full\healthy\healthy2775.jpg,healthy,irish
D:\Potato\IrishPotato37G_full\lateblt\lateblt1112.jpg,late_blight,irish
D:\Potato\non_leaf\coco_person\000000449432.jpg,non_leaf,coco_person
D:\Potato\IrishPotato37G_full\earlyblt\earlyblt2708.jpg,early_blight,irish
D:\Potato\non_leaf\coco_person\000000500716.jpg,non_leaf,coco_person
D:\Potato\IrishPotato37G_full\healthy\healthy3379.jpg,healthy,irish
D:\Potato\IrishPotato37G_full\earlyblt\earlyblt2352.jpg,early_blight,irish
D:\Potato\IrishPotato37G_full\earlyblt\earlyblt6647.jpg,early_blight,irish
D:\Potato\IrishPotato37G_full\lateblt\lateblt1572.jpg,late_blight,irish
D:\Potato\IrishPotato37G_full\earlyblt\earlyblt3721.jpg,early_blight,irish
D:\Potato\IrishPotato37G_full\healthy\healthy1191.jpg,healthy,irish
D:\Potato\IrishPotato37G_full\lateblt\lateblt763.jpg,late_blight,irish
D:\Potato\IrishPotato37G_full\lateblt\lateblt1646.jpg,late_blight,irish
D:\Potato\IrishPotato37G_full\healthy\healthy3060.jpg,healthy,irish
D:\Potato\IrishPotato37G_full\earlyblt\earlyblt3897.jpg,early_blight,irish
D:\Potato\PlantVillage\Potato___Early_blight\9ca7d203-7b7c-4f5c-911f-fc225f3c5b77___RS_Early.B 7557.JPG,early_blight,plantvillage
D:\Potato\IrishPotato37G_full\earlyblt\earlyblt433.jpg,early_blight,irish
D:\Potato\PlantVillage\Potato___Late_blight\c6842cfb-6996-4a51-bc0a-7e2f89a903f0___RS_LB 3911.JPG,late_blight,plantvillage
D:\Potato\PlantVillage\Potato___Early_blight\85626b40-beca-4bc0-90ed-fc6090c6b18e___RS_Early.B 8598.JPG,early_blight,plantvillage
D:\Potato\IrishPotato37G_full\lateblt\lateblt2275.jpg,late_blight,irish
D:\Potato\PlantVillage\Potato___healthy\e693354a-053c-4093-8642-cc8f5f9eb2cc___RS_HL 1746.JPG,healthy,plantvillage
D:\Potato\IrishPotato37G_full\lateblt\lateblt1379.jpg,late_blight,irish
D:\Potato\IrishPotato37G_full\earlyblt\earlyblt6399.jpg,early_blight,irish
D:\Potato\IrishPotato37G_full\healthy\healthy2831.jpg,healthy,irish
D:\Potato\IrishPotato37G_full\lateblt\lateblt1645.jpg,late_blight,irish
D:\Potato\IrishPotato37G_full\healthy\healthy4396.jpg,healthy,irish
D:\Potato\IrishPotato37G_full\lateblt\lateblt2909.jpg,late_blight,irish
D:\Potato\PlantVillage\Potato___Late_blight\c0e1bf8b-8b3d-4e00-bbd7-dc134dd9ca42___RS_LB 3234.JPG,late_blight,plantvillage
D:\Potato\IrishPotato37G_full\healthy\healthy3046.jpg,healthy,irish
D:\Potato\IrishPotato37G_full\lateblt\lateblt439.jpg,late_blight,irish
D:\Potato\PlantVillage\Potato___Early_blight\12429fa8-02ea-4017-88ef-b2d219b892f7___RS_Early.B 6916.JPG,early_blight,plantvillage
D:\Potato\IrishPotato37G_full\lateblt\lateblt890.jpg,late_blight,irish
D:\Potato\PlantVillage\Potato___Late_blight\dc289122-aa0d-454b-b617-16824440fce4___RS_LB 2959.JPG,late_blight,plantvillage
D:\Potato\non_leaf\coco_person\000000092939.jpg,non_leaf,coco_person
D:\Potato\IrishPotato37G_full\healthy\healthy2930.jpg,healthy,irish
D:\Potato\PlantVillage\Potato___Late_blight\23e2a413-2191-4a94-a305-c12b4ed24aa3___RS_LB 2555.JPG,late_blight,plantvillage
D:\Potato\IrishPotato37G_full\earlyblt\earlyblt342.jpg,early_blight,irish
D:\Potato\IrishPotato37G_full\earlyblt\earlyblt1505.jpg,early_blight,irish
D:\Potato\IrishPotato37G_full\healthy\healthy3930.jpg,healthy,irish
D:\Potato\non_leaf\coco_person\000000190676.jpg,non_leaf,coco_person
D:\Potato\IrishPotato37G_full\earlyblt\earlyblt733.jpg,early_blight,irish
D:\Potato\IrishPotato37G_full\healthy\healthy571.jpg,healthy,irish
D:\Potato\IrishPotato37G_full\healthy\healthy5448.jpg,healthy,irish
D:\Potato\IrishPotato37G_full\healthy\healthy1370.jpg,healthy,irish
D:\Potato\IrishPotato37G_full\lateblt\lateblt651.jpg,late_blight,irish
D:\Potato\PlantVillage\Potato___Late_blight\a74a91d8-1a9d-4fa8-bc4b-26a32635a84d___RS_LB 3840.JPG,late_blight,plantvillage
D:\Potato\non_leaf\coco_person\000000252716.jpg,non_leaf,coco_person
D:\Potato\PlantVillage\Potato___Late_blight\5e92b00d-92ed-4de5-b3f7-0d14a076cf02___RS_LB 4004.JPG,late_blight,plantvillage
D:\Potato\IrishPotato37G_full\healthy\healthy3513.jpg,healthy,irish
D:\Potato\IrishPotato37G_full\lateblt\lateblt1541.jpg,late_blight,irish
D:\Potato\IrishPotato37G_full\earlyblt\earlyblt2145.jpg,early_blight,irish
D:\Potato\non_leaf\coco_person\000000493442.jpg,non_leaf,coco_person
D:\Potato\PlantVillage\Potato___Late_blight\958a4438-2ced-4d8c-af73-871376cf6ed5___RS_LB 4483.JPG,late_blight,plantvillage
D:\Potato\PlantVillage\Potato___Early_blight\3b1e3161-b02e-4aa0-a490-8a50c242d10e___RS_Early.B 8553.JPG,early_blight,plantvillage
D:\Potato\IrishPotato37G_full\healthy\healthy3564.jpg,healthy,irish
D:\Potato\IrishPotato37G_full\earlyblt\earlyblt2138.jpg,early_blight,irish
D:\Potato\IrishPotato37G_full\healthy\healthy3666.jpg,healthy,irish
D:\Potato\IrishPotato37G_full\earlyblt\earlyblt6220.jpg,early_blight,irish
D:\Potato\IrishPotato37G_full\lateblt\lateblt1483.jpg,late_blight,irish
D:\Potato\IrishPotato37G_full\healthy\healthy5442.jpg,healthy,irish
D:\Potato\IrishPotato37G_full\lateblt\lateblt885.jpg,late_blight,irish
D:\Potato\IrishPotato37G_full\earlyblt\earlyblt1497.jpg,early_blight,irish
D:\Potato\non_leaf\coco_person\000000346703.jpg,non_leaf,coco_person
D:\Potato\non_leaf\coco_person\000000320696.jpg,non_leaf,coco_person
D:\Potato\IrishPotato37G_full\lateblt\lateblt882.jpg,late_blight,irish
D:\Potato\IrishPotato37G_full\lateblt\lateblt2759.jpg,late_blight,irish
D:\Potato\IrishPotato37G_full\healthy\healthy3957.jpg,healthy,irish
D:\Potato\PlantVillage\Potato___Early_blight\b76550de-8e3a-46f1-b06f-6bd4ed3dc8a5___RS_Early.B 8456.JPG,early_blight,plantvillage
D:\Potato\IrishPotato37G_full\lateblt\lateblt2987.jpg,late_blight,irish
D:\Potato\IrishPotato37G_full\lateblt\lateblt2628.jpg,late_blight,irish
D:\Potato\IrishPotato37G_full\healthy\healthy655.jpg,healthy,irish
D:\Potato\PlantVillage\Potato___healthy\b89db9d3-a413-4781-bc88-5f6c2085ab5f___RS_HL 1909.JPG,healthy,plantvillage
D:\Potato\PlantVillage\Potato___Early_blight\28f275f9-4dd9-479a-a005-ed442362840a___RS_Early.B 6790.JPG,early_blight,plantvillage
D:\Potato\IrishPotato37G_full\lateblt\lateblt170.jpg,late_blight,irish
D:\Potato\IrishPotato37G_full\earlyblt\earlyblt2535.jpg,early_blight,irish
D:\Potato\IrishPotato37G_full\healthy\healthy4201.jpg,healthy,irish
D:\Potato\IrishPotato37G_full\healthy\healthy1509.jpg,healthy,irish
D:\Potato\IrishPotato37G_full\earlyblt\earlyblt2155.jpg,early_blight,irish
D:\Potato\non_leaf\coco_person\000000013201.jpg,non_leaf,coco_person
D:\Potato\IrishPotato37G_full\lateblt\lateblt135.jpg,late_blight,irish
D:\Potato\IrishPotato37G_full\lateblt\lateblt2657.jpg,late_blight,irish
D:\Potato\IrishPotato37G_full\lateblt\lateblt1647.jpg,late_blight,irish
D:\Potato\IrishPotato37G_full\healthy\healthy3153.jpg,healthy,irish
D:\Potato\IrishPotato37G_full\lateblt\lateblt1549.jpg,late_blight,irish
D:\Potato\non_leaf\coco_person\000000244833.jpg,non_leaf,coco_person
D:\Potato\IrishPotato37G_full\lateblt\lateblt2506.jpg,late_blight,irish
D:\Potato\IrishPotato37G_full\earlyblt\earlyblt2241.jpg,early_blight,irish
D:\Potato\IrishPotato37G_full\earlyblt\earlyblt601.jpg,early_blight,irish
D:\Potato\IrishPotato37G_full\lateblt\lateblt99.jpg,late_blight,irish
D:\Potato\IrishPotato37G_full\earlyblt\earlyblt5884.jpg,early_blight,irish
D:\Potato\non_leaf\coco_person\000000466986.jpg,non_leaf,coco_person
D:\Potato\IrishPotato37G_full\healthy\healthy4966.jpg,healthy,irish
D:\Potato\PlantVillage\Potato___Early_blight\98de061b-990e-4395-a50a-975c0fab5a4a___RS_Early.B 7394.JPG,early_blight,plantvillage
D:\Potato\IrishPotato37G_full\lateblt\lateblt266.jpg,late_blight,irish
D:\Potato\IrishPotato37G_full\healthy\healthy5179.jpg,healthy,irish
D:\Potato\PlantVillage\Potato___Early_blight\5caecfc6-8e1d-401b-8014-763dec01cb98___RS_Early.B 8063.JPG,early_blight,plantvillage
D:\Potato\IrishPotato37G_full\healthy\healthy904.jpg,healthy,irish
D:\Potato\IrishPotato37G_full\healthy\healthy3687.jpg,healthy,irish
D:\Potato\PlantVillage\Potato___Late_blight\542c1489-0040-4867-acb3-82f73249e2f8___RS_LB 4592.JPG,late_blight,plantvillage
D:\Potato\non_leaf\coco_person\000000090956.jpg,non_leaf,coco_person
D:\Potato\IrishPotato37G_full\healthy\healthy976.jpg,healthy,irish
D:\Potato\IrishPotato37G_full\healthy\healthy3972.jpg,healthy,irish
D:\Potato\IrishPotato37G_full\healthy\healthy5491.jpg,healthy,irish
D:\Potato\IrishPotato37G_full\earlyblt\earlyblt6452.jpg,early_blight,irish
D:\Potato\IrishPotato37G_full\lateblt\lateblt2265.jpg,late_blight,irish
D:\Potato\IrishPotato37G_full\healthy\healthy4116.jpg,healthy,irish
D:\Potato\IrishPotato37G_full\lateblt\lateblt2068.jpg,late_blight,irish
D:\Potato\IrishPotato37G_full\earlyblt\earlyblt2573.jpg,early_blight,irish
D:\Potato\IrishPotato37G_full\lateblt\lateblt1337.jpg,late_blight,irish
D:\Potato\PlantVillage\Potato___Early_blight\12f7b8bd-7aab-48de-ba2e-d2562408542f___RS_Early.B 7386.JPG,early_blight,plantvillage
D:\Potato\PlantVillage\Potato___Late_blight\7f2933ec-8a70-453c-8e5f-4eb9d25eac6c___RS_LB 3917.JPG,late_blight,plantvillage
D:\Potato\IrishPotato37G_full\earlyblt\earlyblt3116.jpg,early_blight,irish
D:\Potato\IrishPotato37G_full\healthy\healthy1405.jpg,healthy,irish
D:\Potato\IrishPotato37G_full\lateblt\lateblt91.jpg,late_blight,irish
D:\Potato\IrishPotato37G_full\earlyblt\earlyblt3279.jpg,early_blight,irish
D:\Potato\IrishPotato37G_full\lateblt\lateblt666.jpg,late_blight,irish
D:\Potato\PlantVillage\Potato___healthy\f4b5ec24-d318-4309-8294-9126450d5d7f___RS_HL 1824.JPG,healthy,plantvillage
D:\Potato\IrishPotato37G_full\healthy\healthy1713.jpg,healthy,irish
D:\Potato\PlantVillage\Potato___Late_blight\58475c1a-a4c2-43bd-b361-60523b5c62d2___RS_LB 3912.JPG,late_blight,plantvillage
D:\Potato\IrishPotato37G_full\lateblt\lateblt899.jpg,late_blight,irish
D:\Potato\IrishPotato37G_full\healthy\healthy2098.jpg,healthy,irish
D:\Potato\non_leaf\coco_person\000000015660.jpg,non_leaf,coco_person
D:\Potato\IrishPotato37G_full\lateblt\lateblt401.jpg,late_blight,irish
D:\Potato\non_leaf\coco_person\000000210299.jpg,non_leaf,coco_person
D:\Potato\IrishPotato37G_full\earlyblt\earlyblt6047.jpg,early_blight,irish
D:\Potato\IrishPotato37G_full\earlyblt\earlyblt6636.jpg,early_blight,irish
D:\Potato\IrishPotato37G_full\earlyblt\earlyblt2593.jpg,early_blight,irish
D:\Potato\IrishPotato37G_full\earlyblt\earlyblt4889.jpg,early_blight,irish
D:\Potato\non_leaf\coco_person\000000372349.jpg,non_leaf,coco_person
D:\Potato\IrishPotato37G_full\healthy\healthy2148.jpg,healthy,irish
D:\Potato\IrishPotato37G_full\lateblt\lateblt1950.jpg,late_blight,irish
D:\Potato\non_leaf\coco_person\000000054931.jpg,non_leaf,coco_person
D:\Potato\non_leaf\coco_person\000000084477.jpg,non_leaf,coco_person
D:\Potato\IrishPotato37G_full\earlyblt\earlyblt323.jpg,early_blight,irish
D:\Potato\IrishPotato37G_full\earlyblt\earlyblt700.jpg,early_blight,irish
D:\Potato\IrishPotato37G_full\healthy\healthy599.jpg,healthy,irish
D:\Potato\IrishPotato37G_full\earlyblt\earlyblt835.jpg,early_blight,irish
D:\Potato\IrishPotato37G_full\lateblt\lateblt620.jpg,late_blight,irish
D:\Potato\IrishPotato37G_full\healthy\healthy3597.jpg,healthy,irish
D:\Potato\IrishPotato37G_full\lateblt\lateblt2609.jpg,late_blight,irish
D:\Potato\PlantVillage\Potato___Early_blight\0caf6a39-3f5f-4201-a4d7-3ea35fdf1303___RS_Early.B 6762.JPG,early_blight,plantvillage
D:\Potato\non_leaf\coco_person\000000460347.jpg,non_leaf,coco_person
D:\Potato\IrishPotato37G_full\lateblt\lateblt2062.jpg,late_blight,irish
D:\Potato\IrishPotato37G_full\healthy\healthy2804.jpg,healthy,irish
D:\Potato\IrishPotato37G_full\lateblt\lateblt1414.jpg,late_blight,irish
D:\Potato\IrishPotato37G_full\lateblt\lateblt1155.jpg,late_blight,irish
D:\Potato\IrishPotato37G_full\earlyblt\earlyblt2778.jpg,early_blight,irish
D:\Potato\non_leaf\coco_person\000000381587.jpg,non_leaf,coco_person
D:\Potato\IrishPotato37G_full\lateblt\lateblt234.jpg,late_blight,irish
D:\Potato\IrishPotato37G_full\healthy\healthy2382.jpg,healthy,irish
D:\Potato\IrishPotato37G_full\healthy\healthy2571.jpg,healthy,irish
D:\Potato\PlantVillage\Potato___Early_blight\b7157976-61c2-4366-87c5-e3de23aa7c10___RS_Early.B 7227.JPG,early_blight,plantvillage
D:\Potato\PlantVillage\Potato___Early_blight\6f37a2b1-e63c-4d82-aec2-9ff036473867___RS_Early.B 7585.JPG,early_blight,plantvillage
D:\Potato\IrishPotato37G_full\earlyblt\earlyblt483.jpg,early_blight,irish
D:\Potato\IrishPotato37G_full\earlyblt\earlyblt1931.jpg,early_blight,irish
D:\Potato\IrishPotato37G_full\earlyblt\earlyblt1175.jpg,early_blight,irish
D:\Potato\IrishPotato37G_full\earlyblt\earlyblt1995.jpg,early_blight,irish
D:\Potato\non_leaf\coco_person\000000009772.jpg,non_leaf,coco_person
D:\Potato\IrishPotato37G_full\healthy\healthy986.jpg,healthy,irish
D:\Potato\non_leaf\coco_person\000000464786.jpg,non_leaf,coco_person
D:\Potato\IrishPotato37G_full\healthy\healthy2882.jpg,healthy,irish
D:\Potato\IrishPotato37G_full\lateblt\lateblt740.jpg,late_blight,irish
D:\Potato\IrishPotato37G_full\lateblt\lateblt1340.jpg,late_blight,irish
D:\Potato\IrishPotato37G_full\healthy\healthy4439.jpg,healthy,irish
D:\Potato\IrishPotato37G_full\lateblt\lateblt69.jpg,late_blight,irish
D:\Potato\PlantVillage\Potato___Late_blight\eb2bd15b-a92b-4302-98a1-bbc13a0f95bb___RS_LB 2671.JPG,late_blight,plantvillage
D:\Potato\IrishPotato37G_full\healthy\healthy1744.jpg,healthy,irish
D:\Potato\IrishPotato37G_full\lateblt\lateblt423.jpg,late_blight,irish
D:\Potato\IrishPotato37G_full\healthy\healthy2092.jpg,healthy,irish
D:\Potato\PlantVillage\Potato___Early_blight\72f9e596-8d1e-4ffd-923d-55645d6adca1___RS_Early.B 7704.JPG,early_blight,plantvillage
D:\Potato\IrishPotato37G_full\lateblt\lateblt712.jpg,late_blight,irish
D:\Potato\IrishPotato37G_full\lateblt\lateblt2157.jpg,late_blight,irish
D:\Potato\IrishPotato37G_full\earlyblt\earlyblt2971.jpg,early_blight,irish
D:\Potato\PlantVillage\Potato___Early_blight\c5dc57d8-9a0d-4046-9eb4-b9db2f720a47___RS_Early.B 7047.JPG,early_blight,plantvillage
D:\Potato\IrishPotato37G_full\healthy\healthy4879.jpg,healthy,irish
D:\Potato\IrishPotato37G_full\lateblt\lateblt2227.jpg,late_blight,irish
D:\Potato\IrishPotato37G_full\lateblt\lateblt2106.jpg,late_blight,irish
D:\Potato\IrishPotato37G_full\lateblt\lateblt925.jpg,late_blight,irish
D:\Potato\IrishPotato37G_full\healthy\healthy1266.jpg,healthy,irish
D:\Potato\IrishPotato37G_full\lateblt\lateblt1634.jpg,late_blight,irish
D:\Potato\IrishPotato37G_full\lateblt\lateblt2620.jpg,late_blight,irish
D:\Potato\IrishPotato37G_full\healthy\healthy2913.jpg,healthy,irish
D:\Potato\PlantVillage\Potato___Early_blight\e12f2cbd-6ced-45c5-8d83-96e19b92bfdd___RS_Early.B 8367.JPG,early_blight,plantvillage
D:\Potato\IrishPotato37G_full\healthy\healthy3543.jpg,healthy,irish
D:\Potato\IrishPotato37G_full\lateblt\lateblt779.jpg,late_blight,irish
D:\Potato\IrishPotato37G_full\earlyblt\earlyblt378.jpg,early_blight,irish
D:\Potato\IrishPotato37G_full\lateblt\lateblt1953.jpg,late_blight,irish
D:\Potato\IrishPotato37G_full\earlyblt\earlyblt3105.jpg,early_blight,irish
D:\Potato\PlantVillage\Potato___Late_blight\ea06da1e-81c9-4e2e-8266-1f3d56914ff3___RS_LB 2701.JPG,late_blight,plantvillage
D:\Potato\IrishPotato37G_full\lateblt\lateblt567.jpg,late_blight,irish
D:\Potato\non_leaf\coco_person\000000565563.jpg,non_leaf,coco_person
D:\Potato\non_leaf\coco_person\000000047571.jpg,non_leaf,coco_person
D:\Potato\IrishPotato37G_full\earlyblt\earlyblt256.jpg,early_blight,irish
D:\Potato\non_leaf\coco_person\000000416451.jpg,non_leaf,coco_person
D:\Potato\PlantVillage\Potato___Late_blight\bd94e2a1-d503-417b-8552-f252a5665476___RS_LB 4006.JPG,late_blight,plantvillage
D:\Potato\PlantVillage\Potato___Early_blight\edc5f476-dd30-4fab-a8a1-71faf6210420___RS_Early.B 7315.JPG,early_blight,plantvillage
D:\Potato\IrishPotato37G_full\earlyblt\earlyblt2135.jpg,early_blight,irish
D:\Potato\non_leaf\coco_person\000000499622.jpg,non_leaf,coco_person
D:\Potato\PlantVillage\Potato___Early_blight\b549ab3b-06f1-45ef-bf34-86071552d870___RS_Early.B 8576.JPG,early_blight,plantvillage
D:\Potato\non_leaf\coco_person\000000188439.jpg,non_leaf,coco_person
D:\Potato\IrishPotato37G_full\lateblt\lateblt1459.jpg,late_blight,irish
D:\Potato\IrishPotato37G_full\earlyblt\earlyblt1094.jpg,early_blight,irish
D:\Potato\PlantVillage\Potato___Late_blight\f18c34fd-e43a-4338-b3f3-6537f2f84f98___RS_LB 4111.JPG,late_blight,plantvillage
D:\Potato\IrishPotato37G_full\earlyblt\earlyblt269.jpg,early_blight,irish
D:\Potato\IrishPotato37G_full\lateblt\lateblt2443.jpg,late_blight,irish
D:\Potato\IrishPotato37G_full\lateblt\lateblt1546.jpg,late_blight,irish
D:\Potato\IrishPotato37G_full\earlyblt\earlyblt884.jpg,early_blight,irish
D:\Potato\IrishPotato37G_full\lateblt\lateblt856.jpg,late_blight,irish
D:\Potato\IrishPotato37G_full\healthy\healthy5227.jpg,healthy,irish
D:\Potato\IrishPotato37G_full\earlyblt\earlyblt6772.jpg,early_blight,irish
D:\Potato\IrishPotato37G_full\lateblt\lateblt2979.jpg,late_blight,irish
D:\Potato\IrishPotato37G_full\lateblt\lateblt223.jpg,late_blight,irish
D:\Potato\IrishPotato37G_full\lateblt\lateblt1195.jpg,late_blight,irish
D:\Potato\IrishPotato37G_full\lateblt\lateblt2719.jpg,late_blight,irish
D:\Potato\PlantVillage\Potato___Early_blight\fbc7567e-ce08-4ad0-b8fe-ffd98296ce02___RS_Early.B 8607.JPG,early_blight,plantvillage
D:\Potato\IrishPotato37G_full\lateblt\lateblt1952.jpg,late_blight,irish
D:\Potato\IrishPotato37G_full\lateblt\lateblt177.jpg,late_blight,irish
D:\Potato\IrishPotato37G_full\earlyblt\earlyblt925.jpg,early_blight,irish
D:\Potato\non_leaf\coco_person\000000262587.jpg,non_leaf,coco_person
D:\Potato\IrishPotato37G_full\lateblt\lateblt1593.jpg,late_blight,irish
D:\Potato\PlantVillage\Potato___Late_blight\d7e7afff-cb91-4209-bf42-ce579f273cce___RS_LB 4468.JPG,late_blight,plantvillage
D:\Potato\PlantVillage\Potato___Late_blight\d71490c0-7315-4301-b9cd-19de9357a2f7___RS_LB 3203.JPG,late_blight,plantvillage
D:\Potato\IrishPotato37G_full\lateblt\lateblt671.jpg,late_blight,irish
D:\Potato\PlantVillage\Potato___Late_blight\2c1218c8-eaea-4f5a-be4b-34e34a705063___RS_LB 2530.JPG,late_blight,plantvillage
D:\Potato\PlantVillage\Potato___Late_blight\1cd0b065-e637-4307-9e0a-9c20dc44cc59___RS_LB 4784.JPG,late_blight,plantvillage
D:\Potato\IrishPotato37G_full\healthy\healthy702.jpg,healthy,irish
D:\Potato\IrishPotato37G_full\earlyblt\earlyblt6767.jpg,early_blight,irish
D:\Potato\IrishPotato37G_full\earlyblt\earlyblt7018.jpg,early_blight,irish
D:\Potato\IrishPotato37G_full\lateblt\lateblt2636.jpg,late_blight,irish
D:\Potato\IrishPotato37G_full\lateblt\lateblt2849.jpg,late_blight,irish
D:\Potato\IrishPotato37G_full\earlyblt\earlyblt2190.jpg,early_blight,irish
D:\Potato\IrishPotato37G_full\healthy\healthy4292.jpg,healthy,irish
D:\Potato\PlantVillage\Potato___Late_blight\ae80781d-725e-486e-9677-4149b0d751ef___RS_LB 5442.JPG,late_blight,plantvillage
D:\Potato\IrishPotato37G_full\earlyblt\earlyblt2280.jpg,early_blight,irish
D:\Potato\IrishPotato37G_full\earlyblt\earlyblt1565.jpg,early_blight,irish
D:\Potato\PlantVillage\Potato___Early_blight\0fd22207-cb37-42a1-965f-7dfe43f9d579___RS_Early.B 6876.JPG,early_blight,plantvillage
D:\Potato\IrishPotato37G_full\earlyblt\earlyblt969.jpg,early_blight,irish
D:\Potato\IrishPotato37G_full\lateblt\lateblt2884.jpg,late_blight,irish
D:\Potato\PlantVillage\Potato___Late_blight\a5aabda7-209a-4e1e-966c-de2a1ccc7869___RS_LB 5046.JPG,late_blight,plantvillage
D:\Potato\IrishPotato37G_full\healthy\healthy126.jpg,healthy,irish
D:\Potato\PlantVillage\Potato___Late_blight\006cc01a-1888-4326-9b62-a65cb55a6377___RS_LB 5207.JPG,late_blight,plantvillage
D:\Potato\PlantVillage\Potato___Late_blight\42cd0719-199a-40a8-aaa0-228bb80e1832___RS_LB 4440.JPG,late_blight,plantvillage
D:\Potato\IrishPotato37G_full\earlyblt\earlyblt1602.jpg,early_blight,irish
D:\Potato\PlantVillage\Potato___healthy\57c2663b-5d1d-4476-b067-38b2149c3b2d___RS_HL 1796.JPG,healthy,plantvillage
D:\Potato\IrishPotato37G_full\healthy\healthy886.jpg,healthy,irish
D:\Potato\IrishPotato37G_full\healthy\healthy1758.jpg,healthy,irish
D:\Potato\IrishPotato37G_full\lateblt\lateblt689.jpg,late_blight,irish
D:\Potato\non_leaf\coco_person\000000240049.jpg,non_leaf,coco_person
D:\Potato\IrishPotato37G_full\lateblt\lateblt1967.jpg,late_blight,irish
D:\Potato\IrishPotato37G_full\lateblt\lateblt2872.jpg,late_blight,irish
D:\Potato\PlantVillage\Potato___Late_blight\969aa93b-46d1-478c-a398-dcb4ed7d27bd___RS_LB 2870.JPG,late_blight,plantvillage
D:\Potato\PlantVillage\Potato___Late_blight\9fa413c2-d724-4bc6-8aed-954a472cf228___RS_LB 4754.JPG,late_blight,plantvillage
D:\Potato\PlantVillage\Potato___Late_blight\b3123a68-bf01-4d71-a561-e1e7363a6419___RS_LB 2586.JPG,late_blight,plantvillage
D:\Potato\IrishPotato37G_full\earlyblt\earlyblt7021.jpg,early_blight,irish
D:\Potato\IrishPotato37G_full\lateblt\lateblt257.jpg,late_blight,irish
D:\Potato\non_leaf\coco_person\000000362520.jpg,non_leaf,coco_person
D:\Potato\non_leaf\coco_person\000000369442.jpg,non_leaf,coco_person
D:\Potato\IrishPotato37G_full\lateblt\lateblt2726.jpg,late_blight,irish
D:\Potato\IrishPotato37G_full\healthy\healthy4490.jpg,healthy,irish
D:\Potato\IrishPotato37G_full\healthy\healthy2076.jpg,healthy,irish
D:\Potato\IrishPotato37G_full\lateblt\lateblt2003.jpg,late_blight,irish
D:\Potato\IrishPotato37G_full\lateblt\lateblt1351.jpg,late_blight,irish
D:\Potato\IrishPotato37G_full\earlyblt\earlyblt3937.jpg,early_blight,irish
D:\Potato\IrishPotato37G_full\lateblt\lateblt545.jpg,late_blight,irish
D:\Potato\IrishPotato37G_full\healthy\healthy3085.jpg,healthy,irish
D:\Potato\IrishPotato37G_full\earlyblt\earlyblt3567.jpg,early_blight,irish
D:\Potato\IrishPotato37G_full\lateblt\lateblt1586.jpg,late_blight,irish
D:\Potato\IrishPotato37G_full\earlyblt\earlyblt2611.jpg,early_blight,irish
D:\Potato\IrishPotato37G_full\lateblt\lateblt1369.jpg,late_blight,irish
D:\Potato\IrishPotato37G_full\earlyblt\earlyblt2666.jpg,early_blight,irish
D:\Potato\IrishPotato37G_full\healthy\healthy5268.jpg,healthy,irish
D:\Potato\IrishPotato37G_full\earlyblt\earlyblt809.jpg,early_blight,irish
D:\Potato\IrishPotato37G_full\healthy\healthy1535.jpg,healthy,irish
D:\Potato\PlantVillage\Potato___Late_blight\727dd407-7a8b-4edb-9697-726ae947bd63___RS_LB 2646.JPG,late_blight,plantvillage
D:\Potato\PlantVillage\Potato___Early_blight\c3356ff5-91b3-4673-b1d2-d47195b162cd___RS_Early.B 8352.JPG,early_blight,plantvillage
D:\Potato\PlantVillage\Potato___Early_blight\a6fef9f4-0006-4faa-95ab-3aadde49b229___RS_Early.B 8783.JPG,early_blight,plantvillage
D:\Potato\IrishPotato37G_full\healthy\healthy507.jpg,healthy,irish
D:\Potato\IrishPotato37G_full\lateblt\lateblt2039.jpg,late_blight,irish
D:\Potato\PlantVillage\Potato___Late_blight\a3389c1f-d888-430d-bcf7-a546247ad6d2___RS_LB 3092.JPG,late_blight,plantvillage
D:\Potato\IrishPotato37G_full\lateblt\lateblt2105.jpg,late_blight,irish
D:\Potato\IrishPotato37G_full\earlyblt\earlyblt3296.jpg,early_blight,irish
D:\Potato\PlantVillage\Potato___Late_blight\3f0fd699-1ce7-437e-a899-662a51d59974___RS_LB 2904.JPG,late_blight,plantvillage
D:\Potato\IrishPotato37G_full\healthy\healthy2803.jpg,healthy,irish
D:\Potato\PlantVillage\Potato___Late_blight\befda082-9237-4371-bd11-5d3513a365a5___RS_LB 2608.JPG,late_blight,plantvillage
D:\Potato\IrishPotato37G_full\healthy\healthy308.jpg,healthy,irish
D:\Potato\PlantVillage\Potato___Early_blight\8e384f1d-1a56-4fcc-8e06-a65ee86270a8___RS_Early.B 7278.JPG,early_blight,plantvillage
D:\Potato\IrishPotato37G_full\lateblt\lateblt297.jpg,late_blight,irish
D:\Potato\non_leaf\coco_person\000000035279.jpg,non_leaf,coco_person
D:\Potato\IrishPotato37G_full\earlyblt\earlyblt2786.jpg,early_blight,irish
D:\Potato\non_leaf\coco_person\000000336628.jpg,non_leaf,coco_person
D:\Potato\IrishPotato37G_full\healthy\healthy3578.jpg,healthy,irish
D:\Potato\IrishPotato37G_full\earlyblt\earlyblt3429.jpg,early_blight,irish
D:\Potato\IrishPotato37G_full\earlyblt\earlyblt1067.jpg,early_blight,irish
D:\Potato\non_leaf\coco_person\000000507473.jpg,non_leaf,coco_person
D:\Potato\IrishPotato37G_full\earlyblt\earlyblt3062.jpg,early_blight,irish
D:\Potato\IrishPotato37G_full\lateblt\lateblt2619.jpg,late_blight,irish
D:\Potato\PlantVillage\Potato___Late_blight\05817623-2c4e-4517-88a1-fe81b9a73742___RS_LB 3920.JPG,late_blight,plantvillage
D:\Potato\PlantVillage\Potato___Late_blight\4a34ce1c-9fde-4707-947a-58432a695741___RS_LB 3277.JPG,late_blight,plantvillage
D:\Potato\IrishPotato37G_full\earlyblt\earlyblt6216.jpg,early_blight,irish
D:\Potato\IrishPotato37G_full\lateblt\lateblt1923.jpg,late_blight,irish
D:\Potato\IrishPotato37G_full\earlyblt\earlyblt1898.jpg,early_blight,irish
D:\Potato\IrishPotato37G_full\lateblt\lateblt770.jpg,late_blight,irish
D:\Potato\PlantVillage\Potato___Early_blight\dc3e6480-10c2-429b-bd9a-b8dd7d538594___RS_Early.B 8061.JPG,early_blight,plantvillage
D:\Potato\IrishPotato37G_full\earlyblt\earlyblt6467.jpg,early_blight,irish
D:\Potato\IrishPotato37G_full\earlyblt\earlyblt1663.jpg,early_blight,irish
D:\Potato\IrishPotato37G_full\lateblt\lateblt36.jpg,late_blight,irish
D:\Potato\non_leaf\coco_person\000000166747.jpg,non_leaf,coco_person
D:\Potato\IrishPotato37G_full\lateblt\lateblt2704.jpg,late_blight,irish
D:\Potato\IrishPotato37G_full\lateblt\lateblt2670.jpg,late_blight,irish
D:\Potato\IrishPotato37G_full\lateblt\lateblt209.jpg,late_blight,irish
D:\Potato\non_leaf\coco_person\000000111609.jpg,non_leaf,coco_person
D:\Potato\IrishPotato37G_full\healthy\healthy785.jpg,healthy,irish
D:\Potato\non_leaf\coco_person\000000464476.jpg,non_leaf,coco_person
D:\Potato\IrishPotato37G_full\earlyblt\earlyblt6609.jpg,early_blight,irish
D:\Potato\IrishPotato37G_full\healthy\healthy4390.jpg,healthy,irish
D:\Potato\IrishPotato37G_full\lateblt\lateblt2132.jpg,late_blight,irish
D:\Potato\PlantVillage\Potato___Early_blight\73d47ccd-4f15-4d93-90d1-5c35dbedd91e___RS_Early.B 7567.JPG,early_blight,plantvillage
D:\Potato\IrishPotato37G_full\earlyblt\earlyblt6987.jpg,early_blight,irish
D:\Potato\IrishPotato37G_full\lateblt\lateblt1517.jpg,late_blight,irish
D:\Potato\IrishPotato37G_full\earlyblt\earlyblt1576.jpg,early_blight,irish
D:\Potato\PlantVillage\Potato___Early_blight\f0cdbf74-8401-48d1-b1cc-94862e1a4452___RS_Early.B 7447.JPG,early_blight,plantvillage
D:\Potato\IrishPotato37G_full\lateblt\lateblt2768.jpg,late_blight,irish
D:\Potato\IrishPotato37G_full\healthy\healthy307.jpg,healthy,irish
D:\Potato\IrishPotato37G_full\healthy\healthy4142.jpg,healthy,irish
D:\Potato\IrishPotato37G_full\earlyblt\earlyblt3130.jpg,early_blight,irish
D:\Potato\IrishPotato37G_full\lateblt\lateblt2733.jpg,late_blight,irish
D:\Potato\IrishPotato37G_full\healthy\healthy5422.jpg,healthy,irish
D:\Potato\IrishPotato37G_full\lateblt\lateblt5018.jpg,late_blight,irish
D:\Potato\PlantVillage\Potato___Early_blight\d1072068-911c-4656-8bf2-e662982199e1___RS_Early.B 8141.JPG,early_blight,plantvillage
D:\Potato\PlantVillage\Potato___Late_blight\c66982eb-dd83-487a-98c6-2aefdf5d7be0___RS_LB 4683.JPG,late_blight,plantvillage
D:\Potato\IrishPotato37G_full\lateblt\lateblt2198.jpg,late_blight,irish
D:\Potato\IrishPotato37G_full\earlyblt\earlyblt3033.jpg,early_blight,irish
D:\Potato\IrishPotato37G_full\lateblt\lateblt175.jpg,late_blight,irish
D:\Potato\PlantVillage\Potato___Early_blight\667c593c-acbf-468a-91a3-6fd8006c46c2___RS_Early.B 7830.JPG,early_blight,plantvillage
D:\Potato\IrishPotato37G_full\earlyblt\earlyblt3268.jpg,early_blight,irish
D:\Potato\IrishPotato37G_full\earlyblt\earlyblt6357.jpg,early_blight,irish
D:\Potato\IrishPotato37G_full\healthy\healthy588.jpg,healthy,irish
D:\Potato\IrishPotato37G_full\lateblt\lateblt2847.jpg,late_blight,irish
D:\Potato\IrishPotato37G_full\healthy\healthy4364.jpg,healthy,irish
D:\Potato\IrishPotato37G_full\healthy\healthy2224.jpg,healthy,irish
D:\Potato\IrishPotato37G_full\lateblt\lateblt2042.jpg,late_blight,irish
D:\Potato\IrishPotato37G_full\earlyblt\earlyblt6085.jpg,early_blight,irish
D:\Potato\PlantVillage\Potato___Early_blight\e57ca76e-a4c3-40f2-a673-9f48b3b357ae___RS_Early.B 7539.JPG,early_blight,plantvillage
D:\Potato\non_leaf\coco_person\000000384468.jpg,non_leaf,coco_person
D:\Potato\IrishPotato37G_full\healthy\healthy2110.jpg,healthy,irish
D:\Potato\IrishPotato37G_full\earlyblt\earlyblt128.jpg,early_blight,irish
D:\Potato\IrishPotato37G_full\earlyblt\earlyblt4914.jpg,early_blight,irish
D:\Potato\IrishPotato37G_full\earlyblt\earlyblt1109.jpg,early_blight,irish
D:\Potato\IrishPotato37G_full\lateblt\lateblt2169.jpg,late_blight,irish
D:\Potato\PlantVillage\Potato___Late_blight\b86630ca-89d0-4f83-9942-c1bfcce6b06c___RS_LB 4339.JPG,late_blight,plantvillage
D:\Potato\IrishPotato37G_full\healthy\healthy4819.jpg,healthy,irish
D:\Potato\IrishPotato37G_full\earlyblt\earlyblt3005.jpg,early_blight,irish
D:\Potato\PlantVillage\Potato___Late_blight\c8bfd67e-892e-4502-982a-adba5505be5d___RS_LB 4444.JPG,late_blight,plantvillage
D:\Potato\PlantVillage\Potato___Early_blight\8493b49f-1b73-4d5c-b6f9-ae9a41091643___RS_Early.B 6720.JPG,early_blight,plantvillage
D:\Potato\IrishPotato37G_full\earlyblt\earlyblt6455.jpg,early_blight,irish
D:\Potato\IrishPotato37G_full\healthy\healthy1394.jpg,healthy,irish
D:\Potato\IrishPotato37G_full\healthy\healthy336.jpg,healthy,irish
D:\Potato\IrishPotato37G_full\healthy\healthy4600.jpg,healthy,irish
D:\Potato\IrishPotato37G_full\healthy\healthy4659.jpg,healthy,irish
D:\Potato\IrishPotato37G_full\healthy\healthy3784.jpg,healthy,irish
D:\Potato\IrishPotato37G_full\lateblt\lateblt762.jpg,late_blight,irish
D:\Potato\IrishPotato37G_full\lateblt\lateblt2421.jpg,late_blight,irish
D:\Potato\IrishPotato37G_full\lateblt\lateblt276.jpg,late_blight,irish
D:\Potato\IrishPotato37G_full\lateblt\lateblt2040.jpg,late_blight,irish
D:\Potato\IrishPotato37G_full\earlyblt\earlyblt6612.jpg,early_blight,irish
D:\Potato\IrishPotato37G_full\lateblt\lateblt719.jpg,late_blight,irish
D:\Potato\IrishPotato37G_full\healthy\healthy2021.jpg,healthy,irish
D:\Potato\IrishPotato37G_full\earlyblt\earlyblt173.jpg,early_blight,irish
D:\Potato\IrishPotato37G_full\earlyblt\earlyblt2294.jpg,early_blight,irish
D:\Potato\PlantVillage\Potato___Late_blight\33551627-5824-42b9-9547-4df44590fee1___RS_LB 4848.JPG,late_blight,plantvillage
D:\Potato\non_leaf\coco_person\000000244099.jpg,non_leaf,coco_person
D:\Potato\IrishPotato37G_full\healthy\healthy3592.jpg,healthy,irish
D:\Potato\IrishPotato37G_full\healthy\healthy4212.jpg,healthy,irish
D:\Potato\IrishPotato37G_full\healthy\healthy4043.jpg,healthy,irish
D:\Potato\IrishPotato37G_full\healthy\healthy2003.jpg,healthy,irish
D:\Potato\PlantVillage\Potato___Early_blight\403aa255-393c-43b4-8f68-f68efbf4f5df___RS_Early.B 8544.JPG,early_blight,plantvillage
D:\Potato\PlantVillage\Potato___Late_blight\d7ef98cc-2d20-42ef-983a-5e45805a8ee6___RS_LB 3841.JPG,late_blight,plantvillage
D:\Potato\IrishPotato37G_full\lateblt\lateblt2930.jpg,late_blight,irish
D:\Potato\IrishPotato37G_full\lateblt\lateblt2625.jpg,late_blight,irish
D:\Potato\non_leaf\coco_person\000000048396.jpg,non_leaf,coco_person
D:\Potato\non_leaf\coco_person\000000006763.jpg,non_leaf,coco_person
D:\Potato\non_leaf\coco_person\000000281754.jpg,non_leaf,coco_person
D:\Potato\IrishPotato37G_full\earlyblt\earlyblt3121.jpg,early_blight,irish
D:\Potato\PlantVillage\Potato___Late_blight\ec5974a3-4c73-4129-a372-8ddec73eb246___RS_LB 3034.JPG,late_blight,plantvillage
D:\Potato\IrishPotato37G_full\earlyblt\earlyblt2429.jpg,early_blight,irish
D:\Potato\IrishPotato37G_full\healthy\healthy4693.jpg,healthy,irish
D:\Potato\IrishPotato37G_full\earlyblt\earlyblt4802.jpg,early_blight,irish
D:\Potato\non_leaf\coco_person\000000116068.jpg,non_leaf,coco_person
D:\Potato\IrishPotato37G_full\healthy\healthy2434.jpg,healthy,irish
D:\Potato\IrishPotato37G_full\healthy\healthy5157.jpg,healthy,irish
D:\Potato\IrishPotato37G_full\healthy\healthy4992.jpg,healthy,irish
D:\Potato\IrishPotato37G_full\earlyblt\earlyblt2662.jpg,early_blight,irish
D:\Potato\IrishPotato37G_full\healthy\healthy2079.jpg,healthy,irish
D:\Potato\IrishPotato37G_full\earlyblt\earlyblt6778.jpg,early_blight,irish
D:\Potato\IrishPotato37G_full\healthy\healthy556.jpg,healthy,irish
D:\Potato\PlantVillage\Potato___Early_blight\f56f07b9-9f3a-4c80-a4f8-daf49f479db2___RS_Early.B 8741.JPG,early_blight,plantvillage
D:\Potato\IrishPotato37G_full\lateblt\lateblt584.jpg,late_blight,irish
D:\Potato\IrishPotato37G_full\healthy\healthy4100.jpg,healthy,irish
D:\Potato\IrishPotato37G_full\healthy\healthy3681.jpg,healthy,irish
D:\Potato\IrishPotato37G_full\earlyblt\earlyblt3871.jpg,early_blight,irish
D:\Potato\IrishPotato37G_full\healthy\healthy2955.jpg,healthy,irish
D:\Potato\IrishPotato37G_full\earlyblt\earlyblt246.jpg,early_blight,irish
D:\Potato\IrishPotato37G_full\healthy\healthy2452.jpg,healthy,irish
D:\Potato\IrishPotato37G_full\healthy\healthy5221.jpg,healthy,irish
D:\Potato\IrishPotato37G_full\lateblt\lateblt897.jpg,late_blight,irish
D:\Potato\IrishPotato37G_full\lateblt\lateblt977.jpg,late_blight,irish
D:\Potato\PlantVillage\Potato___Late_blight\2846161c-9ac0-4ef3-b563-aee344dac80d___RS_LB 4851.JPG,late_blight,plantvillage
D:\Potato\IrishPotato37G_full\earlyblt\earlyblt1952.jpg,early_blight,irish
D:\Potato\PlantVillage\Potato___healthy\170f1f57-0fd4-421f-9c82-3b1804be63ad___RS_HL 1771.JPG,healthy,plantvillage
D:\Potato\IrishPotato37G_full\lateblt\lateblt1466.jpg,late_blight,irish
D:\Potato\PlantVillage\Potato___Early_blight\7a04081f-dd48-4a84-b7c1-611a50ae7886___RS_Early.B 8019.JPG,early_blight,plantvillage
D:\Potato\IrishPotato37G_full\earlyblt\earlyblt6681.jpg,early_blight,irish
D:\Potato\IrishPotato37G_full\lateblt\lateblt511.jpg,late_blight,irish
D:\Potato\non_leaf\coco_person\000000062808.jpg,non_leaf,coco_person
D:\Potato\IrishPotato37G_full\healthy\healthy5433.jpg,healthy,irish
D:\Potato\IrishPotato37G_full\lateblt\lateblt2237.jpg,late_blight,irish
D:\Potato\non_leaf\coco_person\000000213547.jpg,non_leaf,coco_person
D:\Potato\IrishPotato37G_full\earlyblt\earlyblt3453.jpg,early_blight,irish
D:\Potato\IrishPotato37G_full\earlyblt\earlyblt1777.jpg,early_blight,irish
D:\Potato\non_leaf\coco_person\000000249786.jpg,non_leaf,coco_person
D:\Potato\IrishPotato37G_full\healthy\healthy173.jpg,healthy,irish
D:\Potato\PlantVillage\Potato___Early_blight\6269c9ec-ef8a-49b5-ab1a-451565529c38___RS_Early.B 7166.JPG,early_blight,plantvillage
D:\Potato\IrishPotato37G_full\lateblt\lateblt104.jpg,late_blight,irish
D:\Potato\IrishPotato37G_full\earlyblt\earlyblt2051.jpg,early_blight,irish
D:\Potato\IrishPotato37G_full\earlyblt\earlyblt1703.jpg,early_blight,irish
D:\Potato\IrishPotato37G_full\lateblt\lateblt5055.jpg,late_blight,irish
D:\Potato\IrishPotato37G_full\healthy\healthy1555.jpg,healthy,irish
D:\Potato\IrishPotato37G_full\lateblt\lateblt2137.jpg,late_blight,irish
D:\Potato\IrishPotato37G_full\healthy\healthy2533.jpg,healthy,irish
D:\Potato\IrishPotato37G_full\lateblt\lateblt2180.jpg,late_blight,irish
D:\Potato\IrishPotato37G_full\healthy\healthy2308.jpg,healthy,irish
D:\Potato\IrishPotato37G_full\lateblt\lateblt1585.jpg,late_blight,irish
D:\Potato\IrishPotato37G_full\lateblt\lateblt152.jpg,late_blight,irish
D:\Potato\IrishPotato37G_full\earlyblt\earlyblt1465.jpg,early_blight,irish
D:\Potato\PlantVillage\Potato___Early_blight\2ebb14eb-0e87-468c-a1cb-80579a77a37a___RS_Early.B 7044.JPG,early_blight,plantvillage
D:\Potato\IrishPotato37G_full\healthy\healthy4847.jpg,healthy,irish
D:\Potato\IrishPotato37G_full\earlyblt\earlyblt3983.jpg,early_blight,irish
D:\Potato\PlantVillage\Potato___Late_blight\b14b93eb-5c1b-4df8-a30f-17afd953e7fc___RS_LB 4101.JPG,late_blight,plantvillage
D:\Potato\IrishPotato37G_full\lateblt\lateblt2010.jpg,late_blight,irish
D:\Potato\IrishPotato37G_full\earlyblt\earlyblt415.jpg,early_blight,irish
D:\Potato\IrishPotato37G_full\earlyblt\earlyblt2572.jpg,early_blight,irish
D:\Potato\IrishPotato37G_full\healthy\healthy4131.jpg,healthy,irish
D:\Potato\IrishPotato37G_full\earlyblt\earlyblt3024.jpg,early_blight,irish
D:\Potato\IrishPotato37G_full\lateblt\lateblt623.jpg,late_blight,irish
D:\Potato\IrishPotato37G_full\earlyblt\earlyblt1499.jpg,early_blight,irish
D:\Potato\non_leaf\coco_person\000000476415.jpg,non_leaf,coco_person
D:\Potato\IrishPotato37G_full\earlyblt\earlyblt2405.jpg,early_blight,irish
D:\Potato\IrishPotato37G_full\lateblt\lateblt179.jpg,late_blight,irish
D:\Potato\IrishPotato37G_full\lateblt\lateblt685.jpg,late_blight,irish
D:\Potato\IrishPotato37G_full\healthy\healthy2901.jpg,healthy,irish
D:\Potato\IrishPotato37G_full\earlyblt\earlyblt6653.jpg,early_blight,irish
D:\Potato\non_leaf\coco_person\000000262895.jpg,non_leaf,coco_person
D:\Potato\IrishPotato37G_full\earlyblt\earlyblt4830.jpg,early_blight,irish
D:\Potato\IrishPotato37G_full\healthy\healthy131.jpg,healthy,irish
D:\Potato\IrishPotato37G_full\healthy\healthy1490.jpg,healthy,irish
D:\Potato\non_leaf\coco_person\000000068409.jpg,non_leaf,coco_person
D:\Potato\IrishPotato37G_full\healthy\healthy2492.jpg,healthy,irish
D:\Potato\IrishPotato37G_full\earlyblt\earlyblt682.jpg,early_blight,irish
D:\Potato\IrishPotato37G_full\lateblt\lateblt629.jpg,late_blight,irish
D:\Potato\non_leaf\coco_person\000000139099.jpg,non_leaf,coco_person
D:\Potato\IrishPotato37G_full\lateblt\lateblt2611.jpg,late_blight,irish
D:\Potato\IrishPotato37G_full\healthy\healthy1343.jpg,healthy,irish
D:\Potato\IrishPotato37G_full\healthy\healthy1282.jpg,healthy,irish
D:\Potato\IrishPotato37G_full\earlyblt\earlyblt7029.jpg,early_blight,irish
D:\Potato\PlantVillage\Potato___Late_blight\5c1c57f6-6aff-4bba-892e-43ff02311c3f___RS_LB 4046.JPG,late_blight,plantvillage
D:\Potato\IrishPotato37G_full\lateblt\lateblt2583.jpg,late_blight,irish
D:\Potato\non_leaf\coco_person\000000174371.jpg,non_leaf,coco_person
D:\Potato\IrishPotato37G_full\healthy\healthy2499.jpg,healthy,irish
D:\Potato\PlantVillage\Potato___Late_blight\2f7b6898-a342-42a5-a0e5-a9f2bad7eaf1___RS_LB 2831.JPG,late_blight,plantvillage
D:\Potato\IrishPotato37G_full\healthy\healthy3435.jpg,healthy,irish
D:\Potato\IrishPotato37G_full\lateblt\lateblt2531.jpg,late_blight,irish
D:\Potato\IrishPotato37G_full\healthy\healthy3088.jpg,healthy,irish
D:\Potato\IrishPotato37G_full\lateblt\lateblt1352.jpg,late_blight,irish
D:\Potato\IrishPotato37G_full\healthy\healthy2262.jpg,healthy,irish
D:\Potato\IrishPotato37G_full\healthy\healthy379.jpg,healthy,irish
D:\Potato\PlantVillage\Potato___Early_blight\56a6692b-15ba-4097-aba1-ba428b6fefcd___RS_Early.B 7899.JPG,early_blight,plantvillage
D:\Potato\IrishPotato37G_full\lateblt\lateblt2682.jpg,late_blight,irish
D:\Potato\non_leaf\coco_person\000000051938.jpg,non_leaf,coco_person
D:\Potato\IrishPotato37G_full\earlyblt\earlyblt648.jpg,early_blight,irish
D:\Potato\IrishPotato37G_full\lateblt\lateblt2082.jpg,late_blight,irish
D:\Potato\IrishPotato37G_full\earlyblt\earlyblt156.jpg,early_blight,irish
D:\Potato\IrishPotato37G_full\lateblt\lateblt2085.jpg,late_blight,irish
D:\Potato\IrishPotato37G_full\earlyblt\earlyblt2585.jpg,early_blight,irish
D:\Potato\IrishPotato37G_full\earlyblt\earlyblt2701.jpg,early_blight,irish
D:\Potato\IrishPotato37G_full\healthy\healthy891.jpg,healthy,irish
D:\Potato\IrishPotato37G_full\earlyblt\earlyblt6696.jpg,early_blight,irish
D:\Potato\PlantVillage\Potato___Early_blight\51d521bb-5800-4f46-8fd0-f6cb09f37989___RS_Early.B 7572.JPG,early_blight,plantvillage
D:\Potato\non_leaf\coco_person\000000193674.jpg,non_leaf,coco_person
D:\Potato\non_leaf\coco_person\000000490171.jpg,non_leaf,coco_person
D:\Potato\IrishPotato37G_full\earlyblt\earlyblt2822.jpg,early_blight,irish
D:\Potato\non_leaf\coco_person\000000563349.jpg,non_leaf,coco_person
D:\Potato\PlantVillage\Potato___Late_blight\94ebce3c-2945-44a4-aa81-1abe8e4beea2___RS_LB 3953.JPG,late_blight,plantvillage
D:\Potato\IrishPotato37G_full\lateblt\lateblt84.jpg,late_blight,irish
D:\Potato\IrishPotato37G_full\earlyblt\earlyblt6491.jpg,early_blight,irish
D:\Potato\PlantVillage\Potato___Early_blight\5cf3cf9d-0f81-4c75-b1d4-2defb49033c4___RS_Early.B 6806.JPG,early_blight,plantvillage
D:\Potato\IrishPotato37G_full\earlyblt\earlyblt216.jpg,early_blight,irish
D:\Potato\IrishPotato37G_full\earlyblt\earlyblt1792.jpg,early_blight,irish
D:\Potato\IrishPotato37G_full\healthy\healthy4407.jpg,healthy,irish
D:\Potato\IrishPotato37G_full\healthy\healthy756.jpg,healthy,irish
D:\Potato\IrishPotato37G_full\lateblt\lateblt809.jpg,late_blight,irish
D:\Potato\IrishPotato37G_full\lateblt\lateblt1972.jpg,late_blight,irish
D:\Potato\IrishPotato37G_full\earlyblt\earlyblt3764.jpg,early_blight,irish
D:\Potato\IrishPotato37G_full\lateblt\lateblt808.jpg,late_blight,irish
D:\Potato\PlantVillage\Potato___Late_blight\2addf5f2-acc5-448c-88a1-fe357d9aa9ac___RS_LB 4736.JPG,late_blight,plantvillage
D:\Potato\PlantVillage\Potato___Late_blight\fb91b663-6a03-4165-8125-afc96e41ab5c___RS_LB 5130.JPG,late_blight,plantvillage
D:\Potato\IrishPotato37G_full\earlyblt\earlyblt1603.jpg,early_blight,irish
D:\Potato\IrishPotato37G_full\lateblt\lateblt184.jpg,late_blight,irish
D:\Potato\IrishPotato37G_full\earlyblt\earlyblt301.jpg,early_blight,irish
D:\Potato\IrishPotato37G_full\lateblt\lateblt1678.jpg,late_blight,irish
D:\Potato\IrishPotato37G_full\lateblt\lateblt1101.jpg,late_blight,irish
D:\Potato\PlantVillage\Potato___Late_blight\6616bc3c-e3be-440d-ac55-ae3bb665e8b4___RS_LB 5071.JPG,late_blight,plantvillage
D:\Potato\PlantVillage\Potato___Early_blight\cff1ed1b-51ec-4d44-ab1f-7a3dc1ec9ea9___RS_Early.B 7100.JPG,early_blight,plantvillage
D:\Potato\IrishPotato37G_full\earlyblt\earlyblt3248.jpg,early_blight,irish
D:\Potato\PlantVillage\Potato___Late_blight\5e8203e5-b699-4d5a-acb5-08a5f06ee984___RS_LB 5291.JPG,late_blight,plantvillage
D:\Potato\IrishPotato37G_full\healthy\healthy2458.jpg,healthy,irish
D:\Potato\IrishPotato37G_full\lateblt\lateblt2832.jpg,late_blight,irish
D:\Potato\IrishPotato37G_full\healthy\healthy5104.jpg,healthy,irish
D:\Potato\IrishPotato37G_full\earlyblt\earlyblt4858.jpg,early_blight,irish
D:\Potato\PlantVillage\Potato___Early_blight\cb5241ed-1a40-488a-9236-64ed07e6ebbf___RS_Early.B 6712.JPG,early_blight,plantvillage
D:\Potato\PlantVillage\Potato___healthy\b61b9d33-59ea-41b0-a554-c382eb6128c5___RS_HL 1919.JPG,healthy,plantvillage
D:\Potato\IrishPotato37G_full\lateblt\lateblt164.jpg,late_blight,irish
D:\Potato\IrishPotato37G_full\lateblt\lateblt546.jpg,late_blight,irish
D:\Potato\IrishPotato37G_full\lateblt\lateblt533.jpg,late_blight,irish
D:\Potato\IrishPotato37G_full\earlyblt\earlyblt6699.jpg,early_blight,irish
D:\Potato\IrishPotato37G_full\earlyblt\earlyblt2601.jpg,early_blight,irish
D:\Potato\non_leaf\coco_person\000000472298.jpg,non_leaf,coco_person
D:\Potato\IrishPotato37G_full\lateblt\lateblt983.jpg,late_blight,irish
D:\Potato\IrishPotato37G_full\earlyblt\earlyblt1055.jpg,early_blight,irish
D:\Potato\IrishPotato37G_full\earlyblt\earlyblt6255.jpg,early_blight,irish
D:\Potato\IrishPotato37G_full\earlyblt\earlyblt1959.jpg,early_blight,irish
D:\Potato\non_leaf\coco_person\000000474039.jpg,non_leaf,coco_person
D:\Potato\IrishPotato37G_full\earlyblt\earlyblt2507.jpg,early_blight,irish
D:\Potato\non_leaf\coco_person\000000461009.jpg,non_leaf,coco_person
D:\Potato\IrishPotato37G_full\lateblt\lateblt2754.jpg,late_blight,irish
D:\Potato\IrishPotato37G_full\healthy\healthy882.jpg,healthy,irish
D:\Potato\IrishPotato37G_full\healthy\healthy5621.jpg,healthy,irish
D:\Potato\IrishPotato37G_full\lateblt\lateblt2204.jpg,late_blight,irish
D:\Potato\PlantVillage\Potato___Early_blight\d435f2db-74fc-4b82-9dd8-9ffdc51650c6___RS_Early.B 9181.JPG,early_blight,plantvillage
D:\Potato\IrishPotato37G_full\healthy\healthy2524.jpg,healthy,irish
D:\Potato\IrishPotato37G_full\earlyblt\earlyblt2002.jpg,early_blight,irish
D:\Potato\IrishPotato37G_full\healthy\healthy2376.jpg,healthy,irish
D:\Potato\PlantVillage\Potato___Early_blight\454203b9-0376-4db3-92ed-047545daa7c6___RS_Early.B 6953.JPG,early_blight,plantvillage
D:\Potato\IrishPotato37G_full\earlyblt\earlyblt6442.jpg,early_blight,irish
D:\Potato\IrishPotato37G_full\earlyblt\earlyblt6413.jpg,early_blight,irish
D:\Potato\IrishPotato37G_full\lateblt\lateblt587.jpg,late_blight,irish
D:\Potato\IrishPotato37G_full\earlyblt\earlyblt2958.jpg,early_blight,irish
D:\Potato\IrishPotato37G_full\lateblt\lateblt2101.jpg,late_blight,irish
D:\Potato\IrishPotato37G_full\lateblt\lateblt2184.jpg,late_blight,irish
D:\Potato\IrishPotato37G_full\earlyblt\earlyblt2272.jpg,early_blight,irish
D:\Potato\IrishPotato37G_full\lateblt\lateblt868.jpg,late_blight,irish
D:\Potato\IrishPotato37G_full\earlyblt\earlyblt2200.jpg,early_blight,irish
D:\Potato\IrishPotato37G_full\earlyblt\earlyblt3989.jpg,early_blight,irish
D:\Potato\non_leaf\coco_person\000000519688.jpg,non_leaf,coco_person
D:\Potato\IrishPotato37G_full\lateblt\lateblt610.jpg,late_blight,irish
D:\Potato\IrishPotato37G_full\lateblt\lateblt2575.jpg,late_blight,irish
D:\Potato\IrishPotato37G_full\healthy\healthy786.jpg,healthy,irish
D:\Potato\IrishPotato37G_full\healthy\healthy2250.jpg,healthy,irish
D:\Potato\IrishPotato37G_full\earlyblt\earlyblt1652.jpg,early_blight,irish
D:\Potato\non_leaf\coco_person\000000406997.jpg,non_leaf,coco_person
D:\Potato\IrishPotato37G_full\healthy\healthy1728.jpg,healthy,irish
D:\Potato\IrishPotato37G_full\healthy\healthy2319.jpg,healthy,irish
D:\Potato\non_leaf\coco_person\000000132544.jpg,non_leaf,coco_person
D:\Potato\PlantVillage\Potato___Early_blight\1a77c047-7ed8-4f02-bfaf-a19e7a67c3dd___RS_Early.B 7076.JPG,early_blight,plantvillage
D:\Potato\IrishPotato37G_full\healthy\healthy3099.jpg,healthy,irish
D:\Potato\non_leaf\coco_person\000000133418.jpg,non_leaf,coco_person
D:\Potato\non_leaf\coco_person\000000406129.jpg,non_leaf,coco_person
D:\Potato\non_leaf\coco_person\000000043314.jpg,non_leaf,coco_person
D:\Potato\PlantVillage\Potato___Early_blight\34b0f33c-be8b-4338-9334-5418a5f84f28___RS_Early.B 7532.JPG,early_blight,plantvillage
D:\Potato\PlantVillage\Potato___Late_blight\b11189c8-ab6f-4d69-9ffa-e52749d2a3a5___RS_LB 4537.JPG,late_blight,plantvillage
D:\Potato\non_leaf\coco_person\000000345361.jpg,non_leaf,coco_person
D:\Potato\IrishPotato37G_full\lateblt\lateblt603.jpg,late_blight,irish
D:\Potato\IrishPotato37G_full\healthy\healthy3113.jpg,healthy,irish
D:\Potato\IrishPotato37G_full\healthy\healthy5626.jpg,healthy,irish
D:\Potato\IrishPotato37G_full\earlyblt\earlyblt1059.jpg,early_blight,irish
D:\Potato\IrishPotato37G_full\lateblt\lateblt2738.jpg,late_blight,irish
D:\Potato\IrishPotato37G_full\lateblt\lateblt299.jpg,late_blight,irish
D:\Potato\IrishPotato37G_full\lateblt\lateblt718.jpg,late_blight,irish
D:\Potato\non_leaf\coco_person\000000492937.jpg,non_leaf,coco_person
D:\Potato\IrishPotato37G_full\lateblt\lateblt2078.jpg,late_blight,irish
D:\Potato\IrishPotato37G_full\healthy\healthy5127.jpg,healthy,irish
D:\Potato\IrishPotato37G_full\earlyblt\earlyblt3895.jpg,early_blight,irish
D:\Potato\IrishPotato37G_full\earlyblt\earlyblt6238.jpg,early_blight,irish
D:\Potato\IrishPotato37G_full\earlyblt\earlyblt776.jpg,early_blight,irish
D:\Potato\IrishPotato37G_full\earlyblt\earlyblt6728.jpg,early_blight,irish
D:\Potato\IrishPotato37G_full\lateblt\lateblt554.jpg,late_blight,irish
D:\Potato\IrishPotato37G_full\earlyblt\earlyblt1980.jpg,early_blight,irish
D:\Potato\IrishPotato37G_full\healthy\healthy5160.jpg,healthy,irish
D:\Potato\PlantVillage\Potato___healthy\a3ec91aa-8503-4711-a912-0d1427e25686___RS_HL 5409.JPG,healthy,plantvillage
D:\Potato\IrishPotato37G_full\lateblt\lateblt2833.jpg,late_blight,irish
D:\Potato\IrishPotato37G_full\healthy\healthy3343.jpg,healthy,irish
D:\Potato\IrishPotato37G_full\healthy\healthy929.jpg,healthy,irish
D:\Potato\IrishPotato37G_full\earlyblt\earlyblt5891.jpg,early_blight,irish
D:\Potato\PlantVillage\Potato___Late_blight\c4263e49-60ed-4f6b-aa78-cc9f3117ce73___RS_LB 4100.JPG,late_blight,plantvillage
D:\Potato\IrishPotato37G_full\lateblt\lateblt2981.jpg,late_blight,irish
D:\Potato\IrishPotato37G_full\lateblt\lateblt1560.jpg,late_blight,irish
D:\Potato\IrishPotato37G_full\lateblt\lateblt1448.jpg,late_blight,irish
D:\Potato\IrishPotato37G_full\healthy\healthy822.jpg,healthy,irish
D:\Potato\IrishPotato37G_full\healthy\healthy1648.jpg,healthy,irish
D:\Potato\IrishPotato37G_full\lateblt\lateblt292.jpg,late_blight,irish
D:\Potato\IrishPotato37G_full\earlyblt\earlyblt1040.jpg,early_blight,irish
D:\Potato\PlantVillage\Potato___Early_blight\cc63b147-ad2a-4bc1-aa05-a07b3c6b7761___RS_Early.B 7091.JPG,early_blight,plantvillage
D:\Potato\IrishPotato37G_full\lateblt\lateblt1901.jpg,late_blight,irish
D:\Potato\IrishPotato37G_full\earlyblt\earlyblt2053.jpg,early_blight,irish
D:\Potato\IrishPotato37G_full\earlyblt\earlyblt2216.jpg,early_blight,irish
D:\Potato\IrishPotato37G_full\lateblt\lateblt2048.jpg,late_blight,irish
D:\Potato\PlantVillage\Potato___Late_blight\6637f5da-44b1-43bc-9678-1f1188f1ed7c___RS_LB 4796.JPG,late_blight,plantvillage
D:\Potato\IrishPotato37G_full\healthy\healthy3776.jpg,healthy,irish
D:\Potato\PlantVillage\Potato___Late_blight\ea5fc080-37a7-4954-ba8c-a5d67b6a0962___RS_LB 2888.JPG,late_blight,plantvillage
D:\Potato\IrishPotato37G_full\lateblt\lateblt2547.jpg,late_blight,irish
D:\Potato\IrishPotato37G_full\lateblt\lateblt2974.jpg,late_blight,irish
D:\Potato\PlantVillage\Potato___Late_blight\b2492a9e-c038-48a7-8524-8f0aca7dc870___RS_LB 4291.JPG,late_blight,plantvillage
D:\Potato\IrishPotato37G_full\healthy\healthy3168.jpg,healthy,irish
D:\Potato\IrishPotato37G_full\earlyblt\earlyblt6427.jpg,early_blight,irish
D:\Potato\IrishPotato37G_full\earlyblt\earlyblt2016.jpg,early_blight,irish
D:\Potato\IrishPotato37G_full\earlyblt\earlyblt3953.jpg,early_blight,irish
D:\Potato\IrishPotato37G_full\healthy\healthy795.jpg,healthy,irish
D:\Potato\non_leaf\coco_person\000000332901.jpg,non_leaf,coco_person
D:\Potato\IrishPotato37G_full\lateblt\lateblt1615.jpg,late_blight,irish
D:\Potato\IrishPotato37G_full\healthy\healthy5499.jpg,healthy,irish
D:\Potato\IrishPotato37G_full\healthy\healthy3561.jpg,healthy,irish
D:\Potato\IrishPotato37G_full\lateblt\lateblt2123.jpg,late_blight,irish
D:\Potato\IrishPotato37G_full\earlyblt\earlyblt2653.jpg,early_blight,irish
D:\Potato\IrishPotato37G_full\healthy\healthy1786.jpg,healthy,irish
D:\Potato\IrishPotato37G_full\healthy\healthy4205.jpg,healthy,irish
D:\Potato\IrishPotato37G_full\lateblt\lateblt1581.jpg,late_blight,irish
D:\Potato\IrishPotato37G_full\healthy\healthy537.jpg,healthy,irish
D:\Potato\PlantVillage\Potato___Late_blight\57462a7c-a8f4-4b99-b312-a8b6e6a0e6f0___RS_LB 5330.JPG,late_blight,plantvillage
D:\Potato\PlantVillage\Potato___Early_blight\e786a4fe-5aa1-4da2-a16f-4ee82c56e317___RS_Early.B 7245.JPG,early_blight,plantvillage
D:\Potato\PlantVillage\Potato___Early_blight\426aeefb-981d-4436-9f92-0fe230bb65fe___RS_Early.B 6977.JPG,early_blight,plantvillage
D:\Potato\IrishPotato37G_full\earlyblt\earlyblt3835.jpg,early_blight,irish
D:\Potato\IrishPotato37G_full\lateblt\lateblt5003.jpg,late_blight,irish
D:\Potato\IrishPotato37G_full\lateblt\lateblt941.jpg,late_blight,irish
D:\Potato\IrishPotato37G_full\earlyblt\earlyblt1711.jpg,early_blight,irish
D:\Potato\IrishPotato37G_full\lateblt\lateblt749.jpg,late_blight,irish
D:\Potato\IrishPotato37G_full\lateblt\lateblt2140.jpg,late_blight,irish
D:\Potato\IrishPotato37G_full\healthy\healthy3500.jpg,healthy,irish
D:\Potato\IrishPotato37G_full\healthy\healthy4187.jpg,healthy,irish
D:\Potato\IrishPotato37G_full\healthy\healthy4016.jpg,healthy,irish
D:\Potato\IrishPotato37G_full\lateblt\lateblt16.jpg,late_blight,irish
D:\Potato\IrishPotato37G_full\lateblt\lateblt2457.jpg,late_blight,irish
D:\Potato\PlantVillage\Potato___Late_blight\1d389389-0585-433a-83c7-30b42db2ca3f___RS_LB 3322.JPG,late_blight,plantvillage
D:\Potato\IrishPotato37G_full\healthy\healthy4121.jpg,healthy,irish
D:\Potato\IrishPotato37G_full\earlyblt\earlyblt2201.jpg,early_blight,irish
D:\Potato\IrishPotato37G_full\lateblt\lateblt53.jpg,late_blight,irish
D:\Potato\IrishPotato37G_full\earlyblt\earlyblt341.jpg,early_blight,irish
D:\Potato\IrishPotato37G_full\earlyblt\earlyblt618.jpg,early_blight,irish
D:\Potato\non_leaf\coco_person\000000080340.jpg,non_leaf,coco_person
D:\Potato\IrishPotato37G_full\lateblt\lateblt192.jpg,late_blight,irish
D:\Potato\IrishPotato37G_full\healthy\healthy2500.jpg,healthy,irish
D:\Potato\IrishPotato37G_full\healthy\healthy3676.jpg,healthy,irish
D:\Potato\PlantVillage\Potato___Early_blight\7a3630ed-a43c-4957-a604-1de05e8e7f32___RS_Early.B 6795.JPG,early_blight,plantvillage
D:\Potato\IrishPotato37G_full\healthy\healthy815.jpg,healthy,irish
D:\Potato\IrishPotato37G_full\healthy\healthy1727.jpg,healthy,irish
D:\Potato\IrishPotato37G_full\healthy\healthy2339.jpg,healthy,irish
D:\Potato\IrishPotato37G_full\earlyblt\earlyblt3809.jpg,early_blight,irish
D:\Potato\IrishPotato37G_full\healthy\healthy2394.jpg,healthy,irish
D:\Potato\IrishPotato37G_full\earlyblt\earlyblt3132.jpg,early_blight,irish
D:\Potato\IrishPotato37G_full\healthy\healthy1552.jpg,healthy,irish
D:\Potato\IrishPotato37G_full\healthy\healthy4498.jpg,healthy,irish
D:\Potato\IrishPotato37G_full\healthy\healthy3429.jpg,healthy,irish
D:\Potato\IrishPotato37G_full\lateblt\lateblt1574.jpg,late_blight,irish
D:\Potato\PlantVillage\Potato___Late_blight\54ed9ec4-c9db-46ff-9a9b-1ebdea084b18___RS_LB 2984.JPG,late_blight,plantvillage
D:\Potato\IrishPotato37G_full\earlyblt\earlyblt3928.jpg,early_blight,irish
D:\Potato\IrishPotato37G_full\lateblt\lateblt1159.jpg,late_blight,irish
D:\Potato\PlantVillage\Potato___Early_blight\853f6d7a-836c-4829-ba2c-2eeada2089cc___RS_Early.B 7208.JPG,early_blight,plantvillage
D:\Potato\IrishPotato37G_full\lateblt\lateblt776.jpg,late_blight,irish
D:\Potato\PlantVillage\Potato___Early_blight\f8de1c8d-67a0-4825-9ad6-e15809ff909c___RS_Early.B 7348.JPG,early_blight,plantvillage
D:\Potato\IrishPotato37G_full\healthy\healthy2361.jpg,healthy,irish
D:\Potato\IrishPotato37G_full\earlyblt\earlyblt2957.jpg,early_blight,irish
D:\Potato\IrishPotato37G_full\lateblt\lateblt121.jpg,late_blight,irish
D:\Potato\IrishPotato37G_full\lateblt\lateblt1527.jpg,late_blight,irish
D:\Potato\IrishPotato37G_full\lateblt\lateblt2825.jpg,late_blight,irish
D:\Potato\IrishPotato37G_full\lateblt\lateblt1350.jpg,late_blight,irish
D:\Potato\PlantVillage\Potato___Late_blight\09287918-9f73-4707-823f-f4331f5114a3___RS_LB 2604.JPG,late_blight,plantvillage
D:\Potato\IrishPotato37G_full\healthy\healthy4249.jpg,healthy,irish
D:\Potato\IrishPotato37G_full\lateblt\lateblt693.jpg,late_blight,irish
D:\Potato\PlantVillage\Potato___Late_blight\87681326-2843-4e63-9042-602b08a98a66___RS_LB 4145.JPG,late_blight,plantvillage
D:\Potato\IrishPotato37G_full\lateblt\lateblt2852.jpg,late_blight,irish
D:\Potato\IrishPotato37G_full\earlyblt\earlyblt1612.jpg,early_blight,irish
D:\Potato\PlantVillage\Potato___Early_blight\f2e7be26-b7d3-4e99-8630-8b1650192b02___RS_Early.B 7275.JPG,early_blight,plantvillage
D:\Potato\IrishPotato37G_full\healthy\healthy524.jpg,healthy,irish
D:\Potato\IrishPotato37G_full\healthy\healthy4274.jpg,healthy,irish
D:\Potato\IrishPotato37G_full\lateblt\lateblt2784.jpg,late_blight,irish
D:\Potato\IrishPotato37G_full\healthy\healthy641.jpg,healthy,irish
D:\Potato\PlantVillage\Potato___Early_blight\37d94308-8783-4657-9ca6-eaca86e1015a___RS_Early.B 7825.JPG,early_blight,plantvillage
D:\Potato\IrishPotato37G_full\lateblt\lateblt548.jpg,late_blight,irish
D:\Potato\IrishPotato37G_full\lateblt\lateblt2041.jpg,late_blight,irish
D:\Potato\non_leaf\coco_person\000000409475.jpg,non_leaf,coco_person
D:\Potato\IrishPotato37G_full\earlyblt\earlyblt2118.jpg,early_blight,irish
D:\Potato\IrishPotato37G_full\lateblt\lateblt701.jpg,late_blight,irish
D:\Potato\IrishPotato37G_full\earlyblt\earlyblt1476.jpg,early_blight,irish
D:\Potato\IrishPotato37G_full\healthy\healthy4981.jpg,healthy,irish
D:\Potato\IrishPotato37G_full\lateblt\lateblt2655.jpg,late_blight,irish
D:\Potato\IrishPotato37G_full\healthy\healthy3507.jpg,healthy,irish
D:\Potato\non_leaf\coco_person\000000458045.jpg,non_leaf,coco_person
D:\Potato\IrishPotato37G_full\lateblt\lateblt2916.jpg,late_blight,irish
D:\Potato\IrishPotato37G_full\earlyblt\earlyblt1511.jpg,early_blight,irish
D:\Potato\IrishPotato37G_full\healthy\healthy776.jpg,healthy,irish
D:\Potato\IrishPotato37G_full\lateblt\lateblt105.jpg,late_blight,irish
D:\Potato\IrishPotato37G_full\earlyblt\earlyblt3783.jpg,early_blight,irish
D:\Potato\IrishPotato37G_full\lateblt\lateblt61.jpg,late_blight,irish
D:\Potato\IrishPotato37G_full\healthy\healthy727.jpg,healthy,irish
D:\Potato\IrishPotato37G_full\healthy\healthy5250.jpg,healthy,irish
D:\Potato\IrishPotato37G_full\earlyblt\earlyblt623.jpg,early_blight,irish
D:\Potato\IrishPotato37G_full\lateblt\lateblt1948.jpg,late_blight,irish
D:\Potato\PlantVillage\Potato___Early_blight\95fba7f6-23a4-4c3c-a2b9-335c5b4c3810___RS_Early.B 7743.JPG,early_blight,plantvillage
D:\Potato\PlantVillage\Potato___Late_blight\8ecb7cf3-9be5-4c3e-9714-2d5987987ad0___RS_LB 5205.JPG,late_blight,plantvillage
D:\Potato\IrishPotato37G_full\earlyblt\earlyblt6457.jpg,early_blight,irish
D:\Potato\IrishPotato37G_full\lateblt\lateblt1931.jpg,late_blight,irish
D:\Potato\IrishPotato37G_full\earlyblt\earlyblt6424.jpg,early_blight,irish
D:\Potato\IrishPotato37G_full\lateblt\lateblt5039.jpg,late_blight,irish
D:\Potato\IrishPotato37G_full\healthy\healthy4890.jpg,healthy,irish
D:\Potato\IrishPotato37G_full\earlyblt\earlyblt6479.jpg,early_blight,irish
D:\Potato\non_leaf\coco_person\000000167067.jpg,non_leaf,coco_person
D:\Potato\IrishPotato37G_full\lateblt\lateblt2663.jpg,late_blight,irish
D:\Potato\IrishPotato37G_full\lateblt\lateblt129.jpg,late_blight,irish
D:\Potato\IrishPotato37G_full\lateblt\lateblt5064.jpg,late_blight,irish
D:\Potato\IrishPotato37G_full\lateblt\lateblt2245.jpg,late_blight,irish
D:\Potato\IrishPotato37G_full\lateblt\lateblt857.jpg,late_blight,irish
D:\Potato\non_leaf\coco_person\000000153229.jpg,non_leaf,coco_person
D:\Potato\IrishPotato37G_full\lateblt\lateblt410.jpg,late_blight,irish
D:\Potato\IrishPotato37G_full\earlyblt\earlyblt6062.jpg,early_blight,irish
D:\Potato\IrishPotato37G_full\healthy\healthy3458.jpg,healthy,irish
D:\Potato\IrishPotato37G_full\earlyblt\earlyblt372.jpg,early_blight,irish
D:\Potato\IrishPotato37G_full\healthy\healthy2488.jpg,healthy,irish
D:\Potato\IrishPotato37G_full\lateblt\lateblt21.jpg,late_blight,irish
D:\Potato\non_leaf\coco_person\000000515350.jpg,non_leaf,coco_person
D:\Potato\IrishPotato37G_full\lateblt\lateblt1939.jpg,late_blight,irish
D:\Potato\IrishPotato37G_full\lateblt\lateblt608.jpg,late_blight,irish
D:\Potato\IrishPotato37G_full\earlyblt\earlyblt6088.jpg,early_blight,irish
D:\Potato\IrishPotato37G_full\earlyblt\earlyblt2997.jpg,early_blight,irish
D:\Potato\IrishPotato37G_full\lateblt\lateblt2252.jpg,late_blight,irish
D:\Potato\PlantVillage\Potato___Early_blight\7c0e4eed-d8e2-410f-a7bf-9f5a1c4a566d___RS_Early.B 8042.JPG,early_blight,plantvillage
D:\Potato\IrishPotato37G_full\lateblt\lateblt833.jpg,late_blight,irish
D:\Potato\IrishPotato37G_full\healthy\healthy2124.jpg,healthy,irish
D:\Potato\IrishPotato37G_full\earlyblt\earlyblt2198.jpg,early_blight,irish
D:\Potato\IrishPotato37G_full\earlyblt\earlyblt2225.jpg,early_blight,irish
D:\Potato\PlantVillage\Potato___Late_blight\e0e15d89-8c3b-43f5-8617-136b720e39cd___RS_LB 2668.JPG,late_blight,plantvillage
D:\Potato\IrishPotato37G_full\earlyblt\earlyblt663.jpg,early_blight,irish
D:\Potato\IrishPotato37G_full\earlyblt\earlyblt942.jpg,early_blight,irish
D:\Potato\IrishPotato37G_full\earlyblt\earlyblt2068.jpg,early_blight,irish
D:\Potato\IrishPotato37G_full\earlyblt\earlyblt6618.jpg,early_blight,irish
D:\Potato\PlantVillage\Potato___Early_blight\7f0c3ad4-67f7-4a6e-81da-5cdbe1c5ff8b___RS_Early.B 8453.JPG,early_blight,plantvillage
D:\Potato\IrishPotato37G_full\lateblt\lateblt1488.jpg,late_blight,irish
D:\Potato\IrishPotato37G_full\lateblt\lateblt1552.jpg,late_blight,irish
D:\Potato\PlantVillage\Potato___Early_blight\758b39d7-12bc-401f-b280-2c8435a02f43___RS_Early.B 6839.JPG,early_blight,plantvillage
D:\Potato\PlantVillage\Potato___Late_blight\b811c2af-734e-4689-aa43-4ab1d4faec32___RS_LB 4719.JPG,late_blight,plantvillage
D:\Potato\PlantVillage\Potato___Early_blight\357426c8-5b7b-4d56-9cb0-13cfaecc219f___RS_Early.B 7326.JPG,early_blight,plantvillage
D:\Potato\IrishPotato37G_full\healthy\healthy4633.jpg,healthy,irish
D:\Potato\PlantVillage\Potato___Late_blight\d105e6d5-4268-4b21-8709-24b894196454___RS_LB 3282.JPG,late_blight,plantvillage
D:\Potato\IrishPotato37G_full\lateblt\lateblt577.jpg,late_blight,irish
D:\Potato\PlantVillage\Potato___Late_blight\cf979c44-abfa-4ed3-865e-ee0c204ba9f0___RS_LB 4662.JPG,late_blight,plantvillage
D:\Potato\IrishPotato37G_full\earlyblt\earlyblt6293.jpg,early_blight,irish
D:\Potato\IrishPotato37G_full\earlyblt\earlyblt1414.jpg,early_blight,irish
D:\Potato\IrishPotato37G_full\healthy\healthy4850.jpg,healthy,irish
D:\Potato\IrishPotato37G_full\healthy\healthy3974.jpg,healthy,irish
D:\Potato\IrishPotato37G_full\healthy\healthy4339.jpg,healthy,irish
D:\Potato\IrishPotato37G_full\lateblt\lateblt672.jpg,late_blight,irish
D:\Potato\PlantVillage\Potato___Late_blight\463e8a94-a7e6-4604-a29c-2187500b2318___RS_LB 4244.JPG,late_blight,plantvillage
D:\Potato\IrishPotato37G_full\earlyblt\earlyblt1417.jpg,early_blight,irish
D:\Potato\IrishPotato37G_full\earlyblt\earlyblt1018.jpg,early_blight,irish
D:\Potato\IrishPotato37G_full\lateblt\lateblt1934.jpg,late_blight,irish
D:\Potato\PlantVillage\Potato___Late_blight\30777af4-cbb4-44bf-946b-f1c5d17704ee___RS_LB 4822.JPG,late_blight,plantvillage
D:\Potato\non_leaf\coco_person\000000036539.jpg,non_leaf,coco_person
D:\Potato\IrishPotato37G_full\healthy\healthy4046.jpg,healthy,irish
D:\Potato\IrishPotato37G_full\healthy\healthy139.jpg,healthy,irish
D:\Potato\IrishPotato37G_full\healthy\healthy2747.jpg,healthy,irish
D:\Potato\IrishPotato37G_full\healthy\healthy2556.jpg,healthy,irish
D:\Potato\IrishPotato37G_full\lateblt\lateblt2653.jpg,late_blight,irish
D:\Potato\IrishPotato37G_full\lateblt\lateblt993.jpg,late_blight,irish
D:\Potato\IrishPotato37G_full\healthy\healthy4952.jpg,healthy,irish
D:\Potato\PlantVillage\Potato___Late_blight\3b241fa8-12f2-4c80-afe2-0a4cdc8f34a1___RS_LB 5138.JPG,late_blight,plantvillage
D:\Potato\IrishPotato37G_full\lateblt\lateblt2708.jpg,late_blight,irish
D:\Potato\IrishPotato37G_full\earlyblt\earlyblt1785.jpg,early_blight,irish
D:\Potato\IrishPotato37G_full\earlyblt\earlyblt6242.jpg,early_blight,irish
D:\Potato\PlantVillage\Potato___Early_blight\f917c191-cca4-4a78-8238-a40b586f9058___RS_Early.B 7945.JPG,early_blight,plantvillage
D:\Potato\IrishPotato37G_full\healthy\healthy1543.jpg,healthy,irish
D:\Potato\IrishPotato37G_full\healthy\healthy3385.jpg,healthy,irish
D:\Potato\IrishPotato37G_full\lateblt\lateblt2532.jpg,late_blight,irish
D:\Potato\IrishPotato37G_full\healthy\healthy3670.jpg,healthy,irish
D:\Potato\non_leaf\coco_person\000000388215.jpg,non_leaf,coco_person
D:\Potato\IrishPotato37G_full\lateblt\lateblt2722.jpg,late_blight,irish
D:\Potato\IrishPotato37G_full\earlyblt\earlyblt2456.jpg,early_blight,irish
D:\Potato\IrishPotato37G_full\earlyblt\earlyblt6763.jpg,early_blight,irish
D:\Potato\IrishPotato37G_full\earlyblt\earlyblt1771.jpg,early_blight,irish
D:\Potato\PlantVillage\Potato___Late_blight\fff55a7e-2f86-4747-8d31-f1fde3c307aa___RS_LB 3081.JPG,late_blight,plantvillage
D:\Potato\PlantVillage\Potato___Early_blight\60418916-8278-448a-af45-21ee8ef60a95___RS_Early.B 7957.JPG,early_blight,plantvillage
D:\Potato\IrishPotato37G_full\healthy\healthy792.jpg,healthy,irish
D:\Potato\IrishPotato37G_full\lateblt\lateblt820.jpg,late_blight,irish
D:\Potato\PlantVillage\Potato___Early_blight\37471260-d7b4-4ccd-901e-974332ef2eb9___RS_Early.B 7967.JPG,early_blight,plantvillage
D:\Potato\IrishPotato37G_full\earlyblt\earlyblt2580.jpg,early_blight,irish
D:\Potato\IrishPotato37G_full\lateblt\lateblt1143.jpg,late_blight,irish
D:\Potato\IrishPotato37G_full\earlyblt\earlyblt1551.jpg,early_blight,irish
D:\Potato\IrishPotato37G_full\lateblt\lateblt2695.jpg,late_blight,irish
D:\Potato\IrishPotato37G_full\lateblt\lateblt1315.jpg,late_blight,irish
D:\Potato\IrishPotato37G_full\lateblt\lateblt540.jpg,late_blight,irish
D:\Potato\IrishPotato37G_full\lateblt\lateblt1983.jpg,late_blight,irish
D:\Potato\IrishPotato37G_full\lateblt\lateblt37.jpg,late_blight,irish
D:\Potato\IrishPotato37G_full\earlyblt\earlyblt2276.jpg,early_blight,irish
D:\Potato\IrishPotato37G_full\lateblt\lateblt1977.jpg,late_blight,irish
D:\Potato\non_leaf\coco_person\000000435205.jpg,non_leaf,coco_person
D:\Potato\IrishPotato37G_full\earlyblt\earlyblt3713.jpg,early_blight,irish
D:\Potato\IrishPotato37G_full\earlyblt\earlyblt3761.jpg,early_blight,irish
D:\Potato\IrishPotato37G_full\healthy\healthy2564.jpg,healthy,irish
D:\Potato\IrishPotato37G_full\healthy\healthy3322.jpg,healthy,irish
D:\Potato\PlantVillage\Potato___Early_blight\f2a56e13-438e-4bef-a3ea-beb9f347d481___RS_Early.B 6691.JPG,early_blight,plantvillage
D:\Potato\IrishPotato37G_full\healthy\healthy1550.jpg,healthy,irish
D:\Potato\PlantVillage\Potato___Early_blight\f89d5362-f38f-4acf-8fca-2ea154c07cce___RS_Early.B 7018.JPG,early_blight,plantvillage
D:\Potato\IrishPotato37G_full\lateblt\lateblt2005.jpg,late_blight,irish
D:\Potato\IrishPotato37G_full\earlyblt\earlyblt6485.jpg,early_blight,irish
D:\Potato\IrishPotato37G_full\lateblt\lateblt2879.jpg,late_blight,irish
D:\Potato\IrishPotato37G_full\lateblt\lateblt894.jpg,late_blight,irish
D:\Potato\non_leaf\coco_person\000000094751.jpg,non_leaf,coco_person
D:\Potato\IrishPotato37G_full\earlyblt\earlyblt708.jpg,early_blight,irish
D:\Potato\non_leaf\coco_person\000000560178.jpg,non_leaf,coco_person
D:\Potato\PlantVillage\Potato___Early_blight\e304fbf5-d145-433c-8f67-7b486581166a___RS_Early.B 7434.JPG,early_blight,plantvillage
D:\Potato\non_leaf\coco_person\000000079588.jpg,non_leaf,coco_person
D:\Potato\PlantVillage\Potato___Early_blight\82611670-959a-401b-8ed0-4b4fdad5679e___RS_Early.B 8003.JPG,early_blight,plantvillage
D:\Potato\IrishPotato37G_full\earlyblt\earlyblt2912.jpg,early_blight,irish
D:\Potato\IrishPotato37G_full\earlyblt\earlyblt2625.jpg,early_blight,irish
D:\Potato\PlantVillage\Potato___Early_blight\daa35c03-7307-4e2e-8b15-f33bfff5a12d___RS_Early.B 7712.JPG,early_blight,plantvillage
D:\Potato\IrishPotato37G_full\healthy\healthy5259.jpg,healthy,irish
D:\Potato\IrishPotato37G_full\earlyblt\earlyblt4960.jpg,early_blight,irish
D:\Potato\IrishPotato37G_full\lateblt\lateblt146.jpg,late_blight,irish
D:\Potato\IrishPotato37G_full\lateblt\lateblt2596.jpg,late_blight,irish
D:\Potato\PlantVillage\Potato___Late_blight\55fa97d3-71b6-4487-9757-f9195f97ba5a___RS_LB 4047.JPG,late_blight,plantvillage
D:\Potato\IrishPotato37G_full\healthy\healthy938.jpg,healthy,irish
D:\Potato\PlantVillage\Potato___Late_blight\9009c86e-1205-4694-b0bb-ef7cf78dd104___RS_LB 3995.JPG,late_blight,plantvillage
D:\Potato\IrishPotato37G_full\healthy\healthy3596.jpg,healthy,irish
D:\Potato\IrishPotato37G_full\lateblt\lateblt1920.jpg,late_blight,irish
D:\Potato\PlantVillage\Potato___Late_blight\2d8cbe58-280e-4c93-9b06-26f4279eb4d8___RS_LB 2855.JPG,late_blight,plantvillage
D:\Potato\non_leaf\coco_person\000000184324.jpg,non_leaf,coco_person
D:\Potato\IrishPotato37G_full\healthy\healthy164.jpg,healthy,irish
D:\Potato\IrishPotato37G_full\earlyblt\earlyblt6361.jpg,early_blight,irish
D:\Potato\IrishPotato37G_full\healthy\healthy3077.jpg,healthy,irish
D:\Potato\IrishPotato37G_full\healthy\healthy570.jpg,healthy,irish
D:\Potato\IrishPotato37G_full\lateblt\lateblt2417.jpg,late_blight,irish
D:\Potato\PlantVillage\Potato___Early_blight\f15637d3-829d-46f9-b45e-1e1768d6b8c9___RS_Early.B 7635.JPG,early_blight,plantvillage
D:\Potato\non_leaf\coco_person\000000039914.jpg,non_leaf,coco_person
D:\Potato\IrishPotato37G_full\lateblt\lateblt2748.jpg,late_blight,irish
D:\Potato\non_leaf\coco_person\000000510095.jpg,non_leaf,coco_person
D:\Potato\PlantVillage\Potato___Late_blight\a33c54fb-6b78-4235-b34e-42f85f6bc5b8___RS_LB 5060.JPG,late_blight,plantvillage
D:\Potato\IrishPotato37G_full\lateblt\lateblt2289.jpg,late_blight,irish
D:\Potato\PlantVillage\Potato___Early_blight\e5c94100-3e1c-4fb1-8b6b-f281b491adff___RS_Early.B 8604.JPG,early_blight,plantvillage
D:\Potato\PlantVillage\Potato___Early_blight\9e092cd4-dcd4-4f9b-a901-48ac13a6deb0___RS_Early.B 8343.JPG,early_blight,plantvillage
D:\Potato\IrishPotato37G_full\lateblt\lateblt935.jpg,late_blight,irish
D:\Potato\IrishPotato37G_full\lateblt\lateblt1633.jpg,late_blight,irish
D:\Potato\PlantVillage\Potato___Early_blight\66c5930d-2169-4ec1-9919-28088d5447f7___RS_Early.B 8822.JPG,early_blight,plantvillage
D:\Potato\IrishPotato37G_full\lateblt\lateblt2779.jpg,late_blight,irish
D:\Potato\PlantVillage\Potato___Early_blight\6bb48ab5-6f0d-4bd8-a3c0-bf2b6d5ed936___RS_Early.B 7281.JPG,early_blight,plantvillage
D:\Potato\IrishPotato37G_full\earlyblt\earlyblt3202.jpg,early_blight,irish
D:\Potato\IrishPotato37G_full\earlyblt\earlyblt6774.jpg,early_blight,irish
D:\Potato\IrishPotato37G_full\lateblt\lateblt1535.jpg,late_blight,irish
D:\Potato\IrishPotato37G_full\lateblt\lateblt2816.jpg,late_blight,irish
D:\Potato\IrishPotato37G_full\healthy\healthy3182.jpg,healthy,irish
D:\Potato\IrishPotato37G_full\earlyblt\earlyblt2422.jpg,early_blight,irish
D:\Potato\IrishPotato37G_full\earlyblt\earlyblt6617.jpg,early_blight,irish
D:\Potato\IrishPotato37G_full\earlyblt\earlyblt1473.jpg,early_blight,irish
D:\Potato\IrishPotato37G_full\healthy\healthy4807.jpg,healthy,irish
D:\Potato\IrishPotato37G_full\healthy\healthy1542.jpg,healthy,irish
D:\Potato\IrishPotato37G_full\lateblt\lateblt832.jpg,late_blight,irish
D:\Potato\IrishPotato37G_full\earlyblt\earlyblt818.jpg,early_blight,irish
D:\Potato\IrishPotato37G_full\earlyblt\earlyblt261.jpg,early_blight,irish
D:\Potato\PlantVillage\Potato___Early_blight\d0221e13-4d76-45e5-9cd1-7cac63833f52___RS_Early.B 7191.JPG,early_blight,plantvillage
D:\Potato\non_leaf\coco_person\000000081594.jpg,non_leaf,coco_person
D:\Potato\IrishPotato37G_full\lateblt\lateblt2917.jpg,late_blight,irish
D:\Potato\IrishPotato37G_full\earlyblt\earlyblt3184.jpg,early_blight,irish
D:\Potato\IrishPotato37G_full\healthy\healthy4335.jpg,healthy,irish
D:\Potato\PlantVillage\Potato___Early_blight\43ddad18-d70a-49d3-97d6-9a5f82ddeecd___RS_Early.B 9069.JPG,early_blight,plantvillage
D:\Potato\IrishPotato37G_full\earlyblt\earlyblt2949.jpg,early_blight,irish
D:\Potato\non_leaf\coco_person\000000158548.jpg,non_leaf,coco_person
D:\Potato\IrishPotato37G_full\lateblt\lateblt2464.jpg,late_blight,irish
D:\Potato\IrishPotato37G_full\earlyblt\earlyblt3048.jpg,early_blight,irish
D:\Potato\IrishPotato37G_full\lateblt\lateblt1940.jpg,late_blight,irish
D:\Potato\IrishPotato37G_full\lateblt\lateblt1917.jpg,late_blight,irish
D:\Potato\IrishPotato37G_full\earlyblt\earlyblt2781.jpg,early_blight,irish
D:\Potato\IrishPotato37G_full\healthy\healthy2007.jpg,healthy,irish
D:\Potato\PlantVillage\Potato___Early_blight\1082eee1-189d-4e0f-96b5-8b1393be4c4c___RS_Early.B 8743.JPG,early_blight,plantvillage
D:\Potato\IrishPotato37G_full\lateblt\lateblt2608.jpg,late_blight,irish
D:\Potato\IrishPotato37G_full\lateblt\lateblt5001.jpg,late_blight,irish
D:\Potato\IrishPotato37G_full\earlyblt\earlyblt6421.jpg,early_blight,irish
D:\Potato\IrishPotato37G_full\healthy\healthy4229.jpg,healthy,irish
D:\Potato\IrishPotato37G_full\healthy\healthy1297.jpg,healthy,irish
D:\Potato\IrishPotato37G_full\lateblt\lateblt1420.jpg,late_blight,irish
D:\Potato\IrishPotato37G_full\earlyblt\earlyblt6601.jpg,early_blight,irish
D:\Potato\IrishPotato37G_full\healthy\healthy610.jpg,healthy,irish
D:\Potato\IrishPotato37G_full\lateblt\lateblt2809.jpg,late_blight,irish
D:\Potato\PlantVillage\Potato___Late_blight\2c33381e-78d8-47fc-8cea-1459164f46d6___RS_LB 4115.JPG,late_blight,plantvillage
D:\Potato\IrishPotato37G_full\earlyblt\earlyblt1164.jpg,early_blight,irish
D:\Potato\IrishPotato37G_full\healthy\healthy1701.jpg,healthy,irish
D:\Potato\IrishPotato37G_full\lateblt\lateblt222.jpg,late_blight,irish
D:\Potato\IrishPotato37G_full\earlyblt\earlyblt3199.jpg,early_blight,irish
D:\Potato\PlantVillage\Potato___Early_blight\e912f95d-d159-47bc-b1ed-f0f08c3c391d___RS_Early.B 8366.JPG,early_blight,plantvillage
D:\Potato\PlantVillage\Potato___Late_blight\ff7160f9-f8d7-4576-82b8-009bf1b63b3b___RS_LB 4974.JPG,late_blight,plantvillage
D:\Potato\IrishPotato37G_full\lateblt\lateblt1970.jpg,late_blight,irish
D:\Potato\IrishPotato37G_full\earlyblt\earlyblt2024.jpg,early_blight,irish
D:\Potato\IrishPotato37G_full\earlyblt\earlyblt4967.jpg,early_blight,irish
D:\Potato\IrishPotato37G_full\earlyblt\earlyblt3841.jpg,early_blight,irish
D:\Potato\IrishPotato37G_full\lateblt\lateblt581.jpg,late_blight,irish
D:\Potato\IrishPotato37G_full\lateblt\lateblt169.jpg,late_blight,irish
D:\Potato\PlantVillage\Potato___Early_blight\dbdf96e5-2f8c-475b-b2dd-40a5862e10f7___RS_Early.B 8017.JPG,early_blight,plantvillage
D:\Potato\IrishPotato37G_full\healthy\healthy2740.jpg,healthy,irish
D:\Potato\non_leaf\coco_person\000000190756.jpg,non_leaf,coco_person
D:\Potato\IrishPotato37G_full\lateblt\lateblt2881.jpg,late_blight,irish
D:\Potato\PlantVillage\Potato___Early_blight\fa8656fd-03b1-467c-a877-99ce5632d580___RS_Early.B 7630.JPG,early_blight,plantvillage
D:\Potato\IrishPotato37G_full\earlyblt\earlyblt2979.jpg,early_blight,irish
D:\Potato\IrishPotato37G_full\earlyblt\earlyblt3085.jpg,early_blight,irish
D:\Potato\IrishPotato37G_full\healthy\healthy3432.jpg,healthy,irish
D:\Potato\IrishPotato37G_full\earlyblt\earlyblt3873.jpg,early_blight,irish
D:\Potato\IrishPotato37G_full\lateblt\lateblt137.jpg,late_blight,irish
D:\Potato\IrishPotato37G_full\earlyblt\earlyblt3438.jpg,early_blight,irish
D:\Potato\IrishPotato37G_full\healthy\healthy3453.jpg,healthy,irish
D:\Potato\PlantVillage\Potato___Late_blight\8bf37a1e-4535-4919-953e-69376f5be48a___RS_LB 2611.JPG,late_blight,plantvillage
D:\Potato\IrishPotato37G_full\earlyblt\earlyblt3054.jpg,early_blight,irish
D:\Potato\IrishPotato37G_full\earlyblt\earlyblt1478.jpg,early_blight,irish
D:\Potato\IrishPotato37G_full\lateblt\lateblt585.jpg,late_blight,irish
D:\Potato\PlantVillage\Potato___Late_blight\4043044d-1e8d-4861-9152-99660fdffa9e___RS_LB 4438.JPG,late_blight,plantvillage
D:\Potato\non_leaf\coco_person\000000450399.jpg,non_leaf,coco_person
D:\Potato\IrishPotato37G_full\lateblt\lateblt2803.jpg,late_blight,irish
D:\Potato\IrishPotato37G_full\lateblt\lateblt755.jpg,late_blight,irish
D:\Potato\IrishPotato37G_full\healthy\healthy3352.jpg,healthy,irish
D:\Potato\IrishPotato37G_full\healthy\healthy4799.jpg,healthy,irish
D:\Potato\PlantVillage\Potato___Late_blight\e71a27b3-20d5-40e8-ad01-4c1942d46654___RS_LB 4085.JPG,late_blight,plantvillage
D:\Potato\IrishPotato37G_full\lateblt\lateblt1417.jpg,late_blight,irish
D:\Potato\IrishPotato37G_full\lateblt\lateblt2486.jpg,late_blight,irish
D:\Potato\IrishPotato37G_full\healthy\healthy1318.jpg,healthy,irish
D:\Potato\IrishPotato37G_full\lateblt\lateblt1409.jpg,late_blight,irish
D:\Potato\PlantVillage\Potato___Early_blight\769b00f1-f5cf-4dee-a2c6-6e97414450f6___RS_Early.B 9149.JPG,early_blight,plantvillage
D:\Potato\IrishPotato37G_full\earlyblt\earlyblt1671.jpg,early_blight,irish
D:\Potato\IrishPotato37G_full\healthy\healthy5281.jpg,healthy,irish
D:\Potato\PlantVillage\Potato___healthy\f0fdde26-78b4-46f0-9eb8-7c2a743d34aa___RS_HL 4165.JPG,healthy,plantvillage
D:\Potato\PlantVillage\Potato___Early_blight\ed270d5d-3523-4bc2-b208-4f5304bbfeef___RS_Early.B 8218.JPG,early_blight,plantvillage
D:\Potato\IrishPotato37G_full\healthy\healthy2027.jpg,healthy,irish
D:\Potato\IrishPotato37G_full\lateblt\lateblt2018.jpg,late_blight,irish
D:\Potato\PlantVillage\Potato___Late_blight\5609c5d1-b66b-4dba-863a-5b3aab384151___RS_LB 3303.JPG,late_blight,plantvillage
D:\Potato\IrishPotato37G_full\earlyblt\earlyblt4716.jpg,early_blight,irish
D:\Potato\IrishPotato37G_full\healthy\healthy4065.jpg,healthy,irish
D:\Potato\IrishPotato37G_full\earlyblt\earlyblt3064.jpg,early_blight,irish
D:\Potato\IrishPotato37G_full\lateblt\lateblt2077.jpg,late_blight,irish
D:\Potato\non_leaf\coco_person\000000407083.jpg,non_leaf,coco_person
D:\Potato\IrishPotato37G_full\healthy\healthy110.jpg,healthy,irish
D:\Potato\non_leaf\coco_person\000000386879.jpg,non_leaf,coco_person
D:\Potato\IrishPotato37G_full\lateblt\lateblt588.jpg,late_blight,irish
D:\Potato\non_leaf\coco_person\000000228942.jpg,non_leaf,coco_person
D:\Potato\IrishPotato37G_full\earlyblt\earlyblt7011.jpg,early_blight,irish
D:\Potato\non_leaf\coco_person\000000142585.jpg,non_leaf,coco_person
D:\Potato\IrishPotato37G_full\healthy\healthy190.jpg,healthy,irish
D:\Potato\PlantVillage\Potato___Late_blight\3f24e6f6-ff9f-4416-9fce-b8153a030de2___RS_LB 2730.JPG,late_blight,plantvillage
D:\Potato\IrishPotato37G_full\lateblt\lateblt528.jpg,late_blight,irish
D:\Potato\IrishPotato37G_full\healthy\healthy4873.jpg,healthy,irish
D:\Potato\IrishPotato37G_full\earlyblt\earlyblt3948.jpg,early_blight,irish
D:\Potato\IrishPotato37G_full\lateblt\lateblt165.jpg,late_blight,irish
D:\Potato\IrishPotato37G_full\earlyblt\earlyblt1454.jpg,early_blight,irish
D:\Potato\IrishPotato37G_full\earlyblt\earlyblt6410.jpg,early_blight,irish
D:\Potato\IrishPotato37G_full\earlyblt\earlyblt6932.jpg,early_blight,irish
D:\Potato\PlantVillage\Potato___Early_blight\eec2262a-d16b-42e1-99bd-6891ef392988___RS_Early.B 7085.JPG,early_blight,plantvillage
D:\Potato\IrishPotato37G_full\earlyblt\earlyblt2113.jpg,early_blight,irish
D:\Potato\non_leaf\coco_person\000000071711.jpg,non_leaf,coco_person
D:\Potato\IrishPotato37G_full\earlyblt\earlyblt1570.jpg,early_blight,irish
D:\Potato\IrishPotato37G_full\healthy\healthy1214.jpg,healthy,irish
D:\Potato\PlantVillage\Potato___Late_blight\c89d5a2a-2c1e-496e-84b8-b7a844a97ac9___RS_LB 4920.JPG,late_blight,plantvillage
D:\Potato\IrishPotato37G_full\earlyblt\earlyblt2756.jpg,early_blight,irish
D:\Potato\IrishPotato37G_full\earlyblt\earlyblt6000.jpg,early_blight,irish
D:\Potato\IrishPotato37G_full\lateblt\lateblt673.jpg,late_blight,irish
D:\Potato\IrishPotato37G_full\healthy\healthy939.jpg,healthy,irish
D:\Potato\IrishPotato37G_full\earlyblt\earlyblt1501.jpg,early_blight,irish
D:\Potato\IrishPotato37G_full\lateblt\lateblt2660.jpg,late_blight,irish
D:\Potato\PlantVillage\Potato___healthy\80bb8697-bfab-449b-b870-e1ed2089df58___RS_HL 1827.JPG,healthy,plantvillage
D:\Potato\IrishPotato37G_full\lateblt\lateblt422.jpg,late_blight,irish
D:\Potato\PlantVillage\Potato___Early_blight\05c35093-11b8-4cd0-b67a-148859754440___RS_Early.B 8939.JPG,early_blight,plantvillage
D:\Potato\IrishPotato37G_full\earlyblt\earlyblt6207.jpg,early_blight,irish
D:\Potato\non_leaf\coco_person\000000489305.jpg,non_leaf,coco_person
D:\Potato\IrishPotato37G_full\lateblt\lateblt2714.jpg,late_blight,irish
D:\Potato\IrishPotato37G_full\healthy\healthy1549.jpg,healthy,irish
D:\Potato\IrishPotato37G_full\lateblt\lateblt2136.jpg,late_blight,irish
D:\Potato\PlantVillage\Potato___Late_blight\36c25644-54cb-405d-abef-700d24652958___RS_LB 2606.JPG,late_blight,plantvillage
D:\Potato\IrishPotato37G_full\lateblt\lateblt2119.jpg,late_blight,irish
D:\Potato\PlantVillage\Potato___Early_blight\13ddd965-db42-4392-9798-fe0ba5ad7928___RS_Early.B 7631.JPG,early_blight,plantvillage
D:\Potato\non_leaf\coco_person\000000180383.jpg,non_leaf,coco_person
D:\Potato\IrishPotato37G_full\lateblt\lateblt1956.jpg,late_blight,irish
D:\Potato\IrishPotato37G_full\lateblt\lateblt2673.jpg,late_blight,irish
D:\Potato\PlantVillage\Potato___Late_blight\a5a6ebeb-2535-441d-acf5-33bce305fa14___RS_LB 3304.JPG,late_blight,plantvillage
D:\Potato\IrishPotato37G_full\healthy\healthy4861.jpg,healthy,irish
D:\Potato\non_leaf\coco_person\000000045090.jpg,non_leaf,coco_person
D:\Potato\PlantVillage\Potato___Early_blight\acff9d5e-4b38-4817-a239-93c115a0b3ff___RS_Early.B 8993.JPG,early_blight,plantvillage
D:\Potato\IrishPotato37G_full\lateblt\lateblt939.jpg,late_blight,irish
D:\Potato\IrishPotato37G_full\lateblt\lateblt2713.jpg,late_blight,irish
D:\Potato\IrishPotato37G_full\earlyblt\earlyblt2179.jpg,early_blight,irish
D:\Potato\IrishPotato37G_full\healthy\healthy4174.jpg,healthy,irish
D:\Potato\IrishPotato37G_full\healthy\healthy3126.jpg,healthy,irish
D:\Potato\IrishPotato37G_full\healthy\healthy18.jpg,healthy,irish
D:\Potato\IrishPotato37G_full\earlyblt\earlyblt1163.jpg,early_blight,irish
D:\Potato\IrishPotato37G_full\lateblt\lateblt497.jpg,late_blight,irish
D:\Potato\IrishPotato37G_full\earlyblt\earlyblt1542.jpg,early_blight,irish
D:\Potato\PlantVillage\Potato___Early_blight\8994b76b-6e1e-42d3-b07c-99abca3fa35b___RS_Early.B 7762.JPG,early_blight,plantvillage
D:\Potato\IrishPotato37G_full\earlyblt\earlyblt711.jpg,early_blight,irish
D:\Potato\IrishPotato37G_full\lateblt\lateblt96.jpg,late_blight,irish
D:\Potato\IrishPotato37G_full\healthy\healthy2041.jpg,healthy,irish
D:\Potato\non_leaf\coco_person\000000363840.jpg,non_leaf,coco_person
D:\Potato\IrishPotato37G_full\healthy\healthy1249.jpg,healthy,irish
D:\Potato\non_leaf\coco_person\000000448410.jpg,non_leaf,coco_person
D:\Potato\IrishPotato37G_full\earlyblt\earlyblt1749.jpg,early_blight,irish
D:\Potato\IrishPotato37G_full\lateblt\lateblt2419.jpg,late_blight,irish
D:\Potato\IrishPotato37G_full\healthy\healthy541.jpg,healthy,irish
D:\Potato\IrishPotato37G_full\earlyblt\earlyblt3112.jpg,early_blight,irish
D:\Potato\IrishPotato37G_full\earlyblt\earlyblt315.jpg,early_blight,irish
D:\Potato\IrishPotato37G_full\lateblt\lateblt5027.jpg,late_blight,irish
D:\Potato\IrishPotato37G_full\healthy\healthy4915.jpg,healthy,irish
D:\Potato\non_leaf\coco_person\000000373705.jpg,non_leaf,coco_person
D:\Potato\non_leaf\coco_person\000000361919.jpg,non_leaf,coco_person
D:\Potato\IrishPotato37G_full\earlyblt\earlyblt6924.jpg,early_blight,irish
D:\Potato\PlantVillage\Potato___healthy\468d3107-f09a-4f0d-8b9d-f08d7c49738f___RS_HL 1747.JPG,healthy,plantvillage
D:\Potato\IrishPotato37G_full\healthy\healthy2591.jpg,healthy,irish
D:\Potato\IrishPotato37G_full\lateblt\lateblt255.jpg,late_blight,irish
D:\Potato\IrishPotato37G_full\healthy\healthy1491.jpg,healthy,irish
D:\Potato\PlantVillage\Potato___Early_blight\98efaa2d-7587-48e8-8c19-4f7483e395cb___RS_Early.B 6982.JPG,early_blight,plantvillage
D:\Potato\IrishPotato37G_full\lateblt\lateblt880.jpg,late_blight,irish
D:\Potato\IrishPotato37G_full\lateblt\lateblt1692.jpg,late_blight,irish
D:\Potato\IrishPotato37G_full\healthy\healthy4762.jpg,healthy,irish
D:\Potato\IrishPotato37G_full\healthy\healthy796.jpg,healthy,irish
D:\Potato\IrishPotato37G_full\earlyblt\earlyblt2175.jpg,early_blight,irish
D:\Potato\PlantVillage\Potato___Early_blight\5dd2be45-9c02-4b82-a7be-ecbac29981a9___RS_Early.B 7947.JPG,early_blight,plantvillage
D:\Potato\IrishPotato37G_full\healthy\healthy5438.jpg,healthy,irish
D:\Potato\PlantVillage\Potato___Early_blight\ca1bc7af-3220-4b45-b76d-8f950128c489___RS_Early.B 7266.JPG,early_blight,plantvillage
D:\Potato\IrishPotato37G_full\lateblt\lateblt2481.jpg,late_blight,irish
D:\Potato\IrishPotato37G_full\lateblt\lateblt2998.jpg,late_blight,irish
D:\Potato\IrishPotato37G_full\healthy\healthy835.jpg,healthy,irish
D:\Potato\IrishPotato37G_full\healthy\healthy3598.jpg,healthy,irish
D:\Potato\PlantVillage\Potato___Late_blight\84559c6d-0589-4d8d-8fc3-a818b067f85c___RS_LB 4608.JPG,late_blight,plantvillage
D:\Potato\IrishPotato37G_full\healthy\healthy2774.jpg,healthy,irish
D:\Potato\IrishPotato37G_full\healthy\healthy4835.jpg,healthy,irish
D:\Potato\IrishPotato37G_full\earlyblt\earlyblt1544.jpg,early_blight,irish
D:\Potato\IrishPotato37G_full\healthy\healthy760.jpg,healthy,irish
D:\Potato\PlantVillage\Potato___Late_blight\6a72ed4a-cdb5-4a50-9a0d-efc119066fd7___RS_LB 2865.JPG,late_blight,plantvillage
D:\Potato\IrishPotato37G_full\lateblt\lateblt1957.jpg,late_blight,irish
D:\Potato\non_leaf\coco_person\000000553776.jpg,non_leaf,coco_person
D:\Potato\IrishPotato37G_full\healthy\healthy1339.jpg,healthy,irish
D:\Potato\IrishPotato37G_full\healthy\healthy3767.jpg,healthy,irish
D:\Potato\IrishPotato37G_full\lateblt\lateblt1981.jpg,late_blight,irish
D:\Potato\IrishPotato37G_full\earlyblt\earlyblt962.jpg,early_blight,irish
D:\Potato\IrishPotato37G_full\healthy\healthy4845.jpg,healthy,irish
D:\Potato\IrishPotato37G_full\earlyblt\earlyblt3026.jpg,early_blight,irish
D:\Potato\non_leaf\coco_person\000000289222.jpg,non_leaf,coco_person
D:\Potato\IrishPotato37G_full\lateblt\lateblt2113.jpg,late_blight,irish
D:\Potato\IrishPotato37G_full\earlyblt\earlyblt2332.jpg,early_blight,irish
D:\Potato\IrishPotato37G_full\healthy\healthy5285.jpg,healthy,irish
D:\Potato\IrishPotato37G_full\lateblt\lateblt291.jpg,late_blight,irish
D:\Potato\IrishPotato37G_full\healthy\healthy4791.jpg,healthy,irish
D:\Potato\IrishPotato37G_full\earlyblt\earlyblt2206.jpg,early_blight,irish
D:\Potato\IrishPotato37G_full\lateblt\lateblt2470.jpg,late_blight,irish
D:\Potato\IrishPotato37G_full\earlyblt\earlyblt4709.jpg,early_blight,irish
D:\Potato\IrishPotato37G_full\earlyblt\earlyblt2546.jpg,early_blight,irish
D:\Potato\non_leaf\coco_person\000000276804.jpg,non_leaf,coco_person
D:\Potato\IrishPotato37G_full\healthy\healthy2209.jpg,healthy,irish
D:\Potato\IrishPotato37G_full\earlyblt\earlyblt717.jpg,early_blight,irish
D:\Potato\IrishPotato37G_full\healthy\healthy4732.jpg,healthy,irish
D:\Potato\IrishPotato37G_full\healthy\healthy5489.jpg,healthy,irish
D:\Potato\IrishPotato37G_full\lateblt\lateblt5008.jpg,late_blight,irish
D:\Potato\PlantVillage\Potato___Early_blight\c17c36ed-c36f-42d4-812d-3b17158063d3___RS_Early.B 8398.JPG,early_blight,plantvillage
D:\Potato\IrishPotato37G_full\earlyblt\earlyblt1753.jpg,early_blight,irish
D:\Potato\IrishPotato37G_full\lateblt\lateblt2087.jpg,late_blight,irish
D:\Potato\IrishPotato37G_full\lateblt\lateblt1317.jpg,late_blight,irish
D:\Potato\PlantVillage\Potato___healthy\8b2ce6b6-f00a-4f25-ac6d-4249dd7dc5f6___RS_HL 1890.JPG,healthy,plantvillage
D:\Potato\PlantVillage\Potato___Early_blight\4b484f0f-82dc-45d1-a5b6-72c8a6a96323___RS_Early.B 7262.JPG,early_blight,plantvillage
D:\Potato\IrishPotato37G_full\earlyblt\earlyblt3900.jpg,early_blight,irish
D:\Potato\IrishPotato37G_full\earlyblt\earlyblt3920.jpg,early_blight,irish
D:\Potato\IrishPotato37G_full\lateblt\lateblt277.jpg,late_blight,irish
D:\Potato\IrishPotato37G_full\earlyblt\earlyblt1943.jpg,early_blight,irish
D:\Potato\IrishPotato37G_full\earlyblt\earlyblt887.jpg,early_blight,irish
D:\Potato\IrishPotato37G_full\healthy\healthy5151.jpg,healthy,irish
D:\Potato\IrishPotato37G_full\earlyblt\earlyblt1981.jpg,early_blight,irish
D:\Potato\IrishPotato37G_full\earlyblt\earlyblt3976.jpg,early_blight,irish
D:\Potato\non_leaf\coco_person\000000361919.jpg,non_leaf,coco_person
D:\Potato\IrishPotato37G_full\healthy\healthy4445.jpg,healthy,irish
D:\Potato\IrishPotato37G_full\healthy\healthy94.jpg,healthy,irish
D:\Potato\IrishPotato37G_full\earlyblt\earlyblt3768.jpg,early_blight,irish
D:\Potato\IrishPotato37G_full\healthy\healthy2395.jpg,healthy,irish
D:\Potato\IrishPotato37G_full\healthy\healthy909.jpg,healthy,irish
D:\Potato\IrishPotato37G_full\healthy\healthy2369.jpg,healthy,irish
D:\Potato\PlantVillage\Potato___Early_blight\d031102c-679d-4323-a5ee-4c52ed2d5740___RS_Early.B 6947.JPG,early_blight,plantvillage
D:\Potato\IrishPotato37G_full\lateblt\lateblt982.jpg,late_blight,irish
D:\Potato\IrishPotato37G_full\lateblt\lateblt2024.jpg,late_blight,irish
D:\Potato\PlantVillage\Potato___Late_blight\53e33b6d-9fc5-441b-b638-3bf067f92a99___RS_LB 2753.JPG,late_blight,plantvillage
D:\Potato\IrishPotato37G_full\healthy\healthy3965.jpg,healthy,irish
D:\Potato\PlantVillage\Potato___Early_blight\08a892eb-19cc-45ea-babc-181b98f89238___RS_Early.B 7367.JPG,early_blight,plantvillage
D:\Potato\IrishPotato37G_full\healthy\healthy5174.jpg,healthy,irish
D:\Potato\IrishPotato37G_full\lateblt\lateblt711.jpg,late_blight,irish
D:\Potato\IrishPotato37G_full\healthy\healthy3179.jpg,healthy,irish
D:\Potato\IrishPotato37G_full\earlyblt\earlyblt734.jpg,early_blight,irish
D:\Potato\IrishPotato37G_full\earlyblt\earlyblt6031.jpg,early_blight,irish
D:\Potato\non_leaf\coco_person\000000434230.jpg,non_leaf,coco_person
D:\Potato\IrishPotato37G_full\earlyblt\earlyblt6432.jpg,early_blight,irish
D:\Potato\IrishPotato37G_full\healthy\healthy4409.jpg,healthy,irish
D:\Potato\IrishPotato37G_full\healthy\healthy704.jpg,healthy,irish
D:\Potato\PlantVillage\Potato___Early_blight\68a9df4a-f803-4cf1-bfce-1a637a2befcc___RS_Early.B 7654.JPG,early_blight,plantvillage
D:\Potato\IrishPotato37G_full\lateblt\lateblt5.jpg,late_blight,irish
D:\Potato\IrishPotato37G_full\lateblt\lateblt51.jpg,late_blight,irish
D:\Potato\PlantVillage\Potato___Late_blight\63dc685e-676c-4c9c-8f83-8f54bc7d6139___RS_LB 4117.JPG,late_blight,plantvillage
D:\Potato\IrishPotato37G_full\earlyblt\earlyblt1574.jpg,early_blight,irish
D:\Potato\IrishPotato37G_full\healthy\healthy517.jpg,healthy,irish
D:\Potato\IrishPotato37G_full\lateblt\lateblt32.jpg,late_blight,irish
D:\Potato\IrishPotato37G_full\lateblt\lateblt1680.jpg,late_blight,irish
D:\Potato\IrishPotato37G_full\lateblt\lateblt2839.jpg,late_blight,irish
D:\Potato\IrishPotato37G_full\earlyblt\earlyblt6205.jpg,early_blight,irish
D:\Potato\IrishPotato37G_full\lateblt\lateblt68.jpg,late_blight,irish
D:\Potato\IrishPotato37G_full\earlyblt\earlyblt2614.jpg,early_blight,irish
D:\Potato\IrishPotato37G_full\healthy\healthy3082.jpg,healthy,irish
D:\Potato\IrishPotato37G_full\lateblt\lateblt2164.jpg,late_blight,irish
D:\Potato\IrishPotato37G_full\earlyblt\earlyblt6744.jpg,early_blight,irish
D:\Potato\IrishPotato37G_full\earlyblt\earlyblt6033.jpg,early_blight,irish
D:\Potato\IrishPotato37G_full\lateblt\lateblt2651.jpg,late_blight,irish
D:\Potato\IrishPotato37G_full\earlyblt\earlyblt6486.jpg,early_blight,irish
D:\Potato\PlantVillage\Potato___Late_blight\7ce28b45-467c-4962-a030-f621b4bc76a8___RS_LB 2644.JPG,late_blight,plantvillage
D:\Potato\PlantVillage\Potato___Early_blight\2ec0f91e-b8a4-4aeb-9e08-8bd32b492487___RS_Early.B 7502.JPG,early_blight,plantvillage
D:\Potato\IrishPotato37G_full\earlyblt\earlyblt2944.jpg,early_blight,irish
D:\Potato\PlantVillage\Potato___Late_blight\aec94baf-a0e8-43af-80af-4bab46d84ad8___RS_LB 5100.JPG,late_blight,plantvillage
D:\Potato\IrishPotato37G_full\lateblt\lateblt2488.jpg,late_blight,irish
D:\Potato\IrishPotato37G_full\healthy\healthy2465.jpg,healthy,irish
D:\Potato\IrishPotato37G_full\lateblt\lateblt2988.jpg,late_blight,irish
D:\Potato\PlantVillage\Potato___healthy\c3caa84b-6078-4489-80ac-919d92d25ff7___RS_HL 1772.JPG,healthy,plantvillage
D:\Potato\IrishPotato37G_full\earlyblt\earlyblt2693.jpg,early_blight,irish
D:\Potato\IrishPotato37G_full\lateblt\lateblt2075.jpg,late_blight,irish
D:\Potato\IrishPotato37G_full\healthy\healthy3047.jpg,healthy,irish
D:\Potato\PlantVillage\Potato___healthy\0b3e5032-8ae8-49ac-8157-a1cac3df01dd___RS_HL 1817.JPG,healthy,plantvillage
D:\Potato\IrishPotato37G_full\earlyblt\earlyblt6905.jpg,early_blight,irish
D:\Potato\IrishPotato37G_full\healthy\healthy2545.jpg,healthy,irish
D:\Potato\IrishPotato37G_full\healthy\healthy4827.jpg,healthy,irish
D:\Potato\IrishPotato37G_full\healthy\healthy4754.jpg,healthy,irish
D:\Potato\IrishPotato37G_full\healthy\healthy4756.jpg,healthy,irish
D:\Potato\IrishPotato37G_full\healthy\healthy605.jpg,healthy,irish
D:\Potato\IrishPotato37G_full\lateblt\lateblt1525.jpg,late_blight,irish
D:\Potato\non_leaf\coco_person\000000255749.jpg,non_leaf,coco_person
D:\Potato\IrishPotato37G_full\lateblt\lateblt2405.jpg,late_blight,irish
D:\Potato\IrishPotato37G_full\earlyblt\earlyblt2343.jpg,early_blight,irish
D:\Potato\IrishPotato37G_full\healthy\healthy4977.jpg,healthy,irish
D:\Potato\IrishPotato37G_full\healthy\healthy3798.jpg,healthy,irish
D:\Potato\IrishPotato37G_full\earlyblt\earlyblt3086.jpg,early_blight,irish
D:\Potato\non_leaf\coco_person\000000540932.jpg,non_leaf,coco_person
D:\Potato\PlantVillage\Potato___Late_blight\cf336796-9b96-4156-adc4-6fbeaebf2a6a___RS_LB 3207.JPG,late_blight,plantvillage
D:\Potato\IrishPotato37G_full\earlyblt\earlyblt1649.jpg,early_blight,irish
D:\Potato\IrishPotato37G_full\healthy\healthy1493.jpg,healthy,irish
D:\Potato\IrishPotato37G_full\healthy\healthy1612.jpg,healthy,irish
D:\Potato\PlantVillage\Potato___Early_blight\e9f9e200-b7ff-4a59-af32-b4faf3f27b17___RS_Early.B 8028.JPG,early_blight,plantvillage
D:\Potato\IrishPotato37G_full\earlyblt\earlyblt2094.jpg,early_blight,irish
D:\Potato\IrishPotato37G_full\earlyblt\earlyblt7026.jpg,early_blight,irish
D:\Potato\IrishPotato37G_full\healthy\healthy5165.jpg,healthy,irish
D:\Potato\IrishPotato37G_full\earlyblt\earlyblt139.jpg,early_blight,irish
D:\Potato\PlantVillage\Potato___Late_blight\fc9b06c8-7c63-445d-9858-a5a0c7be719b___RS_LB 3273.JPG,late_blight,plantvillage
D:\Potato\IrishPotato37G_full\earlyblt\earlyblt3556.jpg,early_blight,irish
