filepath,label,source
D:\Potato\IrishPotato37G\lateblt\Lateblt95.jpg,late_blight,irish
D:\Potato\IrishPotato37G\healthy\healthy2353.jpg,healthy,irish
D:\Potato\IrishPotato37G\earlyblt\Earlyblt4758.JPG,early_blight,irish
D:\Potato\IrishPotato37G\healthy\healthy2732.jpg,healthy,irish
D:\Potato\IrishPotato37G\healthy\healthy3575.jpg,healthy,irish
D:\Potato\IrishPotato37G\healthy\healthy1455.jpg,healthy,irish
D:\Potato\IrishPotato37G\earlyblt\Earlyblt1225.JPG,early_blight,irish
D:\Potato\IrishPotato37G\lateblt\Lateblt2301.jpg,late_blight,irish
D:\Potato\IrishPotato37G\earlyblt\Earlyblt1168.JPG,early_blight,irish
D:\Potato\IrishPotato37G\earlyblt\Earlyblt2983.JPG,early_blight,irish
D:\Potato\IrishPotato37G\lateblt\Lateblt2598.jpg,late_blight,irish
D:\Potato\IrishPotato37G\lateblt\Lateblt424.jpg,late_blight,irish
D:\Potato\IrishPotato37G\healthy\healthy5389.jpg,healthy,irish
D:\Potato\IrishPotato37G\earlyblt\Earlyblt2029.JPG,early_blight,irish
D:\Potato\IrishPotato37G\lateblt\Lateblt307.jpg,late_blight,irish
D:\Potato\IrishPotato37G\lateblt\Lateblt2856.jpg,late_blight,irish
D:\Potato\IrishPotato37G\lateblt\Lateblt1498.jpg,late_blight,irish
D:\Potato\IrishPotato37G\earlyblt\Earlyblt2657.JPG,early_blight,irish
D:\Potato\IrishPotato37G\earlyblt\Earlyblt5966.JPG,early_blight,irish
D:\Potato\IrishPotato37G\earlyblt\Earlyblt2309.JPG,early_blight,irish
D:\Potato\IrishPotato37G\lateblt\Lateblt871.jpg,late_blight,irish
D:\Potato\IrishPotato37G\healthy\healthy1229.jpg,healthy,irish
D:\Potato\IrishPotato37G\lateblt\Lateblt672.jpg,late_blight,irish
D:\Potato\IrishPotato37G\lateblt\Lateblt2548.jpg,late_blight,irish
D:\Potato\IrishPotato37G\earlyblt\Earlyblt4938.jpg,early_blight,irish
D:\Potato\IrishPotato37G\earlyblt\Earlyblt2349.JPG,early_blight,irish
D:\Potato\IrishPotato37G\lateblt\Lateblt384.jpg,late_blight,irish
D:\Potato\IrishPotato37G\healthy\healthy1672.jpg,healthy,irish
D:\Potato\IrishPotato37G\earlyblt\Earlyblt2467.JPG,early_blight,irish
D:\Potato\IrishPotato37G\lateblt\Lateblt957.jpg,late_blight,irish
D:\Potato\IrishPotato37G\earlyblt\Earlyblt4860.jpg,early_blight,irish
D:\Potato\IrishPotato37G\healthy\healthy5626.jpg,healthy,irish
D:\Potato\IrishPotato37G\healthy\healthy4192.jpg,healthy,irish
D:\Potato\IrishPotato37G\lateblt\Lateblt2619.jpg,late_blight,irish
D:\Potato\IrishPotato37G\lateblt\Lateblt2052.jpg,late_blight,irish
D:\Potato\IrishPotato37G\lateblt\Lateblt571.jpg,late_blight,irish
D:\Potato\IrishPotato37G\earlyblt\Earlyblt1869.JPG,early_blight,irish
D:\Potato\IrishPotato37G\earlyblt\Earlyblt1430.JPG,early_blight,irish
D:\Potato\IrishPotato37G\healthy\healthy4068.jpg,healthy,irish
D:\Potato\IrishPotato37G\healthy\healthy5078.jpg,healthy,irish
D:\Potato\IrishPotato37G\earlyblt\Earlyblt90.JPG,early_blight,irish
D:\Potato\IrishPotato37G\earlyblt\Earlyblt2204.JPG,early_blight,irish
D:\Potato\IrishPotato37G\lateblt\Lateblt2151.jpg,late_blight,irish
D:\Potato\IrishPotato37G\earlyblt\Earlyblt6671.jpg,early_blight,irish
D:\Potato\IrishPotato37G\healthy\healthy2449.jpg,healthy,irish
D:\Potato\IrishPotato37G\earlyblt\Earlyblt3250.jpg,early_blight,irish
D:\Potato\IrishPotato37G\earlyblt\Earlyblt798.JPG,early_blight,irish
D:\Potato\IrishPotato37G\healthy\healthy3739.jpg,healthy,irish
D:\Potato\IrishPotato37G\lateblt\Lateblt1459.jpg,late_blight,irish
D:\Potato\IrishPotato37G\healthy\healthy4418.jpg,healthy,irish
D:\Potato\IrishPotato37G\healthy\healthy4182.jpg,healthy,irish
D:\Potato\IrishPotato37G\healthy\healthy122.jpg,healthy,irish
D:\Potato\IrishPotato37G\lateblt\Lateblt103.jpg,late_blight,irish
D:\Potato\IrishPotato37G\healthy\healthy4708.jpg,healthy,irish
D:\Potato\IrishPotato37G\earlyblt\Earlyblt6493.JPG,early_blight,irish
D:\Potato\IrishPotato37G\lateblt\Lateblt1278.jpg,late_blight,irish
D:\Potato\IrishPotato37G\earlyblt\Earlyblt1898.JPG,early_blight,irish
D:\Potato\IrishPotato37G\healthy\healthy503.jpg,healthy,irish
D:\Potato\IrishPotato37G\lateblt\Lateblt131.jpg,late_blight,irish
D:\Potato\IrishPotato37G\healthy\healthy4525.jpg,healthy,irish
D:\Potato\IrishPotato37G\earlyblt\Earlyblt2581.JPG,early_blight,irish
D:\Potato\IrishPotato37G\lateblt\Lateblt49.jpg,late_blight,irish
D:\Potato\IrishPotato37G\lateblt\Lateblt259.jpg,late_blight,irish
D:\Potato\IrishPotato37G\earlyblt\Earlyblt3059.JPG,early_blight,irish
D:\Potato\IrishPotato37G\lateblt\Lateblt1635.jpg,late_blight,irish
D:\Potato\IrishPotato37G\lateblt\Lateblt2584.jpg,late_blight,irish
D:\Potato\IrishPotato37G\lateblt\Lateblt16.jpg,late_blight,irish
D:\Potato\IrishPotato37G\earlyblt\Earlyblt736.JPG,early_blight,irish
D:\Potato\IrishPotato37G\earlyblt\Earlyblt6096.jpg,early_blight,irish
D:\Potato\IrishPotato37G\healthy\healthy628.jpg,healthy,irish
D:\Potato\IrishPotato37G\healthy\healthy2337.jpg,healthy,irish
D:\Potato\IrishPotato37G\healthy\healthy3921.jpg,healthy,irish
D:\Potato\IrishPotato37G\lateblt\Lateblt104.jpg,late_blight,irish
D:\Potato\IrishPotato37G\earlyblt\Earlyblt4943.jpg,early_blight,irish
D:\Potato\IrishPotato37G\healthy\healthy3733.jpg,healthy,irish
D:\Potato\IrishPotato37G\earlyblt\Earlyblt778.JPG,early_blight,irish
D:\Potato\IrishPotato37G\lateblt\Lateblt1845.jpg,late_blight,irish
D:\Potato\IrishPotato37G\healthy\healthy35.jpg,healthy,irish
D:\Potato\IrishPotato37G\healthy\healthy1963.jpg,healthy,irish
D:\Potato\IrishPotato37G\earlyblt\Earlyblt1085.JPG,early_blight,irish
D:\Potato\IrishPotato37G\healthy\healthy203.jpg,healthy,irish
D:\Potato\IrishPotato37G\earlyblt\Earlyblt317.JPG,early_blight,irish
D:\Potato\IrishPotato37G\healthy\healthy3920.jpg,healthy,irish
D:\Potato\IrishPotato37G\earlyblt\Earlyblt738.JPG,early_blight,irish
D:\Potato\IrishPotato37G\healthy\healthy896.jpg,healthy,irish
D:\Potato\IrishPotato37G\lateblt\Lateblt705.jpg,late_blight,irish
D:\Potato\IrishPotato37G\earlyblt\Earlyblt1631.JPG,early_blight,irish
D:\Potato\IrishPotato37G\lateblt\Lateblt443.jpg,late_blight,irish
D:\Potato\IrishPotato37G\lateblt\Lateblt151.jpg,late_blight,irish
D:\Potato\IrishPotato37G\healthy\healthy850.jpg,healthy,irish
D:\Potato\IrishPotato37G\healthy\healthy4931.jpg,healthy,irish
D:\Potato\IrishPotato37G\earlyblt\Earlyblt6116.jpg,early_blight,irish
D:\Potato\IrishPotato37G\lateblt\Lateblt832.jpg,late_blight,irish
D:\Potato\IrishPotato37G\earlyblt\Earlyblt1382.JPG,early_blight,irish
D:\Potato\IrishPotato37G\earlyblt\Earlyblt1965.JPG,early_blight,irish
D:\Potato\IrishPotato37G\healthy\healthy588.jpg,healthy,irish
D:\Potato\IrishPotato37G\earlyblt\Earlyblt1821.JPG,early_blight,irish
D:\Potato\IrishPotato37G\earlyblt\Earlyblt6588.jpg,early_blight,irish
D:\Potato\IrishPotato37G\earlyblt\Earlyblt1151.JPG,early_blight,irish
D:\Potato\IrishPotato37G\earlyblt\Earlyblt6203.jpg,early_blight,irish
D:\Potato\IrishPotato37G\earlyblt\Earlyblt1289.JPG,early_blight,irish
D:\Potato\IrishPotato37G\healthy\healthy5380.jpg,healthy,irish
D:\Potato\IrishPotato37G\healthy\healthy307.jpg,healthy,irish
D:\Potato\IrishPotato37G\earlyblt\Earlyblt2934.JPG,early_blight,irish
D:\Potato\IrishPotato37G\lateblt\Lateblt213.jpg,late_blight,irish
D:\Potato\IrishPotato37G\healthy\healthy3196.jpg,healthy,irish
D:\Potato\IrishPotato37G\healthy\healthy1908.jpg,healthy,irish
D:\Potato\IrishPotato37G\lateblt\Lateblt2593.jpg,late_blight,irish
D:\Potato\IrishPotato37G\healthy\healthy753.jpg,healthy,irish
D:\Potato\IrishPotato37G\earlyblt\Earlyblt466.JPG,early_blight,irish
D:\Potato\IrishPotato37G\lateblt\Lateblt1390.jpg,late_blight,irish
D:\Potato\IrishPotato37G\lateblt\Lateblt390.jpg,late_blight,irish
D:\Potato\IrishPotato37G\earlyblt\Earlyblt3633.jpg,early_blight,irish
D:\Potato\IrishPotato37G\lateblt\Lateblt813.jpg,late_blight,irish
D:\Potato\IrishPotato37G\healthy\healthy2876.jpg,healthy,irish
D:\Potato\IrishPotato37G\earlyblt\Earlyblt6159.JPG,early_blight,irish
D:\Potato\IrishPotato37G\earlyblt\Earlyblt2942.JPG,early_blight,irish
D:\Potato\IrishPotato37G\lateblt\Lateblt648.jpg,late_blight,irish
D:\Potato\IrishPotato37G\earlyblt\Earlyblt1161.JPG,early_blight,irish
D:\Potato\IrishPotato37G\lateblt\Lateblt1320.jpg,late_blight,irish
D:\Potato\IrishPotato37G\earlyblt\Earlyblt1796.JPG,early_blight,irish
D:\Potato\IrishPotato37G\healthy\healthy5111.jpg,healthy,irish
D:\Potato\IrishPotato37G\healthy\healthy1125.jpg,healthy,irish
D:\Potato\IrishPotato37G\healthy\healthy1812.jpg,healthy,irish
D:\Potato\IrishPotato37G\lateblt\Lateblt150.jpg,late_blight,irish
D:\Potato\IrishPotato37G\earlyblt\Earlyblt3237.jpg,early_blight,irish
D:\Potato\IrishPotato37G\healthy\healthy1208.jpg,healthy,irish
D:\Potato\IrishPotato37G\earlyblt\Earlyblt82.JPG,early_blight,irish
D:\Potato\IrishPotato37G\lateblt\Lateblt430.jpg,late_blight,irish
D:\Potato\IrishPotato37G\healthy\healthy4350.jpg,healthy,irish
D:\Potato\IrishPotato37G\lateblt\Lateblt1441.jpg,late_blight,irish
D:\Potato\IrishPotato37G\earlyblt\Earlyblt4957.jpg,early_blight,irish
D:\Potato\IrishPotato37G\earlyblt\Earlyblt6827.JPG,early_blight,irish
D:\Potato\IrishPotato37G\healthy\healthy3479.jpg,healthy,irish
D:\Potato\IrishPotato37G\earlyblt\Earlyblt136.JPG,early_blight,irish
D:\Potato\IrishPotato37G\earlyblt\Earlyblt1505.JPG,early_blight,irish
D:\Potato\IrishPotato37G\lateblt\Lateblt1371.jpg,late_blight,irish
D:\Potato\IrishPotato37G\lateblt\Lateblt181.jpg,late_blight,irish
D:\Potato\IrishPotato37G\lateblt\Lateblt729.jpg,late_blight,irish
D:\Potato\IrishPotato37G\earlyblt\Earlyblt6062.jpg,early_blight,irish
D:\Potato\IrishPotato37G\earlyblt\Earlyblt1385.JPG,early_blight,irish
D:\Potato\IrishPotato37G\earlyblt\Earlyblt2685.JPG,early_blight,irish
D:\Potato\IrishPotato37G\healthy\healthy4975.jpg,healthy,irish
D:\Potato\IrishPotato37G\earlyblt\Earlyblt6627.jpg,early_blight,irish
D:\Potato\IrishPotato37G\earlyblt\Earlyblt4869.jpg,early_blight,irish
D:\Potato\IrishPotato37G\earlyblt\Earlyblt2593.JPG,early_blight,irish
D:\Potato\IrishPotato37G\earlyblt\Earlyblt3983.jpg,early_blight,irish
D:\Potato\IrishPotato37G\lateblt\Lateblt858.jpg,late_blight,irish
D:\Potato\IrishPotato37G\lateblt\Lateblt1750.jpg,late_blight,irish
D:\Potato\IrishPotato37G\earlyblt\Earlyblt3673.jpg,early_blight,irish
D:\Potato\IrishPotato37G\earlyblt\Earlyblt3262.jpg,early_blight,irish
D:\Potato\IrishPotato37G\healthy\healthy762.jpg,healthy,irish
D:\Potato\IrishPotato37G\lateblt\Lateblt2366_1.jpg,late_blight,irish
D:\Potato\IrishPotato37G\earlyblt\Earlyblt3925.jpg,early_blight,irish
D:\Potato\IrishPotato37G\lateblt\Lateblt1352.jpg,late_blight,irish
D:\Potato\IrishPotato37G\lateblt\Lateblt1823.jpg,late_blight,irish
D:\Potato\IrishPotato37G\lateblt\Lateblt594.jpg,late_blight,irish
D:\Potato\IrishPotato37G\healthy\healthy504.jpg,healthy,irish
D:\Potato\IrishPotato37G\lateblt\Lateblt1783.jpg,late_blight,irish
D:\Potato\IrishPotato37G\lateblt\Lateblt1926.jpg,late_blight,irish
D:\Potato\IrishPotato37G\lateblt\Lateblt1749.jpg,late_blight,irish
D:\Potato\IrishPotato37G\healthy\healthy3441.jpg,healthy,irish
D:\Potato\IrishPotato37G\lateblt\Lateblt2498.jpg,late_blight,irish
D:\Potato\IrishPotato37G\lateblt\Lateblt329.jpg,late_blight,irish
D:\Potato\IrishPotato37G\healthy\healthy3445.jpg,healthy,irish
D:\Potato\IrishPotato37G\lateblt\Lateblt2253.jpg,late_blight,irish
D:\Potato\IrishPotato37G\healthy\healthy238.jpg,healthy,irish
D:\Potato\IrishPotato37G\healthy\healthy185.jpg,healthy,irish
D:\Potato\IrishPotato37G\lateblt\Lateblt2546.jpg,late_blight,irish
D:\Potato\IrishPotato37G\earlyblt\Earlyblt547.JPG,early_blight,irish
D:\Potato\IrishPotato37G\healthy\healthy1095.jpg,healthy,irish
D:\Potato\IrishPotato37G\lateblt\Lateblt1764.jpg,late_blight,irish
D:\Potato\IrishPotato37G\earlyblt\Earlyblt7023.JPG,early_blight,irish
D:\Potato\IrishPotato37G\earlyblt\Earlyblt849.JPG,early_blight,irish
D:\Potato\IrishPotato37G\lateblt\Lateblt2364_1.jpg,late_blight,irish
D:\Potato\IrishPotato37G\earlyblt\Earlyblt6941.JPG,early_blight,irish
D:\Potato\IrishPotato37G\lateblt\Lateblt2803.jpg,late_blight,irish
D:\Potato\IrishPotato37G\lateblt\Lateblt1766.jpg,late_blight,irish
D:\Potato\IrishPotato37G\lateblt\Lateblt2799.jpg,late_blight,irish
D:\Potato\IrishPotato37G\lateblt\Lateblt2134.jpg,late_blight,irish
D:\Potato\IrishPotato37G\earlyblt\Earlyblt140.JPG,early_blight,irish
D:\Potato\IrishPotato37G\healthy\healthy3598.jpg,healthy,irish
D:\Potato\IrishPotato37G\healthy\healthy655.jpg,healthy,irish
D:\Potato\IrishPotato37G\lateblt\Lateblt1207.jpg,late_blight,irish
D:\Potato\IrishPotato37G\lateblt\Lateblt67.jpg,late_blight,irish
D:\Potato\IrishPotato37G\earlyblt\Earlyblt3248.jpg,early_blight,irish
D:\Potato\IrishPotato37G\earlyblt\Earlyblt3567.jpg,early_blight,irish
D:\Potato\IrishPotato37G\healthy\healthy1453.jpg,healthy,irish
D:\Potato\IrishPotato37G\healthy\healthy1247.jpg,healthy,irish
D:\Potato\IrishPotato37G\healthy\healthy4658.jpg,healthy,irish
D:\Potato\IrishPotato37G\earlyblt\Earlyblt1972.JPG,early_blight,irish
D:\Potato\IrishPotato37G\healthy\healthy533.jpg,healthy,irish
D:\Potato\IrishPotato37G\earlyblt\Earlyblt6117.JPG,early_blight,irish
D:\Potato\IrishPotato37G\earlyblt\Earlyblt507.JPG,early_blight,irish
D:\Potato\IrishPotato37G\healthy\healthy1464.jpg,healthy,irish
D:\Potato\IrishPotato37G\healthy\healthy4326.jpg,healthy,irish
D:\Potato\IrishPotato37G\lateblt\Lateblt1528.jpg,late_blight,irish
D:\Potato\IrishPotato37G\lateblt\Lateblt1093.jpg,late_blight,irish
D:\Potato\IrishPotato37G\healthy\healthy2308.jpg,healthy,irish
D:\Potato\IrishPotato37G\healthy\healthy2569.jpg,healthy,irish
D:\Potato\IrishPotato37G\lateblt\Lateblt2344_1.jpg,late_blight,irish
D:\Potato\IrishPotato37G\lateblt\Lateblt1052.jpg,late_blight,irish
D:\Potato\IrishPotato37G\earlyblt\Earlyblt2620.JPG,early_blight,irish
D:\Potato\IrishPotato37G\healthy\healthy4062.jpg,healthy,irish
D:\Potato\IrishPotato37G\healthy\healthy1717.jpg,healthy,irish
D:\Potato\IrishPotato37G\lateblt\Lateblt1676.jpg,late_blight,irish
D:\Potato\IrishPotato37G\lateblt\Lateblt2228.jpg,late_blight,irish
D:\Potato\IrishPotato37G\healthy\healthy575.jpg,healthy,irish
D:\Potato\IrishPotato37G\healthy\healthy1550.jpg,healthy,irish
D:\Potato\IrishPotato37G\earlyblt\Earlyblt3839.JPG,early_blight,irish
D:\Potato\IrishPotato37G\healthy\healthy3742.jpg,healthy,irish
D:\Potato\IrishPotato37G\healthy\healthy5003.jpg,healthy,irish
D:\Potato\IrishPotato37G\earlyblt\Earlyblt583.JPG,early_blight,irish
D:\Potato\IrishPotato37G\earlyblt\Earlyblt3381.jpg,early_blight,irish
D:\Potato\IrishPotato37G\earlyblt\Earlyblt6739.jpg,early_blight,irish
D:\Potato\IrishPotato37G\earlyblt\Earlyblt2267.JPG,early_blight,irish
D:\Potato\IrishPotato37G\healthy\healthy4712.jpg,healthy,irish
D:\Potato\IrishPotato37G\earlyblt\Earlyblt2216.JPG,early_blight,irish
D:\Potato\IrishPotato37G\lateblt\Lateblt2414.jpg,late_blight,irish
D:\Potato\IrishPotato37G\earlyblt\Earlyblt2971.JPG,early_blight,irish
D:\Potato\IrishPotato37G\healthy\healthy3609.jpg,healthy,irish
D:\Potato\IrishPotato37G\earlyblt\Earlyblt5940.jpg,early_blight,irish
D:\Potato\IrishPotato37G\healthy\healthy1297.jpg,healthy,irish
D:\Potato\IrishPotato37G\earlyblt\Earlyblt3766.jpg,early_blight,irish
D:\Potato\IrishPotato37G\earlyblt\Earlyblt1404.JPG,early_blight,irish
D:\Potato\IrishPotato37G\healthy\healthy2625.jpg,healthy,irish
D:\Potato\IrishPotato37G\lateblt\Lateblt1629.jpg,late_blight,irish
D:\Potato\IrishPotato37G\healthy\healthy1993.jpg,healthy,irish
D:\Potato\IrishPotato37G\earlyblt\Earlyblt4792.JPG,early_blight,irish
D:\Potato\IrishPotato37G\healthy\healthy3589.jpg,healthy,irish
D:\Potato\IrishPotato37G\lateblt\Lateblt1775.jpg,late_blight,irish
D:\Potato\IrishPotato37G\lateblt\Lateblt1847.jpg,late_blight,irish
D:\Potato\IrishPotato37G\earlyblt\Earlyblt408.JPG,early_blight,irish
D:\Potato\IrishPotato37G\healthy\healthy2400.jpg,healthy,irish
D:\Potato\IrishPotato37G\lateblt\Lateblt2191.jpg,late_blight,irish
D:\Potato\IrishPotato37G\lateblt\Lateblt497.jpg,late_blight,irish
D:\Potato\IrishPotato37G\lateblt\Lateblt1712.jpg,late_blight,irish
D:\Potato\IrishPotato37G\earlyblt\Earlyblt241.JPG,early_blight,irish
D:\Potato\IrishPotato37G\lateblt\Lateblt428.jpg,late_blight,irish
D:\Potato\IrishPotato37G\earlyblt\Earlyblt474.JPG,early_blight,irish
D:\Potato\IrishPotato37G\earlyblt\Earlyblt2418.JPG,early_blight,irish
D:\Potato\IrishPotato37G\healthy\healthy4132.jpg,healthy,irish
D:\Potato\IrishPotato37G\lateblt\Lateblt2025.jpg,late_blight,irish
D:\Potato\IrishPotato37G\healthy\healthy452.jpg,healthy,irish
D:\Potato\IrishPotato37G\earlyblt\Earlyblt4735.JPG,early_blight,irish
D:\Potato\IrishPotato37G\lateblt\Lateblt2233.jpg,late_blight,irish
D:\Potato\IrishPotato37G\earlyblt\Earlyblt3966.jpg,early_blight,irish
D:\Potato\IrishPotato37G\healthy\healthy1260.jpg,healthy,irish
D:\Potato\IrishPotato37G\earlyblt\Earlyblt4850.JPG,early_blight,irish
D:\Potato\IrishPotato37G\lateblt\Lateblt2979.jpg,late_blight,irish
D:\Potato\IrishPotato37G\earlyblt\Earlyblt1464.JPG,early_blight,irish
D:\Potato\IrishPotato37G\earlyblt\Earlyblt2234.JPG,early_blight,irish
D:\Potato\IrishPotato37G\lateblt\Lateblt2198.jpg,late_blight,irish
D:\Potato\IrishPotato37G\earlyblt\Earlyblt6885.JPG,early_blight,irish
D:\Potato\IrishPotato37G\lateblt\Lateblt325.jpg,late_blight,irish
D:\Potato\IrishPotato37G\healthy\healthy2484.jpg,healthy,irish
D:\Potato\IrishPotato37G\healthy\healthy3551.jpg,healthy,irish
D:\Potato\IrishPotato37G\healthy\healthy5461.jpg,healthy,irish
D:\Potato\IrishPotato37G\healthy\healthy164.jpg,healthy,irish
D:\Potato\IrishPotato37G\healthy\healthy1375.jpg,healthy,irish
D:\Potato\IrishPotato37G\earlyblt\Earlyblt6731.jpg,early_blight,irish
D:\Potato\IrishPotato37G\lateblt\Lateblt2494.jpg,late_blight,irish
D:\Potato\IrishPotato37G\earlyblt\Earlyblt6184.jpg,early_blight,irish
D:\Potato\IrishPotato37G\lateblt\Lateblt2742.jpg,late_blight,irish
D:\Potato\IrishPotato37G\lateblt\Lateblt2445.jpg,late_blight,irish
D:\Potato\IrishPotato37G\healthy\healthy1004.jpg,healthy,irish
D:\Potato\IrishPotato37G\earlyblt\Earlyblt1855.JPG,early_blight,irish
D:\Potato\IrishPotato37G\earlyblt\Earlyblt2995.JPG,early_blight,irish
D:\Potato\IrishPotato37G\healthy\healthy243.jpg,healthy,irish
D:\Potato\IrishPotato37G\earlyblt\Earlyblt1804.JPG,early_blight,irish
D:\Potato\IrishPotato37G\lateblt\Lateblt2868.jpg,late_blight,irish
D:\Potato\IrishPotato37G\healthy\healthy3679.jpg,healthy,irish
D:\Potato\IrishPotato37G\lateblt\Lateblt56.jpg,late_blight,irish
D:\Potato\IrishPotato37G\earlyblt\Earlyblt1563.JPG,early_blight,irish
D:\Potato\IrishPotato37G\lateblt\Lateblt2247.jpg,late_blight,irish
D:\Potato\IrishPotato37G\healthy\healthy2741.jpg,healthy,irish
D:\Potato\IrishPotato37G\healthy\healthy2007.jpg,healthy,irish
D:\Potato\IrishPotato37G\earlyblt\Earlyblt1715.JPG,early_blight,irish
D:\Potato\IrishPotato37G\healthy\healthy1807.jpg,healthy,irish
D:\Potato\IrishPotato37G\earlyblt\Earlyblt6934.JPG,early_blight,irish
D:\Potato\IrishPotato37G\earlyblt\Earlyblt6082.JPG,early_blight,irish
D:\Potato\IrishPotato37G\earlyblt\Earlyblt884.JPG,early_blight,irish
D:\Potato\IrishPotato37G\lateblt\Lateblt5037.jpg,late_blight,irish
D:\Potato\IrishPotato37G\lateblt\Lateblt2006.jpg,late_blight,irish
D:\Potato\IrishPotato37G\lateblt\Lateblt316.jpg,late_blight,irish
D:\Potato\IrishPotato37G\healthy\healthy2182.jpg,healthy,irish
D:\Potato\IrishPotato37G\earlyblt\Earlyblt4927.jpg,early_blight,irish
D:\Potato\IrishPotato37G\healthy\healthy4958.jpg,healthy,irish
D:\Potato\IrishPotato37G\lateblt\Lateblt2266.jpg,late_blight,irish
D:\Potato\IrishPotato37G\earlyblt\Earlyblt6805.jpg,early_blight,irish
D:\Potato\IrishPotato37G\lateblt\Lateblt2139.jpg,late_blight,irish
D:\Potato\IrishPotato37G\earlyblt\Earlyblt2652.JPG,early_blight,irish
D:\Potato\IrishPotato37G\lateblt\Lateblt1214.jpg,late_blight,irish
D:\Potato\IrishPotato37G\earlyblt\Earlyblt2614.JPG,early_blight,irish
D:\Potato\IrishPotato37G\earlyblt\Earlyblt1186.JPG,early_blight,irish
D:\Potato\IrishPotato37G\healthy\healthy3138.jpg,healthy,irish
D:\Potato\IrishPotato37G\lateblt\Lateblt926.jpg,late_blight,irish
D:\Potato\IrishPotato37G\earlyblt\Earlyblt3447.jpg,early_blight,irish
D:\Potato\IrishPotato37G\earlyblt\Earlyblt2908.JPG,early_blight,irish
D:\Potato\IrishPotato37G\earlyblt\Earlyblt2332.JPG,early_blight,irish
D:\Potato\IrishPotato37G\lateblt\Lateblt2757.jpg,late_blight,irish
D:\Potato\IrishPotato37G\earlyblt\Earlyblt2965.JPG,early_blight,irish
D:\Potato\IrishPotato37G\lateblt\Lateblt2644.jpg,late_blight,irish
D:\Potato\IrishPotato37G\lateblt\Lateblt2864.jpg,late_blight,irish
D:\Potato\IrishPotato37G\lateblt\Lateblt1953.jpg,late_blight,irish
D:\Potato\IrishPotato37G\lateblt\Lateblt1545.jpg,late_blight,irish
D:\Potato\IrishPotato37G\healthy\healthy954.jpg,healthy,irish
D:\Potato\IrishPotato37G\lateblt\Lateblt2135.jpg,late_blight,irish
D:\Potato\IrishPotato37G\healthy\healthy5047.jpg,healthy,irish
D:\Potato\IrishPotato37G\earlyblt\Earlyblt1938.JPG,early_blight,irish
D:\Potato\IrishPotato37G\healthy\healthy4186.jpg,healthy,irish
D:\Potato\IrishPotato37G\healthy\healthy4412.jpg,healthy,irish
D:\Potato\IrishPotato37G\healthy\healthy4786.jpg,healthy,irish
D:\Potato\IrishPotato37G\lateblt\Lateblt2700.jpg,late_blight,irish
D:\Potato\IrishPotato37G\healthy\healthy2420.jpg,healthy,irish
D:\Potato\IrishPotato37G\healthy\healthy1978.jpg,healthy,irish
D:\Potato\IrishPotato37G\lateblt\Lateblt2865.jpg,late_blight,irish
D:\Potato\IrishPotato37G\healthy\healthy4450.jpg,healthy,irish
D:\Potato\IrishPotato37G\lateblt\Lateblt1078.jpg,late_blight,irish
D:\Potato\IrishPotato37G\healthy\healthy2256.jpg,healthy,irish
D:\Potato\IrishPotato37G\lateblt\Lateblt1773.jpg,late_blight,irish
D:\Potato\IrishPotato37G\earlyblt\Earlyblt75.JPG,early_blight,irish
D:\Potato\IrishPotato37G\earlyblt\Earlyblt1602.JPG,early_blight,irish
D:\Potato\IrishPotato37G\earlyblt\Earlyblt582.JPG,early_blight,irish
D:\Potato\IrishPotato37G\earlyblt\Earlyblt2138.JPG,early_blight,irish
D:\Potato\IrishPotato37G\earlyblt\Earlyblt3593.jpg,early_blight,irish
D:\Potato\IrishPotato37G\healthy\healthy3025.jpg,healthy,irish
D:\Potato\IrishPotato37G\healthy\healthy3331.jpg,healthy,irish
D:\Potato\IrishPotato37G\earlyblt\Earlyblt5881.jpg,early_blight,irish
D:\Potato\IrishPotato37G\healthy\healthy809.jpg,healthy,irish
D:\Potato\IrishPotato37G\lateblt\Lateblt2502.jpg,late_blight,irish
D:\Potato\IrishPotato37G\healthy\healthy2619.jpg,healthy,irish
D:\Potato\IrishPotato37G\lateblt\Lateblt1181.jpg,late_blight,irish
D:\Potato\IrishPotato37G\healthy\healthy5101.jpg,healthy,irish
D:\Potato\IrishPotato37G\healthy\healthy3164.jpg,healthy,irish
D:\Potato\IrishPotato37G\lateblt\Lateblt820.jpg,late_blight,irish
D:\Potato\IrishPotato37G\healthy\healthy3989.jpg,healthy,irish
D:\Potato\IrishPotato37G\earlyblt\Earlyblt6927.JPG,early_blight,irish
D:\Potato\IrishPotato37G\earlyblt\Earlyblt1750.JPG,early_blight,irish
D:\Potato\IrishPotato37G\lateblt\Lateblt477.jpg,late_blight,irish
D:\Potato\IrishPotato37G\earlyblt\Earlyblt6347.JPG,early_blight,irish
D:\Potato\IrishPotato37G\lateblt\Lateblt2907.jpg,late_blight,irish
D:\Potato\IrishPotato37G\lateblt\Lateblt523.jpg,late_blight,irish
D:\Potato\IrishPotato37G\lateblt\Lateblt596.jpg,late_blight,irish
D:\Potato\IrishPotato37G\lateblt\Lateblt2843.jpg,late_blight,irish
D:\Potato\IrishPotato37G\lateblt\Lateblt392.jpg,late_blight,irish
D:\Potato\IrishPotato37G\healthy\healthy1298.jpg,healthy,irish
D:\Potato\IrishPotato37G\healthy\healthy2108.jpg,healthy,irish
D:\Potato\IrishPotato37G\earlyblt\Earlyblt4911.jpg,early_blight,irish
D:\Potato\IrishPotato37G\earlyblt\Earlyblt6525.jpg,early_blight,irish
D:\Potato\IrishPotato37G\lateblt\Lateblt2834.jpg,late_blight,irish
D:\Potato\IrishPotato37G\healthy\healthy413.jpg,healthy,irish
D:\Potato\IrishPotato37G\lateblt\Lateblt1319.jpg,late_blight,irish
D:\Potato\IrishPotato37G\healthy\healthy478.jpg,healthy,irish
D:\Potato\IrishPotato37G\earlyblt\Earlyblt1388.JPG,early_blight,irish
D:\Potato\IrishPotato37G\earlyblt\Earlyblt6581.jpg,early_blight,irish
D:\Potato\IrishPotato37G\earlyblt\Earlyblt3795.jpg,early_blight,irish
D:\Potato\IrishPotato37G\lateblt\Lateblt2929.jpg,late_blight,irish
D:\Potato\IrishPotato37G\healthy\healthy3710.jpg,healthy,irish
D:\Potato\IrishPotato37G\healthy\healthy5636.jpg,healthy,irish
D:\Potato\IrishPotato37G\earlyblt\Earlyblt2745.JPG,early_blight,irish
D:\Potato\IrishPotato37G\lateblt\Lateblt1202.jpg,late_blight,irish
D:\Potato\IrishPotato37G\earlyblt\Earlyblt396.JPG,early_blight,irish
D:\Potato\IrishPotato37G\healthy\healthy468.jpg,healthy,irish
D:\Potato\IrishPotato37G\earlyblt\Earlyblt6946.JPG,early_blight,irish
D:\Potato\IrishPotato37G\lateblt\Lateblt2271.jpg,late_blight,irish
D:\Potato\IrishPotato37G\healthy\healthy875.jpg,healthy,irish
D:\Potato\IrishPotato37G\lateblt\Lateblt2836.jpg,late_blight,irish
D:\Potato\IrishPotato37G\earlyblt\Earlyblt2295.JPG,early_blight,irish
D:\Potato\IrishPotato37G\lateblt\Lateblt1902.jpg,late_blight,irish
D:\Potato\IrishPotato37G\lateblt\Lateblt1670.jpg,late_blight,irish
D:\Potato\IrishPotato37G\healthy\healthy5083.jpg,healthy,irish
D:\Potato\IrishPotato37G\lateblt\Lateblt1195.jpg,late_blight,irish
D:\Potato\IrishPotato37G\healthy\healthy3194.jpg,healthy,irish
D:\Potato\IrishPotato37G\healthy\healthy4846.jpg,healthy,irish
D:\Potato\IrishPotato37G\healthy\healthy6.jpg,healthy,irish
D:\Potato\IrishPotato37G\earlyblt\Earlyblt3089.JPG,early_blight,irish
D:\Potato\IrishPotato37G\earlyblt\Earlyblt6046.jpg,early_blight,irish
D:\Potato\IrishPotato37G\lateblt\Lateblt1997.jpg,late_blight,irish
D:\Potato\IrishPotato37G\healthy\healthy1041.jpg,healthy,irish
D:\Potato\IrishPotato37G\earlyblt\Earlyblt2371.JPG,early_blight,irish
D:\Potato\IrishPotato37G\earlyblt\Earlyblt401.JPG,early_blight,irish
D:\Potato\IrishPotato37G\lateblt\Lateblt1149.jpg,late_blight,irish
D:\Potato\IrishPotato37G\earlyblt\Earlyblt1686.JPG,early_blight,irish
D:\Potato\IrishPotato37G\lateblt\Lateblt696.jpg,late_blight,irish
D:\Potato\IrishPotato37G\lateblt\Lateblt1424.jpg,late_blight,irish
D:\Potato\IrishPotato37G\healthy\healthy2106.jpg,healthy,irish
D:\Potato\IrishPotato37G\earlyblt\Earlyblt3032.JPG,early_blight,irish
D:\Potato\IrishPotato37G\lateblt\Lateblt2326.jpg,late_blight,irish
D:\Potato\IrishPotato37G\earlyblt\Earlyblt6905.JPG,early_blight,irish
D:\Potato\IrishPotato37G\healthy\healthy4580.jpg,healthy,irish
D:\Potato\IrishPotato37G\lateblt\Lateblt2398.jpg,late_blight,irish
D:\Potato\IrishPotato37G\healthy\healthy1818.jpg,healthy,irish
D:\Potato\IrishPotato37G\healthy\healthy3248.jpg,healthy,irish
D:\Potato\IrishPotato37G\earlyblt\Earlyblt1770.JPG,early_blight,irish
D:\Potato\IrishPotato37G\lateblt\Lateblt1147.jpg,late_blight,irish
D:\Potato\IrishPotato37G\lateblt\Lateblt320.jpg,late_blight,irish
D:\Potato\IrishPotato37G\healthy\healthy4439.jpg,healthy,irish
D:\Potato\IrishPotato37G\lateblt\Lateblt1013.jpg,late_blight,irish
D:\Potato\IrishPotato37G\lateblt\Lateblt1401.jpg,late_blight,irish
D:\Potato\IrishPotato37G\earlyblt\Earlyblt3455.JPG,early_blight,irish
D:\Potato\IrishPotato37G\healthy\healthy3369.jpg,healthy,irish
D:\Potato\IrishPotato37G\lateblt\Lateblt626.jpg,late_blight,irish
D:\Potato\IrishPotato37G\earlyblt\Earlyblt2003.JPG,early_blight,irish
D:\Potato\IrishPotato37G\earlyblt\Earlyblt2497.JPG,early_blight,irish
D:\Potato\IrishPotato37G\earlyblt\Earlyblt2901.JPG,early_blight,irish
D:\Potato\IrishPotato37G\earlyblt\Earlyblt576.JPG,early_blight,irish
D:\Potato\IrishPotato37G\healthy\healthy3108.jpg,healthy,irish
D:\Potato\IrishPotato37G\healthy\healthy1291.jpg,healthy,irish
D:\Potato\IrishPotato37G\lateblt\Lateblt1020.jpg,late_blight,irish
D:\Potato\IrishPotato37G\lateblt\Lateblt1575.jpg,late_blight,irish
D:\Potato\IrishPotato37G\lateblt\Lateblt1702.jpg,late_blight,irish
D:\Potato\IrishPotato37G\healthy\healthy4546.jpg,healthy,irish
D:\Potato\IrishPotato37G\healthy\healthy1366.jpg,healthy,irish
D:\Potato\IrishPotato37G\lateblt\Lateblt2747.jpg,late_blight,irish
D:\Potato\IrishPotato37G\lateblt\Lateblt1406.jpg,late_blight,irish
D:\Potato\IrishPotato37G\lateblt\Lateblt2919.jpg,late_blight,irish
D:\Potato\IrishPotato37G\healthy\healthy4706.jpg,healthy,irish
D:\Potato\IrishPotato37G\healthy\healthy2024.jpg,healthy,irish
D:\Potato\IrishPotato37G\earlyblt\Earlyblt3703.jpg,early_blight,irish
D:\Potato\IrishPotato37G\lateblt\Lateblt1148.jpg,late_blight,irish
D:\Potato\IrishPotato37G\lateblt\Lateblt2912.jpg,late_blight,irish
D:\Potato\IrishPotato37G\earlyblt\Earlyblt3438.jpg,early_blight,irish
D:\Potato\IrishPotato37G\lateblt\Lateblt2983.jpg,late_blight,irish
D:\Potato\IrishPotato37G\lateblt\Lateblt479.jpg,late_blight,irish
D:\Potato\IrishPotato37G\lateblt\Lateblt631.jpg,late_blight,irish
D:\Potato\IrishPotato37G\healthy\healthy5063.jpg,healthy,irish
D:\Potato\IrishPotato37G\earlyblt\Earlyblt6669.jpg,early_blight,irish
D:\Potato\IrishPotato37G\healthy\healthy1875.jpg,healthy,irish
D:\Potato\IrishPotato37G\healthy\healthy4241.jpg,healthy,irish
D:\Potato\IrishPotato37G\earlyblt\Earlyblt6174.JPG,early_blight,irish
D:\Potato\IrishPotato37G\earlyblt\Earlyblt1751.JPG,early_blight,irish
D:\Potato\IrishPotato37G\healthy\healthy1493.jpg,healthy,irish
D:\Potato\IrishPotato37G\lateblt\Lateblt730.jpg,late_blight,irish
D:\Potato\IrishPotato37G\earlyblt\Earlyblt4757.JPG,early_blight,irish
D:\Potato\IrishPotato37G\earlyblt\Earlyblt1620.JPG,early_blight,irish
D:\Potato\IrishPotato37G\lateblt\Lateblt261.jpg,late_blight,irish
D:\Potato\IrishPotato37G\earlyblt\Earlyblt233.JPG,early_blight,irish
D:\Potato\IrishPotato37G\earlyblt\Earlyblt1921.JPG,early_blight,irish
D:\Potato\IrishPotato37G\earlyblt\Earlyblt1539.JPG,early_blight,irish
D:\Potato\IrishPotato37G\lateblt\Lateblt494.jpg,late_blight,irish
D:\Potato\IrishPotato37G\earlyblt\Earlyblt1339.JPG,early_blight,irish
D:\Potato\IrishPotato37G\healthy\healthy3007.jpg,healthy,irish
D:\Potato\IrishPotato37G\earlyblt\Earlyblt2335.JPG,early_blight,irish
D:\Potato\IrishPotato37G\earlyblt\Earlyblt6985.JPG,early_blight,irish
D:\Potato\IrishPotato37G\healthy\healthy1671.jpg,healthy,irish
D:\Potato\IrishPotato37G\healthy\healthy1009.jpg,healthy,irish
D:\Potato\IrishPotato37G\healthy\healthy4570.jpg,healthy,irish
D:\Potato\IrishPotato37G\earlyblt\Earlyblt6060.jpg,early_blight,irish
D:\Potato\IrishPotato37G\earlyblt\Earlyblt546.JPG,early_blight,irish
D:\Potato\IrishPotato37G\healthy\healthy3666.jpg,healthy,irish
D:\Potato\IrishPotato37G\lateblt\Lateblt2276.jpg,late_blight,irish
D:\Potato\IrishPotato37G\healthy\healthy546.jpg,healthy,irish
D:\Potato\IrishPotato37G\earlyblt\Earlyblt6424.jpg,early_blight,irish
D:\Potato\IrishPotato37G\healthy\healthy5505.jpg,healthy,irish
D:\Potato\IrishPotato37G\earlyblt\Earlyblt724.JPG,early_blight,irish
D:\Potato\IrishPotato37G\earlyblt\Earlyblt2489.JPG,early_blight,irish
D:\Potato\IrishPotato37G\healthy\healthy3776.jpg,healthy,irish
D:\Potato\IrishPotato37G\earlyblt\Earlyblt454.JPG,early_blight,irish
D:\Potato\IrishPotato37G\healthy\healthy2180.jpg,healthy,irish
D:\Potato\IrishPotato37G\lateblt\Lateblt776.jpg,late_blight,irish
D:\Potato\IrishPotato37G\earlyblt\Earlyblt1758.JPG,early_blight,irish
D:\Potato\IrishPotato37G\earlyblt\Earlyblt2396.JPG,early_blight,irish
D:\Potato\IrishPotato37G\earlyblt\Earlyblt1159.JPG,early_blight,irish
D:\Potato\IrishPotato37G\healthy\healthy3030.jpg,healthy,irish
D:\Potato\IrishPotato37G\healthy\healthy5050.jpg,healthy,irish
D:\Potato\IrishPotato37G\lateblt\Lateblt303.jpg,late_blight,irish
D:\Potato\IrishPotato37G\earlyblt\Earlyblt2858.JPG,early_blight,irish
D:\Potato\IrishPotato37G\healthy\healthy1049.jpg,healthy,irish
D:\Potato\IrishPotato37G\earlyblt\Earlyblt6921.JPG,early_blight,irish
D:\Potato\IrishPotato37G\healthy\healthy5033.jpg,healthy,irish
D:\Potato\IrishPotato37G\lateblt\Lateblt2927.jpg,late_blight,irish
D:\Potato\IrishPotato37G\healthy\healthy1392.jpg,healthy,irish
D:\Potato\IrishPotato37G\healthy\healthy415.jpg,healthy,irish
D:\Potato\IrishPotato37G\healthy\healthy5200.jpg,healthy,irish
D:\Potato\IrishPotato37G\healthy\healthy3697.jpg,healthy,irish
D:\Potato\IrishPotato37G\earlyblt\Earlyblt2932.JPG,early_blight,irish
D:\Potato\IrishPotato37G\healthy\healthy2287.jpg,healthy,irish
D:\Potato\IrishPotato37G\earlyblt\Earlyblt2118.JPG,early_blight,irish
D:\Potato\IrishPotato37G\lateblt\Lateblt1700.jpg,late_blight,irish
D:\Potato\IrishPotato37G\lateblt\Lateblt1526.jpg,late_blight,irish
D:\Potato\IrishPotato37G\earlyblt\Earlyblt6907.JPG,early_blight,irish
D:\Potato\IrishPotato37G\healthy\healthy778.jpg,healthy,irish
D:\Potato\IrishPotato37G\healthy\healthy2954.jpg,healthy,irish
D:\Potato\IrishPotato37G\lateblt\Lateblt1471.jpg,late_blight,irish
D:\Potato\IrishPotato37G\lateblt\Lateblt1962.jpg,late_blight,irish
D:\Potato\IrishPotato37G\healthy\healthy5524.jpg,healthy,irish
D:\Potato\IrishPotato37G\lateblt\Lateblt1789.jpg,late_blight,irish
D:\Potato\IrishPotato37G\lateblt\Lateblt2121.jpg,late_blight,irish
D:\Potato\IrishPotato37G\earlyblt\Earlyblt3040.JPG,early_blight,irish
D:\Potato\IrishPotato37G\healthy\healthy910.jpg,healthy,irish
D:\Potato\IrishPotato37G\lateblt\Lateblt2163.jpg,late_blight,irish
D:\Potato\IrishPotato37G\healthy\healthy3744.jpg,healthy,irish
D:\Potato\IrishPotato37G\earlyblt\Earlyblt7018.JPG,early_blight,irish
D:\Potato\IrishPotato37G\earlyblt\Earlyblt3207.jpg,early_blight,irish
D:\Potato\IrishPotato37G\healthy\healthy3500.jpg,healthy,irish
D:\Potato\IrishPotato37G\lateblt\Lateblt463.jpg,late_blight,irish
D:\Potato\IrishPotato37G\lateblt\Lateblt608.jpg,late_blight,irish
D:\Potato\IrishPotato37G\earlyblt\Earlyblt2530.JPG,early_blight,irish
D:\Potato\IrishPotato37G\earlyblt\Earlyblt4709.JPG,early_blight,irish
D:\Potato\IrishPotato37G\healthy\healthy2674.jpg,healthy,irish
D:\Potato\IrishPotato37G\earlyblt\Earlyblt3025.JPG,early_blight,irish
D:\Potato\IrishPotato37G\lateblt\Lateblt737.jpg,late_blight,irish
D:\Potato\IrishPotato37G\healthy\healthy2654.jpg,healthy,irish
D:\Potato\IrishPotato37G\earlyblt\Earlyblt3012.JPG,early_blight,irish
D:\Potato\IrishPotato37G\earlyblt\Earlyblt2017.JPG,early_blight,irish
D:\Potato\IrishPotato37G\lateblt\Lateblt640.jpg,late_blight,irish
D:\Potato\IrishPotato37G\earlyblt\Earlyblt2810.JPG,early_blight,irish
D:\Potato\IrishPotato37G\lateblt\Lateblt1017.jpg,late_blight,irish
D:\Potato\IrishPotato37G\lateblt\Lateblt757.jpg,late_blight,irish
D:\Potato\IrishPotato37G\healthy\healthy389.jpg,healthy,irish
D:\Potato\IrishPotato37G\lateblt\Lateblt544.jpg,late_blight,irish
D:\Potato\IrishPotato37G\lateblt\Lateblt2512.jpg,late_blight,irish
D:\Potato\IrishPotato37G\lateblt\Lateblt136.jpg,late_blight,irish
D:\Potato\IrishPotato37G\earlyblt\Earlyblt530.JPG,early_blight,irish
D:\Potato\IrishPotato37G\earlyblt\Earlyblt138.JPG,early_blight,irish
D:\Potato\IrishPotato37G\healthy\healthy2715.jpg,healthy,irish
D:\Potato\IrishPotato37G\healthy\healthy3493.jpg,healthy,irish
D:\Potato\IrishPotato37G\earlyblt\Earlyblt1793.JPG,early_blight,irish
D:\Potato\IrishPotato37G\healthy\healthy4191.jpg,healthy,irish
D:\Potato\IrishPotato37G\lateblt\Lateblt159.jpg,late_blight,irish
D:\Potato\IrishPotato37G\earlyblt\Earlyblt3064.JPG,early_blight,irish
D:\Potato\IrishPotato37G\lateblt\Lateblt923.jpg,late_blight,irish
D:\Potato\IrishPotato37G\lateblt\Lateblt380.jpg,late_blight,irish
D:\Potato\IrishPotato37G\healthy\healthy145.jpg,healthy,irish
D:\Potato\IrishPotato37G\earlyblt\Earlyblt3236.jpg,early_blight,irish
D:\Potato\IrishPotato37G\earlyblt\Earlyblt955.JPG,early_blight,irish
D:\Potato\IrishPotato37G\healthy\healthy3549.jpg,healthy,irish
D:\Potato\IrishPotato37G\healthy\healthy2566.jpg,healthy,irish
D:\Potato\IrishPotato37G\lateblt\Lateblt170.jpg,late_blight,irish
D:\Potato\IrishPotato37G\lateblt\Lateblt2284.jpg,late_blight,irish
D:\Potato\IrishPotato37G\healthy\healthy5332.jpg,healthy,irish
D:\Potato\IrishPotato37G\healthy\healthy2476.jpg,healthy,irish
D:\Potato\IrishPotato37G\earlyblt\Earlyblt632.JPG,early_blight,irish
D:\Potato\IrishPotato37G\healthy\healthy5319.jpg,healthy,irish
D:\Potato\IrishPotato37G\healthy\healthy1306.jpg,healthy,irish
D:\Potato\IrishPotato37G\lateblt\Lateblt2426.jpg,late_blight,irish
D:\Potato\IrishPotato37G\lateblt\Lateblt2959.jpg,late_blight,irish
D:\Potato\IrishPotato37G\earlyblt\Earlyblt1182.JPG,early_blight,irish
D:\Potato\IrishPotato37G\healthy\healthy2563.jpg,healthy,irish
D:\Potato\IrishPotato37G\earlyblt\Earlyblt703.JPG,early_blight,irish
D:\Potato\IrishPotato37G\healthy\healthy888.jpg,healthy,irish
D:\Potato\IrishPotato37G\earlyblt\Earlyblt3057.JPG,early_blight,irish
D:\Potato\IrishPotato37G\lateblt\Lateblt967.jpg,late_blight,irish
D:\Potato\IrishPotato37G\healthy\healthy2612.jpg,healthy,irish
D:\Potato\IrishPotato37G\earlyblt\Earlyblt6030.jpg,early_blight,irish
D:\Potato\IrishPotato37G\lateblt\Lateblt1904.jpg,late_blight,irish
D:\Potato\IrishPotato37G\healthy\healthy1960.jpg,healthy,irish
D:\Potato\IrishPotato37G\lateblt\Lateblt1549.jpg,late_blight,irish
D:\Potato\IrishPotato37G\healthy\healthy1026.jpg,healthy,irish
D:\Potato\IrishPotato37G\earlyblt\Earlyblt2453.JPG,early_blight,irish
D:\Potato\IrishPotato37G\earlyblt\Earlyblt1719.JPG,early_blight,irish
D:\Potato\IrishPotato37G\healthy\healthy1139.jpg,healthy,irish
D:\Potato\IrishPotato37G\lateblt\Lateblt1582.jpg,late_blight,irish
D:\Potato\IrishPotato37G\earlyblt\Earlyblt2608.JPG,early_blight,irish
D:\Potato\IrishPotato37G\earlyblt\Earlyblt476.JPG,early_blight,irish
D:\Potato\IrishPotato37G\healthy\healthy2756.jpg,healthy,irish
D:\Potato\IrishPotato37G\healthy\healthy554.jpg,healthy,irish
D:\Potato\IrishPotato37G\earlyblt\Earlyblt112.JPG,early_blight,irish
D:\Potato\IrishPotato37G\lateblt\Lateblt878.jpg,late_blight,irish
D:\Potato\IrishPotato37G\lateblt\Lateblt2146.jpg,late_blight,irish
D:\Potato\IrishPotato37G\healthy\healthy2429.jpg,healthy,irish
D:\Potato\IrishPotato37G\lateblt\Lateblt2432.jpg,late_blight,irish
D:\Potato\IrishPotato37G\lateblt\Lateblt2500.jpg,late_blight,irish
D:\Potato\IrishPotato37G\lateblt\Lateblt693.jpg,late_blight,irish
D:\Potato\IrishPotato37G\earlyblt\Earlyblt6829.JPG,early_blight,irish
D:\Potato\IrishPotato37G\lateblt\Lateblt668.jpg,late_blight,irish
D:\Potato\IrishPotato37G\earlyblt\Earlyblt5956.jpg,early_blight,irish
D:\Potato\IrishPotato37G\healthy\healthy2825.jpg,healthy,irish
D:\Potato\IrishPotato37G\healthy\healthy3656.jpg,healthy,irish
D:\Potato\IrishPotato37G\healthy\healthy2340.jpg,healthy,irish
D:\Potato\IrishPotato37G\earlyblt\Earlyblt243.JPG,early_blight,irish
D:\Potato\IrishPotato37G\earlyblt\Earlyblt1952.JPG,early_blight,irish
D:\Potato\IrishPotato37G\lateblt\Lateblt114.jpg,late_blight,irish
D:\Potato\IrishPotato37G\lateblt\Lateblt280.jpg,late_blight,irish
D:\Potato\IrishPotato37G\earlyblt\Earlyblt6997.JPG,early_blight,irish
D:\Potato\IrishPotato37G\healthy\healthy2301.jpg,healthy,irish
D:\Potato\IrishPotato37G\lateblt\Lateblt253.jpg,late_blight,irish
D:\Potato\IrishPotato37G\healthy\healthy4257.jpg,healthy,irish
D:\Potato\IrishPotato37G\healthy\healthy1572.jpg,healthy,irish
D:\Potato\IrishPotato37G\lateblt\Lateblt1056.jpg,late_blight,irish
D:\Potato\IrishPotato37G\healthy\healthy2051.jpg,healthy,irish
D:\Potato\IrishPotato37G\earlyblt\Earlyblt306.JPG,early_blight,irish
D:\Potato\IrishPotato37G\healthy\healthy912.jpg,healthy,irish
D:\Potato\IrishPotato37G\earlyblt\Earlyblt851.JPG,early_blight,irish
D:\Potato\IrishPotato37G\lateblt\Lateblt2920.jpg,late_blight,irish
D:\Potato\IrishPotato37G\earlyblt\Earlyblt6953.JPG,early_blight,irish
D:\Potato\IrishPotato37G\lateblt\Lateblt1309.jpg,late_blight,irish
D:\Potato\IrishPotato37G\earlyblt\Earlyblt4803.JPG,early_blight,irish
D:\Potato\IrishPotato37G\healthy\healthy2161.jpg,healthy,irish
D:\Potato\IrishPotato37G\lateblt\Lateblt2036.jpg,late_blight,irish
D:\Potato\IrishPotato37G\healthy\healthy2065.jpg,healthy,irish
D:\Potato\IrishPotato37G\healthy\healthy3139.jpg,healthy,irish
D:\Potato\IrishPotato37G\lateblt\Lateblt2877.jpg,late_blight,irish
D:\Potato\IrishPotato37G\lateblt\Lateblt1061.jpg,late_blight,irish
D:\Potato\IrishPotato37G\healthy\healthy1914.jpg,healthy,irish
D:\Potato\IrishPotato37G\lateblt\Lateblt1510.jpg,late_blight,irish
D:\Potato\IrishPotato37G\healthy\healthy5014.jpg,healthy,irish
D:\Potato\IrishPotato37G\lateblt\Lateblt1136.jpg,late_blight,irish
D:\Potato\IrishPotato37G\healthy\healthy1852.jpg,healthy,irish
D:\Potato\IrishPotato37G\healthy\healthy977.jpg,healthy,irish
D:\Potato\IrishPotato37G\lateblt\Lateblt2815.jpg,late_blight,irish
D:\Potato\IrishPotato37G\lateblt\Lateblt2188.jpg,late_blight,irish
D:\Potato\IrishPotato37G\healthy\healthy4041.jpg,healthy,irish
D:\Potato\IrishPotato37G\lateblt\Lateblt2813.jpg,late_blight,irish
D:\Potato\IrishPotato37G\healthy\healthy4585.jpg,healthy,irish
D:\Potato\IrishPotato37G\healthy\healthy3889.jpg,healthy,irish
D:\Potato\IrishPotato37G\lateblt\Lateblt1418.jpg,late_blight,irish
D:\Potato\IrishPotato37G\healthy\healthy1155.jpg,healthy,irish
D:\Potato\IrishPotato37G\earlyblt\Earlyblt6462.JPG,early_blight,irish
D:\Potato\IrishPotato37G\healthy\healthy2846.jpg,healthy,irish
D:\Potato\IrishPotato37G\lateblt\Lateblt872.jpg,late_blight,irish
D:\Potato\IrishPotato37G\earlyblt\Earlyblt2960.JPG,early_blight,irish
D:\Potato\IrishPotato37G\healthy\healthy220.jpg,healthy,irish
D:\Potato\IrishPotato37G\earlyblt\Earlyblt972.JPG,early_blight,irish
D:\Potato\IrishPotato37G\healthy\healthy3418.jpg,healthy,irish
D:\Potato\IrishPotato37G\lateblt\Lateblt946.jpg,late_blight,irish
D:\Potato\IrishPotato37G\healthy\healthy2503.jpg,healthy,irish
D:\Potato\IrishPotato37G\earlyblt\Earlyblt4828.jpg,early_blight,irish
D:\Potato\IrishPotato37G\earlyblt\Earlyblt6798.jpg,early_blight,irish
D:\Potato\IrishPotato37G\earlyblt\Earlyblt6293.JPG,early_blight,irish
D:\Potato\IrishPotato37G\healthy\healthy92.jpg,healthy,irish
D:\Potato\IrishPotato37G\lateblt\Lateblt2158.jpg,late_blight,irish
D:\Potato\IrishPotato37G\earlyblt\Earlyblt6380.JPG,early_blight,irish
D:\Potato\IrishPotato37G\lateblt\Lateblt1644.jpg,late_blight,irish
D:\Potato\IrishPotato37G\healthy\healthy4965.jpg,healthy,irish
D:\Potato\IrishPotato37G\earlyblt\Earlyblt1059.JPG,early_blight,irish
D:\Potato\IrishPotato37G\earlyblt\Earlyblt762.JPG,early_blight,irish
D:\Potato\IrishPotato37G\healthy\healthy3622.jpg,healthy,irish
D:\Potato\IrishPotato37G\lateblt\Lateblt2817.jpg,late_blight,irish
D:\Potato\IrishPotato37G\healthy\healthy5551.jpg,healthy,irish
D:\Potato\IrishPotato37G\lateblt\Lateblt2476.jpg,late_blight,irish
D:\Potato\IrishPotato37G\earlyblt\Earlyblt4895.jpg,early_blight,irish
D:\Potato\IrishPotato37G\lateblt\Lateblt2809.jpg,late_blight,irish
D:\Potato\IrishPotato37G\earlyblt\Earlyblt3023.JPG,early_blight,irish
D:\Potato\IrishPotato37G\healthy\healthy5383.jpg,healthy,irish
D:\Potato\IrishPotato37G\earlyblt\Earlyblt2370.JPG,early_blight,irish
D:\Potato\IrishPotato37G\lateblt\Lateblt803.jpg,late_blight,irish
D:\Potato\IrishPotato37G\earlyblt\Earlyblt3266.jpg,early_blight,irish
D:\Potato\IrishPotato37G\lateblt\Lateblt1517.jpg,late_blight,irish
D:\Potato\IrishPotato37G\earlyblt\Earlyblt2751.JPG,early_blight,irish
D:\Potato\IrishPotato37G\earlyblt\Earlyblt1123.JPG,early_blight,irish
D:\Potato\IrishPotato37G\lateblt\Lateblt2694.jpg,late_blight,irish
D:\Potato\IrishPotato37G\healthy\healthy2573.jpg,healthy,irish
D:\Potato\IrishPotato37G\lateblt\Lateblt2090.jpg,late_blight,irish
D:\Potato\IrishPotato37G\lateblt\Lateblt677.jpg,late_blight,irish
D:\Potato\IrishPotato37G\healthy\healthy1799.jpg,healthy,irish
D:\Potato\IrishPotato37G\lateblt\Lateblt615.jpg,late_blight,irish
D:\Potato\IrishPotato37G\lateblt\Lateblt600.jpg,late_blight,irish
D:\Potato\IrishPotato37G\earlyblt\Earlyblt139.JPG,early_blight,irish
D:\Potato\IrishPotato37G\lateblt\Lateblt2974.jpg,late_blight,irish
D:\Potato\IrishPotato37G\healthy\healthy4107.jpg,healthy,irish
D:\Potato\IrishPotato37G\earlyblt\Earlyblt3654.jpg,early_blight,irish
D:\Potato\IrishPotato37G\healthy\healthy1928.jpg,healthy,irish
D:\Potato\IrishPotato37G\earlyblt\Earlyblt2020.JPG,early_blight,irish
D:\Potato\IrishPotato37G\lateblt\Lateblt119.jpg,late_blight,irish
D:\Potato\IrishPotato37G\lateblt\Lateblt2507.jpg,late_blight,irish
D:\Potato\IrishPotato37G\healthy\healthy1186.jpg,healthy,irish
D:\Potato\IrishPotato37G\earlyblt\Earlyblt1615.JPG,early_blight,irish
D:\Potato\IrishPotato37G\healthy\healthy813.jpg,healthy,irish
D:\Potato\IrishPotato37G\healthy\healthy3953.jpg,healthy,irish
D:\Potato\IrishPotato37G\lateblt\Lateblt1936.jpg,late_blight,irish
D:\Potato\IrishPotato37G\earlyblt\Earlyblt1659.JPG,early_blight,irish
D:\Potato\IrishPotato37G\earlyblt\Earlyblt4710.JPG,early_blight,irish
D:\Potato\IrishPotato37G\healthy\healthy171.jpg,healthy,irish
D:\Potato\IrishPotato37G\lateblt\Lateblt1396.jpg,late_blight,irish
D:\Potato\IrishPotato37G\healthy\healthy3045.jpg,healthy,irish
D:\Potato\IrishPotato37G\lateblt\Lateblt2957.jpg,late_blight,irish
D:\Potato\IrishPotato37G\lateblt\Lateblt375.jpg,late_blight,irish
D:\Potato\IrishPotato37G\healthy\healthy1822.jpg,healthy,irish
D:\Potato\IrishPotato37G\lateblt\Lateblt10.jpg,late_blight,irish
D:\Potato\IrishPotato37G\lateblt\Lateblt1906.jpg,late_blight,irish
D:\Potato\IrishPotato37G\healthy\healthy5096.jpg,healthy,irish
D:\Potato\IrishPotato37G\healthy\healthy4225.jpg,healthy,irish
D:\Potato\IrishPotato37G\earlyblt\Earlyblt3358.jpg,early_blight,irish
D:\Potato\IrishPotato37G\healthy\healthy4632.jpg,healthy,irish
D:\Potato\IrishPotato37G\healthy\healthy2604.jpg,healthy,irish
D:\Potato\IrishPotato37G\earlyblt\Earlyblt3967.jpg,early_blight,irish
D:\Potato\IrishPotato37G\healthy\healthy3849.jpg,healthy,irish
D:\Potato\IrishPotato37G\lateblt\Lateblt2250.jpg,late_blight,irish
D:\Potato\IrishPotato37G\healthy\healthy291.jpg,healthy,irish
D:\Potato\IrishPotato37G\lateblt\Lateblt2308.jpg,late_blight,irish
D:\Potato\IrishPotato37G\lateblt\Lateblt2371.jpg,late_blight,irish
D:\Potato\IrishPotato37G\healthy\healthy3349.jpg,healthy,irish
D:\Potato\IrishPotato37G\healthy\healthy1836.jpg,healthy,irish
D:\Potato\IrishPotato37G\lateblt\Lateblt2678.jpg,late_blight,irish
D:\Potato\IrishPotato37G\lateblt\Lateblt2612.jpg,late_blight,irish
D:\Potato\IrishPotato37G\lateblt\Lateblt2022.jpg,late_blight,irish
D:\Potato\IrishPotato37G\earlyblt\Earlyblt6028.jpg,early_blight,irish
D:\Potato\IrishPotato37G\healthy\healthy2750.jpg,healthy,irish
D:\Potato\IrishPotato37G\lateblt\Lateblt726.jpg,late_blight,irish
D:\Potato\IrishPotato37G\lateblt\Lateblt2473.jpg,late_blight,irish
D:\Potato\IrishPotato37G\earlyblt\Earlyblt2135.JPG,early_blight,irish
D:\Potato\IrishPotato37G\lateblt\Lateblt422.jpg,late_blight,irish
D:\Potato\IrishPotato37G\healthy\healthy2112.jpg,healthy,irish
D:\Potato\IrishPotato37G\healthy\healthy2523.jpg,healthy,irish
D:\Potato\IrishPotato37G\lateblt\Lateblt632.jpg,late_blight,irish
D:\Potato\IrishPotato37G\healthy\healthy5224.jpg,healthy,irish
D:\Potato\IrishPotato37G\lateblt\Lateblt2624.jpg,late_blight,irish
D:\Potato\IrishPotato37G\earlyblt\Earlyblt720.JPG,early_blight,irish
D:\Potato\IrishPotato37G\healthy\healthy1577.jpg,healthy,irish
D:\Potato\IrishPotato37G\healthy\healthy992.jpg,healthy,irish
D:\Potato\IrishPotato37G\earlyblt\Earlyblt2091.JPG,early_blight,irish
D:\Potato\IrishPotato37G\healthy\healthy5664.jpg,healthy,irish
D:\Potato\IrishPotato37G\healthy\healthy2483.jpg,healthy,irish
D:\Potato\IrishPotato37G\earlyblt\Earlyblt1039.JPG,early_blight,irish
D:\Potato\IrishPotato37G\healthy\healthy2701.jpg,healthy,irish
D:\Potato\IrishPotato37G\lateblt\Lateblt2944.jpg,late_blight,irish
D:\Potato\IrishPotato37G\earlyblt\Earlyblt6390.JPG,early_blight,irish
D:\Potato\IrishPotato37G\healthy\healthy1050.jpg,healthy,irish
D:\Potato\IrishPotato37G\healthy\healthy3879.jpg,healthy,irish
D:\Potato\IrishPotato37G\earlyblt\Earlyblt3026.JPG,early_blight,irish
D:\Potato\IrishPotato37G\lateblt\Lateblt1707.jpg,late_blight,irish
D:\Potato\IrishPotato37G\earlyblt\Earlyblt1490.JPG,early_blight,irish
D:\Potato\IrishPotato37G\lateblt\Lateblt2626.jpg,late_blight,irish
D:\Potato\IrishPotato37G\earlyblt\Earlyblt1617.JPG,early_blight,irish
D:\Potato\IrishPotato37G\earlyblt\Earlyblt6709.jpg,early_blight,irish
D:\Potato\IrishPotato37G\lateblt\Lateblt895.jpg,late_blight,irish
D:\Potato\IrishPotato37G\earlyblt\Earlyblt854.JPG,early_blight,irish
D:\Potato\IrishPotato37G\healthy\healthy5049.jpg,healthy,irish
D:\Potato\IrishPotato37G\healthy\healthy4930.jpg,healthy,irish
D:\Potato\IrishPotato37G\healthy\healthy5088.jpg,healthy,irish
D:\Potato\IrishPotato37G\healthy\healthy5153.jpg,healthy,irish
D:\Potato\IrishPotato37G\healthy\healthy4018.jpg,healthy,irish
D:\Potato\IrishPotato37G\lateblt\Lateblt2382.jpg,late_blight,irish
D:\Potato\IrishPotato37G\lateblt\Lateblt2635.jpg,late_blight,irish
D:\Potato\IrishPotato37G\earlyblt\Earlyblt3313.jpg,early_blight,irish
D:\Potato\IrishPotato37G\earlyblt\Earlyblt4672.jpg,early_blight,irish
D:\Potato\IrishPotato37G\lateblt\Lateblt1828_1.jpg,late_blight,irish
D:\Potato\IrishPotato37G\earlyblt\Earlyblt6661.jpg,early_blight,irish
D:\Potato\IrishPotato37G\lateblt\Lateblt279.jpg,late_blight,irish
D:\Potato\IrishPotato37G\earlyblt\Earlyblt2303.JPG,early_blight,irish
D:\Potato\IrishPotato37G\lateblt\Lateblt2068.jpg,late_blight,irish
D:\Potato\IrishPotato37G\lateblt\Lateblt436.jpg,late_blight,irish
D:\Potato\IrishPotato37G\healthy\healthy1183.jpg,healthy,irish
D:\Potato\IrishPotato37G\earlyblt\Earlyblt3218.jpg,early_blight,irish
D:\Potato\IrishPotato37G\earlyblt\Earlyblt4894.jpg,early_blight,irish
D:\Potato\IrishPotato37G\lateblt\Lateblt288.jpg,late_blight,irish
D:\Potato\IrishPotato37G\earlyblt\Earlyblt519.JPG,early_blight,irish
D:\Potato\IrishPotato37G\healthy\healthy4131.jpg,healthy,irish
D:\Potato\IrishPotato37G\lateblt\Lateblt1651.jpg,late_blight,irish
D:\Potato\IrishPotato37G\lateblt\Lateblt12.jpg,late_blight,irish
D:\Potato\IrishPotato37G\healthy\healthy1013.jpg,healthy,irish
D:\Potato\IrishPotato37G\lateblt\Lateblt404.jpg,late_blight,irish
D:\Potato\IrishPotato37G\lateblt\Lateblt2948.jpg,late_blight,irish
D:\Potato\IrishPotato37G\earlyblt\Earlyblt603.JPG,early_blight,irish
D:\Potato\IrishPotato37G\earlyblt\Earlyblt1880.JPG,early_blight,irish
D:\Potato\IrishPotato37G\healthy\healthy3354.jpg,healthy,irish
D:\Potato\IrishPotato37G\earlyblt\Earlyblt1647.JPG,early_blight,irish
D:\Potato\IrishPotato37G\healthy\healthy4912.jpg,healthy,irish
D:\Potato\IrishPotato37G\healthy\healthy5236.jpg,healthy,irish
D:\Potato\IrishPotato37G\earlyblt\Earlyblt6226.JPG,early_blight,irish
D:\Potato\IrishPotato37G\earlyblt\Earlyblt6421.JPG,early_blight,irish
D:\Potato\IrishPotato37G\lateblt\Lateblt2759.jpg,late_blight,irish
D:\Potato\IrishPotato37G\healthy\healthy5440.jpg,healthy,irish
D:\Potato\IrishPotato37G\lateblt\Lateblt2740.jpg,late_blight,irish
D:\Potato\IrishPotato37G\lateblt\Lateblt1177.jpg,late_blight,irish
D:\Potato\IrishPotato37G\earlyblt\Earlyblt808.JPG,early_blight,irish
D:\Potato\IrishPotato37G\lateblt\Lateblt908.jpg,late_blight,irish
D:\Potato\IrishPotato37G\earlyblt\Earlyblt13.JPG,early_blight,irish
D:\Potato\IrishPotato37G\earlyblt\Earlyblt3556.jpg,early_blight,irish
D:\Potato\IrishPotato37G\lateblt\Lateblt2771.jpg,late_blight,irish
D:\Potato\IrishPotato37G\lateblt\Lateblt733.jpg,late_blight,irish
D:\Potato\IrishPotato37G\lateblt\Lateblt263.jpg,late_blight,irish
D:\Potato\IrishPotato37G\healthy\healthy2166.jpg,healthy,irish
D:\Potato\IrishPotato37G\healthy\healthy128.jpg,healthy,irish
D:\Potato\IrishPotato37G\lateblt\Lateblt2226.jpg,late_blight,irish
D:\Potato\IrishPotato37G\earlyblt\Earlyblt4847.JPG,early_blight,irish
D:\Potato\IrishPotato37G\healthy\healthy1670.jpg,healthy,irish
D:\Potato\IrishPotato37G\earlyblt\Earlyblt1807.JPG,early_blight,irish
D:\Potato\IrishPotato37G\earlyblt\Earlyblt3030.JPG,early_blight,irish
D:\Potato\IrishPotato37G\healthy\healthy3663.jpg,healthy,irish
D:\Potato\IrishPotato37G\earlyblt\Earlyblt6089.jpg,early_blight,irish
D:\Potato\IrishPotato37G\earlyblt\Earlyblt685.JPG,early_blight,irish
D:\Potato\IrishPotato37G\lateblt\Lateblt1474.jpg,late_blight,irish
D:\Potato\IrishPotato37G\healthy\healthy4231.jpg,healthy,irish
D:\Potato\IrishPotato37G\healthy\healthy4245.jpg,healthy,irish
D:\Potato\IrishPotato37G\healthy\healthy5215.jpg,healthy,irish
D:\Potato\IrishPotato37G\earlyblt\Earlyblt517.JPG,early_blight,irish
D:\Potato\IrishPotato37G\lateblt\Lateblt2707.jpg,late_blight,irish
D:\Potato\IrishPotato37G\lateblt\Lateblt710.jpg,late_blight,irish
D:\Potato\IrishPotato37G\lateblt\Lateblt5013.jpg,late_blight,irish
D:\Potato\IrishPotato37G\earlyblt\Earlyblt3826.jpg,early_blight,irish
D:\Potato\IrishPotato37G\earlyblt\Earlyblt812.JPG,early_blight,irish
D:\Potato\IrishPotato37G\earlyblt\Earlyblt2206.JPG,early_blight,irish
D:\Potato\IrishPotato37G\earlyblt\Earlyblt3891.jpg,early_blight,irish
D:\Potato\IrishPotato37G\earlyblt\Earlyblt2815.JPG,early_blight,irish
D:\Potato\IrishPotato37G\healthy\healthy1205.jpg,healthy,irish
D:\Potato\IrishPotato37G\earlyblt\Earlyblt221.JPG,early_blight,irish
D:\Potato\IrishPotato37G\lateblt\Lateblt6.jpg,late_blight,irish
D:\Potato\IrishPotato37G\lateblt\Lateblt2328.jpg,late_blight,irish
D:\Potato\IrishPotato37G\healthy\healthy516.jpg,healthy,irish
D:\Potato\IrishPotato37G\healthy\healthy2075.jpg,healthy,irish
D:\Potato\IrishPotato37G\lateblt\Lateblt612.jpg,late_blight,irish
D:\Potato\IrishPotato37G\lateblt\Lateblt1291.jpg,late_blight,irish
D:\Potato\IrishPotato37G\earlyblt\Earlyblt2244.JPG,early_blight,irish
D:\Potato\IrishPotato37G\earlyblt\Earlyblt1779.JPG,early_blight,irish
D:\Potato\IrishPotato37G\healthy\healthy4855.jpg,healthy,irish
D:\Potato\IrishPotato37G\healthy\healthy4596.jpg,healthy,irish
D:\Potato\IrishPotato37G\lateblt\Lateblt2914.jpg,late_blight,irish
D:\Potato\IrishPotato37G\lateblt\Lateblt83.jpg,late_blight,irish
D:\Potato\IrishPotato37G\earlyblt\Earlyblt2968.JPG,early_blight,irish
D:\Potato\IrishPotato37G\earlyblt\Earlyblt6230.JPG,early_blight,irish
D:\Potato\IrishPotato37G\healthy\healthy2272.jpg,healthy,irish
D:\Potato\IrishPotato37G\healthy\healthy1081.jpg,healthy,irish
D:\Potato\IrishPotato37G\healthy\healthy1861.jpg,healthy,irish
D:\Potato\IrishPotato37G\lateblt\Lateblt836.jpg,late_blight,irish
D:\Potato\IrishPotato37G\healthy\healthy4826.jpg,healthy,irish
D:\Potato\IrishPotato37G\earlyblt\Earlyblt3584.jpg,early_blight,irish
D:\Potato\IrishPotato37G\healthy\healthy2171.jpg,healthy,irish
D:\Potato\IrishPotato37G\lateblt\Lateblt2611.jpg,late_blight,irish
D:\Potato\IrishPotato37G\earlyblt\Earlyblt574.JPG,early_blight,irish
D:\Potato\IrishPotato37G\lateblt\Lateblt2378.jpg,late_blight,irish
D:\Potato\IrishPotato37G\earlyblt\Earlyblt4802.JPG,early_blight,irish
D:\Potato\IrishPotato37G\earlyblt\Earlyblt456.JPG,early_blight,irish
D:\Potato\IrishPotato37G\healthy\healthy1994.jpg,healthy,irish
D:\Potato\IrishPotato37G\healthy\healthy2279.jpg,healthy,irish
D:\Potato\IrishPotato37G\earlyblt\Earlyblt6628.jpg,early_blight,irish
D:\Potato\IrishPotato37G\healthy\healthy1230.jpg,healthy,irish
D:\Potato\IrishPotato37G\lateblt\Lateblt1671.jpg,late_blight,irish
D:\Potato\IrishPotato37G\healthy\healthy183.jpg,healthy,irish
D:\Potato\IrishPotato37G\healthy\healthy4888.jpg,healthy,irish
D:\Potato\IrishPotato37G\healthy\healthy449.jpg,healthy,irish
D:\Potato\IrishPotato37G\lateblt\Lateblt2702.jpg,late_blight,irish
D:\Potato\IrishPotato37G\lateblt\Lateblt798.jpg,late_blight,irish
D:\Potato\IrishPotato37G\earlyblt\Earlyblt883.JPG,early_blight,irish
D:\Potato\IrishPotato37G\earlyblt\Earlyblt1328.JPG,early_blight,irish
D:\Potato\IrishPotato37G\lateblt\Lateblt1458.jpg,late_blight,irish
D:\Potato\IrishPotato37G\earlyblt\Earlyblt3009.JPG,early_blight,irish
D:\Potato\IrishPotato37G\healthy\healthy1177.jpg,healthy,irish
D:\Potato\IrishPotato37G\healthy\healthy4090.jpg,healthy,irish
D:\Potato\IrishPotato37G\healthy\healthy4764.jpg,healthy,irish
D:\Potato\IrishPotato37G\healthy\healthy3365.jpg,healthy,irish
D:\Potato\IrishPotato37G\earlyblt\Earlyblt1199.JPG,early_blight,irish
D:\Potato\IrishPotato37G\lateblt\Lateblt890.jpg,late_blight,irish
D:\Potato\IrishPotato37G\lateblt\Lateblt260.jpg,late_blight,irish
D:\Potato\IrishPotato37G\healthy\healthy1343.jpg,healthy,irish
D:\Potato\IrishPotato37G\lateblt\Lateblt1817.jpg,late_blight,irish
D:\Potato\IrishPotato37G\lateblt\Lateblt2562.jpg,late_blight,irish
D:\Potato\IrishPotato37G\lateblt\Lateblt1045.jpg,late_blight,irish
D:\Potato\IrishPotato37G\earlyblt\Earlyblt2940.JPG,early_blight,irish
D:\Potato\IrishPotato37G\healthy\healthy1529.jpg,healthy,irish
D:\Potato\IrishPotato37G\healthy\healthy2989.jpg,healthy,irish
D:\Potato\IrishPotato37G\healthy\healthy2028.jpg,healthy,irish
D:\Potato\IrishPotato37G\lateblt\Lateblt191.jpg,late_blight,irish
D:\Potato\IrishPotato37G\earlyblt\Earlyblt2095.JPG,early_blight,irish
D:\Potato\IrishPotato37G\lateblt\Lateblt1561.jpg,late_blight,irish
D:\Potato\IrishPotato37G\earlyblt\Earlyblt3298.jpg,early_blight,irish
D:\Potato\IrishPotato37G\lateblt\Lateblt239.jpg,late_blight,irish
D:\Potato\IrishPotato37G\earlyblt\Earlyblt1935.JPG,early_blight,irish
D:\Potato\IrishPotato37G\lateblt\Lateblt959.jpg,late_blight,irish
D:\Potato\IrishPotato37G\earlyblt\Earlyblt3911.jpg,early_blight,irish
D:\Potato\IrishPotato37G\healthy\healthy4199.jpg,healthy,irish
D:\Potato\IrishPotato37G\earlyblt\Earlyblt4820.jpg,early_blight,irish
D:\Potato\IrishPotato37G\lateblt\Lateblt446.jpg,late_blight,irish
D:\Potato\IrishPotato37G\healthy\healthy3325.jpg,healthy,irish
D:\Potato\IrishPotato37G\healthy\healthy5633.jpg,healthy,irish
D:\Potato\IrishPotato37G\earlyblt\Earlyblt7016.JPG,early_blight,irish
D:\Potato\IrishPotato37G\earlyblt\Earlyblt2287.JPG,early_blight,irish
D:\Potato\IrishPotato37G\earlyblt\Earlyblt3072.JPG,early_blight,irish
D:\Potato\IrishPotato37G\lateblt\Lateblt232.jpg,late_blight,irish
D:\Potato\IrishPotato37G\healthy\healthy4626.jpg,healthy,irish
D:\Potato\IrishPotato37G\lateblt\Lateblt2357.jpg,late_blight,irish
D:\Potato\IrishPotato37G\healthy\healthy4892.jpg,healthy,irish
D:\Potato\IrishPotato37G\lateblt\Lateblt2933.jpg,late_blight,irish
D:\Potato\IrishPotato37G\earlyblt\Earlyblt2630.JPG,early_blight,irish
D:\Potato\IrishPotato37G\healthy\healthy3912.jpg,healthy,irish
D:\Potato\IrishPotato37G\healthy\healthy3158.jpg,healthy,irish
D:\Potato\IrishPotato37G\healthy\healthy3335.jpg,healthy,irish
D:\Potato\IrishPotato37G\lateblt\Lateblt123.jpg,late_blight,irish
D:\Potato\IrishPotato37G\healthy\healthy1292.jpg,healthy,irish
D:\Potato\IrishPotato37G\lateblt\Lateblt915.jpg,late_blight,irish
D:\Potato\IrishPotato37G\healthy\healthy2163.jpg,healthy,irish
D:\Potato\IrishPotato37G\healthy\healthy698.jpg,healthy,irish
D:\Potato\IrishPotato37G\healthy\healthy930.jpg,healthy,irish
D:\Potato\IrishPotato37G\earlyblt\Earlyblt412.JPG,early_blight,irish
D:\Potato\IrishPotato37G\lateblt\Lateblt2256.jpg,late_blight,irish
D:\Potato\IrishPotato37G\earlyblt\Earlyblt6612.jpg,early_blight,irish
D:\Potato\IrishPotato37G\healthy\healthy4126.jpg,healthy,irish
D:\Potato\IrishPotato37G\earlyblt\Earlyblt2535.JPG,early_blight,irish
D:\Potato\IrishPotato37G\earlyblt\Earlyblt2409.JPG,early_blight,irish
D:\Potato\IrishPotato37G\earlyblt\Earlyblt1560.JPG,early_blight,irish
D:\Potato\IrishPotato37G\healthy\healthy140.jpg,healthy,irish
D:\Potato\IrishPotato37G\earlyblt\Earlyblt6278.JPG,early_blight,irish
D:\Potato\IrishPotato37G\earlyblt\Earlyblt1352.JPG,early_blight,irish
D:\Potato\IrishPotato37G\lateblt\Lateblt568.jpg,late_blight,irish
D:\Potato\IrishPotato37G\healthy\healthy1106.jpg,healthy,irish
D:\Potato\IrishPotato37G\earlyblt\Earlyblt6067.jpg,early_blight,irish
D:\Potato\IrishPotato37G\healthy\healthy3986.jpg,healthy,irish
D:\Potato\IrishPotato37G\lateblt\Lateblt2455.jpg,late_blight,irish
D:\Potato\IrishPotato37G\healthy\healthy3035.jpg,healthy,irish
D:\Potato\IrishPotato37G\lateblt\Lateblt2915.jpg,late_blight,irish
D:\Potato\IrishPotato37G\healthy\healthy2213.jpg,healthy,irish
D:\Potato\IrishPotato37G\earlyblt\Earlyblt1851.JPG,early_blight,irish
D:\Potato\IrishPotato37G\earlyblt\Earlyblt1205.JPG,early_blight,irish
D:\Potato\IrishPotato37G\lateblt\Lateblt167.jpg,late_blight,irish
D:\Potato\IrishPotato37G\earlyblt\Earlyblt2016.JPG,early_blight,irish
D:\Potato\IrishPotato37G\lateblt\Lateblt2427.jpg,late_blight,irish
D:\Potato\IrishPotato37G\lateblt\Lateblt673.jpg,late_blight,irish
D:\Potato\IrishPotato37G\healthy\healthy1518.jpg,healthy,irish
D:\Potato\IrishPotato37G\earlyblt\Earlyblt2605.JPG,early_blight,irish
D:\Potato\IrishPotato37G\lateblt\Lateblt1125.jpg,late_blight,irish
D:\Potato\IrishPotato37G\healthy\healthy4343.jpg,healthy,irish
D:\Potato\IrishPotato37G\healthy\healthy4833.jpg,healthy,irish
D:\Potato\IrishPotato37G\earlyblt\Earlyblt3326.jpg,early_blight,irish
D:\Potato\IrishPotato37G\earlyblt\Earlyblt2802.JPG,early_blight,irish
D:\Potato\IrishPotato37G\healthy\healthy1981.jpg,healthy,irish
D:\Potato\IrishPotato37G\healthy\healthy3352.jpg,healthy,irish
D:\Potato\IrishPotato37G\healthy\healthy172.jpg,healthy,irish
D:\Potato\IrishPotato37G\earlyblt\Earlyblt3053.JPG,early_blight,irish
D:\Potato\IrishPotato37G\lateblt\Lateblt1585.jpg,late_blight,irish
D:\Potato\IrishPotato37G\earlyblt\Earlyblt6306.JPG,early_blight,irish
D:\Potato\IrishPotato37G\lateblt\Lateblt1433.jpg,late_blight,irish
D:\Potato\IrishPotato37G\healthy\healthy2376.jpg,healthy,irish
D:\Potato\IrishPotato37G\earlyblt\Earlyblt6625.jpg,early_blight,irish
D:\Potato\IrishPotato37G\earlyblt\Earlyblt6882.JPG,early_blight,irish
D:\Potato\IrishPotato37G\lateblt\Lateblt196.jpg,late_blight,irish
D:\Potato\IrishPotato37G\lateblt\Lateblt202.jpg,late_blight,irish
D:\Potato\IrishPotato37G\lateblt\Lateblt2199.jpg,late_blight,irish
D:\Potato\IrishPotato37G\lateblt\Lateblt82.jpg,late_blight,irish
D:\Potato\IrishPotato37G\healthy\healthy3509.jpg,healthy,irish
D:\Potato\IrishPotato37G\earlyblt\Earlyblt2141.JPG,early_blight,irish
D:\Potato\IrishPotato37G\earlyblt\Earlyblt3560.jpg,early_blight,irish
D:\Potato\IrishPotato37G\healthy\healthy3279.jpg,healthy,irish
D:\Potato\IrishPotato37G\earlyblt\Earlyblt6281.JPG,early_blight,irish
D:\Potato\IrishPotato37G\earlyblt\Earlyblt6710.jpg,early_blight,irish
D:\Potato\IrishPotato37G\earlyblt\Earlyblt1316.JPG,early_blight,irish
D:\Potato\IrishPotato37G\earlyblt\Earlyblt1792.JPG,early_blight,irish
D:\Potato\IrishPotato37G\earlyblt\Earlyblt4994.jpg,early_blight,irish
D:\Potato\IrishPotato37G\lateblt\Lateblt2053.jpg,late_blight,irish
D:\Potato\IrishPotato37G\earlyblt\Earlyblt3629.jpg,early_blight,irish
D:\Potato\IrishPotato37G\lateblt\Lateblt954.jpg,late_blight,irish
D:\Potato\IrishPotato37G\earlyblt\Earlyblt4852.jpg,early_blight,irish
D:\Potato\IrishPotato37G\healthy\healthy5483.jpg,healthy,irish
D:\Potato\IrishPotato37G\healthy\healthy143.jpg,healthy,irish
D:\Potato\IrishPotato37G\earlyblt\Earlyblt5955.jpg,early_blight,irish
D:\Potato\IrishPotato37G\healthy\healthy260.jpg,healthy,irish
D:\Potato\IrishPotato37G\healthy\healthy5550.jpg,healthy,irish
D:\Potato\IrishPotato37G\healthy\healthy5395.jpg,healthy,irish
D:\Potato\IrishPotato37G\healthy\healthy3819.jpg,healthy,irish
D:\Potato\IrishPotato37G\lateblt\Lateblt111.jpg,late_blight,irish
D:\Potato\IrishPotato37G\lateblt\Lateblt2657.jpg,late_blight,irish
D:\Potato\IrishPotato37G\earlyblt\Earlyblt2693.JPG,early_blight,irish
D:\Potato\IrishPotato37G\lateblt\Lateblt1060.jpg,late_blight,irish
D:\Potato\IrishPotato37G\earlyblt\Earlyblt1092.JPG,early_blight,irish
D:\Potato\IrishPotato37G\lateblt\Lateblt3000.jpg,late_blight,irish
D:\Potato\IrishPotato37G\healthy\healthy4798.jpg,healthy,irish
D:\Potato\IrishPotato37G\earlyblt\Earlyblt2640.JPG,early_blight,irish
D:\Potato\IrishPotato37G\earlyblt\Earlyblt143.JPG,early_blight,irish
D:\Potato\IrishPotato37G\healthy\healthy4120.jpg,healthy,irish
D:\Potato\IrishPotato37G\lateblt\Lateblt435.jpg,late_blight,irish
D:\Potato\IrishPotato37G\lateblt\Lateblt223.jpg,late_blight,irish
D:\Potato\IrishPotato37G\lateblt\Lateblt656.jpg,late_blight,irish
D:\Potato\IrishPotato37G\healthy\healthy1526.jpg,healthy,irish
D:\Potato\IrishPotato37G\earlyblt\Earlyblt3048.JPG,early_blight,irish
D:\Potato\IrishPotato37G\healthy\healthy1241.jpg,healthy,irish
D:\Potato\IrishPotato37G\healthy\healthy3481.jpg,healthy,irish
D:\Potato\IrishPotato37G\lateblt\Lateblt2335.jpg,late_blight,irish
D:\Potato\IrishPotato37G\lateblt\Lateblt1196.jpg,late_blight,irish
D:\Potato\IrishPotato37G\lateblt\Lateblt358.jpg,late_blight,irish
D:\Potato\IrishPotato37G\healthy\healthy3486.jpg,healthy,irish
D:\Potato\IrishPotato37G\lateblt\Lateblt1088.jpg,late_blight,irish
D:\Potato\IrishPotato37G\healthy\healthy2327.jpg,healthy,irish
D:\Potato\IrishPotato37G\lateblt\Lateblt2545.jpg,late_blight,irish
D:\Potato\IrishPotato37G\lateblt\Lateblt1946.jpg,late_blight,irish
D:\Potato\IrishPotato37G\lateblt\Lateblt240.jpg,late_blight,irish
D:\Potato\IrishPotato37G\healthy\healthy2350.jpg,healthy,irish
D:\Potato\IrishPotato37G\lateblt\Lateblt1254.jpg,late_blight,irish
D:\Potato\IrishPotato37G\healthy\healthy3876.jpg,healthy,irish
D:\Potato\IrishPotato37G\lateblt\Lateblt1887.jpg,late_blight,irish
D:\Potato\IrishPotato37G\lateblt\Lateblt5016.jpg,late_blight,irish
D:\Potato\IrishPotato37G\healthy\healthy166.jpg,healthy,irish
D:\Potato\IrishPotato37G\earlyblt\Earlyblt1351.JPG,early_blight,irish
D:\Potato\IrishPotato37G\lateblt\Lateblt2194.jpg,late_blight,irish
D:\Potato\IrishPotato37G\healthy\healthy4871.jpg,healthy,irish
D:\Potato\IrishPotato37G\lateblt\Lateblt2861.jpg,late_blight,irish
D:\Potato\IrishPotato37G\earlyblt\Earlyblt341.JPG,early_blight,irish
D:\Potato\IrishPotato37G\lateblt\Lateblt5051.jpg,late_blight,irish
D:\Potato\IrishPotato37G\healthy\healthy4770.jpg,healthy,irish
D:\Potato\IrishPotato37G\earlyblt\Earlyblt6158.JPG,early_blight,irish
D:\Potato\IrishPotato37G\earlyblt\Earlyblt584.JPG,early_blight,irish
D:\Potato\IrishPotato37G\lateblt\Lateblt1578.jpg,late_blight,irish
D:\Potato\IrishPotato37G\earlyblt\Earlyblt2878.JPG,early_blight,irish
D:\Potato\IrishPotato37G\lateblt\Lateblt1920.jpg,late_blight,irish
D:\Potato\IrishPotato37G\earlyblt\Earlyblt330.JPG,early_blight,irish
D:\Potato\IrishPotato37G\healthy\healthy3210.jpg,healthy,irish
D:\Potato\IrishPotato37G\earlyblt\Earlyblt5906.jpg,early_blight,irish
D:\Potato\IrishPotato37G\lateblt\Lateblt616.jpg,late_blight,irish
D:\Potato\IrishPotato37G\healthy\healthy240.jpg,healthy,irish
D:\Potato\IrishPotato37G\healthy\healthy2500.jpg,healthy,irish
D:\Potato\IrishPotato37G\lateblt\Lateblt2596.jpg,late_blight,irish
D:\Potato\IrishPotato37G\lateblt\Lateblt928.jpg,late_blight,irish
D:\Potato\IrishPotato37G\healthy\healthy3535.jpg,healthy,irish
D:\Potato\IrishPotato37G\earlyblt\Earlyblt3926.jpg,early_blight,irish
D:\Potato\IrishPotato37G\healthy\healthy1880.jpg,healthy,irish
D:\Potato\IrishPotato37G\lateblt\Lateblt2842.jpg,late_blight,irish
D:\Potato\IrishPotato37G\earlyblt\Earlyblt1286.JPG,early_blight,irish
D:\Potato\IrishPotato37G\healthy\healthy4497.jpg,healthy,irish
D:\Potato\IrishPotato37G\lateblt\Lateblt848.jpg,late_blight,irish
D:\Potato\IrishPotato37G\lateblt\Lateblt2246.jpg,late_blight,irish
D:\Potato\IrishPotato37G\healthy\healthy4677.jpg,healthy,irish
D:\Potato\IrishPotato37G\healthy\healthy1874.jpg,healthy,irish
D:\Potato\IrishPotato37G\earlyblt\Earlyblt669.JPG,early_blight,irish
D:\Potato\IrishPotato37G\earlyblt\Earlyblt282.JPG,early_blight,irish
D:\Potato\IrishPotato37G\lateblt\Lateblt207.jpg,late_blight,irish
D:\Potato\IrishPotato37G\lateblt\Lateblt1038.jpg,late_blight,irish
D:\Potato\IrishPotato37G\earlyblt\Earlyblt1099.JPG,early_blight,irish
D:\Potato\IrishPotato37G\earlyblt\Earlyblt478.JPG,early_blight,irish
D:\Potato\IrishPotato37G\lateblt\Lateblt192.jpg,late_blight,irish
D:\Potato\IrishPotato37G\lateblt\Lateblt455.jpg,late_blight,irish
D:\Potato\IrishPotato37G\healthy\healthy1744.jpg,healthy,irish
D:\Potato\IrishPotato37G\lateblt\Lateblt590.jpg,late_blight,irish
D:\Potato\IrishPotato37G\healthy\healthy2413.jpg,healthy,irish
D:\Potato\IrishPotato37G\healthy\healthy5241.jpg,healthy,irish
D:\Potato\IrishPotato37G\healthy\healthy2360.jpg,healthy,irish
D:\Potato\IrishPotato37G\healthy\healthy4998.jpg,healthy,irish
D:\Potato\IrishPotato37G\earlyblt\Earlyblt6302.JPG,early_blight,irish
D:\Potato\IrishPotato37G\healthy\healthy2304.jpg,healthy,irish
D:\Potato\IrishPotato37G\lateblt\Lateblt2551.jpg,late_blight,irish
D:\Potato\IrishPotato37G\earlyblt\Earlyblt1701.JPG,early_blight,irish
D:\Potato\IrishPotato37G\lateblt\Lateblt236.jpg,late_blight,irish
D:\Potato\IrishPotato37G\earlyblt\Earlyblt3142.jpg,early_blight,irish
D:\Potato\IrishPotato37G\earlyblt\Earlyblt1380.JPG,early_blight,irish
D:\Potato\IrishPotato37G\lateblt\Lateblt1518.jpg,late_blight,irish
D:\Potato\IrishPotato37G\earlyblt\Earlyblt768.JPG,early_blight,irish
D:\Potato\IrishPotato37G\earlyblt\Earlyblt2662.JPG,early_blight,irish
D:\Potato\IrishPotato37G\healthy\healthy1578.jpg,healthy,irish
D:\Potato\IrishPotato37G\healthy\healthy569.jpg,healthy,irish
D:\Potato\IrishPotato37G\healthy\healthy3382.jpg,healthy,irish
D:\Potato\IrishPotato37G\earlyblt\Earlyblt1331.JPG,early_blight,irish
D:\Potato\IrishPotato37G\earlyblt\Earlyblt4742.JPG,early_blight,irish
D:\Potato\IrishPotato37G\lateblt\Lateblt2890.jpg,late_blight,irish
D:\Potato\IrishPotato37G\lateblt\Lateblt2280.jpg,late_blight,irish
D:\Potato\IrishPotato37G\lateblt\Lateblt1947.jpg,late_blight,irish
D:\Potato\IrishPotato37G\lateblt\Lateblt2264.jpg,late_blight,irish
D:\Potato\IrishPotato37G\earlyblt\Earlyblt4878.jpg,early_blight,irish
D:\Potato\IrishPotato37G\lateblt\Lateblt1909.jpg,late_blight,irish
D:\Potato\IrishPotato37G\healthy\healthy592.jpg,healthy,irish
D:\Potato\IrishPotato37G\healthy\healthy4959.jpg,healthy,irish
D:\Potato\IrishPotato37G\healthy\healthy4583.jpg,healthy,irish
D:\Potato\IrishPotato37G\healthy\healthy393.jpg,healthy,irish
D:\Potato\IrishPotato37G\healthy\healthy1609.jpg,healthy,irish
D:\Potato\IrishPotato37G\healthy\healthy3498.jpg,healthy,irish
D:\Potato\IrishPotato37G\lateblt\Lateblt1311.jpg,late_blight,irish
D:\Potato\IrishPotato37G\healthy\healthy3714.jpg,healthy,irish
D:\Potato\IrishPotato37G\lateblt\Lateblt2730.jpg,late_blight,irish
D:\Potato\IrishPotato37G\earlyblt\Earlyblt3286.jpg,early_blight,irish
D:\Potato\IrishPotato37G\lateblt\Lateblt17.jpg,late_blight,irish
D:\Potato\IrishPotato37G\healthy\healthy4972.jpg,healthy,irish
D:\Potato\IrishPotato37G\healthy\healthy1733.jpg,healthy,irish
D:\Potato\IrishPotato37G\earlyblt\Earlyblt1535.JPG,early_blight,irish
D:\Potato\IrishPotato37G\earlyblt\Earlyblt6514.JPG,early_blight,irish
D:\Potato\IrishPotato37G\healthy\healthy2896.jpg,healthy,irish
D:\Potato\IrishPotato37G\earlyblt\Earlyblt2073.JPG,early_blight,irish
D:\Potato\IrishPotato37G\healthy\healthy4485.jpg,healthy,irish
D:\Potato\IrishPotato37G\healthy\healthy3170.jpg,healthy,irish
D:\Potato\IrishPotato37G\lateblt\Lateblt2186.jpg,late_blight,irish
D:\Potato\IrishPotato37G\earlyblt\Earlyblt4969.jpg,early_blight,irish
D:\Potato\IrishPotato37G\healthy\healthy510.jpg,healthy,irish
D:\Potato\IrishPotato37G\healthy\healthy5589.jpg,healthy,irish
D:\Potato\IrishPotato37G\healthy\healthy5086.jpg,healthy,irish
D:\Potato\IrishPotato37G\healthy\healthy2433.jpg,healthy,irish
D:\Potato\IrishPotato37G\earlyblt\Earlyblt6534.jpg,early_blight,irish
D:\Potato\IrishPotato37G\earlyblt\Earlyblt2075.JPG,early_blight,irish
D:\Potato\IrishPotato37G\lateblt\Lateblt294.jpg,late_blight,irish
D:\Potato\IrishPotato37G\earlyblt\Earlyblt3431.jpg,early_blight,irish
D:\Potato\IrishPotato37G\earlyblt\Earlyblt6553.jpg,early_blight,irish
D:\Potato\IrishPotato37G\earlyblt\Earlyblt3919.jpg,early_blight,irish
D:\Potato\IrishPotato37G\lateblt\Lateblt512.jpg,late_blight,irish
D:\Potato\IrishPotato37G\earlyblt\Earlyblt1356.JPG,early_blight,irish
D:\Potato\IrishPotato37G\healthy\healthy2153.jpg,healthy,irish
D:\Potato\IrishPotato37G\lateblt\Lateblt1126.jpg,late_blight,irish
D:\Potato\IrishPotato37G\healthy\healthy824.jpg,healthy,irish
D:\Potato\IrishPotato37G\lateblt\Lateblt2788.jpg,late_blight,irish
D:\Potato\IrishPotato37G\healthy\healthy597.jpg,healthy,irish
D:\Potato\IrishPotato37G\healthy\healthy801.jpg,healthy,irish
D:\Potato\IrishPotato37G\lateblt\Lateblt2195.jpg,late_blight,irish
D:\Potato\IrishPotato37G\earlyblt\Earlyblt483.JPG,early_blight,irish
D:\Potato\IrishPotato37G\earlyblt\Earlyblt239.JPG,early_blight,irish
D:\Potato\IrishPotato37G\earlyblt\Earlyblt6269.JPG,early_blight,irish
D:\Potato\IrishPotato37G\lateblt\Lateblt5010.jpg,late_blight,irish
D:\Potato\IrishPotato37G\earlyblt\Earlyblt1980.JPG,early_blight,irish
D:\Potato\IrishPotato37G\healthy\healthy2689.jpg,healthy,irish
D:\Potato\IrishPotato37G\earlyblt\Earlyblt6738.jpg,early_blight,irish
D:\Potato\IrishPotato37G\healthy\healthy4835.jpg,healthy,irish
D:\Potato\IrishPotato37G\lateblt\Lateblt1242.jpg,late_blight,irish
D:\Potato\IrishPotato37G\healthy\healthy1766.jpg,healthy,irish
D:\Potato\IrishPotato37G\healthy\healthy4560.jpg,healthy,irish
D:\Potato\IrishPotato37G\healthy\healthy2382.jpg,healthy,irish
D:\Potato\IrishPotato37G\lateblt\Lateblt2249.jpg,late_blight,irish
D:\Potato\IrishPotato37G\healthy\healthy710.jpg,healthy,irish
D:\Potato\IrishPotato37G\earlyblt\Earlyblt6135.jpg,early_blight,irish
D:\Potato\IrishPotato37G\earlyblt\Earlyblt1916.JPG,early_blight,irish
D:\Potato\IrishPotato37G\healthy\healthy204.jpg,healthy,irish
D:\Potato\IrishPotato37G\earlyblt\Earlyblt6069.jpg,early_blight,irish
D:\Potato\IrishPotato37G\earlyblt\Earlyblt4759.JPG,early_blight,irish
D:\Potato\IrishPotato37G\earlyblt\Earlyblt1435.JPG,early_blight,irish
D:\Potato\IrishPotato37G\earlyblt\Earlyblt3786.jpg,early_blight,irish
D:\Potato\IrishPotato37G\healthy\healthy371.jpg,healthy,irish
D:\Potato\IrishPotato37G\healthy\healthy1751.jpg,healthy,irish
D:\Potato\IrishPotato37G\earlyblt\Earlyblt4729.JPG,early_blight,irish
D:\Potato\IrishPotato37G\lateblt\Lateblt1970.jpg,late_blight,irish
D:\Potato\IrishPotato37G\lateblt\Lateblt1295.jpg,late_blight,irish
D:\Potato\IrishPotato37G\healthy\healthy2071.jpg,healthy,irish
D:\Potato\IrishPotato37G\earlyblt\Earlyblt2911.JPG,early_blight,irish
D:\Potato\IrishPotato37G\healthy\healthy2168.jpg,healthy,irish
D:\Potato\IrishPotato37G\earlyblt\Earlyblt1440.JPG,early_blight,irish
D:\Potato\IrishPotato37G\earlyblt\Earlyblt511.JPG,early_blight,irish
D:\Potato\IrishPotato37G\earlyblt\Earlyblt2483.JPG,early_blight,irish
D:\Potato\IrishPotato37G\lateblt\Lateblt411.jpg,late_blight,irish
D:\Potato\IrishPotato37G\lateblt\Lateblt74.jpg,late_blight,irish
D:\Potato\IrishPotato37G\earlyblt\Earlyblt448.JPG,early_blight,irish
D:\Potato\IrishPotato37G\earlyblt\Earlyblt6615.jpg,early_blight,irish
D:\Potato\IrishPotato37G\earlyblt\Earlyblt6672.jpg,early_blight,irish
D:\Potato\IrishPotato37G\lateblt\Lateblt903.jpg,late_blight,irish
D:\Potato\IrishPotato37G\earlyblt\Earlyblt6767.jpg,early_blight,irish
D:\Potato\IrishPotato37G\earlyblt\Earlyblt3468.jpg,early_blight,irish
D:\Potato\IrishPotato37G\lateblt\Lateblt2538.jpg,late_blight,irish
D:\Potato\IrishPotato37G\lateblt\Lateblt1889.jpg,late_blight,irish
D:\Potato\IrishPotato37G\healthy\healthy2454.jpg,healthy,irish
D:\Potato\IrishPotato37G\healthy\healthy3841.jpg,healthy,irish
D:\Potato\IrishPotato37G\healthy\healthy5417.jpg,healthy,irish
D:\Potato\IrishPotato37G\earlyblt\Earlyblt154.JPG,early_blight,irish
D:\Potato\IrishPotato37G\lateblt\Lateblt34.jpg,late_blight,irish
D:\Potato\IrishPotato37G\healthy\healthy1715.jpg,healthy,irish
D:\Potato\IrishPotato37G\healthy\healthy3538.jpg,healthy,irish
D:\Potato\IrishPotato37G\earlyblt\Earlyblt5998.jpg,early_blight,irish
D:\Potato\IrishPotato37G\healthy\healthy4448.jpg,healthy,irish
D:\Potato\IrishPotato37G\lateblt\Lateblt2791.jpg,late_blight,irish
D:\Potato\IrishPotato37G\lateblt\Lateblt2570.jpg,late_blight,irish
D:\Potato\IrishPotato37G\healthy\healthy2871.jpg,healthy,irish
D:\Potato\IrishPotato37G\earlyblt\Earlyblt6818.JPG,early_blight,irish
D:\Potato\IrishPotato37G\lateblt\Lateblt1674.jpg,late_blight,irish
D:\Potato\IrishPotato37G\lateblt\Lateblt1631.jpg,late_blight,irish
D:\Potato\IrishPotato37G\lateblt\Lateblt198.jpg,late_blight,irish
D:\Potato\IrishPotato37G\healthy\healthy4952.jpg,healthy,irish
D:\Potato\IrishPotato37G\healthy\healthy3796.jpg,healthy,irish
D:\Potato\IrishPotato37G\lateblt\Lateblt2375.jpg,late_blight,irish
D:\Potato\IrishPotato37G\earlyblt\Earlyblt257.JPG,early_blight,irish
D:\Potato\IrishPotato37G\healthy\healthy2280.jpg,healthy,irish
D:\Potato\IrishPotato37G\healthy\healthy5164.jpg,healthy,irish
D:\Potato\IrishPotato37G\lateblt\Lateblt2145.jpg,late_blight,irish
D:\Potato\IrishPotato37G\lateblt\Lateblt1566.jpg,late_blight,irish
D:\Potato\IrishPotato37G\earlyblt\Earlyblt2395.JPG,early_blight,irish
D:\Potato\IrishPotato37G\healthy\healthy5077.jpg,healthy,irish
D:\Potato\IrishPotato37G\earlyblt\Earlyblt3107.JPG,early_blight,irish
D:\Potato\IrishPotato37G\lateblt\Lateblt694.jpg,late_blight,irish
D:\Potato\IrishPotato37G\lateblt\Lateblt377.jpg,late_blight,irish
D:\Potato\IrishPotato37G\healthy\healthy4498.jpg,healthy,irish
D:\Potato\IrishPotato37G\earlyblt\Earlyblt2488.JPG,early_blight,irish
D:\Potato\IrishPotato37G\earlyblt\Earlyblt2599.JPG,early_blight,irish
D:\Potato\IrishPotato37G\lateblt\Lateblt1255.jpg,late_blight,irish
D:\Potato\IrishPotato37G\lateblt\Lateblt1787.jpg,late_blight,irish
D:\Potato\IrishPotato37G\healthy\healthy522.jpg,healthy,irish
D:\Potato\IrishPotato37G\earlyblt\Earlyblt6366.JPG,early_blight,irish
D:\Potato\IrishPotato37G\earlyblt\Earlyblt2290.JPG,early_blight,irish
D:\Potato\IrishPotato37G\earlyblt\Earlyblt3206.jpg,early_blight,irish
D:\Potato\IrishPotato37G\lateblt\Lateblt1677.jpg,late_blight,irish
D:\Potato\IrishPotato37G\lateblt\Lateblt2676.jpg,late_blight,irish
D:\Potato\IrishPotato37G\lateblt\Lateblt2872.jpg,late_blight,irish
D:\Potato\IrishPotato37G\earlyblt\Earlyblt1727.JPG,early_blight,irish
D:\Potato\IrishPotato37G\healthy\healthy5536.jpg,healthy,irish
D:\Potato\IrishPotato37G\earlyblt\Earlyblt3063.JPG,early_blight,irish
D:\Potato\IrishPotato37G\lateblt\Lateblt1132.jpg,late_blight,irish
D:\Potato\IrishPotato37G\lateblt\Lateblt951.jpg,late_blight,irish
D:\Potato\IrishPotato37G\healthy\healthy4672.jpg,healthy,irish
D:\Potato\IrishPotato37G\healthy\healthy293.jpg,healthy,irish
D:\Potato\IrishPotato37G\healthy\healthy37.jpg,healthy,irish
D:\Potato\IrishPotato37G\lateblt\Lateblt506.jpg,late_blight,irish
D:\Potato\IrishPotato37G\healthy\healthy3975.jpg,healthy,irish
D:\Potato\IrishPotato37G\lateblt\Lateblt2460.jpg,late_blight,irish
D:\Potato\IrishPotato37G\healthy\healthy1552.jpg,healthy,irish
D:\Potato\IrishPotato37G\healthy\healthy253.jpg,healthy,irish
D:\Potato\IrishPotato37G\earlyblt\Earlyblt6208.JPG,early_blight,irish
D:\Potato\IrishPotato37G\lateblt\Lateblt1897.jpg,late_blight,irish
D:\Potato\IrishPotato37G\lateblt\Lateblt379.jpg,late_blight,irish
D:\Potato\IrishPotato37G\lateblt\Lateblt271.jpg,late_blight,irish
D:\Potato\IrishPotato37G\healthy\healthy2694.jpg,healthy,irish
D:\Potato\IrishPotato37G\earlyblt\Earlyblt2659.JPG,early_blight,irish
D:\Potato\IrishPotato37G\healthy\healthy3097.jpg,healthy,irish
D:\Potato\IrishPotato37G\earlyblt\Earlyblt2364.JPG,early_blight,irish
D:\Potato\IrishPotato37G\earlyblt\Earlyblt1069.JPG,early_blight,irish
D:\Potato\IrishPotato37G\lateblt\Lateblt328.jpg,late_blight,irish
D:\Potato\IrishPotato37G\earlyblt\Earlyblt2479.JPG,early_blight,irish
D:\Potato\IrishPotato37G\earlyblt\Earlyblt1962.JPG,early_blight,irish
D:\Potato\IrishPotato37G\healthy\healthy2089.jpg,healthy,irish
D:\Potato\IrishPotato37G\healthy\healthy470.jpg,healthy,irish
D:\Potato\IrishPotato37G\earlyblt\Earlyblt1657.JPG,early_blight,irish
D:\Potato\IrishPotato37G\healthy\healthy3887.jpg,healthy,irish
D:\Potato\IrishPotato37G\healthy\healthy1781.jpg,healthy,irish
D:\Potato\IrishPotato37G\lateblt\Lateblt1620.jpg,late_blight,irish
D:\Potato\IrishPotato37G\lateblt\Lateblt685.jpg,late_blight,irish
D:\Potato\IrishPotato37G\lateblt\Lateblt2347.jpg,late_blight,irish
D:\Potato\IrishPotato37G\lateblt\Lateblt650.jpg,late_blight,irish
D:\Potato\IrishPotato37G\healthy\healthy1089.jpg,healthy,irish
D:\Potato\IrishPotato37G\healthy\healthy2055.jpg,healthy,irish
D:\Potato\IrishPotato37G\lateblt\Lateblt286.jpg,late_blight,irish
D:\Potato\IrishPotato37G\earlyblt\Earlyblt668.JPG,early_blight,irish
D:\Potato\IrishPotato37G\healthy\healthy752.jpg,healthy,irish
D:\Potato\IrishPotato37G\lateblt\Lateblt2385.jpg,late_blight,irish
D:\Potato\IrishPotato37G\healthy\healthy4628.jpg,healthy,irish
D:\Potato\IrishPotato37G\healthy\healthy236.jpg,healthy,irish
D:\Potato\IrishPotato37G\healthy\healthy3478.jpg,healthy,irish
D:\Potato\IrishPotato37G\earlyblt\Earlyblt4951.jpg,early_blight,irish
D:\Potato\IrishPotato37G\earlyblt\Earlyblt3084.JPG,early_blight,irish
D:\Potato\IrishPotato37G\healthy\healthy2971.jpg,healthy,irish
D:\Potato\IrishPotato37G\healthy\healthy1719.jpg,healthy,irish
D:\Potato\IrishPotato37G\earlyblt\Earlyblt312.JPG,early_blight,irish
D:\Potato\IrishPotato37G\healthy\healthy921.jpg,healthy,irish
D:\Potato\IrishPotato37G\earlyblt\Earlyblt1084.JPG,early_blight,irish
D:\Potato\IrishPotato37G\lateblt\Lateblt2762.jpg,late_blight,irish
D:\Potato\IrishPotato37G\earlyblt\Earlyblt111.JPG,early_blight,irish
D:\Potato\IrishPotato37G\lateblt\Lateblt614.jpg,late_blight,irish
D:\Potato\IrishPotato37G\lateblt\Lateblt2296.jpg,late_blight,irish
D:\Potato\IrishPotato37G\healthy\healthy3454.jpg,healthy,irish
D:\Potato\IrishPotato37G\earlyblt\Earlyblt966.JPG,early_blight,irish
D:\Potato\IrishPotato37G\lateblt\Lateblt2665.jpg,late_blight,irish
D:\Potato\IrishPotato37G\healthy\healthy4928.jpg,healthy,irish
D:\Potato\IrishPotato37G\healthy\healthy3298.jpg,healthy,irish
D:\Potato\IrishPotato37G\earlyblt\Earlyblt1300.JPG,early_blight,irish
D:\Potato\IrishPotato37G\healthy\healthy537.jpg,healthy,irish
D:\Potato\IrishPotato37G\earlyblt\Earlyblt6668.jpg,early_blight,irish
D:\Potato\IrishPotato37G\healthy\healthy4938.jpg,healthy,irish
D:\Potato\IrishPotato37G\earlyblt\Earlyblt3789.jpg,early_blight,irish
D:\Potato\IrishPotato37G\earlyblt\Earlyblt329.JPG,early_blight,irish
D:\Potato\IrishPotato37G\healthy\healthy2764.jpg,healthy,irish
D:\Potato\IrishPotato37G\earlyblt\Earlyblt3437.jpg,early_blight,irish
D:\Potato\IrishPotato37G\healthy\healthy3470.jpg,healthy,irish
D:\Potato\IrishPotato37G\healthy\healthy922.jpg,healthy,irish
D:\Potato\IrishPotato37G\healthy\healthy1540.jpg,healthy,irish
D:\Potato\IrishPotato37G\earlyblt\Earlyblt1347.JPG,early_blight,irish
D:\Potato\IrishPotato37G\earlyblt\Earlyblt6328.JPG,early_blight,irish
D:\Potato\IrishPotato37G\earlyblt\Earlyblt300.JPG,early_blight,irish
D:\Potato\IrishPotato37G\lateblt\Lateblt2783.jpg,late_blight,irish
D:\Potato\IrishPotato37G\lateblt\Lateblt1708.jpg,late_blight,irish
D:\Potato\IrishPotato37G\healthy\healthy4441.jpg,healthy,irish
D:\Potato\IrishPotato37G\lateblt\Lateblt355.jpg,late_blight,irish
D:\Potato\IrishPotato37G\earlyblt\Earlyblt43.JPG,early_blight,irish
D:\Potato\IrishPotato37G\healthy\healthy5305.jpg,healthy,irish
D:\Potato\IrishPotato37G\earlyblt\Earlyblt2156.JPG,early_blight,irish
D:\Potato\IrishPotato37G\earlyblt\Earlyblt2056.JPG,early_blight,irish
D:\Potato\IrishPotato37G\lateblt\Lateblt1739.jpg,late_blight,irish
D:\Potato\IrishPotato37G\lateblt\Lateblt23.jpg,late_blight,irish
D:\Potato\IrishPotato37G\healthy\healthy2488.jpg,healthy,irish
D:\Potato\IrishPotato37G\healthy\healthy2087.jpg,healthy,irish
D:\Potato\IrishPotato37G\healthy\healthy5638.jpg,healthy,irish
D:\Potato\IrishPotato37G\lateblt\Lateblt2852.jpg,late_blight,irish
D:\Potato\IrishPotato37G\lateblt\Lateblt2372.jpg,late_blight,irish
D:\Potato\IrishPotato37G\lateblt\Lateblt1270.jpg,late_blight,irish
D:\Potato\IrishPotato37G\healthy\healthy1040.jpg,healthy,irish
D:\Potato\IrishPotato37G\lateblt\Lateblt2047.jpg,late_blight,irish
D:\Potato\IrishPotato37G\healthy\healthy4761.jpg,healthy,irish
D:\Potato\IrishPotato37G\healthy\healthy686.jpg,healthy,irish
D:\Potato\IrishPotato37G\earlyblt\Earlyblt315.JPG,early_blight,irish
D:\Potato\IrishPotato37G\earlyblt\Earlyblt2019.JPG,early_blight,irish
D:\Potato\IrishPotato37G\earlyblt\Earlyblt4781.JPG,early_blight,irish
D:\Potato\IrishPotato37G\healthy\healthy2626.jpg,healthy,irish
D:\Potato\IrishPotato37G\lateblt\Lateblt2966.jpg,late_blight,irish
D:\Potato\IrishPotato37G\healthy\healthy4212.jpg,healthy,irish
D:\Potato\IrishPotato37G\earlyblt\Earlyblt994.JPG,early_blight,irish
D:\Potato\IrishPotato37G\earlyblt\Earlyblt1764.JPG,early_blight,irish
D:\Potato\IrishPotato37G\healthy\healthy793.jpg,healthy,irish
D:\Potato\IrishPotato37G\healthy\healthy3188.jpg,healthy,irish
D:\Potato\IrishPotato37G\lateblt\Lateblt1395.jpg,late_blight,irish
D:\Potato\IrishPotato37G\earlyblt\Earlyblt3424.jpg,early_blight,irish
D:\Potato\IrishPotato37G\lateblt\Lateblt2618.jpg,late_blight,irish
D:\Potato\IrishPotato37G\lateblt\Lateblt971.jpg,late_blight,irish
D:\Potato\IrishPotato37G\healthy\healthy2730.jpg,healthy,irish
D:\Potato\IrishPotato37G\earlyblt\Earlyblt3370.jpg,early_blight,irish
D:\Potato\IrishPotato37G\earlyblt\Earlyblt6678.jpg,early_blight,irish
D:\Potato\IrishPotato37G\earlyblt\Earlyblt1268.JPG,early_blight,irish
D:\Potato\IrishPotato37G\earlyblt\Earlyblt3712.jpg,early_blight,irish
D:\Potato\IrishPotato37G\lateblt\Lateblt2837.jpg,late_blight,irish
D:\Potato\IrishPotato37G\earlyblt\Earlyblt378.JPG,early_blight,irish
D:\Potato\IrishPotato37G\earlyblt\Earlyblt2283.JPG,early_blight,irish
D:\Potato\IrishPotato37G\earlyblt\Earlyblt234.JPG,early_blight,irish
D:\Potato\IrishPotato37G\healthy\healthy5406.jpg,healthy,irish
D:\Potato\IrishPotato37G\earlyblt\Earlyblt3855.jpg,early_blight,irish
D:\Potato\IrishPotato37G\earlyblt\Earlyblt2320.JPG,early_blight,irish
D:\Potato\IrishPotato37G\healthy\healthy839.jpg,healthy,irish
D:\Potato\IrishPotato37G\lateblt\Lateblt1034.jpg,late_blight,irish
D:\Potato\IrishPotato37G\earlyblt\Earlyblt6310.JPG,early_blight,irish
D:\Potato\IrishPotato37G\healthy\healthy947.jpg,healthy,irish
D:\Potato\IrishPotato37G\healthy\healthy4226.jpg,healthy,irish
D:\Potato\IrishPotato37G\earlyblt\Earlyblt6439.JPG,early_blight,irish
D:\Potato\IrishPotato37G\lateblt\Lateblt2982.jpg,late_blight,irish
D:\Potato\IrishPotato37G\earlyblt\Earlyblt2057.JPG,early_blight,irish
D:\Potato\IrishPotato37G\lateblt\Lateblt2358_1.jpg,late_blight,irish
D:\Potato\IrishPotato37G\lateblt\Lateblt1866.jpg,late_blight,irish
D:\Potato\IrishPotato37G\healthy\healthy2262.jpg,healthy,irish
D:\Potato\IrishPotato37G\lateblt\Lateblt1323.jpg,late_blight,irish
D:\Potato\IrishPotato37G\healthy\healthy235.jpg,healthy,irish
D:\Potato\IrishPotato37G\earlyblt\Earlyblt1217.JPG,early_blight,irish
D:\Potato\IrishPotato37G\lateblt\Lateblt1626.jpg,late_blight,irish
D:\Potato\IrishPotato37G\lateblt\Lateblt2349.jpg,late_blight,irish
D:\Potato\IrishPotato37G\lateblt\Lateblt376.jpg,late_blight,irish
D:\Potato\IrishPotato37G\lateblt\Lateblt1794.jpg,late_blight,irish
D:\Potato\IrishPotato37G\lateblt\Lateblt2633.jpg,late_blight,irish
D:\Potato\IrishPotato37G\healthy\healthy1071.jpg,healthy,irish
D:\Potato\IrishPotato37G\lateblt\Lateblt938.jpg,late_blight,irish
D:\Potato\IrishPotato37G\lateblt\Lateblt2899.jpg,late_blight,irish
D:\Potato\IrishPotato37G\healthy\healthy365.jpg,healthy,irish
D:\Potato\IrishPotato37G\lateblt\Lateblt1590.jpg,late_blight,irish
D:\Potato\IrishPotato37G\lateblt\Lateblt2263.jpg,late_blight,irish
D:\Potato\IrishPotato37G\lateblt\Lateblt206.jpg,late_blight,irish
D:\Potato\IrishPotato37G\healthy\healthy2191.jpg,healthy,irish
D:\Potato\IrishPotato37G\lateblt\Lateblt31.jpg,late_blight,irish
D:\Potato\IrishPotato37G\lateblt\Lateblt2628.jpg,late_blight,irish
D:\Potato\IrishPotato37G\earlyblt\Earlyblt2433.JPG,early_blight,irish
D:\Potato\IrishPotato37G\lateblt\Lateblt1313.jpg,late_blight,irish
D:\Potato\IrishPotato37G\earlyblt\Earlyblt6862.JPG,early_blight,irish
D:\Potato\IrishPotato37G\earlyblt\Earlyblt975.JPG,early_blight,irish
D:\Potato\IrishPotato37G\earlyblt\Earlyblt868.JPG,early_blight,irish
D:\Potato\IrishPotato37G\healthy\healthy2005.jpg,healthy,irish
D:\Potato\IrishPotato37G\healthy\healthy5055.jpg,healthy,irish
D:\Potato\IrishPotato37G\lateblt\Lateblt756.jpg,late_blight,irish
D:\Potato\IrishPotato37G\healthy\healthy3629.jpg,healthy,irish
D:\Potato\IrishPotato37G\lateblt\Lateblt2806.jpg,late_blight,irish
D:\Potato\IrishPotato37G\lateblt\Lateblt2040.jpg,late_blight,irish
D:\Potato\IrishPotato37G\healthy\healthy27.jpg,healthy,irish
D:\Potato\IrishPotato37G\earlyblt\Earlyblt6937.JPG,early_blight,irish
D:\Potato\IrishPotato37G\healthy\healthy5352.jpg,healthy,irish
D:\Potato\IrishPotato37G\lateblt\Lateblt5021.jpg,late_blight,irish
D:\Potato\IrishPotato37G\lateblt\Lateblt1493.jpg,late_blight,irish
D:\Potato\IrishPotato37G\lateblt\Lateblt800.jpg,late_blight,irish
D:\Potato\IrishPotato37G\earlyblt\Earlyblt256.JPG,early_blight,irish
D:\Potato\IrishPotato37G\lateblt\Lateblt2559.jpg,late_blight,irish
D:\Potato\IrishPotato37G\earlyblt\Earlyblt223.JPG,early_blight,irish
D:\Potato\IrishPotato37G\healthy\healthy5465.jpg,healthy,irish
D:\Potato\IrishPotato37G\healthy\healthy3866.jpg,healthy,irish
D:\Potato\IrishPotato37G\healthy\healthy4475.jpg,healthy,irish
D:\Potato\IrishPotato37G\healthy\healthy909.jpg,healthy,irish
D:\Potato\IrishPotato37G\lateblt\Lateblt1694.jpg,late_blight,irish
D:\Potato\IrishPotato37G\lateblt\Lateblt1597.jpg,late_blight,irish
D:\Potato\IrishPotato37G\healthy\healthy4339.jpg,healthy,irish
D:\Potato\IrishPotato37G\earlyblt\Earlyblt621.jpg,early_blight,irish
D:\Potato\IrishPotato37G\healthy\healthy2956.jpg,healthy,irish
D:\Potato\IrishPotato37G\healthy\healthy3580.jpg,healthy,irish
D:\Potato\IrishPotato37G\lateblt\Lateblt5011.jpg,late_blight,irish
D:\Potato\IrishPotato37G\healthy\healthy2124.jpg,healthy,irish
D:\Potato\IrishPotato37G\healthy\healthy5122.jpg,healthy,irish
D:\Potato\IrishPotato37G\healthy\healthy3082.jpg,healthy,irish
D:\Potato\IrishPotato37G\earlyblt\Earlyblt269.JPG,early_blight,irish
D:\Potato\IrishPotato37G\earlyblt\Earlyblt6541.jpg,early_blight,irish
D:\Potato\IrishPotato37G\healthy\healthy1975.jpg,healthy,irish
D:\Potato\IrishPotato37G\earlyblt\Earlyblt4731.JPG,early_blight,irish
D:\Potato\IrishPotato37G\healthy\healthy4526.jpg,healthy,irish
D:\Potato\IrishPotato37G\earlyblt\Earlyblt6182.jpg,early_blight,irish
D:\Potato\IrishPotato37G\healthy\healthy3976.jpg,healthy,irish
D:\Potato\IrishPotato37G\healthy\healthy5580.jpg,healthy,irish
D:\Potato\IrishPotato37G\healthy\healthy3312.jpg,healthy,irish
D:\Potato\IrishPotato37G\earlyblt\Earlyblt2004.JPG,early_blight,irish
D:\Potato\IrishPotato37G\healthy\healthy1045.jpg,healthy,irish
D:\Potato\IrishPotato37G\healthy\healthy2017.jpg,healthy,irish
D:\Potato\IrishPotato37G\lateblt\Lateblt1055.jpg,late_blight,irish
D:\Potato\IrishPotato37G\lateblt\Lateblt996.jpg,late_blight,irish
D:\Potato\IrishPotato37G\healthy\healthy2887.jpg,healthy,irish
D:\Potato\IrishPotato37G\earlyblt\Earlyblt852.JPG,early_blight,irish
D:\Potato\IrishPotato37G\earlyblt\Earlyblt1660.JPG,early_blight,irish
D:\Potato\IrishPotato37G\healthy\healthy2920.jpg,healthy,irish
D:\Potato\IrishPotato37G\earlyblt\Earlyblt2697.JPG,early_blight,irish
D:\Potato\IrishPotato37G\healthy\healthy2394.jpg,healthy,irish
D:\Potato\IrishPotato37G\healthy\healthy3375.jpg,healthy,irish
D:\Potato\IrishPotato37G\lateblt\Lateblt2424.jpg,late_blight,irish
D:\Potato\IrishPotato37G\lateblt\Lateblt2960.jpg,late_blight,irish
D:\Potato\IrishPotato37G\lateblt\Lateblt1826.jpg,late_blight,irish
D:\Potato\IrishPotato37G\lateblt\Lateblt1681.jpg,late_blight,irish
D:\Potato\IrishPotato37G\healthy\healthy1128.jpg,healthy,irish
D:\Potato\IrishPotato37G\earlyblt\Earlyblt809.JPG,early_blight,irish
D:\Potato\IrishPotato37G\healthy\healthy635.jpg,healthy,irish
D:\Potato\IrishPotato37G\earlyblt\Earlyblt730.JPG,early_blight,irish
D:\Potato\IrishPotato37G\lateblt\Lateblt2403.jpg,late_blight,irish
D:\Potato\IrishPotato37G\earlyblt\Earlyblt6760.jpg,early_blight,irish
D:\Potato\IrishPotato37G\earlyblt\Earlyblt6283.JPG,early_blight,irish
D:\Potato\IrishPotato37G\earlyblt\Earlyblt2256.JPG,early_blight,irish
D:\Potato\IrishPotato37G\lateblt\Lateblt2097.jpg,late_blight,irish
D:\Potato\IrishPotato37G\lateblt\Lateblt1402.jpg,late_blight,irish
D:\Potato\IrishPotato37G\lateblt\Lateblt810.jpg,late_blight,irish
D:\Potato\IrishPotato37G\lateblt\Lateblt212.jpg,late_blight,irish
D:\Potato\IrishPotato37G\healthy\healthy30.jpg,healthy,irish
D:\Potato\IrishPotato37G\earlyblt\Earlyblt3096.JPG,early_blight,irish
D:\Potato\IrishPotato37G\earlyblt\Earlyblt371.JPG,early_blight,irish
D:\Potato\IrishPotato37G\earlyblt\Earlyblt6707.jpg,early_blight,irish
D:\Potato\IrishPotato37G\earlyblt\Earlyblt2634.JPG,early_blight,irish
D:\Potato\IrishPotato37G\lateblt\Lateblt2851.jpg,late_blight,irish
D:\Potato\IrishPotato37G\healthy\healthy2592.jpg,healthy,irish
D:\Potato\IrishPotato37G\lateblt\Lateblt1964.jpg,late_blight,irish
D:\Potato\IrishPotato37G\healthy\healthy3649.jpg,healthy,irish
D:\Potato\IrishPotato37G\lateblt\Lateblt2417.jpg,late_blight,irish
D:\Potato\IrishPotato37G\healthy\healthy139.jpg,healthy,irish
D:\Potato\IrishPotato37G\lateblt\Lateblt907.jpg,late_blight,irish
D:\Potato\IrishPotato37G\earlyblt\Earlyblt945.JPG,early_blight,irish
D:\Potato\IrishPotato37G\earlyblt\Earlyblt6261.JPG,early_blight,irish
D:\Potato\IrishPotato37G\earlyblt\Earlyblt4835.JPG,early_blight,irish
D:\Potato\IrishPotato37G\lateblt\Lateblt669.jpg,late_blight,irish
D:\Potato\IrishPotato37G\earlyblt\Earlyblt981.JPG,early_blight,irish
D:\Potato\IrishPotato37G\earlyblt\Earlyblt334.JPG,early_blight,irish
D:\Potato\IrishPotato37G\healthy\healthy4301.jpg,healthy,irish
D:\Potato\IrishPotato37G\earlyblt\Earlyblt3282.JPG,early_blight,irish
D:\Potato\IrishPotato37G\earlyblt\Earlyblt3230.jpg,early_blight,irish
D:\Potato\IrishPotato37G\healthy\healthy1172.jpg,healthy,irish
D:\Potato\IrishPotato37G\healthy\healthy4688.jpg,healthy,irish
D:\Potato\IrishPotato37G\healthy\healthy5232.jpg,healthy,irish
D:\Potato\IrishPotato37G\earlyblt\Earlyblt161.JPG,early_blight,irish
D:\Potato\IrishPotato37G\lateblt\Lateblt1438.jpg,late_blight,irish
D:\Potato\IrishPotato37G\lateblt\Lateblt2241.jpg,late_blight,irish
D:\Potato\IrishPotato37G\healthy\healthy56.jpg,healthy,irish
D:\Potato\IrishPotato37G\lateblt\Lateblt262.jpg,late_blight,irish
D:\Potato\IrishPotato37G\earlyblt\Earlyblt1090.JPG,early_blight,irish
D:\Potato\IrishPotato37G\healthy\healthy1485.jpg,healthy,irish
D:\Potato\IrishPotato37G\healthy\healthy1341.jpg,healthy,irish
D:\Potato\IrishPotato37G\lateblt\Lateblt1361.jpg,late_blight,irish
D:\Potato\IrishPotato37G\healthy\healthy1990.jpg,healthy,irish
D:\Potato\IrishPotato37G\healthy\healthy797.jpg,healthy,irish
D:\Potato\IrishPotato37G\earlyblt\Earlyblt3908.jpg,early_blight,irish
D:\Potato\IrishPotato37G\healthy\healthy958.jpg,healthy,irish
D:\Potato\IrishPotato37G\lateblt\Lateblt1753.jpg,late_blight,irish
D:\Potato\IrishPotato37G\earlyblt\Earlyblt3977.jpg,early_blight,irish
D:\Potato\IrishPotato37G\earlyblt\Earlyblt144.JPG,early_blight,irish
D:\Potato\IrishPotato37G\lateblt\Lateblt1497.jpg,late_blight,irish
D:\Potato\IrishPotato37G\lateblt\Lateblt211.jpg,late_blight,irish
D:\Potato\IrishPotato37G\earlyblt\Earlyblt2217.JPG,early_blight,irish
D:\Potato\IrishPotato37G\lateblt\Lateblt2743.jpg,late_blight,irish
D:\Potato\IrishPotato37G\earlyblt\Earlyblt2833.JPG,early_blight,irish
D:\Potato\IrishPotato37G\earlyblt\Earlyblt6172.JPG,early_blight,irish
D:\Potato\IrishPotato37G\healthy\healthy1214.jpg,healthy,irish
D:\Potato\IrishPotato37G\lateblt\Lateblt2470.jpg,late_blight,irish
D:\Potato\IrishPotato37G\healthy\healthy4042.jpg,healthy,irish
D:\Potato\IrishPotato37G\lateblt\Lateblt5043.jpg,late_blight,irish
D:\Potato\IrishPotato37G\lateblt\Lateblt2265.jpg,late_blight,irish
D:\Potato\IrishPotato37G\earlyblt\Earlyblt3762.jpg,early_blight,irish
D:\Potato\IrishPotato37G\healthy\healthy2598.jpg,healthy,irish
D:\Potato\IrishPotato37G\lateblt\Lateblt783.jpg,late_blight,irish
D:\Potato\IrishPotato37G\lateblt\Lateblt127.jpg,late_blight,irish
D:\Potato\IrishPotato37G\lateblt\Lateblt2342_1.jpg,late_blight,irish
D:\Potato\IrishPotato37G\healthy\healthy2697.jpg,healthy,irish
D:\Potato\IrishPotato37G\earlyblt\Earlyblt6148.JPG,early_blight,irish
D:\Potato\IrishPotato37G\healthy\healthy5458.jpg,healthy,irish
D:\Potato\IrishPotato37G\healthy\healthy5146.jpg,healthy,irish
D:\Potato\IrishPotato37G\healthy\healthy1320.jpg,healthy,irish
D:\Potato\IrishPotato37G\healthy\healthy3209.jpg,healthy,irish
D:\Potato\IrishPotato37G\earlyblt\Earlyblt2898.JPG,early_blight,irish
D:\Potato\IrishPotato37G\lateblt\Lateblt2074.jpg,late_blight,irish
D:\Potato\IrishPotato37G\healthy\healthy4433.jpg,healthy,irish
D:\Potato\IrishPotato37G\earlyblt\Earlyblt170.JPG,early_blight,irish
D:\Potato\IrishPotato37G\healthy\healthy2514.jpg,healthy,irish
D:\Potato\IrishPotato37G\healthy\healthy3729.jpg,healthy,irish
D:\Potato\IrishPotato37G\lateblt\Lateblt2527.jpg,late_blight,irish
D:\Potato\IrishPotato37G\healthy\healthy1238.jpg,healthy,irish
D:\Potato\IrishPotato37G\healthy\healthy3417.jpg,healthy,irish
D:\Potato\IrishPotato37G\healthy\healthy5596.jpg,healthy,irish
D:\Potato\IrishPotato37G\lateblt\Lateblt1326.jpg,late_blight,irish
D:\Potato\IrishPotato37G\earlyblt\Earlyblt6680.JPG,early_blight,irish
D:\Potato\IrishPotato37G\healthy\healthy5160.jpg,healthy,irish
D:\Potato\IrishPotato37G\healthy\healthy2556.jpg,healthy,irish
D:\Potato\IrishPotato37G\earlyblt\Earlyblt6385.JPG,early_blight,irish
D:\Potato\IrishPotato37G\lateblt\Lateblt758.jpg,late_blight,irish
D:\Potato\IrishPotato37G\lateblt\Lateblt703.jpg,late_blight,irish
D:\Potato\IrishPotato37G\lateblt\Lateblt351.jpg,late_blight,irish
D:\Potato\IrishPotato37G\healthy\healthy3123.jpg,healthy,irish
D:\Potato\IrishPotato37G\lateblt\Lateblt2063.jpg,late_blight,irish
D:\Potato\IrishPotato37G\healthy\healthy3635.jpg,healthy,irish
D:\Potato\IrishPotato37G\earlyblt\Earlyblt4832.JPG,early_blight,irish
D:\Potato\IrishPotato37G\healthy\healthy226.jpg,healthy,irish
D:\Potato\IrishPotato37G\lateblt\Lateblt1891.jpg,late_blight,irish
D:\Potato\IrishPotato37G\lateblt\Lateblt500.jpg,late_blight,irish
D:\Potato\IrishPotato37G\lateblt\Lateblt1494.jpg,late_blight,irish
D:\Potato\IrishPotato37G\healthy\healthy3075.jpg,healthy,irish
D:\Potato\IrishPotato37G\earlyblt\Earlyblt938.JPG,early_blight,irish
D:\Potato\IrishPotato37G\healthy\healthy3027.jpg,healthy,irish
D:\Potato\IrishPotato37G\healthy\healthy3638.jpg,healthy,irish
D:\Potato\IrishPotato37G\earlyblt\Earlyblt6018.JPG,early_blight,irish
D:\Potato\IrishPotato37G\lateblt\Lateblt1503.jpg,late_blight,irish
D:\Potato\IrishPotato37G\earlyblt\Earlyblt651.jpg,early_blight,irish
D:\Potato\IrishPotato37G\earlyblt\Earlyblt6903.JPG,early_blight,irish
D:\Potato\IrishPotato37G\earlyblt\Earlyblt1632.JPG,early_blight,irish
D:\Potato\IrishPotato37G\earlyblt\Earlyblt6435.JPG,early_blight,irish
D:\Potato\IrishPotato37G\healthy\healthy2014.jpg,healthy,irish
D:\Potato\IrishPotato37G\lateblt\Lateblt2513.jpg,late_blight,irish
D:\Potato\IrishPotato37G\earlyblt\Earlyblt6242.JPG,early_blight,irish
D:\Potato\IrishPotato37G\healthy\healthy852.jpg,healthy,irish
D:\Potato\IrishPotato37G\healthy\healthy4266.jpg,healthy,irish
D:\Potato\IrishPotato37G\earlyblt\Earlyblt774.JPG,early_blight,irish
D:\Potato\IrishPotato37G\earlyblt\Earlyblt2955.JPG,early_blight,irish
D:\Potato\IrishPotato37G\healthy\healthy4649.jpg,healthy,irish
D:\Potato\IrishPotato37G\earlyblt\Earlyblt622.jpg,early_blight,irish
D:\Potato\IrishPotato37G\earlyblt\Earlyblt3014.JPG,early_blight,irish
D:\Potato\IrishPotato37G\earlyblt\Earlyblt3813.jpg,early_blight,irish
D:\Potato\IrishPotato37G\lateblt\Lateblt870.jpg,late_blight,irish
D:\Potato\IrishPotato37G\healthy\healthy2222.jpg,healthy,irish
D:\Potato\IrishPotato37G\lateblt\Lateblt725.jpg,late_blight,irish
D:\Potato\IrishPotato37G\earlyblt\Earlyblt6883.JPG,early_blight,irish
D:\Potato\IrishPotato37G\healthy\healthy5134.jpg,healthy,irish
D:\Potato\IrishPotato37G\earlyblt\Earlyblt2258.JPG,early_blight,irish
D:\Potato\IrishPotato37G\healthy\healthy2234.jpg,healthy,irish
D:\Potato\IrishPotato37G\earlyblt\Earlyblt155.JPG,early_blight,irish
D:\Potato\IrishPotato37G\healthy\healthy2594.jpg,healthy,irish
D:\Potato\IrishPotato37G\healthy\healthy4388.jpg,healthy,irish
D:\Potato\IrishPotato37G\healthy\healthy1868.jpg,healthy,irish
D:\Potato\IrishPotato37G\earlyblt\Earlyblt102.JPG,early_blight,irish
D:\Potato\IrishPotato37G\earlyblt\Earlyblt2951.JPG,early_blight,irish
D:\Potato\IrishPotato37G\earlyblt\Earlyblt2240.JPG,early_blight,irish
D:\Potato\IrishPotato37G\earlyblt\Earlyblt2741.JPG,early_blight,irish
D:\Potato\IrishPotato37G\healthy\healthy4061.jpg,healthy,irish
D:\Potato\IrishPotato37G\healthy\healthy1680.jpg,healthy,irish
D:\Potato\IrishPotato37G\earlyblt\Earlyblt6834.JPG,early_blight,irish
D:\Potato\IrishPotato37G\lateblt\Lateblt86.jpg,late_blight,irish
D:\Potato\IrishPotato37G\lateblt\Lateblt2629.jpg,late_blight,irish
D:\Potato\IrishPotato37G\healthy\healthy1608.jpg,healthy,irish
D:\Potato\IrishPotato37G\lateblt\Lateblt1731.jpg,late_blight,irish
D:\Potato\IrishPotato37G\healthy\healthy5616.jpg,healthy,irish
D:\Potato\IrishPotato37G\earlyblt\Earlyblt3570.jpg,early_blight,irish
D:\Potato\IrishPotato37G\earlyblt\Earlyblt1774.JPG,early_blight,irish
D:\Potato\IrishPotato37G\healthy\healthy564.jpg,healthy,irish
D:\Potato\IrishPotato37G\earlyblt\Earlyblt6855.jpg,early_blight,irish
D:\Potato\IrishPotato37G\healthy\healthy2996.jpg,healthy,irish
D:\Potato\IrishPotato37G\lateblt\Lateblt1660.jpg,late_blight,irish
D:\Potato\IrishPotato37G\lateblt\Lateblt5027.jpg,late_blight,irish
D:\Potato\IrishPotato37G\healthy\healthy380.jpg,healthy,irish
D:\Potato\IrishPotato37G\lateblt\Lateblt2169.jpg,late_blight,irish
D:\Potato\IrishPotato37G\healthy\healthy2576.jpg,healthy,irish
D:\Potato\IrishPotato37G\lateblt\Lateblt301.jpg,late_blight,irish
D:\Potato\IrishPotato37G\healthy\healthy4732.jpg,healthy,irish
D:\Potato\IrishPotato37G\lateblt\Lateblt889.jpg,late_blight,irish
D:\Potato\IrishPotato37G\earlyblt\Earlyblt1562.JPG,early_blight,irish
D:\Potato\IrishPotato37G\earlyblt\Earlyblt5899.jpg,early_blight,irish
D:\Potato\IrishPotato37G\lateblt\Lateblt646.jpg,late_blight,irish
D:\Potato\IrishPotato37G\lateblt\Lateblt1647.jpg,late_blight,irish
D:\Potato\IrishPotato37G\earlyblt\Earlyblt1668.JPG,early_blight,irish
D:\Potato\IrishPotato37G\healthy\healthy3070.jpg,healthy,irish
D:\Potato\IrishPotato37G\earlyblt\Earlyblt2702.JPG,early_blight,irish
D:\Potato\IrishPotato37G\healthy\healthy4635.jpg,healthy,irish
D:\Potato\IrishPotato37G\lateblt\Lateblt1665.jpg,late_blight,irish
D:\Potato\IrishPotato37G\earlyblt\Earlyblt3708.jpg,early_blight,irish
D:\Potato\IrishPotato37G\lateblt\Lateblt2475.jpg,late_blight,irish
D:\Potato\IrishPotato37G\healthy\healthy5374.jpg,healthy,irish
D:\Potato\IrishPotato37G\earlyblt\Earlyblt2455.JPG,early_blight,irish
D:\Potato\IrishPotato37G\healthy\healthy690.jpg,healthy,irish
D:\Potato\IrishPotato37G\healthy\healthy1134.jpg,healthy,irish
D:\Potato\IrishPotato37G\earlyblt\Earlyblt6189.jpg,early_blight,irish
D:\Potato\IrishPotato37G\lateblt\Lateblt1312.jpg,late_blight,irish
D:\Potato\IrishPotato37G\lateblt\Lateblt92.jpg,late_blight,irish
D:\Potato\IrishPotato37G\healthy\healthy3246.jpg,healthy,irish
D:\Potato\IrishPotato37G\healthy\healthy4093.jpg,healthy,irish
D:\Potato\IrishPotato37G\lateblt\Lateblt2045.jpg,late_blight,irish
D:\Potato\IrishPotato37G\healthy\healthy5617.jpg,healthy,irish
D:\Potato\IrishPotato37G\earlyblt\Earlyblt2839.JPG,early_blight,irish
D:\Potato\IrishPotato37G\lateblt\Lateblt454.jpg,late_blight,irish
D:\Potato\IrishPotato37G\lateblt\Lateblt1695.jpg,late_blight,irish
D:\Potato\IrishPotato37G\lateblt\Lateblt218.jpg,late_blight,irish
D:\Potato\IrishPotato37G\healthy\healthy550.jpg,healthy,irish
D:\Potato\IrishPotato37G\lateblt\Lateblt2823.jpg,late_blight,irish
D:\Potato\IrishPotato37G\healthy\healthy2085.jpg,healthy,irish
D:\Potato\IrishPotato37G\earlyblt\Earlyblt2639.JPG,early_blight,irish
D:\Potato\IrishPotato37G\earlyblt\Earlyblt4776.JPG,early_blight,irish
D:\Potato\IrishPotato37G\healthy\healthy3946.jpg,healthy,irish
D:\Potato\IrishPotato37G\lateblt\Lateblt482.jpg,late_blight,irish
D:\Potato\IrishPotato37G\earlyblt\Earlyblt1025.JPG,early_blight,irish
D:\Potato\IrishPotato37G\healthy\healthy97.jpg,healthy,irish
D:\Potato\IrishPotato37G\earlyblt\Earlyblt649.jpg,early_blight,irish
D:\Potato\IrishPotato37G\earlyblt\Earlyblt4921.jpg,early_blight,irish
D:\Potato\IrishPotato37G\earlyblt\Earlyblt866.JPG,early_blight,irish
D:\Potato\IrishPotato37G\healthy\healthy2820.jpg,healthy,irish
D:\Potato\IrishPotato37G\earlyblt\Earlyblt2990.JPG,early_blight,irish
D:\Potato\IrishPotato37G\healthy\healthy2001.jpg,healthy,irish
D:\Potato\IrishPotato37G\earlyblt\Earlyblt1005.JPG,early_blight,irish
D:\Potato\IrishPotato37G\healthy\healthy1020.jpg,healthy,irish
D:\Potato\IrishPotato37G\earlyblt\Earlyblt3661.jpg,early_blight,irish
D:\Potato\IrishPotato37G\lateblt\Lateblt599.jpg,late_blight,irish
D:\Potato\IrishPotato37G\lateblt\Lateblt2922.jpg,late_blight,irish
D:\Potato\IrishPotato37G\healthy\healthy610.jpg,healthy,irish
D:\Potato\IrishPotato37G\lateblt\Lateblt1386.jpg,late_blight,irish
D:\Potato\IrishPotato37G\lateblt\Lateblt911.jpg,late_blight,irish
D:\Potato\IrishPotato37G\lateblt\Lateblt1837.jpg,late_blight,irish
D:\Potato\IrishPotato37G\healthy\healthy512.jpg,healthy,irish
D:\Potato\IrishPotato37G\healthy\healthy4630.jpg,healthy,irish
D:\Potato\IrishPotato37G\lateblt\Lateblt2442_1.jpg,late_blight,irish
D:\Potato\IrishPotato37G\earlyblt\Earlyblt1626.JPG,early_blight,irish
D:\Potato\IrishPotato37G\lateblt\Lateblt2404.jpg,late_blight,irish
D:\Potato\IrishPotato37G\healthy\healthy3144.jpg,healthy,irish
D:\Potato\IrishPotato37G\lateblt\Lateblt2776.jpg,late_blight,irish
D:\Potato\IrishPotato37G\healthy\healthy4961.jpg,healthy,irish
D:\Potato\IrishPotato37G\earlyblt\Earlyblt1211.JPG,early_blight,irish
D:\Potato\IrishPotato37G\earlyblt\Earlyblt2388.JPG,early_blight,irish
D:\Potato\IrishPotato37G\healthy\healthy1629.jpg,healthy,irish
D:\Potato\IrishPotato37G\earlyblt\Earlyblt2894.JPG,early_blight,irish
D:\Potato\IrishPotato37G\lateblt\Lateblt2601.jpg,late_blight,irish
D:\Potato\IrishPotato37G\earlyblt\Earlyblt6908.JPG,early_blight,irish
D:\Potato\IrishPotato37G\earlyblt\Earlyblt173.JPG,early_blight,irish
D:\Potato\IrishPotato37G\earlyblt\Earlyblt1377.JPG,early_blight,irish
D:\Potato\IrishPotato37G\earlyblt\Earlyblt749.JPG,early_blight,irish
D:\Potato\IrishPotato37G\lateblt\Lateblt899.jpg,late_blight,irish
D:\Potato\IrishPotato37G\healthy\healthy339.jpg,healthy,irish
D:\Potato\IrishPotato37G\lateblt\Lateblt707.jpg,late_blight,irish
D:\Potato\IrishPotato37G\lateblt\Lateblt461.jpg,late_blight,irish
D:\Potato\IrishPotato37G\earlyblt\Earlyblt1523.JPG,early_blight,irish
D:\Potato\IrishPotato37G\healthy\healthy5586.jpg,healthy,irish
D:\Potato\IrishPotato37G\earlyblt\Earlyblt3970.jpg,early_blight,irish
D:\Potato\IrishPotato37G\healthy\healthy5660.jpg,healthy,irish
D:\Potato\IrishPotato37G\earlyblt\Earlyblt6238.JPG,early_blight,irish
D:\Potato\IrishPotato37G\earlyblt\Earlyblt2271.JPG,early_blight,irish
D:\Potato\IrishPotato37G\healthy\healthy577.jpg,healthy,irish
D:\Potato\IrishPotato37G\healthy\healthy1483.jpg,healthy,irish
D:\Potato\IrishPotato37G\lateblt\Lateblt2539.jpg,late_blight,irish
D:\Potato\IrishPotato37G\healthy\healthy2791.jpg,healthy,irish
D:\Potato\IrishPotato37G\earlyblt\Earlyblt6020.jpg,early_blight,irish
D:\Potato\IrishPotato37G\lateblt\Lateblt1878.jpg,late_blight,irish
D:\Potato\IrishPotato37G\earlyblt\Earlyblt7029.JPG,early_blight,irish
D:\Potato\IrishPotato37G\healthy\healthy3044.jpg,healthy,irish
D:\Potato\IrishPotato37G\healthy\healthy4442.jpg,healthy,irish
D:\Potato\IrishPotato37G\earlyblt\Earlyblt2797.JPG,early_blight,irish
D:\Potato\IrishPotato37G\earlyblt\Earlyblt275.JPG,early_blight,irish
D:\Potato\IrishPotato37G\lateblt\Lateblt1833.jpg,late_blight,irish
D:\Potato\IrishPotato37G\earlyblt\Earlyblt2493.JPG,early_blight,irish
D:\Potato\IrishPotato37G\healthy\healthy2968.jpg,healthy,irish
D:\Potato\IrishPotato37G\lateblt\Lateblt2549.jpg,late_blight,irish
D:\Potato\IrishPotato37G\lateblt\Lateblt2283.jpg,late_blight,irish
D:\Potato\IrishPotato37G\earlyblt\Earlyblt1044.JPG,early_blight,irish
D:\Potato\IrishPotato37G\lateblt\Lateblt1801.jpg,late_blight,irish
D:\Potato\IrishPotato37G\lateblt\Lateblt2773.jpg,late_blight,irish
D:\Potato\IrishPotato37G\healthy\healthy4243.jpg,healthy,irish
D:\Potato\IrishPotato37G\healthy\healthy4256.jpg,healthy,irish
D:\Potato\IrishPotato37G\earlyblt\Earlyblt2600.JPG,early_blight,irish
D:\Potato\IrishPotato37G\healthy\healthy3557.jpg,healthy,irish
D:\Potato\IrishPotato37G\earlyblt\Earlyblt3414.jpg,early_blight,irish
D:\Potato\IrishPotato37G\earlyblt\Earlyblt615.jpg,early_blight,irish
D:\Potato\IrishPotato37G\lateblt\Lateblt1019.jpg,late_blight,irish
D:\Potato\IrishPotato37G\healthy\healthy1150.jpg,healthy,irish
D:\Potato\IrishPotato37G\lateblt\Lateblt2377.jpg,late_blight,irish
D:\Potato\IrishPotato37G\healthy\healthy2355.jpg,healthy,irish
D:\Potato\IrishPotato37G\earlyblt\Earlyblt3591.jpg,early_blight,irish
D:\Potato\IrishPotato37G\lateblt\Lateblt829.jpg,late_blight,irish
D:\Potato\IrishPotato37G\earlyblt\Earlyblt6002.jpg,early_blight,irish
D:\Potato\IrishPotato37G\earlyblt\Earlyblt6376.JPG,early_blight,irish
D:\Potato\IrishPotato37G\healthy\healthy3618.jpg,healthy,irish
D:\Potato\IrishPotato37G\earlyblt\Earlyblt1977.JPG,early_blight,irish
D:\Potato\IrishPotato37G\healthy\healthy385.jpg,healthy,irish
D:\Potato\IrishPotato37G\healthy\healthy2910.jpg,healthy,irish
D:\Potato\IrishPotato37G\healthy\healthy1798.jpg,healthy,irish
D:\Potato\IrishPotato37G\lateblt\Lateblt2712.jpg,late_blight,irish
D:\Potato\IrishPotato37G\healthy\healthy4595.jpg,healthy,irish
D:\Potato\IrishPotato37G\healthy\healthy4523.jpg,healthy,irish
D:\Potato\IrishPotato37G\earlyblt\Earlyblt2024.JPG,early_blight,irish
D:\Potato\IrishPotato37G\lateblt\Lateblt1950.jpg,late_blight,irish
D:\Potato\IrishPotato37G\lateblt\Lateblt691.jpg,late_blight,irish
D:\Potato\IrishPotato37G\earlyblt\Earlyblt1096.JPG,early_blight,irish
D:\Potato\IrishPotato37G\healthy\healthy996.jpg,healthy,irish
D:\Potato\IrishPotato37G\lateblt\Lateblt2051.jpg,late_blight,irish
D:\Potato\IrishPotato37G\earlyblt\Earlyblt1519.JPG,early_blight,irish
D:\Potato\IrishPotato37G\lateblt\Lateblt643.jpg,late_blight,irish
D:\Potato\IrishPotato37G\lateblt\Lateblt2323.jpg,late_blight,irish
D:\Potato\IrishPotato37G\earlyblt\Earlyblt6703.jpg,early_blight,irish
D:\Potato\IrishPotato37G\lateblt\Lateblt854.jpg,late_blight,irish
D:\Potato\IrishPotato37G\lateblt\Lateblt2343.jpg,late_blight,irish
D:\Potato\IrishPotato37G\earlyblt\Earlyblt6277.JPG,early_blight,irish
D:\Potato\IrishPotato37G\lateblt\Lateblt1333.jpg,late_blight,irish
D:\Potato\IrishPotato37G\healthy\healthy3466.jpg,healthy,irish
D:\Potato\IrishPotato37G\lateblt\Lateblt2148.jpg,late_blight,irish
D:\Potato\IrishPotato37G\lateblt\Lateblt416.jpg,late_blight,irish
D:\Potato\IrishPotato37G\healthy\healthy2802.jpg,healthy,irish
D:\Potato\IrishPotato37G\healthy\healthy4985.jpg,healthy,irish
D:\Potato\IrishPotato37G\healthy\healthy3263.jpg,healthy,irish
D:\Potato\IrishPotato37G\earlyblt\Earlyblt3417.jpg,early_blight,irish
D:\Potato\IrishPotato37G\healthy\healthy2214.jpg,healthy,irish
D:\Potato\IrishPotato37G\lateblt\Lateblt2509.jpg,late_blight,irish
D:\Potato\IrishPotato37G\earlyblt\Earlyblt1292.JPG,early_blight,irish
D:\Potato\IrishPotato37G\lateblt\Lateblt2216.jpg,late_blight,irish
D:\Potato\IrishPotato37G\lateblt\Lateblt1230.jpg,late_blight,irish
D:\Potato\IrishPotato37G\lateblt\Lateblt2023.jpg,late_blight,irish
D:\Potato\IrishPotato37G\healthy\healthy3521.jpg,healthy,irish
D:\Potato\IrishPotato37G\earlyblt\Earlyblt5938.jpg,early_blight,irish
D:\Potato\IrishPotato37G\earlyblt\Earlyblt6068.jpg,early_blight,irish
D:\Potato\IrishPotato37G\earlyblt\Earlyblt3125.JPG,early_blight,irish
D:\Potato\IrishPotato37G\healthy\healthy1027.jpg,healthy,irish
D:\Potato\IrishPotato37G\earlyblt\Earlyblt1940.JPG,early_blight,irish
D:\Potato\IrishPotato37G\earlyblt\Earlyblt2680.JPG,early_blight,irish
D:\Potato\IrishPotato37G\healthy\healthy282.jpg,healthy,irish
D:\Potato\IrishPotato37G\lateblt\Lateblt948.jpg,late_blight,irish
D:\Potato\IrishPotato37G\healthy\healthy5297.jpg,healthy,irish
D:\Potato\IrishPotato37G\earlyblt\Earlyblt3357.jpg,early_blight,irish
D:\Potato\IrishPotato37G\healthy\healthy3558.jpg,healthy,irish
D:\Potato\IrishPotato37G\earlyblt\Earlyblt6410.JPG,early_blight,irish
D:\Potato\IrishPotato37G\lateblt\Lateblt2600.jpg,late_blight,irish
D:\Potato\IrishPotato37G\lateblt\Lateblt2418.jpg,late_blight,irish
D:\Potato\IrishPotato37G\lateblt\Lateblt572.jpg,late_blight,irish
D:\Potato\IrishPotato37G\earlyblt\Earlyblt3937.jpg,early_blight,irish
D:\Potato\IrishPotato37G\healthy\healthy2293.jpg,healthy,irish
D:\Potato\IrishPotato37G\earlyblt\Earlyblt2270.JPG,early_blight,irish
D:\Potato\IrishPotato37G\earlyblt\Earlyblt6811.JPG,early_blight,irish
D:\Potato\IrishPotato37G\healthy\healthy5503.jpg,healthy,irish
D:\Potato\IrishPotato37G\healthy\healthy4170.jpg,healthy,irish
D:\Potato\IrishPotato37G\healthy\healthy126.jpg,healthy,irish
D:\Potato\IrishPotato37G\earlyblt\Earlyblt5989.jpg,early_blight,irish
D:\Potato\IrishPotato37G\healthy\healthy1480.jpg,healthy,irish
D:\Potato\IrishPotato37G\earlyblt\Earlyblt4889.jpg,early_blight,irish
D:\Potato\IrishPotato37G\lateblt\Lateblt1186.jpg,late_blight,irish
D:\Potato\IrishPotato37G\lateblt\Lateblt1205.jpg,late_blight,irish
D:\Potato\IrishPotato37G\lateblt\Lateblt1693.jpg,late_blight,irish
D:\Potato\IrishPotato37G\earlyblt\Earlyblt3797.jpg,early_blight,irish
D:\Potato\IrishPotato37G\earlyblt\Earlyblt62.JPG,early_blight,irish
D:\Potato\IrishPotato37G\earlyblt\Earlyblt2567.JPG,early_blight,irish
D:\Potato\IrishPotato37G\earlyblt\Earlyblt6884.JPG,early_blight,irish
D:\Potato\IrishPotato37G\healthy\healthy3347.jpg,healthy,irish
D:\Potato\IrishPotato37G\healthy\healthy5106.jpg,healthy,irish
D:\Potato\IrishPotato37G\earlyblt\Earlyblt895.JPG,early_blight,irish
D:\Potato\IrishPotato37G\lateblt\Lateblt613.jpg,late_blight,irish
D:\Potato\IrishPotato37G\healthy\healthy3085.jpg,healthy,irish
D:\Potato\IrishPotato37G\earlyblt\Earlyblt1511.JPG,early_blight,irish
D:\Potato\IrishPotato37G\earlyblt\Earlyblt6516.JPG,early_blight,irish
D:\Potato\IrishPotato37G\lateblt\Lateblt1558.jpg,late_blight,irish
D:\Potato\IrishPotato37G\earlyblt\Earlyblt3968.jpg,early_blight,irish
D:\Potato\IrishPotato37G\lateblt\Lateblt2027.jpg,late_blight,irish
D:\Potato\IrishPotato37G\healthy\healthy3918.jpg,healthy,irish
D:\Potato\IrishPotato37G\healthy\healthy3080.jpg,healthy,irish
D:\Potato\IrishPotato37G\healthy\healthy1634.jpg,healthy,irish
D:\Potato\IrishPotato37G\lateblt\Lateblt1543.jpg,late_blight,irish
D:\Potato\IrishPotato37G\healthy\healthy1657.jpg,healthy,irish
D:\Potato\IrishPotato37G\earlyblt\Earlyblt5.JPG,early_blight,irish
D:\Potato\IrishPotato37G\lateblt\Lateblt1834.jpg,late_blight,irish
D:\Potato\IrishPotato37G\healthy\healthy2513.jpg,healthy,irish
D:\Potato\IrishPotato37G\lateblt\Lateblt929.jpg,late_blight,irish
D:\Potato\IrishPotato37G\lateblt\Lateblt2209.jpg,late_blight,irish
D:\Potato\IrishPotato37G\lateblt\Lateblt791.jpg,late_blight,irish
D:\Potato\IrishPotato37G\lateblt\Lateblt621.jpg,late_blight,irish
D:\Potato\IrishPotato37G\lateblt\Lateblt2615.jpg,late_blight,irish
D:\Potato\IrishPotato37G\lateblt\Lateblt2517.jpg,late_blight,irish
D:\Potato\IrishPotato37G\earlyblt\Earlyblt3730.jpg,early_blight,irish
D:\Potato\IrishPotato37G\earlyblt\Earlyblt3163.jpg,early_blight,irish
D:\Potato\IrishPotato37G\healthy\healthy1778.jpg,healthy,irish
D:\Potato\IrishPotato37G\healthy\healthy5353.jpg,healthy,irish
D:\Potato\IrishPotato37G\earlyblt\Earlyblt1969.JPG,early_blight,irish
D:\Potato\IrishPotato37G\earlyblt\Earlyblt864.JPG,early_blight,irish
D:\Potato\IrishPotato37G\earlyblt\Earlyblt944.JPG,early_blight,irish
D:\Potato\IrishPotato37G\lateblt\Lateblt473.jpg,late_blight,irish
D:\Potato\IrishPotato37G\lateblt\Lateblt1870.jpg,late_blight,irish
D:\Potato\IrishPotato37G\healthy\healthy213.jpg,healthy,irish
D:\Potato\IrishPotato37G\lateblt\Lateblt1412.jpg,late_blight,irish
D:\Potato\IrishPotato37G\lateblt\Lateblt2990.jpg,late_blight,irish
D:\Potato\IrishPotato37G\earlyblt\Earlyblt2603.JPG,early_blight,irish
D:\Potato\IrishPotato37G\lateblt\Lateblt412.jpg,late_blight,irish
D:\Potato\IrishPotato37G\lateblt\Lateblt272.jpg,late_blight,irish
D:\Potato\IrishPotato37G\healthy\healthy2784.jpg,healthy,irish
D:\Potato\IrishPotato37G\earlyblt\Earlyblt313.JPG,early_blight,irish
D:\Potato\IrishPotato37G\lateblt\Lateblt68.jpg,late_blight,irish
D:\Potato\IrishPotato37G\earlyblt\Earlyblt3853.jpg,early_blight,irish
D:\Potato\IrishPotato37G\earlyblt\Earlyblt750.JPG,early_blight,irish
D:\Potato\IrishPotato37G\earlyblt\Earlyblt6354.JPG,early_blight,irish
D:\Potato\IrishPotato37G\earlyblt\Earlyblt6606.JPG,early_blight,irish
D:\Potato\IrishPotato37G\healthy\healthy3959.jpg,healthy,irish
D:\Potato\IrishPotato37G\healthy\healthy4916.jpg,healthy,irish
D:\Potato\IrishPotato37G\healthy\healthy2506.jpg,healthy,irish
D:\Potato\IrishPotato37G\lateblt\Lateblt2642.jpg,late_blight,irish
D:\Potato\IrishPotato37G\healthy\healthy2143.jpg,healthy,irish
D:\Potato\IrishPotato37G\healthy\healthy4470.jpg,healthy,irish
D:\Potato\IrishPotato37G\earlyblt\Earlyblt1306.JPG,early_blight,irish
D:\Potato\IrishPotato37G\healthy\healthy4462.jpg,healthy,irish
D:\Potato\IrishPotato37G\earlyblt\Earlyblt680.JPG,early_blight,irish
D:\Potato\IrishPotato37G\earlyblt\Earlyblt3051.JPG,early_blight,irish
D:\Potato\IrishPotato37G\healthy\healthy3111.jpg,healthy,irish
D:\Potato\IrishPotato37G\healthy\healthy3200.jpg,healthy,irish
D:\Potato\IrishPotato37G\lateblt\Lateblt37.jpg,late_blight,irish
D:\Potato\IrishPotato37G\earlyblt\Earlyblt1204.JPG,early_blight,irish
D:\Potato\IrishPotato37G\lateblt\Lateblt5050.jpg,late_blight,irish
D:\Potato\IrishPotato37G\lateblt\Lateblt270.jpg,late_blight,irish
D:\Potato\IrishPotato37G\earlyblt\Earlyblt3623.jpg,early_blight,irish
D:\Potato\IrishPotato37G\earlyblt\Earlyblt570.JPG,early_blight,irish
D:\Potato\IrishPotato37G\earlyblt\Earlyblt6875.JPG,early_blight,irish
D:\Potato\IrishPotato37G\healthy\healthy311.jpg,healthy,irish
D:\Potato\IrishPotato37G\earlyblt\Earlyblt3140.jpg,early_blight,irish
D:\Potato\IrishPotato37G\earlyblt\Earlyblt6758.jpg,early_blight,irish
D:\Potato\IrishPotato37G\healthy\healthy5065.jpg,healthy,irish
D:\Potato\IrishPotato37G\lateblt\Lateblt201.jpg,late_blight,irish
D:\Potato\IrishPotato37G\earlyblt\Earlyblt2801.JPG,early_blight,irish
D:\Potato\IrishPotato37G\earlyblt\Earlyblt6775.jpg,early_blight,irish
D:\Potato\IrishPotato37G\lateblt\Lateblt885.jpg,late_blight,irish
D:\Potato\IrishPotato37G\healthy\healthy4656.jpg,healthy,irish
D:\Potato\IrishPotato37G\lateblt\Lateblt389.jpg,late_blight,irish
D:\Potato\IrishPotato37G\lateblt\Lateblt2065.jpg,late_blight,irish
D:\Potato\IrishPotato37G\lateblt\Lateblt140.jpg,late_blight,irish
D:\Potato\IrishPotato37G\earlyblt\Earlyblt6146.JPG,early_blight,irish
D:\Potato\IrishPotato37G\lateblt\Lateblt828.jpg,late_blight,irish
D:\Potato\IrishPotato37G\earlyblt\Earlyblt894.JPG,early_blight,irish
D:\Potato\IrishPotato37G\earlyblt\Earlyblt6152.JPG,early_blight,irish
D:\Potato\IrishPotato37G\healthy\healthy948.jpg,healthy,irish
D:\Potato\IrishPotato37G\earlyblt\Earlyblt1314.JPG,early_blight,irish
D:\Potato\IrishPotato37G\earlyblt\Earlyblt2084.JPG,early_blight,irish
D:\Potato\IrishPotato37G\earlyblt\Earlyblt6735.jpg,early_blight,irish
D:\Potato\IrishPotato37G\healthy\healthy3985.jpg,healthy,irish
D:\Potato\IrishPotato37G\earlyblt\Earlyblt1349.JPG,early_blight,irish
D:\Potato\IrishPotato37G\lateblt\Lateblt1639.jpg,late_blight,irish
D:\Potato\IrishPotato37G\earlyblt\Earlyblt3024.JPG,early_blight,irish
D:\Potato\IrishPotato37G\earlyblt\Earlyblt1736.JPG,early_blight,irish
D:\Potato\IrishPotato37G\healthy\healthy2712.jpg,healthy,irish
D:\Potato\IrishPotato37G\earlyblt\Earlyblt3002.JPG,early_blight,irish
D:\Potato\IrishPotato37G\healthy\healthy2079.jpg,healthy,irish
D:\Potato\IrishPotato37G\earlyblt\Earlyblt6533.jpg,early_blight,irish
D:\Potato\IrishPotato37G\lateblt\Lateblt318.jpg,late_blight,irish
D:\Potato\IrishPotato37G\earlyblt\Earlyblt1162.JPG,early_blight,irish
D:\Potato\IrishPotato37G\healthy\healthy144.jpg,healthy,irish
D:\Potato\IrishPotato37G\earlyblt\Earlyblt1259.JPG,early_blight,irish
D:\Potato\IrishPotato37G\healthy\healthy5376.jpg,healthy,irish
D:\Potato\IrishPotato37G\lateblt\Lateblt2454.jpg,late_blight,irish
D:\Potato\IrishPotato37G\healthy\healthy398.jpg,healthy,irish
D:\Potato\IrishPotato37G\earlyblt\Earlyblt2699.JPG,early_blight,irish
D:\Potato\IrishPotato37G\lateblt\Lateblt2041.jpg,late_blight,irish
D:\Potato\IrishPotato37G\healthy\healthy492.jpg,healthy,irish
D:\Potato\IrishPotato37G\earlyblt\Earlyblt3105.JPG,early_blight,irish
D:\Potato\IrishPotato37G\healthy\healthy5388.jpg,healthy,irish
D:\Potato\IrishPotato37G\healthy\healthy811.jpg,healthy,irish
D:\Potato\IrishPotato37G\healthy\healthy4940.jpg,healthy,irish
D:\Potato\IrishPotato37G\healthy\healthy3016.jpg,healthy,irish
D:\Potato\IrishPotato37G\earlyblt\Earlyblt1927.JPG,early_blight,irish
D:\Potato\IrishPotato37G\earlyblt\Earlyblt2703.JPG,early_blight,irish
D:\Potato\IrishPotato37G\lateblt\Lateblt535.jpg,late_blight,irish
D:\Potato\IrishPotato37G\earlyblt\Earlyblt1164.JPG,early_blight,irish
D:\Potato\IrishPotato37G\earlyblt\Earlyblt2688.JPG,early_blight,irish
D:\Potato\IrishPotato37G\earlyblt\Earlyblt3066.JPG,early_blight,irish
D:\Potato\IrishPotato37G\earlyblt\Earlyblt1677.JPG,early_blight,irish
D:\Potato\IrishPotato37G\earlyblt\Earlyblt1597.JPG,early_blight,irish
D:\Potato\IrishPotato37G\earlyblt\Earlyblt3097.JPG,early_blight,irish
D:\Potato\IrishPotato37G\healthy\healthy1676.jpg,healthy,irish
D:\Potato\IrishPotato37G\healthy\healthy4258.jpg,healthy,irish
D:\Potato\IrishPotato37G\lateblt\Lateblt1986.jpg,late_blight,irish
D:\Potato\IrishPotato37G\lateblt\Lateblt2164.jpg,late_blight,irish
D:\Potato\IrishPotato37G\earlyblt\Earlyblt3062.JPG,early_blight,irish
D:\Potato\IrishPotato37G\earlyblt\Earlyblt2143.JPG,early_blight,irish
D:\Potato\IrishPotato37G\lateblt\Lateblt1876.jpg,late_blight,irish
D:\Potato\IrishPotato37G\earlyblt\Earlyblt2967.JPG,early_blight,irish
D:\Potato\IrishPotato37G\healthy\healthy2565.jpg,healthy,irish
D:\Potato\IrishPotato37G\earlyblt\Earlyblt1241.JPG,early_blight,irish
D:\Potato\IrishPotato37G\earlyblt\Earlyblt458.JPG,early_blight,irish
D:\Potato\IrishPotato37G\healthy\healthy141.jpg,healthy,irish
D:\Potato\IrishPotato37G\earlyblt\Earlyblt2958.JPG,early_blight,irish
D:\Potato\IrishPotato37G\lateblt\Lateblt2044.jpg,late_blight,irish
D:\Potato\IrishPotato37G\healthy\healthy846.jpg,healthy,irish
D:\Potato\IrishPotato37G\healthy\healthy4858.jpg,healthy,irish
D:\Potato\IrishPotato37G\earlyblt\Earlyblt2612.JPG,early_blight,irish
D:\Potato\IrishPotato37G\earlyblt\Earlyblt3399.JPG,early_blight,irish
D:\Potato\IrishPotato37G\healthy\healthy3337.jpg,healthy,irish
D:\Potato\IrishPotato37G\healthy\healthy4103.jpg,healthy,irish
D:\Potato\IrishPotato37G\earlyblt\Earlyblt6569.JPG,early_blight,irish
D:\Potato\IrishPotato37G\lateblt\Lateblt1591.jpg,late_blight,irish
D:\Potato\IrishPotato37G\healthy\healthy4205.jpg,healthy,irish
D:\Potato\IrishPotato37G\healthy\healthy457.jpg,healthy,irish
D:\Potato\IrishPotato37G\lateblt\Lateblt1679.jpg,late_blight,irish
D:\Potato\IrishPotato37G\healthy\healthy2438.jpg,healthy,irish
D:\Potato\IrishPotato37G\earlyblt\Earlyblt4779.JPG,early_blight,irish
D:\Potato\IrishPotato37G\healthy\healthy1531.jpg,healthy,irish
D:\Potato\IrishPotato37G\earlyblt\Earlyblt5884.jpg,early_blight,irish
D:\Potato\IrishPotato37G\healthy\healthy4020.jpg,healthy,irish
D:\Potato\IrishPotato37G\lateblt\Lateblt2879.jpg,late_blight,irish
D:\Potato\IrishPotato37G\healthy\healthy1154.jpg,healthy,irish
D:\Potato\IrishPotato37G\earlyblt\Earlyblt480.JPG,early_blight,irish
D:\Potato\IrishPotato37G\earlyblt\Earlyblt5980.jpg,early_blight,irish
D:\Potato\IrishPotato37G\earlyblt\Earlyblt3421.JPG,early_blight,irish
D:\Potato\IrishPotato37G\earlyblt\Earlyblt3073.JPG,early_blight,irish
D:\Potato\IrishPotato37G\lateblt\Lateblt2322.jpg,late_blight,irish
D:\Potato\IrishPotato37G\lateblt\Lateblt2825.jpg,late_blight,irish
D:\Potato\IrishPotato37G\healthy\healthy2003.jpg,healthy,irish
D:\Potato\IrishPotato37G\healthy\healthy5610.jpg,healthy,irish
D:\Potato\IrishPotato37G\healthy\healthy746.jpg,healthy,irish
D:\Potato\IrishPotato37G\healthy\healthy804.jpg,healthy,irish
D:\Potato\IrishPotato37G\healthy\healthy4743.jpg,healthy,irish
D:\Potato\IrishPotato37G\lateblt\Lateblt2639.jpg,late_blight,irish
D:\Potato\IrishPotato37G\lateblt\Lateblt1841.jpg,late_blight,irish
D:\Potato\IrishPotato37G\lateblt\Lateblt2486.jpg,late_blight,irish
D:\Potato\IrishPotato37G\lateblt\Lateblt2332_1.jpg,late_blight,irish
D:\Potato\IrishPotato37G\earlyblt\Earlyblt2649.JPG,early_blight,irish
D:\Potato\IrishPotato37G\lateblt\Lateblt2137.jpg,late_blight,irish
D:\Potato\IrishPotato37G\lateblt\Lateblt1715.jpg,late_blight,irish
D:\Potato\IrishPotato37G\lateblt\Lateblt1680.jpg,late_blight,irish
D:\Potato\IrishPotato37G\earlyblt\Earlyblt2867.JPG,early_blight,irish
D:\Potato\IrishPotato37G\healthy\healthy2837.jpg,healthy,irish
D:\Potato\IrishPotato37G\earlyblt\Earlyblt3495.jpg,early_blight,irish
D:\Potato\IrishPotato37G\earlyblt\Earlyblt188.JPG,early_blight,irish
D:\Potato\IrishPotato37G\earlyblt\Earlyblt814.JPG,early_blight,irish
D:\Potato\IrishPotato37G\lateblt\Lateblt1811.jpg,late_blight,irish
D:\Potato\IrishPotato37G\earlyblt\Earlyblt647.jpg,early_blight,irish
D:\Potato\IrishPotato37G\earlyblt\Earlyblt3772.jpg,early_blight,irish
D:\Potato\IrishPotato37G\earlyblt\Earlyblt1948.JPG,early_blight,irish
D:\Potato\IrishPotato37G\lateblt\Lateblt487.jpg,late_blight,irish
D:\Potato\IrishPotato37G\healthy\healthy3272.jpg,healthy,irish
D:\Potato\IrishPotato37G\lateblt\Lateblt52.jpg,late_blight,irish
D:\Potato\IrishPotato37G\earlyblt\Earlyblt1187.JPG,early_blight,irish
D:\Potato\IrishPotato37G\lateblt\Lateblt2832.jpg,late_blight,irish
D:\Potato\IrishPotato37G\healthy\healthy2987.jpg,healthy,irish
D:\Potato\IrishPotato37G\lateblt\Lateblt2208.jpg,late_blight,irish
D:\Potato\IrishPotato37G\earlyblt\Earlyblt6754.jpg,early_blight,irish
D:\Potato\IrishPotato37G\lateblt\Lateblt777.jpg,late_blight,irish
D:\Potato\IrishPotato37G\healthy\healthy3330.jpg,healthy,irish
D:\Potato\IrishPotato37G\earlyblt\Earlyblt1931.JPG,early_blight,irish
D:\Potato\IrishPotato37G\healthy\healthy994.jpg,healthy,irish
D:\Potato\IrishPotato37G\earlyblt\Earlyblt1501.JPG,early_blight,irish
D:\Potato\IrishPotato37G\healthy\healthy4715.jpg,healthy,irish
D:\Potato\IrishPotato37G\healthy\healthy5378.jpg,healthy,irish
D:\Potato\IrishPotato37G\lateblt\Lateblt1179.jpg,late_blight,irish
D:\Potato\IrishPotato37G\lateblt\Lateblt1701.jpg,late_blight,irish
D:\Potato\IrishPotato37G\earlyblt\Earlyblt4737.JPG,early_blight,irish
D:\Potato\IrishPotato37G\earlyblt\Earlyblt1053.JPG,early_blight,irish
D:\Potato\IrishPotato37G\lateblt\Lateblt258_1.jpg,late_blight,irish
D:\Potato\IrishPotato37G\lateblt\Lateblt552.jpg,late_blight,irish
D:\Potato\IrishPotato37G\lateblt\Lateblt745.jpg,late_blight,irish
D:\Potato\IrishPotato37G\earlyblt\Earlyblt2747.JPG,early_blight,irish
D:\Potato\IrishPotato37G\lateblt\Lateblt1721.jpg,late_blight,irish
D:\Potato\IrishPotato37G\healthy\healthy1940.jpg,healthy,irish
D:\Potato\IrishPotato37G\healthy\healthy2330.jpg,healthy,irish
D:\Potato\IrishPotato37G\lateblt\Lateblt1022.jpg,late_blight,irish
D:\Potato\IrishPotato37G\healthy\healthy1588.jpg,healthy,irish
D:\Potato\IrishPotato37G\lateblt\Lateblt2650.jpg,late_blight,irish
D:\Potato\IrishPotato37G\earlyblt\Earlyblt1026.JPG,early_blight,irish
D:\Potato\IrishPotato37G\lateblt\Lateblt2075.jpg,late_blight,irish
D:\Potato\IrishPotato37G\lateblt\Lateblt25.jpg,late_blight,irish
D:\Potato\IrishPotato37G\lateblt\Lateblt1886.jpg,late_blight,irish
D:\Potato\IrishPotato37G\lateblt\Lateblt2373.jpg,late_blight,irish
D:\Potato\IrishPotato37G\lateblt\Lateblt2921.jpg,late_blight,irish
D:\Potato\IrishPotato37G\earlyblt\Earlyblt1808.JPG,early_blight,irish
D:\Potato\IrishPotato37G\healthy\healthy767.jpg,healthy,irish
D:\Potato\IrishPotato37G\earlyblt\Earlyblt6025.jpg,early_blight,irish
D:\Potato\IrishPotato37G\earlyblt\Earlyblt1996.JPG,early_blight,irish
D:\Potato\IrishPotato37G\healthy\healthy976.jpg,healthy,irish
D:\Potato\IrishPotato37G\lateblt\Lateblt2980.jpg,late_blight,irish
D:\Potato\IrishPotato37G\healthy\healthy402.jpg,healthy,irish
D:\Potato\IrishPotato37G\lateblt\Lateblt2457.jpg,late_blight,irish
D:\Potato\IrishPotato37G\lateblt\Lateblt2300.jpg,late_blight,irish
D:\Potato\IrishPotato37G\lateblt\Lateblt2577.jpg,late_blight,irish
D:\Potato\IrishPotato37G\healthy\healthy1815.jpg,healthy,irish
D:\Potato\IrishPotato37G\healthy\healthy3537.jpg,healthy,irish
D:\Potato\IrishPotato37G\earlyblt\Earlyblt6621.jpg,early_blight,irish
D:\Potato\IrishPotato37G\earlyblt\Earlyblt660.jpg,early_blight,irish
D:\Potato\IrishPotato37G\healthy\healthy3838.jpg,healthy,irish
D:\Potato\IrishPotato37G\healthy\healthy3602.jpg,healthy,irish
D:\Potato\IrishPotato37G\healthy\healthy1737.jpg,healthy,irish
D:\Potato\IrishPotato37G\earlyblt\Earlyblt4900.jpg,early_blight,irish
D:\Potato\IrishPotato37G\earlyblt\Earlyblt6696.jpg,early_blight,irish
D:\Potato\IrishPotato37G\lateblt\Lateblt548.jpg,late_blight,irish
D:\Potato\IrishPotato37G\healthy\healthy1802.jpg,healthy,irish
D:\Potato\IrishPotato37G\lateblt\Lateblt1795.jpg,late_blight,irish
D:\Potato\IrishPotato37G\healthy\healthy3162.jpg,healthy,irish
D:\Potato\IrishPotato37G\earlyblt\Earlyblt6955.JPG,early_blight,irish
D:\Potato\IrishPotato37G\earlyblt\Earlyblt4719.JPG,early_blight,irish
D:\Potato\IrishPotato37G\earlyblt\Earlyblt501.JPG,early_blight,irish
D:\Potato\IrishPotato37G\lateblt\Lateblt2056.jpg,late_blight,irish
D:\Potato\IrishPotato37G\lateblt\Lateblt1786.jpg,late_blight,irish
D:\Potato\IrishPotato37G\healthy\healthy4294.jpg,healthy,irish
D:\Potato\IrishPotato37G\earlyblt\Earlyblt6556.jpg,early_blight,irish
D:\Potato\IrishPotato37G\healthy\healthy283.jpg,healthy,irish
D:\Potato\IrishPotato37G\earlyblt\Earlyblt339.JPG,early_blight,irish
D:\Potato\IrishPotato37G\lateblt\Lateblt678.jpg,late_blight,irish
D:\Potato\IrishPotato37G\lateblt\Lateblt972.jpg,late_blight,irish
D:\Potato\IrishPotato37G\lateblt\Lateblt1576.jpg,late_blight,irish
D:\Potato\IrishPotato37G\lateblt\Lateblt2547.jpg,late_blight,irish
D:\Potato\IrishPotato37G\healthy\healthy3271.jpg,healthy,irish
D:\Potato\IrishPotato37G\lateblt\Lateblt2260.jpg,late_blight,irish
D:\Potato\IrishPotato37G\healthy\healthy4890.jpg,healthy,irish
D:\Potato\IrishPotato37G\earlyblt\Earlyblt722.JPG,early_blight,irish
D:\Potato\IrishPotato37G\earlyblt\Earlyblt1392.JPG,early_blight,irish
D:\Potato\IrishPotato37G\healthy\healthy2630.jpg,healthy,irish
D:\Potato\IrishPotato37G\earlyblt\Earlyblt4730.JPG,early_blight,irish
D:\Potato\IrishPotato37G\healthy\healthy2369.jpg,healthy,irish
D:\Potato\IrishPotato37G\lateblt\Lateblt2885.jpg,late_blight,irish
D:\Potato\IrishPotato37G\lateblt\Lateblt2229.jpg,late_blight,irish
D:\Potato\IrishPotato37G\healthy\healthy2231.jpg,healthy,irish
D:\Potato\IrishPotato37G\lateblt\Lateblt2532.jpg,late_blight,irish
D:\Potato\IrishPotato37G\earlyblt\Earlyblt423.JPG,early_blight,irish
D:\Potato\IrishPotato37G\lateblt\Lateblt2428.jpg,late_blight,irish
D:\Potato\IrishPotato37G\healthy\healthy3938.jpg,healthy,irish
D:\Potato\IrishPotato37G\healthy\healthy1725.jpg,healthy,irish
D:\Potato\IrishPotato37G\lateblt\Lateblt5012.jpg,late_blight,irish
D:\Potato\IrishPotato37G\lateblt\Lateblt1282.jpg,late_blight,irish
D:\Potato\IrishPotato37G\earlyblt\Earlyblt787.JPG,early_blight,irish
D:\Potato\IrishPotato37G\lateblt\Lateblt2176.jpg,late_blight,irish
D:\Potato\IrishPotato37G\earlyblt\Earlyblt1028.JPG,early_blight,irish
D:\Potato\IrishPotato37G\lateblt\Lateblt2613.jpg,late_blight,irish
D:\Potato\IrishPotato37G\earlyblt\Earlyblt6361.JPG,early_blight,irish
D:\Potato\IrishPotato37G\lateblt\Lateblt2756.jpg,late_blight,irish
D:\Potato\IrishPotato37G\healthy\healthy4528.jpg,healthy,irish
D:\Potato\IrishPotato37G\lateblt\Lateblt230.jpg,late_blight,irish
D:\Potato\IrishPotato37G\lateblt\Lateblt1031.jpg,late_blight,irish
D:\Potato\IrishPotato37G\lateblt\Lateblt58.jpg,late_blight,irish
D:\Potato\IrishPotato37G\earlyblt\Earlyblt2341.JPG,early_blight,irish
D:\Potato\IrishPotato37G\earlyblt\Earlyblt3135.JPG,early_blight,irish
D:\Potato\IrishPotato37G\healthy\healthy625.jpg,healthy,irish
D:\Potato\IrishPotato37G\lateblt\Lateblt762.jpg,late_blight,irish
D:\Potato\IrishPotato37G\lateblt\Lateblt2705.jpg,late_blight,irish
D:\Potato\IrishPotato37G\lateblt\Lateblt2038.jpg,late_blight,irish
D:\Potato\IrishPotato37G\lateblt\Lateblt1691.jpg,late_blight,irish
D:\Potato\IrishPotato37G\healthy\healthy3281.jpg,healthy,irish
D:\Potato\IrishPotato37G\lateblt\Lateblt122.jpg,late_blight,irish
D:\Potato\IrishPotato37G\healthy\healthy1693.jpg,healthy,irish
D:\Potato\IrishPotato37G\earlyblt\Earlyblt2238.JPG,early_blight,irish
D:\Potato\IrishPotato37G\healthy\healthy5032.jpg,healthy,irish
D:\Potato\IrishPotato37G\lateblt\Lateblt2365.jpg,late_blight,irish
D:\Potato\IrishPotato37G\healthy\healthy2608.jpg,healthy,irish
D:\Potato\IrishPotato37G\lateblt\Lateblt1461.jpg,late_blight,irish
D:\Potato\IrishPotato37G\lateblt\Lateblt2394.jpg,late_blight,irish
D:\Potato\IrishPotato37G\healthy\healthy3788.jpg,healthy,irish
D:\Potato\IrishPotato37G\earlyblt\Earlyblt1342.JPG,early_blight,irish
D:\Potato\IrishPotato37G\earlyblt\Earlyblt4669.jpg,early_blight,irish
D:\Potato\IrishPotato37G\lateblt\Lateblt194.jpg,late_blight,irish
D:\Potato\IrishPotato37G\earlyblt\Earlyblt1304.JPG,early_blight,irish
D:\Potato\IrishPotato37G\lateblt\Lateblt1682.jpg,late_blight,irish
D:\Potato\IrishPotato37G\lateblt\Lateblt2214.jpg,late_blight,irish
D:\Potato\IrishPotato37G\healthy\healthy1060.jpg,healthy,irish
D:\Potato\IrishPotato37G\earlyblt\Earlyblt1116.JPG,early_blight,irish
D:\Potato\IrishPotato37G\earlyblt\Earlyblt2011.JPG,early_blight,irish
D:\Potato\IrishPotato37G\earlyblt\Earlyblt1526.JPG,early_blight,irish
D:\Potato\IrishPotato37G\healthy\healthy3888.jpg,healthy,irish
D:\Potato\IrishPotato37G\lateblt\Lateblt2939.jpg,late_blight,irish
D:\Potato\IrishPotato37G\healthy\healthy759.jpg,healthy,irish
D:\Potato\IrishPotato37G\lateblt\Lateblt5057.jpg,late_blight,irish
D:\Potato\IrishPotato37G\healthy\healthy897.jpg,healthy,irish
D:\Potato\IrishPotato37G\earlyblt\Earlyblt6001.jpg,early_blight,irish
D:\Potato\IrishPotato37G\lateblt\Lateblt1934.jpg,late_blight,irish
D:\Potato\IrishPotato37G\healthy\healthy3948.jpg,healthy,irish
D:\Potato\IrishPotato37G\healthy\healthy4507.jpg,healthy,irish
D:\Potato\IrishPotato37G\healthy\healthy2651.jpg,healthy,irish
D:\Potato\IrishPotato37G\earlyblt\Earlyblt5894.jpg,early_blight,irish
D:\Potato\IrishPotato37G\lateblt\Lateblt721.jpg,late_blight,irish
D:\Potato\IrishPotato37G\lateblt\Lateblt1170.jpg,late_blight,irish
D:\Potato\IrishPotato37G\earlyblt\Earlyblt3378.jpg,early_blight,irish
D:\Potato\IrishPotato37G\healthy\healthy5066.jpg,healthy,irish
D:\Potato\IrishPotato37G\lateblt\Lateblt2348.jpg,late_blight,irish
D:\Potato\IrishPotato37G\healthy\healthy2795.jpg,healthy,irish
D:\Potato\IrishPotato37G\earlyblt\Earlyblt2322.JPG,early_blight,irish
D:\Potato\IrishPotato37G\earlyblt\Earlyblt1175.JPG,early_blight,irish
D:\Potato\IrishPotato37G\healthy\healthy1650.jpg,healthy,irish
D:\Potato\IrishPotato37G\healthy\healthy1860.jpg,healthy,irish
D:\Potato\IrishPotato37G\earlyblt\Earlyblt6892.JPG,early_blight,irish
D:\Potato\IrishPotato37G\healthy\healthy4066.jpg,healthy,irish
D:\Potato\IrishPotato37G\lateblt\Lateblt638.jpg,late_blight,irish
D:\Potato\IrishPotato37G\lateblt\Lateblt2114.jpg,late_blight,irish
D:\Potato\IrishPotato37G\healthy\healthy707.jpg,healthy,irish
D:\Potato\IrishPotato37G\earlyblt\Earlyblt1624.JPG,early_blight,irish
D:\Potato\IrishPotato37G\earlyblt\Earlyblt5920.jpg,early_blight,irish
D:\Potato\IrishPotato37G\lateblt\Lateblt624.jpg,late_blight,irish
D:\Potato\IrishPotato37G\earlyblt\Earlyblt6423.JPG,early_blight,irish
D:\Potato\IrishPotato37G\healthy\healthy4689.jpg,healthy,irish
D:\Potato\IrishPotato37G\healthy\healthy219.jpg,healthy,irish
D:\Potato\IrishPotato37G\healthy\healthy834.jpg,healthy,irish
D:\Potato\IrishPotato37G\lateblt\Lateblt584.jpg,late_blight,irish
D:\Potato\IrishPotato37G\lateblt\Lateblt2160.jpg,late_blight,irish
D:\Potato\IrishPotato37G\healthy\healthy2789.jpg,healthy,irish
D:\Potato\IrishPotato37G\healthy\healthy1174.jpg,healthy,irish
D:\Potato\IrishPotato37G\lateblt\Lateblt1392.jpg,late_blight,irish
D:\Potato\IrishPotato37G\lateblt\Lateblt2338_1.jpg,late_blight,irish
D:\Potato\IrishPotato37G\lateblt\Lateblt1959.jpg,late_blight,irish
D:\Potato\IrishPotato37G\earlyblt\Earlyblt3480.jpg,early_blight,irish
D:\Potato\IrishPotato37G\earlyblt\Earlyblt7027.JPG,early_blight,irish
D:\Potato\IrishPotato37G\earlyblt\Earlyblt2101.JPG,early_blight,irish
D:\Potato\IrishPotato37G\lateblt\Lateblt336.jpg,late_blight,irish
D:\Potato\IrishPotato37G\healthy\healthy4251.jpg,healthy,irish
D:\Potato\IrishPotato37G\healthy\healthy114.jpg,healthy,irish
D:\Potato\IrishPotato37G\healthy\healthy1187.jpg,healthy,irish
D:\Potato\IrishPotato37G\lateblt\Lateblt2544.jpg,late_blight,irish
D:\Potato\IrishPotato37G\lateblt\Lateblt1492.jpg,late_blight,irish
D:\Potato\IrishPotato37G\lateblt\Lateblt2243.jpg,late_blight,irish
D:\Potato\IrishPotato37G\earlyblt\Earlyblt2321.JPG,early_blight,irish
D:\Potato\IrishPotato37G\healthy\healthy1901.jpg,healthy,irish
D:\Potato\IrishPotato37G\healthy\healthy4893.jpg,healthy,irish
D:\Potato\IrishPotato37G\lateblt\Lateblt1632.jpg,late_blight,irish
D:\Potato\IrishPotato37G\earlyblt\Earlyblt1678.JPG,early_blight,irish
D:\Potato\IrishPotato37G\healthy\healthy4763.jpg,healthy,irish
D:\Potato\IrishPotato37G\healthy\healthy4487.jpg,healthy,irish
D:\Potato\IrishPotato37G\earlyblt\Earlyblt872.JPG,early_blight,irish
D:\Potato\IrishPotato37G\lateblt\Lateblt1892.jpg,late_blight,irish
D:\Potato\IrishPotato37G\earlyblt\Earlyblt6494.JPG,early_blight,irish
D:\Potato\IrishPotato37G\earlyblt\Earlyblt2840.JPG,early_blight,irish
D:\Potato\IrishPotato37G\lateblt\Lateblt1274.jpg,late_blight,irish
D:\Potato\IrishPotato37G\earlyblt\Earlyblt2315.JPG,early_blight,irish
D:\Potato\IrishPotato37G\earlyblt\Earlyblt2402.JPG,early_blight,irish
D:\Potato\IrishPotato37G\lateblt\Lateblt1556.jpg,late_blight,irish
D:\Potato\IrishPotato37G\healthy\healthy1966.jpg,healthy,irish
D:\Potato\IrishPotato37G\lateblt\Lateblt2094.jpg,late_blight,irish
D:\Potato\IrishPotato37G\lateblt\Lateblt1008.jpg,late_blight,irish
D:\Potato\IrishPotato37G\healthy\healthy1477.jpg,healthy,irish
D:\Potato\IrishPotato37G\earlyblt\Earlyblt2509.JPG,early_blight,irish
D:\Potato\IrishPotato37G\earlyblt\Earlyblt3234.jpg,early_blight,irish
D:\Potato\IrishPotato37G\earlyblt\Earlyblt5932.JPG,early_blight,irish
D:\Potato\IrishPotato37G\lateblt\Lateblt2458.jpg,late_blight,irish
D:\Potato\IrishPotato37G\earlyblt\Earlyblt717.JPG,early_blight,irish
D:\Potato\IrishPotato37G\healthy\healthy4407.jpg,healthy,irish
D:\Potato\IrishPotato37G\earlyblt\Earlyblt2205.JPG,early_blight,irish
D:\Potato\IrishPotato37G\lateblt\Lateblt363.jpg,late_blight,irish
D:\Potato\IrishPotato37G\lateblt\Lateblt736.jpg,late_blight,irish
D:\Potato\IrishPotato37G\earlyblt\Earlyblt606.JPG,early_blight,irish
D:\Potato\IrishPotato37G\earlyblt\Earlyblt1282.JPG,early_blight,irish
D:\Potato\IrishPotato37G\healthy\healthy2882.jpg,healthy,irish
D:\Potato\IrishPotato37G\earlyblt\Earlyblt1299.JPG,early_blight,irish
D:\Potato\IrishPotato37G\healthy\healthy1713.jpg,healthy,irish
D:\Potato\IrishPotato37G\earlyblt\Earlyblt5889.jpg,early_blight,irish
D:\Potato\IrishPotato37G\healthy\healthy2357.jpg,healthy,irish
D:\Potato\IrishPotato37G\earlyblt\Earlyblt2381.JPG,early_blight,irish
D:\Potato\IrishPotato37G\lateblt\Lateblt2467.jpg,late_blight,irish
D:\Potato\IrishPotato37G\healthy\healthy1755.jpg,healthy,irish
D:\Potato\IrishPotato37G\healthy\healthy931.jpg,healthy,irish
D:\Potato\IrishPotato37G\healthy\healthy1626.jpg,healthy,irish
D:\Potato\IrishPotato37G\earlyblt\Earlyblt2675.JPG,early_blight,irish
D:\Potato\IrishPotato37G\healthy\healthy5373.jpg,healthy,irish
D:\Potato\IrishPotato37G\lateblt\Lateblt2133.jpg,late_blight,irish
D:\Potato\IrishPotato37G\healthy\healthy3363.jpg,healthy,irish
D:\Potato\IrishPotato37G\earlyblt\Earlyblt6966.JPG,early_blight,irish
D:\Potato\IrishPotato37G\lateblt\Lateblt2109.jpg,late_blight,irish
D:\Potato\IrishPotato37G\lateblt\Lateblt904.jpg,late_blight,irish
D:\Potato\IrishPotato37G\healthy\healthy1249.jpg,healthy,irish
D:\Potato\IrishPotato37G\healthy\healthy1579.jpg,healthy,irish
D:\Potato\IrishPotato37G\earlyblt\Earlyblt1995.JPG,early_blight,irish
D:\Potato\IrishPotato37G\earlyblt\Earlyblt6255.JPG,early_blight,irish
D:\Potato\IrishPotato37G\lateblt\Lateblt1776.jpg,late_blight,irish
D:\Potato\IrishPotato37G\healthy\healthy1514.jpg,healthy,irish
D:\Potato\IrishPotato37G\lateblt\Lateblt1123.jpg,late_blight,irish
D:\Potato\IrishPotato37G\lateblt\Lateblt2566.jpg,late_blight,irish
D:\Potato\IrishPotato37G\healthy\healthy5566.jpg,healthy,irish
D:\Potato\IrishPotato37G\healthy\healthy3442.jpg,healthy,irish
D:\Potato\IrishPotato37G\healthy\healthy5501.jpg,healthy,irish
D:\Potato\IrishPotato37G\earlyblt\Earlyblt2710.JPG,early_blight,irish
D:\Potato\IrishPotato37G\earlyblt\Earlyblt3167.jpg,early_blight,irish
D:\Potato\IrishPotato37G\earlyblt\Earlyblt404.JPG,early_blight,irish
D:\Potato\IrishPotato37G\healthy\healthy2856.jpg,healthy,irish
D:\Potato\IrishPotato37G\earlyblt\Earlyblt2944.JPG,early_blight,irish
D:\Potato\IrishPotato37G\healthy\healthy5148.jpg,healthy,irish
D:\Potato\IrishPotato37G\earlyblt\Earlyblt2954.JPG,early_blight,irish
D:\Potato\IrishPotato37G\earlyblt\Earlyblt1697.JPG,early_blight,irish
D:\Potato\IrishPotato37G\healthy\healthy4994.jpg,healthy,irish
D:\Potato\IrishPotato37G\earlyblt\Earlyblt424.JPG,early_blight,irish
D:\Potato\IrishPotato37G\healthy\healthy5254.jpg,healthy,irish
D:\Potato\IrishPotato37G\earlyblt\Earlyblt911.JPG,early_blight,irish
D:\Potato\IrishPotato37G\healthy\healthy1610.jpg,healthy,irish
D:\Potato\IrishPotato37G\earlyblt\Earlyblt2041.JPG,early_blight,irish
D:\Potato\IrishPotato37G\healthy\healthy870.jpg,healthy,irish
D:\Potato\IrishPotato37G\healthy\healthy1064.jpg,healthy,irish
D:\Potato\IrishPotato37G\earlyblt\Earlyblt2100.JPG,early_blight,irish
D:\Potato\IrishPotato37G\healthy\healthy4281.jpg,healthy,irish
D:\Potato\IrishPotato37G\earlyblt\Earlyblt6399.JPG,early_blight,irish
D:\Potato\IrishPotato37G\lateblt\Lateblt2268.jpg,late_blight,irish
D:\Potato\IrishPotato37G\lateblt\Lateblt2316.jpg,late_blight,irish
D:\Potato\IrishPotato37G\lateblt\Lateblt1484.jpg,late_blight,irish
D:\Potato\IrishPotato37G\healthy\healthy4879.jpg,healthy,irish
D:\Potato\IrishPotato37G\earlyblt\Earlyblt965.JPG,early_blight,irish
D:\Potato\IrishPotato37G\healthy\healthy2056.jpg,healthy,irish
D:\Potato\IrishPotato37G\healthy\healthy417.jpg,healthy,irish
D:\Potato\IrishPotato37G\lateblt\Lateblt633.jpg,late_blight,irish
D:\Potato\IrishPotato37G\earlyblt\Earlyblt3443.jpg,early_blight,irish
D:\Potato\IrishPotato37G\lateblt\Lateblt2058.jpg,late_blight,irish
D:\Potato\IrishPotato37G\earlyblt\Earlyblt6218.jpg,early_blight,irish
D:\Potato\IrishPotato37G\earlyblt\Earlyblt360.JPG,early_blight,irish
D:\Potato\IrishPotato37G\lateblt\Lateblt2117.jpg,late_blight,irish
D:\Potato\IrishPotato37G\earlyblt\Earlyblt1942.JPG,early_blight,irish
D:\Potato\IrishPotato37G\healthy\healthy2194.jpg,healthy,irish
D:\Potato\IrishPotato37G\earlyblt\Earlyblt1107.JPG,early_blight,irish
D:\Potato\IrishPotato37G\healthy\healthy3024.jpg,healthy,irish
D:\Potato\IrishPotato37G\lateblt\Lateblt1030.jpg,late_blight,irish
D:\Potato\IrishPotato37G\lateblt\Lateblt1264.jpg,late_blight,irish
D:\Potato\IrishPotato37G\healthy\healthy5518.jpg,healthy,irish
D:\Potato\IrishPotato37G\healthy\healthy4550.jpg,healthy,irish
D:\Potato\IrishPotato37G\earlyblt\Earlyblt6558.jpg,early_blight,irish
D:\Potato\IrishPotato37G\earlyblt\Earlyblt2915.JPG,early_blight,irish
D:\Potato\IrishPotato37G\lateblt\Lateblt2675.jpg,late_blight,irish
D:\Potato\IrishPotato37G\lateblt\Lateblt2456.jpg,late_blight,irish
D:\Potato\IrishPotato37G\earlyblt\Earlyblt3838.jpg,early_blight,irish
D:\Potato\IrishPotato37G\lateblt\Lateblt2142.jpg,late_blight,irish
D:\Potato\IrishPotato37G\earlyblt\Earlyblt89.JPG,early_blight,irish
D:\Potato\IrishPotato37G\earlyblt\Earlyblt941.JPG,early_blight,irish
D:\Potato\IrishPotato37G\lateblt\Lateblt2000.jpg,late_blight,irish
D:\Potato\IrishPotato37G\healthy\healthy5051.jpg,healthy,irish
D:\Potato\IrishPotato37G\earlyblt\Earlyblt1236.JPG,early_blight,irish
D:\Potato\IrishPotato37G\earlyblt\Earlyblt290.JPG,early_blight,irish
D:\Potato\IrishPotato37G\earlyblt\Earlyblt3931.jpg,early_blight,irish
D:\Potato\IrishPotato37G\lateblt\Lateblt2131.jpg,late_blight,irish
D:\Potato\IrishPotato37G\earlyblt\Earlyblt6995.JPG,early_blight,irish
D:\Potato\IrishPotato37G\healthy\healthy1537.jpg,healthy,irish
D:\Potato\IrishPotato37G\earlyblt\Earlyblt6682.JPG,early_blight,irish
D:\Potato\IrishPotato37G\earlyblt\Earlyblt1064.JPG,early_blight,irish
D:\Potato\IrishPotato37G\lateblt\Lateblt1397.jpg,late_blight,irish
D:\Potato\IrishPotato37G\healthy\healthy1055.jpg,healthy,irish
D:\Potato\IrishPotato37G\healthy\healthy2276.jpg,healthy,irish
D:\Potato\IrishPotato37G\lateblt\Lateblt910.jpg,late_blight,irish
D:\Potato\IrishPotato37G\earlyblt\Earlyblt779.JPG,early_blight,irish
D:\Potato\IrishPotato37G\healthy\healthy5010.jpg,healthy,irish
D:\Potato\IrishPotato37G\earlyblt\Earlyblt3005.JPG,early_blight,irish
D:\Potato\IrishPotato37G\lateblt\Lateblt716.jpg,late_blight,irish
D:\Potato\IrishPotato37G\earlyblt\Earlyblt878.JPG,early_blight,irish
D:\Potato\IrishPotato37G\lateblt\Lateblt1723.jpg,late_blight,irish
D:\Potato\IrishPotato37G\healthy\healthy4425.jpg,healthy,irish
D:\Potato\IrishPotato37G\lateblt\Lateblt1643.jpg,late_blight,irish
D:\Potato\IrishPotato37G\healthy\healthy5539.jpg,healthy,irish
D:\Potato\IrishPotato37G\lateblt\Lateblt2987.jpg,late_blight,irish
D:\Potato\IrishPotato37G\lateblt\Lateblt1924.jpg,late_blight,irish
D:\Potato\IrishPotato37G\earlyblt\Earlyblt1703.JPG,early_blight,irish
D:\Potato\IrishPotato37G\earlyblt\Earlyblt3961.jpg,early_blight,irish
D:\Potato\IrishPotato37G\earlyblt\Earlyblt1756.JPG,early_blight,irish
D:\Potato\IrishPotato37G\earlyblt\Earlyblt18.JPG,early_blight,irish
D:\Potato\IrishPotato37G\earlyblt\Earlyblt2299.JPG,early_blight,irish
D:\Potato\IrishPotato37G\earlyblt\Earlyblt3971.jpg,early_blight,irish
D:\Potato\IrishPotato37G\lateblt\Lateblt1678.jpg,late_blight,irish
D:\Potato\IrishPotato37G\healthy\healthy3689.jpg,healthy,irish
D:\Potato\IrishPotato37G\lateblt\Lateblt1592.jpg,late_blight,irish
D:\Potato\IrishPotato37G\healthy\healthy303.jpg,healthy,irish
D:\Potato\IrishPotato37G\lateblt\Lateblt2704.jpg,late_blight,irish
D:\Potato\IrishPotato37G\healthy\healthy178.jpg,healthy,irish
D:\Potato\IrishPotato37G\lateblt\Lateblt913.jpg,late_blight,irish
D:\Potato\IrishPotato37G\healthy\healthy4881.jpg,healthy,irish
D:\Potato\IrishPotato37G\lateblt\Lateblt2572.jpg,late_blight,irish
D:\Potato\IrishPotato37G\earlyblt\Earlyblt2966.JPG,early_blight,irish
D:\Potato\IrishPotato37G\healthy\healthy1950.jpg,healthy,irish
D:\Potato\IrishPotato37G\earlyblt\Earlyblt924.JPG,early_blight,irish
D:\Potato\IrishPotato37G\earlyblt\Earlyblt2407.JPG,early_blight,irish
D:\Potato\IrishPotato37G\lateblt\Lateblt666.jpg,late_blight,irish
D:\Potato\IrishPotato37G\lateblt\Lateblt460.jpg,late_blight,irish
D:\Potato\IrishPotato37G\lateblt\Lateblt109.jpg,late_blight,irish
D:\Potato\IrishPotato37G\healthy\healthy1757.jpg,healthy,irish
D:\Potato\IrishPotato37G\earlyblt\Earlyblt1233.JPG,early_blight,irish
D:\Potato\IrishPotato37G\healthy\healthy231.jpg,healthy,irish
D:\Potato\IrishPotato37G\earlyblt\Earlyblt2749.JPG,early_blight,irish
D:\Potato\IrishPotato37G\lateblt\Lateblt2320.jpg,late_blight,irish
D:\Potato\IrishPotato37G\healthy\healthy3781.jpg,healthy,irish
D:\Potato\IrishPotato37G\healthy\healthy2328.jpg,healthy,irish
D:\Potato\IrishPotato37G\healthy\healthy3299.jpg,healthy,irish
D:\Potato\IrishPotato37G\earlyblt\Earlyblt1684.JPG,early_blight,irish
D:\Potato\IrishPotato37G\lateblt\Lateblt1365.jpg,late_blight,irish
D:\Potato\IrishPotato37G\earlyblt\Earlyblt6650.jpg,early_blight,irish
D:\Potato\IrishPotato37G\lateblt\Lateblt1058.jpg,late_blight,irish
D:\Potato\IrishPotato37G\earlyblt\Earlyblt7015.JPG,early_blight,irish
D:\Potato\IrishPotato37G\lateblt\Lateblt660.jpg,late_blight,irish
D:\Potato\IrishPotato37G\earlyblt\Earlyblt1426.JPG,early_blight,irish
D:\Potato\IrishPotato37G\earlyblt\Earlyblt4863.jpg,early_blight,irish
D:\Potato\IrishPotato37G\healthy\healthy4594.jpg,healthy,irish
D:\Potato\IrishPotato37G\earlyblt\Earlyblt2631.JPG,early_blight,irish
D:\Potato\IrishPotato37G\lateblt\Lateblt317.jpg,late_blight,irish
D:\Potato\IrishPotato37G\lateblt\Lateblt2430.jpg,late_blight,irish
D:\Potato\IrishPotato37G\lateblt\Lateblt108.jpg,late_blight,irish
D:\Potato\IrishPotato37G\earlyblt\Earlyblt6542.jpg,early_blight,irish
D:\Potato\IrishPotato37G\healthy\healthy2583.jpg,healthy,irish
D:\Potato\IrishPotato37G\lateblt\Lateblt2943.jpg,late_blight,irish
D:\Potato\IrishPotato37G\lateblt\Lateblt941.jpg,late_blight,irish
D:\Potato\IrishPotato37G\lateblt\Lateblt1007.jpg,late_blight,irish
D:\Potato\IrishPotato37G\earlyblt\Earlyblt3103.JPG,early_blight,irish
D:\Potato\IrishPotato37G\healthy\healthy4096.jpg,healthy,irish
D:\Potato\IrishPotato37G\healthy\healthy2486.jpg,healthy,irish
D:\Potato\IrishPotato37G\earlyblt\Earlyblt4833.JPG,early_blight,irish
D:\Potato\IrishPotato37G\lateblt\Lateblt999.jpg,late_blight,irish
D:\Potato\IrishPotato37G\lateblt\Lateblt2514.jpg,late_blight,irish
D:\Potato\IrishPotato37G\healthy\healthy3571.jpg,healthy,irish
D:\Potato\IrishPotato37G\lateblt\Lateblt607.jpg,late_blight,irish
D:\Potato\IrishPotato37G\healthy\healthy358.jpg,healthy,irish
D:\Potato\IrishPotato37G\healthy\healthy4134.jpg,healthy,irish
D:\Potato\IrishPotato37G\earlyblt\Earlyblt1772.JPG,early_blight,irish
D:\Potato\IrishPotato37G\healthy\healthy3480.jpg,healthy,irish
D:\Potato\IrishPotato37G\earlyblt\Earlyblt6637.jpg,early_blight,irish
D:\Potato\IrishPotato37G\healthy\healthy2335.jpg,healthy,irish
D:\Potato\IrishPotato37G\healthy\healthy4963.jpg,healthy,irish
D:\Potato\IrishPotato37G\earlyblt\Earlyblt2736.JPG,early_blight,irish
D:\Potato\IrishPotato37G\lateblt\Lateblt2481.jpg,late_blight,irish
D:\Potato\IrishPotato37G\lateblt\Lateblt1945.jpg,late_blight,irish
D:\Potato\IrishPotato37G\earlyblt\Earlyblt1360.JPG,early_blight,irish
D:\Potato\IrishPotato37G\earlyblt\Earlyblt682.JPG,early_blight,irish
D:\Potato\IrishPotato37G\lateblt\Lateblt476.jpg,late_blight,irish
D:\Potato\IrishPotato37G\healthy\healthy691.jpg,healthy,irish
D:\Potato\IrishPotato37G\earlyblt\Earlyblt5895.jpg,early_blight,irish
D:\Potato\IrishPotato37G\lateblt\Lateblt2967.jpg,late_blight,irish
D:\Potato\IrishPotato37G\healthy\healthy5343.jpg,healthy,irish
D:\Potato\IrishPotato37G\earlyblt\Earlyblt893.JPG,early_blight,irish
D:\Potato\IrishPotato37G\healthy\healthy3000.jpg,healthy,irish
D:\Potato\IrishPotato37G\lateblt\Lateblt2649.jpg,late_blight,irish
D:\Potato\IrishPotato37G\lateblt\Lateblt2891.jpg,late_blight,irish
D:\Potato\IrishPotato37G\lateblt\Lateblt2037.jpg,late_blight,irish
D:\Potato\IrishPotato37G\lateblt\Lateblt541.jpg,late_blight,irish
D:\Potato\IrishPotato37G\healthy\healthy4604.jpg,healthy,irish
D:\Potato\IrishPotato37G\earlyblt\Earlyblt6448.JPG,early_blight,irish
D:\Potato\IrishPotato37G\earlyblt\Earlyblt4854.JPG,early_blight,irish
D:\Potato\IrishPotato37G\lateblt\Lateblt1535.jpg,late_blight,irish
D:\Potato\IrishPotato37G\earlyblt\Earlyblt2849.JPG,early_blight,irish
D:\Potato\IrishPotato37G\earlyblt\Earlyblt3777.jpg,early_blight,irish
D:\Potato\IrishPotato37G\lateblt\Lateblt1408.jpg,late_blight,irish
D:\Potato\IrishPotato37G\healthy\healthy202.jpg,healthy,irish
D:\Potato\IrishPotato37G\earlyblt\Earlyblt6721.jpg,early_blight,irish
D:\Potato\IrishPotato37G\healthy\healthy5238.jpg,healthy,irish
D:\Potato\IrishPotato37G\healthy\healthy1235.jpg,healthy,irish
D:\Potato\IrishPotato37G\lateblt\Lateblt2677.jpg,late_blight,irish
D:\Potato\IrishPotato37G\earlyblt\Earlyblt3132.JPG,early_blight,irish
D:\Potato\IrishPotato37G\healthy\healthy3230.jpg,healthy,irish
D:\Potato\IrishPotato37G\healthy\healthy3560.jpg,healthy,irish
D:\Potato\IrishPotato37G\lateblt\Lateblt773.jpg,late_blight,irish
D:\Potato\IrishPotato37G\earlyblt\Earlyblt5898.jpg,early_blight,irish
D:\Potato\IrishPotato37G\earlyblt\Earlyblt2976.JPG,early_blight,irish
D:\Potato\IrishPotato37G\earlyblt\Earlyblt4971.jpg,early_blight,irish
D:\Potato\IrishPotato37G\lateblt\Lateblt2289.jpg,late_blight,irish
D:\Potato\IrishPotato37G\earlyblt\Earlyblt3136.jpg,early_blight,irish
D:\Potato\IrishPotato37G\healthy\healthy4351.jpg,healthy,irish
D:\Potato\IrishPotato37G\earlyblt\Earlyblt6813.JPG,early_blight,irish
D:\Potato\IrishPotato37G\lateblt\Lateblt69.jpg,late_blight,irish
D:\Potato\IrishPotato37G\lateblt\Lateblt130.jpg,late_blight,irish
D:\Potato\IrishPotato37G\lateblt\Lateblt2862.jpg,late_blight,irish
D:\Potato\IrishPotato37G\healthy\healthy1377.jpg,healthy,irish
D:\Potato\IrishPotato37G\healthy\healthy4327.jpg,healthy,irish
D:\Potato\IrishPotato37G\healthy\healthy4249.jpg,healthy,irish
D:\Potato\IrishPotato37G\earlyblt\Earlyblt6675.jpg,early_blight,irish
D:\Potato\IrishPotato37G\earlyblt\Earlyblt1330.JPG,early_blight,irish
D:\Potato\IrishPotato37G\lateblt\Lateblt969.jpg,late_blight,irish
D:\Potato\IrishPotato37G\healthy\healthy3873.jpg,healthy,irish
D:\Potato\IrishPotato37G\lateblt\Lateblt275.jpg,late_blight,irish
D:\Potato\IrishPotato37G\lateblt\Lateblt2680.jpg,late_blight,irish
D:\Potato\IrishPotato37G\healthy\healthy2170.jpg,healthy,irish
D:\Potato\IrishPotato37G\lateblt\Lateblt54.jpg,late_blight,irish
D:\Potato\IrishPotato37G\earlyblt\Earlyblt3903.jpg,early_blight,irish
D:\Potato\IrishPotato37G\lateblt\Lateblt2850.jpg,late_blight,irish
D:\Potato\IrishPotato37G\earlyblt\Earlyblt1892.JPG,early_blight,irish
D:\Potato\IrishPotato37G\earlyblt\Earlyblt1057.JPG,early_blight,irish
D:\Potato\IrishPotato37G\healthy\healthy3806.jpg,healthy,irish
D:\Potato\IrishPotato37G\lateblt\Lateblt2066.jpg,late_blight,irish
D:\Potato\IrishPotato37G\earlyblt\Earlyblt2203.JPG,early_blight,irish
D:\Potato\IrishPotato37G\lateblt\Lateblt569.jpg,late_blight,irish
D:\Potato\IrishPotato37G\lateblt\Lateblt2637.jpg,late_blight,irish
D:\Potato\IrishPotato37G\lateblt\Lateblt2286.jpg,late_blight,irish
D:\Potato\IrishPotato37G\earlyblt\Earlyblt3840.jpg,early_blight,irish
D:\Potato\IrishPotato37G\lateblt\Lateblt886.jpg,late_blight,irish
D:\Potato\IrishPotato37G\earlyblt\Earlyblt3042.JPG,early_blight,irish
D:\Potato\IrishPotato37G\healthy\healthy517.jpg,healthy,irish
D:\Potato\IrishPotato37G\lateblt\Lateblt623.jpg,late_blight,irish
D:\Potato\IrishPotato37G\healthy\healthy622.jpg,healthy,irish
D:\Potato\IrishPotato37G\lateblt\Lateblt2736.jpg,late_blight,irish
D:\Potato\IrishPotato37G\lateblt\Lateblt38.jpg,late_blight,irish
D:\Potato\IrishPotato37G\healthy\healthy685.jpg,healthy,irish
D:\Potato\IrishPotato37G\healthy\healthy22.jpg,healthy,irish
D:\Potato\IrishPotato37G\earlyblt\Earlyblt2807.JPG,early_blight,irish
D:\Potato\IrishPotato37G\earlyblt\Earlyblt3982.jpg,early_blight,irish
D:\Potato\IrishPotato37G\lateblt\Lateblt2212.jpg,late_blight,irish
D:\Potato\IrishPotato37G\healthy\healthy1542.jpg,healthy,irish
D:\Potato\IrishPotato37G\lateblt\Lateblt1856.jpg,late_blight,irish
D:\Potato\IrishPotato37G\healthy\healthy3003.jpg,healthy,irish
D:\Potato\IrishPotato37G\lateblt\Lateblt2709.jpg,late_blight,irish
D:\Potato\IrishPotato37G\lateblt\Lateblt2785.jpg,late_blight,irish
D:\Potato\IrishPotato37G\earlyblt\Earlyblt3423.jpg,early_blight,irish
D:\Potato\IrishPotato37G\earlyblt\Earlyblt6977.JPG,early_blight,irish
D:\Potato\IrishPotato37G\healthy\healthy2053.jpg,healthy,irish
D:\Potato\IrishPotato37G\lateblt\Lateblt441.jpg,late_blight,irish
D:\Potato\IrishPotato37G\earlyblt\Earlyblt4693.JPG,early_blight,irish
D:\Potato\IrishPotato37G\lateblt\Lateblt382.jpg,late_blight,irish
D:\Potato\IrishPotato37G\lateblt\Lateblt2664_1.jpg,late_blight,irish
D:\Potato\IrishPotato37G\earlyblt\Earlyblt2189.JPG,early_blight,irish
D:\Potato\IrishPotato37G\earlyblt\Earlyblt3433.jpg,early_blight,irish
D:\Potato\IrishPotato37G\healthy\healthy3313.jpg,healthy,irish
D:\Potato\IrishPotato37G\lateblt\Lateblt636.jpg,late_blight,irish
D:\Potato\IrishPotato37G\earlyblt\Earlyblt3799.jpg,early_blight,irish
D:\Potato\IrishPotato37G\healthy\healthy3892.jpg,healthy,irish
D:\Potato\IrishPotato37G\healthy\healthy1339.jpg,healthy,irish
D:\Potato\IrishPotato37G\lateblt\Lateblt964.jpg,late_blight,irish
D:\Potato\IrishPotato37G\earlyblt\Earlyblt6216.JPG,early_blight,irish
D:\Potato\IrishPotato37G\healthy\healthy4201.jpg,healthy,irish
D:\Potato\IrishPotato37G\lateblt\Lateblt1583.jpg,late_blight,irish
D:\Potato\IrishPotato37G\lateblt\Lateblt1016.jpg,late_blight,irish
D:\Potato\IrishPotato37G\healthy\healthy2406.jpg,healthy,irish
D:\Potato\IrishPotato37G\earlyblt\Earlyblt464.JPG,early_blight,irish
D:\Potato\IrishPotato37G\lateblt\Lateblt2763.jpg,late_blight,irish
D:\Potato\IrishPotato37G\earlyblt\Earlyblt537.JPG,early_blight,irish
D:\Potato\IrishPotato37G\earlyblt\Earlyblt939.JPG,early_blight,irish
D:\Potato\IrishPotato37G\healthy\healthy2688.jpg,healthy,irish
D:\Potato\IrishPotato37G\earlyblt\Earlyblt3006.JPG,early_blight,irish
D:\Potato\IrishPotato37G\lateblt\Lateblt2007.jpg,late_blight,irish
D:\Potato\IrishPotato37G\lateblt\Lateblt809.jpg,late_blight,irish
D:\Potato\IrishPotato37G\lateblt\Lateblt2213.jpg,late_blight,irish
D:\Potato\IrishPotato37G\earlyblt\Earlyblt6085.jpg,early_blight,irish
D:\Potato\IrishPotato37G\earlyblt\Earlyblt67.JPG,early_blight,irish
D:\Potato\IrishPotato37G\healthy\healthy2726.jpg,healthy,irish
D:\Potato\IrishPotato37G\healthy\healthy2090.jpg,healthy,irish
D:\Potato\IrishPotato37G\lateblt\Lateblt680.jpg,late_blight,irish
D:\Potato\IrishPotato37G\earlyblt\Earlyblt5000.jpg,early_blight,irish
D:\Potato\IrishPotato37G\lateblt\Lateblt2447.jpg,late_blight,irish
D:\Potato\IrishPotato37G\lateblt\Lateblt1610.jpg,late_blight,irish
D:\Potato\IrishPotato37G\healthy\healthy1506.jpg,healthy,irish
D:\Potato\IrishPotato37G\healthy\healthy2466.jpg,healthy,irish
D:\Potato\IrishPotato37G\healthy\healthy3883.jpg,healthy,irish
D:\Potato\IrishPotato37G\earlyblt\Earlyblt6245.JPG,early_blight,irish
D:\Potato\IrishPotato37G\healthy\healthy4609.jpg,healthy,irish
D:\Potato\IrishPotato37G\healthy\healthy5249.jpg,healthy,irish
D:\Potato\IrishPotato37G\earlyblt\Earlyblt6756.jpg,early_blight,irish
D:\Potato\IrishPotato37G\earlyblt\Earlyblt193.JPG,early_blight,irish
D:\Potato\IrishPotato37G\healthy\healthy1347.jpg,healthy,irish
D:\Potato\IrishPotato37G\lateblt\Lateblt766.jpg,late_blight,irish
D:\Potato\IrishPotato37G\healthy\healthy1707.jpg,healthy,irish
D:\Potato\IrishPotato37G\earlyblt\Earlyblt6694.jpg,early_blight,irish
D:\Potato\IrishPotato37G\healthy\healthy708.jpg,healthy,irish
D:\Potato\IrishPotato37G\lateblt\Lateblt984.jpg,late_blight,irish
D:\Potato\IrishPotato37G\lateblt\Lateblt2625.jpg,late_blight,irish
D:\Potato\IrishPotato37G\earlyblt\Earlyblt6561.jpg,early_blight,irish
D:\Potato\IrishPotato37G\lateblt\Lateblt1003.jpg,late_blight,irish
D:\Potato\IrishPotato37G\earlyblt\Earlyblt6483.JPG,early_blight,irish
D:\Potato\IrishPotato37G\healthy\healthy1661.jpg,healthy,irish
D:\Potato\IrishPotato37G\lateblt\Lateblt1089.jpg,late_blight,irish
D:\Potato\IrishPotato37G\lateblt\Lateblt1075.jpg,late_blight,irish
D:\Potato\IrishPotato37G\healthy\healthy3501.jpg,healthy,irish
D:\Potato\IrishPotato37G\healthy\healthy3784.jpg,healthy,irish
D:\Potato\IrishPotato37G\lateblt\Lateblt592.jpg,late_blight,irish
D:\Potato\IrishPotato37G\lateblt\Lateblt653.jpg,late_blight,irish
D:\Potato\IrishPotato37G\lateblt\Lateblt802.jpg,late_blight,irish
D:\Potato\IrishPotato37G\earlyblt\Earlyblt6384.JPG,early_blight,irish
D:\Potato\IrishPotato37G\earlyblt\Earlyblt1649.JPG,early_blight,irish
D:\Potato\IrishPotato37G\healthy\healthy1601.jpg,healthy,irish
D:\Potato\IrishPotato37G\lateblt\Lateblt711.jpg,late_blight,irish
D:\Potato\IrishPotato37G\earlyblt\Earlyblt11.JPG,early_blight,irish
D:\Potato\IrishPotato37G\healthy\healthy936.jpg,healthy,irish
D:\Potato\IrishPotato37G\earlyblt\Earlyblt1817.JPG,early_blight,irish
D:\Potato\IrishPotato37G\earlyblt\Earlyblt1378.JPG,early_blight,irish
D:\Potato\IrishPotato37G\lateblt\Lateblt1286.jpg,late_blight,irish
D:\Potato\IrishPotato37G\earlyblt\Earlyblt6857.JPG,early_blight,irish
D:\Potato\IrishPotato37G\lateblt\Lateblt2782.jpg,late_blight,irish
D:\Potato\IrishPotato37G\earlyblt\Earlyblt230.JPG,early_blight,irish
D:\Potato\IrishPotato37G\lateblt\Lateblt2313.jpg,late_blight,irish
D:\Potato\IrishPotato37G\lateblt\Lateblt289.jpg,late_blight,irish
D:\Potato\IrishPotato37G\earlyblt\Earlyblt2717.JPG,early_blight,irish
D:\Potato\IrishPotato37G\earlyblt\Earlyblt2989.JPG,early_blight,irish
D:\Potato\IrishPotato37G\healthy\healthy3264.jpg,healthy,irish
D:\Potato\IrishPotato37G\earlyblt\Earlyblt6198.jpg,early_blight,irish
D:\Potato\IrishPotato37G\healthy\healthy4850.jpg,healthy,irish
D:\Potato\IrishPotato37G\earlyblt\Earlyblt2962.JPG,early_blight,irish
D:\Potato\IrishPotato37G\healthy\healthy2059.jpg,healthy,irish
D:\Potato\IrishPotato37G\healthy\healthy3113.jpg,healthy,irish
D:\Potato\IrishPotato37G\lateblt\Lateblt1368.jpg,late_blight,irish
D:\Potato\IrishPotato37G\earlyblt\Earlyblt2686.JPG,early_blight,irish
D:\Potato\IrishPotato37G\earlyblt\Earlyblt1768.JPG,early_blight,irish
D:\Potato\IrishPotato37G\lateblt\Lateblt2049.jpg,late_blight,irish
D:\Potato\IrishPotato37G\earlyblt\Earlyblt6338.JPG,early_blight,irish
D:\Potato\IrishPotato37G\lateblt\Lateblt1908.jpg,late_blight,irish
D:\Potato\IrishPotato37G\healthy\healthy2544.jpg,healthy,irish
D:\Potato\IrishPotato37G\lateblt\Lateblt2529.jpg,late_blight,irish
D:\Potato\IrishPotato37G\earlyblt\Earlyblt577.JPG,early_blight,irish
D:\Potato\IrishPotato37G\earlyblt\Earlyblt1249.JPG,early_blight,irish
D:\Potato\IrishPotato37G\lateblt\Lateblt254.jpg,late_blight,irish
D:\Potato\IrishPotato37G\earlyblt\Earlyblt2997.JPG,early_blight,irish
D:\Potato\IrishPotato37G\earlyblt\Earlyblt901.JPG,early_blight,irish
D:\Potato\IrishPotato37G\earlyblt\Earlyblt1296.JPG,early_blight,irish
D:\Potato\IrishPotato37G\earlyblt\Earlyblt3080.JPG,early_blight,irish
D:\Potato\IrishPotato37G\lateblt\Lateblt962.jpg,late_blight,irish
D:\Potato\IrishPotato37G\earlyblt\Earlyblt711.JPG,early_blight,irish
D:\Potato\IrishPotato37G\lateblt\Lateblt310.jpg,late_blight,irish
D:\Potato\IrishPotato37G\lateblt\Lateblt302.jpg,late_blight,irish
D:\Potato\IrishPotato37G\earlyblt\Earlyblt4684.JPG,early_blight,irish
D:\Potato\IrishPotato37G\earlyblt\Earlyblt1725.JPG,early_blight,irish
D:\Potato\IrishPotato37G\earlyblt\Earlyblt2356.JPG,early_blight,irish
D:\Potato\IrishPotato37G\lateblt\Lateblt2682.jpg,late_blight,irish
D:\Potato\IrishPotato37G\healthy\healthy3655.jpg,healthy,irish
D:\Potato\IrishPotato37G\healthy\healthy4970.jpg,healthy,irish
D:\Potato\IrishPotato37G\earlyblt\Earlyblt5923.jpg,early_blight,irish
D:\Potato\IrishPotato37G\earlyblt\Earlyblt6254.JPG,early_blight,irish
D:\Potato\IrishPotato37G\healthy\healthy5451.jpg,healthy,irish
D:\Potato\IrishPotato37G\lateblt\Lateblt1540.jpg,late_blight,irish
D:\Potato\IrishPotato37G\earlyblt\Earlyblt3955.jpg,early_blight,irish
D:\Potato\IrishPotato37G\earlyblt\Earlyblt713.JPG,early_blight,irish
D:\Potato\IrishPotato37G\earlyblt\Earlyblt6591.jpg,early_blight,irish
D:\Potato\IrishPotato37G\earlyblt\Earlyblt1783.JPG,early_blight,irish
D:\Potato\IrishPotato37G\earlyblt\Earlyblt3699.jpg,early_blight,irish
D:\Potato\IrishPotato37G\lateblt\Lateblt2355.jpg,late_blight,irish
D:\Potato\IrishPotato37G\earlyblt\Earlyblt5933.jpg,early_blight,irish
D:\Potato\IrishPotato37G\lateblt\Lateblt629.jpg,late_blight,irish
D:\Potato\IrishPotato37G\earlyblt\Earlyblt1476.JPG,early_blight,irish
D:\Potato\IrishPotato37G\healthy\healthy497.jpg,healthy,irish
D:\Potato\IrishPotato37G\healthy\healthy2758.jpg,healthy,irish
D:\Potato\IrishPotato37G\earlyblt\Earlyblt3871.JPG,early_blight,irish
D:\Potato\IrishPotato37G\healthy\healthy3956.jpg,healthy,irish
D:\Potato\IrishPotato37G\healthy\healthy3356.jpg,healthy,irish
D:\Potato\IrishPotato37G\healthy\healthy5311.jpg,healthy,irish
D:\Potato\IrishPotato37G\healthy\healthy2570.jpg,healthy,irish
D:\Potato\IrishPotato37G\healthy\healthy4716.jpg,healthy,irish
D:\Potato\IrishPotato37G\earlyblt\Earlyblt3343.jpg,early_blight,irish
D:\Potato\IrishPotato37G\lateblt\Lateblt2389.jpg,late_blight,irish
D:\Potato\IrishPotato37G\earlyblt\Earlyblt6178.JPG,early_blight,irish
D:\Potato\IrishPotato37G\lateblt\Lateblt2706.jpg,late_blight,irish
D:\Potato\IrishPotato37G\healthy\healthy1346.jpg,healthy,irish
D:\Potato\IrishPotato37G\healthy\healthy4600.jpg,healthy,irish
D:\Potato\IrishPotato37G\healthy\healthy2564.jpg,healthy,irish
D:\Potato\IrishPotato37G\healthy\healthy1317.jpg,healthy,irish
D:\Potato\IrishPotato37G\earlyblt\Earlyblt6180.JPG,early_blight,irish
D:\Potato\IrishPotato37G\earlyblt\Earlyblt2188.JPG,early_blight,irish
D:\Potato\IrishPotato37G\healthy\healthy5370.jpg,healthy,irish
D:\Potato\IrishPotato37G\healthy\healthy1044.jpg,healthy,irish
D:\Potato\IrishPotato37G\earlyblt\Earlyblt2237.JPG,early_blight,irish
D:\Potato\IrishPotato37G\lateblt\Lateblt2913.jpg,late_blight,irish
D:\Potato\IrishPotato37G\earlyblt\Earlyblt644.jpg,early_blight,irish
D:\Potato\IrishPotato37G\healthy\healthy2905.jpg,healthy,irish
D:\Potato\IrishPotato37G\lateblt\Lateblt405.jpg,late_blight,irish
D:\Potato\IrishPotato37G\healthy\healthy1921.jpg,healthy,irish
D:\Potato\IrishPotato37G\earlyblt\Earlyblt3375.jpg,early_blight,irish
D:\Potato\IrishPotato37G\lateblt\Lateblt2119.jpg,late_blight,irish
D:\Potato\IrishPotato37G\earlyblt\Earlyblt2005.JPG,early_blight,irish
D:\Potato\IrishPotato37G\earlyblt\Earlyblt3979.JPG,early_blight,irish
D:\Potato\IrishPotato37G\lateblt\Lateblt2869.jpg,late_blight,irish
D:\Potato\IrishPotato37G\healthy\healthy3931.jpg,healthy,irish
D:\Potato\IrishPotato37G\earlyblt\Earlyblt531.JPG,early_blight,irish
D:\Potato\IrishPotato37G\healthy\healthy1384.jpg,healthy,irish
D:\Potato\IrishPotato37G\healthy\healthy5175.jpg,healthy,irish
D:\Potato\IrishPotato37G\earlyblt\Earlyblt1780.JPG,early_blight,irish
D:\Potato\IrishPotato37G\healthy\healthy4384.jpg,healthy,irish
D:\Potato\IrishPotato37G\lateblt\Lateblt1762.jpg,late_blight,irish
D:\Potato\IrishPotato37G\earlyblt\Earlyblt6817.JPG,early_blight,irish
D:\Potato\IrishPotato37G\healthy\healthy3038.jpg,healthy,irish
D:\Potato\IrishPotato37G\lateblt\Lateblt1042.jpg,late_blight,irish
D:\Potato\IrishPotato37G\lateblt\Lateblt2656.jpg,late_blight,irish
D:\Potato\IrishPotato37G\earlyblt\Earlyblt1297.JPG,early_blight,irish
D:\Potato\IrishPotato37G\lateblt\Lateblt418.jpg,late_blight,irish
D:\Potato\IrishPotato37G\earlyblt\Earlyblt2918.JPG,early_blight,irish
D:\Potato\IrishPotato37G\earlyblt\Earlyblt6079.jpg,early_blight,irish
D:\Potato\IrishPotato37G\healthy\healthy1133.jpg,healthy,irish
D:\Potato\IrishPotato37G\lateblt\Lateblt1650.jpg,late_blight,irish
D:\Potato\IrishPotato37G\earlyblt\Earlyblt1982.JPG,early_blight,irish
D:\Potato\IrishPotato37G\earlyblt\Earlyblt6649.jpg,early_blight,irish
D:\Potato\IrishPotato37G\lateblt\Lateblt2471.jpg,late_blight,irish
D:\Potato\IrishPotato37G\healthy\healthy1406.jpg,healthy,irish
D:\Potato\IrishPotato37G\healthy\healthy4217.jpg,healthy,irish
D:\Potato\IrishPotato37G\healthy\healthy2742.jpg,healthy,irish
D:\Potato\IrishPotato37G\healthy\healthy2044.jpg,healthy,irish
D:\Potato\IrishPotato37G\lateblt\Lateblt2156.jpg,late_blight,irish
D:\Potato\IrishPotato37G\healthy\healthy2351.jpg,healthy,irish
D:\Potato\IrishPotato37G\earlyblt\Earlyblt6766.JPG,early_blight,irish
D:\Potato\IrishPotato37G\earlyblt\Earlyblt6876.JPG,early_blight,irish
D:\Potato\IrishPotato37G\earlyblt\Earlyblt2559.JPG,early_blight,irish
D:\Potato\IrishPotato37G\earlyblt\Earlyblt2553.JPG,early_blight,irish
D:\Potato\IrishPotato37G\healthy\healthy201.jpg,healthy,irish
D:\Potato\IrishPotato37G\healthy\healthy2946.jpg,healthy,irish
D:\Potato\IrishPotato37G\lateblt\Lateblt2774.jpg,late_blight,irish
D:\Potato\IrishPotato37G\lateblt\Lateblt749.jpg,late_blight,irish
D:\Potato\IrishPotato37G\lateblt\Lateblt1628.jpg,late_blight,irish
D:\Potato\IrishPotato37G\earlyblt\Earlyblt2660.JPG,early_blight,irish
D:\Potato\IrishPotato37G\lateblt\Lateblt2963.jpg,late_blight,irish
D:\Potato\IrishPotato37G\lateblt\Lateblt1511.jpg,late_blight,irish
D:\Potato\IrishPotato37G\lateblt\Lateblt522.jpg,late_blight,irish
D:\Potato\IrishPotato37G\lateblt\Lateblt2978.jpg,late_blight,irish
D:\Potato\IrishPotato37G\earlyblt\Earlyblt2848.JPG,early_blight,irish
D:\Potato\IrishPotato37G\earlyblt\Earlyblt2759.JPG,early_blight,irish
D:\Potato\IrishPotato37G\lateblt\Lateblt1094.jpg,late_blight,irish
D:\Potato\IrishPotato37G\lateblt\Lateblt1112.jpg,late_blight,irish
D:\Potato\IrishPotato37G\healthy\healthy2675.jpg,healthy,irish
D:\Potato\IrishPotato37G\healthy\healthy1424.jpg,healthy,irish
D:\Potato\IrishPotato37G\lateblt\Lateblt1301.jpg,late_blight,irish
D:\Potato\IrishPotato37G\earlyblt\Earlyblt6243.JPG,early_blight,irish
D:\Potato\IrishPotato37G\earlyblt\Earlyblt1923.JPG,early_blight,irish
D:\Potato\IrishPotato37G\healthy\healthy1934.jpg,healthy,irish
D:\Potato\IrishPotato37G\lateblt\Lateblt396.jpg,late_blight,irish
D:\Potato\IrishPotato37G\lateblt\Lateblt2699.jpg,late_blight,irish
D:\Potato\IrishPotato37G\lateblt\Lateblt1440.jpg,late_blight,irish
D:\Potato\IrishPotato37G\healthy\healthy1728.jpg,healthy,irish
D:\Potato\IrishPotato37G\lateblt\Lateblt2522.jpg,late_blight,irish
D:\Potato\IrishPotato37G\earlyblt\Earlyblt4786.JPG,early_blight,irish
D:\Potato\IrishPotato37G\lateblt\Lateblt2017.jpg,late_blight,irish
D:\Potato\IrishPotato37G\lateblt\Lateblt1977.jpg,late_blight,irish
D:\Potato\IrishPotato37G\lateblt\Lateblt352.jpg,late_blight,irish
D:\Potato\IrishPotato37G\earlyblt\Earlyblt6455.jpg,early_blight,irish
D:\Potato\IrishPotato37G\earlyblt\Earlyblt3674.jpg,early_blight,irish
D:\Potato\IrishPotato37G\lateblt\Lateblt308.jpg,late_blight,irish
D:\Potato\IrishPotato37G\healthy\healthy1686.jpg,healthy,irish
D:\Potato\IrishPotato37G\earlyblt\Earlyblt892.JPG,early_blight,irish
D:\Potato\IrishPotato37G\healthy\healthy1682.jpg,healthy,irish
D:\Potato\IrishPotato37G\earlyblt\Earlyblt5942.jpg,early_blight,irish
D:\Potato\IrishPotato37G\earlyblt\Earlyblt416.JPG,early_blight,irish
D:\Potato\IrishPotato37G\lateblt\Lateblt637.jpg,late_blight,irish
D:\Potato\IrishPotato37G\healthy\healthy2259.jpg,healthy,irish
D:\Potato\IrishPotato37G\healthy\healthy3794.jpg,healthy,irish
D:\Potato\IrishPotato37G\earlyblt\Earlyblt3364.jpg,early_blight,irish
D:\Potato\IrishPotato37G\healthy\healthy2683.jpg,healthy,irish
D:\Potato\IrishPotato37G\lateblt\Lateblt462.jpg,late_blight,irish
D:\Potato\IrishPotato37G\earlyblt\Earlyblt4700.JPG,early_blight,irish
D:\Potato\IrishPotato37G\earlyblt\Earlyblt6852.JPG,early_blight,irish
D:\Potato\IrishPotato37G\healthy\healthy4189.jpg,healthy,irish
D:\Potato\IrishPotato37G\lateblt\Lateblt1896.jpg,late_blight,irish
D:\Potato\IrishPotato37G\healthy\healthy4651.jpg,healthy,irish
D:\Potato\IrishPotato37G\healthy\healthy538.jpg,healthy,irish
D:\Potato\IrishPotato37G\healthy\healthy5104.jpg,healthy,irish
D:\Potato\IrishPotato37G\earlyblt\Earlyblt6221.jpg,early_blight,irish
D:\Potato\IrishPotato37G\healthy\healthy5625.jpg,healthy,irish
D:\Potato\IrishPotato37G\earlyblt\Earlyblt6522.jpg,early_blight,irish
D:\Potato\IrishPotato37G\lateblt\Lateblt1012.jpg,late_blight,irish
D:\Potato\IrishPotato37G\healthy\healthy822.jpg,healthy,irish
D:\Potato\IrishPotato37G\healthy\healthy3376.jpg,healthy,irish
D:\Potato\IrishPotato37G\healthy\healthy4016.jpg,healthy,irish
D:\Potato\IrishPotato37G\lateblt\Lateblt2234.jpg,late_blight,irish
D:\Potato\IrishPotato37G\earlyblt\Earlyblt2363.JPG,early_blight,irish
D:\Potato\IrishPotato37G\healthy\healthy1753.jpg,healthy,irish
D:\Potato\IrishPotato37G\healthy\healthy304.jpg,healthy,irish
D:\Potato\IrishPotato37G\lateblt\Lateblt1245.jpg,late_blight,irish
D:\Potato\IrishPotato37G\earlyblt\Earlyblt4893.jpg,early_blight,irish
D:\Potato\IrishPotato37G\earlyblt\Earlyblt6461.JPG,early_blight,irish
D:\Potato\IrishPotato37G\earlyblt\Earlyblt3741.jpg,early_blight,irish
D:\Potato\IrishPotato37G\lateblt\Lateblt2964.jpg,late_blight,irish
D:\Potato\IrishPotato37G\earlyblt\Earlyblt771.JPG,early_blight,irish
D:\Potato\IrishPotato37G\earlyblt\Earlyblt3121.JPG,early_blight,irish
D:\Potato\IrishPotato37G\healthy\healthy1980.jpg,healthy,irish
D:\Potato\IrishPotato37G\healthy\healthy3322.jpg,healthy,irish
D:\Potato\IrishPotato37G\earlyblt\Earlyblt2471.JPG,early_blight,irish
D:\Potato\IrishPotato37G\healthy\healthy5308.jpg,healthy,irish
D:\Potato\IrishPotato37G\lateblt\Lateblt925.jpg,late_blight,irish
D:\Potato\IrishPotato37G\earlyblt\Earlyblt2391.JPG,early_blight,irish
D:\Potato\IrishPotato37G\earlyblt\Earlyblt2224.JPG,early_blight,irish
D:\Potato\IrishPotato37G\earlyblt\Earlyblt323.JPG,early_blight,irish
D:\Potato\IrishPotato37G\lateblt\Lateblt689.jpg,late_blight,irish
D:\Potato\IrishPotato37G\lateblt\Lateblt792.jpg,late_blight,irish
D:\Potato\IrishPotato37G\earlyblt\Earlyblt1759.JPG,early_blight,irish
D:\Potato\IrishPotato37G\earlyblt\Earlyblt4834.jpg,early_blight,irish
D:\Potato\IrishPotato37G\healthy\healthy4400.jpg,healthy,irish
D:\Potato\IrishPotato37G\healthy\healthy963.jpg,healthy,irish
D:\Potato\IrishPotato37G\lateblt\Lateblt2873.jpg,late_blight,irish
D:\Potato\IrishPotato37G\healthy\healthy3103.jpg,healthy,irish
D:\Potato\IrishPotato37G\healthy\healthy5187.jpg,healthy,irish
D:\Potato\IrishPotato37G\lateblt\Lateblt2715.jpg,late_blight,irish
D:\Potato\IrishPotato37G\earlyblt\Earlyblt3822.jpg,early_blight,irish
D:\Potato\IrishPotato37G\lateblt\Lateblt5025.jpg,late_blight,irish
D:\Potato\IrishPotato37G\earlyblt\Earlyblt6720.jpg,early_blight,irish
D:\Potato\IrishPotato37G\earlyblt\Earlyblt6900.JPG,early_blight,irish
D:\Potato\IrishPotato37G\healthy\healthy5443.jpg,healthy,irish
D:\Potato\IrishPotato37G\healthy\healthy1896.jpg,healthy,irish
D:\Potato\IrishPotato37G\earlyblt\Earlyblt1413.JPG,early_blight,irish
D:\Potato\IrishPotato37G\lateblt\Lateblt1810.jpg,late_blight,irish
D:\Potato\IrishPotato37G\earlyblt\Earlyblt1402.JPG,early_blight,irish
D:\Potato\IrishPotato37G\healthy\healthy1500.jpg,healthy,irish
D:\Potato\IrishPotato37G\earlyblt\Earlyblt6762.JPG,early_blight,irish
D:\Potato\IrishPotato37G\healthy\healthy5179.jpg,healthy,irish
D:\Potato\IrishPotato37G\earlyblt\Earlyblt3224.jpg,early_blight,irish
D:\Potato\IrishPotato37G\lateblt\Lateblt1956.jpg,late_blight,irish
D:\Potato\IrishPotato37G\healthy\healthy50.jpg,healthy,irish
D:\Potato\IrishPotato37G\earlyblt\Earlyblt3354.jpg,early_blight,irish
D:\Potato\IrishPotato37G\healthy\healthy4647.jpg,healthy,irish
D:\Potato\IrishPotato37G\lateblt\Lateblt847.jpg,late_blight,irish
D:\Potato\IrishPotato37G\healthy\healthy3610.jpg,healthy,irish
D:\Potato\IrishPotato37G\earlyblt\Earlyblt628.jpg,early_blight,irish
D:\Potato\IrishPotato37G\healthy\healthy618.jpg,healthy,irish
D:\Potato\IrishPotato37G\earlyblt\Earlyblt1013.JPG,early_blight,irish
D:\Potato\IrishPotato37G\healthy\healthy18.jpg,healthy,irish
D:\Potato\IrishPotato37G\lateblt\Lateblt105.jpg,late_blight,irish
D:\Potato\IrishPotato37G\lateblt\Lateblt1825.jpg,late_blight,irish
D:\Potato\IrishPotato37G\healthy\healthy4911.jpg,healthy,irish
D:\Potato\IrishPotato37G\lateblt\Lateblt2903.jpg,late_blight,irish
D:\Potato\IrishPotato37G\earlyblt\Earlyblt2647.JPG,early_blight,irish
D:\Potato\IrishPotato37G\healthy\healthy1322.jpg,healthy,irish
D:\Potato\IrishPotato37G\earlyblt\Earlyblt6508.JPG,early_blight,irish
D:\Potato\IrishPotato37G\healthy\healthy1356.jpg,healthy,irish
D:\Potato\IrishPotato37G\healthy\healthy1073.jpg,healthy,irish
D:\Potato\IrishPotato37G\earlyblt\Earlyblt2889.JPG,early_blight,irish
D:\Potato\IrishPotato37G\healthy\healthy154.jpg,healthy,irish
D:\Potato\IrishPotato37G\earlyblt\Earlyblt7002.JPG,early_blight,irish
D:\Potato\IrishPotato37G\healthy\healthy4472.jpg,healthy,irish
D:\Potato\IrishPotato37G\healthy\healthy1446.jpg,healthy,irish
D:\Potato\IrishPotato37G\healthy\healthy5294.jpg,healthy,irish
D:\Potato\IrishPotato37G\healthy\healthy3741.jpg,healthy,irish
D:\Potato\IrishPotato37G\earlyblt\Earlyblt2105.JPG,early_blight,irish
D:\Potato\IrishPotato37G\earlyblt\Earlyblt1578.JPG,early_blight,irish
D:\Potato\IrishPotato37G\earlyblt\Earlyblt3244.jpg,early_blight,irish
D:\Potato\IrishPotato37G\lateblt\Lateblt1506.jpg,late_blight,irish
D:\Potato\IrishPotato37G\lateblt\Lateblt5039.jpg,late_blight,irish
D:\Potato\IrishPotato37G\healthy\healthy2672.jpg,healthy,irish
D:\Potato\IrishPotato37G\lateblt\Lateblt225.jpg,late_blight,irish
D:\Potato\IrishPotato37G\lateblt\Lateblt1344.jpg,late_blight,irish
D:\Potato\IrishPotato37G\healthy\healthy373.jpg,healthy,irish
D:\Potato\IrishPotato37G\healthy\healthy4521.jpg,healthy,irish
D:\Potato\IrishPotato37G\earlyblt\Earlyblt304.JPG,early_blight,irish
D:\Potato\IrishPotato37G\lateblt\Lateblt2425.jpg,late_blight,irish
D:\Potato\IrishPotato37G\earlyblt\Earlyblt1906.JPG,early_blight,irish
D:\Potato\IrishPotato37G\earlyblt\Earlyblt73.JPG,early_blight,irish
D:\Potato\IrishPotato37G\lateblt\Lateblt5031.jpg,late_blight,irish
D:\Potato\IrishPotato37G\earlyblt\Earlyblt3205.jpg,early_blight,irish
D:\Potato\IrishPotato37G\healthy\healthy4403.jpg,healthy,irish
D:\Potato\IrishPotato37G\lateblt\Lateblt2411.jpg,late_blight,irish
D:\Potato\IrishPotato37G\healthy\healthy29.jpg,healthy,irish
D:\Potato\IrishPotato37G\earlyblt\Earlyblt3473.jpg,early_blight,irish
D:\Potato\IrishPotato37G\healthy\healthy4549.jpg,healthy,irish
D:\Potato\IrishPotato37G\earlyblt\Earlyblt1229.JPG,early_blight,irish
D:\Potato\IrishPotato37G\healthy\healthy1925.jpg,healthy,irish
D:\Potato\IrishPotato37G\healthy\healthy3135.jpg,healthy,irish
D:\Potato\IrishPotato37G\earlyblt\Earlyblt6279.JPG,early_blight,irish
D:\Potato\IrishPotato37G\earlyblt\Earlyblt6784.jpg,early_blight,irish
D:\Potato\IrishPotato37G\healthy\healthy424.jpg,healthy,irish
D:\Potato\IrishPotato37G\healthy\healthy269.jpg,healthy,irish
D:\Potato\IrishPotato37G\earlyblt\Earlyblt1015.JPG,early_blight,irish
D:\Potato\IrishPotato37G\healthy\healthy2209.jpg,healthy,irish
D:\Potato\IrishPotato37G\healthy\healthy4694.jpg,healthy,irish
D:\Potato\IrishPotato37G\lateblt\Lateblt146.jpg,late_blight,irish
D:\Potato\IrishPotato37G\earlyblt\Earlyblt1967.JPG,early_blight,irish
D:\Potato\IrishPotato37G\lateblt\Lateblt1932.jpg,late_blight,irish
D:\Potato\IrishPotato37G\earlyblt\Earlyblt259.JPG,early_blight,irish
D:\Potato\IrishPotato37G\lateblt\Lateblt1098.jpg,late_blight,irish
D:\Potato\IrishPotato37G\earlyblt\Earlyblt3274.jpg,early_blight,irish
D:\Potato\IrishPotato37G\healthy\healthy2167.jpg,healthy,irish
D:\Potato\IrishPotato37G\healthy\healthy3036.jpg,healthy,irish
D:\Potato\IrishPotato37G\earlyblt\Earlyblt976.JPG,early_blight,irish
D:\Potato\IrishPotato37G\earlyblt\Earlyblt3500.jpg,early_blight,irish
D:\Potato\IrishPotato37G\lateblt\Lateblt921.jpg,late_blight,irish
D:\Potato\IrishPotato37G\earlyblt\Earlyblt631.JPG,early_blight,irish
D:\Potato\IrishPotato37G\lateblt\Lateblt2141.jpg,late_blight,irish
D:\Potato\IrishPotato37G\lateblt\Lateblt2413_1.jpg,late_blight,irish
D:\Potato\IrishPotato37G\lateblt\Lateblt193.jpg,late_blight,irish
D:\Potato\IrishPotato37G\lateblt\Lateblt973.jpg,late_blight,irish
D:\Potato\IrishPotato37G\earlyblt\Earlyblt3422.jpg,early_blight,irish
D:\Potato\IrishPotato37G\lateblt\Lateblt843.jpg,late_blight,irish
D:\Potato\IrishPotato37G\lateblt\Lateblt2972.jpg,late_blight,irish
D:\Potato\IrishPotato37G\earlyblt\Earlyblt1253.JPG,early_blight,irish
D:\Potato\IrishPotato37G\earlyblt\Earlyblt2628.JPG,early_blight,irish
D:\Potato\IrishPotato37G\lateblt\Lateblt2689.jpg,late_blight,irish
D:\Potato\IrishPotato37G\healthy\healthy4799.jpg,healthy,irish
D:\Potato\IrishPotato37G\healthy\healthy1723.jpg,healthy,irish
D:\Potato\IrishPotato37G\lateblt\Lateblt2691.jpg,late_blight,irish
D:\Potato\IrishPotato37G\lateblt\Lateblt718.jpg,late_blight,irish
D:\Potato\IrishPotato37G\earlyblt\Earlyblt1125.JPG,early_blight,irish
D:\Potato\IrishPotato37G\healthy\healthy4812.jpg,healthy,irish
D:\Potato\IrishPotato37G\lateblt\Lateblt1338.jpg,late_blight,irish
D:\Potato\IrishPotato37G\lateblt\Lateblt2185.jpg,late_blight,irish
D:\Potato\IrishPotato37G\lateblt\Lateblt780.jpg,late_blight,irish
D:\Potato\IrishPotato37G\lateblt\Lateblt2293.jpg,late_blight,irish
D:\Potato\IrishPotato37G\lateblt\Lateblt1747.jpg,late_blight,irish
D:\Potato\IrishPotato37G\earlyblt\Earlyblt1371.JPG,early_blight,irish
D:\Potato\IrishPotato37G\earlyblt\Earlyblt5969.jpg,early_blight,irish
D:\Potato\IrishPotato37G\earlyblt\Earlyblt1746.JPG,early_blight,irish
D:\Potato\IrishPotato37G\earlyblt\Earlyblt2676.JPG,early_blight,irish
D:\Potato\IrishPotato37G\earlyblt\Earlyblt6647.jpg,early_blight,irish
D:\Potato\IrishPotato37G\lateblt\Lateblt2190.jpg,late_blight,irish
D:\Potato\IrishPotato37G\healthy\healthy1178.jpg,healthy,irish
D:\Potato\IrishPotato37G\lateblt\Lateblt2309.jpg,late_blight,irish
D:\Potato\IrishPotato37G\healthy\healthy4195.jpg,healthy,irish
D:\Potato\IrishPotato37G\lateblt\Lateblt1150.jpg,late_blight,irish
D:\Potato\IrishPotato37G\lateblt\Lateblt566.jpg,late_blight,irish
D:\Potato\IrishPotato37G\healthy\healthy2930.jpg,healthy,irish
D:\Potato\IrishPotato37G\healthy\healthy5480.jpg,healthy,irish
D:\Potato\IrishPotato37G\lateblt\Lateblt1171.jpg,late_blight,irish
D:\Potato\IrishPotato37G\earlyblt\Earlyblt4960.jpg,early_blight,irish
D:\Potato\IrishPotato37G\earlyblt\Earlyblt1191.JPG,early_blight,irish
D:\Potato\IrishPotato37G\lateblt\Lateblt403.jpg,late_blight,irish
D:\Potato\IrishPotato37G\lateblt\Lateblt2223.jpg,late_blight,irish
D:\Potato\IrishPotato37G\lateblt\Lateblt1091.jpg,late_blight,irish
D:\Potato\IrishPotato37G\lateblt\Lateblt1621.jpg,late_blight,irish
D:\Potato\IrishPotato37G\healthy\healthy2755.jpg,healthy,irish
D:\Potato\IrishPotato37G\earlyblt\Earlyblt2108.JPG,early_blight,irish
D:\Potato\IrishPotato37G\earlyblt\Earlyblt1497.JPG,early_blight,irish
D:\Potato\IrishPotato37G\healthy\healthy3497.jpg,healthy,irish
D:\Potato\IrishPotato37G\healthy\healthy3216.jpg,healthy,irish
D:\Potato\IrishPotato37G\earlyblt\Earlyblt449.JPG,early_blight,irish
D:\Potato\IrishPotato37G\lateblt\Lateblt965.jpg,late_blight,irish
D:\Potato\IrishPotato37G\earlyblt\Earlyblt2307.JPG,early_blight,irish
D:\Potato\IrishPotato37G\healthy\healthy4991.jpg,healthy,irish
D:\Potato\IrishPotato37G\earlyblt\Earlyblt821.JPG,early_blight,irish
D:\Potato\IrishPotato37G\earlyblt\Earlyblt589.JPG,early_blight,irish
D:\Potato\IrishPotato37G\healthy\healthy5367.jpg,healthy,irish
D:\Potato\IrishPotato37G\healthy\healthy1522.jpg,healthy,irish
D:\Potato\IrishPotato37G\earlyblt\Earlyblt6848.JPG,early_blight,irish
D:\Potato\IrishPotato37G\lateblt\Lateblt1431.jpg,late_blight,irish
D:\Potato\IrishPotato37G\healthy\healthy5165.jpg,healthy,irish
D:\Potato\IrishPotato37G\healthy\healthy4553.jpg,healthy,irish
D:\Potato\IrishPotato37G\lateblt\Lateblt575.jpg,late_blight,irish
D:\Potato\IrishPotato37G\healthy\healthy5485.jpg,healthy,irish
D:\Potato\IrishPotato37G\healthy\healthy5460.jpg,healthy,irish
D:\Potato\IrishPotato37G\lateblt\Lateblt160.jpg,late_blight,irish
D:\Potato\IrishPotato37G\earlyblt\Earlyblt1081.JPG,early_blight,irish
D:\Potato\IrishPotato37G\lateblt\Lateblt2977.jpg,late_blight,irish
D:\Potato\IrishPotato37G\earlyblt\Earlyblt835.JPG,early_blight,irish
D:\Potato\IrishPotato37G\earlyblt\Earlyblt2241.JPG,early_blight,irish
D:\Potato\IrishPotato37G\lateblt\Lateblt1482.jpg,late_blight,irish
D:\Potato\IrishPotato37G\lateblt\Lateblt2130.jpg,late_blight,irish
D:\Potato\IrishPotato37G\earlyblt\Earlyblt488.JPG,early_blight,irish
D:\Potato\IrishPotato37G\earlyblt\Earlyblt2278.JPG,early_blight,irish
D:\Potato\IrishPotato37G\healthy\healthy3966.jpg,healthy,irish
D:\Potato\IrishPotato37G\lateblt\Lateblt437.jpg,late_blight,irish
D:\Potato\IrishPotato37G\earlyblt\Earlyblt2694.JPG,early_blight,irish
D:\Potato\IrishPotato37G\lateblt\Lateblt1321.jpg,late_blight,irish
D:\Potato\IrishPotato37G\healthy\healthy3564.jpg,healthy,irish
D:\Potato\IrishPotato37G\lateblt\Lateblt5007.jpg,late_blight,irish
D:\Potato\IrishPotato37G\healthy\healthy1201.jpg,healthy,irish
D:\Potato\IrishPotato37G\healthy\healthy1170.jpg,healthy,irish
D:\Potato\IrishPotato37G\healthy\healthy667.jpg,healthy,irish
D:\Potato\IrishPotato37G\healthy\healthy1434.jpg,healthy,irish
D:\Potato\IrishPotato37G\lateblt\Lateblt2173.jpg,late_blight,irish
D:\Potato\IrishPotato37G\earlyblt\Earlyblt681.JPG,early_blight,irish
D:\Potato\IrishPotato37G\healthy\healthy4904.jpg,healthy,irish
D:\Potato\IrishPotato37G\lateblt\Lateblt2530.jpg,late_blight,irish
D:\Potato\IrishPotato37G\lateblt\Lateblt2607.jpg,late_blight,irish
D:\Potato\IrishPotato37G\earlyblt\Earlyblt1837.JPG,early_blight,irish
D:\Potato\IrishPotato37G\healthy\healthy2746.jpg,healthy,irish
D:\Potato\IrishPotato37G\healthy\healthy3333.jpg,healthy,irish
D:\Potato\IrishPotato37G\earlyblt\Earlyblt1055.JPG,early_blight,irish
D:\Potato\IrishPotato37G\lateblt\Lateblt2568.jpg,late_blight,irish
D:\Potato\IrishPotato37G\earlyblt\Earlyblt1173.JPG,early_blight,irish
D:\Potato\IrishPotato37G\lateblt\Lateblt580.jpg,late_blight,irish
D:\Potato\IrishPotato37G\healthy\healthy2637.jpg,healthy,irish
D:\Potato\IrishPotato37G\healthy\healthy3795.jpg,healthy,irish
D:\Potato\IrishPotato37G\healthy\healthy2447.jpg,healthy,irish
D:\Potato\IrishPotato37G\lateblt\Lateblt750.jpg,late_blight,irish
D:\Potato\IrishPotato37G\earlyblt\Earlyblt2522.JPG,early_blight,irish
D:\Potato\IrishPotato37G\lateblt\Lateblt1373.jpg,late_blight,irish
D:\Potato\IrishPotato37G\lateblt\Lateblt2894.jpg,late_blight,irish
D:\Potato\IrishPotato37G\earlyblt\Earlyblt652.jpg,early_blight,irish
D:\Potato\IrishPotato37G\healthy\healthy1144.jpg,healthy,irish
D:\Potato\IrishPotato37G\earlyblt\Earlyblt2169.JPG,early_blight,irish
D:\Potato\IrishPotato37G\earlyblt\Earlyblt6095.jpg,early_blight,irish
D:\Potato\IrishPotato37G\earlyblt\Earlyblt5927.jpg,early_blight,irish
D:\Potato\IrishPotato37G\lateblt\Lateblt2673.jpg,late_blight,irish
D:\Potato\IrishPotato37G\earlyblt\Earlyblt2525.JPG,early_blight,irish
D:\Potato\IrishPotato37G\healthy\healthy3676.jpg,healthy,irish
D:\Potato\IrishPotato37G\healthy\healthy2250.jpg,healthy,irish
D:\Potato\IrishPotato37G\lateblt\Lateblt826.jpg,late_blight,irish
D:\Potato\IrishPotato37G\lateblt\Lateblt994.jpg,late_blight,irish
D:\Potato\IrishPotato37G\earlyblt\Earlyblt6843.JPG,early_blight,irish
D:\Potato\IrishPotato37G\healthy\healthy2548.jpg,healthy,irish
D:\Potato\IrishPotato37G\healthy\healthy1878.jpg,healthy,irish
D:\Potato\IrishPotato37G\lateblt\Lateblt47.jpg,late_blight,irish
D:\Potato\IrishPotato37G\lateblt\Lateblt381.jpg,late_blight,irish
D:\Potato\IrishPotato37G\earlyblt\Earlyblt646.jpg,early_blight,irish
D:\Potato\IrishPotato37G\earlyblt\Earlyblt2888.JPG,early_blight,irish
D:\Potato\IrishPotato37G\healthy\healthy1831.jpg,healthy,irish
D:\Potato\IrishPotato37G\healthy\healthy2061.jpg,healthy,irish
D:\Potato\IrishPotato37G\earlyblt\Earlyblt6090.jpg,early_blight,irish
D:\Potato\IrishPotato37G\earlyblt\Earlyblt6774.jpg,early_blight,irish
D:\Potato\IrishPotato37G\lateblt\Lateblt947.jpg,late_blight,irish
D:\Potato\IrishPotato37G\lateblt\Lateblt1724.jpg,late_blight,irish
D:\Potato\IrishPotato37G\lateblt\Lateblt1879.jpg,late_blight,irish
D:\Potato\IrishPotato37G\healthy\healthy277.jpg,healthy,irish
D:\Potato\IrishPotato37G\healthy\healthy3317.jpg,healthy,irish
D:\Potato\IrishPotato37G\earlyblt\Earlyblt6993.JPG,early_blight,irish
D:\Potato\IrishPotato37G\earlyblt\Earlyblt6333.JPG,early_blight,irish
D:\Potato\IrishPotato37G\earlyblt\Earlyblt3086.JPG,early_blight,irish
D:\Potato\IrishPotato37G\lateblt\Lateblt2483.jpg,late_blight,irish
D:\Potato\IrishPotato37G\healthy\healthy209.jpg,healthy,irish
D:\Potato\IrishPotato37G\earlyblt\Earlyblt2272.JPG,early_blight,irish
D:\Potato\IrishPotato37G\earlyblt\Earlyblt2551.JPG,early_blight,irish
D:\Potato\IrishPotato37G\earlyblt\Earlyblt3461.jpg,early_blight,irish
D:\Potato\IrishPotato37G\earlyblt\Earlyblt1390.JPG,early_blight,irish
D:\Potato\IrishPotato37G\healthy\healthy4023.jpg,healthy,irish
D:\Potato\IrishPotato37G\lateblt\Lateblt1796.jpg,late_blight,irish
D:\Potato\IrishPotato37G\earlyblt\Earlyblt3950.jpg,early_blight,irish
D:\Potato\IrishPotato37G\healthy\healthy4652.jpg,healthy,irish
D:\Potato\IrishPotato37G\healthy\healthy4936.jpg,healthy,irish
D:\Potato\IrishPotato37G\earlyblt\Earlyblt604.JPG,early_blight,irish
D:\Potato\IrishPotato37G\earlyblt\Earlyblt84.JPG,early_blight,irish
D:\Potato\IrishPotato37G\earlyblt\Earlyblt2892.JPG,early_blight,irish
D:\Potato\IrishPotato37G\lateblt\Lateblt779.jpg,late_blight,irish
D:\Potato\IrishPotato37G\healthy\healthy4956.jpg,healthy,irish
D:\Potato\IrishPotato37G\earlyblt\Earlyblt1313.JPG,early_blight,irish
D:\Potato\IrishPotato37G\healthy\healthy2649.jpg,healthy,irish
D:\Potato\IrishPotato37G\earlyblt\Earlyblt2794.JPG,early_blight,irish
D:\Potato\IrishPotato37G\earlyblt\Earlyblt6880.JPG,early_blight,irish
D:\Potato\IrishPotato37G\lateblt\Lateblt2124.jpg,late_blight,irish
D:\Potato\IrishPotato37G\earlyblt\Earlyblt1365.JPG,early_blight,irish
D:\Potato\IrishPotato37G\healthy\healthy4640.jpg,healthy,irish
D:\Potato\IrishPotato37G\earlyblt\Earlyblt2982.JPG,early_blight,irish
D:\Potato\IrishPotato37G\healthy\healthy2631.jpg,healthy,irish
D:\Potato\IrishPotato37G\lateblt\Lateblt943.jpg,late_blight,irish
D:\Potato\IrishPotato37G\earlyblt\Earlyblt3895.jpg,early_blight,irish
D:\Potato\IrishPotato37G\healthy\healthy2277.jpg,healthy,irish
D:\Potato\IrishPotato37G\healthy\healthy5018.jpg,healthy,irish
D:\Potato\IrishPotato37G\earlyblt\Earlyblt2704.JPG,early_blight,irish
D:\Potato\IrishPotato37G\healthy\healthy405.jpg,healthy,irish
D:\Potato\IrishPotato37G\lateblt\Lateblt979.jpg,late_blight,irish
D:\Potato\IrishPotato37G\earlyblt\Earlyblt1401.JPG,early_blight,irish
D:\Potato\IrishPotato37G\earlyblt\Earlyblt3640.jpg,early_blight,irish
D:\Potato\IrishPotato37G\lateblt\Lateblt2654.jpg,late_blight,irish
D:\Potato\IrishPotato37G\earlyblt\Earlyblt1586.JPG,early_blight,irish
D:\Potato\IrishPotato37G\earlyblt\Earlyblt7006.JPG,early_blight,irish
D:\Potato\IrishPotato37G\lateblt\Lateblt2718.jpg,late_blight,irish
D:\Potato\IrishPotato37G\lateblt\Lateblt940.jpg,late_blight,irish
D:\Potato\IrishPotato37G\earlyblt\Earlyblt3199.jpg,early_blight,irish
D:\Potato\IrishPotato37G\lateblt\Lateblt2853.jpg,late_blight,irish
D:\Potato\IrishPotato37G\lateblt\Lateblt484.jpg,late_blight,irish
D:\Potato\IrishPotato37G\earlyblt\Earlyblt2900.JPG,early_blight,irish
D:\Potato\IrishPotato37G\lateblt\Lateblt1623.jpg,late_blight,irish
D:\Potato\IrishPotato37G\healthy\healthy198.jpg,healthy,irish
D:\Potato\IrishPotato37G\lateblt\Lateblt511.jpg,late_blight,irish
D:\Potato\IrishPotato37G\lateblt\Lateblt2663.jpg,late_blight,irish
D:\Potato\IrishPotato37G\earlyblt\Earlyblt3810.jpg,early_blight,irish
D:\Potato\IrishPotato37G\lateblt\Lateblt1976.jpg,late_blight,irish
D:\Potato\IrishPotato37G\lateblt\Lateblt1659.jpg,late_blight,irish
D:\Potato\IrishPotato37G\earlyblt\Earlyblt1238.JPG,early_blight,irish
D:\Potato\IrishPotato37G\earlyblt\Earlyblt3268.jpg,early_blight,irish
D:\Potato\IrishPotato37G\earlyblt\Earlyblt433.JPG,early_blight,irish
D:\Potato\IrishPotato37G\lateblt\Lateblt712.jpg,late_blight,irish
D:\Potato\IrishPotato37G\lateblt\Lateblt1183.jpg,late_blight,irish
D:\Potato\IrishPotato37G\healthy\healthy2408.jpg,healthy,irish
D:\Potato\IrishPotato37G\lateblt\Lateblt1360.jpg,late_blight,irish
D:\Potato\IrishPotato37G\lateblt\Lateblt1192.jpg,late_blight,irish
D:\Potato\IrishPotato37G\earlyblt\Earlyblt4767.JPG,early_blight,irish
D:\Potato\IrishPotato37G\healthy\healthy3972.jpg,healthy,irish
D:\Potato\IrishPotato37G\healthy\healthy2133.jpg,healthy,irish
D:\Potato\IrishPotato37G\healthy\healthy409.jpg,healthy,irish
D:\Potato\IrishPotato37G\earlyblt\Earlyblt3075.JPG,early_blight,irish
D:\Potato\IrishPotato37G\lateblt\Lateblt732.jpg,late_blight,irish
D:\Potato\IrishPotato37G\lateblt\Lateblt2934.jpg,late_blight,irish
D:\Potato\IrishPotato37G\earlyblt\Earlyblt183.JPG,early_blight,irish
D:\Potato\IrishPotato37G\earlyblt\Earlyblt1636.JPG,early_blight,irish
D:\Potato\IrishPotato37G\healthy\healthy378.jpg,healthy,irish
D:\Potato\IrishPotato37G\healthy\healthy1257.jpg,healthy,irish
D:\Potato\IrishPotato37G\healthy\healthy3428.jpg,healthy,irish
D:\Potato\IrishPotato37G\earlyblt\Earlyblt928.JPG,early_blight,irish
D:\Potato\IrishPotato37G\lateblt\Lateblt1109.jpg,late_blight,irish
D:\Potato\IrishPotato37G\healthy\healthy1202.jpg,healthy,irish
D:\Potato\IrishPotato37G\healthy\healthy1265.jpg,healthy,irish
D:\Potato\IrishPotato37G\lateblt\Lateblt1398.jpg,late_blight,irish
D:\Potato\IrishPotato37G\healthy\healthy4027.jpg,healthy,irish
D:\Potato\IrishPotato37G\earlyblt\Earlyblt296.JPG,early_blight,irish
D:\Potato\IrishPotato37G\healthy\healthy636.jpg,healthy,irish
D:\Potato\IrishPotato37G\earlyblt\Earlyblt442.JPG,early_blight,irish
D:\Potato\IrishPotato37G\lateblt\Lateblt2311.jpg,late_blight,irish
D:\Potato\IrishPotato37G\lateblt\Lateblt567.jpg,late_blight,irish
D:\Potato\IrishPotato37G\healthy\healthy1066.jpg,healthy,irish
D:\Potato\IrishPotato37G\healthy\healthy2991.jpg,healthy,irish
D:\Potato\IrishPotato37G\healthy\healthy5342.jpg,healthy,irish
D:\Potato\IrishPotato37G\earlyblt\Earlyblt1971.JPG,early_blight,irish
D:\Potato\IrishPotato37G\healthy\healthy102.jpg,healthy,irish
D:\Potato\IrishPotato37G\healthy\healthy1817.jpg,healthy,irish
D:\Potato\IrishPotato37G\earlyblt\Earlyblt3091.JPG,early_blight,irish
D:\Potato\IrishPotato37G\earlyblt\Earlyblt6173.JPG,early_blight,irish
D:\Potato\IrishPotato37G\earlyblt\Earlyblt6648.jpg,early_blight,irish
D:\Potato\IrishPotato37G\earlyblt\Earlyblt2949.JPG,early_blight,irish
D:\Potato\IrishPotato37G\earlyblt\Earlyblt3491.jpg,early_blight,irish
D:\Potato\IrishPotato37G\lateblt\Lateblt1491.jpg,late_blight,irish
D:\Potato\IrishPotato37G\lateblt\Lateblt1063.jpg,late_blight,irish
D:\Potato\IrishPotato37G\lateblt\Lateblt676.jpg,late_blight,irish
D:\Potato\IrishPotato37G\lateblt\Lateblt1165.jpg,late_blight,irish
D:\Potato\IrishPotato37G\lateblt\Lateblt2778.jpg,late_blight,irish
D:\Potato\IrishPotato37G\lateblt\Lateblt1767.jpg,late_blight,irish
D:\Potato\IrishPotato37G\earlyblt\Earlyblt6342.JPG,early_blight,irish
D:\Potato\IrishPotato37G\earlyblt\Earlyblt3963.jpg,early_blight,irish
D:\Potato\IrishPotato37G\healthy\healthy5283.jpg,healthy,irish
D:\Potato\IrishPotato37G\healthy\healthy1976.jpg,healthy,irish
D:\Potato\IrishPotato37G\earlyblt\Earlyblt6252.JPG,early_blight,irish
D:\Potato\IrishPotato37G\earlyblt\Earlyblt1520.JPG,early_blight,irish
D:\Potato\IrishPotato37G\healthy\healthy2485.jpg,healthy,irish
D:\Potato\IrishPotato37G\lateblt\Lateblt220.jpg,late_blight,irish
D:\Potato\IrishPotato37G\earlyblt\Earlyblt856.JPG,early_blight,irish
D:\Potato\IrishPotato37G\healthy\healthy94.jpg,healthy,irish
D:\Potato\IrishPotato37G\healthy\healthy109.jpg,healthy,irish
D:\Potato\IrishPotato37G\earlyblt\Earlyblt6118.jpg,early_blight,irish
D:\Potato\IrishPotato37G\healthy\healthy1879.jpg,healthy,irish
D:\Potato\IrishPotato37G\earlyblt\Earlyblt2656.JPG,early_blight,irish
D:\Potato\IrishPotato37G\lateblt\Lateblt2302.jpg,late_blight,irish
D:\Potato\IrishPotato37G\lateblt\Lateblt602.jpg,late_blight,irish
D:\Potato\IrishPotato37G\lateblt\Lateblt2537.jpg,late_blight,irish
D:\Potato\IrishPotato37G\healthy\healthy4726.jpg,healthy,irish
D:\Potato\IrishPotato37G\healthy\healthy3631.jpg,healthy,irish
D:\Potato\IrishPotato37G\healthy\healthy5109.jpg,healthy,irish
D:\Potato\IrishPotato37G\lateblt\Lateblt1836.jpg,late_blight,irish
D:\Potato\IrishPotato37G\healthy\healthy526.jpg,healthy,irish
D:\Potato\IrishPotato37G\healthy\healthy4641.jpg,healthy,irish
D:\Potato\IrishPotato37G\healthy\healthy327.jpg,healthy,irish
D:\Potato\IrishPotato37G\earlyblt\Earlyblt5979.jpg,early_blight,irish
D:\Potato\IrishPotato37G\lateblt\Lateblt371.jpg,late_blight,irish
D:\Potato\IrishPotato37G\healthy\healthy1025.jpg,healthy,irish
D:\Potato\IrishPotato37G\earlyblt\Earlyblt1777.JPG,early_blight,irish
D:\Potato\IrishPotato37G\earlyblt\Earlyblt1449.JPG,early_blight,irish
D:\Potato\IrishPotato37G\lateblt\Lateblt1586.jpg,late_blight,irish
D:\Potato\IrishPotato37G\earlyblt\Earlyblt2577.JPG,early_blight,irish
D:\Potato\IrishPotato37G\earlyblt\Earlyblt1320.JPG,early_blight,irish
D:\Potato\IrishPotato37G\healthy\healthy1389.jpg,healthy,irish
D:\Potato\IrishPotato37G\healthy\healthy4899.jpg,healthy,irish
D:\Potato\IrishPotato37G\healthy\healthy3359.jpg,healthy,irish
D:\Potato\IrishPotato37G\lateblt\Lateblt743.jpg,late_blight,irish
D:\Potato\IrishPotato37G\earlyblt\Earlyblt2957.JPG,early_blight,irish
D:\Potato\IrishPotato37G\lateblt\Lateblt118.jpg,late_blight,irish
D:\Potato\IrishPotato37G\earlyblt\Earlyblt1888.JPG,early_blight,irish
D:\Potato\IrishPotato37G\lateblt\Lateblt65.jpg,late_blight,irish
D:\Potato\IrishPotato37G\lateblt\Lateblt2059.jpg,late_blight,irish
D:\Potato\IrishPotato37G\lateblt\Lateblt874.jpg,late_blight,irish
D:\Potato\IrishPotato37G\healthy\healthy5030.jpg,healthy,irish
D:\Potato\IrishPotato37G\healthy\healthy319.jpg,healthy,irish
D:\Potato\IrishPotato37G\lateblt\Lateblt2826.jpg,late_blight,irish
D:\Potato\IrishPotato37G\earlyblt\Earlyblt2492.JPG,early_blight,irish
D:\Potato\IrishPotato37G\healthy\healthy4592.jpg,healthy,irish
D:\Potato\IrishPotato37G\earlyblt\Earlyblt441.JPG,early_blight,irish
D:\Potato\IrishPotato37G\healthy\healthy312.jpg,healthy,irish
D:\Potato\IrishPotato37G\healthy\healthy1783.jpg,healthy,irish
D:\Potato\IrishPotato37G\earlyblt\Earlyblt1902.JPG,early_blight,irish
D:\Potato\IrishPotato37G\lateblt\Lateblt935.jpg,late_blight,irish
D:\Potato\IrishPotato37G\lateblt\Lateblt1411.jpg,late_blight,irish
D:\Potato\IrishPotato37G\lateblt\Lateblt333.jpg,late_blight,irish
D:\Potato\IrishPotato37G\lateblt\Lateblt2553.jpg,late_blight,irish
D:\Potato\IrishPotato37G\earlyblt\Earlyblt6207.JPG,early_blight,irish
D:\Potato\IrishPotato37G\earlyblt\Earlyblt2436.JPG,early_blight,irish
D:\Potato\IrishPotato37G\earlyblt\Earlyblt2137.JPG,early_blight,irish
D:\Potato\IrishPotato37G\lateblt\Lateblt2350.jpg,late_blight,irish
D:\Potato\IrishPotato37G\healthy\healthy1701.jpg,healthy,irish
D:\Potato\IrishPotato37G\lateblt\Lateblt1212.jpg,late_blight,irish
D:\Potato\IrishPotato37G\healthy\healthy2434.jpg,healthy,irish
D:\Potato\IrishPotato37G\earlyblt\Earlyblt4773.JPG,early_blight,irish
D:\Potato\IrishPotato37G\healthy\healthy3021.jpg,healthy,irish
D:\Potato\IrishPotato37G\earlyblt\Earlyblt2220.JPG,early_blight,irish
D:\Potato\IrishPotato37G\healthy\healthy3822.jpg,healthy,irish
D:\Potato\IrishPotato37G\earlyblt\Earlyblt1372.JPG,early_blight,irish
D:\Potato\IrishPotato37G\lateblt\Lateblt606.jpg,late_blight,irish
D:\Potato\IrishPotato37G\healthy\healthy3130.jpg,healthy,irish
D:\Potato\IrishPotato37G\lateblt\Lateblt93.jpg,late_blight,irish
D:\Potato\IrishPotato37G\earlyblt\Earlyblt4898.jpg,early_blight,irish
D:\Potato\IrishPotato37G\healthy\healthy3645.jpg,healthy,irish
D:\Potato\IrishPotato37G\healthy\healthy461.jpg,healthy,irish
D:\Potato\IrishPotato37G\lateblt\Lateblt2327.jpg,late_blight,irish
D:\Potato\IrishPotato37G\lateblt\Lateblt2466.jpg,late_blight,irish
D:\Potato\IrishPotato37G\healthy\healthy1331.jpg,healthy,irish
D:\Potato\IrishPotato37G\earlyblt\Earlyblt4982.jpg,early_blight,irish
D:\Potato\IrishPotato37G\earlyblt\Earlyblt1584.JPG,early_blight,irish
D:\Potato\IrishPotato37G\earlyblt\Earlyblt3568.jpg,early_blight,irish
D:\Potato\IrishPotato37G\lateblt\Lateblt1409.jpg,late_blight,irish
D:\Potato\IrishPotato37G\lateblt\Lateblt2801.jpg,late_blight,irish
D:\Potato\IrishPotato37G\lateblt\Lateblt529.jpg,late_blight,irish
D:\Potato\IrishPotato37G\lateblt\Lateblt5015.jpg,late_blight,irish
D:\Potato\IrishPotato37G\earlyblt\Earlyblt1247.JPG,early_blight,irish
D:\Potato\IrishPotato37G\healthy\healthy4004.jpg,healthy,irish
D:\Potato\IrishPotato37G\earlyblt\Earlyblt6509.JPG,early_blight,irish
D:\Potato\IrishPotato37G\earlyblt\Earlyblt3809.jpg,early_blight,irish
D:\Potato\IrishPotato37G\healthy\healthy2232.jpg,healthy,irish
D:\Potato\IrishPotato37G\healthy\healthy5207.jpg,healthy,irish
D:\Potato\IrishPotato37G\earlyblt\Earlyblt2415.JPG,early_blight,irish
D:\Potato\IrishPotato37G\lateblt\Lateblt968.jpg,late_blight,irish
D:\Potato\IrishPotato37G\healthy\healthy5615.jpg,healthy,irish
D:\Potato\IrishPotato37G\earlyblt\Earlyblt6071.jpg,early_blight,irish
D:\Potato\IrishPotato37G\healthy\healthy2148.jpg,healthy,irish
D:\Potato\IrishPotato37G\lateblt\Lateblt2215.jpg,late_blight,irish
D:\Potato\IrishPotato37G\earlyblt\Earlyblt562.JPG,early_blight,irish
D:\Potato\IrishPotato37G\earlyblt\Earlyblt6199.jpg,early_blight,irish
D:\Potato\IrishPotato37G\healthy\healthy5499.jpg,healthy,irish
D:\Potato\IrishPotato37G\lateblt\Lateblt715.jpg,late_blight,irish
D:\Potato\IrishPotato37G\healthy\healthy1987.jpg,healthy,irish
D:\Potato\IrishPotato37G\lateblt\Lateblt2270.jpg,late_blight,irish
D:\Potato\IrishPotato37G\healthy\healthy559.jpg,healthy,irish
D:\Potato\IrishPotato37G\healthy\healthy2063.jpg,healthy,irish
D:\Potato\IrishPotato37G\healthy\healthy2890.jpg,healthy,irish
D:\Potato\IrishPotato37G\lateblt\Lateblt2859.jpg,late_blight,irish
D:\Potato\IrishPotato37G\healthy\healthy3323.jpg,healthy,irish
D:\Potato\IrishPotato37G\earlyblt\Earlyblt3693.jpg,early_blight,irish
D:\Potato\IrishPotato37G\earlyblt\Earlyblt3800.jpg,early_blight,irish
D:\Potato\IrishPotato37G\earlyblt\Earlyblt2714.JPG,early_blight,irish
D:\Potato\IrishPotato37G\lateblt\Lateblt958.jpg,late_blight,irish
D:\Potato\IrishPotato37G\lateblt\Lateblt804.jpg,late_blight,irish
D:\Potato\IrishPotato37G\healthy\healthy1498.jpg,healthy,irish
D:\Potato\IrishPotato37G\lateblt\Lateblt537.jpg,late_blight,irish
D:\Potato\IrishPotato37G\lateblt\Lateblt1213.jpg,late_blight,irish
D:\Potato\IrishPotato37G\healthy\healthy953.jpg,healthy,irish
D:\Potato\IrishPotato37G\lateblt\Lateblt197.jpg,late_blight,irish
D:\Potato\IrishPotato37G\healthy\healthy722.jpg,healthy,irish
D:\Potato\IrishPotato37G\healthy\healthy4612.jpg,healthy,irish
D:\Potato\IrishPotato37G\earlyblt\Earlyblt6605.jpg,early_blight,irish
D:\Potato\IrishPotato37G\earlyblt\Earlyblt3913.jpg,early_blight,irish
D:\Potato\IrishPotato37G\healthy\healthy694.jpg,healthy,irish
D:\Potato\IrishPotato37G\lateblt\Lateblt2242.jpg,late_blight,irish
D:\Potato\IrishPotato37G\lateblt\Lateblt2695.jpg,late_blight,irish
D:\Potato\IrishPotato37G\earlyblt\Earlyblt6772.jpg,early_blight,irish
D:\Potato\IrishPotato37G\lateblt\Lateblt2095.jpg,late_blight,irish
D:\Potato\IrishPotato37G\healthy\healthy2702.jpg,healthy,irish
D:\Potato\IrishPotato37G\lateblt\Lateblt748.jpg,late_blight,irish
D:\Potato\IrishPotato37G\lateblt\Lateblt1514.jpg,late_blight,irish
D:\Potato\IrishPotato37G\earlyblt\Earlyblt6636.jpg,early_blight,irish
D:\Potato\IrishPotato37G\earlyblt\Earlyblt6478.JPG,early_blight,irish
D:\Potato\IrishPotato37G\healthy\healthy2386.jpg,healthy,irish
D:\Potato\IrishPotato37G\lateblt\Lateblt1982.jpg,late_blight,irish
D:\Potato\IrishPotato37G\healthy\healthy4057.jpg,healthy,irish
D:\Potato\IrishPotato37G\healthy\healthy4432.jpg,healthy,irish
D:\Potato\IrishPotato37G\lateblt\Lateblt2101.jpg,late_blight,irish
D:\Potato\IrishPotato37G\lateblt\Lateblt1929.jpg,late_blight,irish
D:\Potato\IrishPotato37G\lateblt\Lateblt2501.jpg,late_blight,irish
D:\Potato\IrishPotato37G\healthy\healthy1684.jpg,healthy,irish
D:\Potato\IrishPotato37G\earlyblt\Earlyblt123.JPG,early_blight,irish
D:\Potato\IrishPotato37G\earlyblt\Earlyblt1051.JPG,early_blight,irish
D:\Potato\IrishPotato37G\healthy\healthy5632.jpg,healthy,irish
D:\Potato\IrishPotato37G\lateblt\Lateblt1490.jpg,late_blight,irish
D:\Potato\IrishPotato37G\healthy\healthy3590.jpg,healthy,irish
D:\Potato\IrishPotato37G\healthy\healthy1909.jpg,healthy,irish
D:\Potato\IrishPotato37G\earlyblt\Earlyblt6101.jpg,early_blight,irish
D:\Potato\IrishPotato37G\healthy\healthy3385.jpg,healthy,irish
D:\Potato\IrishPotato37G\earlyblt\Earlyblt645.jpg,early_blight,irish
D:\Potato\IrishPotato37G\lateblt\Lateblt1559.jpg,late_blight,irish
D:\Potato\IrishPotato37G\lateblt\Lateblt427.jpg,late_blight,irish
D:\Potato\IrishPotato37G\lateblt\Lateblt644.jpg,late_blight,irish
D:\Potato\IrishPotato37G\healthy\healthy4676.jpg,healthy,irish
D:\Potato\IrishPotato37G\lateblt\Lateblt2057.jpg,late_blight,irish
D:\Potato\IrishPotato37G\healthy\healthy1521.jpg,healthy,irish
D:\Potato\IrishPotato37G\lateblt\Lateblt2603.jpg,late_blight,irish
D:\Potato\IrishPotato37G\healthy\healthy3903.jpg,healthy,irish
D:\Potato\IrishPotato37G\earlyblt\Earlyblt2826.JPG,early_blight,irish
D:\Potato\IrishPotato37G\lateblt\Lateblt2627.jpg,late_blight,irish
D:\Potato\IrishPotato37G\earlyblt\Earlyblt5954.jpg,early_blight,irish
D:\Potato\IrishPotato37G\healthy\healthy3608.jpg,healthy,irish
D:\Potato\IrishPotato37G\healthy\healthy2659.jpg,healthy,irish
D:\Potato\IrishPotato37G\healthy\healthy26.jpg,healthy,irish
D:\Potato\IrishPotato37G\lateblt\Lateblt1355.jpg,late_blight,irish
D:\Potato\IrishPotato37G\healthy\healthy2072.jpg,healthy,irish
D:\Potato\IrishPotato37G\earlyblt\Earlyblt2048.JPG,early_blight,irish
D:\Potato\IrishPotato37G\healthy\healthy2432.jpg,healthy,irish
D:\Potato\IrishPotato37G\lateblt\Lateblt1612.jpg,late_blight,irish
D:\Potato\IrishPotato37G\earlyblt\Earlyblt4694.JPG,early_blight,irish
D:\Potato\IrishPotato37G\earlyblt\Earlyblt3601.jpg,early_blight,irish
D:\Potato\IrishPotato37G\healthy\healthy747.jpg,healthy,irish
D:\Potato\IrishPotato37G\healthy\healthy3556.jpg,healthy,irish
D:\Potato\IrishPotato37G\earlyblt\Earlyblt5937.jpg,early_blight,irish
D:\Potato\IrishPotato37G\earlyblt\Earlyblt2010.JPG,early_blight,irish
D:\Potato\IrishPotato37G\earlyblt\Earlyblt6495.JPG,early_blight,irish
D:\Potato\IrishPotato37G\lateblt\Lateblt469.jpg,late_blight,irish
D:\Potato\IrishPotato37G\healthy\healthy2292.jpg,healthy,irish
D:\Potato\IrishPotato37G\healthy\healthy161.jpg,healthy,irish
D:\Potato\IrishPotato37G\earlyblt\Earlyblt2233.JPG,early_blight,irish
D:\Potato\IrishPotato37G\earlyblt\Earlyblt3761.jpg,early_blight,irish
D:\Potato\IrishPotato37G\healthy\healthy4515.jpg,healthy,irish
D:\Potato\IrishPotato37G\healthy\healthy2437.jpg,healthy,irish
D:\Potato\IrishPotato37G\earlyblt\Earlyblt1516.JPG,early_blight,irish
D:\Potato\IrishPotato37G\healthy\healthy3171.jpg,healthy,irish
D:\Potato\IrishPotato37G\healthy\healthy465.jpg,healthy,irish
D:\Potato\IrishPotato37G\earlyblt\Earlyblt3330.jpg,early_blight,irish
D:\Potato\IrishPotato37G\lateblt\Lateblt905.jpg,late_blight,irish
D:\Potato\IrishPotato37G\healthy\healthy2103.jpg,healthy,irish
D:\Potato\IrishPotato37G\healthy\healthy3596.jpg,healthy,irish
D:\Potato\IrishPotato37G\earlyblt\Earlyblt6485.JPG,early_blight,irish
D:\Potato\IrishPotato37G\healthy\healthy1705.jpg,healthy,irish
D:\Potato\IrishPotato37G\earlyblt\Earlyblt6858.JPG,early_blight,irish
D:\Potato\IrishPotato37G\earlyblt\Earlyblt2625.JPG,early_blight,irish
D:\Potato\IrishPotato37G\lateblt\Lateblt324.jpg,late_blight,irish
D:\Potato\IrishPotato37G\lateblt\Lateblt439.jpg,late_blight,irish
D:\Potato\IrishPotato37G\earlyblt\Earlyblt321.JPG,early_blight,irish
D:\Potato\IrishPotato37G\lateblt\Lateblt1533.jpg,late_blight,irish
D:\Potato\IrishPotato37G\healthy\healthy539.jpg,healthy,irish
D:\Potato\IrishPotato37G\lateblt\Lateblt1305.jpg,late_blight,irish
D:\Potato\IrishPotato37G\healthy\healthy445.jpg,healthy,irish
D:\Potato\IrishPotato37G\healthy\healthy2974.jpg,healthy,irish
D:\Potato\IrishPotato37G\lateblt\Lateblt2459.jpg,late_blight,irish
D:\Potato\IrishPotato37G\earlyblt\Earlyblt3285.jpg,early_blight,irish
D:\Potato\IrishPotato37G\lateblt\Lateblt1453.jpg,late_blight,irish
D:\Potato\IrishPotato37G\lateblt\Lateblt2574.jpg,late_blight,irish
D:\Potato\IrishPotato37G\earlyblt\Earlyblt2422.JPG,early_blight,irish
D:\Potato\IrishPotato37G\lateblt\Lateblt2405.jpg,late_blight,irish
D:\Potato\IrishPotato37G\healthy\healthy1011.jpg,healthy,irish
D:\Potato\IrishPotato37G\earlyblt\Earlyblt6679.jpg,early_blight,irish
D:\Potato\IrishPotato37G\earlyblt\Earlyblt1078.JPG,early_blight,irish
D:\Potato\IrishPotato37G\earlyblt\Earlyblt3635.jpg,early_blight,irish
D:\Potato\IrishPotato37G\lateblt\Lateblt1957.jpg,late_blight,irish
D:\Potato\IrishPotato37G\earlyblt\Earlyblt6049.jpg,early_blight,irish
D:\Potato\IrishPotato37G\earlyblt\Earlyblt1027.JPG,early_blight,irish
D:\Potato\IrishPotato37G\earlyblt\Earlyblt3690.jpg,early_blight,irish
D:\Potato\IrishPotato37G\healthy\healthy4109.jpg,healthy,irish
D:\Potato\IrishPotato37G\earlyblt\Earlyblt5945.jpg,early_blight,irish
D:\Potato\IrishPotato37G\lateblt\Lateblt407.jpg,late_blight,irish
D:\Potato\IrishPotato37G\healthy\healthy5572.jpg,healthy,irish
D:\Potato\IrishPotato37G\earlyblt\Earlyblt6688.jpg,early_blight,irish
D:\Potato\IrishPotato37G\earlyblt\Earlyblt1346.JPG,early_blight,irish
D:\Potato\IrishPotato37G\healthy\healthy1370.jpg,healthy,irish
D:\Potato\IrishPotato37G\healthy\healthy2952.jpg,healthy,irish
D:\Potato\IrishPotato37G\healthy\healthy1939.jpg,healthy,irish
D:\Potato\IrishPotato37G\healthy\healthy1019.jpg,healthy,irish
D:\Potato\IrishPotato37G\healthy\healthy4051.jpg,healthy,irish
D:\Potato\IrishPotato37G\healthy\healthy5637.jpg,healthy,irish
D:\Potato\IrishPotato37G\earlyblt\Earlyblt6408.JPG,early_blight,irish
D:\Potato\IrishPotato37G\earlyblt\Earlyblt209.JPG,early_blight,irish
D:\Potato\IrishPotato37G\healthy\healthy4516.jpg,healthy,irish
D:\Potato\IrishPotato37G\earlyblt\Earlyblt635.JPG,early_blight,irish
D:\Potato\IrishPotato37G\healthy\healthy4943.jpg,healthy,irish
D:\Potato\IrishPotato37G\earlyblt\Earlyblt1405.JPG,early_blight,irish
D:\Potato\IrishPotato37G\lateblt\Lateblt5002.jpg,late_blight,irish
D:\Potato\IrishPotato37G\lateblt\Lateblt1152.jpg,late_blight,irish
D:\Potato\IrishPotato37G\lateblt\Lateblt348.jpg,late_blight,irish
D:\Potato\IrishPotato37G\earlyblt\Earlyblt6801.jpg,early_blight,irish
D:\Potato\IrishPotato37G\healthy\healthy3482.jpg,healthy,irish
D:\Potato\IrishPotato37G\earlyblt\Earlyblt6475.JPG,early_blight,irish
D:\Potato\IrishPotato37G\earlyblt\Earlyblt2691.JPG,early_blight,irish
D:\Potato\IrishPotato37G\earlyblt\Earlyblt3061.JPG,early_blight,irish
D:\Potato\IrishPotato37G\earlyblt\Earlyblt1903.JPG,early_blight,irish
D:\Potato\IrishPotato37G\healthy\healthy4446.jpg,healthy,irish
D:\Potato\IrishPotato37G\earlyblt\Earlyblt6674.jpg,early_blight,irish
D:\Potato\IrishPotato37G\healthy\healthy1543.jpg,healthy,irish
D:\Potato\IrishPotato37G\lateblt\Lateblt2735.jpg,late_blight,irish
D:\Potato\IrishPotato37G\lateblt\Lateblt1625.jpg,late_blight,irish
D:\Potato\IrishPotato37G\lateblt\Lateblt1200.jpg,late_blight,irish
D:\Potato\IrishPotato37G\lateblt\Lateblt2128.jpg,late_blight,irish
D:\Potato\IrishPotato37G\healthy\healthy859.jpg,healthy,irish
D:\Potato\IrishPotato37G\earlyblt\Earlyblt1987.JPG,early_blight,irish
D:\Potato\IrishPotato37G\earlyblt\Earlyblt2758.JPG,early_blight,irish
D:\Potato\IrishPotato37G\lateblt\Lateblt2651.jpg,late_blight,irish
D:\Potato\IrishPotato37G\earlyblt\Earlyblt674.JPG,early_blight,irish
D:\Potato\IrishPotato37G\healthy\healthy4373.jpg,healthy,irish
D:\Potato\IrishPotato37G\healthy\healthy884.jpg,healthy,irish
D:\Potato\IrishPotato37G\earlyblt\Earlyblt6022.jpg,early_blight,irish
D:\Potato\IrishPotato37G\healthy\healthy2379.jpg,healthy,irish
D:\Potato\IrishPotato37G\earlyblt\Earlyblt2683.JPG,early_blight,irish
D:\Potato\IrishPotato37G\earlyblt\Earlyblt5900.jpg,early_blight,irish
D:\Potato\IrishPotato37G\earlyblt\Earlyblt6656.JPG,early_blight,irish
D:\Potato\IrishPotato37G\earlyblt\Earlyblt2070.JPG,early_blight,irish
D:\Potato\IrishPotato37G\earlyblt\Earlyblt258.JPG,early_blight,irish
D:\Potato\IrishPotato37G\earlyblt\Earlyblt3504.jpg,early_blight,irish
D:\Potato\IrishPotato37G\earlyblt\Earlyblt1614.JPG,early_blight,irish
D:\Potato\IrishPotato37G\earlyblt\Earlyblt245.JPG,early_blight,irish
D:\Potato\IrishPotato37G\earlyblt\Earlyblt272.JPG,early_blight,irish
D:\Potato\IrishPotato37G\lateblt\Lateblt1296.jpg,late_blight,irish
D:\Potato\IrishPotato37G\lateblt\Lateblt2535.jpg,late_blight,irish
D:\Potato\IrishPotato37G\healthy\healthy4859.jpg,healthy,irish
D:\Potato\IrishPotato37G\earlyblt\Earlyblt2087.JPG,early_blight,irish
D:\Potato\IrishPotato37G\lateblt\Lateblt1726.jpg,late_blight,irish
D:\Potato\IrishPotato37G\healthy\healthy558.jpg,healthy,irish
D:\Potato\IrishPotato37G\healthy\healthy4921.jpg,healthy,irish
D:\Potato\IrishPotato37G\lateblt\Lateblt2488.jpg,late_blight,irish
D:\Potato\IrishPotato37G\earlyblt\Earlyblt2261.JPG,early_blight,irish
D:\Potato\IrishPotato37G\lateblt\Lateblt5029.jpg,late_blight,irish
D:\Potato\IrishPotato37G\earlyblt\Earlyblt3754.jpg,early_blight,irish
D:\Potato\IrishPotato37G\healthy\healthy4082.jpg,healthy,irish
D:\Potato\IrishPotato37G\healthy\healthy882.jpg,healthy,irish
D:\Potato\IrishPotato37G\healthy\healthy860.jpg,healthy,irish
D:\Potato\IrishPotato37G\healthy\healthy1780.jpg,healthy,irish
D:\Potato\IrishPotato37G\healthy\healthy1679.jpg,healthy,irish
D:\Potato\IrishPotato37G\earlyblt\Earlyblt3394.jpg,early_blight,irish
D:\Potato\IrishPotato37G\healthy\healthy1316.jpg,healthy,irish
D:\Potato\IrishPotato37G\earlyblt\Earlyblt4679.jpg,early_blight,irish
D:\Potato\IrishPotato37G\earlyblt\Earlyblt2601.JPG,early_blight,irish
D:\Potato\IrishPotato37G\lateblt\Lateblt383.jpg,late_blight,irish
D:\Potato\IrishPotato37G\lateblt\Lateblt1737.jpg,late_blight,irish
D:\Potato\IrishPotato37G\lateblt\Lateblt1085.jpg,late_blight,irish
D:\Potato\IrishPotato37G\earlyblt\Earlyblt2713.JPG,early_blight,irish
D:\Potato\IrishPotato37G\lateblt\Lateblt645.jpg,late_blight,irish
D:\Potato\IrishPotato37G\earlyblt\Earlyblt3865.jpg,early_blight,irish
D:\Potato\IrishPotato37G\healthy\healthy3603.jpg,healthy,irish
D:\Potato\IrishPotato37G\healthy\healthy1289.jpg,healthy,irish
D:\Potato\IrishPotato37G\lateblt\Lateblt1277.jpg,late_blight,irish
D:\Potato\IrishPotato37G\earlyblt\Earlyblt2009.JPG,early_blight,irish
D:\Potato\IrishPotato37G\earlyblt\Earlyblt1086.JPG,early_blight,irish
D:\Potato\IrishPotato37G\lateblt\Lateblt2808.jpg,late_blight,irish
D:\Potato\IrishPotato37G\healthy\healthy576.jpg,healthy,irish
D:\Potato\IrishPotato37G\lateblt\Lateblt819.jpg,late_blight,irish
D:\Potato\IrishPotato37G\healthy\healthy2600.jpg,healthy,irish
D:\Potato\IrishPotato37G\healthy\healthy155.jpg,healthy,irish
D:\Potato\IrishPotato37G\earlyblt\Earlyblt6057.jpg,early_blight,irish
D:\Potato\IrishPotato37G\lateblt\Lateblt2968.jpg,late_blight,irish
D:\Potato\IrishPotato37G\healthy\healthy106.jpg,healthy,irish
D:\Potato\IrishPotato37G\earlyblt\Earlyblt1809.JPG,early_blight,irish
D:\Potato\IrishPotato37G\lateblt\Lateblt877.jpg,late_blight,irish
D:\Potato\IrishPotato37G\lateblt\Lateblt752.jpg,late_blight,irish
D:\Potato\IrishPotato37G\lateblt\Lateblt2732.jpg,late_blight,irish
D:\Potato\IrishPotato37G\earlyblt\Earlyblt6040.jpg,early_blight,irish
D:\Potato\IrishPotato37G\healthy\healthy543.jpg,healthy,irish
D:\Potato\IrishPotato37G\earlyblt\Earlyblt3620.jpg,early_blight,irish
D:\Potato\IrishPotato37G\earlyblt\Earlyblt1322.JPG,early_blight,irish
D:\Potato\IrishPotato37G\earlyblt\Earlyblt6499.jpg,early_blight,irish
D:\Potato\IrishPotato37G\lateblt\Lateblt1537.jpg,late_blight,irish
D:\Potato\IrishPotato37G\lateblt\Lateblt215.jpg,late_blight,irish
D:\Potato\IrishPotato37G\earlyblt\Earlyblt2386.JPG,early_blight,irish
D:\Potato\IrishPotato37G\healthy\healthy2405.jpg,healthy,irish
D:\Potato\IrishPotato37G\earlyblt\Earlyblt1961.JPG,early_blight,irish
D:\Potato\IrishPotato37G\earlyblt\Earlyblt2520.JPG,early_blight,irish
D:\Potato\IrishPotato37G\lateblt\Lateblt2932.jpg,late_blight,irish
D:\Potato\IrishPotato37G\earlyblt\Earlyblt6114.jpg,early_blight,irish
D:\Potato\IrishPotato37G\earlyblt\Earlyblt6864.JPG,early_blight,irish
D:\Potato\IrishPotato37G\earlyblt\Earlyblt629.jpg,early_blight,irish
D:\Potato\IrishPotato37G\lateblt\Lateblt2854.jpg,late_blight,irish
D:\Potato\IrishPotato37G\healthy\healthy3215.jpg,healthy,irish
D:\Potato\IrishPotato37G\healthy\healthy2187.jpg,healthy,irish
D:\Potato\IrishPotato37G\healthy\healthy3475.jpg,healthy,irish
D:\Potato\IrishPotato37G\earlyblt\Earlyblt6835.JPG,early_blight,irish
D:\Potato\IrishPotato37G\earlyblt\Earlyblt3725.jpg,early_blight,irish
D:\Potato\IrishPotato37G\healthy\healthy4048.jpg,healthy,irish
D:\Potato\IrishPotato37G\healthy\healthy2192.jpg,healthy,irish
D:\Potato\IrishPotato37G\earlyblt\Earlyblt366.JPG,early_blight,irish
D:\Potato\IrishPotato37G\healthy\healthy1915.jpg,healthy,irish
D:\Potato\IrishPotato37G\healthy\healthy2348.jpg,healthy,irish
D:\Potato\IrishPotato37G\lateblt\Lateblt1026.jpg,late_blight,irish
D:\Potato\IrishPotato37G\healthy\healthy5438.jpg,healthy,irish
D:\Potato\IrishPotato37G\healthy\healthy581.jpg,healthy,irish
D:\Potato\IrishPotato37G\earlyblt\Earlyblt4724.JPG,early_blight,irish
D:\Potato\IrishPotato37G\earlyblt\Earlyblt1235.JPG,early_blight,irish
D:\Potato\IrishPotato37G\lateblt\Lateblt1141.jpg,late_blight,irish
D:\Potato\IrishPotato37G\healthy\healthy3708.jpg,healthy,irish
D:\Potato\IrishPotato37G\healthy\healthy2538.jpg,healthy,irish
D:\Potato\IrishPotato37G\healthy\healthy3419.jpg,healthy,irish
D:\Potato\IrishPotato37G\healthy\healthy599.jpg,healthy,irish
D:\Potato\IrishPotato37G\lateblt\Lateblt1448.jpg,late_blight,irish
D:\Potato\IrishPotato37G\lateblt\Lateblt1221.jpg,late_blight,irish
D:\Potato\IrishPotato37G\lateblt\Lateblt21.jpg,late_blight,irish
D:\Potato\IrishPotato37G\lateblt\Lateblt2410.jpg,late_blight,irish
D:\Potato\IrishPotato37G\lateblt\Lateblt687.jpg,late_blight,irish
D:\Potato\IrishPotato37G\lateblt\Lateblt2988.jpg,late_blight,irish
D:\Potato\IrishPotato37G\earlyblt\Earlyblt869.JPG,early_blight,irish
D:\Potato\IrishPotato37G\lateblt\Lateblt199.jpg,late_blight,irish
D:\Potato\IrishPotato37G\healthy\healthy3012.jpg,healthy,irish
D:\Potato\IrishPotato37G\healthy\healthy4089.jpg,healthy,irish
D:\Potato\IrishPotato37G\earlyblt\Earlyblt2765.JPG,early_blight,irish
D:\Potato\IrishPotato37G\earlyblt\Earlyblt2870.JPG,early_blight,irish
D:\Potato\IrishPotato37G\healthy\healthy2002.jpg,healthy,irish
D:\Potato\IrishPotato37G\lateblt\Lateblt1710.jpg,late_blight,irish
D:\Potato\IrishPotato37G\earlyblt\Earlyblt1704.JPG,early_blight,irish
D:\Potato\IrishPotato37G\earlyblt\Earlyblt6008.jpg,early_blight,irish
D:\Potato\IrishPotato37G\lateblt\Lateblt1039.jpg,late_blight,irish
D:\Potato\IrishPotato37G\earlyblt\Earlyblt3811.jpg,early_blight,irish
D:\Potato\IrishPotato37G\lateblt\Lateblt2144.jpg,late_blight,irish
D:\Potato\IrishPotato37G\earlyblt\Earlyblt4744.JPG,early_blight,irish
D:\Potato\IrishPotato37G\earlyblt\Earlyblt1589.JPG,early_blight,irish
D:\Potato\IrishPotato37G\healthy\healthy1811.jpg,healthy,irish
D:\Potato\IrishPotato37G\lateblt\Lateblt2408.jpg,late_blight,irish
D:\Potato\IrishPotato37G\earlyblt\Earlyblt1576.JPG,early_blight,irish
D:\Potato\IrishPotato37G\lateblt\Lateblt2981.jpg,late_blight,irish
D:\Potato\IrishPotato37G\lateblt\Lateblt574.jpg,late_blight,irish
D:\Potato\IrishPotato37G\lateblt\Lateblt1185.jpg,late_blight,irish
D:\Potato\IrishPotato37G\earlyblt\Earlyblt3419.jpg,early_blight,irish
D:\Potato\IrishPotato37G\lateblt\Lateblt5042.jpg,late_blight,irish
D:\Potato\IrishPotato37G\lateblt\Lateblt1888.jpg,late_blight,irish
D:\Potato\IrishPotato37G\healthy\healthy1426.jpg,healthy,irish
D:\Potato\IrishPotato37G\lateblt\Lateblt1574.jpg,late_blight,irish
D:\Potato\IrishPotato37G\healthy\healthy3613.jpg,healthy,irish
D:\Potato\IrishPotato37G\lateblt\Lateblt491.jpg,late_blight,irish
D:\Potato\IrishPotato37G\earlyblt\Earlyblt6585.jpg,early_blight,irish
D:\Potato\IrishPotato37G\healthy\healthy5392.jpg,healthy,irish
D:\Potato\IrishPotato37G\lateblt\Lateblt356.jpg,late_blight,irish
D:\Potato\IrishPotato37G\lateblt\Lateblt782.jpg,late_blight,irish
D:\Potato\IrishPotato37G\healthy\healthy5665.jpg,healthy,irish
D:\Potato\IrishPotato37G\earlyblt\Earlyblt2834.JPG,early_blight,irish
D:\Potato\IrishPotato37G\healthy\healthy2684.jpg,healthy,irish
D:\Potato\IrishPotato37G\healthy\healthy4437.jpg,healthy,irish
D:\Potato\IrishPotato37G\earlyblt\Earlyblt3576.jpg,early_blight,irish
D:\Potato\IrishPotato37G\healthy\healthy2135.jpg,healthy,irish
D:\Potato\IrishPotato37G\healthy\healthy3473.jpg,healthy,irish
D:\Potato\IrishPotato37G\healthy\healthy2735.jpg,healthy,irish
D:\Potato\IrishPotato37G\earlyblt\Earlyblt3367.jpg,early_blight,irish
D:\Potato\IrishPotato37G\lateblt\Lateblt1730.jpg,late_blight,irish
D:\Potato\IrishPotato37G\lateblt\Lateblt1452.jpg,late_blight,irish
D:\Potato\IrishPotato37G\lateblt\Lateblt2534.jpg,late_blight,irish
D:\Potato\IrishPotato37G\healthy\healthy1449.jpg,healthy,irish
D:\Potato\IrishPotato37G\lateblt\Lateblt989.jpg,late_blight,irish
D:\Potato\IrishPotato37G\earlyblt\Earlyblt1849.JPG,early_blight,irish
D:\Potato\IrishPotato37G\healthy\healthy2281.jpg,healthy,irish
D:\Potato\IrishPotato37G\healthy\healthy580.jpg,healthy,irish
D:\Potato\IrishPotato37G\earlyblt\Earlyblt731.JPG,early_blight,irish
D:\Potato\IrishPotato37G\earlyblt\Earlyblt2457.JPG,early_blight,irish
D:\Potato\IrishPotato37G\lateblt\Lateblt2724.jpg,late_blight,irish
D:\Potato\IrishPotato37G\healthy\healthy2041.jpg,healthy,irish
D:\Potato\IrishPotato37G\healthy\healthy760.jpg,healthy,irish
D:\Potato\IrishPotato37G\healthy\healthy5473.jpg,healthy,irish
D:\Potato\IrishPotato37G\healthy\healthy270.jpg,healthy,irish
D:\Potato\IrishPotato37G\healthy\healthy4333.jpg,healthy,irish
D:\Potato\IrishPotato37G\lateblt\Lateblt1912.jpg,late_blight,irish
D:\Potato\IrishPotato37G\earlyblt\Earlyblt1671.JPG,early_blight,irish
D:\Potato\IrishPotato37G\healthy\healthy1659.jpg,healthy,irish
D:\Potato\IrishPotato37G\earlyblt\Earlyblt540.JPG,early_blight,irish
D:\Potato\IrishPotato37G\earlyblt\Earlyblt5904.jpg,early_blight,irish
D:\Potato\IrishPotato37G\earlyblt\Earlyblt1097.JPG,early_blight,irish
D:\Potato\IrishPotato37G\earlyblt\Earlyblt630.jpg,early_blight,irish
D:\Potato\IrishPotato37G\lateblt\Lateblt2528.jpg,late_blight,irish
D:\Potato\IrishPotato37G\healthy\healthy1082.jpg,healthy,irish
D:\Potato\IrishPotato37G\healthy\healthy4362.jpg,healthy,irish
D:\Potato\IrishPotato37G\lateblt\Lateblt795.jpg,late_blight,irish
D:\Potato\IrishPotato37G\earlyblt\Earlyblt33.JPG,early_blight,irish
D:\Potato\IrishPotato37G\healthy\healthy4778.jpg,healthy,irish
D:\Potato\IrishPotato37G\earlyblt\Earlyblt572.JPG,early_blight,irish
D:\Potato\IrishPotato37G\earlyblt\Earlyblt6641.jpg,early_blight,irish
D:\Potato\IrishPotato37G\earlyblt\Earlyblt683.JPG,early_blight,irish
D:\Potato\IrishPotato37G\lateblt\Lateblt2407.jpg,late_blight,irish
D:\Potato\IrishPotato37G\healthy\healthy1422.jpg,healthy,irish
D:\Potato\IrishPotato37G\healthy\healthy1123.jpg,healthy,irish
D:\Potato\IrishPotato37G\healthy\healthy4746.jpg,healthy,irish
D:\Potato\IrishPotato37G\earlyblt\Earlyblt1557.JPG,early_blight,irish
D:\Potato\IrishPotato37G\healthy\healthy5196.jpg,healthy,irish
D:\Potato\IrishPotato37G\lateblt\Lateblt2685_1.jpg,late_blight,irish
D:\Potato\IrishPotato37G\earlyblt\Earlyblt2306.JPG,early_blight,irish
D:\Potato\IrishPotato37G\earlyblt\Earlyblt3475.jpg,early_blight,irish
D:\Potato\IrishPotato37G\earlyblt\Earlyblt4732.JPG,early_blight,irish
D:\Potato\IrishPotato37G\healthy\healthy3117.jpg,healthy,irish
D:\Potato\IrishPotato37G\lateblt\Lateblt78.jpg,late_blight,irish
D:\Potato\IrishPotato37G\healthy\healthy1639.jpg,healthy,irish
D:\Potato\IrishPotato37G\lateblt\Lateblt1521.jpg,late_blight,irish
D:\Potato\IrishPotato37G\healthy\healthy4627.jpg,healthy,irish
D:\Potato\IrishPotato37G\healthy\healthy3700.jpg,healthy,irish
D:\Potato\IrishPotato37G\earlyblt\Earlyblt1153.JPG,early_blight,irish
D:\Potato\IrishPotato37G\earlyblt\Earlyblt2343.JPG,early_blight,irish
D:\Potato\IrishPotato37G\healthy\healthy2320.jpg,healthy,irish
D:\Potato\IrishPotato37G\earlyblt\Earlyblt6313.JPG,early_blight,irish
D:\Potato\IrishPotato37G\healthy\healthy743.jpg,healthy,irish
D:\Potato\IrishPotato37G\healthy\healthy582.jpg,healthy,irish
D:\Potato\IrishPotato37G\healthy\healthy4211.jpg,healthy,irish
D:\Potato\IrishPotato37G\healthy\healthy4490.jpg,healthy,irish
D:\Potato\IrishPotato37G\earlyblt\Earlyblt6457.JPG,early_blight,irish
D:\Potato\IrishPotato37G\lateblt\Lateblt2113.jpg,late_blight,irish
D:\Potato\IrishPotato37G\lateblt\Lateblt1263.jpg,late_blight,irish
D:\Potato\IrishPotato37G\healthy\healthy2361.jpg,healthy,irish
D:\Potato\IrishPotato37G\earlyblt\Earlyblt2454.JPG,early_blight,irish
D:\Potato\IrishPotato37G\earlyblt\Earlyblt2786.JPG,early_blight,irish
D:\Potato\IrishPotato37G\earlyblt\Earlyblt3499.jpg,early_blight,irish
D:\Potato\IrishPotato37G\healthy\healthy1648.jpg,healthy,irish
D:\Potato\IrishPotato37G\healthy\healthy702.jpg,healthy,irish
D:\Potato\IrishPotato37G\healthy\healthy1342.jpg,healthy,irish
D:\Potato\IrishPotato37G\lateblt\Lateblt1844.jpg,late_blight,irish
D:\Potato\IrishPotato37G\lateblt\Lateblt1234.jpg,late_blight,irish
D:\Potato\IrishPotato37G\earlyblt\Earlyblt6639.jpg,early_blight,irish
D:\Potato\IrishPotato37G\earlyblt\Earlyblt782.JPG,early_blight,irish
D:\Potato\IrishPotato37G\healthy\healthy5399.jpg,healthy,irish
D:\Potato\IrishPotato37G\earlyblt\Earlyblt77.JPG,early_blight,irish
D:\Potato\IrishPotato37G\healthy\healthy2097.jpg,healthy,irish
D:\Potato\IrishPotato37G\lateblt\Lateblt2567.jpg,late_blight,irish
D:\Potato\IrishPotato37G\healthy\healthy5182.jpg,healthy,irish
D:\Potato\IrishPotato37G\lateblt\Lateblt1290.jpg,late_blight,irish
D:\Potato\IrishPotato37G\healthy\healthy2722.jpg,healthy,irish
D:\Potato\IrishPotato37G\healthy\healthy5446.jpg,healthy,irish
D:\Potato\IrishPotato37G\healthy\healthy4493.jpg,healthy,irish
D:\Potato\IrishPotato37G\healthy\healthy1999.jpg,healthy,irish
D:\Potato\IrishPotato37G\lateblt\Lateblt1913.jpg,late_blight,irish
D:\Potato\IrishPotato37G\lateblt\Lateblt1839.jpg,late_blight,irish
D:\Potato\IrishPotato37G\healthy\healthy1709.jpg,healthy,irish
D:\Potato\IrishPotato37G\healthy\healthy2478.jpg,healthy,irish
D:\Potato\IrishPotato37G\healthy\healthy2852.jpg,healthy,irish
D:\Potato\IrishPotato37G\earlyblt\Earlyblt640.JPG,early_blight,irish
D:\Potato\IrishPotato37G\lateblt\Lateblt2770.jpg,late_blight,irish
D:\Potato\IrishPotato37G\lateblt\Lateblt619.jpg,late_blight,irish
D:\Potato\IrishPotato37G\healthy\healthy3648.jpg,healthy,irish
D:\Potato\IrishPotato37G\healthy\healthy2533.jpg,healthy,irish
D:\Potato\IrishPotato37G\earlyblt\Earlyblt989.JPG,early_blight,irish
D:\Potato\IrishPotato37G\earlyblt\Earlyblt6994.JPG,early_blight,irish
D:\Potato\IrishPotato37G\healthy\healthy1894.jpg,healthy,irish
D:\Potato\IrishPotato37G\healthy\healthy2908.jpg,healthy,irish
D:\Potato\IrishPotato37G\earlyblt\Earlyblt1979.JPG,early_blight,irish
D:\Potato\IrishPotato37G\earlyblt\Earlyblt4000.jpg,early_blight,irish
D:\Potato\IrishPotato37G\earlyblt\Earlyblt25.JPG,early_blight,irish
D:\Potato\IrishPotato37G\earlyblt\Earlyblt1544.JPG,early_blight,irish
D:\Potato\IrishPotato37G\earlyblt\Earlyblt2814.JPG,early_blight,irish
D:\Potato\IrishPotato37G\healthy\healthy1078.jpg,healthy,irish
D:\Potato\IrishPotato37G\healthy\healthy800.jpg,healthy,irish
D:\Potato\IrishPotato37G\earlyblt\Earlyblt661.jpg,early_blight,irish
D:\Potato\IrishPotato37G\healthy\healthy4347.jpg,healthy,irish
D:\Potato\IrishPotato37G\earlyblt\Earlyblt4681.JPG,early_blight,irish
D:\Potato\IrishPotato37G\earlyblt\Earlyblt575.JPG,early_blight,irish
D:\Potato\IrishPotato37G\earlyblt\Earlyblt3346.jpg,early_blight,irish
D:\Potato\IrishPotato37G\earlyblt\Earlyblt3879.jpg,early_blight,irish
D:\Potato\IrishPotato37G\lateblt\Lateblt898.jpg,late_blight,irish
D:\Potato\IrishPotato37G\healthy\healthy2462.jpg,healthy,irish
D:\Potato\IrishPotato37G\healthy\healthy3128.jpg,healthy,irish
D:\Potato\IrishPotato37G\healthy\healthy509.jpg,healthy,irish
D:\Potato\IrishPotato37G\earlyblt\Earlyblt6764.jpg,early_blight,irish
D:\Potato\IrishPotato37G\earlyblt\Earlyblt3223.JPG,early_blight,irish
D:\Potato\IrishPotato37G\lateblt\Lateblt543.jpg,late_blight,irish
D:\Potato\IrishPotato37G\earlyblt\Earlyblt6192.jpg,early_blight,irish
D:\Potato\IrishPotato37G\healthy\healthy2877.jpg,healthy,irish
D:\Potato\IrishPotato37G\earlyblt\Earlyblt3868.jpg,early_blight,irish
D:\Potato\IrishPotato37G\earlyblt\Earlyblt3778.jpg,early_blight,irish
D:\Potato\IrishPotato37G\lateblt\Lateblt860.jpg,late_blight,irish
D:\Potato\IrishPotato37G\lateblt\Lateblt71.jpg,late_blight,irish
D:\Potato\IrishPotato37G\lateblt\Lateblt1464.jpg,late_blight,irish
D:\Potato\IrishPotato37G\earlyblt\Earlyblt1788.JPG,early_blight,irish
D:\Potato\IrishPotato37G\healthy\healthy3771.jpg,healthy,irish
D:\Potato\IrishPotato37G\earlyblt\Earlyblt6609.jpg,early_blight,irish
D:\Potato\IrishPotato37G\lateblt\Lateblt2220.jpg,late_blight,irish
D:\Potato\IrishPotato37G\healthy\healthy407.jpg,healthy,irish
D:\Potato\IrishPotato37G\earlyblt\Earlyblt6816.JPG,early_blight,irish
D:\Potato\IrishPotato37G\earlyblt\Earlyblt3078.JPG,early_blight,irish
D:\Potato\IrishPotato37G\lateblt\Lateblt586.jpg,late_blight,irish
D:\Potato\IrishPotato37G\healthy\healthy116.jpg,healthy,irish
D:\Potato\IrishPotato37G\lateblt\Lateblt1843.jpg,late_blight,irish
D:\Potato\IrishPotato37G\earlyblt\Earlyblt6033.jpg,early_blight,irish
D:\Potato\IrishPotato37G\lateblt\Lateblt1231.jpg,late_blight,irish
D:\Potato\IrishPotato37G\healthy\healthy3738.jpg,healthy,irish
D:\Potato\IrishPotato37G\earlyblt\Earlyblt244.JPG,early_blight,irish
D:\Potato\IrishPotato37G\earlyblt\Earlyblt4914.jpg,early_blight,irish
D:\Potato\IrishPotato37G\earlyblt\Earlyblt3263.jpg,early_blight,irish
D:\Potato\IrishPotato37G\earlyblt\Earlyblt2572.JPG,early_blight,irish
D:\Potato\IrishPotato37G\healthy\healthy3280.jpg,healthy,irish
D:\Potato\IrishPotato37G\lateblt\Lateblt2660.jpg,late_blight,irish
D:\Potato\IrishPotato37G\earlyblt\Earlyblt3444.jpg,early_blight,irish
D:\Potato\IrishPotato37G\healthy\healthy152.jpg,healthy,irish
D:\Potato\IrishPotato37G\earlyblt\Earlyblt6468.JPG,early_blight,irish
D:\Potato\IrishPotato37G\healthy\healthy3182.jpg,healthy,irish
D:\Potato\IrishPotato37G\lateblt\Lateblt1855.jpg,late_blight,irish
D:\Potato\IrishPotato37G\healthy\healthy1159.jpg,healthy,irish
D:\Potato\IrishPotato37G\healthy\healthy841.jpg,healthy,irish
D:\Potato\IrishPotato37G\lateblt\Lateblt542.jpg,late_blight,irish
D:\Potato\IrishPotato37G\lateblt\Lateblt630.jpg,late_blight,irish
D:\Potato\IrishPotato37G\healthy\healthy1266.jpg,healthy,irish
D:\Potato\IrishPotato37G\lateblt\Lateblt663.jpg,late_blight,irish
D:\Potato\IrishPotato37G\earlyblt\Earlyblt365.JPG,early_blight,irish
D:\Potato\IrishPotato37G\healthy\healthy3060.jpg,healthy,irish
D:\Potato\IrishPotato37G\earlyblt\Earlyblt1477.JPG,early_blight,irish
D:\Potato\IrishPotato37G\healthy\healthy4686.jpg,healthy,irish
D:\Potato\IrishPotato37G\earlyblt\Earlyblt316.JPG,early_blight,irish
D:\Potato\IrishPotato37G\earlyblt\Earlyblt1661.JPG,early_blight,irish
D:\Potato\IrishPotato37G\lateblt\Lateblt457.jpg,late_blight,irish
D:\Potato\IrishPotato37G\earlyblt\Earlyblt5891.jpg,early_blight,irish
D:\Potato\IrishPotato37G\lateblt\Lateblt561.jpg,late_blight,irish
D:\Potato\IrishPotato37G\lateblt\Lateblt1251.jpg,late_blight,irish
D:\Potato\IrishPotato37G\earlyblt\Earlyblt2198.JPG,early_blight,irish
D:\Potato\IrishPotato37G\healthy\healthy4152.jpg,healthy,irish
D:\Potato\IrishPotato37G\lateblt\Lateblt1460.jpg,late_blight,irish
D:\Potato\IrishPotato37G\healthy\healthy5206.jpg,healthy,irish
D:\Potato\IrishPotato37G\healthy\healthy2367.jpg,healthy,irish
D:\Potato\IrishPotato37G\earlyblt\Earlyblt3016.JPG,early_blight,irish
D:\Potato\IrishPotato37G\healthy\healthy3126.jpg,healthy,irish
D:\Potato\IrishPotato37G\earlyblt\Earlyblt777.JPG,early_blight,irish
D:\Potato\IrishPotato37G\healthy\healthy727.jpg,healthy,irish
D:\Potato\IrishPotato37G\earlyblt\Earlyblt655.jpg,early_blight,irish
D:\Potato\IrishPotato37G\earlyblt\Earlyblt993.JPG,early_blight,irish
D:\Potato\IrishPotato37G\healthy\healthy766.jpg,healthy,irish
D:\Potato\IrishPotato37G\healthy\healthy1319.jpg,healthy,irish
D:\Potato\IrishPotato37G\lateblt\Lateblt1955.jpg,late_blight,irish
D:\Potato\IrishPotato37G\lateblt\Lateblt399.jpg,late_blight,irish
D:\Potato\IrishPotato37G\healthy\healthy584.jpg,healthy,irish
D:\Potato\IrishPotato37G\healthy\healthy3969.jpg,healthy,irish
D:\Potato\IrishPotato37G\earlyblt\Earlyblt1951.JPG,early_blight,irish
D:\Potato\IrishPotato37G\earlyblt\Earlyblt708.JPG,early_blight,irish
D:\Potato\IrishPotato37G\earlyblt\Earlyblt4736.JPG,early_blight,irish
D:\Potato\IrishPotato37G\healthy\healthy2886.jpg,healthy,irish
D:\Potato\IrishPotato37G\healthy\healthy3400.jpg,healthy,irish
D:\Potato\IrishPotato37G\healthy\healthy1478.jpg,healthy,irish
D:\Potato\IrishPotato37G\earlyblt\Earlyblt3369.jpg,early_blight,irish
D:\Potato\IrishPotato37G\lateblt\Lateblt622.jpg,late_blight,irish
D:\Potato\IrishPotato37G\earlyblt\Earlyblt2031.JPG,early_blight,irish
D:\Potato\IrishPotato37G\lateblt\Lateblt2282.jpg,late_blight,irish
D:\Potato\IrishPotato37G\lateblt\Lateblt283.jpg,late_blight,irish
D:\Potato\IrishPotato37G\earlyblt\Earlyblt997.JPG,early_blight,irish
D:\Potato\IrishPotato37G\lateblt\Lateblt882.jpg,late_blight,irish
D:\Potato\IrishPotato37G\healthy\healthy489.jpg,healthy,irish
D:\Potato\IrishPotato37G\earlyblt\Earlyblt601.JPG,early_blight,irish
D:\Potato\IrishPotato37G\lateblt\Lateblt816.jpg,late_blight,irish
D:\Potato\IrishPotato37G\healthy\healthy1622.jpg,healthy,irish
D:\Potato\IrishPotato37G\healthy\healthy1456.jpg,healthy,irish
D:\Potato\IrishPotato37G\healthy\healthy4607.jpg,healthy,irish
D:\Potato\IrishPotato37G\earlyblt\Earlyblt97.JPG,early_blight,irish
D:\Potato\IrishPotato37G\lateblt\Lateblt775.jpg,late_blight,irish
D:\Potato\IrishPotato37G\earlyblt\Earlyblt2705.JPG,early_blight,irish
D:\Potato\IrishPotato37G\lateblt\Lateblt974.jpg,late_blight,irish
D:\Potato\IrishPotato37G\earlyblt\Earlyblt6643.jpg,early_blight,irish
D:\Potato\IrishPotato37G\lateblt\Lateblt867.jpg,late_blight,irish
D:\Potato\IrishPotato37G\earlyblt\Earlyblt860.JPG,early_blight,irish
D:\Potato\IrishPotato37G\healthy\healthy2410.jpg,healthy,irish
D:\Potato\IrishPotato37G\earlyblt\Earlyblt3579.JPG,early_blight,irish
D:\Potato\IrishPotato37G\lateblt\Lateblt2479.jpg,late_blight,irish
D:\Potato\IrishPotato37G\healthy\healthy193.jpg,healthy,irish
D:\Potato\IrishPotato37G\earlyblt\Earlyblt172.JPG,early_blight,irish
D:\Potato\IrishPotato37G\healthy\healthy5216.jpg,healthy,irish
D:\Potato\IrishPotato37G\earlyblt\Earlyblt6340.JPG,early_blight,irish
D:\Potato\IrishPotato37G\healthy\healthy1010.jpg,healthy,irish
D:\Potato\IrishPotato37G\earlyblt\Earlyblt552.JPG,early_blight,irish
D:\Potato\IrishPotato37G\lateblt\Lateblt235.jpg,late_blight,irish
D:\Potato\IrishPotato37G\earlyblt\Earlyblt2430.JPG,early_blight,irish
D:\Potato\IrishPotato37G\earlyblt\Earlyblt2150.JPG,early_blight,irish
D:\Potato\IrishPotato37G\healthy\healthy4538.jpg,healthy,irish
D:\Potato\IrishPotato37G\earlyblt\Earlyblt2089.JPG,early_blight,irish
D:\Potato\IrishPotato37G\healthy\healthy3696.jpg,healthy,irish
D:\Potato\IrishPotato37G\lateblt\Lateblt675.jpg,late_blight,irish
D:\Potato\IrishPotato37G\lateblt\Lateblt1358.jpg,late_blight,irish
D:\Potato\IrishPotato37G\healthy\healthy2901.jpg,healthy,irish
D:\Potato\IrishPotato37G\lateblt\Lateblt738.jpg,late_blight,irish
D:\Potato\IrishPotato37G\earlyblt\Earlyblt369.JPG,early_blight,irish
D:\Potato\IrishPotato37G\healthy\healthy2655.jpg,healthy,irish
D:\Potato\IrishPotato37G\healthy\healthy4772.jpg,healthy,irish
D:\Potato\IrishPotato37G\earlyblt\Earlyblt2286.JPG,early_blight,irish
D:\Potato\IrishPotato37G\lateblt\Lateblt284.jpg,late_blight,irish
D:\Potato\IrishPotato37G\healthy\healthy879.jpg,healthy,irish
D:\Potato\IrishPotato37G\earlyblt\Earlyblt1564.JPG,early_blight,irish
D:\Potato\IrishPotato37G\earlyblt\Earlyblt5936.jpg,early_blight,irish
D:\Potato\IrishPotato37G\earlyblt\Earlyblt3373.jpg,early_blight,irish
D:\Potato\IrishPotato37G\lateblt\Lateblt2103.jpg,late_blight,irish
D:\Potato\IrishPotato37G\earlyblt\Earlyblt2351.JPG,early_blight,irish
D:\Potato\IrishPotato37G\healthy\healthy3397.jpg,healthy,irish
D:\Potato\IrishPotato37G\earlyblt\Earlyblt3098.JPG,early_blight,irish
D:\Potato\IrishPotato37G\lateblt\Lateblt15.jpg,late_blight,irish
D:\Potato\IrishPotato37G\earlyblt\Earlyblt2590.JPG,early_blight,irish
D:\Potato\IrishPotato37G\healthy\healthy835.jpg,healthy,irish
D:\Potato\IrishPotato37G\lateblt\Lateblt2727.jpg,late_blight,irish
D:\Potato\IrishPotato37G\lateblt\Lateblt2795.jpg,late_blight,irish
D:\Potato\IrishPotato37G\earlyblt\Earlyblt6429.jpg,early_blight,irish
D:\Potato\IrishPotato37G\healthy\healthy2588.jpg,healthy,irish
D:\Potato\IrishPotato37G\earlyblt\Earlyblt2163.JPG,early_blight,irish
D:\Potato\IrishPotato37G\lateblt\Lateblt1468.jpg,late_blight,irish
D:\Potato\IrishPotato37G\lateblt\Lateblt1306.jpg,late_blight,irish
D:\Potato\IrishPotato37G\healthy\healthy392.jpg,healthy,irish
D:\Potato\IrishPotato37G\earlyblt\Earlyblt1202.JPG,early_blight,irish
D:\Potato\IrishPotato37G\healthy\healthy2339.jpg,healthy,irish
D:\Potato\IrishPotato37G\lateblt\Lateblt227.jpg,late_blight,irish
D:\Potato\IrishPotato37G\lateblt\Lateblt2013.jpg,late_blight,irish
D:\Potato\IrishPotato37G\lateblt\Lateblt564.jpg,late_blight,irish
D:\Potato\IrishPotato37G\healthy\healthy1332.jpg,healthy,irish
D:\Potato\IrishPotato37G\healthy\healthy227.jpg,healthy,irish
D:\Potato\IrishPotato37G\lateblt\Lateblt2807.jpg,late_blight,irish
D:\Potato\IrishPotato37G\healthy\healthy796.jpg,healthy,irish
D:\Potato\IrishPotato37G\earlyblt\Earlyblt1174.JPG,early_blight,irish
D:\Potato\IrishPotato37G\earlyblt\Earlyblt6574.jpg,early_blight,irish
D:\Potato\IrishPotato37G\earlyblt\Earlyblt3047.JPG,early_blight,irish
D:\Potato\IrishPotato37G\earlyblt\Earlyblt2434.JPG,early_blight,irish
D:\Potato\IrishPotato37G\lateblt\Lateblt2930.jpg,late_blight,irish
D:\Potato\IrishPotato37G\healthy\healthy1261.jpg,healthy,irish
D:\Potato\IrishPotato37G\lateblt\Lateblt1376.jpg,late_blight,irish
D:\Potato\IrishPotato37G\lateblt\Lateblt1343.jpg,late_blight,irish
D:\Potato\IrishPotato37G\healthy\healthy2800.jpg,healthy,irish
D:\Potato\IrishPotato37G\earlyblt\Earlyblt925.JPG,early_blight,irish
D:\Potato\IrishPotato37G\lateblt\Lateblt1496.jpg,late_blight,irish
D:\Potato\IrishPotato37G\healthy\healthy2552.jpg,healthy,irish
D:\Potato\IrishPotato37G\earlyblt\Earlyblt3578.jpg,early_blight,irish
D:\Potato\IrishPotato37G\healthy\healthy95.jpg,healthy,irish
D:\Potato\IrishPotato37G\lateblt\Lateblt208.jpg,late_blight,irish
D:\Potato\IrishPotato37G\lateblt\Lateblt1994.jpg,late_blight,irish
D:\Potato\IrishPotato37G\lateblt\Lateblt1733.jpg,late_blight,irish
D:\Potato\IrishPotato37G\lateblt\Lateblt1146.jpg,late_blight,irish
D:\Potato\IrishPotato37G\earlyblt\Earlyblt145.JPG,early_blight,irish
D:\Potato\IrishPotato37G\lateblt\Lateblt1995.jpg,late_blight,irish
D:\Potato\IrishPotato37G\lateblt\Lateblt29.jpg,late_blight,irish
D:\Potato\IrishPotato37G\earlyblt\Earlyblt6179.JPG,early_blight,irish
D:\Potato\IrishPotato37G\lateblt\Lateblt2655.jpg,late_blight,irish
D:\Potato\IrishPotato37G\earlyblt\Earlyblt2964.JPG,early_blight,irish
D:\Potato\IrishPotato37G\healthy\healthy881.jpg,healthy,irish
D:\Potato\IrishPotato37G\earlyblt\Earlyblt3609.jpg,early_blight,irish
D:\Potato\IrishPotato37G\lateblt\Lateblt1250.jpg,late_blight,irish
D:\Potato\IrishPotato37G\lateblt\Lateblt527.jpg,late_blight,irish
D:\Potato\IrishPotato37G\earlyblt\Earlyblt2956.JPG,early_blight,irish
D:\Potato\IrishPotato37G\earlyblt\Earlyblt3055.JPG,early_blight,irish
D:\Potato\IrishPotato37G\healthy\healthy1299.jpg,healthy,irish
D:\Potato\IrishPotato37G\earlyblt\Earlyblt2112.JPG,early_blight,irish
D:\Potato\IrishPotato37G\lateblt\Lateblt195.jpg,late_blight,irish
D:\Potato\IrishPotato37G\lateblt\Lateblt2585.jpg,late_blight,irish
D:\Potato\IrishPotato37G\healthy\healthy2381.jpg,healthy,irish
D:\Potato\IrishPotato37G\lateblt\Lateblt862.jpg,late_blight,irish
D:\Potato\IrishPotato37G\earlyblt\Earlyblt942.JPG,early_blight,irish
D:\Potato\IrishPotato37G\healthy\healthy5093.jpg,healthy,irish
D:\Potato\IrishPotato37G\healthy\healthy2223.jpg,healthy,irish
D:\Potato\IrishPotato37G\earlyblt\Earlyblt700.JPG,early_blight,irish
D:\Potato\IrishPotato37G\healthy\healthy71.jpg,healthy,irish
D:\Potato\IrishPotato37G\earlyblt\Earlyblt1489.JPG,early_blight,irish
D:\Potato\IrishPotato37G\earlyblt\Earlyblt712.JPG,early_blight,irish
D:\Potato\IrishPotato37G\earlyblt\Earlyblt1981.JPG,early_blight,irish
D:\Potato\IrishPotato37G\healthy\healthy1281.jpg,healthy,irish
D:\Potato\IrishPotato37G\earlyblt\Earlyblt3646.JPG,early_blight,irish
D:\Potato\IrishPotato37G\healthy\healthy3601.jpg,healthy,irish
D:\Potato\IrishPotato37G\lateblt\Lateblt597.jpg,late_blight,irish
D:\Potato\IrishPotato37G\earlyblt\Earlyblt4774.JPG,early_blight,irish
D:\Potato\IrishPotato37G\healthy\healthy3504.jpg,healthy,irish
D:\Potato\IrishPotato37G\lateblt\Lateblt2165.jpg,late_blight,irish
D:\Potato\IrishPotato37G\lateblt\Lateblt173.jpg,late_blight,irish
D:\Potato\IrishPotato37G\lateblt\Lateblt1293.jpg,late_blight,irish
D:\Potato\IrishPotato37G\lateblt\Lateblt1756.jpg,late_blight,irish
D:\Potato\IrishPotato37G\lateblt\Lateblt459.jpg,late_blight,irish
D:\Potato\IrishPotato37G\healthy\healthy5578.jpg,healthy,irish
D:\Potato\IrishPotato37G\lateblt\Lateblt1849.jpg,late_blight,irish
D:\Potato\IrishPotato37G\earlyblt\Earlyblt3099.JPG,early_blight,irish
D:\Potato\IrishPotato37G\earlyblt\Earlyblt6646.jpg,early_blight,irish
D:\Potato\IrishPotato37G\earlyblt\Earlyblt6803.jpg,early_blight,irish
D:\Potato\IrishPotato37G\earlyblt\Earlyblt702.JPG,early_blight,irish
D:\Potato\IrishPotato37G\healthy\healthy5013.jpg,healthy,irish
D:\Potato\IrishPotato37G\earlyblt\Earlyblt6353.JPG,early_blight,irish
D:\Potato\IrishPotato37G\earlyblt\Earlyblt6345.JPG,early_blight,irish
D:\Potato\IrishPotato37G\earlyblt\Earlyblt4743.JPG,early_blight,irish
D:\Potato\IrishPotato37G\lateblt\Lateblt2304.jpg,late_blight,irish
D:\Potato\IrishPotato37G\healthy\healthy2082.jpg,healthy,irish
D:\Potato\IrishPotato37G\earlyblt\Earlyblt2632.JPG,early_blight,irish
D:\Potato\IrishPotato37G\earlyblt\Earlyblt308.JPG,early_blight,irish
D:\Potato\IrishPotato37G\healthy\healthy5292.jpg,healthy,irish
D:\Potato\IrishPotato37G\lateblt\Lateblt1015.jpg,late_blight,irish
D:\Potato\IrishPotato37G\lateblt\Lateblt516.jpg,late_blight,irish
D:\Potato\IrishPotato37G\earlyblt\Earlyblt1158.JPG,early_blight,irish
D:\Potato\IrishPotato37G\lateblt\Lateblt635.jpg,late_blight,irish
D:\Potato\IrishPotato37G\lateblt\Lateblt1745.jpg,late_blight,irish
D:\Potato\IrishPotato37G\earlyblt\Earlyblt305.JPG,early_blight,irish
D:\Potato\IrishPotato37G\healthy\healthy5026.jpg,healthy,irish
D:\Potato\IrishPotato37G\earlyblt\Earlyblt554.JPG,early_blight,irish
D:\Potato\IrishPotato37G\earlyblt\Earlyblt3893.jpg,early_blight,irish
D:\Potato\IrishPotato37G\earlyblt\Earlyblt2114.JPG,early_blight,irish
D:\Potato\IrishPotato37G\earlyblt\Earlyblt5974.jpg,early_blight,irish
D:\Potato\IrishPotato37G\healthy\healthy4807.jpg,healthy,irish
D:\Potato\IrishPotato37G\healthy\healthy4069.jpg,healthy,irish
D:\Potato\IrishPotato37G\earlyblt\Earlyblt962.JPG,early_blight,irish
D:\Potato\IrishPotato37G\lateblt\Lateblt2938.jpg,late_blight,irish
D:\Potato\IrishPotato37G\healthy\healthy3224.jpg,healthy,irish
D:\Potato\IrishPotato37G\lateblt\Lateblt2744.jpg,late_blight,irish
D:\Potato\IrishPotato37G\lateblt\Lateblt1527.jpg,late_blight,irish
D:\Potato\IrishPotato37G\healthy\healthy2558.jpg,healthy,irish
D:\Potato\IrishPotato37G\lateblt\Lateblt995.jpg,late_blight,irish
D:\Potato\IrishPotato37G\healthy\healthy4990.jpg,healthy,irish
D:\Potato\IrishPotato37G\lateblt\Lateblt502.jpg,late_blight,irish
D:\Potato\IrishPotato37G\healthy\healthy2703.jpg,healthy,irish
D:\Potato\IrishPotato37G\healthy\healthy1699.jpg,healthy,irish
D:\Potato\IrishPotato37G\earlyblt\Earlyblt1552.JPG,early_blight,irish
D:\Potato\IrishPotato37G\lateblt\Lateblt64.jpg,late_blight,irish
D:\Potato\IrishPotato37G\earlyblt\Earlyblt6247.JPG,early_blight,irish
D:\Potato\IrishPotato37G\lateblt\Lateblt1381.jpg,late_blight,irish
D:\Potato\IrishPotato37G\healthy\healthy1524.jpg,healthy,irish
D:\Potato\IrishPotato37G\healthy\healthy2043.jpg,healthy,irish
D:\Potato\IrishPotato37G\earlyblt\Earlyblt439.JPG,early_blight,irish
D:\Potato\IrishPotato37G\healthy\healthy4811.jpg,healthy,irish
D:\Potato\IrishPotato37G\earlyblt\Earlyblt3294.jpg,early_blight,irish
D:\Potato\IrishPotato37G\earlyblt\Earlyblt2547.JPG,early_blight,irish
D:\Potato\IrishPotato37G\healthy\healthy3066.jpg,healthy,irish
D:\Potato\IrishPotato37G\lateblt\Lateblt2565.jpg,late_blight,irish
D:\Potato\IrishPotato37G\lateblt\Lateblt2152.jpg,late_blight,irish
D:\Potato\IrishPotato37G\healthy\healthy2547.jpg,healthy,irish
D:\Potato\IrishPotato37G\earlyblt\Earlyblt6920.JPG,early_blight,irish
D:\Potato\IrishPotato37G\healthy\healthy5126.jpg,healthy,irish
D:\Potato\IrishPotato37G\earlyblt\Earlyblt4678.jpg,early_blight,irish
D:\Potato\IrishPotato37G\healthy\healthy2463.jpg,healthy,irish
D:\Potato\IrishPotato37G\lateblt\Lateblt1244.jpg,late_blight,irish
D:\Potato\IrishPotato37G\lateblt\Lateblt546.jpg,late_blight,irish
D:\Potato\IrishPotato37G\lateblt\Lateblt1.jpg,late_blight,irish
D:\Potato\IrishPotato37G\lateblt\Lateblt755.jpg,late_blight,irish
D:\Potato\IrishPotato37G\earlyblt\Earlyblt1072.JPG,early_blight,irish
D:\Potato\IrishPotato37G\lateblt\Lateblt1053.jpg,late_blight,irish
D:\Potato\IrishPotato37G\earlyblt\Earlyblt6059.jpg,early_blight,irish
D:\Potato\IrishPotato37G\lateblt\Lateblt1040.jpg,late_blight,irish
D:\Potato\IrishPotato37G\healthy\healthy1675.jpg,healthy,irish
D:\Potato\IrishPotato37G\earlyblt\Earlyblt2823.JPG,early_blight,irish
D:\Potato\IrishPotato37G\earlyblt\Earlyblt1239.JPG,early_blight,irish
D:\Potato\IrishPotato37G\lateblt\Lateblt129.jpg,late_blight,irish
D:\Potato\IrishPotato37G\earlyblt\Earlyblt6131.jpg,early_blight,irish
D:\Potato\IrishPotato37G\healthy\healthy3803.jpg,healthy,irish
D:\Potato\IrishPotato37G\healthy\healthy3149.jpg,healthy,irish
D:\Potato\IrishPotato37G\healthy\healthy4345.jpg,healthy,irish
D:\Potato\IrishPotato37G\healthy\healthy287.jpg,healthy,irish
D:\Potato\IrishPotato37G\healthy\healthy5052.jpg,healthy,irish
D:\Potato\IrishPotato37G\lateblt\Lateblt2876.jpg,late_blight,irish
D:\Potato\IrishPotato37G\healthy\healthy1182.jpg,healthy,irish
D:\Potato\IrishPotato37G\earlyblt\Earlyblt620.jpg,early_blight,irish
D:\Potato\IrishPotato37G\healthy\healthy4532.jpg,healthy,irish
D:\Potato\IrishPotato37G\healthy\healthy2652.jpg,healthy,irish
D:\Potato\IrishPotato37G\healthy\healthy1941.jpg,healthy,irish
D:\Potato\IrishPotato37G\healthy\healthy70.jpg,healthy,irish
D:\Potato\IrishPotato37G\healthy\healthy2319.jpg,healthy,irish
D:\Potato\IrishPotato37G\earlyblt\Earlyblt6157.JPG,early_blight,irish
D:\Potato\IrishPotato37G\lateblt\Lateblt164.jpg,late_blight,irish
D:\Potato\IrishPotato37G\earlyblt\Earlyblt1950.JPG,early_blight,irish
D:\Potato\IrishPotato37G\earlyblt\Earlyblt4941.jpg,early_blight,irish
D:\Potato\IrishPotato37G\lateblt\Lateblt1243.jpg,late_blight,irish
D:\Potato\IrishPotato37G\lateblt\Lateblt1310.jpg,late_blight,irish
D:\Potato\IrishPotato37G\earlyblt\Earlyblt1800.JPG,early_blight,irish
D:\Potato\IrishPotato37G\healthy\healthy1227.jpg,healthy,irish
D:\Potato\IrishPotato37G\healthy\healthy3339.jpg,healthy,irish
D:\Potato\IrishPotato37G\healthy\healthy3228.jpg,healthy,irish
D:\Potato\IrishPotato37G\earlyblt\Earlyblt3897.jpg,early_blight,irish
D:\Potato\IrishPotato37G\lateblt\Lateblt5049.jpg,late_blight,irish
D:\Potato\IrishPotato37G\earlyblt\Earlyblt2884.JPG,early_blight,irish
D:\Potato\IrishPotato37G\lateblt\Lateblt2697.jpg,late_blight,irish
D:\Potato\IrishPotato37G\earlyblt\Earlyblt2485.JPG,early_blight,irish
D:\Potato\IrishPotato37G\lateblt\Lateblt2419.jpg,late_blight,irish
D:\Potato\IrishPotato37G\healthy\healthy5362.jpg,healthy,irish
D:\Potato\IrishPotato37G\earlyblt\Earlyblt3416.jpg,early_blight,irish
D:\Potato\IrishPotato37G\earlyblt\Earlyblt133.JPG,early_blight,irish
D:\Potato\IrishPotato37G\lateblt\Lateblt1252.jpg,late_blight,irish
D:\Potato\IrishPotato37G\lateblt\Lateblt185.jpg,late_blight,irish
D:\Potato\IrishPotato37G\lateblt\Lateblt2870.jpg,late_blight,irish
D:\Potato\IrishPotato37G\healthy\healthy563.jpg,healthy,irish
D:\Potato\IrishPotato37G\lateblt\Lateblt2499.jpg,late_blight,irish
D:\Potato\IrishPotato37G\healthy\healthy3681.jpg,healthy,irish
D:\Potato\IrishPotato37G\lateblt\Lateblt784.jpg,late_blight,irish
D:\Potato\IrishPotato37G\earlyblt\Earlyblt6853.JPG,early_blight,irish
D:\Potato\IrishPotato37G\healthy\healthy4142.jpg,healthy,irish
D:\Potato\IrishPotato37G\earlyblt\Earlyblt78.JPG,early_blight,irish
D:\Potato\IrishPotato37G\healthy\healthy960.jpg,healthy,irish
D:\Potato\IrishPotato37G\lateblt\Lateblt2790.jpg,late_blight,irish
D:\Potato\IrishPotato37G\healthy\healthy3050.jpg,healthy,irish
D:\Potato\IrishPotato37G\lateblt\Lateblt1316.jpg,late_blight,irish
D:\Potato\IrishPotato37G\earlyblt\Earlyblt2602.JPG,early_blight,irish
D:\Potato\IrishPotato37G\earlyblt\Earlyblt2047.JPG,early_blight,irish
D:\Potato\IrishPotato37G\earlyblt\Earlyblt6191.jpg,early_blight,irish
D:\Potato\IrishPotato37G\earlyblt\Earlyblt2380.JPG,early_blight,irish
D:\Potato\IrishPotato37G\lateblt\Lateblt1407.jpg,late_blight,irish
D:\Potato\IrishPotato37G\lateblt\Lateblt1324.jpg,late_blight,irish
D:\Potato\IrishPotato37G\lateblt\Lateblt863.jpg,late_blight,irish
D:\Potato\IrishPotato37G\lateblt\Lateblt388.jpg,late_blight,irish
D:\Potato\IrishPotato37G\lateblt\Lateblt2622.jpg,late_blight,irish
D:\Potato\IrishPotato37G\earlyblt\Earlyblt1918.JPG,early_blight,irish
D:\Potato\IrishPotato37G\earlyblt\Earlyblt3728.jpg,early_blight,irish
D:\Potato\IrishPotato37G\healthy\healthy2243.jpg,healthy,irish
D:\Potato\IrishPotato37G\earlyblt\Earlyblt6070.jpg,early_blight,irish
D:\Potato\IrishPotato37G\earlyblt\Earlyblt6284.JPG,early_blight,irish
D:\Potato\IrishPotato37G\earlyblt\Earlyblt916.JPG,early_blight,irish
D:\Potato\IrishPotato37G\healthy\healthy4111.jpg,healthy,irish
D:\Potato\IrishPotato37G\lateblt\Lateblt1269.jpg,late_blight,irish
D:\Potato\IrishPotato37G\earlyblt\Earlyblt5917.jpg,early_blight,irish
D:\Potato\IrishPotato37G\earlyblt\Earlyblt1504.JPG,early_blight,irish
D:\Potato\IrishPotato37G\lateblt\Lateblt1686.jpg,late_blight,irish
D:\Potato\IrishPotato37G\lateblt\Lateblt547.jpg,late_blight,irish
D:\Potato\IrishPotato37G\earlyblt\Earlyblt481.JPG,early_blight,irish
D:\Potato\IrishPotato37G\earlyblt\Earlyblt4952.jpg,early_blight,irish
D:\Potato\IrishPotato37G\earlyblt\Earlyblt1551.JPG,early_blight,irish
D:\Potato\IrishPotato37G\lateblt\Lateblt1473.jpg,late_blight,irish
D:\Potato\IrishPotato37G\healthy\healthy1509.jpg,healthy,irish
D:\Potato\IrishPotato37G\lateblt\Lateblt5060.jpg,late_blight,irish
D:\Potato\IrishPotato37G\lateblt\Lateblt1302.jpg,late_blight,irish
D:\Potato\IrishPotato37G\earlyblt\Earlyblt1465.JPG,early_blight,irish
D:\Potato\IrishPotato37G\healthy\healthy2268.jpg,healthy,irish
D:\Potato\IrishPotato37G\earlyblt\Earlyblt6325.JPG,early_blight,irish
D:\Potato\IrishPotato37G\earlyblt\Earlyblt3083.JPG,early_blight,irish
D:\Potato\IrishPotato37G\earlyblt\Earlyblt2310.JPG,early_blight,irish
D:\Potato\IrishPotato37G\lateblt\Lateblt1273.jpg,late_blight,irish
D:\Potato\IrishPotato37G\earlyblt\Earlyblt580.JPG,early_blight,irish
D:\Potato\IrishPotato37G\earlyblt\Earlyblt6726.JPG,early_blight,irish
D:\Potato\IrishPotato37G\lateblt\Lateblt2840.jpg,late_blight,irish
D:\Potato\IrishPotato37G\earlyblt\Earlyblt618.jpg,early_blight,irish
D:\Potato\IrishPotato37G\earlyblt\Earlyblt3997.jpg,early_blight,irish
D:\Potato\IrishPotato37G\earlyblt\Earlyblt6814.JPG,early_blight,irish
D:\Potato\IrishPotato37G\healthy\healthy4633.jpg,healthy,irish
D:\Potato\IrishPotato37G\earlyblt\Earlyblt3999.jpg,early_blight,irish
D:\Potato\IrishPotato37G\lateblt\Lateblt1353.jpg,late_blight,irish
D:\Potato\IrishPotato37G\healthy\healthy4276.jpg,healthy,irish
D:\Potato\IrishPotato37G\healthy\healthy1761.jpg,healthy,irish
D:\Potato\IrishPotato37G\earlyblt\Earlyblt260.JPG,early_blight,irish
D:\Potato\IrishPotato37G\healthy\healthy4749.jpg,healthy,irish
D:\Potato\IrishPotato37G\earlyblt\Earlyblt6565.JPG,early_blight,irish
D:\Potato\IrishPotato37G\healthy\healthy2635.jpg,healthy,irish
D:\Potato\IrishPotato37G\earlyblt\Earlyblt2339.JPG,early_blight,irish
D:\Potato\IrishPotato37G\earlyblt\Earlyblt2361.JPG,early_blight,irish
D:\Potato\IrishPotato37G\healthy\healthy4378.jpg,healthy,irish
D:\Potato\IrishPotato37G\earlyblt\Earlyblt2282.JPG,early_blight,irish
D:\Potato\IrishPotato37G\earlyblt\Earlyblt1109.JPG,early_blight,irish
D:\Potato\IrishPotato37G\earlyblt\Earlyblt16.JPG,early_blight,irish
D:\Potato\IrishPotato37G\earlyblt\Earlyblt2633.JPG,early_blight,irish
D:\Potato\IrishPotato37G\healthy\healthy4791.jpg,healthy,irish
D:\Potato\IrishPotato37G\lateblt\Lateblt853.jpg,late_blight,irish
D:\Potato\IrishPotato37G\healthy\healthy3057.jpg,healthy,irish
D:\Potato\IrishPotato37G\healthy\healthy3004.jpg,healthy,irish
D:\Potato\IrishPotato37G\earlyblt\Earlyblt2252.JPG,early_blight,irish
D:\Potato\IrishPotato37G\earlyblt\Earlyblt3464.jpg,early_blight,irish
D:\Potato\IrishPotato37G\healthy\healthy4129.jpg,healthy,irish
D:\Potato\IrishPotato37G\earlyblt\Earlyblt1337.JPG,early_blight,irish
D:\Potato\IrishPotato37G\healthy\healthy785.jpg,healthy,irish
D:\Potato\IrishPotato37G\lateblt\Lateblt1960.jpg,late_blight,irish
D:\Potato\IrishPotato37G\earlyblt\Earlyblt255.JPG,early_blight,irish
D:\Potato\IrishPotato37G\lateblt\Lateblt1512.jpg,late_blight,irish
D:\Potato\IrishPotato37G\earlyblt\Earlyblt2053.JPG,early_blight,irish
D:\Potato\IrishPotato37G\healthy\healthy4377.jpg,healthy,irish
D:\Potato\IrishPotato37G\lateblt\Lateblt2330_1.jpg,late_blight,irish
D:\Potato\IrishPotato37G\earlyblt\Earlyblt610.JPG,early_blight,irish
D:\Potato\IrishPotato37G\lateblt\Lateblt983.jpg,late_blight,irish
D:\Potato\IrishPotato37G\healthy\healthy1593.jpg,healthy,irish
D:\Potato\IrishPotato37G\lateblt\Lateblt2393.jpg,late_blight,irish
D:\Potato\IrishPotato37G\healthy\healthy501.jpg,healthy,irish
D:\Potato\IrishPotato37G\healthy\healthy1664.jpg,healthy,irish
D:\Potato\IrishPotato37G\lateblt\Lateblt142.jpg,late_blight,irish
D:\Potato\IrishPotato37G\healthy\healthy5046.jpg,healthy,irish
D:\Potato\IrishPotato37G\healthy\healthy1519.jpg,healthy,irish
D:\Potato\IrishPotato37G\lateblt\Lateblt2004.jpg,late_blight,irish
D:\Potato\IrishPotato37G\earlyblt\Earlyblt3737.jpg,early_blight,irish
D:\Potato\IrishPotato37G\lateblt\Lateblt906.jpg,late_blight,irish
D:\Potato\IrishPotato37G\lateblt\Lateblt936.jpg,late_blight,irish
D:\Potato\IrishPotato37G\healthy\healthy2743.jpg,healthy,irish
D:\Potato\IrishPotato37G\healthy\healthy4947.jpg,healthy,irish
D:\Potato\IrishPotato37G\healthy\healthy5649.jpg,healthy,irish
D:\Potato\IrishPotato37G\healthy\healthy4824.jpg,healthy,irish
D:\Potato\IrishPotato37G\earlyblt\Earlyblt535.JPG,early_blight,irish
D:\Potato\IrishPotato37G\lateblt\Lateblt1729.jpg,late_blight,irish
D:\Potato\IrishPotato37G\lateblt\Lateblt1890.jpg,late_blight,irish
D:\Potato\IrishPotato37G\lateblt\Lateblt2911_1.jpg,late_blight,irish
D:\Potato\IrishPotato37G\earlyblt\Earlyblt4808.JPG,early_blight,irish
D:\Potato\IrishPotato37G\lateblt\Lateblt2917.jpg,late_blight,irish
D:\Potato\IrishPotato37G\earlyblt\Earlyblt307.JPG,early_blight,irish
D:\Potato\IrishPotato37G\lateblt\Lateblt148.jpg,late_blight,irish
D:\Potato\IrishPotato37G\earlyblt\Earlyblt1710.JPG,early_blight,irish
D:\Potato\IrishPotato37G\lateblt\Lateblt1153.jpg,late_blight,irish
D:\Potato\IrishPotato37G\earlyblt\Earlyblt6467.JPG,early_blight,irish
D:\Potato\IrishPotato37G\earlyblt\Earlyblt1298.JPG,early_blight,irish
D:\Potato\IrishPotato37G\healthy\healthy255.jpg,healthy,irish
D:\Potato\IrishPotato37G\lateblt\Lateblt2958.jpg,late_blight,irish
D:\Potato\IrishPotato37G\healthy\healthy3191.jpg,healthy,irish
D:\Potato\IrishPotato37G\lateblt\Lateblt1314.jpg,late_blight,irish
D:\Potato\IrishPotato37G\healthy\healthy2597.jpg,healthy,irish
D:\Potato\IrishPotato37G\healthy\healthy1158.jpg,healthy,irish
D:\Potato\IrishPotato37G\healthy\healthy1794.jpg,healthy,irish
D:\Potato\IrishPotato37G\lateblt\Lateblt2032.jpg,late_blight,irish
D:\Potato\IrishPotato37G\healthy\healthy4806.jpg,healthy,irish
D:\Potato\IrishPotato37G\healthy\healthy3570.jpg,healthy,irish
D:\Potato\IrishPotato37G\healthy\healthy3311.jpg,healthy,irish
D:\Potato\IrishPotato37G\earlyblt\Earlyblt4689.JPG,early_blight,irish
D:\Potato\IrishPotato37G\healthy\healthy5321.jpg,healthy,irish
D:\Potato\IrishPotato37G\lateblt\Lateblt147.jpg,late_blight,irish
D:\Potato\IrishPotato37G\healthy\healthy5657.jpg,healthy,irish
D:\Potato\IrishPotato37G\earlyblt\Earlyblt1018.JPG,early_blight,irish
D:\Potato\IrishPotato37G\lateblt\Lateblt1032.jpg,late_blight,irish
D:\Potato\IrishPotato37G\earlyblt\Earlyblt704.JPG,early_blight,irish
D:\Potato\IrishPotato37G\earlyblt\Earlyblt319.JPG,early_blight,irish
D:\Potato\IrishPotato37G\healthy\healthy5279.jpg,healthy,irish
D:\Potato\IrishPotato37G\earlyblt\Earlyblt2412.JPG,early_blight,irish
D:\Potato\IrishPotato37G\healthy\healthy3448.jpg,healthy,irish
D:\Potato\IrishPotato37G\earlyblt\Earlyblt1060.JPG,early_blight,irish
D:\Potato\IrishPotato37G\lateblt\Lateblt1328.jpg,late_blight,irish
D:\Potato\IrishPotato37G\healthy\healthy4659.jpg,healthy,irish
D:\Potato\IrishPotato37G\healthy\healthy4242.jpg,healthy,irish
D:\Potato\IrishPotato37G\healthy\healthy1262.jpg,healthy,irish
D:\Potato\IrishPotato37G\earlyblt\Earlyblt318.JPG,early_blight,irish
D:\Potato\IrishPotato37G\lateblt\Lateblt465.jpg,late_blight,irish
D:\Potato\IrishPotato37G\earlyblt\Earlyblt3361.jpg,early_blight,irish
D:\Potato\IrishPotato37G\earlyblt\Earlyblt4901.jpg,early_blight,irish
D:\Potato\IrishPotato37G\earlyblt\Earlyblt964.JPG,early_blight,irish
D:\Potato\IrishPotato37G\earlyblt\Earlyblt2557.JPG,early_blight,irish
D:\Potato\IrishPotato37G\healthy\healthy1749.jpg,healthy,irish
D:\Potato\IrishPotato37G\lateblt\Lateblt2279.jpg,late_blight,irish
D:\Potato\IrishPotato37G\lateblt\Lateblt2592.jpg,late_blight,irish
D:\Potato\IrishPotato37G\lateblt\Lateblt661.jpg,late_blight,irish
D:\Potato\IrishPotato37G\lateblt\Lateblt2009.jpg,late_blight,irish
D:\Potato\IrishPotato37G\lateblt\Lateblt1285.jpg,late_blight,irish
D:\Potato\IrishPotato37G\earlyblt\Earlyblt733.JPG,early_blight,irish
D:\Potato\IrishPotato37G\earlyblt\Earlyblt1163.JPG,early_blight,irish
D:\Potato\IrishPotato37G\healthy\healthy5521.jpg,healthy,irish
D:\Potato\IrishPotato37G\healthy\healthy924.jpg,healthy,irish
D:\Potato\IrishPotato37G\earlyblt\Earlyblt57.JPG,early_blight,irish
D:\Potato\IrishPotato37G\earlyblt\Earlyblt1170.JPG,early_blight,irish
D:\Potato\IrishPotato37G\earlyblt\Earlyblt2369.JPG,early_blight,irish
D:\Potato\IrishPotato37G\healthy\healthy3902.jpg,healthy,irish
D:\Potato\IrishPotato37G\earlyblt\Earlyblt1688.JPG,early_blight,irish
D:\Potato\IrishPotato37G\lateblt\Lateblt2031.jpg,late_blight,irish
D:\Potato\IrishPotato37G\lateblt\Lateblt1341.jpg,late_blight,irish
D:\Potato\IrishPotato37G\healthy\healthy5436.jpg,healthy,irish
D:\Potato\IrishPotato37G\lateblt\Lateblt2796.jpg,late_blight,irish
D:\Potato\IrishPotato37G\healthy\healthy3416.jpg,healthy,irish
D:\Potato\IrishPotato37G\earlyblt\Earlyblt3600.JPG,early_blight,irish
D:\Potato\IrishPotato37G\lateblt\Lateblt5028.jpg,late_blight,irish
D:\Potato\IrishPotato37G\healthy\healthy2102.jpg,healthy,irish
D:\Potato\IrishPotato37G\lateblt\Lateblt880.jpg,late_blight,irish
D:\Potato\IrishPotato37G\earlyblt\Earlyblt1502.JPG,early_blight,irish
D:\Potato\IrishPotato37G\healthy\healthy1581.jpg,healthy,irish
D:\Potato\IrishPotato37G\healthy\healthy4354.jpg,healthy,irish
D:\Potato\IrishPotato37G\earlyblt\Earlyblt6186.jpg,early_blight,irish
D:\Potato\IrishPotato37G\healthy\healthy552.jpg,healthy,irish
D:\Potato\IrishPotato37G\lateblt\Lateblt679.jpg,late_blight,irish
D:\Potato\IrishPotato37G\lateblt\Lateblt2599.jpg,late_blight,irish
D:\Potato\IrishPotato37G\earlyblt\Earlyblt3498.jpg,early_blight,irish
D:\Potato\IrishPotato37G\healthy\healthy4699.jpg,healthy,irish
D:\Potato\IrishPotato37G\lateblt\Lateblt2200.jpg,late_blight,irish
D:\Potato\IrishPotato37G\lateblt\Lateblt2708.jpg,late_blight,irish
D:\Potato\IrishPotato37G\healthy\healthy4344.jpg,healthy,irish
D:\Potato\IrishPotato37G\earlyblt\Earlyblt1198.JPG,early_blight,irish
D:\Potato\IrishPotato37G\lateblt\Lateblt1346.jpg,late_blight,irish
D:\Potato\IrishPotato37G\healthy\healthy3134.jpg,healthy,irish
D:\Potato\IrishPotato37G\earlyblt\Earlyblt1243.JPG,early_blight,irish
D:\Potato\IrishPotato37G\healthy\healthy5011.jpg,healthy,irish
D:\Potato\IrishPotato37G\healthy\healthy4762.jpg,healthy,irish
D:\Potato\IrishPotato37G\lateblt\Lateblt2717_1.jpg,late_blight,irish
D:\Potato\IrishPotato37G\healthy\healthy2937.jpg,healthy,irish
D:\Potato\IrishPotato37G\earlyblt\Earlyblt3721.jpg,early_blight,irish
D:\Potato\IrishPotato37G\healthy\healthy3002.jpg,healthy,irish
D:\Potato\IrishPotato37G\healthy\healthy1369.jpg,healthy,irish
D:\Potato\IrishPotato37G\lateblt\Lateblt1029.jpg,late_blight,irish
D:\Potato\IrishPotato37G\earlyblt\Earlyblt6240.JPG,early_blight,irish
D:\Potato\IrishPotato37G\lateblt\Lateblt570.jpg,late_blight,irish
D:\Potato\IrishPotato37G\earlyblt\Earlyblt2002.JPG,early_blight,irish
D:\Potato\IrishPotato37G\lateblt\Lateblt1079.jpg,late_blight,irish
D:\Potato\IrishPotato37G\earlyblt\Earlyblt2777.JPG,early_blight,irish
D:\Potato\IrishPotato37G\lateblt\Lateblt387.jpg,late_blight,irish
D:\Potato\IrishPotato37G\lateblt\Lateblt309.jpg,late_blight,irish
D:\Potato\IrishPotato37G\earlyblt\Earlyblt56.JPG,early_blight,irish
D:\Potato\IrishPotato37G\earlyblt\Earlyblt5971.jpg,early_blight,irish
D:\Potato\IrishPotato37G\lateblt\Lateblt1479.jpg,late_blight,irish
D:\Potato\IrishPotato37G\lateblt\Lateblt1768.jpg,late_blight,irish
D:\Potato\IrishPotato37G\earlyblt\Earlyblt6201.jpg,early_blight,irish
D:\Potato\IrishPotato37G\healthy\healthy4822.jpg,healthy,irish
D:\Potato\IrishPotato37G\healthy\healthy3377.jpg,healthy,irish
D:\Potato\IrishPotato37G\healthy\healthy541.jpg,healthy,irish
D:\Potato\IrishPotato37G\healthy\healthy1221.jpg,healthy,irish
D:\Potato\IrishPotato37G\lateblt\Lateblt2422.jpg,late_blight,irish
D:\Potato\IrishPotato37G\earlyblt\Earlyblt2996.JPG,early_blight,irish
D:\Potato\IrishPotato37G\healthy\healthy2201.jpg,healthy,irish
D:\Potato\IrishPotato37G\earlyblt\Earlyblt3962.jpg,early_blight,irish
D:\Potato\IrishPotato37G\healthy\healthy695.jpg,healthy,irish
D:\Potato\IrishPotato37G\healthy\healthy4359.jpg,healthy,irish
D:\Potato\IrishPotato37G\earlyblt\Earlyblt6821.JPG,early_blight,irish
D:\Potato\IrishPotato37G\lateblt\Lateblt2506.jpg,late_blight,irish
D:\Potato\IrishPotato37G\lateblt\Lateblt1224.jpg,late_blight,irish
D:\Potato\IrishPotato37G\healthy\healthy1148.jpg,healthy,irish
D:\Potato\IrishPotato37G\lateblt\Lateblt2725_1.jpg,late_blight,irish
D:\Potato\IrishPotato37G\lateblt\Lateblt1903.jpg,late_blight,irish
D:\Potato\IrishPotato37G\lateblt\Lateblt2696.jpg,late_blight,irish
D:\Potato\IrishPotato37G\healthy\healthy1413.jpg,healthy,irish
D:\Potato\IrishPotato37G\healthy\healthy3391.jpg,healthy,irish
D:\Potato\IrishPotato37G\lateblt\Lateblt1266.jpg,late_blight,irish
D:\Potato\IrishPotato37G\healthy\healthy5127.jpg,healthy,irish
D:\Potato\IrishPotato37G\lateblt\Lateblt2259_1.jpg,late_blight,irish
D:\Potato\IrishPotato37G\earlyblt\Earlyblt2478.JPG,early_blight,irish
D:\Potato\IrishPotato37G\healthy\healthy3755.jpg,healthy,irish
D:\Potato\IrishPotato37G\lateblt\Lateblt1885.jpg,late_blight,irish
D:\Potato\IrishPotato37G\healthy\healthy1334.jpg,healthy,irish
D:\Potato\IrishPotato37G\earlyblt\Earlyblt6213.jpg,early_blight,irish
D:\Potato\IrishPotato37G\earlyblt\Earlyblt6326.JPG,early_blight,irish
D:\Potato\IrishPotato37G\healthy\healthy4070.jpg,healthy,irish
D:\Potato\IrishPotato37G\lateblt\Lateblt1057.jpg,late_blight,irish
D:\Potato\IrishPotato37G\lateblt\Lateblt1980.jpg,late_blight,irish
D:\Potato\IrishPotato37G\healthy\healthy2252.jpg,healthy,irish
D:\Potato\IrishPotato37G\lateblt\Lateblt735.jpg,late_blight,irish
D:\Potato\IrishPotato37G\earlyblt\Earlyblt1341.JPG,early_blight,irish
D:\Potato\IrishPotato37G\healthy\healthy4894.jpg,healthy,irish
D:\Potato\IrishPotato37G\lateblt\Lateblt5053.jpg,late_blight,irish
D:\Potato\IrishPotato37G\lateblt\Lateblt141.jpg,late_blight,irish
D:\Potato\IrishPotato37G\healthy\healthy3378.jpg,healthy,irish
D:\Potato\IrishPotato37G\earlyblt\Earlyblt1213.JPG,early_blight,irish
D:\Potato\IrishPotato37G\lateblt\Lateblt5030.jpg,late_blight,irish
D:\Potato\IrishPotato37G\healthy\healthy929.jpg,healthy,irish
D:\Potato\IrishPotato37G\lateblt\Lateblt1389.jpg,late_blight,irish
D:\Potato\IrishPotato37G\healthy\healthy3408.jpg,healthy,irish
D:\Potato\IrishPotato37G\healthy\healthy234.jpg,healthy,irish
D:\Potato\IrishPotato37G\lateblt\Lateblt1772.jpg,late_blight,irish
D:\Potato\IrishPotato37G\lateblt\Lateblt1391.jpg,late_blight,irish
D:\Potato\IrishPotato37G\earlyblt\Earlyblt1041.JPG,early_blight,irish
D:\Potato\IrishPotato37G\earlyblt\Earlyblt2616.JPG,early_blight,irish
D:\Potato\IrishPotato37G\healthy\healthy3247.jpg,healthy,irish
D:\Potato\IrishPotato37G\lateblt\Lateblt1337.jpg,late_blight,irish
D:\Potato\IrishPotato37G\earlyblt\Earlyblt2882.JPG,early_blight,irish
D:\Potato\IrishPotato37G\healthy\healthy3251.jpg,healthy,irish
D:\Potato\IrishPotato37G\healthy\healthy5320.jpg,healthy,irish
D:\Potato\IrishPotato37G\healthy\healthy645.jpg,healthy,irish
D:\Potato\IrishPotato37G\earlyblt\Earlyblt3948.jpg,early_blight,irish
D:\Potato\IrishPotato37G\earlyblt\Earlyblt2358.JPG,early_blight,irish
D:\Potato\IrishPotato37G\healthy\healthy4181.jpg,healthy,irish
D:\Potato\IrishPotato37G\healthy\healthy3410.jpg,healthy,irish
D:\Potato\IrishPotato37G\healthy\healthy3522.jpg,healthy,irish
D:\Potato\IrishPotato37G\healthy\healthy5117.jpg,healthy,irish
D:\Potato\IrishPotato37G\earlyblt\Earlyblt1641.JPG,early_blight,irish
D:\Potato\IrishPotato37G\healthy\healthy195.jpg,healthy,irish
D:\Potato\IrishPotato37G\healthy\healthy652.jpg,healthy,irish
D:\Potato\IrishPotato37G\healthy\healthy3868.jpg,healthy,irish
D:\Potato\IrishPotato37G\healthy\healthy2861.jpg,healthy,irish
D:\Potato\IrishPotato37G\healthy\healthy3292.jpg,healthy,irish
D:\Potato\IrishPotato37G\earlyblt\Earlyblt2732.JPG,early_blight,irish
D:\Potato\IrishPotato37G\earlyblt\Earlyblt1939.JPG,early_blight,irish
D:\Potato\IrishPotato37G\lateblt\Lateblt1001.jpg,late_blight,irish
D:\Potato\IrishPotato37G\lateblt\Lateblt1340.jpg,late_blight,irish
D:\Potato\IrishPotato37G\lateblt\Lateblt1579.jpg,late_blight,irish
D:\Potato\IrishPotato37G\healthy\healthy1847.jpg,healthy,irish
D:\Potato\IrishPotato37G\healthy\healthy779.jpg,healthy,irish
D:\Potato\IrishPotato37G\healthy\healthy5113.jpg,healthy,irish
D:\Potato\IrishPotato37G\lateblt\Lateblt30.jpg,late_blight,irish
D:\Potato\IrishPotato37G\lateblt\Lateblt841.jpg,late_blight,irish
D:\Potato\IrishPotato37G\lateblt\Lateblt698.jpg,late_blight,irish
D:\Potato\IrishPotato37G\lateblt\Lateblt2491.jpg,late_blight,irish
D:\Potato\IrishPotato37G\earlyblt\Earlyblt3184.jpg,early_blight,irish
D:\Potato\IrishPotato37G\healthy\healthy756.jpg,healthy,irish
D:\Potato\IrishPotato37G\lateblt\Lateblt1129.jpg,late_blight,irish
D:\Potato\IrishPotato37G\healthy\healthy5114.jpg,healthy,irish
D:\Potato\IrishPotato37G\lateblt\Lateblt2174.jpg,late_blight,irish
D:\Potato\IrishPotato37G\lateblt\Lateblt344.jpg,late_blight,irish
D:\Potato\IrishPotato37G\lateblt\Lateblt1144.jpg,late_blight,irish
D:\Potato\IrishPotato37G\earlyblt\Earlyblt3034.JPG,early_blight,irish
D:\Potato\IrishPotato37G\earlyblt\Earlyblt1128.JPG,early_blight,irish
D:\Potato\IrishPotato37G\earlyblt\Earlyblt2583.JPG,early_blight,irish
D:\Potato\IrishPotato37G\earlyblt\Earlyblt2480.JPG,early_blight,irish
D:\Potato\IrishPotato37G\earlyblt\Earlyblt6524.jpg,early_blight,irish
D:\Potato\IrishPotato37G\healthy\healthy2869.jpg,healthy,irish
D:\Potato\IrishPotato37G\lateblt\Lateblt1066.jpg,late_blight,irish
D:\Potato\IrishPotato37G\lateblt\Lateblt2578.jpg,late_blight,irish
D:\Potato\IrishPotato37G\earlyblt\Earlyblt1074.JPG,early_blight,irish
D:\Potato\IrishPotato37G\healthy\healthy4477.jpg,healthy,irish
D:\Potato\IrishPotato37G\earlyblt\Earlyblt1415.JPG,early_blight,irish
D:\Potato\IrishPotato37G\lateblt\Lateblt2936.jpg,late_blight,irish
D:\Potato\IrishPotato37G\healthy\healthy205.jpg,healthy,irish
D:\Potato\IrishPotato37G\lateblt\Lateblt1596.jpg,late_blight,irish
D:\Potato\IrishPotato37G\healthy\healthy4414.jpg,healthy,irish
D:\Potato\IrishPotato37G\lateblt\Lateblt291.jpg,late_blight,irish
D:\Potato\IrishPotato37G\lateblt\Lateblt1122.jpg,late_blight,irish
D:\Potato\IrishPotato37G\lateblt\Lateblt664.jpg,late_blight,irish
D:\Potato\IrishPotato37G\earlyblt\Earlyblt1117.JPG,early_blight,irish
D:\Potato\IrishPotato37G\healthy\healthy2270.jpg,healthy,irish
D:\Potato\IrishPotato37G\healthy\healthy4146.jpg,healthy,irish
D:\Potato\IrishPotato37G\lateblt\Lateblt171.jpg,late_blight,irish
D:\Potato\IrishPotato37G\healthy\healthy356.jpg,healthy,irish
D:\Potato\IrishPotato37G\earlyblt\Earlyblt1609.JPG,early_blight,irish
D:\Potato\IrishPotato37G\earlyblt\Earlyblt1999.JPG,early_blight,irish
D:\Potato\IrishPotato37G\lateblt\Lateblt1565.jpg,late_blight,irish
D:\Potato\IrishPotato37G\earlyblt\Earlyblt71.JPG,early_blight,irish
D:\Potato\IrishPotato37G\healthy\healthy48.jpg,healthy,irish
D:\Potato\IrishPotato37G\lateblt\Lateblt1099.jpg,late_blight,irish
D:\Potato\IrishPotato37G\lateblt\Lateblt1805.jpg,late_blight,irish
D:\Potato\IrishPotato37G\lateblt\Lateblt2781.jpg,late_blight,irish
D:\Potato\IrishPotato37G\healthy\healthy880.jpg,healthy,irish
D:\Potato\IrishPotato37G\healthy\healthy1168.jpg,healthy,irish
D:\Potato\IrishPotato37G\healthy\healthy1838.jpg,healthy,irish
D:\Potato\IrishPotato37G\lateblt\Lateblt1188.jpg,late_blight,irish
D:\Potato\IrishPotato37G\earlyblt\Earlyblt1104.JPG,early_blight,irish
D:\Potato\IrishPotato37G\earlyblt\Earlyblt3976.jpg,early_blight,irish
D:\Potato\IrishPotato37G\earlyblt\Earlyblt6559.jpg,early_blight,irish
D:\Potato\IrishPotato37G\earlyblt\Earlyblt4858.jpg,early_blight,irish
D:\Potato\IrishPotato37G\healthy\healthy355.jpg,healthy,irish
D:\Potato\IrishPotato37G\lateblt\Lateblt1507.jpg,late_blight,irish
D:\Potato\IrishPotato37G\earlyblt\Earlyblt1731.JPG,early_blight,irish
D:\Potato\IrishPotato37G\lateblt\Lateblt400.jpg,late_blight,irish
D:\Potato\IrishPotato37G\earlyblt\Earlyblt2459.JPG,early_blight,irish
D:\Potato\IrishPotato37G\healthy\healthy2878.jpg,healthy,irish
D:\Potato\IrishPotato37G\healthy\healthy3167.jpg,healthy,irish
D:\Potato\IrishPotato37G\healthy\healthy2813.jpg,healthy,irish
D:\Potato\IrishPotato37G\lateblt\Lateblt1898.jpg,late_blight,irish
D:\Potato\IrishPotato37G\lateblt\Lateblt1698.jpg,late_blight,irish
D:\Potato\IrishPotato37G\earlyblt\Earlyblt2724.JPG,early_blight,irish
D:\Potato\IrishPotato37G\healthy\healthy456.jpg,healthy,irish
D:\Potato\IrishPotato37G\earlyblt\Earlyblt184.JPG,early_blight,irish
D:\Potato\IrishPotato37G\earlyblt\Earlyblt1398.JPG,early_blight,irish
D:\Potato\IrishPotato37G\lateblt\Lateblt296.jpg,late_blight,irish
D:\Potato\IrishPotato37G\lateblt\Lateblt440.jpg,late_blight,irish
D:\Potato\IrishPotato37G\earlyblt\Earlyblt663.JPG,early_blight,irish
D:\Potato\IrishPotato37G\healthy\healthy5495.jpg,healthy,irish
D:\Potato\IrishPotato37G\lateblt\Lateblt690.jpg,late_blight,irish
D:\Potato\IrishPotato37G\earlyblt\Earlyblt6653.jpg,early_blight,irish
D:\Potato\IrishPotato37G\earlyblt\Earlyblt6064.jpg,early_blight,irish
D:\Potato\IrishPotato37G\earlyblt\Earlyblt1839.JPG,early_blight,irish
D:\Potato\IrishPotato37G\lateblt\Lateblt1387.jpg,late_blight,irish
D:\Potato\IrishPotato37G\healthy\healthy3848.jpg,healthy,irish
D:\Potato\IrishPotato37G\lateblt\Lateblt1155.jpg,late_blight,irish
D:\Potato\IrishPotato37G\lateblt\Lateblt671.jpg,late_blight,irish
D:\Potato\IrishPotato37G\earlyblt\Earlyblt1930.JPG,early_blight,irish
D:\Potato\IrishPotato37G\healthy\healthy5334.jpg,healthy,irish
D:\Potato\IrishPotato37G\earlyblt\Earlyblt6113.jpg,early_blight,irish
D:\Potato\IrishPotato37G\earlyblt\Earlyblt1171.JPG,early_blight,irish
D:\Potato\IrishPotato37G\healthy\healthy3472.jpg,healthy,irish
D:\Potato\IrishPotato37G\lateblt\Lateblt1905.jpg,late_blight,irish
D:\Potato\IrishPotato37G\lateblt\Lateblt369.jpg,late_blight,irish
D:\Potato\IrishPotato37G\earlyblt\Earlyblt2776.JPG,early_blight,irish
D:\Potato\IrishPotato37G\earlyblt\Earlyblt21.JPG,early_blight,irish
D:\Potato\IrishPotato37G\healthy\healthy1070.jpg,healthy,irish
D:\Potato\IrishPotato37G\healthy\healthy3110.jpg,healthy,irish
D:\Potato\IrishPotato37G\lateblt\Lateblt2275.jpg,late_blight,irish
D:\Potato\IrishPotato37G\lateblt\Lateblt1675.jpg,late_blight,irish
D:\Potato\IrishPotato37G\lateblt\Lateblt144.jpg,late_blight,irish
D:\Potato\IrishPotato37G\earlyblt\Earlyblt2021.JPG,early_blight,irish
D:\Potato\IrishPotato37G\lateblt\Lateblt2285.jpg,late_blight,irish
D:\Potato\IrishPotato37G\healthy\healthy3786.jpg,healthy,irish
D:\Potato\IrishPotato37G\healthy\healthy2397.jpg,healthy,irish
D:\Potato\IrishPotato37G\lateblt\Lateblt560.jpg,late_blight,irish
D:\Potato\IrishPotato37G\healthy\healthy5448.jpg,healthy,irish
D:\Potato\IrishPotato37G\healthy\healthy2260.jpg,healthy,irish
D:\Potato\IrishPotato37G\healthy\healthy1919.jpg,healthy,irish
D:\Potato\IrishPotato37G\healthy\healthy2768.jpg,healthy,irish
D:\Potato\IrishPotato37G\healthy\healthy4365.jpg,healthy,irish
D:\Potato\IrishPotato37G\earlyblt\Earlyblt3256.jpg,early_blight,irish
D:\Potato\IrishPotato37G\lateblt\Lateblt2472.jpg,late_blight,irish
D:\Potato\IrishPotato37G\healthy\healthy3084.jpg,healthy,irish
D:\Potato\IrishPotato37G\lateblt\Lateblt719.jpg,late_blight,irish
D:\Potato\IrishPotato37G\earlyblt\Earlyblt1245.JPG,early_blight,irish
D:\Potato\IrishPotato37G\lateblt\Lateblt1648.jpg,late_blight,irish
D:\Potato\IrishPotato37G\healthy\healthy792.jpg,healthy,irish
D:\Potato\IrishPotato37G\healthy\healthy715.jpg,healthy,irish
D:\Potato\IrishPotato37G\earlyblt\Earlyblt6660.jpg,early_blight,irish
D:\Potato\IrishPotato37G\earlyblt\Earlyblt6744.jpg,early_blight,irish
D:\Potato\IrishPotato37G\lateblt\Lateblt593.jpg,late_blight,irish
D:\Potato\IrishPotato37G\lateblt\Lateblt162.jpg,late_blight,irish
D:\Potato\IrishPotato37G\earlyblt\Earlyblt1156.JPG,early_blight,irish
D:\Potato\IrishPotato37G\healthy\healthy5337.jpg,healthy,irish
D:\Potato\IrishPotato37G\healthy\healthy3762.jpg,healthy,irish
D:\Potato\IrishPotato37G\healthy\healthy3423.jpg,healthy,irish
D:\Potato\IrishPotato37G\healthy\healthy326.jpg,healthy,irish
D:\Potato\IrishPotato37G\healthy\healthy3039.jpg,healthy,irish
D:\Potato\IrishPotato37G\lateblt\Lateblt5023.jpg,late_blight,irish
D:\Potato\IrishPotato37G\lateblt\Lateblt1661.jpg,late_blight,irish
D:\Potato\IrishPotato37G\lateblt\Lateblt545.jpg,late_blight,irish
D:\Potato\IrishPotato37G\lateblt\Lateblt426.jpg,late_blight,irish
D:\Potato\IrishPotato37G\healthy\healthy2998.jpg,healthy,irish
D:\Potato\IrishPotato37G\healthy\healthy1687.jpg,healthy,irish
D:\Potato\IrishPotato37G\healthy\healthy5410.jpg,healthy,irish
D:\Potato\IrishPotato37G\lateblt\Lateblt238.jpg,late_blight,irish
D:\Potato\IrishPotato37G\earlyblt\Earlyblt6963.JPG,early_blight,irish
D:\Potato\IrishPotato37G\earlyblt\Earlyblt3056.JPG,early_blight,irish
D:\Potato\IrishPotato37G\lateblt\Lateblt526.jpg,late_blight,irish
D:\Potato\IrishPotato37G\healthy\healthy1923.jpg,healthy,irish
D:\Potato\IrishPotato37G\healthy\healthy1590.jpg,healthy,irish
D:\Potato\IrishPotato37G\earlyblt\Earlyblt3759.JPG,early_blight,irish
D:\Potato\IrishPotato37G\lateblt\Lateblt2518.jpg,late_blight,irish
D:\Potato\IrishPotato37G\healthy\healthy3611.jpg,healthy,irish
D:\Potato\IrishPotato37G\healthy\healthy3217.jpg,healthy,irish
D:\Potato\IrishPotato37G\earlyblt\Earlyblt1565.JPG,early_blight,irish
D:\Potato\IrishPotato37G\lateblt\Lateblt5036.jpg,late_blight,irish
D:\Potato\IrishPotato37G\lateblt\Lateblt2122.jpg,late_blight,irish
D:\Potato\IrishPotato37G\healthy\healthy72.jpg,healthy,irish
D:\Potato\IrishPotato37G\healthy\healthy4028.jpg,healthy,irish
D:\Potato\IrishPotato37G\earlyblt\Earlyblt2399.JPG,early_blight,irish
D:\Potato\IrishPotato37G\earlyblt\Earlyblt1455.JPG,early_blight,irish
D:\Potato\IrishPotato37G\healthy\healthy2060.jpg,healthy,irish
D:\Potato\IrishPotato37G\healthy\healthy54.jpg,healthy,irish
D:\Potato\IrishPotato37G\healthy\healthy211.jpg,healthy,irish
D:\Potato\IrishPotato37G\lateblt\Lateblt209.jpg,late_blight,irish
D:\Potato\IrishPotato37G\lateblt\Lateblt40.jpg,late_blight,irish
D:\Potato\IrishPotato37G\healthy\healthy5583.jpg,healthy,irish
D:\Potato\IrishPotato37G\healthy\healthy4895.jpg,healthy,irish
D:\Potato\IrishPotato37G\lateblt\Lateblt466.jpg,late_blight,irish
D:\Potato\IrishPotato37G\earlyblt\Earlyblt3360.jpg,early_blight,irish
D:\Potato\IrishPotato37G\earlyblt\Earlyblt2771.JPG,early_blight,irish
D:\Potato\IrishPotato37G\healthy\healthy5203.jpg,healthy,irish
D:\Potato\IrishPotato37G\healthy\healthy3159.jpg,healthy,irish
D:\Potato\IrishPotato37G\earlyblt\Earlyblt672.JPG,early_blight,irish
D:\Potato\IrishPotato37G\lateblt\Lateblt2941.jpg,late_blight,irish
D:\Potato\IrishPotato37G\healthy\healthy4052.jpg,healthy,irish
D:\Potato\IrishPotato37G\lateblt\Lateblt2317.jpg,late_blight,irish
D:\Potato\IrishPotato37G\healthy\healthy570.jpg,healthy,irish
D:\Potato\IrishPotato37G\earlyblt\Earlyblt2929.JPG,early_blight,irish
D:\Potato\IrishPotato37G\earlyblt\Earlyblt1231.JPG,early_blight,irish
D:\Potato\IrishPotato37G\earlyblt\Earlyblt3746.jpg,early_blight,irish
D:\Potato\IrishPotato37G\healthy\healthy900.jpg,healthy,irish
D:\Potato\IrishPotato37G\earlyblt\Earlyblt3738.jpg,early_blight,irish
D:\Potato\IrishPotato37G\healthy\healthy3268.jpg,healthy,irish
D:\Potato\IrishPotato37G\earlyblt\Earlyblt3301.jpg,early_blight,irish
D:\Potato\IrishPotato37G\earlyblt\Earlyblt1188.JPG,early_blight,irish
D:\Potato\IrishPotato37G\earlyblt\Earlyblt6147.JPG,early_blight,irish
D:\Potato\IrishPotato37G\lateblt\Lateblt1215.jpg,late_blight,irish
D:\Potato\IrishPotato37G\lateblt\Lateblt471.jpg,late_blight,irish
D:\Potato\IrishPotato37G\lateblt\Lateblt1614.jpg,late_blight,irish
D:\Potato\IrishPotato37G\healthy\healthy2596.jpg,healthy,irish
D:\Potato\IrishPotato37G\healthy\healthy1828.jpg,healthy,irish
D:\Potato\IrishPotato37G\earlyblt\Earlyblt3247.jpg,early_blight,irish
D:\Potato\IrishPotato37G\earlyblt\Earlyblt1538.JPG,early_blight,irish
D:\Potato\IrishPotato37G\healthy\healthy3310.jpg,healthy,irish
D:\Potato\IrishPotato37G\healthy\healthy2602.jpg,healthy,irish
D:\Potato\IrishPotato37G\earlyblt\Earlyblt2728.JPG,early_blight,irish
D:\Potato\IrishPotato37G\lateblt\Lateblt1907.jpg,late_blight,irish
D:\Potato\IrishPotato37G\earlyblt\Earlyblt2804.JPG,early_blight,irish
D:\Potato\IrishPotato37G\healthy\healthy763.jpg,healthy,irish
D:\Potato\IrishPotato37G\healthy\healthy2054.jpg,healthy,irish
D:\Potato\IrishPotato37G\lateblt\Lateblt2116.jpg,late_blight,irish
D:\Potato\IrishPotato37G\healthy\healthy4402.jpg,healthy,irish
D:\Potato\IrishPotato37G\healthy\healthy1132.jpg,healthy,irish
D:\Potato\IrishPotato37G\healthy\healthy3429.jpg,healthy,irish
D:\Potato\IrishPotato37G\earlyblt\Earlyblt2516.JPG,early_blight,irish
D:\Potato\IrishPotato37G\earlyblt\Earlyblt6205.jpg,early_blight,irish
D:\Potato\IrishPotato37G\earlyblt\Earlyblt6712.jpg,early_blight,irish
D:\Potato\IrishPotato37G\lateblt\Lateblt1777.jpg,late_blight,irish
D:\Potato\IrishPotato37G\lateblt\Lateblt1074.jpg,late_blight,irish
D:\Potato\IrishPotato37G\earlyblt\Earlyblt1944.JPG,early_blight,irish
D:\Potato\IrishPotato37G\healthy\healthy1135.jpg,healthy,irish
D:\Potato\IrishPotato37G\healthy\healthy3863.jpg,healthy,irish
D:\Potato\IrishPotato37G\healthy\healthy1024.jpg,healthy,irish
D:\Potato\IrishPotato37G\earlyblt\Earlyblt3181.jpg,early_blight,irish
D:\Potato\IrishPotato37G\healthy\healthy507.jpg,healthy,irish
D:\Potato\IrishPotato37G\lateblt\Lateblt1554.jpg,late_blight,irish
D:\Potato\IrishPotato37G\earlyblt\Earlyblt3451.jpg,early_blight,irish
D:\Potato\IrishPotato37G\healthy\healthy4878.jpg,healthy,irish
D:\Potato\IrishPotato37G\earlyblt\Earlyblt1375.JPG,early_blight,irish
D:\Potato\IrishPotato37G\lateblt\Lateblt419.jpg,late_blight,irish
D:\Potato\IrishPotato37G\lateblt\Lateblt503.jpg,late_blight,irish
D:\Potato\IrishPotato37G\lateblt\Lateblt2839.jpg,late_blight,irish
D:\Potato\IrishPotato37G\healthy\healthy2819.jpg,healthy,irish
D:\Potato\IrishPotato37G\healthy\healthy4951.jpg,healthy,irish
D:\Potato\IrishPotato37G\lateblt\Lateblt1864.jpg,late_blight,irish
D:\Potato\IrishPotato37G\earlyblt\Earlyblt1067.JPG,early_blight,irish
D:\Potato\IrishPotato37G\earlyblt\Earlyblt6751.jpg,early_blight,irish
D:\Potato\IrishPotato37G\lateblt\Lateblt1703.jpg,late_blight,irish
D:\Potato\IrishPotato37G\lateblt\Lateblt423.jpg,late_blight,irish
D:\Potato\IrishPotato37G\healthy\healthy990.jpg,healthy,irish
D:\Potato\IrishPotato37G\lateblt\Lateblt1880.jpg,late_blight,irish
D:\Potato\IrishPotato37G\earlyblt\Earlyblt591.JPG,early_blight,irish
D:\Potato\IrishPotato37G\healthy\healthy4678.jpg,healthy,irish
D:\Potato\IrishPotato37G\healthy\healthy3402.jpg,healthy,irish
D:\Potato\IrishPotato37G\lateblt\Lateblt445.jpg,late_blight,irish
D:\Potato\IrishPotato37G\earlyblt\Earlyblt48.JPG,early_blight,irish
D:\Potato\IrishPotato37G\healthy\healthy4597.jpg,healthy,irish
D:\Potato\IrishPotato37G\healthy\healthy2453.jpg,healthy,irish
D:\Potato\IrishPotato37G\earlyblt\Earlyblt1155.JPG,early_blight,irish
D:\Potato\IrishPotato37G\earlyblt\Earlyblt6693.jpg,early_blight,irish
D:\Potato\IrishPotato37G\lateblt\Lateblt2464.jpg,late_blight,irish
D:\Potato\IrishPotato37G\healthy\healthy1538.jpg,healthy,irish
D:\Potato\IrishPotato37G\earlyblt\Earlyblt931.JPG,early_blight,irish
D:\Potato\IrishPotato37G\lateblt\Lateblt5067.jpg,late_blight,irish
D:\Potato\IrishPotato37G\earlyblt\Earlyblt6570.JPG,early_blight,irish
D:\Potato\IrishPotato37G\lateblt\Lateblt1237.jpg,late_blight,irish
D:\Potato\IrishPotato37G\healthy\healthy3054.jpg,healthy,irish
D:\Potato\IrishPotato37G\earlyblt\Earlyblt2190.JPG,early_blight,irish
D:\Potato\IrishPotato37G\healthy\healthy3195.jpg,healthy,irish
D:\Potato\IrishPotato37G\healthy\healthy866.jpg,healthy,irish
D:\Potato\IrishPotato37G\lateblt\Lateblt13.jpg,late_blight,irish
D:\Potato\IrishPotato37G\earlyblt\Earlyblt2429.JPG,early_blight,irish
D:\Potato\IrishPotato37G\lateblt\Lateblt2.jpg,late_blight,irish
D:\Potato\IrishPotato37G\healthy\healthy656.jpg,healthy,irish
D:\Potato\IrishPotato37G\earlyblt\Earlyblt4974.jpg,early_blight,irish
D:\Potato\IrishPotato37G\lateblt\Lateblt912.jpg,late_blight,irish
D:\Potato\IrishPotato37G\lateblt\Lateblt1222.jpg,late_blight,irish
D:\Potato\IrishPotato37G\healthy\healthy1598.jpg,healthy,irish
D:\Potato\IrishPotato37G\earlyblt\Earlyblt2594.JPG,early_blight,irish
D:\Potato\IrishPotato37G\lateblt\Lateblt1069.jpg,late_blight,irish
D:\Potato\IrishPotato37G\healthy\healthy5062.jpg,healthy,irish
D:\Potato\IrishPotato37G\earlyblt\Earlyblt946.JPG,early_blight,irish
D:\Potato\IrishPotato37G\earlyblt\Earlyblt2571.JPG,early_blight,irish
D:\Potato\IrishPotato37G\healthy\healthy3237.jpg,healthy,irish
D:\Potato\IrishPotato37G\healthy\healthy5643.jpg,healthy,irish
D:\Potato\IrishPotato37G\earlyblt\Earlyblt586.JPG,early_blight,irish
D:\Potato\IrishPotato37G\healthy\healthy914.jpg,healthy,irish
D:\Potato\IrishPotato37G\lateblt\Lateblt1893.jpg,late_blight,irish
D:\Potato\IrishPotato37G\healthy\healthy682.jpg,healthy,irish
D:\Potato\IrishPotato37G\earlyblt\Earlyblt5959.JPG,early_blight,irish
D:\Potato\IrishPotato37G\healthy\healthy284.jpg,healthy,irish
D:\Potato\IrishPotato37G\healthy\healthy3114.jpg,healthy,irish
D:\Potato\IrishPotato37G\lateblt\Lateblt340.jpg,late_blight,irish
D:\Potato\IrishPotato37G\lateblt\Lateblt1757.jpg,late_blight,irish
D:\Potato\IrishPotato37G\healthy\healthy4064.jpg,healthy,irish
D:\Potato\IrishPotato37G\earlyblt\Earlyblt1260.JPG,early_blight,irish
D:\Potato\IrishPotato37G\lateblt\Lateblt156.jpg,late_blight,irish
D:\Potato\IrishPotato37G\earlyblt\Earlyblt6235.JPG,early_blight,irish
D:\Potato\IrishPotato37G\healthy\healthy1756.jpg,healthy,irish
D:\Potato\IrishPotato37G\lateblt\Lateblt550.jpg,late_blight,irish
D:\Potato\IrishPotato37G\healthy\healthy1465.jpg,healthy,irish
D:\Potato\IrishPotato37G\lateblt\Lateblt179.jpg,late_blight,irish
D:\Potato\IrishPotato37G\lateblt\Lateblt1104.jpg,late_blight,irish
D:\Potato\IrishPotato37G\healthy\healthy4216.jpg,healthy,irish
D:\Potato\IrishPotato37G\lateblt\Lateblt1544.jpg,late_blight,irish
D:\Potato\IrishPotato37G\healthy\healthy5139.jpg,healthy,irish
D:\Potato\IrishPotato37G\healthy\healthy4935.jpg,healthy,irish
D:\Potato\IrishPotato37G\earlyblt\Earlyblt1444.JPG,early_blight,irish
D:\Potato\IrishPotato37G\healthy\healthy5629.jpg,healthy,irish
D:\Potato\IrishPotato37G\lateblt\Lateblt1910.jpg,late_blight,irish
D:\Potato\IrishPotato37G\lateblt\Lateblt2519.jpg,late_blight,irish
D:\Potato\IrishPotato37G\lateblt\Lateblt701.jpg,late_blight,irish
D:\Potato\IrishPotato37G\healthy\healthy1225.jpg,healthy,irish
D:\Potato\IrishPotato37G\healthy\healthy3203.jpg,healthy,irish
D:\Potato\IrishPotato37G\lateblt\Lateblt2110.jpg,late_blight,irish
D:\Potato\IrishPotato37G\healthy\healthy2699.jpg,healthy,irish
D:\Potato\IrishPotato37G\earlyblt\Earlyblt2179.JPG,early_blight,irish
D:\Potato\IrishPotato37G\lateblt\Lateblt2752.jpg,late_blight,irish
D:\Potato\IrishPotato37G\lateblt\Lateblt2750.jpg,late_blight,irish
D:\Potato\IrishPotato37G\healthy\healthy4603.jpg,healthy,irish
D:\Potato\IrishPotato37G\lateblt\Lateblt1668.jpg,late_blight,irish
D:\Potato\IrishPotato37G\lateblt\Lateblt1128.jpg,late_blight,irish
D:\Potato\IrishPotato37G\lateblt\Lateblt125.jpg,late_blight,irish
D:\Potato\IrishPotato37G\lateblt\Lateblt2239.jpg,late_blight,irish
D:\Potato\IrishPotato37G\lateblt\Lateblt1211.jpg,late_blight,irish
D:\Potato\IrishPotato37G\earlyblt\Earlyblt6450.JPG,early_blight,irish
D:\Potato\IrishPotato37G\earlyblt\Earlyblt1493.JPG,early_blight,irish
D:\Potato\IrishPotato37G\healthy\healthy2571.jpg,healthy,irish
D:\Potato\IrishPotato37G\healthy\healthy5121.jpg,healthy,irish
D:\Potato\IrishPotato37G\healthy\healthy5027.jpg,healthy,irish
D:\Potato\IrishPotato37G\earlyblt\Earlyblt3607.jpg,early_blight,irish
D:\Potato\IrishPotato37G\earlyblt\Earlyblt2051.JPG,early_blight,irish
D:\Potato\IrishPotato37G\earlyblt\Earlyblt1537.JPG,early_blight,irish
D:\Potato\IrishPotato37G\earlyblt\Earlyblt2374.JPG,early_blight,irish
D:\Potato\IrishPotato37G\earlyblt\Earlyblt6098.jpg,early_blight,irish
D:\Potato\IrishPotato37G\earlyblt\Earlyblt4823.jpg,early_blight,irish
D:\Potato\IrishPotato37G\lateblt\Lateblt274.jpg,late_blight,irish
D:\Potato\IrishPotato37G\lateblt\Lateblt916.jpg,late_blight,irish
D:\Potato\IrishPotato37G\lateblt\Lateblt5018.jpg,late_blight,irish
D:\Potato\IrishPotato37G\lateblt\Lateblt2423.jpg,late_blight,irish
D:\Potato\IrishPotato37G\healthy\healthy1138.jpg,healthy,irish
D:\Potato\IrishPotato37G\earlyblt\Earlyblt3007.JPG,early_blight,irish
D:\Potato\IrishPotato37G\lateblt\Lateblt2340_1.jpg,late_blight,irish
D:\Potato\IrishPotato37G\earlyblt\Earlyblt3678.jpg,early_blight,irish
D:\Potato\IrishPotato37G\lateblt\Lateblt714.jpg,late_blight,irish
D:\Potato\IrishPotato37G\earlyblt\Earlyblt2653.JPG,early_blight,irish
D:\Potato\IrishPotato37G\lateblt\Lateblt1380.jpg,late_blight,irish
D:\Potato\IrishPotato37G\earlyblt\Earlyblt6909.JPG,early_blight,irish
D:\Potato\IrishPotato37G\healthy\healthy4287.jpg,healthy,irish
D:\Potato\IrishPotato37G\healthy\healthy3072.jpg,healthy,irish
D:\Potato\IrishPotato37G\healthy\healthy5601.jpg,healthy,irish
D:\Potato\IrishPotato37G\lateblt\Lateblt869.jpg,late_blight,irish
D:\Potato\IrishPotato37G\healthy\healthy3720.jpg,healthy,irish
D:\Potato\IrishPotato37G\lateblt\Lateblt1742.jpg,late_blight,irish
D:\Potato\IrishPotato37G\earlyblt\Earlyblt7007.JPG,early_blight,irish
D:\Potato\IrishPotato37G\lateblt\Lateblt14.jpg,late_blight,irish
D:\Potato\IrishPotato37G\healthy\healthy5183.jpg,healthy,irish
D:\Potato\IrishPotato37G\lateblt\Lateblt2652.jpg,late_blight,irish
D:\Potato\IrishPotato37G\healthy\healthy4087.jpg,healthy,irish
D:\Potato\IrishPotato37G\lateblt\Lateblt634.jpg,late_blight,irish
D:\Potato\IrishPotato37G\healthy\healthy5459.jpg,healthy,irish
D:\Potato\IrishPotato37G\lateblt\Lateblt189.jpg,late_blight,irish
D:\Potato\IrishPotato37G\lateblt\Lateblt298.jpg,late_blight,irish
D:\Potato\IrishPotato37G\earlyblt\Earlyblt4855.JPG,early_blight,irish
D:\Potato\IrishPotato37G\healthy\healthy5309.jpg,healthy,irish
D:\Potato\IrishPotato37G\lateblt\Lateblt1996.jpg,late_blight,irish
D:\Potato\IrishPotato37G\lateblt\Lateblt1797.jpg,late_blight,irish
D:\Potato\IrishPotato37G\earlyblt\Earlyblt3052.JPG,early_blight,irish
D:\Potato\IrishPotato37G\healthy\healthy1863.jpg,healthy,irish
D:\Potato\IrishPotato37G\earlyblt\Earlyblt4949.jpg,early_blight,irish
D:\Potato\IrishPotato37G\earlyblt\Earlyblt2311.JPG,early_blight,irish
D:\Potato\IrishPotato37G\healthy\healthy4955.jpg,healthy,irish
D:\Potato\IrishPotato37G\healthy\healthy2686.jpg,healthy,irish
D:\Potato\IrishPotato37G\lateblt\Lateblt591.jpg,late_blight,irish
D:\Potato\IrishPotato37G\healthy\healthy566.jpg,healthy,irish
D:\Potato\IrishPotato37G\lateblt\Lateblt1203.jpg,late_blight,irish
D:\Potato\IrishPotato37G\earlyblt\Earlyblt2360.JPG,early_blight,irish
D:\Potato\IrishPotato37G\earlyblt\Earlyblt2362.JPG,early_blight,irish
D:\Potato\IrishPotato37G\lateblt\Lateblt1384.jpg,late_blight,irish
D:\Potato\IrishPotato37G\earlyblt\Earlyblt4675.jpg,early_blight,irish
D:\Potato\IrishPotato37G\lateblt\Lateblt1261.jpg,late_blight,irish
D:\Potato\IrishPotato37G\healthy\healthy4232.jpg,healthy,irish
D:\Potato\IrishPotato37G\lateblt\Lateblt2541.jpg,late_blight,irish
D:\Potato\IrishPotato37G\healthy\healthy2847.jpg,healthy,irish
D:\Potato\IrishPotato37G\earlyblt\Earlyblt1280.JPG,early_blight,irish
D:\Potato\IrishPotato37G\lateblt\Lateblt128.jpg,late_blight,irish
D:\Potato\IrishPotato37G\earlyblt\Earlyblt6529.jpg,early_blight,irish
D:\Potato\IrishPotato37G\lateblt\Lateblt1375.jpg,late_blight,irish
D:\Potato\IrishPotato37G\healthy\healthy3277.jpg,healthy,irish
D:\Potato\IrishPotato37G\lateblt\Lateblt2180.jpg,late_blight,irish
D:\Potato\IrishPotato37G\healthy\healthy3019.jpg,healthy,irish
D:\Potato\IrishPotato37G\healthy\healthy661.jpg,healthy,irish
D:\Potato\IrishPotato37G\healthy\healthy5623.jpg,healthy,irish
D:\Potato\IrishPotato37G\earlyblt\Earlyblt2555.JPG,early_blight,irish
D:\Potato\IrishPotato37G\healthy\healthy4000.jpg,healthy,irish
D:\Potato\IrishPotato37G\lateblt\Lateblt39.jpg,late_blight,irish
D:\Potato\IrishPotato37G\lateblt\Lateblt2118.jpg,late_blight,irish
D:\Potato\IrishPotato37G\healthy\healthy1337.jpg,healthy,irish
D:\Potato\IrishPotato37G\lateblt\Lateblt734.jpg,late_blight,irish
D:\Potato\IrishPotato37G\earlyblt\Earlyblt2952.JPG,early_blight,irish
D:\Potato\IrishPotato37G\lateblt\Lateblt557.jpg,late_blight,irish
D:\Potato\IrishPotato37G\lateblt\Lateblt728.jpg,late_blight,irish
D:\Potato\IrishPotato37G\earlyblt\Earlyblt3472.jpg,early_blight,irish
D:\Potato\IrishPotato37G\earlyblt\Earlyblt747.JPG,early_blight,irish
D:\Potato\IrishPotato37G\earlyblt\Earlyblt445.JPG,early_blight,irish
D:\Potato\IrishPotato37G\healthy\healthy508.jpg,healthy,irish
D:\Potato\IrishPotato37G\lateblt\Lateblt1357.jpg,late_blight,irish
D:\Potato\IrishPotato37G\lateblt\Lateblt1657.jpg,late_blight,irish
D:\Potato\IrishPotato37G\healthy\healthy1494.jpg,healthy,irish
D:\Potato\IrishPotato37G\lateblt\Lateblt1173.jpg,late_blight,irish
D:\Potato\IrishPotato37G\healthy\healthy1005.jpg,healthy,irish
D:\Potato\IrishPotato37G\lateblt\Lateblt769.jpg,late_blight,irish
D:\Potato\IrishPotato37G\healthy\healthy612.jpg,healthy,irish
D:\Potato\IrishPotato37G\lateblt\Lateblt1110.jpg,late_blight,irish
D:\Potato\IrishPotato37G\healthy\healthy1090.jpg,healthy,irish
D:\Potato\IrishPotato37G\lateblt\Lateblt851.jpg,late_blight,irish
D:\Potato\IrishPotato37G\earlyblt\Earlyblt2507.JPG,early_blight,irish
D:\Potato\IrishPotato37G\healthy\healthy5611.jpg,healthy,irish
D:\Potato\IrishPotato37G\earlyblt\Earlyblt6275.JPG,early_blight,irish
D:\Potato\IrishPotato37G\healthy\healthy1625.jpg,healthy,irish
D:\Potato\IrishPotato37G\healthy\healthy150.jpg,healthy,irish
D:\Potato\IrishPotato37G\earlyblt\Earlyblt61.JPG,early_blight,irish
D:\Potato\IrishPotato37G\earlyblt\Earlyblt2301.JPG,early_blight,irish
D:\Potato\IrishPotato37G\earlyblt\Earlyblt1595.JPG,early_blight,irish
D:\Potato\IrishPotato37G\lateblt\Lateblt2204.jpg,late_blight,irish
D:\Potato\IrishPotato37G\lateblt\Lateblt772.jpg,late_blight,irish
D:\Potato\IrishPotato37G\earlyblt\Earlyblt3093.JPG,early_blight,irish
D:\Potato\IrishPotato37G\lateblt\Lateblt1037.jpg,late_blight,irish
D:\Potato\IrishPotato37G\lateblt\Lateblt1162.jpg,late_blight,irish
D:\Potato\IrishPotato37G\lateblt\Lateblt2067.jpg,late_blight,irish
D:\Potato\IrishPotato37G\earlyblt\Earlyblt991.JPG,early_blight,irish
D:\Potato\IrishPotato37G\healthy\healthy3096.jpg,healthy,irish
D:\Potato\IrishPotato37G\lateblt\Lateblt175.jpg,late_blight,irish
D:\Potato\IrishPotato37G\healthy\healthy1926.jpg,healthy,irish
D:\Potato\IrishPotato37G\earlyblt\Earlyblt2912.JPG,early_blight,irish
D:\Potato\IrishPotato37G\healthy\healthy1108.jpg,healthy,irish
D:\Potato\IrishPotato37G\earlyblt\Earlyblt2210.JPG,early_blight,irish
D:\Potato\IrishPotato37G\healthy\healthy2045.jpg,healthy,irish
D:\Potato\IrishPotato37G\earlyblt\Earlyblt2353.JPG,early_blight,irish
D:\Potato\IrishPotato37G\earlyblt\Earlyblt6871.JPG,early_blight,irish
D:\Potato\IrishPotato37G\earlyblt\Earlyblt37.JPG,early_blight,irish
D:\Potato\IrishPotato37G\lateblt\Lateblt2341.jpg,late_blight,irish
D:\Potato\IrishPotato37G\lateblt\Lateblt706.jpg,late_blight,irish
D:\Potato\IrishPotato37G\healthy\healthy4315.jpg,healthy,irish
D:\Potato\IrishPotato37G\earlyblt\Earlyblt3366.jpg,early_blight,irish
D:\Potato\IrishPotato37G\lateblt\Lateblt2252.jpg,late_blight,irish
D:\Potato\IrishPotato37G\healthy\healthy3487.jpg,healthy,irish
D:\Potato\IrishPotato37G\lateblt\Lateblt372.jpg,late_blight,irish
D:\Potato\IrishPotato37G\earlyblt\Earlyblt6917.JPG,early_blight,irish
D:\Potato\IrishPotato37G\lateblt\Lateblt5033.jpg,late_blight,irish
D:\Potato\IrishPotato37G\lateblt\Lateblt2910.jpg,late_blight,irish
D:\Potato\IrishPotato37G\lateblt\Lateblt2159.jpg,late_blight,irish
D:\Potato\IrishPotato37G\lateblt\Lateblt60.jpg,late_blight,irish
D:\Potato\IrishPotato37G\earlyblt\Earlyblt83.JPG,early_blight,irish
D:\Potato\IrishPotato37G\earlyblt\Earlyblt6122.jpg,early_blight,irish
D:\Potato\IrishPotato37G\lateblt\Lateblt601.jpg,late_blight,irish
D:\Potato\IrishPotato37G\earlyblt\Earlyblt6782.jpg,early_blight,irish
D:\Potato\IrishPotato37G\earlyblt\Earlyblt6512.jpg,early_blight,irish
D:\Potato\IrishPotato37G\healthy\healthy4005.jpg,healthy,irish
D:\Potato\IrishPotato37G\earlyblt\Earlyblt3774.jpg,early_blight,irish
D:\Potato\IrishPotato37G\lateblt\Lateblt374.jpg,late_blight,irish
D:\Potato\IrishPotato37G\lateblt\Lateblt1552.jpg,late_blight,irish
D:\Potato\IrishPotato37G\lateblt\Lateblt1564.jpg,late_blight,irish
D:\Potato\IrishPotato37G\healthy\healthy1936.jpg,healthy,irish
D:\Potato\IrishPotato37G\healthy\healthy4406.jpg,healthy,irish
D:\Potato\IrishPotato37G\healthy\healthy2236.jpg,healthy,irish
D:\Potato\IrishPotato37G\healthy\healthy5628.jpg,healthy,irish
D:\Potato\IrishPotato37G\lateblt\Lateblt553.jpg,late_blight,irish
D:\Potato\IrishPotato37G\earlyblt\Earlyblt2327.JPG,early_blight,irish
D:\Potato\IrishPotato37G\healthy\healthy5496.jpg,healthy,irish
D:\Potato\IrishPotato37G\healthy\healthy4502.jpg,healthy,irish
D:\Potato\IrishPotato37G\lateblt\Lateblt861.jpg,late_blight,irish
D:\Potato\IrishPotato37G\earlyblt\Earlyblt4794.JPG,early_blight,irish
D:\Potato\IrishPotato37G\lateblt\Lateblt562.jpg,late_blight,irish
D:\Potato\IrishPotato37G\lateblt\Lateblt823.jpg,late_blight,irish
D:\Potato\IrishPotato37G\lateblt\Lateblt2462.jpg,late_blight,irish
D:\Potato\IrishPotato37G\earlyblt\Earlyblt6868.JPG,early_blight,irish
D:\Potato\IrishPotato37G\earlyblt\Earlyblt5999.jpg,early_blight,irish
D:\Potato\IrishPotato37G\healthy\healthy1403.jpg,healthy,irish
D:\Potato\IrishPotato37G\healthy\healthy5097.jpg,healthy,irish
D:\Potato\IrishPotato37G\lateblt\Lateblt2975.jpg,late_blight,irish
D:\Potato\IrishPotato37G\earlyblt\Earlyblt2636.JPG,early_blight,irish
D:\Potato\IrishPotato37G\earlyblt\Earlyblt277.JPG,early_blight,irish
D:\Potato\IrishPotato37G\lateblt\Lateblt639.jpg,late_blight,irish
D:\Potato\IrishPotato37G\healthy\healthy404.jpg,healthy,irish
D:\Potato\IrishPotato37G\earlyblt\Earlyblt6586.jpg,early_blight,irish
D:\Potato\IrishPotato37G\lateblt\Lateblt2115.jpg,late_blight,irish
D:\Potato\IrishPotato37G\earlyblt\Earlyblt2991.JPG,early_blight,irish
D:\Potato\IrishPotato37G\earlyblt\Earlyblt920.JPG,early_blight,irish
D:\Potato\IrishPotato37G\lateblt\Lateblt1831.jpg,late_blight,irish
D:\Potato\IrishPotato37G\lateblt\Lateblt1853.jpg,late_blight,irish
D:\Potato\IrishPotato37G\lateblt\Lateblt1716.jpg,late_blight,irish
D:\Potato\IrishPotato37G\lateblt\Lateblt2878.jpg,late_blight,irish
D:\Potato\IrishPotato37G\lateblt\Lateblt5014.jpg,late_blight,irish
D:\Potato\IrishPotato37G\lateblt\Lateblt1435.jpg,late_blight,irish
D:\Potato\IrishPotato37G\healthy\healthy2639.jpg,healthy,irish
D:\Potato\IrishPotato37G\healthy\healthy744.jpg,healthy,irish
D:\Potato\IrishPotato37G\healthy\healthy3324.jpg,healthy,irish
D:\Potato\IrishPotato37G\lateblt\Lateblt2299.jpg,late_blight,irish
D:\Potato\IrishPotato37G\healthy\healthy3008.jpg,healthy,irish
D:\Potato\IrishPotato37G\healthy\healthy1586.jpg,healthy,irish
D:\Potato\IrishPotato37G\healthy\healthy1555.jpg,healthy,irish
D:\Potato\IrishPotato37G\healthy\healthy1900.jpg,healthy,irish
D:\Potato\IrishPotato37G\healthy\healthy1204.jpg,healthy,irish
D:\Potato\IrishPotato37G\earlyblt\Earlyblt6633.jpg,early_blight,irish
D:\Potato\IrishPotato37G\lateblt\Lateblt1189.jpg,late_blight,irish
D:\Potato\IrishPotato37G\lateblt\Lateblt505.jpg,late_blight,irish
D:\Potato\IrishPotato37G\earlyblt\Earlyblt1556.JPG,early_blight,irish
D:\Potato\IrishPotato37G\healthy\healthy1062.jpg,healthy,irish
D:\Potato\IrishPotato37G\earlyblt\Earlyblt1990.JPG,early_blight,irish
D:\Potato\IrishPotato37G\lateblt\Lateblt168.jpg,late_blight,irish
D:\Potato\IrishPotato37G\earlyblt\Earlyblt1138.JPG,early_blight,irish
D:\Potato\IrishPotato37G\lateblt\Lateblt960.jpg,late_blight,irish
D:\Potato\IrishPotato37G\earlyblt\Earlyblt400.JPG,early_blight,irish
D:\Potato\IrishPotato37G\lateblt\Lateblt1229.jpg,late_blight,irish
D:\Potato\IrishPotato37G\lateblt\Lateblt531.jpg,late_blight,irish
D:\Potato\IrishPotato37G\lateblt\Lateblt2315.jpg,late_blight,irish
D:\Potato\IrishPotato37G\earlyblt\Earlyblt3921.jpg,early_blight,irish
D:\Potato\IrishPotato37G\lateblt\Lateblt1760.jpg,late_blight,irish
D:\Potato\IrishPotato37G\earlyblt\Earlyblt1574.JPG,early_blight,irish
D:\Potato\IrishPotato37G\lateblt\Lateblt2731.jpg,late_blight,irish
D:\Potato\IrishPotato37G\healthy\healthy3899.jpg,healthy,irish
D:\Potato\IrishPotato37G\healthy\healthy4679.jpg,healthy,irish
D:\Potato\IrishPotato37G\earlyblt\Earlyblt2883.JPG,early_blight,irish
D:\Potato\IrishPotato37G\lateblt\Lateblt1113.jpg,late_blight,irish
D:\Potato\IrishPotato37G\healthy\healthy239.jpg,healthy,irish
D:\Potato\IrishPotato37G\earlyblt\Earlyblt686.JPG,early_blight,irish
D:\Potato\IrishPotato37G\lateblt\Lateblt1169.jpg,late_blight,irish
D:\Potato\IrishPotato37G\healthy\healthy1091.jpg,healthy,irish
D:\Potato\IrishPotato37G\earlyblt\Earlyblt6792.jpg,early_blight,irish
D:\Potato\IrishPotato37G\healthy\healthy3425.jpg,healthy,irish
D:\Potato\IrishPotato37G\lateblt\Lateblt1102.jpg,late_blight,irish
D:\Potato\IrishPotato37G\earlyblt\Earlyblt1106.JPG,early_blight,irish
D:\Potato\IrishPotato37G\lateblt\Lateblt2126.jpg,late_blight,irish
D:\Potato\IrishPotato37G\lateblt\Lateblt991.jpg,late_blight,irish
D:\Potato\IrishPotato37G\lateblt\Lateblt1383.jpg,late_blight,irish
D:\Potato\IrishPotato37G\healthy\healthy4262.jpg,healthy,irish
D:\Potato\IrishPotato37G\healthy\healthy3865.jpg,healthy,irish
D:\Potato\IrishPotato37G\lateblt\Lateblt290.jpg,late_blight,irish
D:\Potato\IrishPotato37G\earlyblt\Earlyblt3229.jpg,early_blight,irish
D:\Potato\IrishPotato37G\lateblt\Lateblt2170.jpg,late_blight,irish
D:\Potato\IrishPotato37G\earlyblt\Earlyblt3111.JPG,early_blight,irish
D:\Potato\IrishPotato37G\healthy\healthy2309.jpg,healthy,irish
D:\Potato\IrishPotato37G\earlyblt\Earlyblt6608.jpg,early_blight,irish
D:\Potato\IrishPotato37G\healthy\healthy2481.jpg,healthy,irish
D:\Potato\IrishPotato37G\earlyblt\Earlyblt2549.JPG,early_blight,irish
D:\Potato\IrishPotato37G\healthy\healthy3874.jpg,healthy,irish
D:\Potato\IrishPotato37G\healthy\healthy4183.jpg,healthy,irish
D:\Potato\IrishPotato37G\healthy\healthy3340.jpg,healthy,irish
D:\Potato\IrishPotato37G\lateblt\Lateblt2755.jpg,late_blight,irish
D:\Potato\IrishPotato37G\earlyblt\Earlyblt3340.jpg,early_blight,irish
D:\Potato\IrishPotato37G\healthy\healthy3326.jpg,healthy,irish
D:\Potato\IrishPotato37G\lateblt\Lateblt1952.jpg,late_blight,irish
D:\Potato\IrishPotato37G\healthy\healthy3820.jpg,healthy,irish
D:\Potato\IrishPotato37G\earlyblt\Earlyblt2673.JPG,early_blight,irish
D:\Potato\IrishPotato37G\lateblt\Lateblt620.jpg,late_blight,irish
D:\Potato\IrishPotato37G\earlyblt\Earlyblt3463.jpg,early_blight,irish
D:\Potato\IrishPotato37G\lateblt\Lateblt1942.jpg,late_blight,irish
D:\Potato\IrishPotato37G\earlyblt\Earlyblt4975.jpg,early_blight,irish
D:\Potato\IrishPotato37G\earlyblt\Earlyblt3112.JPG,early_blight,irish
D:\Potato\IrishPotato37G\lateblt\Lateblt2081.jpg,late_blight,irish
D:\Potato\IrishPotato37G\healthy\healthy1474.jpg,healthy,irish
D:\Potato\IrishPotato37G\earlyblt\Earlyblt1545.JPG,early_blight,irish
D:\Potato\IrishPotato37G\healthy\healthy3941.jpg,healthy,irish
D:\Potato\IrishPotato37G\earlyblt\Earlyblt897.JPG,early_blight,irish
D:\Potato\IrishPotato37G\healthy\healthy1282.jpg,healthy,irish
D:\Potato\IrishPotato37G\earlyblt\Earlyblt1416.JPG,early_blight,irish
D:\Potato\IrishPotato37G\earlyblt\Earlyblt2194.JPG,early_blight,irish
D:\Potato\IrishPotato37G\healthy\healthy3711.jpg,healthy,irish
D:\Potato\IrishPotato37G\healthy\healthy4119.jpg,healthy,irish
D:\Potato\IrishPotato37G\lateblt\Lateblt849.jpg,late_blight,irish
D:\Potato\IrishPotato37G\earlyblt\Earlyblt4722.JPG,early_blight,irish
D:\Potato\IrishPotato37G\lateblt\Lateblt2420.jpg,late_blight,irish
D:\Potato\IrishPotato37G\earlyblt\Earlyblt3694.jpg,early_blight,irish
D:\Potato\IrishPotato37G\lateblt\Lateblt420.jpg,late_blight,irish
D:\Potato\IrishPotato37G\healthy\healthy2713.jpg,healthy,irish
D:\Potato\IrishPotato37G\earlyblt\Earlyblt846.JPG,early_blight,irish
D:\Potato\IrishPotato37G\lateblt\Lateblt1751.jpg,late_blight,irish
D:\Potato\IrishPotato37G\lateblt\Lateblt2439_1.jpg,late_blight,irish
D:\Potato\IrishPotato37G\lateblt\Lateblt1024.jpg,late_blight,irish
D:\Potato\IrishPotato37G\healthy\healthy458.jpg,healthy,irish
D:\Potato\IrishPotato37G\lateblt\Lateblt2716.jpg,late_blight,irish
D:\Potato\IrishPotato37G\earlyblt\Earlyblt6745.jpg,early_blight,irish
D:\Potato\IrishPotato37G\healthy\healthy136.jpg,healthy,irish
D:\Potato\IrishPotato37G\earlyblt\Earlyblt840.JPG,early_blight,irish
D:\Potato\IrishPotato37G\healthy\healthy2520.jpg,healthy,irish
D:\Potato\IrishPotato37G\healthy\healthy4.jpg,healthy,irish
D:\Potato\IrishPotato37G\earlyblt\Earlyblt6949.JPG,early_blight,irish
D:\Potato\IrishPotato37G\lateblt\Lateblt932.jpg,late_blight,irish
D:\Potato\IrishPotato37G\lateblt\Lateblt990.jpg,late_blight,irish
D:\Potato\IrishPotato37G\healthy\healthy3273.jpg,healthy,irish
D:\Potato\IrishPotato37G\healthy\healthy2603.jpg,healthy,irish
D:\Potato\IrishPotato37G\healthy\healthy2545.jpg,healthy,irish
D:\Potato\IrishPotato37G\healthy\healthy5176.jpg,healthy,irish
D:\Potato\IrishPotato37G\lateblt\Lateblt1829.jpg,late_blight,irish
D:\Potato\IrishPotato37G\earlyblt\Earlyblt2558.JPG,early_blight,irish
D:\Potato\IrishPotato37G\earlyblt\Earlyblt5973.jpg,early_blight,irish
D:\Potato\IrishPotato37G\healthy\healthy1116.jpg,healthy,irish
D:\Potato\IrishPotato37G\lateblt\Lateblt2182.jpg,late_blight,irish
D:\Potato\IrishPotato37G\lateblt\Lateblt2147.jpg,late_blight,irish
D:\Potato\IrishPotato37G\lateblt\Lateblt2670.jpg,late_blight,irish
D:\Potato\IrishPotato37G\healthy\healthy823.jpg,healthy,irish
D:\Potato\IrishPotato37G\lateblt\Lateblt1228.jpg,late_blight,irish
D:\Potato\IrishPotato37G\healthy\healthy524.jpg,healthy,irish
D:\Potato\IrishPotato37G\healthy\healthy4124.jpg,healthy,irish
D:\Potato\IrishPotato37G\lateblt\Lateblt2605.jpg,late_blight,irish
D:\Potato\IrishPotato37G\healthy\healthy1703.jpg,healthy,irish
D:\Potato\IrishPotato37G\lateblt\Lateblt2935.jpg,late_blight,irish
D:\Potato\IrishPotato37G\lateblt\Lateblt1571.jpg,late_blight,irish
D:\Potato\IrishPotato37G\lateblt\Lateblt2333.jpg,late_blight,irish
D:\Potato\IrishPotato37G\healthy\healthy5310.jpg,healthy,irish
D:\Potato\IrishPotato37G\earlyblt\Earlyblt3216.jpg,early_blight,irish
D:\Potato\IrishPotato37G\lateblt\Lateblt2711.jpg,late_blight,irish
D:\Potato\IrishPotato37G\healthy\healthy2812.jpg,healthy,irish
D:\Potato\IrishPotato37G\lateblt\Lateblt2042.jpg,late_blight,irish
D:\Potato\IrishPotato37G\lateblt\Lateblt1869.jpg,late_blight,irish
D:\Potato\IrishPotato37G\earlyblt\Earlyblt3958.JPG,early_blight,irish
D:\Potato\IrishPotato37G\healthy\healthy2774.jpg,healthy,irish
D:\Potato\IrishPotato37G\lateblt\Lateblt1804.jpg,late_blight,irish
D:\Potato\IrishPotato37G\earlyblt\Earlyblt887.JPG,early_blight,irish
D:\Potato\IrishPotato37G\lateblt\Lateblt481.jpg,late_blight,irish
D:\Potato\IrishPotato37G\earlyblt\Earlyblt1391.JPG,early_blight,irish
D:\Potato\IrishPotato37G\lateblt\Lateblt366.jpg,late_blight,irish
D:\Potato\IrishPotato37G\lateblt\Lateblt1815.jpg,late_blight,irish
D:\Potato\IrishPotato37G\healthy\healthy187.jpg,healthy,irish
D:\Potato\IrishPotato37G\earlyblt\Earlyblt3018.JPG,early_blight,irish
D:\Potato\IrishPotato37G\earlyblt\Earlyblt418.JPG,early_blight,irish
D:\Potato\IrishPotato37G\lateblt\Lateblt1744.jpg,late_blight,irish
D:\Potato\IrishPotato37G\lateblt\Lateblt740.jpg,late_blight,irish
D:\Potato\IrishPotato37G\healthy\healthy2711.jpg,healthy,irish
D:\Potato\IrishPotato37G\healthy\healthy4302.jpg,healthy,irish
D:\Potato\IrishPotato37G\earlyblt\Earlyblt6544.jpg,early_blight,irish
D:\Potato\IrishPotato37G\lateblt\Lateblt5032.jpg,late_blight,irish
D:\Potato\IrishPotato37G\healthy\healthy2524.jpg,healthy,irish
D:\Potato\IrishPotato37G\healthy\healthy2130.jpg,healthy,irish
D:\Potato\IrishPotato37G\lateblt\Lateblt514.jpg,late_blight,irish
D:\Potato\IrishPotato37G\earlyblt\Earlyblt6631.jpg,early_blight,irish
D:\Potato\IrishPotato37G\lateblt\Lateblt2108.jpg,late_blight,irish
D:\Potato\IrishPotato37G\earlyblt\Earlyblt6394.JPG,early_blight,irish
D:\Potato\IrishPotato37G\healthy\healthy3067.jpg,healthy,irish
D:\Potato\IrishPotato37G\lateblt\Lateblt28.jpg,late_blight,irish
D:\Potato\IrishPotato37G\earlyblt\Earlyblt719.JPG,early_blight,irish
D:\Potato\IrishPotato37G\healthy\healthy2204.jpg,healthy,irish
D:\Potato\IrishPotato37G\lateblt\Lateblt818.jpg,late_blight,irish
D:\Potato\IrishPotato37G\earlyblt\Earlyblt3296.jpg,early_blight,irish
D:\Potato\IrishPotato37G\healthy\healthy5240.jpg,healthy,irish
D:\Potato\IrishPotato37G\lateblt\Lateblt2886.jpg,late_blight,irish
D:\Potato\IrishPotato37G\lateblt\Lateblt1120.jpg,late_blight,irish
D:\Potato\IrishPotato37G\healthy\healthy4996.jpg,healthy,irish
D:\Potato\IrishPotato37G\healthy\healthy2269.jpg,healthy,irish
D:\Potato\IrishPotato37G\lateblt\Lateblt1973.jpg,late_blight,irish
D:\Potato\IrishPotato37G\healthy\healthy2384.jpg,healthy,irish
D:\Potato\IrishPotato37G\healthy\healthy11.jpg,healthy,irish
D:\Potato\IrishPotato37G\earlyblt\Earlyblt6055.jpg,early_blight,irish
D:\Potato\IrishPotato37G\healthy\healthy1253.jpg,healthy,irish
D:\Potato\IrishPotato37G\lateblt\Lateblt1475.jpg,late_blight,irish
D:\Potato\IrishPotato37G\healthy\healthy1163.jpg,healthy,irish
D:\Potato\IrishPotato37G\earlyblt\Earlyblt1095.JPG,early_blight,irish
D:\Potato\IrishPotato37G\lateblt\Lateblt75.jpg,late_blight,irish
D:\Potato\IrishPotato37G\earlyblt\Earlyblt3.JPG,early_blight,irish
D:\Potato\IrishPotato37G\lateblt\Lateblt1875.jpg,late_blight,irish
D:\Potato\IrishPotato37G\healthy\healthy4274.jpg,healthy,irish
D:\Potato\IrishPotato37G\earlyblt\Earlyblt2767.JPG,early_blight,irish
D:\Potato\IrishPotato37G\lateblt\Lateblt2616.jpg,late_blight,irish
D:\Potato\IrishPotato37G\earlyblt\Earlyblt6375.JPG,early_blight,irish
D:\Potato\IrishPotato37G\lateblt\Lateblt2671.jpg,late_blight,irish
D:\Potato\IrishPotato37G\lateblt\Lateblt1943.jpg,late_blight,irish
D:\Potato\IrishPotato37G\earlyblt\Earlyblt6773.jpg,early_blight,irish
D:\Potato\IrishPotato37G\earlyblt\Earlyblt3287.JPG,early_blight,irish
D:\Potato\IrishPotato37G\healthy\healthy2824.jpg,healthy,irish
D:\Potato\IrishPotato37G\healthy\healthy107.jpg,healthy,irish
D:\Potato\IrishPotato37G\healthy\healthy5142.jpg,healthy,irish
D:\Potato\IrishPotato37G\healthy\healthy4194.jpg,healthy,irish
D:\Potato\IrishPotato37G\lateblt\Lateblt1134.jpg,late_blight,irish
D:\Potato\IrishPotato37G\earlyblt\Earlyblt541.JPG,early_blight,irish
D:\Potato\IrishPotato37G\lateblt\Lateblt2443.jpg,late_blight,irish
D:\Potato\IrishPotato37G\healthy\healthy1167.jpg,healthy,irish
D:\Potato\IrishPotato37G\earlyblt\Earlyblt2077.JPG,early_blight,irish
D:\Potato\IrishPotato37G\healthy\healthy5323.jpg,healthy,irish
D:\Potato\IrishPotato37G\lateblt\Lateblt203.jpg,late_blight,irish
D:\Potato\IrishPotato37G\earlyblt\Earlyblt4910.jpg,early_blight,irish
D:\Potato\IrishPotato37G\lateblt\Lateblt1480.jpg,late_blight,irish
D:\Potato\IrishPotato37G\earlyblt\Earlyblt1194.JPG,early_blight,irish
D:\Potato\IrishPotato37G\lateblt\Lateblt2474.jpg,late_blight,irish
D:\Potato\IrishPotato37G\healthy\healthy1916.jpg,healthy,irish
D:\Potato\IrishPotato37G\lateblt\Lateblt1584.jpg,late_blight,irish
D:\Potato\IrishPotato37G\earlyblt\Earlyblt1795.JPG,early_blight,irish
D:\Potato\IrishPotato37G\lateblt\Lateblt2235.jpg,late_blight,irish
D:\Potato\IrishPotato37G\earlyblt\Earlyblt1070.JPG,early_blight,irish
D:\Potato\IrishPotato37G\earlyblt\Earlyblt5953.jpg,early_blight,irish
D:\Potato\IrishPotato37G\earlyblt\Earlyblt2264.JPG,early_blight,irish
D:\Potato\IrishPotato37G\lateblt\Lateblt2337.jpg,late_blight,irish
D:\Potato\IrishPotato37G\lateblt\Lateblt699.jpg,late_blight,irish
D:\Potato\IrishPotato37G\earlyblt\Earlyblt819.JPG,early_blight,irish
D:\Potato\IrishPotato37G\lateblt\Lateblt1114.jpg,late_blight,irish
D:\Potato\IrishPotato37G\earlyblt\Earlyblt3554.jpg,early_blight,irish
D:\Potato\IrishPotato37G\earlyblt\Earlyblt58.JPG,early_blight,irish
D:\Potato\IrishPotato37G\lateblt\Lateblt892.jpg,late_blight,irish
D:\Potato\IrishPotato37G\lateblt\Lateblt80.jpg,late_blight,irish
D:\Potato\IrishPotato37G\lateblt\Lateblt362.jpg,late_blight,irish
D:\Potato\IrishPotato37G\healthy\healthy1459.jpg,healthy,irish
D:\Potato\IrishPotato37G\earlyblt\Earlyblt658.jpg,early_blight,irish
D:\Potato\IrishPotato37G\lateblt\Lateblt1450.jpg,late_blight,irish
D:\Potato\IrishPotato37G\healthy\healthy3260.jpg,healthy,irish
D:\Potato\IrishPotato37G\earlyblt\Earlyblt1747.JPG,early_blight,irish
D:\Potato\IrishPotato37G\lateblt\Lateblt1101.jpg,late_blight,irish
D:\Potato\IrishPotato37G\healthy\healthy2673.jpg,healthy,irish
D:\Potato\IrishPotato37G\healthy\healthy2224.jpg,healthy,irish
D:\Potato\IrishPotato37G\lateblt\Lateblt1151.jpg,late_blight,irish
D:\Potato\IrishPotato37G\lateblt\Lateblt1366.jpg,late_blight,irish
D:\Potato\IrishPotato37G\healthy\healthy2159.jpg,healthy,irish
D:\Potato\IrishPotato37G\lateblt\Lateblt1690.jpg,late_blight,irish
D:\Potato\IrishPotato37G\lateblt\Lateblt2189.jpg,late_blight,irish
D:\Potato\IrishPotato37G\earlyblt\Earlyblt1478.JPG,early_blight,irish
D:\Potato\IrishPotato37G\healthy\healthy518.jpg,healthy,irish
D:\Potato\IrishPotato37G\earlyblt\Earlyblt6685.jpg,early_blight,irish
D:\Potato\IrishPotato37G\earlyblt\Earlyblt394.JPG,early_blight,irish
D:\Potato\IrishPotato37G\healthy\healthy1842.jpg,healthy,irish
D:\Potato\IrishPotato37G\earlyblt\Earlyblt6246.JPG,early_blight,irish
D:\Potato\IrishPotato37G\healthy\healthy263.jpg,healthy,irish
D:\Potato\IrishPotato37G\lateblt\Lateblt530.jpg,late_blight,irish
D:\Potato\IrishPotato37G\earlyblt\Earlyblt2060.JPG,early_blight,irish
D:\Potato\IrishPotato37G\healthy\healthy4932.jpg,healthy,irish
D:\Potato\IrishPotato37G\lateblt\Lateblt413.jpg,late_blight,irish
D:\Potato\IrishPotato37G\earlyblt\Earlyblt3150.jpg,early_blight,irish
D:\Potato\IrishPotato37G\lateblt\Lateblt519.jpg,late_blight,irish
D:\Potato\IrishPotato37G\lateblt\Lateblt2034.jpg,late_blight,irish
D:\Potato\IrishPotato37G\earlyblt\Earlyblt3182.jpg,early_blight,irish
D:\Potato\IrishPotato37G\earlyblt\Earlyblt467.JPG,early_blight,irish
D:\Potato\IrishPotato37G\healthy\healthy5391.jpg,healthy,irish
D:\Potato\IrishPotato37G\lateblt\Lateblt2668.jpg,late_blight,irish
D:\Potato\IrishPotato37G\healthy\healthy837.jpg,healthy,irish
D:\Potato\IrishPotato37G\earlyblt\Earlyblt2160.JPG,early_blight,irish
D:\Potato\IrishPotato37G\lateblt\Lateblt1985.jpg,late_blight,irish
D:\Potato\IrishPotato37G\earlyblt\Earlyblt760.JPG,early_blight,irish
D:\Potato\IrishPotato37G\lateblt\Lateblt1515.jpg,late_blight,irish
D:\Potato\IrishPotato37G\lateblt\Lateblt51.jpg,late_blight,irish
D:\Potato\IrishPotato37G\earlyblt\Earlyblt6849.JPG,early_blight,irish
D:\Potato\IrishPotato37G\earlyblt\Earlyblt974.JPG,early_blight,irish
D:\Potato\IrishPotato37G\earlyblt\Earlyblt2829.JPG,early_blight,irish
D:\Potato\IrishPotato37G\healthy\healthy1486.jpg,healthy,irish
D:\Potato\IrishPotato37G\earlyblt\Earlyblt1983.JPG,early_blight,irish
D:\Potato\IrishPotato37G\earlyblt\Earlyblt2769.JPG,early_blight,irish
D:\Potato\IrishPotato37G\healthy\healthy138.jpg,healthy,irish
D:\Potato\IrishPotato37G\earlyblt\Earlyblt1603.JPG,early_blight,irish
D:\Potato\IrishPotato37G\healthy\healthy620.jpg,healthy,irish
D:\Potato\IrishPotato37G\healthy\healthy1440.jpg,healthy,irish
D:\Potato\IrishPotato37G\lateblt\Lateblt831.jpg,late_blight,irish
D:\Potato\IrishPotato37G\lateblt\Lateblt1709.jpg,late_blight,irish
D:\Potato\IrishPotato37G\healthy\healthy889.jpg,healthy,irish
D:\Potato\IrishPotato37G\healthy\healthy5298.jpg,healthy,irish
D:\Potato\IrishPotato37G\earlyblt\Earlyblt2254.JPG,early_blight,irish
D:\Potato\IrishPotato37G\earlyblt\Earlyblt908.JPG,early_blight,irish
D:\Potato\IrishPotato37G\earlyblt\Earlyblt1120.JPG,early_blight,irish
D:\Potato\IrishPotato37G\earlyblt\Earlyblt1457.JPG,early_blight,irish
D:\Potato\IrishPotato37G\earlyblt\Earlyblt54.JPG,early_blight,irish
D:\Potato\IrishPotato37G\healthy\healthy4358.jpg,healthy,irish
D:\Potato\IrishPotato37G\lateblt\Lateblt2240.jpg,late_blight,irish
D:\Potato\IrishPotato37G\lateblt\Lateblt1329.jpg,late_blight,irish
D:\Potato\IrishPotato37G\lateblt\Lateblt1009.jpg,late_blight,irish
D:\Potato\IrishPotato37G\earlyblt\Earlyblt6220.jpg,early_blight,irish
D:\Potato\IrishPotato37G\earlyblt\Earlyblt2200.JPG,early_blight,irish
D:\Potato\IrishPotato37G\earlyblt\Earlyblt2820.JPG,early_blight,irish
D:\Potato\IrishPotato37G\healthy\healthy1398.jpg,healthy,irish
D:\Potato\IrishPotato37G\earlyblt\Earlyblt336.JPG,early_blight,irish
D:\Potato\IrishPotato37G\earlyblt\Earlyblt3081.JPG,early_blight,irish
D:\Potato\IrishPotato37G\lateblt\Lateblt2684.jpg,late_blight,irish
D:\Potato\IrishPotato37G\healthy\healthy4579.jpg,healthy,irish
D:\Potato\IrishPotato37G\lateblt\Lateblt402.jpg,late_blight,irish
D:\Potato\IrishPotato37G\healthy\healthy1099.jpg,healthy,irish
D:\Potato\IrishPotato37G\healthy\healthy1561.jpg,healthy,irish
D:\Potato\IrishPotato37G\earlyblt\Earlyblt6358.JPG,early_blight,irish
D:\Potato\IrishPotato37G\healthy\healthy167.jpg,healthy,irish
D:\Potato\IrishPotato37G\lateblt\Lateblt1139.jpg,late_blight,irish
D:\Potato\IrishPotato37G\healthy\healthy318.jpg,healthy,irish
D:\Potato\IrishPotato37G\earlyblt\Earlyblt314.JPG,early_blight,irish
D:\Potato\IrishPotato37G\healthy\healthy4608.jpg,healthy,irish
D:\Potato\IrishPotato37G\earlyblt\Earlyblt1020.JPG,early_blight,irish
D:\Potato\IrishPotato37G\lateblt\Lateblt1568.jpg,late_blight,irish
D:\Potato\IrishPotato37G\healthy\healthy3345.jpg,healthy,irish
D:\Potato\IrishPotato37G\healthy\healthy704.jpg,healthy,irish
D:\Potato\IrishPotato37G\earlyblt\Earlyblt6351.JPG,early_blight,irish
D:\Potato\IrishPotato37G\healthy\healthy3943.jpg,healthy,irish
D:\Potato\IrishPotato37G\lateblt\Lateblt1087.jpg,late_blight,irish
D:\Potato\IrishPotato37G\earlyblt\Earlyblt3928.jpg,early_blight,irish
D:\Potato\IrishPotato37G\healthy\healthy703.jpg,healthy,irish
D:\Potato\IrishPotato37G\earlyblt\Earlyblt3727.jpg,early_blight,irish
D:\Potato\IrishPotato37G\lateblt\Lateblt982.jpg,late_blight,irish
D:\Potato\IrishPotato37G\earlyblt\Earlyblt3038.JPG,early_blight,irish
D:\Potato\IrishPotato37G\earlyblt\Earlyblt3385.jpg,early_blight,irish
D:\Potato\IrishPotato37G\lateblt\Lateblt2640.jpg,late_blight,irish
D:\Potato\IrishPotato37G\earlyblt\Earlyblt2988.JPG,early_blight,irish
D:\Potato\IrishPotato37G\healthy\healthy5555.jpg,healthy,irish
D:\Potato\IrishPotato37G\earlyblt\Earlyblt159.JPG,early_blight,irish
D:\Potato\IrishPotato37G\earlyblt\Earlyblt3279.jpg,early_blight,irish
D:\Potato\IrishPotato37G\healthy\healthy1591.jpg,healthy,irish
D:\Potato\IrishPotato37G\earlyblt\Earlyblt6711.jpg,early_blight,irish
D:\Potato\IrishPotato37G\healthy\healthy5190.jpg,healthy,irish
D:\Potato\IrishPotato37G\earlyblt\Earlyblt2611.JPG,early_blight,irish
D:\Potato\IrishPotato37G\healthy\healthy177.jpg,healthy,irish
D:\Potato\IrishPotato37G\lateblt\Lateblt1117.jpg,late_blight,irish
D:\Potato\IrishPotato37G\lateblt\Lateblt1318.jpg,late_blight,irish
D:\Potato\IrishPotato37G\lateblt\Lateblt2368.jpg,late_blight,irish
D:\Potato\IrishPotato37G\lateblt\Lateblt2167.jpg,late_blight,irish
D:\Potato\IrishPotato37G\healthy\healthy3329.jpg,healthy,irish
D:\Potato\IrishPotato37G\earlyblt\Earlyblt6307.JPG,early_blight,irish
D:\Potato\IrishPotato37G\lateblt\Lateblt873.jpg,late_blight,irish
D:\Potato\IrishPotato37G\lateblt\Lateblt1622.jpg,late_blight,irish
D:\Potato\IrishPotato37G\healthy\healthy5548.jpg,healthy,irish
D:\Potato\IrishPotato37G\lateblt\Lateblt335.jpg,late_blight,irish
D:\Potato\IrishPotato37G\healthy\healthy3409.jpg,healthy,irish
D:\Potato\IrishPotato37G\lateblt\Lateblt378.jpg,late_blight,irish
D:\Potato\IrishPotato37G\healthy\healthy642.jpg,healthy,irish
D:\Potato\IrishPotato37G\lateblt\Lateblt1124.jpg,late_blight,irish
D:\Potato\IrishPotato37G\earlyblt\Earlyblt3183.jpg,early_blight,irish
D:\Potato\IrishPotato37G\healthy\healthy4267.jpg,healthy,irish
D:\Potato\IrishPotato37G\healthy\healthy4705.jpg,healthy,irish
D:\Potato\IrishPotato37G\earlyblt\Earlyblt3425.jpg,early_blight,irish
D:\Potato\IrishPotato37G\lateblt\Lateblt2155.jpg,late_blight,irish
D:\Potato\IrishPotato37G\earlyblt\Earlyblt516.JPG,early_blight,irish
D:\Potato\IrishPotato37G\earlyblt\Earlyblt3429.jpg,early_blight,irish
D:\Potato\IrishPotato37G\lateblt\Lateblt5019.jpg,late_blight,irish
D:\Potato\IrishPotato37G\earlyblt\Earlyblt1610.JPG,early_blight,irish
D:\Potato\IrishPotato37G\lateblt\Lateblt1107.jpg,late_blight,irish
D:\Potato\IrishPotato37G\healthy\healthy2888.jpg,healthy,irish
D:\Potato\IrishPotato37G\earlyblt\Earlyblt3768.jpg,early_blight,irish
D:\Potato\IrishPotato37G\earlyblt\Earlyblt5943.jpg,early_blight,irish
D:\Potato\IrishPotato37G\earlyblt\Earlyblt4907.jpg,early_blight,irish
D:\Potato\IrishPotato37G\lateblt\Lateblt245.jpg,late_blight,irish
D:\Potato\IrishPotato37G\lateblt\Lateblt1618.jpg,late_blight,irish
D:\Potato\IrishPotato37G\healthy\healthy3816.jpg,healthy,irish
D:\Potato\IrishPotato37G\earlyblt\Earlyblt1635.JPG,early_blight,irish
D:\Potato\IrishPotato37G\lateblt\Lateblt2956.jpg,late_blight,irish
D:\Potato\IrishPotato37G\lateblt\Lateblt1082.jpg,late_blight,irish
D:\Potato\IrishPotato37G\lateblt\Lateblt1718.jpg,late_blight,irish
D:\Potato\IrishPotato37G\earlyblt\Earlyblt4864.jpg,early_blight,irish
D:\Potato\IrishPotato37G\earlyblt\Earlyblt2090.JPG,early_blight,irish
D:\Potato\IrishPotato37G\earlyblt\Earlyblt2265.JPG,early_blight,irish
D:\Potato\IrishPotato37G\healthy\healthy2988.jpg,healthy,irish
D:\Potato\IrishPotato37G\lateblt\Lateblt1470.jpg,late_blight,irish
D:\Potato\IrishPotato37G\lateblt\Lateblt2274.jpg,late_blight,irish
D:\Potato\IrishPotato37G\healthy\healthy1786.jpg,healthy,irish
D:\Potato\IrishPotato37G\lateblt\Lateblt442.jpg,late_blight,irish
D:\Potato\IrishPotato37G\earlyblt\Earlyblt859.JPG,early_blight,irish
D:\Potato\IrishPotato37G\healthy\healthy4875.jpg,healthy,irish
D:\Potato\IrishPotato37G\healthy\healthy855.jpg,healthy,irish
D:\Potato\IrishPotato37G\earlyblt\Earlyblt6699.jpg,early_blight,irish
D:\Potato\IrishPotato37G\healthy\healthy3133.jpg,healthy,irish
D:\Potato\IrishPotato37G\healthy\healthy5257.jpg,healthy,irish
D:\Potato\IrishPotato37G\healthy\healthy4463.jpg,healthy,irish
D:\Potato\IrishPotato37G\lateblt\Lateblt576.jpg,late_blight,irish
D:\Potato\IrishPotato37G\healthy\healthy2827.jpg,healthy,irish
D:\Potato\IrishPotato37G\healthy\healthy5281.jpg,healthy,irish
D:\Potato\IrishPotato37G\lateblt\Lateblt1184.jpg,late_blight,irish
D:\Potato\IrishPotato37G\lateblt\Lateblt255.jpg,late_blight,irish
D:\Potato\IrishPotato37G\lateblt\Lateblt2448.jpg,late_blight,irish
D:\Potato\IrishPotato37G\earlyblt\Earlyblt3077.JPG,early_blight,irish
D:\Potato\IrishPotato37G\healthy\healthy3204.jpg,healthy,irish
D:\Potato\IrishPotato37G\healthy\healthy4094.jpg,healthy,irish
D:\Potato\IrishPotato37G\healthy\healthy1986.jpg,healthy,irish
D:\Potato\IrishPotato37G\earlyblt\Earlyblt2092.JPG,early_blight,irish
D:\Potato\IrishPotato37G\earlyblt\Earlyblt1753.JPG,early_blight,irish
D:\Potato\IrishPotato37G\lateblt\Lateblt2606.jpg,late_blight,irish
D:\Potato\IrishPotato37G\healthy\healthy229.jpg,healthy,irish
D:\Potato\IrishPotato37G\healthy\healthy1569.jpg,healthy,irish
D:\Potato\IrishPotato37G\healthy\healthy4684.jpg,healthy,irish
D:\Potato\IrishPotato37G\healthy\healthy5034.jpg,healthy,irish
D:\Potato\IrishPotato37G\healthy\healthy2879.jpg,healthy,irish
D:\Potato\IrishPotato37G\earlyblt\Earlyblt6219.jpg,early_blight,irish
D:\Potato\IrishPotato37G\lateblt\Lateblt789.jpg,late_blight,irish
D:\Potato\IrishPotato37G\earlyblt\Earlyblt1434.JPG,early_blight,irish
D:\Potato\IrishPotato37G\lateblt\Lateblt654.jpg,late_blight,irish
D:\Potato\IrishPotato37G\healthy\healthy425.jpg,healthy,irish
D:\Potato\IrishPotato37G\healthy\healthy3351.jpg,healthy,irish
D:\Potato\IrishPotato37G\healthy\healthy3101.jpg,healthy,irish
D:\Potato\IrishPotato37G\healthy\healthy726.jpg,healthy,irish
D:\Potato\IrishPotato37G\healthy\healthy4244.jpg,healthy,irish
D:\Potato\IrishPotato37G\healthy\healthy3875.jpg,healthy,irish
D:\Potato\IrishPotato37G\lateblt\Lateblt2070.jpg,late_blight,irish
D:\Potato\IrishPotato37G\earlyblt\Earlyblt4718.JPG,early_blight,irish
D:\Potato\IrishPotato37G\lateblt\Lateblt1072.jpg,late_blight,irish
D:\Potato\IrishPotato37G\healthy\healthy5432.jpg,healthy,irish
D:\Potato\IrishPotato37G\earlyblt\Earlyblt1785.JPG,early_blight,irish
D:\Potato\IrishPotato37G\healthy\healthy5507.jpg,healthy,irish
D:\Potato\IrishPotato37G\healthy\healthy815.jpg,healthy,irish
D:\Potato\IrishPotato37G\lateblt\Lateblt5064.jpg,late_blight,irish
D:\Potato\IrishPotato37G\earlyblt\Earlyblt623.jpg,early_blight,irish
D:\Potato\IrishPotato37G\healthy\healthy5289.jpg,healthy,irish
D:\Potato\IrishPotato37G\lateblt\Lateblt1984.jpg,late_blight,irish
D:\Potato\IrishPotato37G\healthy\healthy4830.jpg,healthy,irish
D:\Potato\IrishPotato37G\earlyblt\Earlyblt1004.JPG,early_blight,irish
D:\Potato\IrishPotato37G\healthy\healthy2671.jpg,healthy,irish
D:\Potato\IrishPotato37G\lateblt\Lateblt2014.jpg,late_blight,irish
D:\Potato\IrishPotato37G\lateblt\Lateblt1978.jpg,late_blight,irish
D:\Potato\IrishPotato37G\lateblt\Lateblt917.jpg,late_blight,irish
D:\Potato\IrishPotato37G\earlyblt\Earlyblt6427.JPG,early_blight,irish
D:\Potato\IrishPotato37G\healthy\healthy5157.jpg,healthy,irish
D:\Potato\IrishPotato37G\lateblt\Lateblt2334_1.jpg,late_blight,irish
D:\Potato\IrishPotato37G\healthy\healthy630.jpg,healthy,irish
D:\Potato\IrishPotato37G\healthy\healthy2554.jpg,healthy,irish
D:\Potato\IrishPotato37G\earlyblt\Earlyblt6171.JPG,early_blight,irish
D:\Potato\IrishPotato37G\lateblt\Lateblt276.jpg,late_blight,irish
D:\Potato\IrishPotato37G\earlyblt\Earlyblt1570.JPG,early_blight,irish
D:\Potato\IrishPotato37G\earlyblt\Earlyblt767.JPG,early_blight,irish
D:\Potato\IrishPotato37G\earlyblt\Earlyblt743.JPG,early_blight,irish
D:\Potato\IrishPotato37G\healthy\healthy3593.jpg,healthy,irish
D:\Potato\IrishPotato37G\earlyblt\Earlyblt1885.JPG,early_blight,irish
D:\Potato\IrishPotato37G\earlyblt\Earlyblt4928.jpg,early_blight,irish
D:\Potato\IrishPotato37G\earlyblt\Earlyblt115.JPG,early_blight,irish
D:\Potato\IrishPotato37G\earlyblt\Earlyblt289.JPG,early_blight,irish
D:\Potato\IrishPotato37G\earlyblt\Earlyblt79.JPG,early_blight,irish
D:\Potato\IrishPotato37G\healthy\healthy5454.jpg,healthy,irish
D:\Potato\IrishPotato37G\earlyblt\Earlyblt605.JPG,early_blight,irish
D:\Potato\IrishPotato37G\healthy\healthy4157.jpg,healthy,irish
D:\Potato\IrishPotato37G\healthy\healthy5340.jpg,healthy,irish
D:\Potato\IrishPotato37G\healthy\healthy4572.jpg,healthy,irish
D:\Potato\IrishPotato37G\healthy\healthy3706.jpg,healthy,irish
D:\Potato\IrishPotato37G\lateblt\Lateblt2847.jpg,late_blight,irish
D:\Potato\IrishPotato37G\lateblt\Lateblt2224.jpg,late_blight,irish
D:\Potato\IrishPotato37G\healthy\healthy795.jpg,healthy,irish
D:\Potato\IrishPotato37G\healthy\healthy2022.jpg,healthy,irish
D:\Potato\IrishPotato37G\healthy\healthy2013.jpg,healthy,irish
D:\Potato\IrishPotato37G\healthy\healthy2428.jpg,healthy,irish
D:\Potato\IrishPotato37G\lateblt\Lateblt859.jpg,late_blight,irish
D:\Potato\IrishPotato37G\healthy\healthy432.jpg,healthy,irish
D:\Potato\IrishPotato37G\healthy\healthy1318.jpg,healthy,irish
D:\Potato\IrishPotato37G\lateblt\Lateblt2489.jpg,late_blight,irish
D:\Potato\IrishPotato37G\lateblt\Lateblt295.jpg,late_blight,irish
D:\Potato\IrishPotato37G\healthy\healthy3357.jpg,healthy,irish
D:\Potato\IrishPotato37G\lateblt\Lateblt1487.jpg,late_blight,irish
D:\Potato\IrishPotato37G\earlyblt\Earlyblt709.JPG,early_blight,irish
D:\Potato\IrishPotato37G\healthy\healthy3561.jpg,healthy,irish
D:\Potato\IrishPotato37G\lateblt\Lateblt5020.jpg,late_blight,irish
D:\Potato\IrishPotato37G\lateblt\Lateblt1467.jpg,late_blight,irish
D:\Potato\IrishPotato37G\earlyblt\Earlyblt6580.jpg,early_blight,irish
D:\Potato\IrishPotato37G\earlyblt\Earlyblt1794.JPG,early_blight,irish
D:\Potato\IrishPotato37G\lateblt\Lateblt1289.jpg,late_blight,irish
D:\Potato\IrishPotato37G\healthy\healthy2032.jpg,healthy,irish
D:\Potato\IrishPotato37G\earlyblt\Earlyblt2201.JPG,early_blight,irish
D:\Potato\IrishPotato37G\earlyblt\Earlyblt2285.JPG,early_blight,irish
D:\Potato\IrishPotato37G\healthy\healthy2962.jpg,healthy,irish
D:\Potato\IrishPotato37G\earlyblt\Earlyblt6265.JPG,early_blight,irish
D:\Potato\IrishPotato37G\earlyblt\Earlyblt1593.JPG,early_blight,irish
D:\Potato\IrishPotato37G\earlyblt\Earlyblt6352.JPG,early_blight,irish
D:\Potato\IrishPotato37G\earlyblt\Earlyblt6681.jpg,early_blight,irish
D:\Potato\IrishPotato37G\healthy\healthy430.jpg,healthy,irish
D:\Potato\IrishPotato37G\earlyblt\Earlyblt4915.jpg,early_blight,irish
D:\Potato\IrishPotato37G\healthy\healthy1789.jpg,healthy,irish
D:\Potato\IrishPotato37G\lateblt\Lateblt981.jpg,late_blight,irish
D:\Potato\IrishPotato37G\healthy\healthy2012.jpg,healthy,irish
D:\Potato\IrishPotato37G\healthy\healthy5562.jpg,healthy,irish
D:\Potato\IrishPotato37G\earlyblt\Earlyblt3803.jpg,early_blight,irish
D:\Potato\IrishPotato37G\earlyblt\Earlyblt6797.jpg,early_blight,irish
D:\Potato\IrishPotato37G\earlyblt\Earlyblt906.JPG,early_blight,irish
D:\Potato\IrishPotato37G\healthy\healthy278.jpg,healthy,irish
D:\Potato\IrishPotato37G\earlyblt\Earlyblt2280.JPG,early_blight,irish
D:\Potato\IrishPotato37G\lateblt\Lateblt2480.jpg,late_blight,irish
D:\Potato\IrishPotato37G\earlyblt\Earlyblt6100.jpg,early_blight,irish
D:\Potato\IrishPotato37G\lateblt\Lateblt2648.jpg,late_blight,irish
D:\Potato\IrishPotato37G\earlyblt\Earlyblt1622.JPG,early_blight,irish
D:\Potato\IrishPotato37G\earlyblt\Earlyblt235.JPG,early_blight,irish
D:\Potato\IrishPotato37G\lateblt\Lateblt647.jpg,late_blight,irish
D:\Potato\IrishPotato37G\healthy\healthy3214.jpg,healthy,irish
D:\Potato\IrishPotato37G\healthy\healthy1443.jpg,healthy,irish
D:\Potato\IrishPotato37G\lateblt\Lateblt101.jpg,late_blight,irish
D:\Potato\IrishPotato37G\lateblt\Lateblt2281.jpg,late_blight,irish
D:\Potato\IrishPotato37G\healthy\healthy2452.jpg,healthy,irish
D:\Potato\IrishPotato37G\healthy\healthy3624.jpg,healthy,irish
D:\Potato\IrishPotato37G\lateblt\Lateblt182.jpg,late_blight,irish
D:\Potato\IrishPotato37G\lateblt\Lateblt2187.jpg,late_blight,irish
D:\Potato\IrishPotato37G\earlyblt\Earlyblt76.JPG,early_blight,irish
D:\Potato\IrishPotato37G\earlyblt\Earlyblt3128.JPG,early_blight,irish
D:\Potato\IrishPotato37G\earlyblt\Earlyblt310.JPG,early_blight,irish
D:\Potato\IrishPotato37G\lateblt\Lateblt35.jpg,late_blight,irish
D:\Potato\IrishPotato37G\healthy\healthy5346.jpg,healthy,irish
D:\Potato\IrishPotato37G\earlyblt\Earlyblt3113.JPG,early_blight,irish
D:\Potato\IrishPotato37G\earlyblt\Earlyblt2259.JPG,early_blight,irish
D:\Potato\IrishPotato37G\lateblt\Lateblt1664.jpg,late_blight,irish
D:\Potato\IrishPotato37G\earlyblt\Earlyblt3713.jpg,early_blight,irish
D:\Potato\IrishPotato37G\lateblt\Lateblt830.jpg,late_blight,irish
D:\Potato\IrishPotato37G\lateblt\Lateblt1240.jpg,late_blight,irish
D:\Potato\IrishPotato37G\lateblt\Lateblt1193.jpg,late_blight,irish
D:\Potato\IrishPotato37G\lateblt\Lateblt1414.jpg,late_blight,irish
D:\Potato\IrishPotato37G\earlyblt\Earlyblt3625.jpg,early_blight,irish
D:\Potato\IrishPotato37G\lateblt\Lateblt2255.jpg,late_blight,irish
D:\Potato\IrishPotato37G\lateblt\Lateblt1699.jpg,late_blight,irish
D:\Potato\IrishPotato37G\healthy\healthy4098.jpg,healthy,irish
D:\Potato\IrishPotato37G\earlyblt\Earlyblt2920.JPG,early_blight,irish
D:\Potato\IrishPotato37G\earlyblt\Earlyblt6318.JPG,early_blight,irish
D:\Potato\IrishPotato37G\earlyblt\Earlyblt114.JPG,early_blight,irish
D:\Potato\IrishPotato37G\lateblt\Lateblt811.jpg,late_blight,irish
D:\Potato\IrishPotato37G\earlyblt\Earlyblt585.JPG,early_blight,irish
D:\Potato\IrishPotato37G\lateblt\Lateblt1180.jpg,late_blight,irish
D:\Potato\IrishPotato37G\lateblt\Lateblt2369.jpg,late_blight,irish
D:\Potato\IrishPotato37G\healthy\healthy3686.jpg,healthy,irish
D:\Potato\IrishPotato37G\lateblt\Lateblt2085.jpg,late_blight,irish
D:\Potato\IrishPotato37G\lateblt\Lateblt1546.jpg,late_blight,irish
D:\Potato\IrishPotato37G\earlyblt\Earlyblt3384.jpg,early_blight,irish
D:\Potato\IrishPotato37G\earlyblt\Earlyblt2080.JPG,early_blight,irish
D:\Potato\IrishPotato37G\healthy\healthy4024.jpg,healthy,irish
D:\Potato\IrishPotato37G\lateblt\Lateblt684.jpg,late_blight,irish
D:\Potato\IrishPotato37G\earlyblt\Earlyblt3664.jpg,early_blight,irish
D:\Potato\IrishPotato37G\lateblt\Lateblt444.jpg,late_blight,irish
D:\Potato\IrishPotato37G\earlyblt\Earlyblt5911.jpg,early_blight,irish
D:\Potato\IrishPotato37G\lateblt\Lateblt172.jpg,late_blight,irish
D:\Potato\IrishPotato37G\earlyblt\Earlyblt549.JPG,early_blight,irish
D:\Potato\IrishPotato37G\healthy\healthy5234.jpg,healthy,irish
D:\Potato\IrishPotato37G\lateblt\Lateblt1793.jpg,late_blight,irish
D:\Potato\IrishPotato37G\earlyblt\Earlyblt1815.JPG,early_blight,irish
D:\Potato\IrishPotato37G\earlyblt\Earlyblt1437.JPG,early_blight,irish
D:\Potato\IrishPotato37G\healthy\healthy3646.jpg,healthy,irish
D:\Potato\IrishPotato37G\healthy\healthy5420.jpg,healthy,irish
D:\Potato\IrishPotato37G\healthy\healthy1126.jpg,healthy,irish
D:\Potato\IrishPotato37G\lateblt\Lateblt1439.jpg,late_blight,irish
D:\Potato\IrishPotato37G\lateblt\Lateblt346.jpg,late_blight,irish
D:\Potato\IrishPotato37G\lateblt\Lateblt2493.jpg,late_blight,irish
D:\Potato\IrishPotato37G\healthy\healthy5002.jpg,healthy,irish
D:\Potato\IrishPotato37G\healthy\healthy84.jpg,healthy,irish
D:\Potato\IrishPotato37G\earlyblt\Earlyblt3116.JPG,early_blight,irish
D:\Potato\IrishPotato37G\healthy\healthy571.jpg,healthy,irish
D:\Potato\IrishPotato37G\healthy\healthy2392.jpg,healthy,irish
D:\Potato\IrishPotato37G\lateblt\Lateblt611.jpg,late_blight,irish
D:\Potato\IrishPotato37G\lateblt\Lateblt1601.jpg,late_blight,irish
D:\Potato\IrishPotato37G\lateblt\Lateblt1851.jpg,late_blight,irish
D:\Potato\IrishPotato37G\earlyblt\Earlyblt3562.jpg,early_blight,irish
D:\Potato\IrishPotato37G\lateblt\Lateblt1307.jpg,late_blight,irish
D:\Potato\IrishPotato37G\healthy\healthy3029.jpg,healthy,irish
D:\Potato\IrishPotato37G\healthy\healthy2388.jpg,healthy,irish
D:\Potato\IrishPotato37G\healthy\healthy2173.jpg,healthy,irish
D:\Potato\IrishPotato37G\lateblt\Lateblt1335.jpg,late_blight,irish
D:\Potato\IrishPotato37G\healthy\healthy5457.jpg,healthy,irish
D:\Potato\IrishPotato37G\healthy\healthy423.jpg,healthy,irish
D:\Potato\IrishPotato37G\earlyblt\Earlyblt126.JPG,early_blight,irish
D:\Potato\IrishPotato37G\earlyblt\Earlyblt5888.jpg,early_blight,irish
D:\Potato\IrishPotato37G\lateblt\Lateblt1248.jpg,late_blight,irish
D:\Potato\IrishPotato37G\earlyblt\Earlyblt6442.JPG,early_blight,irish
D:\Potato\IrishPotato37G\healthy\healthy3435.jpg,healthy,irish
D:\Potato\IrishPotato37G\earlyblt\Earlyblt961.JPG,early_blight,irish
D:\Potato\IrishPotato37G\earlyblt\Earlyblt253.JPG,early_blight,irish
D:\Potato\IrishPotato37G\lateblt\Lateblt2030.jpg,late_blight,irish
D:\Potato\IrishPotato37G\earlyblt\Earlyblt391.JPG,early_blight,irish
D:\Potato\IrishPotato37G\healthy\healthy2977.jpg,healthy,irish
D:\Potato\IrishPotato37G\earlyblt\Earlyblt482.JPG,early_blight,irish
D:\Potato\IrishPotato37G\healthy\healthy4163.jpg,healthy,irish
D:\Potato\IrishPotato37G\lateblt\Lateblt2880.jpg,late_blight,irish
D:\Potato\IrishPotato37G\healthy\healthy4238.jpg,healthy,irish
D:\Potato\IrishPotato37G\healthy\healthy3106.jpg,healthy,irish
D:\Potato\IrishPotato37G\healthy\healthy1188.jpg,healthy,irish
D:\Potato\IrishPotato37G\earlyblt\Earlyblt3622.jpg,early_blight,irish
D:\Potato\IrishPotato37G\lateblt\Lateblt2444.jpg,late_blight,irish
D:\Potato\IrishPotato37G\earlyblt\Earlyblt1203.JPG,early_blight,irish
D:\Potato\IrishPotato37G\healthy\healthy894.jpg,healthy,irish
D:\Potato\IrishPotato37G\healthy\healthy1607.jpg,healthy,irish
D:\Potato\IrishPotato37G\healthy\healthy418.jpg,healthy,irish
D:\Potato\IrishPotato37G\earlyblt\Earlyblt3959.jpg,early_blight,irish
D:\Potato\IrishPotato37G\healthy\healthy1624.jpg,healthy,irish
D:\Potato\IrishPotato37G\healthy\healthy1391.jpg,healthy,irish
D:\Potato\IrishPotato37G\lateblt\Lateblt1663.jpg,late_blight,irish
D:\Potato\IrishPotato37G\healthy\healthy737.jpg,healthy,irish
D:\Potato\IrishPotato37G\healthy\healthy2975.jpg,healthy,irish
D:\Potato\IrishPotato37G\lateblt\Lateblt184.jpg,late_blight,irish
D:\Potato\IrishPotato37G\healthy\healthy1954.jpg,healthy,irish
D:\Potato\IrishPotato37G\healthy\healthy1061.jpg,healthy,irish
D:\Potato\IrishPotato37G\earlyblt\Earlyblt968.JPG,early_blight,irish
D:\Potato\IrishPotato37G\healthy\healthy678.jpg,healthy,irish
D:\Potato\IrishPotato37G\lateblt\Lateblt43.jpg,late_blight,irish
D:\Potato\IrishPotato37G\healthy\healthy2341.jpg,healthy,irish
D:\Potato\IrishPotato37G\earlyblt\Earlyblt6321.JPG,early_blight,irish
D:\Potato\IrishPotato37G\healthy\healthy3990.jpg,healthy,irish
D:\Potato\IrishPotato37G\earlyblt\Earlyblt3835.jpg,early_blight,irish
D:\Potato\IrishPotato37G\earlyblt\Earlyblt6121.jpg,early_blight,irish
D:\Potato\IrishPotato37G\healthy\healthy980.jpg,healthy,irish
D:\Potato\IrishPotato37G\healthy\healthy2338.jpg,healthy,irish
D:\Potato\IrishPotato37G\lateblt\Lateblt2824.jpg,late_blight,irish
D:\Potato\IrishPotato37G\lateblt\Lateblt724.jpg,late_blight,irish
D:\Potato\IrishPotato37G\healthy\healthy3165.jpg,healthy,irish
D:\Potato\IrishPotato37G\lateblt\Lateblt447.jpg,late_blight,irish
D:\Potato\IrishPotato37G\lateblt\Lateblt452.jpg,late_blight,irish
D:\Potato\IrishPotato37G\lateblt\Lateblt1118.jpg,late_blight,irish
D:\Potato\IrishPotato37G\healthy\healthy3812.jpg,healthy,irish
D:\Potato\IrishPotato37G\lateblt\Lateblt555.jpg,late_blight,irish
D:\Potato\IrishPotato37G\earlyblt\Earlyblt2585.JPG,early_blight,irish
D:\Potato\IrishPotato37G\healthy\healthy5344.jpg,healthy,irish
D:\Potato\IrishPotato37G\lateblt\Lateblt2720.jpg,late_blight,irish
D:\Potato\IrishPotato37G\lateblt\Lateblt2138.jpg,late_blight,irish
D:\Potato\IrishPotato37G\lateblt\Lateblt1774.jpg,late_blight,irish
D:\Potato\IrishPotato37G\lateblt\Lateblt470.jpg,late_blight,irish
D:\Potato\IrishPotato37G\healthy\healthy1084.jpg,healthy,irish
D:\Potato\IrishPotato37G\healthy\healthy3811.jpg,healthy,irish
D:\Potato\IrishPotato37G\earlyblt\Earlyblt7021.JPG,early_blight,irish
D:\Potato\IrishPotato37G\healthy\healthy1819.jpg,healthy,irish
D:\Potato\IrishPotato37G\healthy\healthy1447.jpg,healthy,irish
D:\Potato\IrishPotato37G\healthy\healthy4075.jpg,healthy,irish
D:\Potato\IrishPotato37G\lateblt\Lateblt88.jpg,late_blight,irish
D:\Potato\IrishPotato37G\lateblt\Lateblt2849.jpg,late_blight,irish
D:\Potato\IrishPotato37G\earlyblt\Earlyblt107.JPG,early_blight,irish
D:\Potato\IrishPotato37G\earlyblt\Earlyblt3171.jpg,early_blight,irish
D:\Potato\IrishPotato37G\lateblt\Lateblt1704.jpg,late_blight,irish
D:\Potato\IrishPotato37G\lateblt\Lateblt1551.jpg,late_blight,irish
D:\Potato\IrishPotato37G\healthy\healthy4725.jpg,healthy,irish
D:\Potato\IrishPotato37G\healthy\healthy3511.jpg,healthy,irish
D:\Potato\IrishPotato37G\healthy\healthy4501.jpg,healthy,irish
D:\Potato\IrishPotato37G\earlyblt\Earlyblt2262.JPG,early_blight,irish
D:\Potato\IrishPotato37G\lateblt\Lateblt2298.jpg,late_blight,irish
D:\Potato\IrishPotato37G\healthy\healthy1835.jpg,healthy,irish
D:\Potato\IrishPotato37G\earlyblt\Earlyblt353.JPG,early_blight,irish
D:\Potato\IrishPotato37G\healthy\healthy1038.jpg,healthy,irish
D:\Potato\IrishPotato37G\earlyblt\Earlyblt3212.jpg,early_blight,irish
D:\Potato\IrishPotato37G\lateblt\Lateblt1434.jpg,late_blight,irish
D:\Potato\IrishPotato37G\healthy\healthy197.jpg,healthy,irish
D:\Potato\IrishPotato37G\healthy\healthy1220.jpg,healthy,irish
D:\Potato\IrishPotato37G\lateblt\Lateblt956.jpg,late_blight,irish
D:\Potato\IrishPotato37G\healthy\healthy2100.jpg,healthy,irish
D:\Potato\IrishPotato37G\lateblt\Lateblt2643.jpg,late_blight,irish
D:\Potato\IrishPotato37G\lateblt\Lateblt1199.jpg,late_blight,irish
D:\Potato\IrishPotato37G\lateblt\Lateblt107.jpg,late_blight,irish
D:\Potato\IrishPotato37G\healthy\healthy5349.jpg,healthy,irish
D:\Potato\IrishPotato37G\lateblt\Lateblt2745.jpg,late_blight,irish
D:\Potato\IrishPotato37G\earlyblt\Earlyblt4772.JPG,early_blight,irish
D:\Potato\IrishPotato37G\lateblt\Lateblt2882.jpg,late_blight,irish
D:\Potato\IrishPotato37G\lateblt\Lateblt559.jpg,late_blight,irish
D:\Potato\IrishPotato37G\earlyblt\Earlyblt6164.JPG,early_blight,irish
D:\Potato\IrishPotato37G\healthy\healthy849.jpg,healthy,irish
D:\Potato\IrishPotato37G\healthy\healthy1054.jpg,healthy,irish
D:\Potato\IrishPotato37G\healthy\healthy3040.jpg,healthy,irish
D:\Potato\IrishPotato37G\lateblt\Lateblt1071.jpg,late_blight,irish
D:\Potato\IrishPotato37G\earlyblt\Earlyblt568.JPG,early_blight,irish
D:\Potato\IrishPotato37G\earlyblt\Earlyblt3801.jpg,early_blight,irish
D:\Potato\IrishPotato37G\earlyblt\Earlyblt4819.JPG,early_blight,irish
D:\Potato\IrishPotato37G\healthy\healthy4739.jpg,healthy,irish
D:\Potato\IrishPotato37G\lateblt\Lateblt1569.jpg,late_blight,irish
D:\Potato\IrishPotato37G\lateblt\Lateblt1842.jpg,late_blight,irish
D:\Potato\IrishPotato37G\healthy\healthy2893.jpg,healthy,irish
D:\Potato\IrishPotato37G\healthy\healthy2228.jpg,healthy,irish
D:\Potato\IrishPotato37G\lateblt\Lateblt1257.jpg,late_blight,irish
D:\Potato\IrishPotato37G\healthy\healthy2767.jpg,healthy,irish
D:\Potato\IrishPotato37G\earlyblt\Earlyblt843.JPG,early_blight,irish
D:\Potato\IrishPotato37G\healthy\healthy1667.jpg,healthy,irish
D:\Potato\IrishPotato37G\healthy\healthy4316.jpg,healthy,irish
D:\Potato\IrishPotato37G\lateblt\Lateblt767.jpg,late_blight,irish
D:\Potato\IrishPotato37G\lateblt\Lateblt2192.jpg,late_blight,irish
D:\Potato\IrishPotato37G\healthy\healthy2358.jpg,healthy,irish
D:\Potato\IrishPotato37G\lateblt\Lateblt953.jpg,late_blight,irish
D:\Potato\IrishPotato37G\earlyblt\Earlyblt2793.JPG,early_blight,irish
D:\Potato\IrishPotato37G\lateblt\Lateblt731.jpg,late_blight,irish
D:\Potato\IrishPotato37G\healthy\healthy3528.jpg,healthy,irish
D:\Potato\IrishPotato37G\healthy\healthy4819.jpg,healthy,irish
D:\Potato\IrishPotato37G\lateblt\Lateblt1428.jpg,late_blight,irish
D:\Potato\IrishPotato37G\earlyblt\Earlyblt347.JPG,early_blight,irish
D:\Potato\IrishPotato37G\lateblt\Lateblt2050.jpg,late_blight,irish
D:\Potato\IrishPotato37G\healthy\healthy3940.jpg,healthy,irish
D:\Potato\IrishPotato37G\earlyblt\Earlyblt6604.jpg,early_blight,irish
D:\Potato\IrishPotato37G\lateblt\Lateblt1426.jpg,late_blight,irish
D:\Potato\IrishPotato37G\healthy\healthy66.jpg,healthy,irish
D:\Potato\IrishPotato37G\healthy\healthy1575.jpg,healthy,irish
D:\Potato\IrishPotato37G\earlyblt\Earlyblt6297.JPG,early_blight,irish
D:\Potato\IrishPotato37G\healthy\healthy3851.jpg,healthy,irish
D:\Potato\IrishPotato37G\healthy\healthy4310.jpg,healthy,irish
D:\Potato\IrishPotato37G\earlyblt\Earlyblt4916.JPG,early_blight,irish
D:\Potato\IrishPotato37G\healthy\healthy5069.jpg,healthy,irish
D:\Potato\IrishPotato37G\lateblt\Lateblt73.jpg,late_blight,irish
D:\Potato\IrishPotato37G\lateblt\Lateblt2779.jpg,late_blight,irish
D:\Potato\IrishPotato37G\lateblt\Lateblt205.jpg,late_blight,irish
D:\Potato\IrishPotato37G\lateblt\Lateblt2669.jpg,late_blight,irish
D:\Potato\IrishPotato37G\lateblt\Lateblt702.jpg,late_blight,irish
D:\Potato\IrishPotato37G\earlyblt\Earlyblt4991.JPG,early_blight,irish
D:\Potato\IrishPotato37G\lateblt\Lateblt433.jpg,late_blight,irish
D:\Potato\IrishPotato37G\earlyblt\Earlyblt723.JPG,early_blight,irish
D:\Potato\IrishPotato37G\healthy\healthy3099.jpg,healthy,irish
D:\Potato\IrishPotato37G\earlyblt\Earlyblt3571.jpg,early_blight,irish
D:\Potato\IrishPotato37G\earlyblt\Earlyblt2743.JPG,early_blight,irish
D:\Potato\IrishPotato37G\healthy\healthy3211.jpg,healthy,irish
D:\Potato\IrishPotato37G\healthy\healthy3530.jpg,healthy,irish
D:\Potato\IrishPotato37G\healthy\healthy3046.jpg,healthy,irish
D:\Potato\IrishPotato37G\lateblt\Lateblt2171.jpg,late_blight,irish
D:\Potato\IrishPotato37G\lateblt\Lateblt2555.jpg,late_blight,irish
D:\Potato\IrishPotato37G\lateblt\Lateblt138.jpg,late_blight,irish
D:\Potato\IrishPotato37G\lateblt\Lateblt2438.jpg,late_blight,irish
D:\Potato\IrishPotato37G\lateblt\Lateblt1531.jpg,late_blight,irish
D:\Potato\IrishPotato37G\earlyblt\Earlyblt5985.jpg,early_blight,irish
D:\Potato\IrishPotato37G\earlyblt\Earlyblt2452.JPG,early_blight,irish
D:\Potato\IrishPotato37G\healthy\healthy5268.jpg,healthy,irish
D:\Potato\IrishPotato37G\healthy\healthy2864.jpg,healthy,irish
D:\Potato\IrishPotato37G\lateblt\Lateblt1613.jpg,late_blight,irish
D:\Potato\IrishPotato37G\healthy\healthy2282.jpg,healthy,irish
D:\Potato\IrishPotato37G\earlyblt\Earlyblt1752.JPG,early_blight,irish
D:\Potato\IrishPotato37G\lateblt\Lateblt1914.jpg,late_blight,irish
D:\Potato\IrishPotato37G\earlyblt\Earlyblt2202.JPG,early_blight,irish
D:\Potato\IrishPotato37G\healthy\healthy1932.jpg,healthy,irish
D:\Potato\IrishPotato37G\healthy\healthy2526.jpg,healthy,irish
D:\Potato\IrishPotato37G\lateblt\Lateblt2376.jpg,late_blight,irish
D:\Potato\IrishPotato37G\lateblt\Lateblt2636.jpg,late_blight,irish
D:\Potato\IrishPotato37G\healthy\healthy5012.jpg,healthy,irish
D:\Potato\IrishPotato37G\earlyblt\Earlyblt807.JPG,early_blight,irish
D:\Potato\IrishPotato37G\lateblt\Lateblt370.jpg,late_blight,irish
D:\Potato\IrishPotato37G\healthy\healthy2098.jpg,healthy,irish
D:\Potato\IrishPotato37G\lateblt\Lateblt2961.jpg,late_blight,irish
D:\Potato\IrishPotato37G\healthy\healthy2235.jpg,healthy,irish
D:\Potato\IrishPotato37G\lateblt\Lateblt1692.jpg,late_blight,irish
D:\Potato\IrishPotato37G\lateblt\Lateblt115.jpg,late_blight,irish
D:\Potato\IrishPotato37G\healthy\healthy4851.jpg,healthy,irish
D:\Potato\IrishPotato37G\lateblt\Lateblt1137.jpg,late_blight,irish
D:\Potato\IrishPotato37G\lateblt\Lateblt2269.jpg,late_blight,irish
D:\Potato\IrishPotato37G\earlyblt\Earlyblt2687.JPG,early_blight,irish
D:\Potato\IrishPotato37G\lateblt\Lateblt2409.jpg,late_blight,irish
D:\Potato\IrishPotato37G\earlyblt\Earlyblt3418.jpg,early_blight,irish
D:\Potato\IrishPotato37G\earlyblt\Earlyblt804.JPG,early_blight,irish
D:\Potato\IrishPotato37G\lateblt\Lateblt2908.jpg,late_blight,irish
D:\Potato\IrishPotato37G\lateblt\Lateblt1633.jpg,late_blight,irish
D:\Potato\IrishPotato37G\earlyblt\Earlyblt830.JPG,early_blight,irish
D:\Potato\IrishPotato37G\earlyblt\Earlyblt3323.jpg,early_blight,irish
D:\Potato\IrishPotato37G\lateblt\Lateblt331.jpg,late_blight,irish
D:\Potato\IrishPotato37G\lateblt\Lateblt2875.jpg,late_blight,irish
D:\Potato\IrishPotato37G\lateblt\Lateblt1081.jpg,late_blight,irish
D:\Potato\IrishPotato37G\healthy\healthy3265.jpg,healthy,irish
D:\Potato\IrishPotato37G\healthy\healthy275.jpg,healthy,irish
D:\Potato\IrishPotato37G\lateblt\Lateblt2197.jpg,late_blight,irish
D:\Potato\IrishPotato37G\earlyblt\Earlyblt5913.jpg,early_blight,irish
D:\Potato\IrishPotato37G\healthy\healthy1031.jpg,healthy,irish
D:\Potato\IrishPotato37G\lateblt\Lateblt2401.jpg,late_blight,irish
D:\Potato\IrishPotato37G\lateblt\Lateblt2679.jpg,late_blight,irish
D:\Potato\IrishPotato37G\healthy\healthy4128.jpg,healthy,irish
D:\Potato\IrishPotato37G\lateblt\Lateblt1363.jpg,late_blight,irish
D:\Potato\IrishPotato37G\healthy\healthy605.jpg,healthy,irish
D:\Potato\IrishPotato37G\lateblt\Lateblt1281.jpg,late_blight,irish
D:\Potato\IrishPotato37G\earlyblt\Earlyblt1088.JPG,early_blight,irish
D:\Potato\IrishPotato37G\lateblt\Lateblt2536.jpg,late_blight,irish
D:\Potato\IrishPotato37G\lateblt\Lateblt1722.jpg,late_blight,irish
D:\Potato\IrishPotato37G\lateblt\Lateblt1813.jpg,late_blight,irish
D:\Potato\IrishPotato37G\lateblt\Lateblt100.jpg,late_blight,irish
D:\Potato\IrishPotato37G\lateblt\Lateblt515.jpg,late_blight,irish
D:\Potato\IrishPotato37G\lateblt\Lateblt2556.jpg,late_blight,irish
D:\Potato\IrishPotato37G\healthy\healthy2439.jpg,healthy,irish
D:\Potato\IrishPotato37G\earlyblt\Earlyblt3649.jpg,early_blight,irish
D:\Potato\IrishPotato37G\healthy\healthy734.jpg,healthy,irish
D:\Potato\IrishPotato37G\earlyblt\Earlyblt3162.jpg,early_blight,irish
D:\Potato\IrishPotato37G\healthy\healthy4962.jpg,healthy,irish
D:\Potato\IrishPotato37G\healthy\healthy1355.jpg,healthy,irish
D:\Potato\IrishPotato37G\lateblt\Lateblt1848.jpg,late_blight,irish
D:\Potato\IrishPotato37G\lateblt\Lateblt1522.jpg,late_blight,irish
D:\Potato\IrishPotato37G\earlyblt\Earlyblt2701.JPG,early_blight,irish
D:\Potato\IrishPotato37G\lateblt\Lateblt842.jpg,late_blight,irish
D:\Potato\IrishPotato37G\earlyblt\Earlyblt1050.JPG,early_blight,irish
D:\Potato\IrishPotato37G\earlyblt\Earlyblt1488.JPG,early_blight,irish
D:\Potato\IrishPotato37G\healthy\healthy2865.jpg,healthy,irish
D:\Potato\IrishPotato37G\healthy\healthy3434.jpg,healthy,irish
D:\Potato\IrishPotato37G\healthy\healthy1189.jpg,healthy,irish
D:\Potato\IrishPotato37G\lateblt\Lateblt1916.jpg,late_blight,irish
D:\Potato\IrishPotato37G\healthy\healthy4153.jpg,healthy,irish
D:\Potato\IrishPotato37G\earlyblt\Earlyblt5983.jpg,early_blight,irish
D:\Potato\IrishPotato37G\earlyblt\Earlyblt6795.jpg,early_blight,irish
D:\Potato\IrishPotato37G\lateblt\Lateblt1495.jpg,late_blight,irish
D:\Potato\IrishPotato37G\lateblt\Lateblt483.jpg,late_blight,irish
D:\Potato\IrishPotato37G\lateblt\Lateblt1672.jpg,late_blight,irish
D:\Potato\IrishPotato37G\earlyblt\Earlyblt1901.JPG,early_blight,irish
D:\Potato\IrishPotato37G\lateblt\Lateblt1922.jpg,late_blight,irish
D:\Potato\IrishPotato37G\healthy\healthy4964.jpg,healthy,irish
D:\Potato\IrishPotato37G\healthy\healthy3492.jpg,healthy,irish
D:\Potato\IrishPotato37G\healthy\healthy317.jpg,healthy,irish
D:\Potato\IrishPotato37G\healthy\healthy4828.jpg,healthy,irish
D:\Potato\IrishPotato37G\healthy\healthy2407.jpg,healthy,irish
D:\Potato\IrishPotato37G\lateblt\Lateblt2153.jpg,late_blight,irish
D:\Potato\IrishPotato37G\earlyblt\Earlyblt3170.jpg,early_blight,irish
D:\Potato\IrishPotato37G\healthy\healthy1729.jpg,healthy,irish
D:\Potato\IrishPotato37G\earlyblt\Earlyblt826.JPG,early_blight,irish
D:\Potato\IrishPotato37G\healthy\healthy3148.jpg,healthy,irish
D:\Potato\IrishPotato37G\healthy\healthy427.jpg,healthy,irish
D:\Potato\IrishPotato37G\earlyblt\Earlyblt1139.JPG,early_blight,irish
D:\Potato\IrishPotato37G\lateblt\Lateblt2955.jpg,late_blight,irish
D:\Potato\IrishPotato37G\lateblt\Lateblt2021.jpg,late_blight,irish
D:\Potato\IrishPotato37G\healthy\healthy1917.jpg,healthy,irish
D:\Potato\IrishPotato37G\healthy\healthy4215.jpg,healthy,irish
D:\Potato\IrishPotato37G\healthy\healthy1088.jpg,healthy,irish
D:\Potato\IrishPotato37G\earlyblt\Earlyblt6185.jpg,early_blight,irish
D:\Potato\IrishPotato37G\earlyblt\Earlyblt4925.jpg,early_blight,irish
D:\Potato\IrishPotato37G\earlyblt\Earlyblt3792.JPG,early_blight,irish
D:\Potato\IrishPotato37G\lateblt\Lateblt1077.jpg,late_blight,irish
D:\Potato\IrishPotato37G\lateblt\Lateblt1217.jpg,late_blight,irish
D:\Potato\IrishPotato37G\healthy\healthy5290.jpg,healthy,irish
D:\Potato\IrishPotato37G\lateblt\Lateblt587.jpg,late_blight,irish
D:\Potato\IrishPotato37G\lateblt\Lateblt2120.jpg,late_blight,irish
D:\Potato\IrishPotato37G\healthy\healthy5335.jpg,healthy,irish
D:\Potato\IrishPotato37G\earlyblt\Earlyblt6537.jpg,early_blight,irish
D:\Potato\IrishPotato37G\healthy\healthy74.jpg,healthy,irish
D:\Potato\IrishPotato37G\lateblt\Lateblt161.jpg,late_blight,irish
D:\Potato\IrishPotato37G\lateblt\Lateblt739.jpg,late_blight,irish
D:\Potato\IrishPotato37G\lateblt\Lateblt177.jpg,late_blight,irish
D:\Potato\IrishPotato37G\healthy\healthy2118.jpg,healthy,irish
D:\Potato\IrishPotato37G\earlyblt\Earlyblt1134.JPG,early_blight,irish
D:\Potato\IrishPotato37G\healthy\healthy556.jpg,healthy,irish
D:\Potato\IrishPotato37G\earlyblt\Earlyblt2128.JPG,early_blight,irish
D:\Potato\IrishPotato37G\lateblt\Lateblt774.jpg,late_blight,irish
D:\Potato\IrishPotato37G\healthy\healthy631.jpg,healthy,irish
D:\Potato\IrishPotato37G\healthy\healthy3844.jpg,healthy,irish
D:\Potato\IrishPotato37G\healthy\healthy5105.jpg,healthy,irish
D:\Potato\IrishPotato37G\lateblt\Lateblt1299.jpg,late_blight,irish
D:\Potato\IrishPotato37G\healthy\healthy3642.jpg,healthy,irish
D:\Potato\IrishPotato37G\lateblt\Lateblt2112.jpg,late_blight,irish
D:\Potato\IrishPotato37G\earlyblt\Earlyblt302.JPG,early_blight,irish
D:\Potato\IrishPotato37G\healthy\healthy1195.jpg,healthy,irish
D:\Potato\IrishPotato37G\healthy\healthy1280.jpg,healthy,irish
D:\Potato\IrishPotato37G\healthy\healthy1429.jpg,healthy,irish
D:\Potato\IrishPotato37G\earlyblt\Earlyblt3804.jpg,early_blight,irish
D:\Potato\IrishPotato37G\lateblt\Lateblt846.jpg,late_blight,irish
D:\Potato\IrishPotato37G\earlyblt\Earlyblt1037.JPG,early_blight,irish
D:\Potato\IrishPotato37G\lateblt\Lateblt1784.jpg,late_blight,irish
D:\Potato\IrishPotato37G\healthy\healthy2892.jpg,healthy,irish
D:\Potato\IrishPotato37G\earlyblt\Earlyblt1867.JPG,early_blight,irish
D:\Potato\IrishPotato37G\earlyblt\Earlyblt94.JPG,early_blight,irish
D:\Potato\IrishPotato37G\healthy\healthy3670.jpg,healthy,irish
D:\Potato\IrishPotato37G\earlyblt\Earlyblt1019.JPG,early_blight,irish
D:\Potato\IrishPotato37G\lateblt\Lateblt2858.jpg,late_blight,irish
D:\Potato\IrishPotato37G\lateblt\Lateblt2881.jpg,late_blight,irish
D:\Potato\IrishPotato37G\healthy\healthy4908.jpg,healthy,irish
D:\Potato\IrishPotato37G\lateblt\Lateblt5004.jpg,late_blight,irish
D:\Potato\IrishPotato37G\earlyblt\Earlyblt6528.jpg,early_blight,irish
D:\Potato\IrishPotato37G\earlyblt\Earlyblt3944.jpg,early_blight,irish
D:\Potato\IrishPotato37G\earlyblt\Earlyblt2067.JPG,early_blight,irish
D:\Potato\IrishPotato37G\healthy\healthy1436.jpg,healthy,irish
D:\Potato\IrishPotato37G\healthy\healthy2765.jpg,healthy,irish
D:\Potato\IrishPotato37G\lateblt\Lateblt2589.jpg,late_blight,irish
D:\Potato\IrishPotato37G\lateblt\Lateblt1111.jpg,late_blight,irish
D:\Potato\IrishPotato37G\healthy\healthy4085.jpg,healthy,irish
D:\Potato\IrishPotato37G\healthy\healthy4514.jpg,healthy,irish
D:\Potato\IrishPotato37G\healthy\healthy224.jpg,healthy,irish
D:\Potato\IrishPotato37G\lateblt\Lateblt2096.jpg,late_blight,irish
D:\Potato\IrishPotato37G\healthy\healthy5145.jpg,healthy,irish
D:\Potato\IrishPotato37G\lateblt\Lateblt2020.jpg,late_blight,irish
D:\Potato\IrishPotato37G\lateblt\Lateblt2088.jpg,late_blight,irish
D:\Potato\IrishPotato37G\healthy\healthy2126.jpg,healthy,irish
D:\Potato\IrishPotato37G\earlyblt\Earlyblt6327.JPG,early_blight,irish
D:\Potato\IrishPotato37G\healthy\healthy3343.jpg,healthy,irish
D:\Potato\IrishPotato37G\earlyblt\Earlyblt6695.jpg,early_blight,irish
D:\Potato\IrishPotato37G\earlyblt\Earlyblt311.JPG,early_blight,irish
D:\Potato\IrishPotato37G\healthy\healthy3924.jpg,healthy,irish
D:\Potato\IrishPotato37G\lateblt\Lateblt1863.jpg,late_blight,irish
D:\Potato\IrishPotato37G\lateblt\Lateblt96.jpg,late_blight,irish
D:\Potato\IrishPotato37G\lateblt\Lateblt2086.jpg,late_blight,irish
D:\Potato\IrishPotato37G\healthy\healthy5080.jpg,healthy,irish
D:\Potato\IrishPotato37G\lateblt\Lateblt2062.jpg,late_blight,irish
D:\Potato\IrishPotato37G\lateblt\Lateblt1832.jpg,late_blight,irish
D:\Potato\IrishPotato37G\lateblt\Lateblt801.jpg,late_blight,irish
D:\Potato\IrishPotato37G\lateblt\Lateblt1725.jpg,late_blight,irish
D:\Potato\IrishPotato37G\earlyblt\Earlyblt3377.jpg,early_blight,irish
D:\Potato\IrishPotato37G\healthy\healthy5094.jpg,healthy,irish
D:\Potato\IrishPotato37G\healthy\healthy5184.jpg,healthy,irish
D:\Potato\IrishPotato37G\healthy\healthy1984.jpg,healthy,irish
D:\Potato\IrishPotato37G\earlyblt\Earlyblt3904.jpg,early_blight,irish
D:\Potato\IrishPotato37G\lateblt\Lateblt1871.jpg,late_blight,irish
D:\Potato\IrishPotato37G\lateblt\Lateblt1084.jpg,late_blight,irish
D:\Potato\IrishPotato37G\lateblt\Lateblt106.jpg,late_blight,irish
D:\Potato\IrishPotato37G\healthy\healthy1899.jpg,healthy,irish
D:\Potato\IrishPotato37G\healthy\healthy5242.jpg,healthy,irish
D:\Potato\IrishPotato37G\earlyblt\Earlyblt6951.JPG,early_blight,irish
D:\Potato\IrishPotato37G\lateblt\Lateblt2733.jpg,late_blight,irish
D:\Potato\IrishPotato37G\earlyblt\Earlyblt679.JPG,early_blight,irish
D:\Potato\IrishPotato37G\earlyblt\Earlyblt1959.JPG,early_blight,irish
D:\Potato\IrishPotato37G\healthy\healthy4292.jpg,healthy,irish
D:\Potato\IrishPotato37G\healthy\healthy3935.jpg,healthy,irish
D:\Potato\IrishPotato37G\earlyblt\Earlyblt2580.JPG,early_blight,irish
D:\Potato\IrishPotato37G\lateblt\Lateblt429.jpg,late_blight,irish
D:\Potato\IrishPotato37G\healthy\healthy4313.jpg,healthy,irish
D:\Potato\IrishPotato37G\healthy\healthy3665.jpg,healthy,irish
D:\Potato\IrishPotato37G\earlyblt\Earlyblt2841.JPG,early_blight,irish
D:\Potato\IrishPotato37G\healthy\healthy2131.jpg,healthy,irish
D:\Potato\IrishPotato37G\earlyblt\Earlyblt392.JPG,early_blight,irish
D:\Potato\IrishPotato37G\lateblt\Lateblt1781.jpg,late_blight,irish
D:\Potato\IrishPotato37G\lateblt\Lateblt556.jpg,late_blight,irish
D:\Potato\IrishPotato37G\healthy\healthy714.jpg,healthy,irish
D:\Potato\IrishPotato37G\lateblt\Lateblt135.jpg,late_blight,irish
D:\Potato\IrishPotato37G\healthy\healthy1605.jpg,healthy,irish
D:\Potato\IrishPotato37G\lateblt\Lateblt285.jpg,late_blight,irish
D:\Potato\IrishPotato37G\earlyblt\Earlyblt2340.JPG,early_blight,irish
D:\Potato\IrishPotato37G\lateblt\Lateblt2238.jpg,late_blight,irish
D:\Potato\IrishPotato37G\lateblt\Lateblt143.jpg,late_blight,irish
D:\Potato\IrishPotato37G\earlyblt\Earlyblt2357.JPG,early_blight,irish
D:\Potato\IrishPotato37G\earlyblt\Earlyblt299.JPG,early_blight,irish
D:\Potato\IrishPotato37G\earlyblt\Earlyblt1049.JPG,early_blight,irish
D:\Potato\IrishPotato37G\earlyblt\Earlyblt3818.JPG,early_blight,irish
D:\Potato\IrishPotato37G\healthy\healthy2265.jpg,healthy,irish
D:\Potato\IrishPotato37G\earlyblt\Earlyblt2465.JPG,early_blight,irish
D:\Potato\IrishPotato37G\earlyblt\Earlyblt1456.JPG,early_blight,irish
D:\Potato\IrishPotato37G\lateblt\Lateblt839.jpg,late_blight,irish
D:\Potato\IrishPotato37G\healthy\healthy540.jpg,healthy,irish
D:\Potato\IrishPotato37G\healthy\healthy532.jpg,healthy,irish
D:\Potato\IrishPotato37G\healthy\healthy4883.jpg,healthy,irish
D:\Potato\IrishPotato37G\healthy\healthy3131.jpg,healthy,irish
D:\Potato\IrishPotato37G\earlyblt\Earlyblt987.JPG,early_blight,irish
D:\Potato\IrishPotato37G\healthy\healthy4284.jpg,healthy,irish
D:\Potato\IrishPotato37G\earlyblt\Earlyblt2383.JPG,early_blight,irish
D:\Potato\IrishPotato37G\earlyblt\Earlyblt3985.jpg,early_blight,irish
D:\Potato\IrishPotato37G\lateblt\Lateblt1501.jpg,late_blight,irish
D:\Potato\IrishPotato37G\lateblt\Lateblt708.jpg,late_blight,irish
D:\Potato\IrishPotato37G\healthy\healthy4860.jpg,healthy,irish
D:\Potato\IrishPotato37G\lateblt\Lateblt1641.jpg,late_blight,irish
D:\Potato\IrishPotato37G\lateblt\Lateblt1860.jpg,late_blight,irish
D:\Potato\IrishPotato37G\healthy\healthy2960.jpg,healthy,irish
D:\Potato\IrishPotato37G\earlyblt\Earlyblt904.JPG,early_blight,irish
D:\Potato\IrishPotato37G\lateblt\Lateblt1867.jpg,late_blight,irish
D:\Potato\IrishPotato37G\earlyblt\Earlyblt6204.jpg,early_blight,irish
D:\Potato\IrishPotato37G\earlyblt\Earlyblt789.JPG,early_blight,irish
D:\Potato\IrishPotato37G\earlyblt\Earlyblt2304.JPG,early_blight,irish
D:\Potato\IrishPotato37G\lateblt\Lateblt824.jpg,late_blight,irish
D:\Potato\IrishPotato37G\healthy\healthy4506.jpg,healthy,irish
D:\Potato\IrishPotato37G\earlyblt\Earlyblt653.jpg,early_blight,irish
D:\Potato\IrishPotato37G\lateblt\Lateblt1304.jpg,late_blight,irish
D:\Potato\IrishPotato37G\lateblt\Lateblt99.jpg,late_blight,irish
D:\Potato\IrishPotato37G\earlyblt\Earlyblt2610.JPG,early_blight,irish
D:\Potato\IrishPotato37G\healthy\healthy4804.jpg,healthy,irish
D:\Potato\IrishPotato37G\healthy\healthy123.jpg,healthy,irish
D:\Potato\IrishPotato37G\healthy\healthy5022.jpg,healthy,irish
D:\Potato\IrishPotato37G\lateblt\Lateblt1364.jpg,late_blight,irish
D:\Potato\IrishPotato37G\healthy\healthy2457.jpg,healthy,irish
D:\Potato\IrishPotato37G\lateblt\Lateblt300.jpg,late_blight,irish
D:\Potato\IrishPotato37G\healthy\healthy4946.jpg,healthy,irish
D:\Potato\IrishPotato37G\earlyblt\Earlyblt1379.JPG,early_blight,irish
D:\Potato\IrishPotato37G\lateblt\Lateblt1064.jpg,late_blight,irish
D:\Potato\IrishPotato37G\healthy\healthy2773.jpg,healthy,irish
D:\Potato\IrishPotato37G\healthy\healthy2264.jpg,healthy,irish
D:\Potato\IrishPotato37G\healthy\healthy4229.jpg,healthy,irish
D:\Potato\IrishPotato37G\healthy\healthy5576.jpg,healthy,irish
D:\Potato\IrishPotato37G\lateblt\Lateblt2614.jpg,late_blight,irish
D:\Potato\IrishPotato37G\lateblt\Lateblt998.jpg,late_blight,irish
D:\Potato\IrishPotato37G\healthy\healthy14.jpg,healthy,irish
D:\Potato\IrishPotato37G\earlyblt\Earlyblt3186.jpg,early_blight,irish
D:\Potato\IrishPotato37G\earlyblt\Earlyblt4903.JPG,early_blight,irish
D:\Potato\IrishPotato37G\lateblt\Lateblt1967.jpg,late_blight,irish
D:\Potato\IrishPotato37G\healthy\healthy3588.jpg,healthy,irish
D:\Potato\IrishPotato37G\earlyblt\Earlyblt1201.JPG,early_blight,irish
D:\Potato\IrishPotato37G\lateblt\Lateblt233.jpg,late_blight,irish
D:\Potato\IrishPotato37G\earlyblt\Earlyblt1172.JPG,early_blight,irish
D:\Potato\IrishPotato37G\earlyblt\Earlyblt3827.jpg,early_blight,irish
D:\Potato\IrishPotato37G\earlyblt\Earlyblt3872.JPG,early_blight,irish
D:\Potato\IrishPotato37G\earlyblt\Earlyblt3303.jpg,early_blight,irish
D:\Potato\IrishPotato37G\healthy\healthy2403.jpg,healthy,irish
D:\Potato\IrishPotato37G\lateblt\Lateblt565.jpg,late_blight,irish
D:\Potato\IrishPotato37G\lateblt\Lateblt1778.jpg,late_blight,irish
D:\Potato\IrishPotato37G\lateblt\Lateblt2267.jpg,late_blight,irish
D:\Potato\IrishPotato37G\lateblt\Lateblt1209.jpg,late_blight,irish
D:\Potato\IrishPotato37G\lateblt\Lateblt1143.jpg,late_blight,irish
D:\Potato\IrishPotato37G\earlyblt\Earlyblt6229.JPG,early_blight,irish
D:\Potato\IrishPotato37G\earlyblt\Earlyblt3398.jpg,early_blight,irish
D:\Potato\IrishPotato37G\earlyblt\Earlyblt6960.JPG,early_blight,irish
D:\Potato\IrishPotato37G\lateblt\Lateblt2765.jpg,late_blight,irish
D:\Potato\IrishPotato37G\healthy\healthy96.jpg,healthy,irish
D:\Potato\IrishPotato37G\earlyblt\Earlyblt914.JPG,early_blight,irish
D:\Potato\IrishPotato37G\lateblt\Lateblt2748.jpg,late_blight,irish
D:\Potato\IrishPotato37G\healthy\healthy1117.jpg,healthy,irish
D:\Potato\IrishPotato37G\lateblt\Lateblt2162.jpg,late_blight,irish
D:\Potato\IrishPotato37G\lateblt\Lateblt353.jpg,late_blight,irish
D:\Potato\IrishPotato37G\earlyblt\Earlyblt4727.JPG,early_blight,irish
D:\Potato\IrishPotato37G\healthy\healthy200.jpg,healthy,irish
D:\Potato\IrishPotato37G\healthy\healthy4084.jpg,healthy,irish
D:\Potato\IrishPotato37G\healthy\healthy258.jpg,healthy,irish
D:\Potato\IrishPotato37G\healthy\healthy4165.jpg,healthy,irish
D:\Potato\IrishPotato37G\healthy\healthy1503.jpg,healthy,irish
D:\Potato\IrishPotato37G\lateblt\Lateblt2835.jpg,late_blight,irish
D:\Potato\IrishPotato37G\lateblt\Lateblt2210.jpg,late_blight,irish
D:\Potato\IrishPotato37G\earlyblt\Earlyblt3228.jpg,early_blight,irish
D:\Potato\IrishPotato37G\lateblt\Lateblt1593.jpg,late_blight,irish
D:\Potato\IrishPotato37G\healthy\healthy2238.jpg,healthy,irish
D:\Potato\IrishPotato37G\healthy\healthy829.jpg,healthy,irish
D:\Potato\IrishPotato37G\earlyblt\Earlyblt1528.JPG,early_blight,irish
D:\Potato\IrishPotato37G\lateblt\Lateblt2306.jpg,late_blight,irish
D:\Potato\IrishPotato37G\lateblt\Lateblt508.jpg,late_blight,irish
D:\Potato\IrishPotato37G\earlyblt\Earlyblt6047.jpg,early_blight,irish
D:\Potato\IrishPotato37G\lateblt\Lateblt1999.jpg,late_blight,irish
D:\Potato\IrishPotato37G\earlyblt\Earlyblt2533.JPG,early_blight,irish
D:\Potato\IrishPotato37G\earlyblt\Earlyblt579.JPG,early_blight,irish
D:\Potato\IrishPotato37G\healthy\healthy2035.jpg,healthy,irish
D:\Potato\IrishPotato37G\lateblt\Lateblt1505.jpg,late_blight,irish
D:\Potato\IrishPotato37G\lateblt\Lateblt2630.jpg,late_blight,irish
D:\Potato\IrishPotato37G\healthy\healthy3984.jpg,healthy,irish
D:\Potato\IrishPotato37G\lateblt\Lateblt681.jpg,late_blight,irish
D:\Potato\IrishPotato37G\healthy\healthy3154.jpg,healthy,irish
D:\Potato\IrishPotato37G\earlyblt\Earlyblt1327.JPG,early_blight,irish
D:\Potato\IrishPotato37G\earlyblt\Earlyblt544.JPG,early_blight,irish
D:\Potato\IrishPotato37G\lateblt\Lateblt188.jpg,late_blight,irish
D:\Potato\IrishPotato37G\healthy\healthy447.jpg,healthy,irish
D:\Potato\IrishPotato37G\earlyblt\Earlyblt1670.JPG,early_blight,irish
D:\Potato\IrishPotato37G\earlyblt\Earlyblt1469.JPG,early_blight,irish
D:\Potato\IrishPotato37G\lateblt\Lateblt2521.jpg,late_blight,irish
D:\Potato\IrishPotato37G\lateblt\Lateblt918.jpg,late_blight,irish
D:\Potato\IrishPotato37G\lateblt\Lateblt2829.jpg,late_blight,irish
D:\Potato\IrishPotato37G\healthy\healthy2529.jpg,healthy,irish
D:\Potato\IrishPotato37G\earlyblt\Earlyblt1722.JPG,early_blight,irish
D:\Potato\IrishPotato37G\earlyblt\Earlyblt6063.jpg,early_blight,irish
D:\Potato\IrishPotato37G\earlyblt\Earlyblt613.jpg,early_blight,irish
D:\Potato\IrishPotato37G\earlyblt\Earlyblt3748.jpg,early_blight,irish
D:\Potato\IrishPotato37G\healthy\healthy1003.jpg,healthy,irish
D:\Potato\IrishPotato37G\healthy\healthy4264.jpg,healthy,irish
D:\Potato\IrishPotato37G\earlyblt\Earlyblt1154.JPG,early_blight,irish
D:\Potato\IrishPotato37G\lateblt\Lateblt1253.jpg,late_blight,irish
D:\Potato\IrishPotato37G\earlyblt\Earlyblt1220.JPG,early_blight,irish
D:\Potato\IrishPotato37G\healthy\healthy4944.jpg,healthy,irish
D:\Potato\IrishPotato37G\healthy\healthy874.jpg,healthy,irish
D:\Potato\IrishPotato37G\earlyblt\Earlyblt2709.JPG,early_blight,irish
D:\Potato\IrishPotato37G\healthy\healthy345.jpg,healthy,irish
D:\Potato\IrishPotato37G\earlyblt\Earlyblt3409.jpg,early_blight,irish
D:\Potato\IrishPotato37G\healthy\healthy4884.jpg,healthy,irish
D:\Potato\IrishPotato37G\lateblt\Lateblt1178.jpg,late_blight,irish
D:\Potato\IrishPotato37G\lateblt\Lateblt1604.jpg,late_blight,irish
D:\Potato\IrishPotato37G\earlyblt\Earlyblt1003.JPG,early_blight,irish
D:\Potato\IrishPotato37G\healthy\healthy5354.jpg,healthy,irish
D:\Potato\IrishPotato37G\earlyblt\Earlyblt4983.jpg,early_blight,irish
D:\Potato\IrishPotato37G\lateblt\Lateblt120.jpg,late_blight,irish
D:\Potato\IrishPotato37G\lateblt\Lateblt361.jpg,late_blight,irish
D:\Potato\IrishPotato37G\earlyblt\Earlyblt3614.jpg,early_blight,irish
D:\Potato\IrishPotato37G\lateblt\Lateblt1486.jpg,late_blight,irish
D:\Potato\IrishPotato37G\healthy\healthy4949.jpg,healthy,irish
D:\Potato\IrishPotato37G\healthy\healthy1314.jpg,healthy,irish
D:\Potato\IrishPotato37G\lateblt\Lateblt822.jpg,late_blight,irish
D:\Potato\IrishPotato37G\earlyblt\Earlyblt1865.JPG,early_blight,irish
D:\Potato\IrishPotato37G\lateblt\Lateblt178.jpg,late_blight,irish
D:\Potato\IrishPotato37G\earlyblt\Earlyblt6910.JPG,early_blight,irish
D:\Potato\IrishPotato37G\healthy\healthy4775.jpg,healthy,irish
D:\Potato\IrishPotato37G\healthy\healthy3981.jpg,healthy,irish
D:\Potato\IrishPotato37G\healthy\healthy1074.jpg,healthy,irish
D:\Potato\IrishPotato37G\healthy\healthy1329.jpg,healthy,irish
D:\Potato\IrishPotato37G\healthy\healthy4977.jpg,healthy,irish
D:\Potato\IrishPotato37G\lateblt\Lateblt1799.jpg,late_blight,irish
D:\Potato\IrishPotato37G\lateblt\Lateblt1405.jpg,late_blight,irish
D:\Potato\IrishPotato37G\lateblt\Lateblt241.jpg,late_blight,irish
D:\Potato\IrishPotato37G\earlyblt\Earlyblt6263.JPG,early_blight,irish
D:\Potato\IrishPotato37G\healthy\healthy4742.jpg,healthy,irish
D:\Potato\IrishPotato37G\earlyblt\Earlyblt6112.jpg,early_blight,irish
D:\Potato\IrishPotato37G\earlyblt\Earlyblt3834.jpg,early_blight,irish
D:\Potato\IrishPotato37G\healthy\healthy289.jpg,healthy,irish
D:\Potato\IrishPotato37G\earlyblt\Earlyblt3946.jpg,early_blight,irish
D:\Potato\IrishPotato37G\healthy\healthy1479.jpg,healthy,irish
D:\Potato\IrishPotato37G\lateblt\Lateblt2710.jpg,late_blight,irish
D:\Potato\IrishPotato37G\earlyblt\Earlyblt755.JPG,early_blight,irish
D:\Potato\IrishPotato37G\earlyblt\Earlyblt2744.JPG,early_blight,irish
D:\Potato\IrishPotato37G\lateblt\Lateblt456.jpg,late_blight,irish
D:\Potato\IrishPotato37G\earlyblt\Earlyblt1835.JPG,early_blight,irish
D:\Potato\IrishPotato37G\healthy\healthy3147.jpg,healthy,irish
D:\Potato\IrishPotato37G\earlyblt\Earlyblt3318.jpg,early_blight,irish
D:\Potato\IrishPotato37G\lateblt\Lateblt1577.jpg,late_blight,irish
D:\Potato\IrishPotato37G\healthy\healthy1992.jpg,healthy,irish
D:\Potato\IrishPotato37G\healthy\healthy2850.jpg,healthy,irish
D:\Potato\IrishPotato37G\lateblt\Lateblt1300.jpg,late_blight,irish
D:\Potato\IrishPotato37G\earlyblt\Earlyblt6804.jpg,early_blight,irish
D:\Potato\IrishPotato37G\earlyblt\Earlyblt5957.JPG,early_blight,irish
D:\Potato\IrishPotato37G\lateblt\Lateblt598.jpg,late_blight,irish
D:\Potato\IrishPotato37G\healthy\healthy1871.jpg,healthy,irish
D:\Potato\IrishPotato37G\healthy\healthy2530.jpg,healthy,irish
D:\Potato\IrishPotato37G\earlyblt\Earlyblt4671.jpg,early_blight,irish
D:\Potato\IrishPotato37G\earlyblt\Earlyblt7011.JPG,early_blight,irish
D:\Potato\IrishPotato37G\lateblt\Lateblt1456.jpg,late_blight,irish
D:\Potato\IrishPotato37G\healthy\healthy1243.jpg,healthy,irish
D:\Potato\IrishPotato37G\earlyblt\Earlyblt571.JPG,early_blight,irish
D:\Potato\IrishPotato37G\earlyblt\Earlyblt2113.JPG,early_blight,irish
D:\Potato\IrishPotato37G\earlyblt\Earlyblt6407.JPG,early_blight,irish
D:\Potato\IrishPotato37G\healthy\healthy3449.jpg,healthy,irish
D:\Potato\IrishPotato37G\healthy\healthy2691.jpg,healthy,irish
D:\Potato\IrishPotato37G\lateblt\Lateblt1076.jpg,late_blight,irish
D:\Potato\IrishPotato37G\healthy\healthy5181.jpg,healthy,irish
D:\Potato\IrishPotato37G\lateblt\Lateblt2883.jpg,late_blight,irish
D:\Potato\IrishPotato37G\healthy\healthy733.jpg,healthy,irish
D:\Potato\IrishPotato37G\lateblt\Lateblt2525.jpg,late_blight,irish
D:\Potato\IrishPotato37G\healthy\healthy3477.jpg,healthy,irish
D:\Potato\IrishPotato37G\healthy\healthy419.jpg,healthy,irish
D:\Potato\IrishPotato37G\earlyblt\Earlyblt6942.JPG,early_blight,irish
D:\Potato\IrishPotato37G\earlyblt\Earlyblt6312.JPG,early_blight,irish
D:\Potato\IrishPotato37G\lateblt\Lateblt1941.jpg,late_blight,irish
D:\Potato\IrishPotato37G\lateblt\Lateblt1163.jpg,late_blight,irish
D:\Potato\IrishPotato37G\earlyblt\Earlyblt867.JPG,early_blight,irish
D:\Potato\IrishPotato37G\lateblt\Lateblt1268.jpg,late_blight,irish
D:\Potato\IrishPotato37G\earlyblt\Earlyblt2384.JPG,early_blight,irish
D:\Potato\IrishPotato37G\lateblt\Lateblt2775.jpg,late_blight,irish
D:\Potato\IrishPotato37G\healthy\healthy4995.jpg,healthy,irish
D:\Potato\IrishPotato37G\healthy\healthy4130.jpg,healthy,irish
D:\Potato\IrishPotato37G\lateblt\Lateblt1140.jpg,late_blight,irish
D:\Potato\IrishPotato37G\earlyblt\Earlyblt6126.jpg,early_blight,irish
D:\Potato\IrishPotato37G\earlyblt\Earlyblt125.JPG,early_blight,irish
D:\Potato\IrishPotato37G\lateblt\Lateblt2969.jpg,late_blight,irish
D:\Potato\IrishPotato37G\lateblt\Lateblt2064.jpg,late_blight,irish
D:\Potato\IrishPotato37G\healthy\healthy5510.jpg,healthy,irish
D:\Potato\IrishPotato37G\healthy\healthy4693.jpg,healthy,irish
D:\Potato\IrishPotato37G\lateblt\Lateblt1602.jpg,late_blight,irish
D:\Potato\IrishPotato37G\lateblt\Lateblt252.jpg,late_blight,irish
D:\Potato\IrishPotato37G\earlyblt\Earlyblt6948.JPG,early_blight,irish
D:\Potato\IrishPotato37G\healthy\healthy3168.jpg,healthy,irish
D:\Potato\IrishPotato37G\lateblt\Lateblt551.jpg,late_blight,irish
D:\Potato\IrishPotato37G\healthy\healthy3813.jpg,healthy,irish
D:\Potato\IrishPotato37G\lateblt\Lateblt319.jpg,late_blight,irish
D:\Potato\IrishPotato37G\healthy\healthy5213.jpg,healthy,irish
D:\Potato\IrishPotato37G\healthy\healthy5259.jpg,healthy,irish
D:\Potato\IrishPotato37G\healthy\healthy3520.jpg,healthy,irish
D:\Potato\IrishPotato37G\lateblt\Lateblt534.jpg,late_blight,irish
D:\Potato\IrishPotato37G\lateblt\Lateblt2406.jpg,late_blight,irish
D:\Potato\IrishPotato37G\healthy\healthy1893.jpg,healthy,irish
D:\Potato\IrishPotato37G\earlyblt\Earlyblt3572.jpg,early_blight,irish
D:\Potato\IrishPotato37G\lateblt\Lateblt1761.jpg,late_blight,irish
D:\Potato\IrishPotato37G\lateblt\Lateblt2386.jpg,late_blight,irish
D:\Potato\IrishPotato37G\healthy\healthy3536.jpg,healthy,irish
D:\Potato\IrishPotato37G\healthy\healthy4714.jpg,healthy,irish
D:\Potato\IrishPotato37G\earlyblt\Earlyblt2627.JPG,early_blight,irish
D:\Potato\IrishPotato37G\lateblt\Lateblt2976.jpg,late_blight,irish
D:\Potato\IrishPotato37G\healthy\healthy3221.jpg,healthy,irish
D:\Potato\IrishPotato37G\healthy\healthy133.jpg,healthy,irish
D:\Potato\IrishPotato37G\healthy\healthy2141.jpg,healthy,irish
D:\Potato\IrishPotato37G\lateblt\Lateblt1735.jpg,late_blight,irish
D:\Potato\IrishPotato37G\healthy\healthy2263.jpg,healthy,irish
D:\Potato\IrishPotato37G\earlyblt\Earlyblt2043.JPG,early_blight,irish
D:\Potato\IrishPotato37G\lateblt\Lateblt2314.jpg,late_blight,irish
D:\Potato\IrishPotato37G\healthy\healthy5039.jpg,healthy,irish
D:\Potato\IrishPotato37G\earlyblt\Earlyblt6241.JPG,early_blight,irish
D:\Potato\IrishPotato37G\lateblt\Lateblt1097.jpg,late_blight,irish
D:\Potato\IrishPotato37G\lateblt\Lateblt2073.jpg,late_blight,irish
D:\Potato\IrishPotato37G\earlyblt\Earlyblt2556.JPG,early_blight,irish
D:\Potato\IrishPotato37G\healthy\healthy2553.jpg,healthy,irish
D:\Potato\IrishPotato37G\lateblt\Lateblt357.jpg,late_blight,irish
D:\Potato\IrishPotato37G\earlyblt\Earlyblt890.JPG,early_blight,irish
D:\Potato\IrishPotato37G\healthy\healthy1656.jpg,healthy,irish
D:\Potato\IrishPotato37G\healthy\healthy3695.jpg,healthy,irish
D:\Potato\IrishPotato37G\lateblt\Lateblt883.jpg,late_blight,irish
D:\Potato\IrishPotato37G\healthy\healthy4915.jpg,healthy,irish
D:\Potato\IrishPotato37G\healthy\healthy1790.jpg,healthy,irish
D:\Potato\IrishPotato37G\lateblt\Lateblt2154.jpg,late_blight,irish
D:\Potato\IrishPotato37G\lateblt\Lateblt2681.jpg,late_blight,irish
D:\Potato\IrishPotato37G\earlyblt\Earlyblt2464.JPG,early_blight,irish
D:\Potato\IrishPotato37G\earlyblt\Earlyblt2450.JPG,early_blight,irish
D:\Potato\IrishPotato37G\healthy\healthy4922.jpg,healthy,irish
D:\Potato\IrishPotato37G\lateblt\Lateblt2623.jpg,late_blight,irish
D:\Potato\IrishPotato37G\healthy\healthy173.jpg,healthy,irish
D:\Potato\IrishPotato37G\earlyblt\Earlyblt2439.JPG,early_blight,irish
D:\Potato\IrishPotato37G\lateblt\Lateblt533.jpg,late_blight,irish
D:\Potato\IrishPotato37G\earlyblt\Earlyblt1973.JPG,early_blight,irish
D:\Potato\IrishPotato37G\earlyblt\Earlyblt3172.jpg,early_blight,irish
D:\Potato\IrishPotato37G\lateblt\Lateblt2728.jpg,late_blight,irish
D:\Potato\IrishPotato37G\lateblt\Lateblt200.jpg,late_blight,irish
D:\Potato\IrishPotato37G\earlyblt\Earlyblt3877.jpg,early_blight,irish
D:\Potato\IrishPotato37G\lateblt\Lateblt1119.jpg,late_blight,irish
D:\Potato\IrishPotato37G\earlyblt\Earlyblt6365.JPG,early_blight,irish
D:\Potato\IrishPotato37G\lateblt\Lateblt2339.jpg,late_blight,irish
D:\Potato\IrishPotato37G\earlyblt\Earlyblt2879.JPG,early_blight,irish
D:\Potato\IrishPotato37G\earlyblt\Earlyblt6440.JPG,early_blight,irish
D:\Potato\IrishPotato37G\lateblt\Lateblt2018.jpg,late_blight,irish
D:\Potato\IrishPotato37G\lateblt\Lateblt2764.jpg,late_blight,irish
D:\Potato\IrishPotato37G\healthy\healthy2884.jpg,healthy,irish
D:\Potato\IrishPotato37G\earlyblt\Earlyblt4964.jpg,early_blight,irish
D:\Potato\IrishPotato37G\earlyblt\Earlyblt560.JPG,early_blight,irish
D:\Potato\IrishPotato37G\healthy\healthy5386.jpg,healthy,irish
D:\Potato\IrishPotato37G\earlyblt\Earlyblt3659.jpg,early_blight,irish
D:\Potato\IrishPotato37G\earlyblt\Earlyblt6051.jpg,early_blight,irish
D:\Potato\IrishPotato37G\lateblt\Lateblt89.jpg,late_blight,irish
D:\Potato\IrishPotato37G\earlyblt\Earlyblt85.JPG,early_blight,irish
D:\Potato\IrishPotato37G\lateblt\Lateblt311.jpg,late_blight,irish
D:\Potato\IrishPotato37G\earlyblt\Earlyblt1178.JPG,early_blight,irish
D:\Potato\IrishPotato37G\earlyblt\Earlyblt40.JPG,early_blight,irish
D:\Potato\IrishPotato37G\earlyblt\Earlyblt2440.JPG,early_blight,irish
D:\Potato\IrishPotato37G\earlyblt\Earlyblt158.JPG,early_blight,irish
D:\Potato\IrishPotato37G\healthy\healthy3898.jpg,healthy,irish
D:\Potato\IrishPotato37G\earlyblt\Earlyblt1579.JPG,early_blight,irish
D:\Potato\IrishPotato37G\lateblt\Lateblt1901.jpg,late_blight,irish
D:\Potato\IrishPotato37G\healthy\healthy1033.jpg,healthy,irish
D:\Potato\IrishPotato37G\healthy\healthy1584.jpg,healthy,irish
D:\Potato\IrishPotato37G\lateblt\Lateblt1600.jpg,late_blight,irish
D:\Potato\IrishPotato37G\lateblt\Lateblt299.jpg,late_blight,irish
D:\Potato\IrishPotato37G\healthy\healthy904.jpg,healthy,irish
D:\Potato\IrishPotato37G\earlyblt\Earlyblt156.JPG,early_blight,irish
D:\Potato\IrishPotato37G\lateblt\Lateblt5046.jpg,late_blight,irish
D:\Potato\IrishPotato37G\healthy\healthy5007.jpg,healthy,irish
D:\Potato\IrishPotato37G\healthy\healthy3241.jpg,healthy,irish
D:\Potato\IrishPotato37G\lateblt\Lateblt1685.jpg,late_blight,irish
D:\Potato\IrishPotato37G\earlyblt\Earlyblt3225.jpg,early_blight,irish
D:\Potato\IrishPotato37G\earlyblt\Earlyblt5970.jpg,early_blight,irish
D:\Potato\IrishPotato37G\lateblt\Lateblt3.jpg,late_blight,irish
D:\Potato\IrishPotato37G\healthy\healthy1560.jpg,healthy,irish
D:\Potato\IrishPotato37G\healthy\healthy5645.jpg,healthy,irish
D:\Potato\IrishPotato37G\healthy\healthy5081.jpg,healthy,irish
D:\Potato\IrishPotato37G\lateblt\Lateblt121.jpg,late_blight,irish
D:\Potato\IrishPotato37G\healthy\healthy3355.jpg,healthy,irish
D:\Potato\IrishPotato37G\lateblt\Lateblt1765.jpg,late_blight,irish
D:\Potato\IrishPotato37G\lateblt\Lateblt2478.jpg,late_blight,irish
D:\Potato\IrishPotato37G\lateblt\Lateblt761.jpg,late_blight,irish
D:\Potato\IrishPotato37G\healthy\healthy4204.jpg,healthy,irish
D:\Potato\IrishPotato37G\healthy\healthy5325.jpg,healthy,irish
D:\Potato\IrishPotato37G\earlyblt\Earlyblt3201.jpg,early_blight,irish
D:\Potato\IrishPotato37G\earlyblt\Earlyblt4754.JPG,early_blight,irish
D:\Potato\IrishPotato37G\earlyblt\Earlyblt2573.JPG,early_blight,irish
D:\Potato\IrishPotato37G\healthy\healthy965.jpg,healthy,irish
D:\Potato\IrishPotato37G\earlyblt\Earlyblt1024.JPG,early_blight,irish
D:\Potato\IrishPotato37G\earlyblt\Earlyblt3915.jpg,early_blight,irish
D:\Potato\IrishPotato37G\lateblt\Lateblt2359.jpg,late_blight,irish
D:\Potato\IrishPotato37G\lateblt\Lateblt2149.jpg,late_blight,irish
D:\Potato\IrishPotato37G\lateblt\Lateblt992.jpg,late_blight,irish
D:\Potato\IrishPotato37G\healthy\healthy4754.jpg,healthy,irish
D:\Potato\IrishPotato37G\earlyblt\Earlyblt1332.JPG,early_blight,irish
D:\Potato\IrishPotato37G\earlyblt\Earlyblt49.JPG,early_blight,irish
D:\Potato\IrishPotato37G\lateblt\Lateblt5035.jpg,late_blight,irish
D:\Potato\IrishPotato37G\healthy\healthy5174.jpg,healthy,irish
D:\Potato\IrishPotato37G\earlyblt\Earlyblt2354.JPG,early_blight,irish
D:\Potato\IrishPotato37G\healthy\healthy455.jpg,healthy,irish
D:\Potato\IrishPotato37G\earlyblt\Earlyblt3672.jpg,early_blight,irish
D:\Potato\IrishPotato37G\healthy\healthy675.jpg,healthy,irish
D:\Potato\IrishPotato37G\healthy\healthy2288.jpg,healthy,irish
D:\Potato\IrishPotato37G\earlyblt\Earlyblt3074.JPG,early_blight,irish
D:\Potato\IrishPotato37G\lateblt\Lateblt1638.jpg,late_blight,irish
D:\Potato\IrishPotato37G\earlyblt\Earlyblt6432.jpg,early_blight,irish
D:\Potato\IrishPotato37G\earlyblt\Earlyblt248.JPG,early_blight,irish
D:\Potato\IrishPotato37G\lateblt\Lateblt1717.jpg,late_blight,irish
D:\Potato\IrishPotato37G\earlyblt\Earlyblt2063.JPG,early_blight,irish
D:\Potato\IrishPotato37G\healthy\healthy2492.jpg,healthy,irish
D:\Potato\IrishPotato37G\healthy\healthy1476.jpg,healthy,irish
D:\Potato\IrishPotato37G\lateblt\Lateblt386.jpg,late_blight,irish
D:\Potato\IrishPotato37G\healthy\healthy3895.jpg,healthy,irish
D:\Potato\IrishPotato37G\healthy\healthy3743.jpg,healthy,irish
D:\Potato\IrishPotato37G\earlyblt\Earlyblt3900.jpg,early_blight,irish
D:\Potato\IrishPotato37G\lateblt\Lateblt1654.jpg,late_blight,irish
D:\Potato\IrishPotato37G\lateblt\Lateblt2196.jpg,late_blight,irish
D:\Potato\IrishPotato37G\earlyblt\Earlyblt2182.JPG,early_blight,irish
D:\Potato\IrishPotato37G\earlyblt\Earlyblt6532.JPG,early_blight,irish
D:\Potato\IrishPotato37G\healthy\healthy2601.jpg,healthy,irish
D:\Potato\IrishPotato37G\healthy\healthy13.jpg,healthy,irish
D:\Potato\IrishPotato37G\healthy\healthy5641.jpg,healthy,irish
D:\Potato\IrishPotato37G\healthy\healthy5138.jpg,healthy,irish
D:\Potato\IrishPotato37G\lateblt\Lateblt368.jpg,late_blight,irish
D:\Potato\IrishPotato37G\lateblt\Lateblt1410.jpg,late_blight,irish
D:\Potato\IrishPotato37G\lateblt\Lateblt1971.jpg,late_blight,irish
D:\Potato\IrishPotato37G\earlyblt\Earlyblt1818.JPG,early_blight,irish
D:\Potato\IrishPotato37G\lateblt\Lateblt2305.jpg,late_blight,irish
D:\Potato\IrishPotato37G\lateblt\Lateblt2942.jpg,late_blight,irish
D:\Potato\IrishPotato37G\healthy\healthy2804.jpg,healthy,irish
D:\Potato\IrishPotato37G\earlyblt\Earlyblt2424.JPG,early_blight,irish
D:\Potato\IrishPotato37G\healthy\healthy5542.jpg,healthy,irish
D:\Potato\IrishPotato37G\healthy\healthy3384.jpg,healthy,irish
D:\Potato\IrishPotato37G\lateblt\Lateblt1617.jpg,late_blight,irish
D:\Potato\IrishPotato37G\lateblt\Lateblt2686.jpg,late_blight,irish
D:\Potato\IrishPotato37G\earlyblt\Earlyblt4788.JPG,early_blight,irish
D:\Potato\IrishPotato37G\earlyblt\Earlyblt6465.jpg,early_blight,irish
D:\Potato\IrishPotato37G\healthy\healthy1611.jpg,healthy,irish
D:\Potato\IrishPotato37G\healthy\healthy321.jpg,healthy,irish
D:\Potato\IrishPotato37G\earlyblt\Earlyblt3133.jpg,early_blight,irish
D:\Potato\IrishPotato37G\lateblt\Lateblt495.jpg,late_blight,irish
D:\Potato\IrishPotato37G\healthy\healthy2740.jpg,healthy,irish
D:\Potato\IrishPotato37G\earlyblt\Earlyblt3969.jpg,early_blight,irish
D:\Potato\IrishPotato37G\earlyblt\Earlyblt1917.JPG,early_blight,irish
D:\Potato\IrishPotato37G\lateblt\Lateblt1417.jpg,late_blight,irish
D:\Potato\IrishPotato37G\lateblt\Lateblt753.jpg,late_blight,irish
D:\Potato\IrishPotato37G\earlyblt\Earlyblt1397.JPG,early_blight,irish
D:\Potato\IrishPotato37G\healthy\healthy3094.jpg,healthy,irish
D:\Potato\IrishPotato37G\healthy\healthy527.jpg,healthy,irish
D:\Potato\IrishPotato37G\lateblt\Lateblt2610.jpg,late_blight,irish
D:\Potato\IrishPotato37G\lateblt\Lateblt1235.jpg,late_blight,irish
D:\Potato\IrishPotato37G\earlyblt\Earlyblt6830.JPG,early_blight,irish
D:\Potato\IrishPotato37G\earlyblt\Earlyblt276.JPG,early_blight,irish
D:\Potato\IrishPotato37G\lateblt\Lateblt26.jpg,late_blight,irish
D:\Potato\IrishPotato37G\earlyblt\Earlyblt2650.JPG,early_blight,irish
D:\Potato\IrishPotato37G\healthy\healthy4044.jpg,healthy,irish
D:\Potato\IrishPotato37G\lateblt\Lateblt1499.jpg,late_blight,irish
D:\Potato\IrishPotato37G\lateblt\Lateblt549.jpg,late_blight,irish
D:\Potato\IrishPotato37G\healthy\healthy578.jpg,healthy,irish
D:\Potato\IrishPotato37G\earlyblt\Earlyblt1122.JPG,early_blight,irish
D:\Potato\IrishPotato37G\healthy\healthy2068.jpg,healthy,irish
D:\Potato\IrishPotato37G\lateblt\Lateblt467.jpg,late_blight,irish
D:\Potato\IrishPotato37G\lateblt\Lateblt605.jpg,late_blight,irish
D:\Potato\IrishPotato37G\lateblt\Lateblt939.jpg,late_blight,irish
D:\Potato\IrishPotato37G\earlyblt\Earlyblt838.JPG,early_blight,irish
D:\Potato\IrishPotato37G\earlyblt\Earlyblt4978.jpg,early_blight,irish
D:\Potato\IrishPotato37G\healthy\healthy4390.jpg,healthy,irish
D:\Potato\IrishPotato37G\lateblt\Lateblt2002.jpg,late_blight,irish
D:\Potato\IrishPotato37G\earlyblt\Earlyblt832.JPG,early_blight,irish
D:\Potato\IrishPotato37G\lateblt\Lateblt850.jpg,late_blight,irish
D:\Potato\IrishPotato37G\lateblt\Lateblt1267.jpg,late_blight,irish
D:\Potato\IrishPotato37G\healthy\healthy1372.jpg,healthy,irish
D:\Potato\IrishPotato37G\lateblt\Lateblt1219.jpg,late_blight,irish
D:\Potato\IrishPotato37G\healthy\healthy5037.jpg,healthy,irish
D:\Potato\IrishPotato37G\healthy\healthy5462.jpg,healthy,irish
D:\Potato\IrishPotato37G\earlyblt\Earlyblt3851.jpg,early_blight,irish
D:\Potato\IrishPotato37G\healthy\healthy2818.jpg,healthy,irish
D:\Potato\IrishPotato37G\lateblt\Lateblt2581.jpg,late_blight,irish
D:\Potato\IrishPotato37G\earlyblt\Earlyblt2591.JPG,early_blight,irish
D:\Potato\IrishPotato37G\earlyblt\Earlyblt3152.jpg,early_blight,irish
D:\Potato\IrishPotato37G\lateblt\Lateblt2587.jpg,late_blight,irish
D:\Potato\IrishPotato37G\lateblt\Lateblt2884.jpg,late_blight,irish
D:\Potato\IrishPotato37G\healthy\healthy2595.jpg,healthy,irish
D:\Potato\IrishPotato37G\lateblt\Lateblt2093.jpg,late_blight,irish
D:\Potato\IrishPotato37G\healthy\healthy2561.jpg,healthy,irish
D:\Potato\IrishPotato37G\healthy\healthy51.jpg,healthy,irish
D:\Potato\IrishPotato37G\earlyblt\Earlyblt203.JPG,early_blight,irish
D:\Potato\IrishPotato37G\earlyblt\Earlyblt6781.jpg,early_blight,irish
D:\Potato\IrishPotato37G\healthy\healthy4827.jpg,healthy,irish
D:\Potato\IrishPotato37G\lateblt\Lateblt354.jpg,late_blight,irish
D:\Potato\IrishPotato37G\earlyblt\Earlyblt1323.JPG,early_blight,irish
D:\Potato\IrishPotato37G\healthy\healthy1845.jpg,healthy,irish
D:\Potato\IrishPotato37G\lateblt\Lateblt952.jpg,late_blight,irish
D:\Potato\IrishPotato37G\lateblt\Lateblt2399.jpg,late_blight,irish
D:\Potato\IrishPotato37G\healthy\healthy4454.jpg,healthy,irish
D:\Potato\IrishPotato37G\healthy\healthy1417.jpg,healthy,irish
D:\Potato\IrishPotato37G\lateblt\Lateblt540.jpg,late_blight,irish
D:\Potato\IrishPotato37G\healthy\healthy836.jpg,healthy,irish
D:\Potato\IrishPotato37G\earlyblt\Earlyblt2903.JPG,early_blight,irish
D:\Potato\IrishPotato37G\healthy\healthy1816.jpg,healthy,irish
D:\Potato\IrishPotato37G\lateblt\Lateblt2564.jpg,late_blight,irish
D:\Potato\IrishPotato37G\earlyblt\Earlyblt921.JPG,early_blight,irish
D:\Potato\IrishPotato37G\earlyblt\Earlyblt1721.JPG,early_blight,irish
D:\Potato\IrishPotato37G\earlyblt\Earlyblt1157.JPG,early_blight,irish
D:\Potato\IrishPotato37G\earlyblt\Earlyblt1669.JPG,early_blight,irish
D:\Potato\IrishPotato37G\lateblt\Lateblt2573.jpg,late_blight,irish
D:\Potato\IrishPotato37G\lateblt\Lateblt472.jpg,late_blight,irish
D:\Potato\IrishPotato37G\healthy\healthy4624.jpg,healthy,irish
D:\Potato\IrishPotato37G\healthy\healthy742.jpg,healthy,irish
D:\Potato\IrishPotato37G\earlyblt\Earlyblt384.JPG,early_blight,irish
D:\Potato\IrishPotato37G\healthy\healthy4063.jpg,healthy,irish
D:\Potato\IrishPotato37G\earlyblt\Earlyblt1483.JPG,early_blight,irish
D:\Potato\IrishPotato37G\lateblt\Lateblt554.jpg,late_blight,irish
D:\Potato\IrishPotato37G\lateblt\Lateblt91.jpg,late_blight,irish
D:\Potato\IrishPotato37G\lateblt\Lateblt1457.jpg,late_blight,irish
D:\Potato\IrishPotato37G\lateblt\Lateblt1083.jpg,late_blight,irish
D:\Potato\IrishPotato37G\earlyblt\Earlyblt2575.JPG,early_blight,irish
D:\Potato\IrishPotato37G\earlyblt\Earlyblt1989.JPG,early_blight,irish
D:\Potato\IrishPotato37G\lateblt\Lateblt641.jpg,late_blight,irish
D:\Potato\IrishPotato37G\lateblt\Lateblt1728.jpg,late_blight,irish
D:\Potato\IrishPotato37G\earlyblt\Earlyblt1934.JPG,early_blight,irish
D:\Potato\IrishPotato37G\lateblt\Lateblt1573.jpg,late_blight,irish
D:\Potato\IrishPotato37G\earlyblt\Earlyblt6763.jpg,early_blight,irish
D:\Potato\IrishPotato37G\healthy\healthy1511.jpg,healthy,irish
D:\Potato\IrishPotato37G\lateblt\Lateblt1646.jpg,late_blight,irish
D:\Potato\IrishPotato37G\lateblt\Lateblt1067.jpg,late_blight,irish
D:\Potato\IrishPotato37G\lateblt\Lateblt2754.jpg,late_blight,irish
D:\Potato\IrishPotato37G\lateblt\Lateblt364.jpg,late_blight,irish
D:\Potato\IrishPotato37G\lateblt\Lateblt1167.jpg,late_blight,irish
D:\Potato\IrishPotato37G\lateblt\Lateblt1827.jpg,late_blight,irish
D:\Potato\IrishPotato37G\lateblt\Lateblt2563.jpg,late_blight,irish
D:\Potato\IrishPotato37G\healthy\healthy2748.jpg,healthy,irish
D:\Potato\IrishPotato37G\earlyblt\Earlyblt294.JPG,early_blight,irish
D:\Potato\IrishPotato37G\lateblt\Lateblt604.jpg,late_blight,irish
D:\Potato\IrishPotato37G\healthy\healthy2769.jpg,healthy,irish
D:\Potato\IrishPotato37G\healthy\healthy5564.jpg,healthy,irish
D:\Potato\IrishPotato37G\healthy\healthy58.jpg,healthy,irish
D:\Potato\IrishPotato37G\healthy\healthy5031.jpg,healthy,irish
D:\Potato\IrishPotato37G\healthy\healthy3074.jpg,healthy,irish
D:\Potato\IrishPotato37G\healthy\healthy1910.jpg,healthy,irish
D:\Potato\IrishPotato37G\lateblt\Lateblt770.jpg,late_blight,irish
D:\Potato\IrishPotato37G\lateblt\Lateblt1567.jpg,late_blight,irish
D:\Potato\IrishPotato37G\lateblt\Lateblt432.jpg,late_blight,irish
D:\Potato\IrishPotato37G\healthy\healthy2034.jpg,healthy,irish
D:\Potato\IrishPotato37G\healthy\healthy3006.jpg,healthy,irish
D:\Potato\IrishPotato37G\earlyblt\Earlyblt1011.JPG,early_blight,irish
D:\Potato\IrishPotato37G\healthy\healthy2821.jpg,healthy,irish
D:\Potato\IrishPotato37G\lateblt\Lateblt1349.jpg,late_blight,irish
D:\Potato\IrishPotato37G\healthy\healthy598.jpg,healthy,irish
D:\Potato\IrishPotato37G\healthy\healthy2092.jpg,healthy,irish
D:\Potato\IrishPotato37G\lateblt\Lateblt1748.jpg,late_blight,irish
D:\Potato\IrishPotato37G\earlyblt\Earlyblt1355.JPG,early_blight,irish
D:\Potato\IrishPotato37G\earlyblt\Earlyblt1177.JPG,early_blight,irish
D:\Potato\IrishPotato37G\healthy\healthy4254.jpg,healthy,irish
D:\Potato\IrishPotato37G\lateblt\Lateblt1688.jpg,late_blight,irish
D:\Potato\IrishPotato37G\lateblt\Lateblt507.jpg,late_blight,irish
D:\Potato\IrishPotato37G\healthy\healthy5258.jpg,healthy,irish
D:\Potato\IrishPotato37G\healthy\healthy67.jpg,healthy,irish
D:\Potato\IrishPotato37G\earlyblt\Earlyblt6800.jpg,early_blight,irish
D:\Potato\IrishPotato37G\lateblt\Lateblt2989.jpg,late_blight,irish
D:\Potato\IrishPotato37G\lateblt\Lateblt417.jpg,late_blight,irish
D:\Potato\IrishPotato37G\earlyblt\Earlyblt1288.JPG,early_blight,irish
D:\Potato\IrishPotato37G\lateblt\Lateblt2201.jpg,late_blight,irish
D:\Potato\IrishPotato37G\lateblt\Lateblt1463.jpg,late_blight,irish
D:\Potato\IrishPotato37G\healthy\healthy5619.jpg,healthy,irish
D:\Potato\IrishPotato37G\healthy\healthy2101.jpg,healthy,irish
D:\Potato\IrishPotato37G\lateblt\Lateblt1711.jpg,late_blight,irish
D:\Potato\IrishPotato37G\earlyblt\Earlyblt6676.jpg,early_blight,irish
D:\Potato\IrishPotato37G\earlyblt\Earlyblt2014.JPG,early_blight,irish
D:\Potato\IrishPotato37G\healthy\healthy3539.jpg,healthy,irish
D:\Potato\IrishPotato37G\lateblt\Lateblt835.jpg,late_blight,irish
D:\Potato\IrishPotato37G\lateblt\Lateblt930.jpg,late_blight,irish
D:\Potato\IrishPotato37G\earlyblt\Earlyblt4998.jpg,early_blight,irish
D:\Potato\IrishPotato37G\lateblt\Lateblt2554.jpg,late_blight,irish
D:\Potato\IrishPotato37G\lateblt\Lateblt1684.jpg,late_blight,irish
D:\Potato\IrishPotato37G\lateblt\Lateblt1809.jpg,late_blight,irish
D:\Potato\IrishPotato37G\healthy\healthy3388.jpg,healthy,irish
D:\Potato\IrishPotato37G\lateblt\Lateblt393.jpg,late_blight,irish
D:\Potato\IrishPotato37G\healthy\healthy3773.jpg,healthy,irish
D:\Potato\IrishPotato37G\earlyblt\Earlyblt6624.JPG,early_blight,irish
D:\Potato\IrishPotato37G\earlyblt\Earlyblt6722.jpg,early_blight,irish
D:\Potato\IrishPotato37G\lateblt\Lateblt1238.jpg,late_blight,irish
D:\Potato\IrishPotato37G\earlyblt\Earlyblt1480.JPG,early_blight,irish
D:\Potato\IrishPotato37G\lateblt\Lateblt2687.jpg,late_blight,irish
D:\Potato\IrishPotato37G\lateblt\Lateblt1121.jpg,late_blight,irish
D:\Potato\IrishPotato37G\healthy\healthy4349.jpg,healthy,irish
D:\Potato\IrishPotato37G\healthy\healthy2718.jpg,healthy,irish
D:\Potato\IrishPotato37G\earlyblt\Earlyblt3861.jpg,early_blight,irish
D:\Potato\IrishPotato37G\healthy\healthy4610.jpg,healthy,irish
D:\Potato\IrishPotato37G\lateblt\Lateblt1005.jpg,late_blight,irish
D:\Potato\IrishPotato37G\lateblt\Lateblt1011.jpg,late_blight,irish
D:\Potato\IrishPotato37G\healthy\healthy3488.jpg,healthy,irish
D:\Potato\IrishPotato37G\lateblt\Lateblt2318.jpg,late_blight,irish
D:\Potato\IrishPotato37G\earlyblt\Earlyblt452.JPG,early_blight,irish
D:\Potato\IrishPotato37G\earlyblt\Earlyblt3680.jpg,early_blight,irish
D:\Potato\IrishPotato37G\healthy\healthy4616.jpg,healthy,irish
D:\Potato\IrishPotato37G\healthy\healthy1264.jpg,healthy,irish
D:\Potato\IrishPotato37G\lateblt\Lateblt2897.jpg,late_blight,irish
D:\Potato\IrishPotato37G\healthy\healthy2479.jpg,healthy,irish
D:\Potato\IrishPotato37G\healthy\healthy1720.jpg,healthy,irish
D:\Potato\IrishPotato37G\earlyblt\Earlyblt1329.JPG,early_blight,irish
D:\Potato\IrishPotato37G\healthy\healthy5128.jpg,healthy,irish
D:\Potato\IrishPotato37G\lateblt\Lateblt323.jpg,late_blight,irish
D:\Potato\IrishPotato37G\earlyblt\Earlyblt1447.JPG,early_blight,irish
D:\Potato\IrishPotato37G\healthy\healthy3780.jpg,healthy,irish
D:\Potato\IrishPotato37G\healthy\healthy4978.jpg,healthy,irish
D:\Potato\IrishPotato37G\earlyblt\Earlyblt4817.JPG,early_blight,irish
D:\Potato\IrishPotato37G\lateblt\Lateblt5063.jpg,late_blight,irish
D:\Potato\IrishPotato37G\earlyblt\Earlyblt3079.JPG,early_blight,irish
D:\Potato\IrishPotato37G\lateblt\Lateblt840.jpg,late_blight,irish
D:\Potato\IrishPotato37G\healthy\healthy2015.jpg,healthy,irish
D:\Potato\IrishPotato37G\earlyblt\Earlyblt1145.JPG,early_blight,irish
D:\Potato\IrishPotato37G\earlyblt\Earlyblt2961.JPG,early_blight,irish
D:\Potato\IrishPotato37G\earlyblt\Earlyblt3994.jpg,early_blight,irish
D:\Potato\IrishPotato37G\earlyblt\Earlyblt936.JPG,early_blight,irish
D:\Potato\IrishPotato37G\earlyblt\Earlyblt1499.JPG,early_blight,irish
D:\Potato\IrishPotato37G\healthy\healthy2660.jpg,healthy,irish
D:\Potato\IrishPotato37G\lateblt\Lateblt1594.jpg,late_blight,irish
D:\Potato\IrishPotato37G\earlyblt\Earlyblt492.JPG,early_blight,irish
D:\Potato\IrishPotato37G\healthy\healthy5135.jpg,healthy,irish
D:\Potato\IrishPotato37G\earlyblt\Earlyblt4739.JPG,early_blight,irish
D:\Potato\IrishPotato37G\earlyblt\Earlyblt6486.jpg,early_blight,irish
D:\Potato\IrishPotato37G\earlyblt\Earlyblt3217.jpg,early_blight,irish
D:\Potato\IrishPotato37G\earlyblt\Earlyblt7003.JPG,early_blight,irish
D:\Potato\IrishPotato37G\lateblt\Lateblt5061.jpg,late_blight,irish
D:\Potato\IrishPotato37G\healthy\healthy2291.jpg,healthy,irish
D:\Potato\IrishPotato37G\healthy\healthy1423.jpg,healthy,irish
D:\Potato\IrishPotato37G\healthy\healthy1175.jpg,healthy,irish
D:\Potato\IrishPotato37G\lateblt\Lateblt1096.jpg,late_blight,irish
D:\Potato\IrishPotato37G\lateblt\Lateblt1649.jpg,late_blight,irish
D:\Potato\IrishPotato37G\healthy\healthy4054.jpg,healthy,irish
D:\Potato\IrishPotato37G\earlyblt\Earlyblt4825.jpg,early_blight,irish
D:\Potato\IrishPotato37G\healthy\healthy2963.jpg,healthy,irish
D:\Potato\IrishPotato37G\earlyblt\Earlyblt6728.jpg,early_blight,irish
D:\Potato\IrishPotato37G\lateblt\Lateblt1988.jpg,late_blight,irish
D:\Potato\IrishPotato37G\healthy\healthy295.jpg,healthy,irish
D:\Potato\IrishPotato37G\earlyblt\Earlyblt1884.JPG,early_blight,irish
D:\Potato\IrishPotato37G\earlyblt\Earlyblt528.JPG,early_blight,irish
D:\Potato\IrishPotato37G\earlyblt\Earlyblt1755.JPG,early_blight,irish
D:\Potato\IrishPotato37G\healthy\healthy459.jpg,healthy,irish
D:\Potato\IrishPotato37G\healthy\healthy2073.jpg,healthy,irish
D:\Potato\IrishPotato37G\earlyblt\Earlyblt6939.JPG,early_blight,irish
D:\Potato\IrishPotato37G\earlyblt\Earlyblt2708.JPG,early_blight,irish
D:\Potato\IrishPotato37G\healthy\healthy4653.jpg,healthy,irish
D:\Potato\IrishPotato37G\earlyblt\Earlyblt6290.JPG,early_blight,irish
D:\Potato\IrishPotato37G\lateblt\Lateblt1542.jpg,late_blight,irish
D:\Potato\IrishPotato37G\healthy\healthy984.jpg,healthy,irish
D:\Potato\IrishPotato37G\healthy\healthy3960.jpg,healthy,irish
D:\Potato\IrishPotato37G\lateblt\Lateblt5054.jpg,late_blight,irish
D:\Potato\IrishPotato37G\lateblt\Lateblt2667.jpg,late_blight,irish
D:\Potato\IrishPotato37G\healthy\healthy53.jpg,healthy,irish
D:\Potato\IrishPotato37G\earlyblt\Earlyblt6102.jpg,early_blight,irish
D:\Potato\IrishPotato37G\lateblt\Lateblt2294.jpg,late_blight,irish
D:\Potato\IrishPotato37G\earlyblt\Earlyblt1711.JPG,early_blight,irish
D:\Potato\IrishPotato37G\earlyblt\Earlyblt1181.JPG,early_blight,irish
D:\Potato\IrishPotato37G\healthy\healthy4685.jpg,healthy,irish
D:\Potato\IrishPotato37G\earlyblt\Earlyblt6793.jpg,early_blight,irish
D:\Potato\IrishPotato37G\lateblt\Lateblt2183.jpg,late_blight,irish
D:\Potato\IrishPotato37G\lateblt\Lateblt2918.jpg,late_blight,irish
D:\Potato\IrishPotato37G\lateblt\Lateblt2520_1.jpg,late_blight,irish
D:\Potato\IrishPotato37G\healthy\healthy932.jpg,healthy,irish
D:\Potato\IrishPotato37G\earlyblt\Earlyblt224.JPG,early_blight,irish
D:\Potato\IrishPotato37G\lateblt\Lateblt221.jpg,late_blight,irish
D:\Potato\IrishPotato37G\lateblt\Lateblt1043.jpg,late_blight,irish
D:\Potato\IrishPotato37G\earlyblt\Earlyblt2790.JPG,early_blight,irish
D:\Potato\IrishPotato37G\earlyblt\Earlyblt6402.JPG,early_blight,irish
D:\Potato\IrishPotato37G\lateblt\Lateblt2889.jpg,late_blight,irish
D:\Potato\IrishPotato37G\healthy\healthy819.jpg,healthy,irish
D:\Potato\IrishPotato37G\healthy\healthy4323.jpg,healthy,irish
D:\Potato\IrishPotato37G\healthy\healthy531.jpg,healthy,irish
D:\Potato\IrishPotato37G\lateblt\Lateblt2895.jpg,late_blight,irish
D:\Potato\IrishPotato37G\healthy\healthy2607.jpg,healthy,irish
D:\Potato\IrishPotato37G\lateblt\Lateblt2621.jpg,late_blight,irish
D:\Potato\IrishPotato37G\lateblt\Lateblt1608.jpg,late_blight,irish
D:\Potato\IrishPotato37G\earlyblt\Earlyblt2486.JPG,early_blight,irish
D:\Potato\IrishPotato37G\lateblt\Lateblt1624.jpg,late_blight,irish
D:\Potato\IrishPotato37G\lateblt\Lateblt1529.jpg,late_blight,irish
D:\Potato\IrishPotato37G\earlyblt\Earlyblt751.JPG,early_blight,irish
D:\Potato\IrishPotato37G\lateblt\Lateblt1738.jpg,late_blight,irish
D:\Potato\IrishPotato37G\lateblt\Lateblt509.jpg,late_blight,irish
D:\Potato\IrishPotato37G\lateblt\Lateblt747.jpg,late_blight,irish
D:\Potato\IrishPotato37G\healthy\healthy3163.jpg,healthy,irish
D:\Potato\IrishPotato37G\healthy\healthy2021.jpg,healthy,irish
D:\Potato\IrishPotato37G\lateblt\Lateblt524.jpg,late_blight,irish
D:\Potato\IrishPotato37G\healthy\healthy2498.jpg,healthy,irish
D:\Potato\IrishPotato37G\earlyblt\Earlyblt7005.JPG,early_blight,irish
D:\Potato\IrishPotato37G\healthy\healthy3274.jpg,healthy,irish
D:\Potato\IrishPotato37G\lateblt\Lateblt1536.jpg,late_blight,irish
D:\Potato\IrishPotato37G\earlyblt\Earlyblt326.JPG,early_blight,irish
D:\Potato\IrishPotato37G\earlyblt\Earlyblt2860.JPG,early_blight,irish
D:\Potato\IrishPotato37G\lateblt\Lateblt2698.jpg,late_blight,irish
D:\Potato\IrishPotato37G\lateblt\Lateblt1658.jpg,late_blight,irish
D:\Potato\IrishPotato37G\earlyblt\Earlyblt2712.JPG,early_blight,irish
D:\Potato\IrishPotato37G\lateblt\Lateblt2658.jpg,late_blight,irish
D:\Potato\IrishPotato37G\healthy\healthy3730.jpg,healthy,irish
D:\Potato\IrishPotato37G\lateblt\Lateblt1636.jpg,late_blight,irish
D:\Potato\IrishPotato37G\lateblt\Lateblt293.jpg,late_blight,irish
D:\Potato\IrishPotato37G\healthy\healthy4381.jpg,healthy,irish
D:\Potato\IrishPotato37G\healthy\healthy3052.jpg,healthy,irish
D:\Potato\IrishPotato37G\healthy\healthy4954.jpg,healthy,irish
D:\Potato\IrishPotato37G\lateblt\Lateblt657.jpg,late_blight,irish
D:\Potato\IrishPotato37G\healthy\healthy5468.jpg,healthy,irish
D:\Potato\IrishPotato37G\earlyblt\Earlyblt6443.JPG,early_blight,irish
D:\Potato\IrishPotato37G\healthy\healthy3659.jpg,healthy,irish
D:\Potato\IrishPotato37G\earlyblt\Earlyblt3858.jpg,early_blight,irish
D:\Potato\IrishPotato37G\healthy\healthy24.jpg,healthy,irish
D:\Potato\IrishPotato37G\lateblt\Lateblt2805.jpg,late_blight,irish
D:\Potato\IrishPotato37G\lateblt\Lateblt1404.jpg,late_blight,irish
D:\Potato\IrishPotato37G\lateblt\Lateblt2024.jpg,late_blight,irish
D:\Potato\IrishPotato37G\healthy\healthy5219.jpg,healthy,irish
D:\Potato\IrishPotato37G\earlyblt\Earlyblt3439.jpg,early_blight,irish
D:\Potato\IrishPotato37G\lateblt\Lateblt2797.jpg,late_blight,irish
D:\Potato\IrishPotato37G\lateblt\Lateblt1570.jpg,late_blight,irish
D:\Potato\IrishPotato37G\lateblt\Lateblt2714.jpg,late_blight,irish
D:\Potato\IrishPotato37G\healthy\healthy1488.jpg,healthy,irish
D:\Potato\IrishPotato37G\earlyblt\Earlyblt2993.JPG,early_blight,irish
D:\Potato\IrishPotato37G\earlyblt\Earlyblt1824.JPG,early_blight,irish
D:\Potato\IrishPotato37G\earlyblt\Earlyblt3471.jpg,early_blight,irish
D:\Potato\IrishPotato37G\earlyblt\Earlyblt2279.JPG,early_blight,irish
D:\Potato\IrishPotato37G\lateblt\Lateblt360.jpg,late_blight,irish
D:\Potato\IrishPotato37G\healthy\healthy5530.jpg,healthy,irish
D:\Potato\IrishPotato37G\healthy\healthy1059.jpg,healthy,irish
D:\Potato\IrishPotato37G\healthy\healthy1882.jpg,healthy,irish
D:\Potato\IrishPotato37G\healthy\healthy4898.jpg,healthy,irish
D:\Potato\IrishPotato37G\earlyblt\Earlyblt335.JPG,early_blight,irish
D:\Potato\IrishPotato37G\healthy\healthy3415.jpg,healthy,irish
D:\Potato\IrishPotato37G\lateblt\Lateblt1415.jpg,late_blight,irish
D:\Potato\IrishPotato37G\earlyblt\Earlyblt1446.JPG,early_blight,irish
D:\Potato\IrishPotato37G\earlyblt\Earlyblt6162.JPG,early_blight,irish
D:\Potato\IrishPotato37G\earlyblt\Earlyblt2922.JPG,early_blight,irish
D:\Potato\IrishPotato37G\healthy\healthy1949.jpg,healthy,irish
D:\Potato\IrishPotato37G\lateblt\Lateblt163.jpg,late_blight,irish
D:\Potato\IrishPotato37G\lateblt\Lateblt2060.jpg,late_blight,irish
D:\Potato\IrishPotato37G\healthy\healthy2555.jpg,healthy,irish
D:\Potato\IrishPotato37G\healthy\healthy5263.jpg,healthy,irish
D:\Potato\IrishPotato37G\earlyblt\Earlyblt3254.jpg,early_blight,irish
D:\Potato\IrishPotato37G\earlyblt\Earlyblt6944.JPG,early_blight,irish
D:\Potato\IrishPotato37G\lateblt\Lateblt987.jpg,late_blight,irish
D:\Potato\IrishPotato37G\earlyblt\Earlyblt690.JPG,early_blight,irish
D:\Potato\IrishPotato37G\healthy\healthy934.jpg,healthy,irish
D:\Potato\IrishPotato37G\lateblt\Lateblt2996.jpg,late_blight,irish
D:\Potato\IrishPotato37G\healthy\healthy2419.jpg,healthy,irish
D:\Potato\IrishPotato37G\earlyblt\Earlyblt6799.jpg,early_blight,irish
D:\Potato\IrishPotato37G\lateblt\Lateblt1972.jpg,late_blight,irish
D:\Potato\IrishPotato37G\earlyblt\Earlyblt803.JPG,early_blight,irish
D:\Potato\IrishPotato37G\healthy\healthy1094.jpg,healthy,irish
D:\Potato\IrishPotato37G\earlyblt\Earlyblt6460.JPG,early_blight,irish
D:\Potato\IrishPotato37G\healthy\healthy1533.jpg,healthy,irish
D:\Potato\IrishPotato37G\healthy\healthy5225.jpg,healthy,irish
D:\Potato\IrishPotato37G\healthy\healthy4469.jpg,healthy,irish
D:\Potato\IrishPotato37G\lateblt\Lateblt2205.jpg,late_blight,irish
D:\Potato\IrishPotato37G\earlyblt\Earlyblt1366.JPG,early_blight,irish
D:\Potato\IrishPotato37G\earlyblt\Earlyblt375.JPG,early_blight,irish
D:\Potato\IrishPotato37G\earlyblt\Earlyblt4670.jpg,early_blight,irish
D:\Potato\IrishPotato37G\lateblt\Lateblt1714.jpg,late_blight,irish
D:\Potato\IrishPotato37G\healthy\healthy713.jpg,healthy,irish
D:\Potato\IrishPotato37G\lateblt\Lateblt2039.jpg,late_blight,irish
D:\Potato\IrishPotato37G\lateblt\Lateblt269.jpg,late_blight,irish
D:\Potato\IrishPotato37G\lateblt\Lateblt2726.jpg,late_blight,irish
D:\Potato\IrishPotato37G\lateblt\Lateblt1157.jpg,late_blight,irish
D:\Potato\IrishPotato37G\earlyblt\Earlyblt3764.jpg,early_blight,irish
D:\Potato\IrishPotato37G\earlyblt\Earlyblt2604.JPG,early_blight,irish
D:\Potato\IrishPotato37G\earlyblt\Earlyblt839.JPG,early_blight,irish
D:\Potato\IrishPotato37G\earlyblt\Earlyblt1882.JPG,early_blight,irish
D:\Potato\IrishPotato37G\lateblt\Lateblt204.jpg,late_blight,irish
D:\Potato\IrishPotato37G\healthy\healthy1194.jpg,healthy,irish
D:\Potato\IrishPotato37G\earlyblt\Earlyblt3332.JPG,early_blight,irish
D:\Potato\IrishPotato37G\earlyblt\Earlyblt1358.JPG,early_blight,irish
D:\Potato\IrishPotato37G\earlyblt\Earlyblt1317.JPG,early_blight,irish
D:\Potato\IrishPotato37G\healthy\healthy4338.jpg,healthy,irish
D:\Potato\IrishPotato37G\earlyblt\Earlyblt4787.JPG,early_blight,irish
D:\Potato\IrishPotato37G\earlyblt\Earlyblt3745.jpg,early_blight,irish
D:\Potato\IrishPotato37G\lateblt\Lateblt2892.jpg,late_blight,irish
D:\Potato\IrishPotato37G\earlyblt\Earlyblt1682.JPG,early_blight,irish
D:\Potato\IrishPotato37G\healthy\healthy1290.jpg,healthy,irish
D:\Potato\IrishPotato37G\earlyblt\Earlyblt2818.JPG,early_blight,irish
D:\Potato\IrishPotato37G\lateblt\Lateblt1400.jpg,late_blight,irish
D:\Potato\IrishPotato37G\lateblt\Lateblt1175.jpg,late_blight,irish
D:\Potato\IrishPotato37G\lateblt\Lateblt1944.jpg,late_blight,irish
D:\Potato\IrishPotato37G\healthy\healthy3993.jpg,healthy,irish
D:\Potato\IrishPotato37G\healthy\healthy3682.jpg,healthy,irish
D:\Potato\IrishPotato37G\lateblt\Lateblt759.jpg,late_blight,irish
D:\Potato\IrishPotato37G\earlyblt\Earlyblt5916.jpg,early_blight,irish
D:\Potato\IrishPotato37G\earlyblt\Earlyblt6105.jpg,early_blight,irish
D:\Potato\IrishPotato37G\lateblt\Lateblt1226.jpg,late_blight,irish
D:\Potato\IrishPotato37G\lateblt\Lateblt934.jpg,late_blight,irish
D:\Potato\IrishPotato37G\lateblt\Lateblt852.jpg,late_blight,irish
D:\Potato\IrishPotato37G\lateblt\Lateblt1225.jpg,late_blight,irish
D:\Potato\IrishPotato37G\healthy\healthy4015.jpg,healthy,irish
D:\Potato\IrishPotato37G\healthy\healthy4121.jpg,healthy,irish
D:\Potato\IrishPotato37G\lateblt\Lateblt2321.jpg,late_blight,irish
D:\Potato\IrishPotato37G\earlyblt\Earlyblt2094.JPG,early_blight,irish
D:\Potato\IrishPotato37G\earlyblt\Earlyblt4931.jpg,early_blight,irish
D:\Potato\IrishPotato37G\healthy\healthy3088.jpg,healthy,irish
D:\Potato\IrishPotato37G\earlyblt\Earlyblt250.JPG,early_blight,irish
D:\Potato\IrishPotato37G\lateblt\Lateblt1262.jpg,late_blight,irish
D:\Potato\IrishPotato37G\healthy\healthy614.jpg,healthy,irish
D:\Potato\IrishPotato37G\lateblt\Lateblt927.jpg,late_blight,irish
D:\Potato\IrishPotato37G\lateblt\Lateblt2844.jpg,late_blight,irish
D:\Potato\IrishPotato37G\lateblt\Lateblt1437.jpg,late_blight,irish
D:\Potato\IrishPotato37G\lateblt\Lateblt2841.jpg,late_blight,irish
D:\Potato\IrishPotato37G\healthy\healthy5613.jpg,healthy,irish
D:\Potato\IrishPotato37G\lateblt\Lateblt5066.jpg,late_blight,irish
D:\Potato\IrishPotato37G\lateblt\Lateblt2753.jpg,late_blight,irish
D:\Potato\IrishPotato37G\healthy\healthy3932.jpg,healthy,irish
D:\Potato\IrishPotato37G\lateblt\Lateblt1047.jpg,late_blight,irish
D:\Potato\IrishPotato37G\healthy\healthy3910.jpg,healthy,irish
D:\Potato\IrishPotato37G\healthy\healthy3987.jpg,healthy,irish
D:\Potato\IrishPotato37G\earlyblt\Earlyblt2385.JPG,early_blight,irish
D:\Potato\IrishPotato37G\earlyblt\Earlyblt1652.JPG,early_blight,irish
D:\Potato\IrishPotato37G\healthy\healthy1400.jpg,healthy,irish
D:\Potato\IrishPotato37G\lateblt\Lateblt1933.jpg,late_blight,irish
D:\Potato\IrishPotato37G\healthy\healthy1368.jpg,healthy,irish
D:\Potato\IrishPotato37G\healthy\healthy3572.jpg,healthy,irish
D:\Potato\IrishPotato37G\lateblt\Lateblt2123.jpg,late_blight,irish
D:\Potato\IrishPotato37G\healthy\healthy1435.jpg,healthy,irish
D:\Potato\IrishPotato37G\lateblt\Lateblt2465.jpg,late_blight,irish
D:\Potato\IrishPotato37G\earlyblt\Earlyblt3972.jpg,early_blight,irish
D:\Potato\IrishPotato37G\lateblt\Lateblt1816.jpg,late_blight,irish
D:\Potato\IrishPotato37G\healthy\healthy3227.jpg,healthy,irish
D:\Potato\IrishPotato37G\earlyblt\Earlyblt152.JPG,early_blight,irish
D:\Potato\IrishPotato37G\earlyblt\Earlyblt1705.JPG,early_blight,irish
D:\Potato\IrishPotato37G\lateblt\Lateblt919.jpg,late_blight,irish
D:\Potato\IrishPotato37G\earlyblt\Earlyblt210.JPG,early_blight,irish
D:\Potato\IrishPotato37G\lateblt\Lateblt174.jpg,late_blight,irish
D:\Potato\IrishPotato37G\earlyblt\Earlyblt219.JPG,early_blight,irish
D:\Potato\IrishPotato37G\lateblt\Lateblt1513.jpg,late_blight,irish
D:\Potato\IrishPotato37G\healthy\healthy1508.jpg,healthy,irish
D:\Potato\IrishPotato37G\earlyblt\Earlyblt6664.jpg,early_blight,irish
D:\Potato\IrishPotato37G\healthy\healthy1219.jpg,healthy,irish
D:\Potato\IrishPotato37G\healthy\healthy4331.jpg,healthy,irish
D:\Potato\IrishPotato37G\earlyblt\Earlyblt2762.JPG,early_blight,irish
D:\Potato\IrishPotato37G\lateblt\Lateblt1771.jpg,late_blight,irish
D:\Potato\IrishPotato37G\healthy\healthy4116.jpg,healthy,irish
D:\Potato\IrishPotato37G\healthy\healthy5609.jpg,healthy,irish
D:\Potato\IrishPotato37G\healthy\healthy80.jpg,healthy,irish
D:\Potato\IrishPotato37G\healthy\healthy261.jpg,healthy,irish
D:\Potato\IrishPotato37G\earlyblt\Earlyblt1933.JPG,early_blight,irish
D:\Potato\IrishPotato37G\earlyblt\Earlyblt2698.JPG,early_blight,irish
D:\Potato\IrishPotato37G\healthy\healthy1086.jpg,healthy,irish
D:\Potato\IrishPotato37G\earlyblt\Earlyblt1653.JPG,early_blight,irish
D:\Potato\IrishPotato37G\earlyblt\Earlyblt6705.jpg,early_blight,irish
D:\Potato\IrishPotato37G\earlyblt\Earlyblt6889.JPG,early_blight,irish
D:\Potato\IrishPotato37G\lateblt\Lateblt1454.jpg,late_blight,irish
D:\Potato\IrishPotato37G\healthy\healthy3266.jpg,healthy,irish
D:\Potato\IrishPotato37G\earlyblt\Earlyblt3253.JPG,early_blight,irish
D:\Potato\IrishPotato37G\healthy\healthy469.jpg,healthy,irish
D:\Potato\IrishPotato37G\earlyblt\Earlyblt247.JPG,early_blight,irish
D:\Potato\IrishPotato37G\lateblt\Lateblt2257.jpg,late_blight,irish
D:\Potato\IrishPotato37G\healthy\healthy1057.jpg,healthy,irish
D:\Potato\IrishPotato37G\earlyblt\Earlyblt6454.JPG,early_blight,irish
D:\Potato\IrishPotato37G\lateblt\Lateblt2855.jpg,late_blight,irish
D:\Potato\IrishPotato37G\lateblt\Lateblt2923.jpg,late_blight,irish
D:\Potato\IrishPotato37G\earlyblt\Earlyblt636.JPG,early_blight,irish
D:\Potato\IrishPotato37G\lateblt\Lateblt2497.jpg,late_blight,irish
D:\Potato\IrishPotato37G\lateblt\Lateblt2760.jpg,late_blight,irish
D:\Potato\IrishPotato37G\earlyblt\Earlyblt5987.jpg,early_blight,irish
D:\Potato\IrishPotato37G\earlyblt\Earlyblt879.JPG,early_blight,irish
D:\Potato\IrishPotato37G\healthy\healthy5658.jpg,healthy,irish
D:\Potato\IrishPotato37G\earlyblt\Earlyblt6922.JPG,early_blight,irish
D:\Potato\IrishPotato37G\healthy\healthy741.jpg,healthy,irish
D:\Potato\IrishPotato37G\healthy\healthy1688.jpg,healthy,irish
D:\Potato\IrishPotato37G\healthy\healthy5286.jpg,healthy,irish
D:\Potato\IrishPotato37G\healthy\healthy5608.jpg,healthy,irish
D:\Potato\IrishPotato37G\healthy\healthy1120.jpg,healthy,irish
D:\Potato\IrishPotato37G\earlyblt\Earlyblt6634.jpg,early_blight,irish
D:\Potato\IrishPotato37G\healthy\healthy383.jpg,healthy,irish
D:\Potato\IrishPotato37G\healthy\healthy4036.jpg,healthy,irish
D:\Potato\IrishPotato37G\lateblt\Lateblt2370.jpg,late_blight,irish
D:\Potato\IrishPotato37G\earlyblt\Earlyblt6577.jpg,early_blight,irish
D:\Potato\IrishPotato37G\earlyblt\Earlyblt3988.jpg,early_blight,irish
D:\Potato\IrishPotato37G\healthy\healthy4722.jpg,healthy,irish
D:\Potato\IrishPotato37G\lateblt\Lateblt2901.jpg,late_blight,irish
D:\Potato\IrishPotato37G\earlyblt\Earlyblt2778.JPG,early_blight,irish
D:\Potato\IrishPotato37G\earlyblt\Earlyblt1149.JPG,early_blight,irish
D:\Potato\IrishPotato37G\healthy\healthy3815.jpg,healthy,irish
D:\Potato\IrishPotato37G\lateblt\Lateblt493.jpg,late_blight,irish
D:\Potato\IrishPotato37G\healthy\healthy2283.jpg,healthy,irish
D:\Potato\IrishPotato37G\healthy\healthy1119.jpg,healthy,irish
D:\Potato\IrishPotato37G\healthy\healthy4792.jpg,healthy,irish
D:\Potato\IrishPotato37G\healthy\healthy90.jpg,healthy,irish
D:\Potato\IrishPotato37G\earlyblt\Earlyblt1763.JPG,early_blight,irish
D:\Potato\IrishPotato37G\earlyblt\Earlyblt2654.JPG,early_blight,irish
D:\Potato\IrishPotato37G\lateblt\Lateblt976.jpg,late_blight,irish
D:\Potato\IrishPotato37G\earlyblt\Earlyblt3697.jpg,early_blight,irish
D:\Potato\IrishPotato37G\earlyblt\Earlyblt6253.JPG,early_blight,irish
D:\Potato\IrishPotato37G\lateblt\Lateblt2523.jpg,late_blight,irish
D:\Potato\IrishPotato37G\earlyblt\Earlyblt1681.JPG,early_blight,irish
D:\Potato\IrishPotato37G\earlyblt\Earlyblt3404.jpg,early_blight,irish
D:\Potato\IrishPotato37G\healthy\healthy5445.jpg,healthy,irish
D:\Potato\IrishPotato37G\lateblt\Lateblt1103.jpg,late_blight,irish
D:\Potato\IrishPotato37G\healthy\healthy4436.jpg,healthy,irish
D:\Potato\IrishPotato37G\lateblt\Lateblt2089.jpg,late_blight,irish
D:\Potato\IrishPotato37G\healthy\healthy1328.jpg,healthy,irish
D:\Potato\IrishPotato37G\lateblt\Lateblt2125.jpg,late_blight,irish
D:\Potato\IrishPotato37G\healthy\healthy5526.jpg,healthy,irish
D:\Potato\IrishPotato37G\lateblt\Lateblt5041.jpg,late_blight,irish
D:\Potato\IrishPotato37G\earlyblt\Earlyblt4782.JPG,early_blight,irish
D:\Potato\IrishPotato37G\earlyblt\Earlyblt1479.JPG,early_blight,irish
D:\Potato\IrishPotato37G\earlyblt\Earlyblt6629.jpg,early_blight,irish
D:\Potato\IrishPotato37G\earlyblt\Earlyblt249.JPG,early_blight,irish
D:\Potato\IrishPotato37G\earlyblt\Earlyblt1587.JPG,early_blight,irish
D:\Potato\IrishPotato37G\healthy\healthy4167.jpg,healthy,irish
D:\Potato\IrishPotato37G\healthy\healthy1937.jpg,healthy,irish
D:\Potato\IrishPotato37G\lateblt\Lateblt2729.jpg,late_blight,irish
D:\Potato\IrishPotato37G\earlyblt\Earlyblt5952.jpg,early_blight,irish
D:\Potato\IrishPotato37G\lateblt\Lateblt881.jpg,late_blight,irish
D:\Potato\IrishPotato37G\healthy\healthy5235.jpg,healthy,irish
D:\Potato\IrishPotato37G\earlyblt\Earlyblt1494.JPG,early_blight,irish
D:\Potato\IrishPotato37G\lateblt\Lateblt1854.jpg,late_blight,irish
D:\Potato\IrishPotato37G\healthy\healthy3915.jpg,healthy,irish
D:\Potato\IrishPotato37G\earlyblt\Earlyblt4891.jpg,early_blight,irish
D:\Potato\IrishPotato37G\lateblt\Lateblt931.jpg,late_blight,irish
D:\Potato\IrishPotato37G\earlyblt\Earlyblt6663.jpg,early_blight,irish
D:\Potato\IrishPotato37G\earlyblt\Earlyblt1290.JPG,early_blight,irish
D:\Potato\IrishPotato37G\earlyblt\Earlyblt1672.JPG,early_blight,irish
D:\Potato\IrishPotato37G\healthy\healthy4187.jpg,healthy,irish
D:\Potato\IrishPotato37G\lateblt\Lateblt1447.jpg,late_blight,irish
D:\Potato\IrishPotato37G\lateblt\Lateblt2495.jpg,late_blight,irish
D:\Potato\IrishPotato37G\earlyblt\Earlyblt1227.JPG,early_blight,irish
D:\Potato\IrishPotato37G\lateblt\Lateblt24.jpg,late_blight,irish
D:\Potato\IrishPotato37G\lateblt\Lateblt226.jpg,late_blight,irish
D:\Potato\IrishPotato37G\healthy\healthy5103.jpg,healthy,irish
D:\Potato\IrishPotato37G\lateblt\Lateblt504.jpg,late_blight,irish
D:\Potato\IrishPotato37G\lateblt\Lateblt1927.jpg,late_blight,irish
D:\Potato\IrishPotato37G\healthy\healthy3392.jpg,healthy,irish
D:\Potato\IrishPotato37G\healthy\healthy4202.jpg,healthy,irish
D:\Potato\IrishPotato37G\earlyblt\Earlyblt6859.JPG,early_blight,irish
D:\Potato\IrishPotato37G\lateblt\Lateblt345.jpg,late_blight,irish
D:\Potato\IrishPotato37G\healthy\healthy1582.jpg,healthy,irish
D:\Potato\IrishPotato37G\lateblt\Lateblt2396.jpg,late_blight,irish
D:\Potato\IrishPotato37G\earlyblt\Earlyblt1389.JPG,early_blight,irish
D:\Potato\IrishPotato37G\healthy\healthy4492.jpg,healthy,irish
D:\Potato\IrishPotato37G\lateblt\Lateblt655.jpg,late_blight,irish
D:\Potato\IrishPotato37G\healthy\healthy1224.jpg,healthy,irish
D:\Potato\IrishPotato37G\lateblt\Lateblt2838.jpg,late_blight,irish
D:\Potato\IrishPotato37G\lateblt\Lateblt2749.jpg,late_blight,irish
D:\Potato\IrishPotato37G\earlyblt\Earlyblt2245.JPG,early_blight,irish
D:\Potato\IrishPotato37G\healthy\healthy88.jpg,healthy,irish
D:\Potato\IrishPotato37G\lateblt\Lateblt2244.jpg,late_blight,irish
D:\Potato\IrishPotato37G\healthy\healthy1415.jpg,healthy,irish
D:\Potato\IrishPotato37G\healthy\healthy2011.jpg,healthy,irish
D:\Potato\IrishPotato37G\healthy\healthy4555.jpg,healthy,irish
D:\Potato\IrishPotato37G\healthy\healthy2581.jpg,healthy,irish
D:\Potato\IrishPotato37G\earlyblt\Earlyblt6414.JPG,early_blight,irish
D:\Potato\IrishPotato37G\lateblt\Lateblt1317.jpg,late_blight,irish
D:\Potato\IrishPotato37G\earlyblt\Earlyblt3888.jpg,early_blight,irish
D:\Potato\IrishPotato37G\lateblt\Lateblt1504.jpg,late_blight,irish
D:\Potato\IrishPotato37G\lateblt\Lateblt1524.jpg,late_blight,irish
D:\Potato\IrishPotato37G\lateblt\Lateblt158.jpg,late_blight,irish
D:\Potato\IrishPotato37G\earlyblt\Earlyblt3219.jpg,early_blight,irish
D:\Potato\IrishPotato37G\lateblt\Lateblt27.jpg,late_blight,irish
D:\Potato\IrishPotato37G\lateblt\Lateblt313.jpg,late_blight,irish
D:\Potato\IrishPotato37G\lateblt\Lateblt510.jpg,late_blight,irish
D:\Potato\IrishPotato37G\lateblt\Lateblt2303.jpg,late_blight,irish
D:\Potato\IrishPotato37G\lateblt\Lateblt2346_1.jpg,late_blight,irish
D:\Potato\IrishPotato37G\healthy\healthy232.jpg,healthy,irish
D:\Potato\IrishPotato37G\healthy\healthy4295.jpg,healthy,irish
D:\Potato\IrishPotato37G\healthy\healthy1813.jpg,healthy,irish
D:\Potato\IrishPotato37G\earlyblt\Earlyblt7.JPG,early_blight,irish
D:\Potato\IrishPotato37G\earlyblt\Earlyblt2969.JPG,early_blight,irish
D:\Potato\IrishPotato37G\lateblt\Lateblt2287.jpg,late_blight,irish
D:\Potato\IrishPotato37G\earlyblt\Earlyblt427.JPG,early_blight,irish
D:\Potato\IrishPotato37G\healthy\healthy1933.jpg,healthy,irish
D:\Potato\IrishPotato37G\healthy\healthy547.jpg,healthy,irish
D:\Potato\IrishPotato37G\healthy\healthy2465.jpg,healthy,irish
D:\Potato\IrishPotato37G\lateblt\Lateblt1106.jpg,late_blight,irish
D:\Potato\IrishPotato37G\earlyblt\Earlyblt6787.JPG,early_blight,irish
D:\Potato\IrishPotato37G\healthy\healthy607.jpg,healthy,irish
D:\Potato\IrishPotato37G\healthy\healthy4839.jpg,healthy,irish
D:\Potato\IrishPotato37G\healthy\healthy619.jpg,healthy,irish
D:\Potato\IrishPotato37G\lateblt\Lateblt1298.jpg,late_blight,irish
D:\Potato\IrishPotato37G\lateblt\Lateblt53.jpg,late_blight,irish
D:\Potato\IrishPotato37G\healthy\healthy4873.jpg,healthy,irish
D:\Potato\IrishPotato37G\lateblt\Lateblt2099.jpg,late_blight,irish
D:\Potato\IrishPotato37G\lateblt\Lateblt2248.jpg,late_blight,irish
D:\Potato\IrishPotato37G\lateblt\Lateblt246.jpg,late_blight,irish
D:\Potato\IrishPotato37G\healthy\healthy5312.jpg,healthy,irish
D:\Potato\IrishPotato37G\earlyblt\Earlyblt2401.JPG,early_blight,irish
D:\Potato\IrishPotato37G\lateblt\Lateblt5001.jpg,late_blight,irish
D:\Potato\IrishPotato37G\lateblt\Lateblt2175.jpg,late_blight,irish
D:\Potato\IrishPotato37G\earlyblt\Earlyblt2546.JPG,early_blight,irish
D:\Potato\IrishPotato37G\lateblt\Lateblt5052.jpg,late_blight,irish
D:\Potato\IrishPotato37G\lateblt\Lateblt1416.jpg,late_blight,irish
D:\Potato\IrishPotato37G\lateblt\Lateblt1803.jpg,late_blight,irish
D:\Potato\IrishPotato37G\lateblt\Lateblt1666.jpg,late_blight,irish
D:\Potato\IrishPotato37G\lateblt\Lateblt2028.jpg,late_blight,irish
D:\Potato\IrishPotato37G\earlyblt\Earlyblt6490.JPG,early_blight,irish
D:\Potato\IrishPotato37G\earlyblt\Earlyblt3401.jpg,early_blight,irish
D:\Potato\IrishPotato37G\earlyblt\Earlyblt6476.jpg,early_blight,irish
D:\Potato\IrishPotato37G\lateblt\Lateblt920.jpg,late_blight,irish
D:\Potato\IrishPotato37G\earlyblt\Earlyblt4814.jpg,early_blight,irish
D:\Potato\IrishPotato37G\healthy\healthy2448.jpg,healthy,irish
D:\Potato\IrishPotato37G\healthy\healthy3928.jpg,healthy,irish
D:\Potato\IrishPotato37G\earlyblt\Earlyblt1061.JPG,early_blight,irish
D:\Potato\IrishPotato37G\lateblt\Lateblt2225.jpg,late_blight,irish
D:\Potato\IrishPotato37G\earlyblt\Earlyblt1257.JPG,early_blight,irish
D:\Potato\IrishPotato37G\earlyblt\Earlyblt270.JPG,early_blight,irish
D:\Potato\IrishPotato37G\earlyblt\Earlyblt1947.JPG,early_blight,irish
D:\Potato\IrishPotato37G\earlyblt\Earlyblt2173.JPG,early_blight,irish
D:\Potato\IrishPotato37G\healthy\healthy567.jpg,healthy,irish
D:\Potato\IrishPotato37G\lateblt\Lateblt2461.jpg,late_blight,irish
D:\Potato\IrishPotato37G\earlyblt\Earlyblt6103.jpg,early_blight,irish
D:\Potato\IrishPotato37G\earlyblt\Earlyblt338.JPG,early_blight,irish
D:\Potato\IrishPotato37G\lateblt\Lateblt1275.jpg,late_blight,irish
D:\Potato\IrishPotato37G\lateblt\Lateblt2905.jpg,late_blight,irish
D:\Potato\IrishPotato37G\earlyblt\Earlyblt1219.JPG,early_blight,irish
D:\Potato\IrishPotato37G\earlyblt\Earlyblt7019.JPG,early_blight,irish
D:\Potato\IrishPotato37G\healthy\healthy2815.jpg,healthy,irish
D:\Potato\IrishPotato37G\lateblt\Lateblt1667.jpg,late_blight,irish
D:\Potato\IrishPotato37G\lateblt\Lateblt2363.jpg,late_blight,irish
D:\Potato\IrishPotato37G\lateblt\Lateblt2477.jpg,late_blight,irish
D:\Potato\IrishPotato37G\healthy\healthy1920.jpg,healthy,irish
D:\Potato\IrishPotato37G\earlyblt\Earlyblt813.JPG,early_blight,irish
D:\Potato\IrishPotato37G\earlyblt\Earlyblt1443.JPG,early_blight,irish
D:\Potato\IrishPotato37G\healthy\healthy5280.jpg,healthy,irish
D:\Potato\IrishPotato37G\healthy\healthy4055.jpg,healthy,irish
D:\Potato\IrishPotato37G\healthy\healthy436.jpg,healthy,irish
D:\Potato\IrishPotato37G\lateblt\Lateblt342.jpg,late_blight,irish
D:\Potato\IrishPotato37G\lateblt\Lateblt219.jpg,late_blight,irish
D:\Potato\IrishPotato37G\lateblt\Lateblt692.jpg,late_blight,irish
D:\Potato\IrishPotato37G\lateblt\Lateblt2645.jpg,late_blight,irish
D:\Potato\IrishPotato37G\lateblt\Lateblt2928.jpg,late_blight,irish
D:\Potato\IrishPotato37G\earlyblt\Earlyblt3716.jpg,early_blight,irish
D:\Potato\IrishPotato37G\earlyblt\Earlyblt2854.JPG,early_blight,irish
D:\Potato\IrishPotato37G\earlyblt\Earlyblt1847.JPG,early_blight,irish
D:\Potato\IrishPotato37G\healthy\healthy3262.jpg,healthy,irish
D:\Potato\IrishPotato37G\lateblt\Lateblt5040.jpg,late_blight,irish
D:\Potato\IrishPotato37G\lateblt\Lateblt2429.jpg,late_blight,irish
D:\Potato\IrishPotato37G\lateblt\Lateblt891.jpg,late_blight,irish
D:\Potato\IrishPotato37G\lateblt\Lateblt464.jpg,late_blight,irish
D:\Potato\IrishPotato37G\healthy\healthy2423.jpg,healthy,irish
D:\Potato\IrishPotato37G\healthy\healthy5407.jpg,healthy,irish
D:\Potato\IrishPotato37G\lateblt\Lateblt1116.jpg,late_blight,irish
D:\Potato\IrishPotato37G\lateblt\Lateblt2746.jpg,late_blight,irish
D:\Potato\IrishPotato37G\lateblt\Lateblt2597.jpg,late_blight,irish
D:\Potato\IrishPotato37G\earlyblt\Earlyblt6954.JPG,early_blight,irish
D:\Potato\IrishPotato37G\earlyblt\Earlyblt670.JPG,early_blight,irish
D:\Potato\IrishPotato37G\lateblt\Lateblt674.jpg,late_blight,irish
D:\Potato\IrishPotato37G\lateblt\Lateblt496.jpg,late_blight,irish
D:\Potato\IrishPotato37G\lateblt\Lateblt1233.jpg,late_blight,irish
D:\Potato\IrishPotato37G\healthy\healthy591.jpg,healthy,irish
D:\Potato\IrishPotato37G\earlyblt\Earlyblt1082.JPG,early_blight,irish
D:\Potato\IrishPotato37G\earlyblt\Earlyblt2623.JPG,early_blight,irish
D:\Potato\IrishPotato37G\lateblt\Lateblt583.jpg,late_blight,irish
D:\Potato\IrishPotato37G\earlyblt\Earlyblt1964.JPG,early_blight,irish
D:\Potato\IrishPotato37G\earlyblt\Earlyblt1256.JPG,early_blight,irish
D:\Potato\IrishPotato37G\lateblt\Lateblt778.jpg,late_blight,irish
D:\Potato\IrishPotato37G\earlyblt\Earlyblt3605.jpg,early_blight,irish
D:\Potato\IrishPotato37G\healthy\healthy337.jpg,healthy,irish
D:\Potato\IrishPotato37G\earlyblt\Earlyblt2104.JPG,early_blight,irish
D:\Potato\IrishPotato37G\lateblt\Lateblt582.jpg,late_blight,irish
D:\Potato\IrishPotato37G\healthy\healthy699.jpg,healthy,irish
D:\Potato\IrishPotato37G\lateblt\Lateblt1852.jpg,late_blight,irish
D:\Potato\IrishPotato37G\healthy\healthy3193.jpg,healthy,irish
D:\Potato\IrishPotato37G\earlyblt\Earlyblt6088.jpg,early_blight,irish
D:\Potato\IrishPotato37G\lateblt\Lateblt2653.jpg,late_blight,irish
D:\Potato\IrishPotato37G\healthy\healthy5428.jpg,healthy,irish
D:\Potato\IrishPotato37G\earlyblt\Earlyblt6538.jpg,early_blight,irish
D:\Potato\IrishPotato37G\healthy\healthy2999.jpg,healthy,irish
D:\Potato\IrishPotato37G\earlyblt\Earlyblt5912.jpg,early_blight,irish
D:\Potato\IrishPotato37G\healthy\healthy845.jpg,healthy,irish
D:\Potato\IrishPotato37G\healthy\healthy861.jpg,healthy,irish
D:\Potato\IrishPotato37G\lateblt\Lateblt665.jpg,late_blight,irish
D:\Potato\IrishPotato37G\lateblt\Lateblt667.jpg,late_blight,irish
D:\Potato\IrishPotato37G\earlyblt\Earlyblt5997.jpg,early_blight,irish
D:\Potato\IrishPotato37G\lateblt\Lateblt1348.jpg,late_blight,irish
D:\Potato\IrishPotato37G\healthy\healthy2027.jpg,healthy,irish
D:\Potato\IrishPotato37G\lateblt\Lateblt1599.jpg,late_blight,irish
D:\Potato\IrishPotato37G\earlyblt\Earlyblt4784.JPG,early_blight,irish
D:\Potato\IrishPotato37G\earlyblt\Earlyblt6924.JPG,early_blight,irish
D:\Potato\IrishPotato37G\healthy\healthy2575.jpg,healthy,irish
D:\Potato\IrishPotato37G\healthy\healthy5543.jpg,healthy,irish
D:\Potato\IrishPotato37G\lateblt\Lateblt2798.jpg,late_blight,irish
D:\Potato\IrishPotato37G\earlyblt\Earlyblt874.JPG,early_blight,irish
D:\Potato\IrishPotato37G\lateblt\Lateblt2055.jpg,late_blight,irish
D:\Potato\IrishPotato37G\lateblt\Lateblt343.jpg,late_blight,irish
D:\Potato\IrishPotato37G\healthy\healthy3722.jpg,healthy,irish
D:\Potato\IrishPotato37G\earlyblt\Earlyblt3291.jpg,early_blight,irish
D:\Potato\IrishPotato37G\lateblt\Lateblt5008.jpg,late_blight,irish
D:\Potato\IrishPotato37G\earlyblt\Earlyblt2597.JPG,early_blight,irish
D:\Potato\IrishPotato37G\lateblt\Lateblt1785.jpg,late_blight,irish
D:\Potato\IrishPotato37G\earlyblt\Earlyblt6031.jpg,early_blight,irish
D:\Potato\IrishPotato37G\lateblt\Lateblt1288.jpg,late_blight,irish
D:\Potato\IrishPotato37G\earlyblt\Earlyblt6979.JPG,early_blight,irish
D:\Potato\IrishPotato37G\earlyblt\Earlyblt764.JPG,early_blight,irish
D:\Potato\IrishPotato37G\lateblt\Lateblt2178.jpg,late_blight,irish
D:\Potato\IrishPotato37G\earlyblt\Earlyblt2334.JPG,early_blight,irish
D:\Potato\IrishPotato37G\lateblt\Lateblt7.jpg,late_blight,irish
D:\Potato\IrishPotato37G\earlyblt\Earlyblt6971.JPG,early_blight,irish
D:\Potato\IrishPotato37G\earlyblt\Earlyblt543.JPG,early_blight,irish
D:\Potato\IrishPotato37G\earlyblt\Earlyblt190.JPG,early_blight,irish
D:\Potato\IrishPotato37G\lateblt\Lateblt1923.jpg,late_blight,irish
D:\Potato\IrishPotato37G\lateblt\Lateblt281.jpg,late_blight,irish
D:\Potato\IrishPotato37G\healthy\healthy1957.jpg,healthy,irish
D:\Potato\IrishPotato37G\lateblt\Lateblt2273.jpg,late_blight,irish
D:\Potato\IrishPotato37G\lateblt\Lateblt2452.jpg,late_blight,irish
D:\Potato\IrishPotato37G\lateblt\Lateblt2181.jpg,late_blight,irish
D:\Potato\IrishPotato37G\earlyblt\Earlyblt2817.JPG,early_blight,irish
D:\Potato\IrishPotato37G\earlyblt\Earlyblt1761.JPG,early_blight,irish
D:\Potato\IrishPotato37G\healthy\healthy2136.jpg,healthy,irish
D:\Potato\IrishPotato37G\healthy\healthy666.jpg,healthy,irish
D:\Potato\IrishPotato37G\healthy\healthy961.jpg,healthy,irish
D:\Potato\IrishPotato37G\earlyblt\Earlyblt2291.JPG,early_blight,irish
D:\Potato\IrishPotato37G\healthy\healthy182.jpg,healthy,irish
D:\Potato\IrishPotato37G\earlyblt\Earlyblt1195.JPG,early_blight,irish
D:\Potato\IrishPotato37G\lateblt\Lateblt273.jpg,late_blight,irish
D:\Potato\IrishPotato37G\lateblt\Lateblt1161.jpg,late_blight,irish
D:\Potato\IrishPotato37G\lateblt\Lateblt579.jpg,late_blight,irish
D:\Potato\IrishPotato37G\lateblt\Lateblt658.jpg,late_blight,irish
D:\Potato\IrishPotato37G\healthy\healthy2955.jpg,healthy,irish
D:\Potato\IrishPotato37G\lateblt\Lateblt5047.jpg,late_blight,irish
D:\Potato\IrishPotato37G\earlyblt\Earlyblt3920.jpg,early_blight,irish
D:\Potato\IrishPotato37G\healthy\healthy1053.jpg,healthy,irish
D:\Potato\IrishPotato37G\healthy\healthy3079.jpg,healthy,irish
D:\Potato\IrishPotato37G\lateblt\Lateblt1530.jpg,late_blight,irish
D:\Potato\IrishPotato37G\healthy\healthy2965.jpg,healthy,irish
D:\Potato\IrishPotato37G\lateblt\Lateblt1208.jpg,late_blight,irish
D:\Potato\IrishPotato37G\lateblt\Lateblt2924.jpg,late_blight,irish
D:\Potato\IrishPotato37G\earlyblt\Earlyblt2235.JPG,early_blight,irish
D:\Potato\IrishPotato37G\earlyblt\Earlyblt3984.jpg,early_blight,irish
D:\Potato\IrishPotato37G\lateblt\Lateblt787.jpg,late_blight,irish
D:\Potato\IrishPotato37G\earlyblt\Earlyblt69.JPG,early_blight,irish
D:\Potato\IrishPotato37G\healthy\healthy2332.jpg,healthy,irish
D:\Potato\IrishPotato37G\lateblt\Lateblt94.jpg,late_blight,irish
D:\Potato\IrishPotato37G\healthy\healthy3769.jpg,healthy,irish
D:\Potato\IrishPotato37G\lateblt\Lateblt760.jpg,late_blight,irish
D:\Potato\IrishPotato37G\lateblt\Lateblt2802.jpg,late_blight,irish
D:\Potato\IrishPotato37G\earlyblt\Earlyblt2289.JPG,early_blight,irish
D:\Potato\IrishPotato37G\earlyblt\Earlyblt370.JPG,early_blight,irish
D:\Potato\IrishPotato37G\lateblt\Lateblt414.jpg,late_blight,irish
D:\Potato\IrishPotato37G\lateblt\Lateblt768.jpg,late_blight,irish
D:\Potato\IrishPotato37G\healthy\healthy5345.jpg,healthy,irish
D:\Potato\IrishPotato37G\earlyblt\Earlyblt2456.JPG,early_blight,irish
D:\Potato\IrishPotato37G\healthy\healthy956.jpg,healthy,irish
D:\Potato\IrishPotato37G\lateblt\Lateblt186.jpg,late_blight,irish
D:\Potato\IrishPotato37G\earlyblt\Earlyblt3705.jpg,early_blight,irish
D:\Potato\IrishPotato37G\lateblt\Lateblt670.jpg,late_blight,irish
D:\Potato\IrishPotato37G\earlyblt\Earlyblt215.JPG,early_blight,irish
D:\Potato\IrishPotato37G\healthy\healthy5361.jpg,healthy,irish
D:\Potato\IrishPotato37G\earlyblt\Earlyblt2400.JPG,early_blight,irish
D:\Potato\IrishPotato37G\lateblt\Lateblt2812.jpg,late_blight,irish
D:\Potato\IrishPotato37G\lateblt\Lateblt2772.jpg,late_blight,irish
D:\Potato\IrishPotato37G\lateblt\Lateblt20.jpg,late_blight,irish
D:\Potato\IrishPotato37G\earlyblt\Earlyblt3239.jpg,early_blight,irish
D:\Potato\IrishPotato37G\earlyblt\Earlyblt557.JPG,early_blight,irish
D:\Potato\IrishPotato37G\earlyblt\Earlyblt6488.jpg,early_blight,irish
D:\Potato\IrishPotato37G\lateblt\Lateblt1989.jpg,late_blight,irish
D:\Potato\IrishPotato37G\healthy\healthy3514.jpg,healthy,irish
D:\Potato\IrishPotato37G\earlyblt\Earlyblt6690.jpg,early_blight,irish
D:\Potato\IrishPotato37G\earlyblt\Earlyblt588.JPG,early_blight,irish
D:\Potato\IrishPotato37G\earlyblt\Earlyblt590.JPG,early_blight,irish
D:\Potato\IrishPotato37G\earlyblt\Earlyblt3180.jpg,early_blight,irish
D:\Potato\IrishPotato37G\healthy\healthy4960.jpg,healthy,irish
D:\Potato\IrishPotato37G\lateblt\Lateblt2098.jpg,late_blight,irish
D:\Potato\IrishPotato37G\healthy\healthy769.jpg,healthy,irish
D:\Potato\IrishPotato37G\earlyblt\Earlyblt6452.jpg,early_blight,irish
D:\Potato\IrishPotato37G\lateblt\Lateblt2388.jpg,late_blight,irish
D:\Potato\IrishPotato37G\earlyblt\Earlyblt35.JPG,early_blight,irish
D:\Potato\IrishPotato37G\healthy\healthy1499.jpg,healthy,irish
D:\Potato\IrishPotato37G\lateblt\Lateblt754.jpg,late_blight,irish
D:\Potato\IrishPotato37G\earlyblt\Earlyblt2770.JPG,early_blight,irish
D:\Potato\IrishPotato37G\healthy\healthy4334.jpg,healthy,irish
D:\Potato\IrishPotato37G\earlyblt\Earlyblt5910.jpg,early_blight,irish
D:\Potato\IrishPotato37G\lateblt\Lateblt1197.jpg,late_blight,irish
D:\Potato\IrishPotato37G\earlyblt\Earlyblt2155.JPG,early_blight,irish
D:\Potato\IrishPotato37G\earlyblt\Earlyblt2153.JPG,early_blight,irish
D:\Potato\IrishPotato37G\earlyblt\Earlyblt617.JPG,early_blight,irish
D:\Potato\IrishPotato37G\earlyblt\Earlyblt6557.jpg,early_blight,irish
D:\Potato\IrishPotato37G\lateblt\Lateblt1858.jpg,late_blight,irish
D:\Potato\IrishPotato37G\earlyblt\Earlyblt4856.JPG,early_blight,irish
D:\Potato\IrishPotato37G\healthy\healthy2657.jpg,healthy,irish
D:\Potato\IrishPotato37G\healthy\healthy5009.jpg,healthy,irish
D:\Potato\IrishPotato37G\earlyblt\Earlyblt415.JPG,early_blight,irish
D:\Potato\IrishPotato37G\healthy\healthy2940.jpg,healthy,irish
D:\Potato\IrishPotato37G\lateblt\Lateblt1419.jpg,late_blight,irish
D:\Potato\IrishPotato37G\healthy\healthy5315.jpg,healthy,irish
D:\Potato\IrishPotato37G\lateblt\Lateblt697.jpg,late_blight,irish
D:\Potato\IrishPotato37G\healthy\healthy3083.jpg,healthy,irish
D:\Potato\IrishPotato37G\earlyblt\Earlyblt6901.JPG,early_blight,irish
D:\Potato\IrishPotato37G\lateblt\Lateblt2071.jpg,late_blight,irish
D:\Potato\IrishPotato37G\earlyblt\Earlyblt6684.jpg,early_blight,irish
D:\Potato\IrishPotato37G\lateblt\Lateblt1931.jpg,late_blight,irish
D:\Potato\IrishPotato37G\lateblt\Lateblt610.jpg,late_blight,irish
D:\Potato\IrishPotato37G\lateblt\Lateblt2312.jpg,late_blight,irish
D:\Potato\IrishPotato37G\lateblt\Lateblt2810.jpg,late_blight,irish
D:\Potato\IrishPotato37G\healthy\healthy2805.jpg,healthy,irish
D:\Potato\IrishPotato37G\lateblt\Lateblt2575.jpg,late_blight,irish
D:\Potato\IrishPotato37G\earlyblt\Earlyblt3617.jpg,early_blight,irish
D:\Potato\IrishPotato37G\lateblt\Lateblt2540.jpg,late_blight,irish
D:\Potato\IrishPotato37G\earlyblt\Earlyblt1277.JPG,early_blight,irish
D:\Potato\IrishPotato37G\healthy\healthy5644.jpg,healthy,irish
D:\Potato\IrishPotato37G\lateblt\Lateblt1838.jpg,late_blight,irish
D:\Potato\IrishPotato37G\healthy\healthy668.jpg,healthy,irish
D:\Potato\IrishPotato37G\earlyblt\Earlyblt213.JPG,early_blight,irish
D:\Potato\IrishPotato37G\lateblt\Lateblt2569.jpg,late_blight,irish
D:\Potato\IrishPotato37G\healthy\healthy3061.jpg,healthy,irish
D:\Potato\IrishPotato37G\lateblt\Lateblt1743.jpg,late_blight,irish
D:\Potato\IrishPotato37G\lateblt\Lateblt55.jpg,late_blight,irish
D:\Potato\IrishPotato37G\lateblt\Lateblt2999.jpg,late_blight,irish
D:\Potato\IrishPotato37G\healthy\healthy381.jpg,healthy,irish
D:\Potato\IrishPotato37G\healthy\healthy674.jpg,healthy,irish
D:\Potato\IrishPotato37G\earlyblt\Earlyblt5993.jpg,early_blight,irish
D:\Potato\IrishPotato37G\earlyblt\Earlyblt1334.JPG,early_blight,irish
D:\Potato\IrishPotato37G\earlyblt\Earlyblt6083.JPG,early_blight,irish
D:\Potato\IrishPotato37G\earlyblt\Earlyblt1294.JPG,early_blight,irish
D:\Potato\IrishPotato37G\earlyblt\Earlyblt608.JPG,early_blight,irish
D:\Potato\IrishPotato37G\lateblt\Lateblt1640.jpg,late_blight,irish
D:\Potato\IrishPotato37G\earlyblt\Earlyblt2231.JPG,early_blight,irish
D:\Potato\IrishPotato37G\earlyblt\Earlyblt1281.JPG,early_blight,irish
D:\Potato\IrishPotato37G\earlyblt\Earlyblt2062.JPG,early_blight,irish
D:\Potato\IrishPotato37G\earlyblt\Earlyblt529.JPG,early_blight,irish
D:\Potato\IrishPotato37G\healthy\healthy1300.jpg,healthy,irish
D:\Potato\IrishPotato37G\earlyblt\Earlyblt6348.JPG,early_blight,irish
D:\Potato\IrishPotato37G\earlyblt\Earlyblt4968.jpg,early_blight,irish
D:\Potato\IrishPotato37G\healthy\healthy1945.jpg,healthy,irish
D:\Potato\IrishPotato37G\healthy\healthy657.jpg,healthy,irish
D:\Potato\IrishPotato37G\healthy\healthy911.jpg,healthy,irish
D:\Potato\IrishPotato37G\healthy\healthy3396.jpg,healthy,irish
D:\Potato\IrishPotato37G\earlyblt\Earlyblt14.JPG,early_blight,irish
D:\Potato\IrishPotato37G\healthy\healthy4012.jpg,healthy,irish
D:\Potato\IrishPotato37G\earlyblt\Earlyblt6912.JPG,early_blight,irish
D:\Potato\IrishPotato37G\healthy\healthy1525.jpg,healthy,irish
D:\Potato\IrishPotato37G\healthy\healthy2775.jpg,healthy,irish
D:\Potato\IrishPotato37G\healthy\healthy3105.jpg,healthy,irish
D:\Potato\IrishPotato37G\healthy\healthy2913.jpg,healthy,irish
D:\Potato\IrishPotato37G\lateblt\Lateblt242.jpg,late_blight,irish
D:\Potato\IrishPotato37G\earlyblt\Earlyblt6543.jpg,early_blight,irish
D:\Potato\IrishPotato37G\earlyblt\Earlyblt1638.JPG,early_blight,irish
D:\Potato\IrishPotato37G\lateblt\Lateblt2295.jpg,late_blight,irish
D:\Potato\IrishPotato37G\lateblt\Lateblt805.jpg,late_blight,irish
D:\Potato\IrishPotato37G\earlyblt\Earlyblt4882.jpg,early_blight,irish
D:\Potato\IrishPotato37G\healthy\healthy5326.jpg,healthy,irish
D:\Potato\IrishPotato37G\lateblt\Lateblt2503.jpg,late_blight,irish
D:\Potato\IrishPotato37G\lateblt\Lateblt321.jpg,late_blight,irish
D:\Potato\IrishPotato37G\lateblt\Lateblt480.jpg,late_blight,irish
D:\Potato\IrishPotato37G\healthy\healthy4357.jpg,healthy,irish
D:\Potato\IrishPotato37G\earlyblt\Earlyblt4753.JPG,early_blight,irish
D:\Potato\IrishPotato37G\lateblt\Lateblt794.jpg,late_blight,irish
D:\Potato\IrishPotato37G\lateblt\Lateblt1563.jpg,late_blight,irish
D:\Potato\IrishPotato37G\healthy\healthy2696.jpg,healthy,irish
D:\Potato\IrishPotato37G\lateblt\Lateblt2866.jpg,late_blight,irish
D:\Potato\IrishPotato37G\healthy\healthy4314.jpg,healthy,irish
D:\Potato\IrishPotato37G\lateblt\Lateblt1204.jpg,late_blight,irish
D:\Potato\IrishPotato37G\earlyblt\Earlyblt3938.jpg,early_blight,irish
D:\Potato\IrishPotato37G\lateblt\Lateblt1127.jpg,late_blight,irish
D:\Potato\IrishPotato37G\healthy\healthy5275.jpg,healthy,irish
D:\Potato\IrishPotato37G\earlyblt\Earlyblt2126.JPG,early_blight,irish
D:\Potato\IrishPotato37G\lateblt\Lateblt72.jpg,late_blight,irish
D:\Potato\IrishPotato37G\healthy\healthy2541.jpg,healthy,irish
D:\Potato\IrishPotato37G\lateblt\Lateblt2631.jpg,late_blight,irish
D:\Potato\IrishPotato37G\lateblt\Lateblt2951.jpg,late_blight,irish
D:\Potato\IrishPotato37G\healthy\healthy214.jpg,healthy,irish
D:\Potato\IrishPotato37G\healthy\healthy4065.jpg,healthy,irish
D:\Potato\IrishPotato37G\earlyblt\Earlyblt7022.JPG,early_blight,irish
D:\Potato\IrishPotato37G\earlyblt\Earlyblt6392.JPG,early_blight,irish
D:\Potato\IrishPotato37G\lateblt\Lateblt2291.jpg,late_blight,irish
D:\Potato\IrishPotato37G\healthy\healthy2189.jpg,healthy,irish
D:\Potato\IrishPotato37G\lateblt\Lateblt2902.jpg,late_blight,irish
D:\Potato\IrishPotato37G\lateblt\Lateblt1465.jpg,late_blight,irish
D:\Potato\IrishPotato37G\lateblt\Lateblt2586.jpg,late_blight,irish
D:\Potato\IrishPotato37G\healthy\healthy4552.jpg,healthy,irish
D:\Potato\IrishPotato37G\earlyblt\Earlyblt1076.JPG,early_blight,irish
D:\Potato\IrishPotato37G\healthy\healthy3542.jpg,healthy,irish
D:\Potato\IrishPotato37G\lateblt\Lateblt1394.jpg,late_blight,irish
D:\Potato\IrishPotato37G\healthy\healthy4449.jpg,healthy,irish
D:\Potato\IrishPotato37G\healthy\healthy2200.jpg,healthy,irish
D:\Potato\IrishPotato37G\healthy\healthy4214.jpg,healthy,irish
D:\Potato\IrishPotato37G\healthy\healthy4865.jpg,healthy,irish
D:\Potato\IrishPotato37G\healthy\healthy349.jpg,healthy,irish
D:\Potato\IrishPotato37G\earlyblt\Earlyblt953.JPG,early_blight,irish
D:\Potato\IrishPotato37G\lateblt\Lateblt2207.jpg,late_blight,irish
D:\Potato\IrishPotato37G\earlyblt\Earlyblt6009.jpg,early_blight,irish
D:\Potato\IrishPotato37G\healthy\healthy110.jpg,healthy,irish
D:\Potato\IrishPotato37G\earlyblt\Earlyblt2904.JPG,early_blight,irish
D:\Potato\IrishPotato37G\earlyblt\Earlyblt1833.JPG,early_blight,irish
D:\Potato\IrishPotato37G\healthy\healthy3675.jpg,healthy,irish
D:\Potato\IrishPotato37G\lateblt\Lateblt224.jpg,late_blight,irish
D:\Potato\IrishPotato37G\earlyblt\Earlyblt1612.JPG,early_blight,irish
D:\Potato\IrishPotato37G\healthy\healthy5141.jpg,healthy,irish
D:\Potato\IrishPotato37G\lateblt\Lateblt536.jpg,late_blight,irish
D:\Potato\IrishPotato37G\lateblt\Lateblt2434.jpg,late_blight,irish
D:\Potato\IrishPotato37G\lateblt\Lateblt1194.jpg,late_blight,irish
D:\Potato\IrishPotato37G\earlyblt\Earlyblt4872.jpg,early_blight,irish
D:\Potato\IrishPotato37G\lateblt\Lateblt1442.jpg,late_blight,irish
D:\Potato\IrishPotato37G\lateblt\Lateblt1481.jpg,late_blight,irish
D:\Potato\IrishPotato37G\healthy\healthy2285.jpg,healthy,irish
D:\Potato\IrishPotato37G\healthy\healthy4539.jpg,healthy,irish
D:\Potato\IrishPotato37G\earlyblt\Earlyblt593.JPG,early_blight,irish
D:\Potato\IrishPotato37G\lateblt\Lateblt1696.jpg,late_blight,irish
D:\Potato\IrishPotato37G\earlyblt\Earlyblt3221.jpg,early_blight,irish
D:\Potato\IrishPotato37G\lateblt\Lateblt2768.jpg,late_blight,irish
D:\Potato\IrishPotato37G\earlyblt\Earlyblt1530.JPG,early_blight,irish
D:\Potato\IrishPotato37G\lateblt\Lateblt1607.jpg,late_blight,irish
D:\Potato\IrishPotato37G\healthy\healthy2917.jpg,healthy,irish
D:\Potato\IrishPotato37G\earlyblt\Earlyblt3647.jpg,early_blight,irish
D:\Potato\IrishPotato37G\lateblt\Lateblt1271.jpg,late_blight,irish
D:\Potato\IrishPotato37G\earlyblt\Earlyblt3860.jpg,early_blight,irish
D:\Potato\IrishPotato37G\lateblt\Lateblt1370.jpg,late_blight,irish
D:\Potato\IrishPotato37G\earlyblt\Earlyblt2045.JPG,early_blight,irish
D:\Potato\IrishPotato37G\earlyblt\Earlyblt6506.JPG,early_blight,irish
D:\Potato\IrishPotato37G\healthy\healthy3474.jpg,healthy,irish
D:\Potato\IrishPotato37G\earlyblt\Earlyblt2425.JPG,early_blight,irish
D:\Potato\IrishPotato37G\earlyblt\Earlyblt6091.jpg,early_blight,irish
D:\Potato\IrishPotato37G\lateblt\Lateblt2272.jpg,late_blight,irish
D:\Potato\IrishPotato37G\lateblt\Lateblt1802.jpg,late_blight,irish
D:\Potato\IrishPotato37G\lateblt\Lateblt5005.jpg,late_blight,irish
D:\Potato\IrishPotato37G\earlyblt\Earlyblt7025.JPG,early_blight,irish
D:\Potato\IrishPotato37G\healthy\healthy4404.jpg,healthy,irish
D:\Potato\IrishPotato37G\lateblt\Lateblt2390.jpg,late_blight,irish
D:\Potato\IrishPotato37G\earlyblt\Earlyblt2805.JPG,early_blight,irish
D:\Potato\IrishPotato37G\lateblt\Lateblt5056.jpg,late_blight,irish
D:\Potato\IrishPotato37G\lateblt\Lateblt2904.jpg,late_blight,irish
D:\Potato\IrishPotato37G\healthy\healthy3458.jpg,healthy,irish
D:\Potato\IrishPotato37G\healthy\healthy890.jpg,healthy,irish
D:\Potato\IrishPotato37G\earlyblt\Earlyblt6021.jpg,early_blight,irish
D:\Potato\IrishPotato37G\lateblt\Lateblt2560.jpg,late_blight,irish
D:\Potato\IrishPotato37G\lateblt\Lateblt153.jpg,late_blight,irish
D:\Potato\IrishPotato37G\earlyblt\Earlyblt659.jpg,early_blight,irish
D:\Potato\IrishPotato37G\healthy\healthy1856.jpg,healthy,irish
D:\Potato\IrishPotato37G\earlyblt\Earlyblt3020.JPG,early_blight,irish
D:\Potato\IrishPotato37G\lateblt\Lateblt2415.jpg,late_blight,irish
D:\Potato\IrishPotato37G\earlyblt\Earlyblt3349.jpg,early_blight,irish
D:\Potato\IrishPotato37G\healthy\healthy2111.jpg,healthy,irish
D:\Potato\IrishPotato37G\lateblt\Lateblt1752.jpg,late_blight,irish
D:\Potato\IrishPotato37G\healthy\healthy5511.jpg,healthy,irish
D:\Potato\IrishPotato37G\earlyblt\Earlyblt6412.JPG,early_blight,irish
D:\Potato\IrishPotato37G\earlyblt\Earlyblt1757.JPG,early_blight,irish
D:\Potato\IrishPotato37G\healthy\healthy4845.jpg,healthy,irish
D:\Potato\IrishPotato37G\healthy\healthy4166.jpg,healthy,irish
D:\Potato\IrishPotato37G\lateblt\Lateblt1948.jpg,late_blight,irish
D:\Potato\IrishPotato37G\healthy\healthy2728.jpg,healthy,irish
D:\Potato\IrishPotato37G\earlyblt\Earlyblt4687.JPG,early_blight,irish
D:\Potato\IrishPotato37G\earlyblt\Earlyblt6391.JPG,early_blight,irish
D:\Potato\IrishPotato37G\lateblt\Lateblt900.jpg,late_blight,irish
D:\Potato\IrishPotato37G\lateblt\Lateblt2638.jpg,late_blight,irish
D:\Potato\IrishPotato37G\healthy\healthy3380.jpg,healthy,irish
D:\Potato\IrishPotato37G\lateblt\Lateblt2362_1.jpg,late_blight,irish
D:\Potato\IrishPotato37G\earlyblt\Earlyblt2852.JPG,early_blight,irish
D:\Potato\IrishPotato37G\earlyblt\Earlyblt2368.JPG,early_blight,irish
D:\Potato\IrishPotato37G\healthy\healthy148.jpg,healthy,irish
D:\Potato\IrishPotato37G\lateblt\Lateblt2594.jpg,late_blight,irish
D:\Potato\IrishPotato37G\earlyblt\Earlyblt2405.JPG,early_blight,irish
D:\Potato\IrishPotato37G\lateblt\Lateblt2048.jpg,late_blight,irish
D:\Potato\IrishPotato37G\healthy\healthy1382.jpg,healthy,irish
D:\Potato\IrishPotato37G\lateblt\Lateblt268.jpg,late_blight,irish
D:\Potato\IrishPotato37G\healthy\healthy1770.jpg,healthy,irish
D:\Potato\IrishPotato37G\healthy\healthy1620.jpg,healthy,irish
D:\Potato\IrishPotato37G\healthy\healthy2579.jpg,healthy,irish
D:\Potato\IrishPotato37G\healthy\healthy4039.jpg,healthy,irish
D:\Potato\IrishPotato37G\earlyblt\Earlyblt1510.JPG,early_blight,irish
D:\Potato\IrishPotato37G\lateblt\Lateblt1198.jpg,late_blight,irish
D:\Potato\IrishPotato37G\lateblt\Lateblt1159.jpg,late_blight,irish
D:\Potato\IrishPotato37G\lateblt\Lateblt2793.jpg,late_blight,irish
D:\Potato\IrishPotato37G\lateblt\Lateblt2345.jpg,late_blight,irish
D:\Potato\IrishPotato37G\earlyblt\Earlyblt2977.JPG,early_blight,irish
D:\Potato\IrishPotato37G\healthy\healthy490.jpg,healthy,irish
D:\Potato\IrishPotato37G\earlyblt\Earlyblt899.JPG,early_blight,irish
D:\Potato\IrishPotato37G\earlyblt\Earlyblt1655.JPG,early_blight,irish
D:\Potato\IrishPotato37G\lateblt\Lateblt63.jpg,late_blight,irish
D:\Potato\IrishPotato37G\lateblt\Lateblt2992.jpg,late_blight,irish
D:\Potato\IrishPotato37G\lateblt\Lateblt415.jpg,late_blight,irish
D:\Potato\IrishPotato37G\lateblt\Lateblt2361.jpg,late_blight,irish
D:\Potato\IrishPotato37G\lateblt\Lateblt315.jpg,late_blight,irish
D:\Potato\IrishPotato37G\earlyblt\Earlyblt1592.JPG,early_blight,irish
D:\Potato\IrishPotato37G\earlyblt\Earlyblt2103.JPG,early_blight,irish
D:\Potato\IrishPotato37G\healthy\healthy4112.jpg,healthy,irish
D:\Potato\IrishPotato37G\healthy\healthy1097.jpg,healthy,irish
D:\Potato\IrishPotato37G\lateblt\Lateblt2288.jpg,late_blight,irish
D:\Potato\IrishPotato37G\lateblt\Lateblt1000.jpg,late_blight,irish
D:\Potato\IrishPotato37G\lateblt\Lateblt1741.jpg,late_blight,irish
D:\Potato\IrishPotato37G\healthy\healthy3978.jpg,healthy,irish
D:\Potato\IrishPotato37G\lateblt\Lateblt2203.jpg,late_blight,irish
D:\Potato\IrishPotato37G\lateblt\Lateblt2012.jpg,late_blight,irish
D:\Potato\IrishPotato37G\earlyblt\Earlyblt6808.JPG,early_blight,irish
D:\Potato\IrishPotato37G\earlyblt\Earlyblt142.JPG,early_blight,irish
D:\Potato\IrishPotato37G\lateblt\Lateblt1080.jpg,late_blight,irish
D:\Potato\IrishPotato37G\earlyblt\Earlyblt1214.JPG,early_blight,irish
D:\Potato\IrishPotato37G\lateblt\Lateblt373.jpg,late_blight,irish
D:\Potato\IrishPotato37G\healthy\healthy4698.jpg,healthy,irish
D:\Potato\IrishPotato37G\earlyblt\Earlyblt6397.JPG,early_blight,irish
D:\Potato\IrishPotato37G\earlyblt\Earlyblt3192.jpg,early_blight,irish
D:\Potato\IrishPotato37G\lateblt\Lateblt977.jpg,late_blight,irish
D:\Potato\IrishPotato37G\lateblt\Lateblt1145.jpg,late_blight,irish
D:\Potato\IrishPotato37G\healthy\healthy1965.jpg,healthy,irish
D:\Potato\IrishPotato37G\healthy\healthy8.jpg,healthy,irish
D:\Potato\IrishPotato37G\earlyblt\Earlyblt2046.JPG,early_blight,irish
D:\Potato\IrishPotato37G\lateblt\Lateblt2379.jpg,late_blight,irish
D:\Potato\IrishPotato37G\lateblt\Lateblt1719.jpg,late_blight,irish
D:\Potato\IrishPotato37G\lateblt\Lateblt48.jpg,late_blight,irish
D:\Potato\IrishPotato37G\lateblt\Lateblt2582.jpg,late_blight,irish
D:\Potato\IrishPotato37G\healthy\healthy4252.jpg,healthy,irish
D:\Potato\IrishPotato37G\lateblt\Lateblt1930.jpg,late_blight,irish
D:\Potato\IrishPotato37G\healthy\healthy2257.jpg,healthy,irish
D:\Potato\IrishPotato37G\lateblt\Lateblt234.jpg,late_blight,irish
D:\Potato\IrishPotato37G\healthy\healthy2707.jpg,healthy,irish
D:\Potato\IrishPotato37G\lateblt\Lateblt1166.jpg,late_blight,irish
D:\Potato\IrishPotato37G\healthy\healthy891.jpg,healthy,irish
D:\Potato\IrishPotato37G\lateblt\Lateblt1334.jpg,late_blight,irish
D:\Potato\IrishPotato37G\healthy\healthy4355.jpg,healthy,irish
D:\Potato\IrishPotato37G\earlyblt\Earlyblt1258.JPG,early_blight,irish
D:\Potato\IrishPotato37G\healthy\healthy5090.jpg,healthy,irish
D:\Potato\IrishPotato37G\healthy\healthy4059.jpg,healthy,irish
D:\Potato\IrishPotato37G\earlyblt\Earlyblt2305.JPG,early_blight,irish
D:\Potato\IrishPotato37G\lateblt\Lateblt169.jpg,late_blight,irish
D:\Potato\IrishPotato37G\healthy\healthy1191.jpg,healthy,irish
D:\Potato\IrishPotato37G\lateblt\Lateblt683.jpg,late_blight,irish
D:\Potato\IrishPotato37G\earlyblt\Earlyblt1089.JPG,early_blight,irish
D:\Potato\IrishPotato37G\earlyblt\Earlyblt6270.JPG,early_blight,irish
D:\Potato\IrishPotato37G\lateblt\Lateblt250.jpg,late_blight,irish
D:\Potato\IrishPotato37G\lateblt\Lateblt2392.jpg,late_blight,irish
D:\Potato\IrishPotato37G\lateblt\Lateblt2001.jpg,late_blight,irish
D:\Potato\IrishPotato37G\lateblt\Lateblt339.jpg,late_blight,irish
D:\Potato\IrishPotato37G\lateblt\Lateblt1727.jpg,late_blight,irish
D:\Potato\IrishPotato37G\earlyblt\Earlyblt735.JPG,early_blight,irish
D:\Potato\IrishPotato37G\earlyblt\Earlyblt178.JPG,early_blight,irish
D:\Potato\IrishPotato37G\lateblt\Lateblt9.jpg,late_blight,irish
D:\Potato\IrishPotato37G\healthy\healthy3967.jpg,healthy,irish
D:\Potato\IrishPotato37G\lateblt\Lateblt1975.jpg,late_blight,irish
D:\Potato\IrishPotato37G\earlyblt\Earlyblt3087.JPG,early_blight,irish
D:\Potato\IrishPotato37G\healthy\healthy440.jpg,healthy,irish
D:\Potato\IrishPotato37G\lateblt\Lateblt322.jpg,late_blight,irish
D:\Potato\IrishPotato37G\lateblt\Lateblt2590.jpg,late_blight,irish
D:\Potato\IrishPotato37G\healthy\healthy4459.jpg,healthy,irish
D:\Potato\IrishPotato37G\earlyblt\Earlyblt2494.JPG,early_blight,irish
D:\Potato\IrishPotato37G\lateblt\Lateblt2161.jpg,late_blight,irish
D:\Potato\IrishPotato37G\lateblt\Lateblt856.jpg,late_blight,irish
D:\Potato\IrishPotato37G\healthy\healthy5056.jpg,healthy,irish
D:\Potato\IrishPotato37G\healthy\healthy3401.jpg,healthy,irish
D:\Potato\IrishPotato37G\healthy\healthy4988.jpg,healthy,irish
D:\Potato\IrishPotato37G\healthy\healthy4673.jpg,healthy,irish
D:\Potato\IrishPotato37G\lateblt\Lateblt2367.jpg,late_blight,irish
D:\Potato\IrishPotato37G\lateblt\Lateblt799.jpg,late_blight,irish
D:\Potato\IrishPotato37G\earlyblt\Earlyblt1369.JPG,early_blight,irish
D:\Potato\IrishPotato37G\lateblt\Lateblt2828.jpg,late_blight,irish
D:\Potato\IrishPotato37G\earlyblt\Earlyblt3736.jpg,early_blight,irish
D:\Potato\IrishPotato37G\earlyblt\Earlyblt4937.jpg,early_blight,irish
D:\Potato\IrishPotato37G\lateblt\Lateblt2617.jpg,late_blight,irish
D:\Potato\IrishPotato37G\lateblt\Lateblt2588.jpg,late_blight,irish
D:\Potato\IrishPotato37G\lateblt\Lateblt1806.jpg,late_blight,irish
D:\Potato\IrishPotato37G\lateblt\Lateblt1755.jpg,late_blight,irish
D:\Potato\IrishPotato37G\earlyblt\Earlyblt87.JPG,early_blight,irish
D:\Potato\IrishPotato37G\earlyblt\Earlyblt3763.jpg,early_blight,irish
D:\Potato\IrishPotato37G\healthy\healthy4981.jpg,healthy,irish
D:\Potato\IrishPotato37G\earlyblt\Earlyblt6093.jpg,early_blight,irish
D:\Potato\IrishPotato37G\healthy\healthy1985.jpg,healthy,irish
D:\Potato\IrishPotato37G\healthy\healthy4452.jpg,healthy,irish
D:\Potato\IrishPotato37G\healthy\healthy429.jpg,healthy,irish
D:\Potato\IrishPotato37G\lateblt\Lateblt2579.jpg,late_blight,irish
D:\Potato\IrishPotato37G\lateblt\Lateblt314.jpg,late_blight,irish
D:\Potato\IrishPotato37G\healthy\healthy3081.jpg,healthy,irish
D:\Potato\IrishPotato37G\earlyblt\Earlyblt6579.JPG,early_blight,irish
D:\Potato\IrishPotato37G\earlyblt\Earlyblt810.JPG,early_blight,irish
D:\Potato\IrishPotato37G\earlyblt\Earlyblt4677.JPG,early_blight,irish
D:\Potato\IrishPotato37G\earlyblt\Earlyblt2598.JPG,early_blight,irish
D:\Potato\IrishPotato37G\healthy\healthy3129.jpg,healthy,irish
D:\Potato\IrishPotato37G\earlyblt\Earlyblt2055.JPG,early_blight,irish
D:\Potato\IrishPotato37G\healthy\healthy513.jpg,healthy,irish
D:\Potato\IrishPotato37G\earlyblt\Earlyblt643.JPG,early_blight,irish
D:\Potato\IrishPotato37G\earlyblt\Earlyblt2930.JPG,early_blight,irish
D:\Potato\IrishPotato37G\lateblt\Lateblt1388.jpg,late_blight,irish
D:\Potato\IrishPotato37G\earlyblt\Earlyblt1208.JPG,early_blight,irish
D:\Potato\IrishPotato37G\healthy\healthy1832.jpg,healthy,irish
D:\Potato\IrishPotato37G\healthy\healthy5028.jpg,healthy,irish
D:\Potato\IrishPotato37G\earlyblt\Earlyblt2134.JPG,early_blight,irish
D:\Potato\IrishPotato37G\healthy\healthy4524.jpg,healthy,irish
D:\Potato\IrishPotato37G\healthy\healthy3001.jpg,healthy,irish
D:\Potato\IrishPotato37G\healthy\healthy1735.jpg,healthy,irish
D:\Potato\IrishPotato37G\lateblt\Lateblt278.jpg,late_blight,irish
D:\Potato\IrishPotato37G\earlyblt\Earlyblt6741.jpg,early_blight,irish
D:\Potato\IrishPotato37G\healthy\healthy1454.jpg,healthy,irish
D:\Potato\IrishPotato37G\earlyblt\Earlyblt291.JPG,early_blight,irish
D:\Potato\IrishPotato37G\lateblt\Lateblt1637.jpg,late_blight,irish
D:\Potato\IrishPotato37G\healthy\healthy1294.jpg,healthy,irish
D:\Potato\IrishPotato37G\earlyblt\Earlyblt5901.jpg,early_blight,irish
D:\Potato\IrishPotato37G\healthy\healthy5366.jpg,healthy,irish
D:\Potato\IrishPotato37G\earlyblt\Earlyblt2775.JPG,early_blight,irish
D:\Potato\IrishPotato37G\lateblt\Lateblt2463.jpg,late_blight,irish
D:\Potato\IrishPotato37G\lateblt\Lateblt2449.jpg,late_blight,irish
D:\Potato\IrishPotato37G\lateblt\Lateblt662.jpg,late_blight,irish
D:\Potato\IrishPotato37G\lateblt\Lateblt1154.jpg,late_blight,irish
D:\Potato\IrishPotato37G\earlyblt\Earlyblt6239.JPG,early_blight,irish
D:\Potato\IrishPotato37G\healthy\healthy2734.jpg,healthy,irish
D:\Potato\IrishPotato37G\lateblt\Lateblt1443.jpg,late_blight,irish
D:\Potato\IrishPotato37G\lateblt\Lateblt2993.jpg,late_blight,irish
D:\Potato\IrishPotato37G\earlyblt\Earlyblt3501.jpg,early_blight,irish
D:\Potato\IrishPotato37G\lateblt\Lateblt933.jpg,late_blight,irish
D:\Potato\IrishPotato37G\lateblt\Lateblt1605.jpg,late_blight,irish
D:\Potato\IrishPotato37G\healthy\healthy2692.jpg,healthy,irish
D:\Potato\IrishPotato37G\healthy\healthy1303.jpg,healthy,irish
D:\Potato\IrishPotato37G\earlyblt\Earlyblt3001.JPG,early_blight,irish
D:\Potato\IrishPotato37G\lateblt\Lateblt2193.jpg,late_blight,irish
D:\Potato\IrishPotato37G\healthy\healthy4457.jpg,healthy,irish
D:\Potato\IrishPotato37G\earlyblt\Earlyblt187.JPG,early_blight,irish
D:\Potato\IrishPotato37G\lateblt\Lateblt1272.jpg,late_blight,irish
D:\Potato\IrishPotato37G\earlyblt\Earlyblt2083.JPG,early_blight,irish
D:\Potato\IrishPotato37G\healthy\healthy77.jpg,healthy,irish
D:\Potato\IrishPotato37G\healthy\healthy3862.jpg,healthy,irish
D:\Potato\IrishPotato37G\earlyblt\Earlyblt548.JPG,early_blight,irish
D:\Potato\IrishPotato37G\earlyblt\Earlyblt1132.JPG,early_blight,irish
D:\Potato\IrishPotato37G\healthy\healthy993.jpg,healthy,irish
D:\Potato\IrishPotato37G\healthy\healthy2490.jpg,healthy,irish
D:\Potato\IrishPotato37G\healthy\healthy2634.jpg,healthy,irish
D:\Potato\IrishPotato37G\lateblt\Lateblt5017.jpg,late_blight,irish
D:\Potato\IrishPotato37G\healthy\healthy1989.jpg,healthy,irish
D:\Potato\IrishPotato37G\lateblt\Lateblt902.jpg,late_blight,irish
D:\Potato\IrishPotato37G\lateblt\Lateblt1068.jpg,late_blight,irish
D:\Potato\IrishPotato37G\lateblt\Lateblt1550.jpg,late_blight,irish
D:\Potato\IrishPotato37G\earlyblt\Earlyblt3487.jpg,early_blight,irish
D:\Potato\IrishPotato37G\earlyblt\Earlyblt6136.jpg,early_blight,irish
D:\Potato\IrishPotato37G\healthy\healthy451.jpg,healthy,irish
D:\Potato\IrishPotato37G\earlyblt\Earlyblt6137.jpg,early_blight,irish
D:\Potato\IrishPotato37G\earlyblt\Earlyblt6630.jpg,early_blight,irish
D:\Potato\IrishPotato37G\earlyblt\Earlyblt4696.JPG,early_blight,irish
D:\Potato\IrishPotato37G\lateblt\Lateblt394.jpg,late_blight,irish
D:\Potato\IrishPotato37G\lateblt\Lateblt155.jpg,late_blight,irish
D:\Potato\IrishPotato37G\earlyblt\Earlyblt131.JPG,early_blight,irish
D:\Potato\IrishPotato37G\healthy\healthy1311.jpg,healthy,irish
D:\Potato\IrishPotato37G\lateblt\Lateblt1939.jpg,late_blight,irish
D:\Potato\IrishPotato37G\earlyblt\Earlyblt68.JPG,early_blight,irish
D:\Potato\IrishPotato37G\healthy\healthy1307.jpg,healthy,irish
D:\Potato\IrishPotato37G\lateblt\Lateblt11.jpg,late_blight,irish
D:\Potato\IrishPotato37G\healthy\healthy2980.jpg,healthy,irish
D:\Potato\IrishPotato37G\lateblt\Lateblt166.jpg,late_blight,irish
D:\Potato\IrishPotato37G\lateblt\Lateblt1859.jpg,late_blight,irish
D:\Potato\IrishPotato37G\lateblt\Lateblt1187.jpg,late_blight,irish
D:\Potato\IrishPotato37G\lateblt\Lateblt216.jpg,late_blight,irish
D:\Potato\IrishPotato37G\healthy\healthy4512.jpg,healthy,irish
D:\Potato\IrishPotato37G\lateblt\Lateblt326.jpg,late_blight,irish
D:\Potato\IrishPotato37G\healthy\healthy3842.jpg,healthy,irish
D:\Potato\IrishPotato37G\healthy\healthy615.jpg,healthy,irish
D:\Potato\IrishPotato37G\earlyblt\Earlyblt2782.JPG,early_blight,irish
D:\Potato\IrishPotato37G\lateblt\Lateblt70.jpg,late_blight,irish
D:\Potato\IrishPotato37G\lateblt\Lateblt2254.jpg,late_blight,irish
D:\Potato\IrishPotato37G\healthy\healthy3995.jpg,healthy,irish
D:\Potato\IrishPotato37G\lateblt\Lateblt2356_1.jpg,late_blight,irish
D:\Potato\IrishPotato37G\lateblt\Lateblt5024.jpg,late_blight,irish
D:\Potato\IrishPotato37G\lateblt\Lateblt1378.jpg,late_blight,irish
D:\Potato\IrishPotato37G\healthy\healthy648.jpg,healthy,irish
D:\Potato\IrishPotato37G\healthy\healthy3253.jpg,healthy,irish
D:\Potato\IrishPotato37G\lateblt\Lateblt1354.jpg,late_blight,irish
D:\Potato\IrishPotato37G\healthy\healthy1236.jpg,healthy,irish
D:\Potato\IrishPotato37G\healthy\healthy2528.jpg,healthy,irish
D:\Potato\IrishPotato37G\healthy\healthy272.jpg,healthy,irish
D:\Potato\IrishPotato37G\healthy\healthy711.jpg,healthy,irish
D:\Potato\IrishPotato37G\earlyblt\Earlyblt3069.JPG,early_blight,irish
D:\Potato\IrishPotato37G\healthy\healthy3545.jpg,healthy,irish
D:\Potato\IrishPotato37G\earlyblt\Earlyblt3000.JPG,early_blight,irish
D:\Potato\IrishPotato37G\earlyblt\Earlyblt3704.jpg,early_blight,irish
D:\Potato\IrishPotato37G\healthy\healthy1181.jpg,healthy,irish
D:\Potato\IrishPotato37G\earlyblt\Earlyblt2225.JPG,early_blight,irish
D:\Potato\IrishPotato37G\lateblt\Lateblt2107.jpg,late_blight,irish
D:\Potato\IrishPotato37G\lateblt\Lateblt334.jpg,late_blight,irish
D:\Potato\IrishPotato37G\earlyblt\Earlyblt3615.jpg,early_blight,irish
D:\Potato\IrishPotato37G\healthy\healthy5434.jpg,healthy,irish
D:\Potato\IrishPotato37G\healthy\healthy2404.jpg,healthy,irish
D:\Potato\IrishPotato37G\lateblt\Lateblt1469.jpg,late_blight,irish
D:\Potato\IrishPotato37G\earlyblt\Earlyblt6274.JPG,early_blight,irish
D:\Potato\IrishPotato37G\earlyblt\Earlyblt959.JPG,early_blight,irish
D:\Potato\IrishPotato37G\earlyblt\Earlyblt4770.JPG,early_blight,irish
D:\Potato\IrishPotato37G\lateblt\Lateblt1790.jpg,late_blight,irish
D:\Potato\IrishPotato37G\lateblt\Lateblt2033.jpg,late_blight,irish
D:\Potato\IrishPotato37G\earlyblt\Earlyblt592.JPG,early_blight,irish
D:\Potato\IrishPotato37G\earlyblt\Earlyblt180.JPG,early_blight,irish
D:\Potato\IrishPotato37G\lateblt\Lateblt1940.jpg,late_blight,irish
D:\Potato\IrishPotato37G\healthy\healthy2889.jpg,healthy,irish
D:\Potato\IrishPotato37G\healthy\healthy2316.jpg,healthy,irish
D:\Potato\IrishPotato37G\earlyblt\Earlyblt1474.JPG,early_blight,irish
D:\Potato\IrishPotato37G\healthy\healthy886.jpg,healthy,irish
D:\Potato\IrishPotato37G\lateblt\Lateblt2010.jpg,late_blight,irish
D:\Potato\IrishPotato37G\earlyblt\Earlyblt6552.jpg,early_blight,irish
D:\Potato\IrishPotato37G\lateblt\Lateblt367.jpg,late_blight,irish
D:\Potato\IrishPotato37G\earlyblt\Earlyblt6127.jpg,early_blight,irish
D:\Potato\IrishPotato37G\lateblt\Lateblt2143.jpg,late_blight,irish
D:\Potato\IrishPotato37G\healthy\healthy4617.jpg,healthy,irish
D:\Potato\IrishPotato37G\healthy\healthy3930.jpg,healthy,irish
D:\Potato\IrishPotato37G\healthy\healthy4427.jpg,healthy,irish
D:\Potato\IrishPotato37G\earlyblt\Earlyblt1144.JPG,early_blight,irish
D:\Potato\IrishPotato37G\earlyblt\Earlyblt6080.jpg,early_blight,irish
D:\Potato\IrishPotato37G\earlyblt\Earlyblt1454.JPG,early_blight,irish
D:\Potato\IrishPotato37G\lateblt\Lateblt2329.jpg,late_blight,irish
D:\Potato\IrishPotato37G\earlyblt\Earlyblt6632.jpg,early_blight,irish
D:\Potato\IrishPotato37G\earlyblt\Earlyblt1459.JPG,early_blight,irish
D:\Potato\IrishPotato37G\lateblt\Lateblt486.jpg,late_blight,irish
D:\Potato\IrishPotato37G\healthy\healthy2950.jpg,healthy,irish
D:\Potato\IrishPotato37G\earlyblt\Earlyblt3460.jpg,early_blight,irish
D:\Potato\IrishPotato37G\healthy\healthy160.jpg,healthy,irish
D:\Potato\IrishPotato37G\lateblt\Lateblt1489.jpg,late_blight,irish
D:\Potato\IrishPotato37G\healthy\healthy4765.jpg,healthy,irish
D:\Potato\IrishPotato37G\lateblt\Lateblt1249.jpg,late_blight,irish
D:\Potato\IrishPotato37G\lateblt\Lateblt2468.jpg,late_blight,irish
D:\Potato\IrishPotato37G\earlyblt\Earlyblt842.JPG,early_blight,irish
D:\Potato\IrishPotato37G\lateblt\Lateblt2352.jpg,late_blight,irish
D:\Potato\IrishPotato37G\earlyblt\Earlyblt6776.jpg,early_blight,irish
D:\Potato\IrishPotato37G\healthy\healthy4282.jpg,healthy,irish
D:\Potato\IrishPotato37G\lateblt\Lateblt425.jpg,late_blight,irish
D:\Potato\IrishPotato37G\lateblt\Lateblt1308.jpg,late_blight,irish
D:\Potato\IrishPotato37G\lateblt\Lateblt1553.jpg,late_blight,irish
D:\Potato\IrishPotato37G\healthy\healthy3933.jpg,healthy,irish
D:\Potato\IrishPotato37G\lateblt\Lateblt1963.jpg,late_blight,irish
D:\Potato\IrishPotato37G\healthy\healthy1285.jpg,healthy,irish
D:\Potato\IrishPotato37G\lateblt\Lateblt2583.jpg,late_blight,irish
D:\Potato\IrishPotato37G\lateblt\Lateblt2524.jpg,late_blight,irish
D:\Potato\IrishPotato37G\earlyblt\Earlyblt1789.JPG,early_blight,irish
D:\Potato\IrishPotato37G\lateblt\Lateblt1861.jpg,late_blight,irish
D:\Potato\IrishPotato37G\lateblt\Lateblt2533.jpg,late_blight,irish
D:\Potato\IrishPotato37G\healthy\healthy4861.jpg,healthy,irish
D:\Potato\IrishPotato37G\lateblt\Lateblt884.jpg,late_blight,irish
D:\Potato\IrishPotato37G\healthy\healthy4396.jpg,healthy,irish
D:\Potato\IrishPotato37G\earlyblt\Earlyblt3639.jpg,early_blight,irish
D:\Potato\IrishPotato37G\earlyblt\Earlyblt3767.jpg,early_blight,irish
D:\Potato\IrishPotato37G\earlyblt\Earlyblt108.JPG,early_blight,irish
D:\Potato\IrishPotato37G\lateblt\Lateblt1769.jpg,late_blight,irish
D:\Potato\IrishPotato37G\earlyblt\Earlyblt2366.JPG,early_blight,irish
D:\Potato\IrishPotato37G\earlyblt\Earlyblt3729.jpg,early_blight,irish
D:\Potato\IrishPotato37G\lateblt\Lateblt1342.jpg,late_blight,irish
D:\Potato\IrishPotato37G\healthy\healthy3768.jpg,healthy,irish
D:\Potato\IrishPotato37G\lateblt\Lateblt1073.jpg,late_blight,irish
D:\Potato\IrishPotato37G\lateblt\Lateblt744.jpg,late_blight,irish
D:\Potato\IrishPotato37G\earlyblt\Earlyblt6778.jpg,early_blight,irish
D:\Potato\IrishPotato37G\lateblt\Lateblt1998.jpg,late_blight,irish
D:\Potato\IrishPotato37G\lateblt\Lateblt2446.jpg,late_blight,irish
D:\Potato\IrishPotato37G\healthy\healthy3395.jpg,healthy,irish
D:\Potato\IrishPotato37G\healthy\healthy5029.jpg,healthy,irish
D:\Potato\IrishPotato37G\healthy\healthy2076.jpg,healthy,irish
D:\Potato\IrishPotato37G\lateblt\Lateblt1792.jpg,late_blight,irish
D:\Potato\IrishPotato37G\healthy\healthy3179.jpg,healthy,irish
D:\Potato\IrishPotato37G\lateblt\Lateblt704.jpg,late_blight,irish
D:\Potato\IrishPotato37G\earlyblt\Earlyblt1010.JPG,early_blight,irish
D:\Potato\IrishPotato37G\earlyblt\Earlyblt1831.JPG,early_blight,irish
D:\Potato\IrishPotato37G\healthy\healthy3543.jpg,healthy,irish
D:\Potato\IrishPotato37G\earlyblt\Earlyblt3458.jpg,early_blight,irish
D:\Potato\IrishPotato37G\earlyblt\Earlyblt1167.JPG,early_blight,irish
D:\Potato\IrishPotato37G\earlyblt\Earlyblt1696.JPG,early_blight,irish
D:\Potato\IrishPotato37G\lateblt\Lateblt1220.jpg,late_blight,irish
D:\Potato\IrishPotato37G\earlyblt\Earlyblt252.JPG,early_blight,irish
D:\Potato\IrishPotato37G\lateblt\Lateblt2217.jpg,late_blight,irish
D:\Potato\IrishPotato37G\lateblt\Lateblt2087.jpg,late_blight,irish
D:\Potato\IrishPotato37G\healthy\healthy2096.jpg,healthy,irish
D:\Potato\IrishPotato37G\lateblt\Lateblt2723.jpg,late_blight,irish
D:\Potato\IrishPotato37G\earlyblt\Earlyblt6268.JPG,early_blight,irish
D:\Potato\IrishPotato37G\earlyblt\Earlyblt6898.JPG,early_blight,irish
D:\Potato\IrishPotato37G\lateblt\Lateblt1539.jpg,late_blight,irish
D:\Potato\IrishPotato37G\earlyblt\Earlyblt6076.jpg,early_blight,irish
D:\Potato\IrishPotato37G\earlyblt\Earlyblt2273.JPG,early_blight,irish
D:\Potato\IrishPotato37G\lateblt\Lateblt1736.jpg,late_blight,irish
D:\Potato\IrishPotato37G\lateblt\Lateblt2277.jpg,late_blight,irish
D:\Potato\IrishPotato37G\lateblt\Lateblt349.jpg,late_blight,irish
D:\Potato\IrishPotato37G\earlyblt\Earlyblt6473.JPG,early_blight,irish
D:\Potato\IrishPotato37G\earlyblt\Earlyblt1491.JPG,early_blight,irish
D:\Potato\IrishPotato37G\lateblt\Lateblt450.jpg,late_blight,irish
D:\Potato\IrishPotato37G\healthy\healthy379.jpg,healthy,irish
D:\Potato\IrishPotato37G\lateblt\Lateblt2830.jpg,late_blight,irish
D:\Potato\IrishPotato37G\lateblt\Lateblt589.jpg,late_blight,irish
D:\Potato\IrishPotato37G\earlyblt\Earlyblt6610.jpg,early_blight,irish
D:\Potato\IrishPotato37G\earlyblt\Earlyblt2441.JPG,early_blight,irish
D:\Potato\IrishPotato37G\lateblt\Lateblt2794.jpg,late_blight,irish
D:\Potato\IrishPotato37G\healthy\healthy2239.jpg,healthy,irish
D:\Potato\IrishPotato37G\lateblt\Lateblt1883.jpg,late_blight,irish
D:\Potato\IrishPotato37G\healthy\healthy2325.jpg,healthy,irish
D:\Potato\IrishPotato37G\lateblt\Lateblt2278.jpg,late_blight,irish
D:\Potato\IrishPotato37G\earlyblt\Earlyblt4986.jpg,early_blight,irish
D:\Potato\IrishPotato37G\healthy\healthy3348.jpg,healthy,irish
D:\Potato\IrishPotato37G\healthy\healthy3672.jpg,healthy,irish
D:\Potato\IrishPotato37G\healthy\healthy1695.jpg,healthy,irish
D:\Potato\IrishPotato37G\healthy\healthy4342.jpg,healthy,irish
D:\Potato\IrishPotato37G\healthy\healthy488.jpg,healthy,irish
D:\Potato\IrishPotato37G\healthy\healthy3525.jpg,healthy,irish
D:\Potato\IrishPotato37G\lateblt\Lateblt1247.jpg,late_blight,irish
D:\Potato\IrishPotato37G\earlyblt\Earlyblt1403.JPG,early_blight,irish
D:\Potato\IrishPotato37G\lateblt\Lateblt1070.jpg,late_blight,irish
D:\Potato\IrishPotato37G\earlyblt\Earlyblt1541.JPG,early_blight,irish
D:\Potato\IrishPotato37G\earlyblt\Earlyblt4805.JPG,early_blight,irish
D:\Potato\IrishPotato37G\earlyblt\Earlyblt3841.jpg,early_blight,irish
D:\Potato\IrishPotato37G\lateblt\Lateblt642.jpg,late_blight,irish
D:\Potato\IrishPotato37G\healthy\healthy1549.jpg,healthy,irish
D:\Potato\IrishPotato37G\earlyblt\Earlyblt359.JPG,early_blight,irish
D:\Potato\IrishPotato37G\lateblt\Lateblt2336_1.jpg,late_blight,irish
D:\Potato\IrishPotato37G\healthy\healthy3983.jpg,healthy,irish
D:\Potato\IrishPotato37G\healthy\healthy4392.jpg,healthy,irish
D:\Potato\IrishPotato37G\lateblt\Lateblt5055.jpg,late_blight,irish
D:\Potato\IrishPotato37G\healthy\healthy4108.jpg,healthy,irish
D:\Potato\IrishPotato37G\lateblt\Lateblt1372.jpg,late_blight,irish
D:\Potato\IrishPotato37G\earlyblt\Earlyblt3049.JPG,early_blight,irish
D:\Potato\IrishPotato37G\healthy\healthy2591.jpg,healthy,irish
D:\Potato\IrishPotato37G\healthy\healthy3508.jpg,healthy,irish
D:\Potato\IrishPotato37G\healthy\healthy1085.jpg,healthy,irish
D:\Potato\IrishPotato37G\healthy\healthy1513.jpg,healthy,irish
D:\Potato\IrishPotato37G\earlyblt\Earlyblt6719.jpg,early_blight,irish
D:\Potato\IrishPotato37G\lateblt\Lateblt866.jpg,late_blight,irish
D:\Potato\IrishPotato37G\lateblt\Lateblt305.jpg,late_blight,irish
D:\Potato\IrishPotato37G\earlyblt\Earlyblt3817.jpg,early_blight,irish
D:\Potato\IrishPotato37G\lateblt\Lateblt2003.jpg,late_blight,irish
D:\Potato\IrishPotato37G\earlyblt\Earlyblt2831.JPG,early_blight,irish
D:\Potato\IrishPotato37G\earlyblt\Earlyblt1899.JPG,early_blight,irish
D:\Potato\IrishPotato37G\lateblt\Lateblt2222.jpg,late_blight,irish
D:\Potato\IrishPotato37G\earlyblt\Earlyblt6990.JPG,early_blight,irish
D:\Potato\IrishPotato37G\earlyblt\Earlyblt4682.JPG,early_blight,irish
D:\Potato\IrishPotato37G\lateblt\Lateblt955.jpg,late_blight,irish
D:\Potato\IrishPotato37G\lateblt\Lateblt5026.jpg,late_blight,irish
D:\Potato\IrishPotato37G\earlyblt\Earlyblt6257.JPG,early_blight,irish
D:\Potato\IrishPotato37G\healthy\healthy21.jpg,healthy,irish
D:\Potato\IrishPotato37G\lateblt\Lateblt1399.jpg,late_blight,irish
D:\Potato\IrishPotato37G\lateblt\Lateblt2397_1.jpg,late_blight,irish
D:\Potato\IrishPotato37G\earlyblt\Earlyblt2822.JPG,early_blight,irish
D:\Potato\IrishPotato37G\healthy\healthy163.jpg,healthy,irish
D:\Potato\IrishPotato37G\earlyblt\Earlyblt5914.jpg,early_blight,irish
D:\Potato\IrishPotato37G\lateblt\Lateblt896.jpg,late_blight,irish
D:\Potato\IrishPotato37G\earlyblt\Earlyblt6547.jpg,early_blight,irish
D:\Potato\IrishPotato37G\earlyblt\Earlyblt6323.JPG,early_blight,irish
D:\Potato\IrishPotato37G\lateblt\Lateblt909.jpg,late_blight,irish
D:\Potato\IrishPotato37G\healthy\healthy995.jpg,healthy,irish
D:\Potato\IrishPotato37G\lateblt\Lateblt2659_1.jpg,late_blight,irish
D:\Potato\IrishPotato37G\earlyblt\Earlyblt758.JPG,early_blight,irish
D:\Potato\IrishPotato37G\earlyblt\Earlyblt3844.jpg,early_blight,irish
D:\Potato\IrishPotato37G\healthy\healthy4945.jpg,healthy,irish
D:\Potato\IrishPotato37G\lateblt\Lateblt2431.jpg,late_blight,irish
D:\Potato\IrishPotato37G\healthy\healthy5250.jpg,healthy,irish
D:\Potato\IrishPotato37G\healthy\healthy1929.jpg,healthy,irish
D:\Potato\IrishPotato37G\lateblt\Lateblt1018.jpg,late_blight,irish
D:\Potato\IrishPotato37G\lateblt\Lateblt458.jpg,late_blight,irish
D:\Potato\IrishPotato37G\healthy\healthy286.jpg,healthy,irish
D:\Potato\IrishPotato37G\lateblt\Lateblt113.jpg,late_blight,irish
D:\Potato\IrishPotato37G\lateblt\Lateblt1979.jpg,late_blight,irish
D:\Potato\IrishPotato37G\healthy\healthy4581.jpg,healthy,irish
D:\Potato\IrishPotato37G\healthy\healthy4411.jpg,healthy,irish
D:\Potato\IrishPotato37G\earlyblt\Earlyblt229.JPG,early_blight,irish
D:\Potato\IrishPotato37G\healthy\healthy3413.jpg,healthy,irish
D:\Potato\IrishPotato37G\lateblt\Lateblt1779.jpg,late_blight,irish
D:\Potato\IrishPotato37G\earlyblt\Earlyblt2236.JPG,early_blight,irish
D:\Potato\IrishPotato37G\lateblt\Lateblt2800.jpg,late_blight,irish
D:\Potato\IrishPotato37G\earlyblt\Earlyblt6987.JPG,early_blight,irish
D:\Potato\IrishPotato37G\healthy\healthy1258.jpg,healthy,irish
D:\Potato\IrishPotato37G\earlyblt\Earlyblt1230.JPG,early_blight,irish
D:\Potato\IrishPotato37G\healthy\healthy2274.jpg,healthy,irish
D:\Potato\IrishPotato37G\lateblt\Lateblt1048.jpg,late_blight,irish
D:\Potato\IrishPotato37G\healthy\healthy542.jpg,healthy,irish
D:\Potato\IrishPotato37G\lateblt\Lateblt1427.jpg,late_blight,irish
D:\Potato\IrishPotato37G\healthy\healthy3341.jpg,healthy,irish
D:\Potato\IrishPotato37G\healthy\healthy2499.jpg,healthy,irish
D:\Potato\IrishPotato37G\earlyblt\Earlyblt86.JPG,early_blight,irish
D:\Potato\IrishPotato37G\lateblt\Lateblt277.jpg,late_blight,irish
D:\Potato\IrishPotato37G\earlyblt\Earlyblt1956.JPG,early_blight,irish
D:\Potato\IrishPotato37G\lateblt\Lateblt585.jpg,late_blight,irish
D:\Potato\IrishPotato37G\lateblt\Lateblt1951.jpg,late_blight,irish
D:\Potato\IrishPotato37G\lateblt\Lateblt2100.jpg,late_blight,irish
D:\Potato\IrishPotato37G\healthy\healthy2313.jpg,healthy,irish
D:\Potato\IrishPotato37G\lateblt\Lateblt844.jpg,late_blight,irish
D:\Potato\IrishPotato37G\healthy\healthy1239.jpg,healthy,irish
D:\Potato\IrishPotato37G\healthy\healthy3616.jpg,healthy,irish
D:\Potato\IrishPotato37G\earlyblt\Earlyblt3863.jpg,early_blight,irish
D:\Potato\IrishPotato37G\earlyblt\Earlyblt6872.JPG,early_blight,irish
D:\Potato\IrishPotato37G\earlyblt\Earlyblt2431.JPG,early_blight,irish
D:\Potato\IrishPotato37G\healthy\healthy1745.jpg,healthy,irish
D:\Potato\IrishPotato37G\earlyblt\Earlyblt2132.JPG,early_blight,irish
D:\Potato\IrishPotato37G\lateblt\Lateblt751.jpg,late_blight,irish
D:\Potato\IrishPotato37G\earlyblt\Earlyblt2329.JPG,early_blight,irish
D:\Potato\IrishPotato37G\lateblt\Lateblt1223.jpg,late_blight,irish
D:\Potato\IrishPotato37G\lateblt\Lateblt1403.jpg,late_blight,irish
D:\Potato\IrishPotato37G\earlyblt\Earlyblt6155.JPG,early_blight,irish
D:\Potato\IrishPotato37G\earlyblt\Earlyblt3297.jpg,early_blight,irish
D:\Potato\IrishPotato37G\healthy\healthy3858.jpg,healthy,irish
D:\Potato\IrishPotato37G\lateblt\Lateblt431.jpg,late_blight,irish
D:\Potato\IrishPotato37G\lateblt\Lateblt887.jpg,late_blight,irish
D:\Potato\IrishPotato37G\healthy\healthy971.jpg,healthy,irish
D:\Potato\IrishPotato37G\earlyblt\Earlyblt3561.jpg,early_blight,irish
D:\Potato\IrishPotato37G\lateblt\Lateblt1525.jpg,late_blight,irish
D:\Potato\IrishPotato37G\healthy\healthy1245.jpg,healthy,irish
D:\Potato\IrishPotato37G\healthy\healthy4430.jpg,healthy,irish
D:\Potato\IrishPotato37G\earlyblt\Earlyblt3867.jpg,early_blight,irish
D:\Potato\IrishPotato37G\lateblt\Lateblt1206.jpg,late_blight,irish
D:\Potato\IrishPotato37G\earlyblt\Earlyblt2026.JPG,early_blight,irish
D:\Potato\IrishPotato37G\healthy\healthy1161.jpg,healthy,irish
D:\Potato\IrishPotato37G\healthy\healthy3373.jpg,healthy,irish
D:\Potato\IrishPotato37G\earlyblt\Earlyblt2508.JPG,early_blight,irish
D:\Potato\IrishPotato37G\lateblt\Lateblt249.jpg,late_blight,irish
D:\Potato\IrishPotato37G\lateblt\Lateblt2971.jpg,late_blight,irish
D:\Potato\IrishPotato37G\lateblt\Lateblt924.jpg,late_blight,irish
D:\Potato\IrishPotato37G\healthy\healthy2527.jpg,healthy,irish
D:\Potato\IrishPotato37G\lateblt\Lateblt2965.jpg,late_blight,irish
D:\Potato\IrishPotato37G\healthy\healthy2346.jpg,healthy,irish
D:\Potato\IrishPotato37G\lateblt\Lateblt2906.jpg,late_blight,irish
D:\Potato\IrishPotato37G\earlyblt\Earlyblt6077.JPG,early_blight,irish
D:\Potato\IrishPotato37G\lateblt\Lateblt1642.jpg,late_blight,irish
D:\Potato\IrishPotato37G\lateblt\Lateblt2721.jpg,late_blight,irish
D:\Potato\IrishPotato37G\healthy\healthy2251.jpg,healthy,irish
D:\Potato\IrishPotato37G\earlyblt\Earlyblt2692.JPG,early_blight,irish
D:\Potato\IrishPotato37G\lateblt\Lateblt297.jpg,late_blight,irish
D:\Potato\IrishPotato37G\healthy\healthy2233.jpg,healthy,irish
D:\Potato\IrishPotato37G\healthy\healthy3507.jpg,healthy,irish
D:\Potato\IrishPotato37G\healthy\healthy5365.jpg,healthy,irish
D:\Potato\IrishPotato37G\healthy\healthy2000.jpg,healthy,irish
D:\Potato\IrishPotato37G\healthy\healthy4841.jpg,healthy,irish
D:\Potato\IrishPotato37G\earlyblt\Earlyblt1423.JPG,early_blight,irish
D:\Potato\IrishPotato37G\healthy\healthy999.jpg,healthy,irish
D:\Potato\IrishPotato37G\healthy\healthy4289.jpg,healthy,irish
D:\Potato\IrishPotato37G\lateblt\Lateblt528.jpg,late_blight,irish
D:\Potato\IrishPotato37G\lateblt\Lateblt2206.jpg,late_blight,irish
D:\Potato\IrishPotato37G\earlyblt\Earlyblt3054.JPG,early_blight,irish
D:\Potato\IrishPotato37G\healthy\healthy3630.jpg,healthy,irish
D:\Potato\IrishPotato37G\lateblt\Lateblt876.jpg,late_blight,irish
D:\Potato\IrishPotato37G\lateblt\Lateblt190.jpg,late_blight,irish
D:\Potato\IrishPotato37G\healthy\healthy716.jpg,healthy,irish
D:\Potato\IrishPotato37G\healthy\healthy3922.jpg,healthy,irish
D:\Potato\IrishPotato37G\lateblt\Lateblt617.jpg,late_blight,irish
D:\Potato\IrishPotato37G\healthy\healthy3175.jpg,healthy,irish
D:\Potato\IrishPotato37G\lateblt\Lateblt1706.jpg,late_blight,irish
D:\Potato\IrishPotato37G\lateblt\Lateblt1327.jpg,late_blight,irish
D:\Potato\IrishPotato37G\earlyblt\Earlyblt2013.JPG,early_blight,irish
D:\Potato\IrishPotato37G\earlyblt\Earlyblt17.JPG,early_blight,irish
D:\Potato\IrishPotato37G\earlyblt\Earlyblt1119.JPG,early_blight,irish
D:\Potato\IrishPotato37G\lateblt\Lateblt1446.jpg,late_blight,irish
D:\Potato\IrishPotato37G\healthy\healthy2760.jpg,healthy,irish
D:\Potato\IrishPotato37G\earlyblt\Earlyblt6607.jpg,early_blight,irish
D:\Potato\IrishPotato37G\earlyblt\Earlyblt3392.jpg,early_blight,irish
D:\Potato\IrishPotato37G\lateblt\Lateblt2262.jpg,late_blight,irish
D:\Potato\IrishPotato37G\earlyblt\Earlyblt3445.jpg,early_blight,irish
D:\Potato\IrishPotato37G\lateblt\Lateblt1508.jpg,late_blight,irish
D:\Potato\IrishPotato37G\earlyblt\Earlyblt5897.jpg,early_blight,irish
D:\Potato\IrishPotato37G\earlyblt\Earlyblt1206.JPG,early_blight,irish
D:\Potato\IrishPotato37G\healthy\healthy3452.jpg,healthy,irish
D:\Potato\IrishPotato37G\healthy\healthy2164.jpg,healthy,irish
D:\Potato\IrishPotato37G\earlyblt\Earlyblt1035.JPG,early_blight,irish
D:\Potato\IrishPotato37G\healthy\healthy1497.jpg,healthy,irish
D:\Potato\IrishPotato37G\healthy\healthy3798.jpg,healthy,irish
D:\Potato\IrishPotato37G\healthy\healthy4185.jpg,healthy,irish
D:\Potato\IrishPotato37G\earlyblt\Earlyblt2420.JPG,early_blight,irish
D:\Potato\IrishPotato37G\healthy\healthy1444.jpg,healthy,irish
D:\Potato\IrishPotato37G\earlyblt\Earlyblt6316.JPG,early_blight,irish
D:\Potato\IrishPotato37G\lateblt\Lateblt1754.jpg,late_blight,irish
D:\Potato\IrishPotato37G\earlyblt\Earlyblt6329.JPG,early_blight,irish
D:\Potato\IrishPotato37G\earlyblt\Earlyblt666.JPG,early_blight,irish
D:\Potato\IrishPotato37G\lateblt\Lateblt2973.jpg,late_blight,irish
D:\Potato\IrishPotato37G\earlyblt\Earlyblt74.JPG,early_blight,irish
D:\Potato\IrishPotato37G\lateblt\Lateblt2683.jpg,late_blight,irish
D:\Potato\IrishPotato37G\healthy\healthy4321.jpg,healthy,irish
D:\Potato\IrishPotato37G\lateblt\Lateblt2931.jpg,late_blight,irish
D:\Potato\IrishPotato37G\earlyblt\Earlyblt1108.JPG,early_blight,irish
D:\Potato\IrishPotato37G\healthy\healthy4902.jpg,healthy,irish
D:\Potato\IrishPotato37G\earlyblt\Earlyblt5918.jpg,early_blight,irish
D:\Potato\IrishPotato37G\earlyblt\Earlyblt2342.JPG,early_blight,irish
D:\Potato\IrishPotato37G\earlyblt\Earlyblt1445.JPG,early_blight,irish
D:\Potato\IrishPotato37G\earlyblt\Earlyblt600.JPG,early_blight,irish
D:\Potato\IrishPotato37G\lateblt\Lateblt1589.jpg,late_blight,irish
D:\Potato\IrishPotato37G\healthy\healthy5271.jpg,healthy,irish
D:\Potato\IrishPotato37G\healthy\healthy3974.jpg,healthy,irish
D:\Potato\IrishPotato37G\lateblt\Lateblt1669.jpg,late_blight,irish
D:\Potato\IrishPotato37G\lateblt\Lateblt2416.jpg,late_blight,irish
D:\Potato\IrishPotato37G\lateblt\Lateblt1949.jpg,late_blight,irish
D:\Potato\IrishPotato37G\lateblt\Lateblt2857.jpg,late_blight,irish
D:\Potato\IrishPotato37G\earlyblt\Earlyblt1040.JPG,early_blight,irish
D:\Potato\IrishPotato37G\healthy\healthy2883.jpg,healthy,irish
D:\Potato\IrishPotato37G\earlyblt\Earlyblt3011.JPG,early_blight,irish
D:\Potato\IrishPotato37G\lateblt\Lateblt5059.jpg,late_blight,irish
D:\Potato\IrishPotato37G\lateblt\Lateblt949.jpg,late_blight,irish
D:\Potato\IrishPotato37G\earlyblt\Earlyblt6111.jpg,early_blight,irish
D:\Potato\IrishPotato37G\healthy\healthy1198.jpg,healthy,irish
D:\Potato\IrishPotato37G\earlyblt\Earlyblt1212.JPG,early_blight,irish
D:\Potato\IrishPotato37G\lateblt\Lateblt2777.jpg,late_blight,irish
D:\Potato\IrishPotato37G\lateblt\Lateblt1028.jpg,late_blight,irish
D:\Potato\IrishPotato37G\healthy\healthy3877.jpg,healthy,irish
D:\Potato\IrishPotato37G\lateblt\Lateblt1873.jpg,late_blight,irish
D:\Potato\IrishPotato37G\lateblt\Lateblt2157.jpg,late_blight,irish
D:\Potato\IrishPotato37G\earlyblt\Earlyblt2666.JPG,early_blight,irish
D:\Potato\IrishPotato37G\earlyblt\Earlyblt6780.jpg,early_blight,irish
D:\Potato\IrishPotato37G\lateblt\Lateblt2261.jpg,late_blight,irish
D:\Potato\IrishPotato37G\earlyblt\Earlyblt1943.JPG,early_blight,irish
D:\Potato\IrishPotato37G\earlyblt\Earlyblt6386.JPG,early_blight,irish
D:\Potato\IrishPotato37G\healthy\healthy5504.jpg,healthy,irish
D:\Potato\IrishPotato37G\lateblt\Lateblt1356.jpg,late_blight,irish
D:\Potato\IrishPotato37G\earlyblt\Earlyblt502.JPG,early_blight,irish
D:\Potato\IrishPotato37G\earlyblt\Earlyblt4831.JPG,early_blight,irish
D:\Potato\IrishPotato37G\earlyblt\Earlyblt714.JPG,early_blight,irish
D:\Potato\IrishPotato37G\lateblt\Lateblt492.jpg,late_blight,irish
D:\Potato\IrishPotato37G\lateblt\Lateblt46.jpg,late_blight,irish
D:\Potato\IrishPotato37G\healthy\healthy4504.jpg,healthy,irish
D:\Potato\IrishPotato37G\earlyblt\Earlyblt6593.jpg,early_blight,irish
D:\Potato\IrishPotato37G\earlyblt\Earlyblt823.JPG,early_blight,irish
D:\Potato\IrishPotato37G\healthy\healthy4043.jpg,healthy,irish
D:\Potato\IrishPotato37G\healthy\healthy2208.jpg,healthy,irish
D:\Potato\IrishPotato37G\lateblt\Lateblt2072.jpg,late_blight,irish
D:\Potato\IrishPotato37G\earlyblt\Earlyblt348.JPG,early_blight,irish
D:\Potato\IrishPotato37G\lateblt\Lateblt5.jpg,late_blight,irish
D:\Potato\IrishPotato37G\lateblt\Lateblt59.jpg,late_blight,irish
D:\Potato\IrishPotato37G\healthy\healthy938.jpg,healthy,irish
D:\Potato\IrishPotato37G\lateblt\Lateblt1190.jpg,late_blight,irish
D:\Potato\IrishPotato37G\lateblt\Lateblt126.jpg,late_blight,irish
D:\Potato\IrishPotato37G\lateblt\Lateblt1697.jpg,late_blight,irish
D:\Potato\IrishPotato37G\lateblt\Lateblt391.jpg,late_blight,irish
D:\Potato\IrishPotato37G\healthy\healthy1997.jpg,healthy,irish
D:\Potato\IrishPotato37G\lateblt\Lateblt517.jpg,late_blight,irish
D:\Potato\IrishPotato37G\healthy\healthy2706.jpg,healthy,irish
D:\Potato\IrishPotato37G\healthy\healthy1754.jpg,healthy,irish
D:\Potato\IrishPotato37G\lateblt\Lateblt1961.jpg,late_blight,irish
D:\Potato\IrishPotato37G\earlyblt\Earlyblt9.JPG,early_blight,irish
D:\Potato\IrishPotato37G\healthy\healthy3432.jpg,healthy,irish
D:\Potato\IrishPotato37G\lateblt\Lateblt1502.jpg,late_blight,irish
D:\Potato\IrishPotato37G\healthy\healthy412.jpg,healthy,irish
D:\Potato\IrishPotato37G\healthy\healthy4601.jpg,healthy,irish
D:\Potato\IrishPotato37G\earlyblt\Earlyblt2037.JPG,early_blight,irish
D:\Potato\IrishPotato37G\lateblt\Lateblt264.jpg,late_blight,irish
D:\Potato\IrishPotato37G\earlyblt\Earlyblt2069.JPG,early_blight,irish
D:\Potato\IrishPotato37G\lateblt\Lateblt1160.jpg,late_blight,irish
D:\Potato\IrishPotato37G\healthy\healthy1886.jpg,healthy,irish
D:\Potato\IrishPotato37G\healthy\healthy5333.jpg,healthy,irish
D:\Potato\IrishPotato37G\healthy\healthy2738.jpg,healthy,irish
D:\Potato\IrishPotato37G\lateblt\Lateblt1336.jpg,late_blight,irish
D:\Potato\IrishPotato37G\lateblt\Lateblt1472.jpg,late_blight,irish
D:\Potato\IrishPotato37G\healthy\healthy4293.jpg,healthy,irish
D:\Potato\IrishPotato37G\healthy\healthy4896.jpg,healthy,irish
D:\Potato\IrishPotato37G\healthy\healthy4379.jpg,healthy,irish
D:\Potato\IrishPotato37G\earlyblt\Earlyblt2184.JPG,early_blight,irish
D:\Potato\IrishPotato37G\earlyblt\Earlyblt919.JPG,early_blight,irish
D:\Potato\IrishPotato37G\lateblt\Lateblt110.jpg,late_blight,irish
D:\Potato\IrishPotato37G\healthy\healthy1867.jpg,healthy,irish
D:\Potato\IrishPotato37G\lateblt\Lateblt2179.jpg,late_blight,irish
D:\Potato\IrishPotato37G\lateblt\Lateblt1239.jpg,late_blight,irish
D:\Potato\IrishPotato37G\lateblt\Lateblt603.jpg,late_blight,irish
D:\Potato\IrishPotato37G\healthy\healthy3968.jpg,healthy,irish
D:\Potato\IrishPotato37G\lateblt\Lateblt1259.jpg,late_blight,irish
D:\Potato\IrishPotato37G\healthy\healthy650.jpg,healthy,irish
D:\Potato\IrishPotato37G\healthy\healthy5411.jpg,healthy,irish
D:\Potato\IrishPotato37G\earlyblt\Earlyblt6482.JPG,early_blight,irish
D:\Potato\IrishPotato37G\healthy\healthy3604.jpg,healthy,irish
D:\Potato\IrishPotato37G\lateblt\Lateblt2140.jpg,late_blight,irish
D:\Potato\IrishPotato37G\healthy\healthy4022.jpg,healthy,irish
D:\Potato\IrishPotato37G\earlyblt\Earlyblt3130.JPG,early_blight,irish
D:\Potato\IrishPotato37G\healthy\healthy1721.jpg,healthy,irish
D:\Potato\IrishPotato37G\earlyblt\Earlyblt6479.JPG,early_blight,irish
D:\Potato\IrishPotato37G\lateblt\Lateblt1850.jpg,late_blight,irish
D:\Potato\IrishPotato37G\healthy\healthy5412.jpg,healthy,irish
D:\Potato\IrishPotato37G\lateblt\Lateblt2437.jpg,late_blight,irish
D:\Potato\IrishPotato37G\earlyblt\Earlyblt6176.JPG,early_blight,irish
D:\Potato\IrishPotato37G\earlyblt\Earlyblt1054.JPG,early_blight,irish
D:\Potato\IrishPotato37G\earlyblt\Earlyblt654.JPG,early_blight,irish
D:\Potato\IrishPotato37G\earlyblt\Earlyblt6742.jpg,early_blight,irish
D:\Potato\IrishPotato37G\lateblt\Lateblt2591.jpg,late_blight,irish
D:\Potato\IrishPotato37G\lateblt\Lateblt2237.jpg,late_blight,irish
D:\Potato\IrishPotato37G\healthy\healthy5607.jpg,healthy,irish
D:\Potato\IrishPotato37G\earlyblt\Earlyblt3347.jpg,early_blight,irish
D:\Potato\IrishPotato37G\earlyblt\Earlyblt4884.jpg,early_blight,irish
D:\Potato\IrishPotato37G\earlyblt\Earlyblt3619.jpg,early_blight,irish
D:\Potato\IrishPotato37G\healthy\healthy2809.jpg,healthy,irish
D:\Potato\IrishPotato37G\healthy\healthy4424.jpg,healthy,irish
D:\Potato\IrishPotato37G\healthy\healthy3592.jpg,healthy,irish
D:\Potato\IrishPotato37G\lateblt\Lateblt1455.jpg,late_blight,irish
D:\Potato\IrishPotato37G\lateblt\Lateblt1835.jpg,late_blight,irish
D:\Potato\IrishPotato37G\healthy\healthy1727.jpg,healthy,irish
D:\Potato\IrishPotato37G\healthy\healthy1067.jpg,healthy,irish
D:\Potato\IrishPotato37G\lateblt\Lateblt139.jpg,late_blight,irish
D:\Potato\IrishPotato37G\healthy\healthy475.jpg,healthy,irish
D:\Potato\IrishPotato37G\lateblt\Lateblt1992.jpg,late_blight,irish
D:\Potato\IrishPotato37G\lateblt\Lateblt85.jpg,late_blight,irish
D:\Potato\IrishPotato37G\lateblt\Lateblt350.jpg,late_blight,irish
D:\Potato\IrishPotato37G\lateblt\Lateblt970.jpg,late_blight,irish
D:\Potato\IrishPotato37G\earlyblt\Earlyblt6838.JPG,early_blight,irish
D:\Potato\IrishPotato37G\healthy\healthy3071.jpg,healthy,irish
D:\Potato\IrishPotato37G\lateblt\Lateblt1606.jpg,late_blight,irish
D:\Potato\IrishPotato37G\healthy\healthy2682.jpg,healthy,irish
D:\Potato\IrishPotato37G\lateblt\Lateblt306.jpg,late_blight,irish
D:\Potato\IrishPotato37G\lateblt\Lateblt1303.jpg,late_blight,irish
D:\Potato\IrishPotato37G\earlyblt\Earlyblt3642.jpg,early_blight,irish
D:\Potato\IrishPotato37G\earlyblt\Earlyblt4673.jpg,early_blight,irish
D:\Potato\IrishPotato37G\earlyblt\Earlyblt3362.jpg,early_blight,irish
D:\Potato\IrishPotato37G\earlyblt\Earlyblt1094.JPG,early_blight,irish
D:\Potato\IrishPotato37G\healthy\healthy1946.jpg,healthy,irish
D:\Potato\IrishPotato37G\earlyblt\Earlyblt6110.jpg,early_blight,irish
D:\Potato\IrishPotato37G\earlyblt\Earlyblt3616.jpg,early_blight,irish
D:\Potato\IrishPotato37G\lateblt\Lateblt595.jpg,late_blight,irish
D:\Potato\IrishPotato37G\earlyblt\Earlyblt332.JPG,early_blight,irish
D:\Potato\IrishPotato37G\healthy\healthy2395.jpg,healthy,irish
D:\Potato\IrishPotato37G\lateblt\Lateblt409.jpg,late_blight,irish
D:\Potato\IrishPotato37G\healthy\healthy2009.jpg,healthy,irish
D:\Potato\IrishPotato37G\healthy\healthy2040.jpg,healthy,irish
D:\Potato\IrishPotato37G\earlyblt\Earlyblt2054.JPG,early_blight,irish
D:\Potato\IrishPotato37G\healthy\healthy190.jpg,healthy,irish
D:\Potato\IrishPotato37G\earlyblt\Earlyblt834.JPG,early_blight,irish
D:\Potato\IrishPotato37G\lateblt\Lateblt1010.jpg,late_blight,irish
D:\Potato\IrishPotato37G\lateblt\Lateblt4.jpg,late_blight,irish
D:\Potato\IrishPotato37G\lateblt\Lateblt2576.jpg,late_blight,irish
D:\Potato\IrishPotato37G\earlyblt\Earlyblt667.JPG,early_blight,irish
D:\Potato\IrishPotato37G\earlyblt\Earlyblt1542.JPG,early_blight,irish
D:\Potato\IrishPotato37G\earlyblt\Earlyblt6638.jpg,early_blight,irish
D:\Potato\IrishPotato37G\lateblt\Lateblt1423.jpg,late_blight,irish
D:\Potato\IrishPotato37G\earlyblt\Earlyblt3996.jpg,early_blight,irish
D:\Potato\IrishPotato37G\earlyblt\Earlyblt861.JPG,early_blight,irish
D:\Potato\IrishPotato37G\lateblt\Lateblt2867.jpg,late_blight,irish
D:\Potato\IrishPotato37G\earlyblt\Earlyblt6521.jpg,early_blight,irish
D:\Potato\IrishPotato37G\lateblt\Lateblt410.jpg,late_blight,irish
D:\Potato\IrishPotato37G\earlyblt\Earlyblt3580.jpg,early_blight,irish
D:\Potato\IrishPotato37G\earlyblt\Earlyblt3082.JPG,early_blight,irish
D:\Potato\IrishPotato37G\lateblt\Lateblt2069.jpg,late_blight,irish
D:\Potato\IrishPotato37G\earlyblt\Earlyblt2566.JPG,early_blight,irish
D:\Potato\IrishPotato37G\earlyblt\Earlyblt6706.jpg,early_blight,irish
D:\Potato\IrishPotato37G\earlyblt\Earlyblt5909.JPG,early_blight,irish
D:\Potato\IrishPotato37G\healthy\healthy3936.jpg,healthy,irish
D:\Potato\IrishPotato37G\earlyblt\Earlyblt1680.JPG,early_blight,irish
D:\Potato\IrishPotato37G\earlyblt\Earlyblt2895.JPG,early_blight,irish
D:\Potato\IrishPotato37G\healthy\healthy1633.jpg,healthy,irish
D:\Potato\IrishPotato37G\earlyblt\Earlyblt3783.jpg,early_blight,irish
D:\Potato\IrishPotato37G\earlyblt\Earlyblt3490.jpg,early_blight,irish
D:\Potato\IrishPotato37G\healthy\healthy5574.jpg,healthy,irish
D:\Potato\IrishPotato37G\lateblt\Lateblt1425.jpg,late_blight,irish
D:\Potato\IrishPotato37G\healthy\healthy467.jpg,healthy,irish
D:\Potato\IrishPotato37G\healthy\healthy3257.jpg,healthy,irish
D:\Potato\IrishPotato37G\healthy\healthy43.jpg,healthy,irish
D:\Potato\IrishPotato37G\earlyblt\Earlyblt1611.JPG,early_blight,irish
D:\Potato\IrishPotato37G\healthy\healthy1971.jpg,healthy,irish
D:\Potato\IrishPotato37G\lateblt\Lateblt2874.jpg,late_blight,irish
D:\Potato\IrishPotato37G\earlyblt\Earlyblt4712.JPG,early_blight,irish
D:\Potato\IrishPotato37G\earlyblt\Earlyblt6891.JPG,early_blight,irish
D:\Potato\IrishPotato37G\lateblt\Lateblt901.jpg,late_blight,irish
D:\Potato\IrishPotato37G\lateblt\Lateblt5022.jpg,late_blight,irish
D:\Potato\IrishPotato37G\healthy\healthy4207.jpg,healthy,irish
D:\Potato\IrishPotato37G\lateblt\Lateblt1895.jpg,late_blight,irish
D:\Potato\IrishPotato37G\lateblt\Lateblt2531.jpg,late_blight,irish
D:\Potato\IrishPotato37G\earlyblt\Earlyblt1844.JPG,early_blight,irish
D:\Potato\IrishPotato37G\lateblt\Lateblt1182.jpg,late_blight,irish
D:\Potato\IrishPotato37G\healthy\healthy2046.jpg,healthy,irish
D:\Potato\IrishPotato37G\lateblt\Lateblt165.jpg,late_blight,irish
D:\Potato\IrishPotato37G\healthy\healthy1548.jpg,healthy,irish
D:\Potato\IrishPotato37G\healthy\healthy3513.jpg,healthy,irish
D:\Potato\IrishPotato37G\earlyblt\Earlyblt542.JPG,early_blight,irish
D:\Potato\IrishPotato37G\earlyblt\Earlyblt1486.JPG,early_blight,irish
D:\Potato\IrishPotato37G\earlyblt\Earlyblt2145.JPG,early_blight,irish
D:\Potato\IrishPotato37G\earlyblt\Earlyblt141.JPG,early_blight,irish
D:\Potato\IrishPotato37G\lateblt\Lateblt942.jpg,late_blight,irish
D:\Potato\IrishPotato37G\healthy\healthy2927.jpg,healthy,irish
D:\Potato\IrishPotato37G\healthy\healthy1394.jpg,healthy,irish
D:\Potato\IrishPotato37G\lateblt\Lateblt686.jpg,late_blight,irish
D:\Potato\IrishPotato37G\lateblt\Lateblt187.jpg,late_blight,irish
D:\Potato\IrishPotato37G\lateblt\Lateblt627.jpg,late_blight,irish
D:\Potato\IrishPotato37G\healthy\healthy3791.jpg,healthy,irish
D:\Potato\IrishPotato37G\healthy\healthy2885.jpg,healthy,irish
D:\Potato\IrishPotato37G\lateblt\Lateblt2620.jpg,late_blight,irish
D:\Potato\IrishPotato37G\healthy\healthy1.jpg,healthy,irish
D:\Potato\IrishPotato37G\healthy\healthy4460.jpg,healthy,irish
D:\Potato\IrishPotato37G\earlyblt\Earlyblt207.JPG,early_blight,irish
D:\Potato\IrishPotato37G\healthy\healthy4367.jpg,healthy,irish
D:\Potato\IrishPotato37G\lateblt\Lateblt1812.jpg,late_blight,irish
D:\Potato\IrishPotato37G\earlyblt\Earlyblt6374.JPG,early_blight,irish
D:\Potato\IrishPotato37G\earlyblt\Earlyblt3312.jpg,early_blight,irish
D:\Potato\IrishPotato37G\earlyblt\Earlyblt2690.JPG,early_blight,irish
D:\Potato\IrishPotato37G\healthy\healthy1276.jpg,healthy,irish
D:\Potato\IrishPotato37G\earlyblt\Earlyblt824.JPG,early_blight,irish
D:\Potato\IrishPotato37G\healthy\healthy1967.jpg,healthy,irish
D:\Potato\IrishPotato37G\healthy\healthy3847.jpg,healthy,irish
D:\Potato\IrishPotato37G\healthy\healthy2690.jpg,healthy,irish
D:\Potato\IrishPotato37G\earlyblt\Earlyblt1820.JPG,early_blight,irish
D:\Potato\IrishPotato37G\lateblt\Lateblt993.jpg,late_blight,irish
D:\Potato\IrishPotato37G\healthy\healthy3022.jpg,healthy,irish
D:\Potato\IrishPotato37G\earlyblt\Earlyblt1739.JPG,early_blight,irish
D:\Potato\IrishPotato37G\healthy\healthy4453.jpg,healthy,irish
D:\Potato\IrishPotato37G\earlyblt\Earlyblt1850.JPG,early_blight,irish
D:\Potato\IrishPotato37G\lateblt\Lateblt2909.jpg,late_blight,irish
D:\Potato\IrishPotato37G\healthy\healthy1772.jpg,healthy,irish
D:\Potato\IrishPotato37G\healthy\healthy297.jpg,healthy,irish
D:\Potato\IrishPotato37G\earlyblt\Earlyblt381.JPG,early_blight,irish
D:\Potato\IrishPotato37G\earlyblt\Earlyblt3119.JPG,early_blight,irish
D:\Potato\IrishPotato37G\healthy\healthy4690.jpg,healthy,irish
D:\Potato\IrishPotato37G\earlyblt\Earlyblt689.JPG,early_blight,irish
D:\Potato\IrishPotato37G\healthy\healthy5523.jpg,healthy,irish
D:\Potato\IrishPotato37G\lateblt\Lateblt1595.jpg,late_blight,irish
D:\Potato\IrishPotato37G\earlyblt\Earlyblt1871.JPG,early_blight,irish
D:\Potato\IrishPotato37G\earlyblt\Earlyblt1436.JPG,early_blight,irish
D:\Potato\IrishPotato37G\lateblt\Lateblt2440.jpg,late_blight,irish
D:\Potato\IrishPotato37G\lateblt\Lateblt2887.jpg,late_blight,irish
D:\Potato\IrishPotato37G\earlyblt\Earlyblt301.JPG,early_blight,irish
D:\Potato\IrishPotato37G\earlyblt\Earlyblt1988.JPG,early_blight,irish
D:\Potato\IrishPotato37G\healthy\healthy3801.jpg,healthy,irish
D:\Potato\IrishPotato37G\healthy\healthy473.jpg,healthy,irish
D:\Potato\IrishPotato37G\healthy\healthy3315.jpg,healthy,irish
D:\Potato\IrishPotato37G\lateblt\Lateblt2719.jpg,late_blight,irish
D:\Potato\IrishPotato37G\earlyblt\Earlyblt7017.JPG,early_blight,irish
D:\Potato\IrishPotato37G\healthy\healthy4758.jpg,healthy,irish
D:\Potato\IrishPotato37G\lateblt\Lateblt1519.jpg,late_blight,irish
D:\Potato\IrishPotato37G\lateblt\Lateblt2595.jpg,late_blight,irish
D:\Potato\IrishPotato37G\earlyblt\Earlyblt3156.jpg,early_blight,irish
D:\Potato\IrishPotato37G\lateblt\Lateblt2916.jpg,late_blight,irish
D:\Potato\IrishPotato37G\healthy\healthy3381.jpg,healthy,irish
D:\Potato\IrishPotato37G\earlyblt\Earlyblt4740.JPG,early_blight,irish
D:\Potato\IrishPotato37G\healthy\healthy1373.jpg,healthy,irish
D:\Potato\IrishPotato37G\lateblt\Lateblt2693.jpg,late_blight,irish
D:\Potato\IrishPotato37G\healthy\healthy3891.jpg,healthy,irish
D:\Potato\IrishPotato37G\earlyblt\Earlyblt6209.jpg,early_blight,irish
D:\Potato\IrishPotato37G\healthy\healthy2188.jpg,healthy,irish
D:\Potato\IrishPotato37G\earlyblt\Earlyblt6548.jpg,early_blight,irish
D:\Potato\IrishPotato37G\healthy\healthy1360.jpg,healthy,irish
D:\Potato\IrishPotato37G\healthy\healthy1231.jpg,healthy,irish
D:\Potato\IrishPotato37G\healthy\healthy5405.jpg,healthy,irish
D:\Potato\IrishPotato37G\earlyblt\Earlyblt5929.jpg,early_blight,irish
D:\Potato\IrishPotato37G\earlyblt\Earlyblt6841.JPG,early_blight,irish
D:\Potato\IrishPotato37G\earlyblt\Earlyblt3682.jpg,early_blight,irish
D:\Potato\IrishPotato37G\lateblt\Lateblt833.jpg,late_blight,irish
D:\Potato\IrishPotato37G\earlyblt\Earlyblt699.JPG,early_blight,irish
D:\Potato\IrishPotato37G\healthy\healthy2444.jpg,healthy,irish
D:\Potato\IrishPotato37G\healthy\healthy1653.jpg,healthy,irish
D:\Potato\IrishPotato37G\lateblt\Lateblt98.jpg,late_blight,irish
D:\Potato\IrishPotato37G\lateblt\Lateblt32.jpg,late_blight,irish
D:\Potato\IrishPotato37G\earlyblt\Earlyblt426.JPG,early_blight,irish
D:\Potato\IrishPotato37G\lateblt\Lateblt22.jpg,late_blight,irish
D:\Potato\IrishPotato37G\healthy\healthy3231.jpg,healthy,irish
D:\Potato\IrishPotato37G\lateblt\Lateblt937.jpg,late_blight,irish
D:\Potato\IrishPotato37G\earlyblt\Earlyblt2674.JPG,early_blight,irish
D:\Potato\IrishPotato37G\lateblt\Lateblt1176.jpg,late_blight,irish
D:\Potato\IrishPotato37G\earlyblt\Earlyblt6027.jpg,early_blight,irish
D:\Potato\IrishPotato37G\lateblt\Lateblt790.jpg,late_blight,irish
D:\Potato\IrishPotato37G\lateblt\Lateblt2290.jpg,late_blight,irish
D:\Potato\IrishPotato37G\lateblt\Lateblt727.jpg,late_blight,irish
D:\Potato\IrishPotato37G\lateblt\Lateblt267.jpg,late_blight,irish
D:\Potato\IrishPotato37G\lateblt\Lateblt1969.jpg,late_blight,irish
D:\Potato\IrishPotato37G\lateblt\Lateblt2888.jpg,late_blight,irish
D:\Potato\IrishPotato37G\earlyblt\Earlyblt3770.JPG,early_blight,irish
D:\Potato\IrishPotato37G\earlyblt\Earlyblt437.JPG,early_blight,irish
D:\Potato\IrishPotato37G\lateblt\Lateblt2787.jpg,late_blight,irish
D:\Potato\IrishPotato37G\earlyblt\Earlyblt436.JPG,early_blight,irish
D:\Potato\IrishPotato37G\earlyblt\Earlyblt1265.JPG,early_blight,irish
D:\Potato\IrishPotato37G\healthy\healthy299.jpg,healthy,irish
D:\Potato\IrishPotato37G\lateblt\Lateblt1562.jpg,late_blight,irish
D:\Potato\IrishPotato37G\healthy\healthy3031.jpg,healthy,irish
D:\Potato\IrishPotato37G\healthy\healthy4479.jpg,healthy,irish
D:\Potato\IrishPotato37G\earlyblt\Earlyblt2886.JPG,early_blight,irish
D:\Potato\IrishPotato37G\earlyblt\Earlyblt5948.jpg,early_blight,irish
D:\Potato\IrishPotato37G\healthy\healthy221.jpg,healthy,irish
D:\Potato\IrishPotato37G\healthy\healthy534.jpg,healthy,irish
D:\Potato\IrishPotato37G\lateblt\Lateblt1168.jpg,late_blight,irish
D:\Potato\IrishPotato37G\healthy\healthy5166.jpg,healthy,irish
D:\Potato\IrishPotato37G\healthy\healthy676.jpg,healthy,irish
D:\Potato\IrishPotato37G\earlyblt\Earlyblt3775.jpg,early_blight,irish
D:\Potato\IrishPotato37G\healthy\healthy5016.jpg,healthy,irish
D:\Potato\IrishPotato37G\earlyblt\Earlyblt3261.jpg,early_blight,irish
D:\Potato\IrishPotato37G\earlyblt\Earlyblt2461.JPG,early_blight,irish
D:\Potato\IrishPotato37G\earlyblt\Earlyblt3337.jpg,early_blight,irish
D:\Potato\IrishPotato37G\earlyblt\Earlyblt1992.JPG,early_blight,irish
D:\Potato\IrishPotato37G\healthy\healthy4645.jpg,healthy,irish
D:\Potato\IrishPotato37G\earlyblt\Earlyblt3564.jpg,early_blight,irish
D:\Potato\IrishPotato37G\lateblt\Lateblt1483.jpg,late_blight,irish
D:\Potato\IrishPotato37G\earlyblt\Earlyblt4793.JPG,early_blight,irish
D:\Potato\IrishPotato37G\healthy\healthy2904.jpg,healthy,irish
D:\Potato\IrishPotato37G\earlyblt\Earlyblt169.JPG,early_blight,irish
D:\Potato\IrishPotato37G\earlyblt\Earlyblt6367.JPG,early_blight,irish
D:\Potato\IrishPotato37G\healthy\healthy1507.jpg,healthy,irish
D:\Potato\IrishPotato37G\earlyblt\Earlyblt1838.JPG,early_blight,irish
D:\Potato\IrishPotato37G\healthy\healthy4847.jpg,healthy,irish
D:\Potato\IrishPotato37G\healthy\healthy986.jpg,healthy,irish
D:\Potato\IrishPotato37G\earlyblt\Earlyblt4680.jpg,early_blight,irish
D:\Potato\IrishPotato37G\lateblt\Lateblt2666.jpg,late_blight,irish
D:\Potato\IrishPotato37G\healthy\healthy3430.jpg,healthy,irish
D:\Potato\IrishPotato37G\earlyblt\Earlyblt1919.JPG,early_blight,irish
D:\Potato\IrishPotato37G\healthy\healthy3042.jpg,healthy,irish
D:\Potato\IrishPotato37G\lateblt\Lateblt817.jpg,late_blight,irish
D:\Potato\IrishPotato37G\lateblt\Lateblt1603.jpg,late_blight,irish
D:\Potato\IrishPotato37G\earlyblt\Earlyblt3305.jpg,early_blight,irish
D:\Potato\IrishPotato37G\lateblt\Lateblt1807.jpg,late_blight,irish
D:\Potato\IrishPotato37G\lateblt\Lateblt975.jpg,late_blight,irish
D:\Potato\IrishPotato37G\earlyblt\Earlyblt3195.jpg,early_blight,irish
D:\Potato\IrishPotato37G\healthy\healthy5151.jpg,healthy,irish
D:\Potato\IrishPotato37G\earlyblt\Earlyblt1819.JPG,early_blight,irish
D:\Potato\IrishPotato37G\lateblt\Lateblt1981.jpg,late_blight,irish
D:\Potato\IrishPotato37G\lateblt\Lateblt1965.jpg,late_blight,irish
D:\Potato\IrishPotato37G\lateblt\Lateblt2202.jpg,late_blight,irish
D:\Potato\IrishPotato37G\healthy\healthy5285.jpg,healthy,irish
D:\Potato\IrishPotato37G\healthy\healthy3759.jpg,healthy,irish
D:\Potato\IrishPotato37G\healthy\healthy4491.jpg,healthy,irish
D:\Potato\IrishPotato37G\healthy\healthy4456.jpg,healthy,irish
D:\Potato\IrishPotato37G\lateblt\Lateblt327.jpg,late_blight,irish
D:\Potato\IrishPotato37G\earlyblt\Earlyblt3004.JPG,early_blight,irish
D:\Potato\IrishPotato37G\earlyblt\Earlyblt915.JPG,early_blight,irish
D:\Potato\IrishPotato37G\earlyblt\Earlyblt3147.jpg,early_blight,irish
D:\Potato\IrishPotato37G\lateblt\Lateblt57.jpg,late_blight,irish
D:\Potato\IrishPotato37G\lateblt\Lateblt2092.jpg,late_blight,irish
D:\Potato\IrishPotato37G\healthy\healthy4320.jpg,healthy,irish
D:\Potato\IrishPotato37G\earlyblt\Earlyblt6260.JPG,early_blight,irish
D:\Potato\IrishPotato37G\earlyblt\Earlyblt5951.jpg,early_blight,irish
D:\Potato\IrishPotato37G\healthy\healthy1386.jpg,healthy,irish
D:\Potato\IrishPotato37G\earlyblt\Earlyblt6894.JPG,early_blight,irish
D:\Potato\IrishPotato37G\earlyblt\Earlyblt1717.JPG,early_blight,irish
D:\Potato\IrishPotato37G\earlyblt\Earlyblt3566.jpg,early_blight,irish
D:\Potato\IrishPotato37G\earlyblt\Earlyblt1771.JPG,early_blight,irish
D:\Potato\IrishPotato37G\lateblt\Lateblt652.jpg,late_blight,irish
D:\Potato\IrishPotato37G\healthy\healthy1397.jpg,healthy,irish
D:\Potato\IrishPotato37G\earlyblt\Earlyblt2766.JPG,early_blight,irish
D:\Potato\IrishPotato37G\healthy\healthy1762.jpg,healthy,irish
D:\Potato\IrishPotato37G\healthy\healthy2776.jpg,healthy,irish
D:\Potato\IrishPotato37G\earlyblt\Earlyblt1550.JPG,early_blight,irish
D:\Potato\IrishPotato37G\healthy\healthy5569.jpg,healthy,irish
D:\Potato\IrishPotato37G\healthy\healthy2967.jpg,healthy,irish
D:\Potato\IrishPotato37G\earlyblt\Earlyblt2563.JPG,early_blight,irish
D:\Potato\IrishPotato37G\earlyblt\Earlyblt3085.JPG,early_blight,irish
D:\Potato\IrishPotato37G\earlyblt\Earlyblt2871.JPG,early_blight,irish
D:\Potato\IrishPotato37G\earlyblt\Earlyblt246.JPG,early_blight,irish
D:\Potato\IrishPotato37G\healthy\healthy4533.jpg,healthy,irish
D:\Potato\IrishPotato37G\lateblt\Lateblt1899.jpg,late_blight,irish
D:\Potato\IrishPotato37G\earlyblt\Earlyblt1707.JPG,early_blight,irish
D:\Potato\IrishPotato37G\earlyblt\Earlyblt3820.jpg,early_blight,irish
D:\Potato\IrishPotato37G\earlyblt\Earlyblt4826.jpg,early_blight,irish
D:\Potato\IrishPotato37G\healthy\healthy1051.jpg,healthy,irish
D:\Potato\IrishPotato37G\earlyblt\Earlyblt929.JPG,early_blight,irish
D:\Potato\IrishPotato37G\lateblt\Lateblt2469.jpg,late_blight,irish
D:\Potato\IrishPotato37G\lateblt\Lateblt2441.jpg,late_blight,irish
D:\Potato\IrishPotato37G\healthy\healthy3705.jpg,healthy,irish
D:\Potato\IrishPotato37G\earlyblt\Earlyblt2015.JPG,early_blight,irish
D:\Potato\IrishPotato37G\lateblt\Lateblt2661.jpg,late_blight,irish
D:\Potato\IrishPotato37G\earlyblt\Earlyblt3320.jpg,early_blight,irish
D:\Potato\IrishPotato37G\earlyblt\Earlyblt607.JPG,early_blight,irish
D:\Potato\IrishPotato37G\healthy\healthy4268.jpg,healthy,irish
D:\Potato\IrishPotato37G\earlyblt\Earlyblt1.JPG,early_blight,irish
D:\Potato\IrishPotato37G\earlyblt\Earlyblt1997.JPG,early_blight,irish
D:\Potato\IrishPotato37G\earlyblt\Earlyblt6143.JPG,early_blight,irish
D:\Potato\IrishPotato37G\lateblt\Lateblt62.jpg,late_blight,irish
D:\Potato\IrishPotato37G\lateblt\Lateblt180.jpg,late_blight,irish
D:\Potato\IrishPotato37G\earlyblt\Earlyblt2707.JPG,early_blight,irish
D:\Potato\IrishPotato37G\healthy\healthy1286.jpg,healthy,irish
D:\Potato\IrishPotato37G\lateblt\Lateblt210.jpg,late_blight,irish
D:\Potato\IrishPotato37G\lateblt\Lateblt1027.jpg,late_blight,irish
D:\Potato\IrishPotato37G\lateblt\Lateblt865.jpg,late_blight,irish
D:\Potato\IrishPotato37G\earlyblt\Earlyblt1920.JPG,early_blight,irish
D:\Potato\IrishPotato37G\healthy\healthy4993.jpg,healthy,irish
D:\Potato\IrishPotato37G\lateblt\Lateblt2692.jpg,late_blight,irish
D:\Potato\IrishPotato37G\earlyblt\Earlyblt3022.JPG,early_blight,irish
D:\Potato\IrishPotato37G\lateblt\Lateblt2672.jpg,late_blight,irish
D:\Potato\IrishPotato37G\earlyblt\Earlyblt1590.JPG,early_blight,irish
D:\Potato\IrishPotato37G\lateblt\Lateblt1090.jpg,late_blight,irish
D:\Potato\IrishPotato37G\healthy\healthy3068.jpg,healthy,irish
D:\Potato\IrishPotato37G\healthy\healthy673.jpg,healthy,irish
D:\Potato\IrishPotato37G\earlyblt\Earlyblt6618.jpg,early_blight,irish
D:\Potato\IrishPotato37G\earlyblt\Earlyblt1196.JPG,early_blight,irish
D:\Potato\IrishPotato37G\earlyblt\Earlyblt1949.JPG,early_blight,irish
D:\Potato\IrishPotato37G\lateblt\Lateblt1580.jpg,late_blight,irish
D:\Potato\IrishPotato37G\healthy\healthy3845.jpg,healthy,irish
D:\Potato\IrishPotato37G\lateblt\Lateblt2816.jpg,late_blight,irish
D:\Potato\IrishPotato37G\earlyblt\Earlyblt165.JPG,early_blight,irish
D:\Potato\IrishPotato37G\lateblt\Lateblt2833.jpg,late_blight,irish
D:\Potato\IrishPotato37G\lateblt\Lateblt157.jpg,late_blight,irish
D:\Potato\IrishPotato37G\earlyblt\Earlyblt2475.JPG,early_blight,irish
D:\Potato\IrishPotato37G\lateblt\Lateblt499.jpg,late_blight,irish
D:\Potato\IrishPotato37G\earlyblt\Earlyblt1910.JPG,early_blight,irish
D:\Potato\IrishPotato37G\earlyblt\Earlyblt4846.JPG,early_blight,irish
D:\Potato\IrishPotato37G\lateblt\Lateblt434.jpg,late_blight,irish
D:\Potato\IrishPotato37G\healthy\healthy1805.jpg,healthy,irish
D:\Potato\IrishPotato37G\earlyblt\Earlyblt6568.JPG,early_blight,irish
D:\Potato\IrishPotato37G\earlyblt\Earlyblt6683.jpg,early_blight,irish
D:\Potato\IrishPotato37G\healthy\healthy831.jpg,healthy,irish
D:\Potato\IrishPotato37G\healthy\healthy2648.jpg,healthy,irish
D:\Potato\IrishPotato37G\lateblt\Lateblt2741.jpg,late_blight,irish
D:\Potato\IrishPotato37G\earlyblt\Earlyblt274.JPG,early_blight,irish
D:\Potato\IrishPotato37G\lateblt\Lateblt256.jpg,late_blight,irish
D:\Potato\IrishPotato37G\lateblt\Lateblt2102.jpg,late_blight,irish
D:\Potato\IrishPotato37G\healthy\healthy2995.jpg,healthy,irish
D:\Potato\IrishPotato37G\lateblt\Lateblt2079.jpg,late_blight,irish
D:\Potato\IrishPotato37G\earlyblt\Earlyblt6463.jpg,early_blight,irish
D:\Potato\IrishPotato37G\earlyblt\Earlyblt6923.JPG,early_blight,irish
D:\Potato\IrishPotato37G\healthy\healthy1427.jpg,healthy,irish
D:\Potato\IrishPotato37G\healthy\healthy4445.jpg,healthy,irish
D:\Potato\IrishPotato37G\lateblt\Lateblt1532.jpg,late_blight,irish
D:\Potato\IrishPotato37G\lateblt\Lateblt5003.jpg,late_blight,irish
D:\Potato\IrishPotato37G\healthy\healthy4713.jpg,healthy,irish
D:\Potato\IrishPotato37G\earlyblt\Earlyblt6389.JPG,early_blight,irish
D:\Potato\IrishPotato37G\earlyblt\Earlyblt47.JPG,early_blight,irish
D:\Potato\IrishPotato37G\healthy\healthy4060.jpg,healthy,irish
D:\Potato\IrishPotato37G\healthy\healthy4228.jpg,healthy,irish
D:\Potato\IrishPotato37G\lateblt\Lateblt1130.jpg,late_blight,irish
D:\Potato\IrishPotato37G\healthy\healthy5415.jpg,healthy,irish
D:\Potato\IrishPotato37G\healthy\healthy5266.jpg,healthy,irish
D:\Potato\IrishPotato37G\earlyblt\Earlyblt6717.jpg,early_blight,irish
D:\Potato\IrishPotato37G\earlyblt\Earlyblt6933.JPG,early_blight,irish
D:\Potato\IrishPotato37G\lateblt\Lateblt1732.jpg,late_blight,irish
D:\Potato\IrishPotato37G\lateblt\Lateblt2515_1.jpg,late_blight,irish
D:\Potato\IrishPotato37G\earlyblt\Earlyblt734.JPG,early_blight,irish
D:\Potato\IrishPotato37G\lateblt\Lateblt1921.jpg,late_blight,irish
D:\Potato\IrishPotato37G\lateblt\Lateblt1287.jpg,late_blight,irish
D:\Potato\IrishPotato37G\lateblt\Lateblt786.jpg,late_blight,irish
D:\Potato\IrishPotato37G\lateblt\Lateblt838.jpg,late_blight,irish
D:\Potato\IrishPotato37G\lateblt\Lateblt539.jpg,late_blight,irish
D:\Potato\IrishPotato37G\lateblt\Lateblt36.jpg,late_blight,irish
D:\Potato\IrishPotato37G\earlyblt\Earlyblt6815.JPG,early_blight,irish
D:\Potato\IrishPotato37G\earlyblt\Earlyblt3390.jpg,early_blight,irish
D:\Potato\IrishPotato37G\earlyblt\Earlyblt2068.JPG,early_blight,irish
D:\Potato\IrishPotato37G\healthy\healthy5369.jpg,healthy,irish
D:\Potato\IrishPotato37G\healthy\healthy4793.jpg,healthy,irish
D:\Potato\IrishPotato37G\healthy\healthy5639.jpg,healthy,irish
D:\Potato\IrishPotato37G\lateblt\Lateblt2297.jpg,late_blight,irish
D:\Potato\IrishPotato37G\earlyblt\Earlyblt4716.JPG,early_blight,irish
D:\Potato\IrishPotato37G\lateblt\Lateblt438.jpg,late_blight,irish
D:\Potato\IrishPotato37G\healthy\healthy853.jpg,healthy,irish
D:\Potato\IrishPotato37G\earlyblt\Earlyblt1730.JPG,early_blight,irish
D:\Potato\IrishPotato37G\lateblt\Lateblt1325.jpg,late_blight,irish
D:\Potato\IrishPotato37G\earlyblt\Earlyblt3894.jpg,early_blight,irish
D:\Potato\IrishPotato37G\healthy\healthy786.jpg,healthy,irish
D:\Potato\IrishPotato37G\healthy\healthy3926.jpg,healthy,irish
D:\Potato\IrishPotato37G\healthy\healthy2149.jpg,healthy,irish
D:\Potato\IrishPotato37G\earlyblt\Earlyblt346.JPG,early_blight,irish
D:\Potato\IrishPotato37G\healthy\healthy634.jpg,healthy,irish
D:\Potato\IrishPotato37G\earlyblt\Earlyblt4947.jpg,early_blight,irish
D:\Potato\IrishPotato37G\healthy\healthy2289.jpg,healthy,irish
D:\Potato\IrishPotato37G\lateblt\Lateblt1534.jpg,late_blight,irish
D:\Potato\IrishPotato37G\lateblt\Lateblt1609.jpg,late_blight,irish
D:\Potato\IrishPotato37G\healthy\healthy3383.jpg,healthy,irish
D:\Potato\IrishPotato37G\healthy\healthy2681.jpg,healthy,irish
D:\Potato\IrishPotato37G\healthy\healthy124.jpg,healthy,irish
D:\Potato\IrishPotato37G\earlyblt\Earlyblt1285.JPG,early_blight,irish
D:\Potato\IrishPotato37G\earlyblt\Earlyblt3598.jpg,early_blight,irish
D:\Potato\IrishPotato37G\earlyblt\Earlyblt150.JPG,early_blight,irish
D:\Potato\IrishPotato37G\healthy\healthy3433.jpg,healthy,irish
D:\Potato\IrishPotato37G\healthy\healthy2426.jpg,healthy,irish
D:\Potato\IrishPotato37G\healthy\healthy3550.jpg,healthy,irish
D:\Potato\IrishPotato37G\lateblt\Lateblt2822.jpg,late_blight,irish
D:\Potato\IrishPotato37G\lateblt\Lateblt1983.jpg,late_blight,irish
D:\Potato\IrishPotato37G\healthy\healthy5133.jpg,healthy,irish
D:\Potato\IrishPotato37G\earlyblt\Earlyblt6016.jpg,early_blight,irish
D:\Potato\IrishPotato37G\healthy\healthy528.jpg,healthy,irish
D:\Potato\IrishPotato37G\lateblt\Lateblt1689.jpg,late_blight,irish
D:\Potato\IrishPotato37G\lateblt\Lateblt2084.jpg,late_blight,irish
D:\Potato\IrishPotato37G\lateblt\Lateblt2015.jpg,late_blight,irish
D:\Potato\IrishPotato37G\earlyblt\Earlyblt6175.JPG,early_blight,irish
D:\Potato\IrishPotato37G\earlyblt\Earlyblt2681.JPG,early_blight,irish
D:\Potato\IrishPotato37G\earlyblt\Earlyblt435.JPG,early_blight,irish
D:\Potato\IrishPotato37G\earlyblt\Earlyblt6982.JPG,early_blight,irish
D:\Potato\IrishPotato37G\earlyblt\Earlyblt1583.JPG,early_blight,irish
D:\Potato\IrishPotato37G\lateblt\Lateblt815.jpg,late_blight,irish
D:\Potato\IrishPotato37G\earlyblt\Earlyblt3222.jpg,early_blight,irish
D:\Potato\IrishPotato37G\healthy\healthy5143.jpg,healthy,irish
D:\Potato\IrishPotato37G\healthy\healthy4920.jpg,healthy,irish
D:\Potato\IrishPotato37G\earlyblt\Earlyblt6734.jpg,early_blight,irish
D:\Potato\IrishPotato37G\healthy\healthy3379.jpg,healthy,irish
D:\Potato\IrishPotato37G\lateblt\Lateblt2351.jpg,late_blight,irish
D:\Potato\IrishPotato37G\lateblt\Lateblt821.jpg,late_blight,irish
D:\Potato\IrishPotato37G\healthy\healthy314.jpg,healthy,irish
D:\Potato\IrishPotato37G\healthy\healthy3886.jpg,healthy,irish
D:\Potato\IrishPotato37G\healthy\healthy1897.jpg,healthy,irish
D:\Potato\IrishPotato37G\earlyblt\Earlyblt1881.JPG,early_blight,irish
D:\Potato\IrishPotato37G\healthy\healthy5019.jpg,healthy,irish
D:\Potato\IrishPotato37G\healthy\healthy448.jpg,healthy,irish
D:\Potato\IrishPotato37G\lateblt\Lateblt2995.jpg,late_blight,irish
D:\Potato\IrishPotato37G\lateblt\Lateblt1429.jpg,late_blight,irish
D:\Potato\IrishPotato37G\healthy\healthy1021.jpg,healthy,irish
D:\Potato\IrishPotato37G\earlyblt\Earlyblt6733.jpg,early_blight,irish
D:\Potato\IrishPotato37G\lateblt\Lateblt2845.jpg,late_blight,irish
D:\Potato\IrishPotato37G\lateblt\Lateblt1683.jpg,late_blight,irish
D:\Potato\IrishPotato37G\healthy\healthy5156.jpg,healthy,irish
D:\Potato\IrishPotato37G\earlyblt\Earlyblt331.JPG,early_blight,irish
D:\Potato\IrishPotato37G\healthy\healthy787.jpg,healthy,irish
D:\Potato\IrishPotato37G\healthy\healthy3303.jpg,healthy,irish
D:\Potato\IrishPotato37G\lateblt\Lateblt700.jpg,late_blight,irish
D:\Potato\IrishPotato37G\healthy\healthy1149.jpg,healthy,irish
D:\Potato\IrishPotato37G\healthy\healthy3244.jpg,healthy,irish
D:\Potato\IrishPotato37G\healthy\healthy1904.jpg,healthy,irish
D:\Potato\IrishPotato37G\healthy\healthy1600.jpg,healthy,irish
D:\Potato\IrishPotato37G\healthy\healthy5293.jpg,healthy,irish
D:\Potato\IrishPotato37G\earlyblt\Earlyblt2397.JPG,early_blight,irish
D:\Potato\IrishPotato37G\lateblt\Lateblt2804.jpg,late_blight,irish
D:\Potato\IrishPotato37G\earlyblt\Earlyblt2677.JPG,early_blight,irish
D:\Potato\IrishPotato37G\lateblt\Lateblt1065.jpg,late_blight,irish
D:\Potato\IrishPotato37G\earlyblt\Earlyblt3402.jpg,early_blight,irish
D:\Potato\IrishPotato37G\earlyblt\Earlyblt3993.jpg,early_blight,irish
D:\Potato\IrishPotato37G\healthy\healthy2352.jpg,healthy,irish
D:\Potato\IrishPotato37G\lateblt\Lateblt538.jpg,late_blight,irish
D:\Potato\IrishPotato37G\lateblt\Lateblt2043.jpg,late_blight,irish
D:\Potato\IrishPotato37G\lateblt\Lateblt2761.jpg,late_blight,irish
D:\Potato\IrishPotato37G\healthy\healthy3366.jpg,healthy,irish
D:\Potato\IrishPotato37G\earlyblt\Earlyblt1276.JPG,early_blight,irish
D:\Potato\IrishPotato37G\healthy\healthy3018.jpg,healthy,irish
D:\Potato\IrishPotato37G\healthy\healthy1563.jpg,healthy,irish
D:\Potato\IrishPotato37G\earlyblt\Earlyblt6013.jpg,early_blight,irish
D:\Potato\IrishPotato37G\healthy\healthy1379.jpg,healthy,irish
D:\Potato\IrishPotato37G\healthy\healthy5529.jpg,healthy,irish
D:\Potato\IrishPotato37G\lateblt\Lateblt84.jpg,late_blight,irish
D:\Potato\IrishPotato37G\healthy\healthy2202.jpg,healthy,irish
D:\Potato\IrishPotato37G\earlyblt\Earlyblt3559.jpg,early_blight,irish
D:\Potato\IrishPotato37G\earlyblt\Earlyblt202.JPG,early_blight,irish
D:\Potato\IrishPotato37G\healthy\healthy1587.jpg,healthy,irish
D:\Potato\IrishPotato37G\lateblt\Lateblt1241.jpg,late_blight,irish
D:\Potato\IrishPotato37G\lateblt\Lateblt1791.jpg,late_blight,irish
D:\Potato\IrishPotato37G\lateblt\Lateblt134.jpg,late_blight,irish
D:\Potato\IrishPotato37G\earlyblt\Earlyblt2532.JPG,early_blight,irish
D:\Potato\IrishPotato37G\earlyblt\Earlyblt6160.JPG,early_blight,irish
D:\Potato\IrishPotato37G\lateblt\Lateblt498.jpg,late_blight,irish
D:\Potato\IrishPotato37G\earlyblt\Earlyblt3137.jpg,early_blight,irish
D:\Potato\IrishPotato37G\earlyblt\Earlyblt211.JPG,early_blight,irish
D:\Potato\IrishPotato37G\healthy\healthy4683.jpg,healthy,irish
D:\Potato\IrishPotato37G\healthy\healthy4480.jpg,healthy,irish
D:\Potato\IrishPotato37G\earlyblt\Earlyblt6988.JPG,early_blight,irish
D:\Potato\IrishPotato37G\healthy\healthy1613.jpg,healthy,irish
D:\Potato\IrishPotato37G\healthy\healthy2067.jpg,healthy,irish
D:\Potato\IrishPotato37G\earlyblt\Earlyblt3670.jpg,early_blight,irish
D:\Potato\IrishPotato37G\earlyblt\Earlyblt3478.jpg,early_blight,irish
D:\Potato\IrishPotato37G\healthy\healthy5341.jpg,healthy,irish
D:\Potato\IrishPotato37G\lateblt\Lateblt1283.jpg,late_blight,irish
D:\Potato\IrishPotato37G\earlyblt\Earlyblt3088.JPG,early_blight,irish
D:\Potato\IrishPotato37G\lateblt\Lateblt1925.jpg,late_blight,irish
D:\Potato\IrishPotato37G\healthy\healthy3734.jpg,healthy,irish
D:\Potato\IrishPotato37G\healthy\healthy353.jpg,healthy,irish
D:\Potato\IrishPotato37G\earlyblt\Earlyblt6320.JPG,early_blight,irish
D:\Potato\IrishPotato37G\earlyblt\Earlyblt963.JPG,early_blight,irish
D:\Potato\IrishPotato37G\earlyblt\Earlyblt6913.JPG,early_blight,irish
D:\Potato\IrishPotato37G\lateblt\Lateblt1421.jpg,late_blight,irish
D:\Potato\IrishPotato37G\earlyblt\Earlyblt6004.jpg,early_blight,irish
D:\Potato\IrishPotato37G\lateblt\Lateblt834.jpg,late_blight,irish
D:\Potato\IrishPotato37G\earlyblt\Earlyblt795.JPG,early_blight,irish
D:\Potato\IrishPotato37G\lateblt\Lateblt347.jpg,late_blight,irish
D:\Potato\IrishPotato37G\lateblt\Lateblt2703.jpg,late_blight,irish
D:\Potato\IrishPotato37G\lateblt\Lateblt2391.jpg,late_blight,irish
D:\Potato\IrishPotato37G\earlyblt\Earlyblt1135.JPG,early_blight,irish
D:\Potato\IrishPotato37G\healthy\healthy3301.jpg,healthy,irish
D:\Potato\IrishPotato37G\lateblt\Lateblt1362.jpg,late_blight,irish
D:\Potato\IrishPotato37G\lateblt\Lateblt2019.jpg,late_blight,irish
D:\Potato\IrishPotato37G\lateblt\Lateblt117.jpg,late_blight,irish
D:\Potato\IrishPotato37G\earlyblt\Earlyblt2172.JPG,early_blight,irish
D:\Potato\IrishPotato37G\healthy\healthy2099.jpg,healthy,irish
D:\Potato\IrishPotato37G\earlyblt\Earlyblt2352.JPG,early_blight,irish
D:\Potato\IrishPotato37G\earlyblt\Earlyblt128.JPG,early_blight,irish
D:\Potato\IrishPotato37G\earlyblt\Earlyblt4967.jpg,early_blight,irish
D:\Potato\IrishPotato37G\earlyblt\Earlyblt273.JPG,early_blight,irish
D:\Potato\IrishPotato37G\earlyblt\Earlyblt907.JPG,early_blight,irish
D:\Potato\IrishPotato37G\healthy\healthy659.jpg,healthy,irish
D:\Potato\IrishPotato37G\healthy\healthy5355.jpg,healthy,irish
D:\Potato\IrishPotato37G\earlyblt\Earlyblt1148.JPG,early_blight,irish
D:\Potato\IrishPotato37G\lateblt\Lateblt449.jpg,late_blight,irish
D:\Potato\IrishPotato37G\healthy\healthy3827.jpg,healthy,irish
D:\Potato\IrishPotato37G\healthy\healthy4246.jpg,healthy,irish
D:\Potato\IrishPotato37G\lateblt\Lateblt1645.jpg,late_blight,irish
D:\Potato\IrishPotato37G\earlyblt\Earlyblt1343.JPG,early_blight,irish
D:\Potato\IrishPotato37G\healthy\healthy4092.jpg,healthy,irish
D:\Potato\IrishPotato37G\earlyblt\Earlyblt2734.JPG,early_blight,irish
D:\Potato\IrishPotato37G\healthy\healthy1273.jpg,healthy,irish
D:\Potato\IrishPotato37G\lateblt\Lateblt2231.jpg,late_blight,irish
D:\Potato\IrishPotato37G\lateblt\Lateblt2950.jpg,late_blight,irish
D:\Potato\IrishPotato37G\healthy\healthy75.jpg,healthy,irish
D:\Potato\IrishPotato37G\lateblt\Lateblt2510.jpg,late_blight,irish
D:\Potato\IrishPotato37G\lateblt\Lateblt879.jpg,late_blight,irish
D:\Potato\IrishPotato37G\lateblt\Lateblt2542.jpg,late_blight,irish
D:\Potato\IrishPotato37G\healthy\healthy665.jpg,healthy,irish
D:\Potato\IrishPotato37G\earlyblt\Earlyblt7026.JPG,early_blight,irish
D:\Potato\IrishPotato37G\healthy\healthy4929.jpg,healthy,irish
D:\Potato\IrishPotato37G\lateblt\Lateblt864.jpg,late_blight,irish
D:\Potato\IrishPotato37G\earlyblt\Earlyblt2665.JPG,early_blight,irish
D:\Potato\IrishPotato37G\healthy\healthy64.jpg,healthy,irish
D:\Potato\IrishPotato37G\lateblt\Lateblt2926.jpg,late_blight,irish
D:\Potato\IrishPotato37G\healthy\healthy4046.jpg,healthy,irish
D:\Potato\IrishPotato37G\earlyblt\Earlyblt2719.JPG,early_blight,irish
D:\Potato\IrishPotato37G\earlyblt\Earlyblt116.JPG,early_blight,irish
D:\Potato\IrishPotato37G\earlyblt\Earlyblt1993.JPG,early_blight,irish
D:\Potato\IrishPotato37G\earlyblt\Earlyblt596.JPG,early_blight,irish
D:\Potato\IrishPotato37G\earlyblt\Earlyblt3503.jpg,early_blight,irish
D:\Potato\IrishPotato37G\healthy\healthy1998.jpg,healthy,irish
D:\Potato\IrishPotato37G\earlyblt\Earlyblt124.JPG,early_blight,irish
D:\Potato\IrishPotato37G\earlyblt\Earlyblt3278.jpg,early_blight,irish
D:\Potato\IrishPotato37G\healthy\healthy3658.jpg,healthy,irish
D:\Potato\IrishPotato37G\earlyblt\Earlyblt886.JPG,early_blight,irish
D:\Potato\IrishPotato37G\healthy\healthy2116.jpg,healthy,irish
D:\Potato\IrishPotato37G\healthy\healthy2919.jpg,healthy,irish
D:\Potato\IrishPotato37G\lateblt\Lateblt914.jpg,late_blight,irish
D:\Potato\IrishPotato37G\earlyblt\Earlyblt2648.JPG,early_blight,irish
D:\Potato\IrishPotato37G\lateblt\Lateblt2324.jpg,late_blight,irish
D:\Potato\IrishPotato37G\healthy\healthy4300.jpg,healthy,irish
D:\Potato\IrishPotato37G\lateblt\Lateblt1377.jpg,late_blight,irish
D:\Potato\IrishPotato37G\healthy\healthy2632.jpg,healthy,irish
D:\Potato\IrishPotato37G\earlyblt\Earlyblt602.JPG,early_blight,irish
D:\Potato\IrishPotato37G\lateblt\Lateblt2737.jpg,late_blight,irish
D:\Potato\IrishPotato37G\earlyblt\Earlyblt1968.JPG,early_blight,irish
D:\Potato\IrishPotato37G\lateblt\Lateblt2508.jpg,late_blight,irish
D:\Potato\IrishPotato37G\lateblt\Lateblt1840.jpg,late_blight,irish
D:\Potato\IrishPotato37G\healthy\healthy1160.jpg,healthy,irish
D:\Potato\IrishPotato37G\earlyblt\Earlyblt4703.JPG,early_blight,irish
D:\Potato\IrishPotato37G\healthy\healthy4420.jpg,healthy,irish
D:\Potato\IrishPotato37G\healthy\healthy1212.jpg,healthy,irish
D:\Potato\IrishPotato37G\lateblt\Lateblt521.jpg,late_blight,irish
D:\Potato\IrishPotato37G\healthy\healthy957.jpg,healthy,irish
D:\Potato\IrishPotato37G\earlyblt\Earlyblt2528.JPG,early_blight,irish
D:\Potato\IrishPotato37G\lateblt\Lateblt1385.jpg,late_blight,irish
D:\Potato\IrishPotato37G\earlyblt\Earlyblt3583.jpg,early_blight,irish
D:\Potato\IrishPotato37G\earlyblt\Earlyblt3327.jpg,early_blight,irish
D:\Potato\IrishPotato37G\lateblt\Lateblt1258.jpg,late_blight,irish
D:\Potato\IrishPotato37G\earlyblt\Earlyblt1621.JPG,early_blight,irish
D:\Potato\IrishPotato37G\lateblt\Lateblt1819.jpg,late_blight,irish
D:\Potato\IrishPotato37G\lateblt\Lateblt2947.jpg,late_blight,irish
D:\Potato\IrishPotato37G\lateblt\Lateblt2104.jpg,late_blight,irish
D:\Potato\IrishPotato37G\earlyblt\Earlyblt766.JPG,early_blight,irish
D:\Potato\IrishPotato37G\healthy\healthy3140.jpg,healthy,irish
D:\Potato\IrishPotato37G\earlyblt\Earlyblt4707.JPG,early_blight,irish
D:\Potato\IrishPotato37G\lateblt\Lateblt1516.jpg,late_blight,irish
D:\Potato\IrishPotato37G\healthy\healthy1837.jpg,healthy,irish
D:\Potato\IrishPotato37G\earlyblt\Earlyblt6642.jpg,early_blight,irish
D:\Potato\IrishPotato37G\earlyblt\Earlyblt1160.JPG,early_blight,irish
D:\Potato\IrishPotato37G\lateblt\Lateblt2035.jpg,late_blight,irish
D:\Potato\IrishPotato37G\earlyblt\Earlyblt2827.JPG,early_blight,irish
D:\Potato\IrishPotato37G\healthy\healthy917.jpg,healthy,irish
D:\Potato\IrishPotato37G\lateblt\Lateblt2219.jpg,late_blight,irish
D:\Potato\IrishPotato37G\healthy\healthy1554.jpg,healthy,irish
D:\Potato\IrishPotato37G\lateblt\Lateblt2571.jpg,late_blight,irish
D:\Potato\IrishPotato37G\earlyblt\Earlyblt656.jpg,early_blight,irish
D:\Potato\IrishPotato37G\lateblt\Lateblt1142.jpg,late_blight,irish
D:\Potato\IrishPotato37G\lateblt\Lateblt2076.jpg,late_blight,irish
D:\Potato\IrishPotato37G\earlyblt\Earlyblt6943.JPG,early_blight,irish
D:\Potato\IrishPotato37G\earlyblt\Earlyblt122.JPG,early_blight,irish
D:\Potato\IrishPotato37G\earlyblt\Earlyblt4904.JPG,early_blight,irish
D:\Potato\IrishPotato37G\lateblt\Lateblt723.jpg,late_blight,irish
D:\Potato\IrishPotato37G\lateblt\Lateblt2701.jpg,late_blight,irish
D:\Potato\IrishPotato37G\healthy\healthy328.jpg,healthy,irish
D:\Potato\IrishPotato37G\healthy\healthy2.jpg,healthy,irish
D:\Potato\IrishPotato37G\lateblt\Lateblt2713.jpg,late_blight,irish
D:\Potato\IrishPotato37G\healthy\healthy1775.jpg,healthy,irish
D:\Potato\IrishPotato37G\healthy\healthy3047.jpg,healthy,irish
D:\Potato\IrishPotato37G\earlyblt\Earlyblt1384.JPG,early_blight,irish
D:\Potato\IrishPotato37G\earlyblt\Earlyblt1534.JPG,early_blight,irish
D:\Potato\IrishPotato37G\earlyblt\Earlyblt1737.JPG,early_blight,irish
D:\Potato\IrishPotato37G\healthy\healthy3606.jpg,healthy,irish
D:\Potato\IrishPotato37G\earlyblt\Earlyblt6510.JPG,early_blight,irish
D:\Potato\IrishPotato37G\healthy\healthy1015.jpg,healthy,irish
D:\Potato\IrishPotato37G\earlyblt\Earlyblt1588.JPG,early_blight,irish
D:\Potato\IrishPotato37G\healthy\healthy2816.jpg,healthy,irish
D:\Potato\IrishPotato37G\healthy\healthy3652.jpg,healthy,irish
D:\Potato\IrishPotato37G\healthy\healthy679.jpg,healthy,irish
D:\Potato\IrishPotato37G\healthy\healthy4992.jpg,healthy,irish
D:\Potato\IrishPotato37G\lateblt\Lateblt133.jpg,late_blight,irish
D:\Potato\IrishPotato37G\healthy\healthy3467.jpg,healthy,irish
D:\Potato\IrishPotato37G\earlyblt\Earlyblt6592.jpg,early_blight,irish
D:\Potato\IrishPotato37G\lateblt\Lateblt2245.jpg,late_blight,irish
D:\Potato\IrishPotato37G\earlyblt\Earlyblt3873.jpg,early_blight,irish
D:\Potato\IrishPotato37G\lateblt\Lateblt2690.jpg,late_blight,irish
D:\Potato\IrishPotato37G\earlyblt\Earlyblt1674.JPG,early_blight,irish
D:\Potato\IrishPotato37G\earlyblt\Earlyblt3041.JPG,early_blight,irish
D:\Potato\IrishPotato37G\lateblt\Lateblt2258.jpg,late_blight,irish
D:\Potato\IrishPotato37G\earlyblt\Earlyblt3288.jpg,early_blight,irish
D:\Potato\IrishPotato37G\healthy\healthy905.jpg,healthy,irish
D:\Potato\IrishPotato37G\healthy\healthy5264.jpg,healthy,irish
D:\Potato\IrishPotato37G\lateblt\Lateblt2550.jpg,late_blight,irish
D:\Potato\IrishPotato37G\healthy\healthy3758.jpg,healthy,irish
D:\Potato\IrishPotato37G\earlyblt\Earlyblt2502.JPG,early_blight,irish
D:\Potato\IrishPotato37G\lateblt\Lateblt2029.jpg,late_blight,irish
D:\Potato\IrishPotato37G\healthy\healthy4882.jpg,healthy,irish
D:\Potato\IrishPotato37G\lateblt\Lateblt577.jpg,late_blight,irish
D:\Potato\IrishPotato37G\lateblt\Lateblt1938.jpg,late_blight,irish
D:\Potato\IrishPotato37G\earlyblt\Earlyblt6120.jpg,early_blight,irish
D:\Potato\IrishPotato37G\earlyblt\Earlyblt4686.JPG,early_blight,irish
D:\Potato\IrishPotato37G\lateblt\Lateblt76.jpg,late_blight,irish
D:\Potato\IrishPotato37G\healthy\healthy647.jpg,healthy,irish
D:\Potato\IrishPotato37G\earlyblt\Earlyblt1291.JPG,early_blight,irish
D:\Potato\IrishPotato37G\earlyblt\Earlyblt820.JPG,early_blight,irish
D:\Potato\IrishPotato37G\healthy\healthy2495.jpg,healthy,irish
D:\Potato\IrishPotato37G\earlyblt\Earlyblt110.JPG,early_blight,irish
D:\Potato\IrishPotato37G\earlyblt\Earlyblt2543.JPG,early_blight,irish
D:\Potato\IrishPotato37G\healthy\healthy4033.jpg,healthy,irish
D:\Potato\IrishPotato37G\earlyblt\Earlyblt3202.jpg,early_blight,irish
D:\Potato\IrishPotato37G\healthy\healthy2398.jpg,healthy,irish
D:\Potato\IrishPotato37G\earlyblt\Earlyblt2428.JPG,early_blight,irish
D:\Potato\IrishPotato37G\earlyblt\Earlyblt1936.JPG,early_blight,irish
D:\Potato\IrishPotato37G\lateblt\Lateblt1246.jpg,late_blight,irish
D:\Potato\IrishPotato37G\healthy\healthy5559.jpg,healthy,irish
D:\Potato\IrishPotato37G\healthy\healthy3095.jpg,healthy,irish
D:\Potato\IrishPotato37G\healthy\healthy5489.jpg,healthy,irish
D:\Potato\IrishPotato37G\earlyblt\Earlyblt3933.jpg,early_blight,irish
D:\Potato\IrishPotato37G\lateblt\Lateblt2310.jpg,late_blight,irish
D:\Potato\IrishPotato37G\lateblt\Lateblt742.jpg,late_blight,irish
D:\Potato\IrishPotato37G\earlyblt\Earlyblt2939.JPG,early_blight,irish
D:\Potato\IrishPotato37G\earlyblt\Earlyblt891.JPG,early_blight,irish
D:\Potato\IrishPotato37G\earlyblt\Earlyblt325.JPG,early_blight,irish
D:\Potato\IrishPotato37G\earlyblt\Earlyblt877.JPG,early_blight,irish
D:\Potato\IrishPotato37G\lateblt\Lateblt5034.jpg,late_blight,irish
D:\Potato\IrishPotato37G\earlyblt\Earlyblt357.JPG,early_blight,irish
D:\Potato\IrishPotato37G\earlyblt\Earlyblt3876.jpg,early_blight,irish
D:\Potato\IrishPotato37G\healthy\healthy3453.jpg,healthy,irish
D:\Potato\IrishPotato37G\earlyblt\Earlyblt1663.JPG,early_blight,irish
D:\Potato\IrishPotato37G\healthy\healthy5053.jpg,healthy,irish
D:\Potato\IrishPotato37G\lateblt\Lateblt2482.jpg,late_blight,irish
D:\Potato\IrishPotato37G\healthy\healthy4423.jpg,healthy,irish
D:\Potato\IrishPotato37G\earlyblt\Earlyblt1252.JPG,early_blight,irish
D:\Potato\IrishPotato37G\earlyblt\Earlyblt6019.jpg,early_blight,irish
D:\Potato\IrishPotato37G\lateblt\Lateblt2353.jpg,late_blight,irish
D:\Potato\IrishPotato37G\earlyblt\Earlyblt6314.JPG,early_blight,irish
D:\Potato\IrishPotato37G\earlyblt\Earlyblt741.JPG,early_blight,irish
D:\Potato\IrishPotato37G\lateblt\Lateblt1662.jpg,late_blight,irish
D:\Potato\IrishPotato37G\healthy\healthy1698.jpg,healthy,irish
D:\Potato\IrishPotato37G\healthy\healthy3076.jpg,healthy,irish
D:\Potato\IrishPotato37G\lateblt\Lateblt1331.jpg,late_blight,irish
D:\Potato\IrishPotato37G\earlyblt\Earlyblt1569.JPG,early_blight,irish
D:\Potato\IrishPotato37G\earlyblt\Earlyblt6141.JPG,early_blight,irish
D:\Potato\IrishPotato37G\earlyblt\Earlyblt3304.jpg,early_blight,irish
D:\Potato\IrishPotato37G\earlyblt\Earlyblt3845.jpg,early_blight,irish
D:\Potato\IrishPotato37G\earlyblt\Earlyblt2164.JPG,early_blight,irish
D:\Potato\IrishPotato37G\healthy\healthy3623.jpg,healthy,irish
D:\Potato\IrishPotato37G\lateblt\Lateblt1800.jpg,late_blight,irish
D:\Potato\IrishPotato37G\healthy\healthy5431.jpg,healthy,irish
D:\Potato\IrishPotato37G\earlyblt\Earlyblt2866.JPG,early_blight,irish
D:\Potato\IrishPotato37G\healthy\healthy1213.jpg,healthy,irish
D:\Potato\IrishPotato37G\lateblt\Lateblt532.jpg,late_blight,irish
D:\Potato\IrishPotato37G\earlyblt\Earlyblt6024.jpg,early_blight,irish
D:\Potato\IrishPotato37G\healthy\healthy3077.jpg,healthy,irish
D:\Potato\IrishPotato37G\lateblt\Lateblt2557.jpg,late_blight,irish
D:\Potato\IrishPotato37G\lateblt\Lateblt2360_1.jpg,late_blight,irish
D:\Potato\IrishPotato37G\healthy\healthy5517.jpg,healthy,irish
D:\Potato\IrishPotato37G\healthy\healthy1072.jpg,healthy,irish
D:\Potato\IrishPotato37G\healthy\healthy2093.jpg,healthy,irish
D:\Potato\IrishPotato37G\lateblt\Lateblt1488.jpg,late_blight,irish
D:\Potato\IrishPotato37G\lateblt\Lateblt145.jpg,late_blight,irish
D:\Potato\IrishPotato37G\lateblt\Lateblt2991.jpg,late_blight,irish
D:\Potato\IrishPotato37G\earlyblt\Earlyblt2215.JPG,early_blight,irish
D:\Potato\IrishPotato37G\healthy\healthy3288.jpg,healthy,irish
D:\Potato\IrishPotato37G\earlyblt\Earlyblt5893.jpg,early_blight,irish
D:\Potato\IrishPotato37G\healthy\healthy5423.jpg,healthy,irish
D:\Potato\IrishPotato37G\healthy\healthy3885.jpg,healthy,irish
D:\Potato\IrishPotato37G\lateblt\Lateblt1449.jpg,late_blight,irish
D:\Potato\IrishPotato37G\earlyblt\Earlyblt3242.jpg,early_blight,irish
D:\Potato\IrishPotato37G\earlyblt\Earlyblt343.JPG,early_blight,irish
D:\Potato\IrishPotato37G\healthy\healthy1388.jpg,healthy,irish
D:\Potato\IrishPotato37G\lateblt\Lateblt2505.jpg,late_blight,irish
D:\Potato\IrishPotato37G\lateblt\Lateblt2026.jpg,late_blight,irish
D:\Potato\IrishPotato37G\healthy\healthy2196.jpg,healthy,irish
D:\Potato\IrishPotato37G\earlyblt\Earlyblt5931.jpg,early_blight,irish
D:\Potato\IrishPotato37G\lateblt\Lateblt1560.jpg,late_blight,irish
D:\Potato\IrishPotato37G\earlyblt\Earlyblt6750.jpg,early_blight,irish
D:\Potato\IrishPotato37G\earlyblt\Earlyblt6822.JPG,early_blight,irish
D:\Potato\IrishPotato37G\lateblt\Lateblt2946.jpg,late_blight,irish
D:\Potato\IrishPotato37G\earlyblt\Earlyblt148.JPG,early_blight,irish
D:\Potato\IrishPotato37G\lateblt\Lateblt894.jpg,late_blight,irish
D:\Potato\IrishPotato37G\lateblt\Lateblt2061.jpg,late_blight,irish
D:\Potato\IrishPotato37G\healthy\healthy1833.jpg,healthy,irish
D:\Potato\IrishPotato37G\earlyblt\Earlyblt1666.JPG,early_blight,irish
D:\Potato\IrishPotato37G\healthy\healthy4578.jpg,healthy,irish
D:\Potato\IrishPotato37G\lateblt\Lateblt1915.jpg,late_blight,irish
D:\Potato\IrishPotato37G\earlyblt\Earlyblt1613.JPG,early_blight,irish
D:\Potato\IrishPotato37G\earlyblt\Earlyblt1790.JPG,early_blight,irish
D:\Potato\IrishPotato37G\lateblt\Lateblt1332.jpg,late_blight,irish
D:\Potato\IrishPotato37G\healthy\healthy79.jpg,healthy,irish
D:\Potato\IrishPotato37G\healthy\healthy842.jpg,healthy,irish
D:\Potato\IrishPotato37G\earlyblt\Earlyblt6291.JPG,early_blight,irish
D:\Potato\IrishPotato37G\lateblt\Lateblt1548.jpg,late_blight,irish
D:\Potato\IrishPotato37G\earlyblt\Earlyblt3204.jpg,early_blight,irish
D:\Potato\IrishPotato37G\lateblt\Lateblt1652.jpg,late_blight,irish
D:\Potato\IrishPotato37G\earlyblt\Earlyblt1422.JPG,early_blight,irish
D:\Potato\IrishPotato37G\earlyblt\Earlyblt3482.jpg,early_blight,irish
D:\Potato\IrishPotato37G\healthy\healthy3320.jpg,healthy,irish
D:\Potato\IrishPotato37G\earlyblt\Earlyblt2998.JPG,early_blight,irish
D:\Potato\IrishPotato37G\healthy\healthy2685.jpg,healthy,irish
D:\Potato\IrishPotato37G\earlyblt\Earlyblt2487.JPG,early_blight,irish
D:\Potato\IrishPotato37G\healthy\healthy3177.jpg,healthy,irish
D:\Potato\IrishPotato37G\healthy\healthy162.jpg,healthy,irish
D:\Potato\IrishPotato37G\lateblt\Lateblt808.jpg,late_blight,irish
D:\Potato\IrishPotato37G\lateblt\Lateblt1086.jpg,late_blight,irish
D:\Potato\IrishPotato37G\lateblt\Lateblt1581.jpg,late_blight,irish
D:\Potato\IrishPotato37G\healthy\healthy3756.jpg,healthy,irish
D:\Potato\IrishPotato37G\earlyblt\Earlyblt6339.JPG,early_blight,irish
D:\Potato\IrishPotato37G\earlyblt\Earlyblt2359.JPG,early_blight,irish
D:\Potato\IrishPotato37G\earlyblt\Earlyblt2331.JPG,early_blight,irish
D:\Potato\IrishPotato37G\healthy\healthy2606.jpg,healthy,irish
D:\Potato\IrishPotato37G\earlyblt\Earlyblt2266.JPG,early_blight,irish
D:\Potato\IrishPotato37G\healthy\healthy2378.jpg,healthy,irish
D:\Potato\IrishPotato37G\healthy\healthy1495.jpg,healthy,irish
D:\Potato\IrishPotato37G\earlyblt\Earlyblt1373.JPG,early_blight,irish
D:\Potato\IrishPotato37G\lateblt\Lateblt1917.jpg,late_blight,irish
D:\Potato\IrishPotato37G\healthy\healthy548.jpg,healthy,irish
D:\Potato\IrishPotato37G\earlyblt\Earlyblt3657.jpg,early_blight,irish
D:\Potato\IrishPotato37G\healthy\healthy301.jpg,healthy,irish
D:\Potato\IrishPotato37G\lateblt\Lateblt1966.jpg,late_blight,irish
D:\Potato\IrishPotato37G\earlyblt\Earlyblt2570.JPG,early_blight,irish
D:\Potato\IrishPotato37G\lateblt\Lateblt1420.jpg,late_blight,irish
D:\Potato\IrishPotato37G\healthy\healthy3832.jpg,healthy,irish
D:\Potato\IrishPotato37G\healthy\healthy1203.jpg,healthy,irish
D:\Potato\IrishPotato37G\healthy\healthy2645.jpg,healthy,irish
D:\Potato\IrishPotato37G\lateblt\Lateblt1822.jpg,late_blight,irish
D:\Potato\IrishPotato37G\lateblt\Lateblt966.jpg,late_blight,irish
D:\Potato\IrishPotato37G\healthy\healthy2468.jpg,healthy,irish
D:\Potato\IrishPotato37G\earlyblt\Earlyblt6866.JPG,early_blight,irish
D:\Potato\IrishPotato37G\lateblt\Lateblt1830.jpg,late_blight,irish
D:\Potato\IrishPotato37G\healthy\healthy5282.jpg,healthy,irish
D:\Potato\IrishPotato37G\earlyblt\Earlyblt3718.jpg,early_blight,irish
D:\Potato\IrishPotato37G\earlyblt\Earlyblt1009.JPG,early_blight,irish
D:\Potato\IrishPotato37G\healthy\healthy2725.jpg,healthy,irish
D:\Potato\IrishPotato37G\earlyblt\Earlyblt2058.JPG,early_blight,irish
D:\Potato\IrishPotato37G\earlyblt\Earlyblt2337.JPG,early_blight,irish
D:\Potato\IrishPotato37G\healthy\healthy245.jpg,healthy,irish
D:\Potato\IrishPotato37G\lateblt\Lateblt1868.jpg,late_blight,irish
D:\Potato\IrishPotato37G\earlyblt\Earlyblt1601.JPG,early_blight,irish
D:\Potato\IrishPotato37G\healthy\healthy2219.jpg,healthy,irish
D:\Potato\IrishPotato37G\earlyblt\Earlyblt3953.jpg,early_blight,irish
D:\Potato\IrishPotato37G\healthy\healthy3569.jpg,healthy,irish
D:\Potato\IrishPotato37G\lateblt\Lateblt228.jpg,late_blight,irish
D:\Potato\IrishPotato37G\earlyblt\Earlyblt6036.jpg,early_blight,irish
D:\Potato\IrishPotato37G\lateblt\Lateblt1616.jpg,late_blight,irish
D:\Potato\IrishPotato37G\earlyblt\Earlyblt3033.JPG,early_blight,irish
D:\Potato\IrishPotato37G\lateblt\Lateblt229.jpg,late_blight,irish
D:\Potato\IrishPotato37G\lateblt\Lateblt2127_1.jpg,late_blight,irish
D:\Potato\IrishPotato37G\healthy\healthy108.jpg,healthy,irish
D:\Potato\IrishPotato37G\lateblt\Lateblt1280.jpg,late_blight,irish
D:\Potato\IrishPotato37G\healthy\healthy1393.jpg,healthy,irish
D:\Potato\IrishPotato37G\lateblt\Lateblt1294.jpg,late_blight,irish
D:\Potato\IrishPotato37G\earlyblt\Earlyblt3710.JPG,early_blight,irish
D:\Potato\IrishPotato37G\healthy\healthy2906.jpg,healthy,irish
D:\Potato\IrishPotato37G\lateblt\Lateblt845.jpg,late_blight,irish
D:\Potato\IrishPotato37G\healthy\healthy3236.jpg,healthy,irish
D:\Potato\IrishPotato37G\lateblt\Lateblt1393.jpg,late_blight,irish
D:\Potato\IrishPotato37G\earlyblt\Earlyblt3299.jpg,early_blight,irish
D:\Potato\IrishPotato37G\healthy\healthy4451.jpg,healthy,irish
D:\Potato\IrishPotato37G\lateblt\Lateblt682.jpg,late_blight,irish
D:\Potato\IrishPotato37G\earlyblt\Earlyblt6523.jpg,early_blight,irish
D:\Potato\IrishPotato37G\healthy\healthy1995.jpg,healthy,irish
D:\Potato\IrishPotato37G\lateblt\Lateblt1630.jpg,late_blight,irish
D:\Potato\IrishPotato37G\earlyblt\Earlyblt2821.JPG,early_blight,irish
D:\Potato\IrishPotato37G\lateblt\Lateblt1051.jpg,late_blight,irish
D:\Potato\IrishPotato37G\healthy\healthy2747.jpg,healthy,irish
D:\Potato\IrishPotato37G\earlyblt\Earlyblt2034.JPG,early_blight,irish
D:\Potato\IrishPotato37G\lateblt\Lateblt152.jpg,late_blight,irish
D:\Potato\IrishPotato37G\healthy\healthy1122.jpg,healthy,irish
D:\Potato\IrishPotato37G\earlyblt\Earlyblt6322.JPG,early_blight,irish
D:\Potato\IrishPotato37G\lateblt\Lateblt1968.jpg,late_blight,irish
D:\Potato\IrishPotato37G\earlyblt\Earlyblt2468.JPG,early_blight,irish
D:\Potato\IrishPotato37G\healthy\healthy2132.jpg,healthy,irish
D:\Potato\IrishPotato37G\earlyblt\Earlyblt281.JPG,early_blight,irish
D:\Potato\IrishPotato37G\earlyblt\Earlyblt3815.jpg,early_blight,irish
D:\Potato\IrishPotato37G\earlyblt\Earlyblt6139.jpg,early_blight,irish
D:\Potato\IrishPotato37G\healthy\healthy720.jpg,healthy,irish
D:\Potato\IrishPotato37G\healthy\healthy2531.jpg,healthy,irish
D:\Potato\IrishPotato37G\lateblt\Lateblt2632.jpg,late_blight,irish
D:\Potato\IrishPotato37G\earlyblt\Earlyblt70.JPG,early_blight,irish
D:\Potato\IrishPotato37G\healthy\healthy3174.jpg,healthy,irish
D:\Potato\IrishPotato37G\earlyblt\Earlyblt3655.jpg,early_blight,irish
D:\Potato\IrishPotato37G\earlyblt\Earlyblt2226.JPG,early_blight,irish
D:\Potato\IrishPotato37G\lateblt\Lateblt1379.jpg,late_blight,irish
D:\Potato\IrishPotato37G\earlyblt\Earlyblt1738.JPG,early_blight,irish
D:\Potato\IrishPotato37G\healthy\healthy1164.jpg,healthy,irish
D:\Potato\IrishPotato37G\lateblt\Lateblt722.jpg,late_blight,irish
D:\Potato\IrishPotato37G\earlyblt\Earlyblt6747.jpg,early_blight,irish
D:\Potato\IrishPotato37G\healthy\healthy600.jpg,healthy,irish
D:\Potato\IrishPotato37G\healthy\healthy5006.jpg,healthy,irish
D:\Potato\IrishPotato37G\earlyblt\Earlyblt1873.JPG,early_blight,irish
D:\Potato\IrishPotato37G\healthy\healthy4551.jpg,healthy,irish
D:\Potato\IrishPotato37G\lateblt\Lateblt66.jpg,late_blight,irish
D:\Potato\IrishPotato37G\lateblt\Lateblt1432.jpg,late_blight,irish
D:\Potato\IrishPotato37G\healthy\healthy2364.jpg,healthy,irish
D:\Potato\IrishPotato37G\healthy\healthy2647.jpg,healthy,irish
D:\Potato\IrishPotato37G\earlyblt\Earlyblt212.JPG,early_blight,irish
D:\Potato\IrishPotato37G\healthy\healthy1259.jpg,healthy,irish
D:\Potato\IrishPotato37G\healthy\healthy2938.jpg,healthy,irish
D:\Potato\IrishPotato37G\lateblt\Lateblt265.jpg,late_blight,irish
D:\Potato\IrishPotato37G\healthy\healthy3586.jpg,healthy,irish
D:\Potato\IrishPotato37G\earlyblt\Earlyblt191.JPG,early_blight,irish
D:\Potato\IrishPotato37G\healthy\healthy2458.jpg,healthy,irish
D:\Potato\IrishPotato37G\earlyblt\Earlyblt2721.JPG,early_blight,irish
D:\Potato\IrishPotato37G\healthy\healthy2993.jpg,healthy,irish
D:\Potato\IrishPotato37G\healthy\healthy2278.jpg,healthy,irish
D:\Potato\IrishPotato37G\healthy\healthy3942.jpg,healthy,irish
D:\Potato\IrishPotato37G\lateblt\Lateblt1330.jpg,late_blight,irish
D:\Potato\IrishPotato37G\healthy\healthy3808.jpg,healthy,irish
D:\Potato\IrishPotato37G\lateblt\Lateblt2739.jpg,late_blight,irish
D:\Potato\IrishPotato37G\lateblt\Lateblt1763.jpg,late_blight,irish
D:\Potato\IrishPotato37G\healthy\healthy1612.jpg,healthy,irish
D:\Potato\IrishPotato37G\earlyblt\Earlyblt2873.JPG,early_blight,irish
D:\Potato\IrishPotato37G\lateblt\Lateblt2561.jpg,late_blight,irish
D:\Potato\IrishPotato37G\earlyblt\Earlyblt6129.jpg,early_blight,irish
D:\Potato\IrishPotato37G\healthy\healthy2362.jpg,healthy,irish
D:\Potato\IrishPotato37G\earlyblt\Earlyblt4829.jpg,early_blight,irish
D:\Potato\IrishPotato37G\lateblt\Lateblt490.jpg,late_blight,irish
D:\Potato\IrishPotato37G\lateblt\Lateblt525.jpg,late_blight,irish
D:\Potato\IrishPotato37G\healthy\healthy2899.jpg,healthy,irish
D:\Potato\IrishPotato37G\lateblt\Lateblt79.jpg,late_blight,irish
D:\Potato\IrishPotato37G\earlyblt\Earlyblt732.JPG,early_blight,irish
D:\Potato\IrishPotato37G\earlyblt\Earlyblt1394.JPG,early_blight,irish
D:\Potato\IrishPotato37G\healthy\healthy3818.jpg,healthy,irish
D:\Potato\IrishPotato37G\earlyblt\Earlyblt3453.jpg,early_blight,irish
D:\Potato\IrishPotato37G\lateblt\Lateblt1746.jpg,late_blight,irish
D:\Potato\IrishPotato37G\lateblt\Lateblt1935.jpg,late_blight,irish
D:\Potato\IrishPotato37G\healthy\healthy4674.jpg,healthy,irish
D:\Potato\IrishPotato37G\healthy\healthy3229.jpg,healthy,irish
D:\Potato\IrishPotato37G\healthy\healthy4745.jpg,healthy,irish
D:\Potato\IrishPotato37G\earlyblt\Earlyblt524.JPG,early_blight,irish
D:\Potato\IrishPotato37G\lateblt\Lateblt1919.jpg,late_blight,irish
D:\Potato\IrishPotato37G\earlyblt\Earlyblt825.JPG,early_blight,irish
D:\Potato\IrishPotato37G\lateblt\Lateblt1987.jpg,late_blight,irish
D:\Potato\IrishPotato37G\healthy\healthy2621.jpg,healthy,irish
D:\Potato\IrishPotato37G\healthy\healthy521.jpg,healthy,irish
D:\Potato\IrishPotato37G\lateblt\Lateblt695.jpg,late_blight,irish
D:\Potato\IrishPotato37G\earlyblt\Earlyblt2609.JPG,early_blight,irish
D:\Potato\IrishPotato37G\lateblt\Lateblt2994.jpg,late_blight,irish
D:\Potato\IrishPotato37G\lateblt\Lateblt398.jpg,late_blight,irish
D:\Potato\IrishPotato37G\healthy\healthy5463.jpg,healthy,irish
D:\Potato\IrishPotato37G\healthy\healthy5222.jpg,healthy,irish
D:\Potato\IrishPotato37G\earlyblt\Earlyblt1319.JPG,early_blight,irish
D:\Potato\IrishPotato37G\earlyblt\Earlyblt1834.JPG,early_blight,irish
D:\Potato\IrishPotato37G\healthy\healthy4173.jpg,healthy,irish
D:\Potato\IrishPotato37G\lateblt\Lateblt132.jpg,late_blight,irish
D:\Potato\IrishPotato37G\healthy\healthy3757.jpg,healthy,irish
D:\Potato\IrishPotato37G\healthy\healthy3173.jpg,healthy,irish
D:\Potato\IrishPotato37G\lateblt\Lateblt2734.jpg,late_blight,irish
D:\Potato\IrishPotato37G\healthy\healthy4336.jpg,healthy,irish
D:\Potato\IrishPotato37G\healthy\healthy2333.jpg,healthy,irish
D:\Potato\IrishPotato37G\lateblt\Lateblt2604.jpg,late_blight,irish
D:\Potato\IrishPotato37G\earlyblt\Earlyblt2554.JPG,early_blight,irish
D:\Potato\IrishPotato37G\earlyblt\Earlyblt6094.jpg,early_blight,irish
D:\Potato\IrishPotato37G\earlyblt\Earlyblt4830.jpg,early_blight,irish
D:\Potato\IrishPotato37G\earlyblt\Earlyblt2293.JPG,early_blight,irish
D:\Potato\IrishPotato37G\healthy\healthy4291.jpg,healthy,irish
D:\Potato\IrishPotato37G\healthy\healthy871.jpg,healthy,irish
D:\Potato\IrishPotato37G\earlyblt\Earlyblt2515.JPG,early_blight,irish
D:\Potato\IrishPotato37G\lateblt\Lateblt2082.jpg,late_blight,irish
D:\Potato\IrishPotato37G\earlyblt\Earlyblt6144.JPG,early_blight,irish
D:\Potato\IrishPotato37G\earlyblt\Earlyblt2276.JPG,early_blight,irish
D:\Potato\IrishPotato37G\lateblt\Lateblt2722.jpg,late_blight,irish
D:\Potato\IrishPotato37G\earlyblt\Earlyblt2565.JPG,early_blight,irish
D:\Potato\IrishPotato37G\lateblt\Lateblt1156.jpg,late_blight,irish
D:\Potato\IrishPotato37G\earlyblt\Earlyblt2890.JPG,early_blight,irish
D:\Potato\IrishPotato37G\healthy\healthy4335.jpg,healthy,irish
D:\Potato\IrishPotato37G\healthy\healthy1267.jpg,healthy,irish
D:\Potato\IrishPotato37G\lateblt\Lateblt1884.jpg,late_blight,irish
D:\Potato\IrishPotato37G\lateblt\Lateblt986.jpg,late_blight,irish
D:\Potato\IrishPotato37G\healthy\healthy2923.jpg,healthy,irish
D:\Potato\IrishPotato37G\lateblt\Lateblt5048.jpg,late_blight,irish
D:\Potato\IrishPotato37G\lateblt\Lateblt1872.jpg,late_blight,irish
D:\Potato\IrishPotato37G\earlyblt\Earlyblt1045.JPG,early_blight,irish
D:\Potato\IrishPotato37G\lateblt\Lateblt2490.jpg,late_blight,irish
D:\Potato\IrishPotato37G\lateblt\Lateblt2766.jpg,late_blight,irish
D:\Potato\IrishPotato37G\earlyblt\Earlyblt1429.JPG,early_blight,irish
D:\Potato\IrishPotato37G\lateblt\Lateblt5045.jpg,late_blight,irish
D:\Potato\IrishPotato37G\earlyblt\Earlyblt2284.JPG,early_blight,irish
D:\Potato\IrishPotato37G\lateblt\Lateblt1002.jpg,late_blight,irish
D:\Potato\IrishPotato37G\lateblt\Lateblt1062.jpg,late_blight,irish
D:\Potato\IrishPotato37G\lateblt\Lateblt1297.jpg,late_blight,irish
D:\Potato\IrishPotato37G\healthy\healthy5328.jpg,healthy,irish
D:\Potato\IrishPotato37G\healthy\healthy757.jpg,healthy,irish
D:\Potato\IrishPotato37G\earlyblt\Earlyblt3631.jpg,early_blight,irish
D:\Potato\IrishPotato37G\lateblt\Lateblt649.jpg,late_blight,irish
D:\Potato\IrishPotato37G\healthy\healthy4283.jpg,healthy,irish
D:\Potato\IrishPotato37G\healthy\healthy1037.jpg,healthy,irish
D:\Potato\IrishPotato37G\earlyblt\Earlyblt228.JPG,early_blight,irish
D:\Potato\IrishPotato37G\earlyblt\Earlyblt1922.JPG,early_blight,irish
D:\Potato\IrishPotato37G\lateblt\Lateblt2251.jpg,late_blight,irish
D:\Potato\IrishPotato37G\earlyblt\Earlyblt695.JPG,early_blight,irish
D:\Potato\IrishPotato37G\earlyblt\Earlyblt2451.JPG,early_blight,irish
D:\Potato\IrishPotato37G\earlyblt\Earlyblt6034.jpg,early_blight,irish
D:\Potato\IrishPotato37G\lateblt\Lateblt1857.jpg,late_blight,irish
D:\Potato\IrishPotato37G\lateblt\Lateblt855.jpg,late_blight,irish
D:\Potato\IrishPotato37G\earlyblt\Earlyblt3108.JPG,early_blight,irish
D:\Potato\IrishPotato37G\lateblt\Lateblt5062.jpg,late_blight,irish
D:\Potato\IrishPotato37G\healthy\healthy5509.jpg,healthy,irish
D:\Potato\IrishPotato37G\earlyblt\Earlyblt2919.JPG,early_blight,irish
D:\Potato\IrishPotato37G\healthy\healthy4309.jpg,healthy,irish
D:\Potato\IrishPotato37G\healthy\healthy5612.jpg,healthy,irish
D:\Potato\IrishPotato37G\lateblt\Lateblt2738.jpg,late_blight,irish
D:\Potato\IrishPotato37G\healthy\healthy4999.jpg,healthy,irish
D:\Potato\IrishPotato37G\healthy\healthy641.jpg,healthy,irish
D:\Potato\IrishPotato37G\earlyblt\Earlyblt3446.jpg,early_blight,irish
D:\Potato\IrishPotato37G\healthy\healthy3698.jpg,healthy,irish
D:\Potato\IrishPotato37G\earlyblt\Earlyblt999.JPG,early_blight,irish
D:\Potato\IrishPotato37G\healthy\healthy5394.jpg,healthy,irish
D:\Potato\IrishPotato37G\healthy\healthy131.jpg,healthy,irish
D:\Potato\IrishPotato37G\lateblt\Lateblt1477.jpg,late_blight,irish
D:\Potato\IrishPotato37G\healthy\healthy794.jpg,healthy,irish
D:\Potato\IrishPotato37G\healthy\healthy308.jpg,healthy,irish
D:\Potato\IrishPotato37G\lateblt\Lateblt1100.jpg,late_blight,irish
D:\Potato\IrishPotato37G\healthy\healthy4876.jpg,healthy,irish
D:\Potato\IrishPotato37G\lateblt\Lateblt2166.jpg,late_blight,irish
D:\Potato\IrishPotato37G\earlyblt\Earlyblt3936.jpg,early_blight,irish
D:\Potato\IrishPotato37G\earlyblt\Earlyblt6491.jpg,early_blight,irish
D:\Potato\IrishPotato37G\lateblt\Lateblt1006.jpg,late_blight,irish
D:\Potato\IrishPotato37G\earlyblt\Earlyblt3264.JPG,early_blight,irish
D:\Potato\IrishPotato37G\earlyblt\Earlyblt2756.JPG,early_blight,irish
D:\Potato\IrishPotato37G\earlyblt\Earlyblt6578.jpg,early_blight,irish
D:\Potato\IrishPotato37G\lateblt\Lateblt406.jpg,late_blight,irish
D:\Potato\IrishPotato37G\lateblt\Lateblt2132.jpg,late_blight,irish
D:\Potato\IrishPotato37G\healthy\healthy4554.jpg,healthy,irish
D:\Potato\IrishPotato37G\lateblt\Lateblt868.jpg,late_blight,irish
D:\Potato\IrishPotato37G\earlyblt\Earlyblt2446.JPG,early_blight,irish
D:\Potato\IrishPotato37G\healthy\healthy5602.jpg,healthy,irish
D:\Potato\IrishPotato37G\healthy\healthy4957.jpg,healthy,irish
D:\Potato\IrishPotato37G\earlyblt\Earlyblt5986.jpg,early_blight,irish
D:\Potato\IrishPotato37G\lateblt\Lateblt812.jpg,late_blight,irish
D:\Potato\IrishPotato37G\lateblt\Lateblt397.jpg,late_blight,irish
D:\Potato\IrishPotato37G\earlyblt\Earlyblt783.JPG,early_blight,irish
D:\Potato\IrishPotato37G\healthy\healthy352.jpg,healthy,irish
D:\Potato\IrishPotato37G\earlyblt\Earlyblt4747.JPG,early_blight,irish
D:\Potato\IrishPotato37G\lateblt\Lateblt1634.jpg,late_blight,irish
D:\Potato\IrishPotato37G\lateblt\Lateblt2016.jpg,late_blight,irish
D:\Potato\IrishPotato37G\earlyblt\Earlyblt1508.JPG,early_blight,irish
D:\Potato\IrishPotato37G\healthy\healthy3577.jpg,healthy,irish
D:\Potato\IrishPotato37G\healthy\healthy3073.jpg,healthy,irish
D:\Potato\IrishPotato37G\lateblt\Lateblt785.jpg,late_blight,irish
D:\Potato\IrishPotato37G\lateblt\Lateblt1758.jpg,late_blight,irish
D:\Potato\IrishPotato37G\healthy\healthy296.jpg,healthy,irish
D:\Potato\IrishPotato37G\lateblt\Lateblt2451.jpg,late_blight,irish
D:\Potato\IrishPotato37G\earlyblt\Earlyblt6823.JPG,early_blight,irish
D:\Potato\IrishPotato37G\lateblt\Lateblt1557.jpg,late_blight,irish
D:\Potato\IrishPotato37G\earlyblt\Earlyblt6928.JPG,early_blight,irish
D:\Potato\IrishPotato37G\healthy\healthy3785.jpg,healthy,irish
D:\Potato\IrishPotato37G\earlyblt\Earlyblt4692.JPG,early_blight,irish
D:\Potato\IrishPotato37G\healthy\healthy1849.jpg,healthy,irish
D:\Potato\IrishPotato37G\earlyblt\Earlyblt6061.jpg,early_blight,irish
D:\Potato\IrishPotato37G\lateblt\Lateblt2484.jpg,late_blight,irish
D:\Potato\IrishPotato37G\lateblt\Lateblt781.jpg,late_blight,irish
D:\Potato\IrishPotato37G\earlyblt\Earlyblt6360.JPG,early_blight,irish
D:\Potato\IrishPotato37G\lateblt\Lateblt102.jpg,late_blight,irish
D:\Potato\IrishPotato37G\healthy\healthy5498.jpg,healthy,irish
D:\Potato\IrishPotato37G\earlyblt\Earlyblt3405.jpg,early_blight,irish
D:\Potato\IrishPotato37G\healthy\healthy115.jpg,healthy,irish
D:\Potato\IrishPotato37G\earlyblt\Earlyblt995.JPG,early_blight,irish
D:\Potato\IrishPotato37G\earlyblt\Earlyblt2042.JPG,early_blight,irish
D:\Potato\IrishPotato37G\lateblt\Lateblt2662.jpg,late_blight,irish
D:\Potato\IrishPotato37G\earlyblt\Earlyblt3882.jpg,early_blight,irish
D:\Potato\IrishPotato37G\earlyblt\Earlyblt3068.JPG,early_blight,irish
D:\Potato\IrishPotato37G\lateblt\Lateblt1673.jpg,late_blight,irish
D:\Potato\IrishPotato37G\earlyblt\Earlyblt176.JPG,early_blight,irish
D:\Potato\IrishPotato37G\healthy\healthy2912.jpg,healthy,irish
D:\Potato\IrishPotato37G\lateblt\Lateblt5006.jpg,late_blight,irish
D:\Potato\IrishPotato37G\healthy\healthy3882.jpg,healthy,irish
D:\Potato\IrishPotato37G\earlyblt\Earlyblt1189.JPG,early_blight,irish
D:\Potato\IrishPotato37G\earlyblt\Earlyblt6428.JPG,early_blight,irish
D:\Potato\IrishPotato37G\lateblt\Lateblt44.jpg,late_blight,irish
D:\Potato\IrishPotato37G\earlyblt\Earlyblt967.JPG,early_blight,irish
D:\Potato\IrishPotato37G\healthy\healthy2947.jpg,healthy,irish
D:\Potato\IrishPotato37G\earlyblt\Earlyblt1577.JPG,early_blight,irish
D:\Potato\IrishPotato37G\healthy\healthy3389.jpg,healthy,irish
D:\Potato\IrishPotato37G\healthy\healthy4188.jpg,healthy,irish
D:\Potato\IrishPotato37G\healthy\healthy1977.jpg,healthy,irish
D:\Potato\IrishPotato37G\earlyblt\Earlyblt6915.JPG,early_blight,irish
D:\Potato\IrishPotato37G\healthy\healthy1197.jpg,healthy,irish
D:\Potato\IrishPotato37G\healthy\healthy4466.jpg,healthy,irish
D:\Potato\IrishPotato37G\lateblt\Lateblt988.jpg,late_blight,irish
D:\Potato\IrishPotato37G\earlyblt\Earlyblt5739.jpg,early_blight,irish
D:\Potato\IrishPotato37G\earlyblt\Earlyblt1628.JPG,early_blight,irish
D:\Potato\IrishPotato37G\lateblt\Lateblt1256.jpg,late_blight,irish
D:\Potato\IrishPotato37G\earlyblt\Earlyblt598.JPG,early_blight,irish
D:\Potato\IrishPotato37G\healthy\healthy1096.jpg,healthy,irish
D:\Potato\IrishPotato37G\healthy\healthy4415.jpg,healthy,irish
D:\Potato\IrishPotato37G\earlyblt\Earlyblt2727.JPG,early_blight,irish
D:\Potato\IrishPotato37G\earlyblt\Earlyblt1810.JPG,early_blight,irish
D:\Potato\IrishPotato37G\healthy\healthy1559.jpg,healthy,irish
D:\Potato\IrishPotato37G\lateblt\Lateblt2949.jpg,late_blight,irish
D:\Potato\IrishPotato37G\lateblt\Lateblt963.jpg,late_blight,irish
D:\Potato\IrishPotato37G\lateblt\Lateblt2945.jpg,late_blight,irish
D:\Potato\IrishPotato37G\lateblt\Lateblt2496.jpg,late_blight,irish
D:\Potato\IrishPotato37G\lateblt\Lateblt1279.jpg,late_blight,irish
D:\Potato\IrishPotato37G\healthy\healthy483.jpg,healthy,irish
D:\Potato\IrishPotato37G\healthy\healthy5479.jpg,healthy,irish
D:\Potato\IrishPotato37G\earlyblt\Earlyblt2102.JPG,early_blight,irish
D:\Potato\IrishPotato37G\lateblt\Lateblt581.jpg,late_blight,irish
D:\Potato\IrishPotato37G\earlyblt\Earlyblt503.JPG,early_blight,irish
D:\Potato\IrishPotato37G\lateblt\Lateblt2453.jpg,late_blight,irish
D:\Potato\IrishPotato37G\earlyblt\Earlyblt1554.JPG,early_blight,irish
D:\Potato\IrishPotato37G\lateblt\Lateblt1462.jpg,late_blight,irish
D:\Potato\IrishPotato37G\healthy\healthy4735.jpg,healthy,irish
D:\Potato\IrishPotato37G\healthy\healthy3578.jpg,healthy,irish
D:\Potato\IrishPotato37G\healthy\healthy4137.jpg,healthy,irish
D:\Potato\IrishPotato37G\lateblt\Lateblt796.jpg,late_blight,irish
D:\Potato\IrishPotato37G\healthy\healthy5482.jpg,healthy,irish
D:\Potato\IrishPotato37G\healthy\healthy4299.jpg,healthy,irish
D:\Potato\IrishPotato37G\healthy\healthy505.jpg,healthy,irish
D:\Potato\IrishPotato37G\lateblt\Lateblt746.jpg,late_blight,irish
D:\Potato\IrishPotato37G\healthy\healthy4563.jpg,healthy,irish
D:\Potato\IrishPotato37G\earlyblt\Earlyblt1509.JPG,early_blight,irish
D:\Potato\IrishPotato37G\healthy\healthy1107.jpg,healthy,irish
D:\Potato\IrishPotato37G\healthy\healthy4071.jpg,healthy,irish
D:\Potato\IrishPotato37G\healthy\healthy3523.jpg,healthy,irish
D:\Potato\IrishPotato37G\earlyblt\Earlyblt3353.jpg,early_blight,irish
D:\Potato\IrishPotato37G\healthy\healthy4643.jpg,healthy,irish
D:\Potato\IrishPotato37G\lateblt\Lateblt421.jpg,late_blight,irish
D:\Potato\IrishPotato37G\earlyblt\Earlyblt900.JPG,early_blight,irish
D:\Potato\IrishPotato37G\earlyblt\Earlyblt1689.JPG,early_blight,irish
D:\Potato\IrishPotato37G\healthy\healthy790.jpg,healthy,irish
D:\Potato\IrishPotato37G\lateblt\Lateblt609.jpg,late_blight,irish
D:\Potato\IrishPotato37G\healthy\healthy4825.jpg,healthy,irish
D:\Potato\IrishPotato37G\healthy\healthy1853.jpg,healthy,irish
D:\Potato\IrishPotato37G\earlyblt\Earlyblt6526.jpg,early_blight,irish
D:\Potato\IrishPotato37G\healthy\healthy3747.jpg,healthy,irish
D:\Potato\IrishPotato37G\lateblt\Lateblt251.jpg,late_blight,irish
D:\Potato\IrishPotato37G\lateblt\Lateblt2846.jpg,late_blight,irish
D:\Potato\IrishPotato37G\earlyblt\Earlyblt6.JPG,early_blight,irish
D:\Potato\IrishPotato37G\healthy\healthy388.jpg,healthy,irish
D:\Potato\IrishPotato37G\lateblt\Lateblt1218.jpg,late_blight,irish
D:\Potato\IrishPotato37G\lateblt\Lateblt1846.jpg,late_blight,irish
D:\Potato\IrishPotato37G\lateblt\Lateblt154.jpg,late_blight,irish
D:\Potato\IrishPotato37G\healthy\healthy3585.jpg,healthy,irish
D:\Potato\IrishPotato37G\healthy\healthy1943.jpg,healthy,irish
D:\Potato\IrishPotato37G\lateblt\Lateblt837.jpg,late_blight,irish
D:\Potato\IrishPotato37G\healthy\healthy2052.jpg,healthy,irish
D:\Potato\IrishPotato37G\earlyblt\Earlyblt2078.JPG,early_blight,irish
D:\Potato\IrishPotato37G\healthy\healthy2372.jpg,healthy,irish
D:\Potato\IrishPotato37G\lateblt\Lateblt2952.jpg,late_blight,irish
D:\Potato\IrishPotato37G\earlyblt\Earlyblt3430.jpg,early_blight,irish
D:\Potato\IrishPotato37G\healthy\healthy1352.jpg,healthy,irish
D:\Potato\IrishPotato37G\lateblt\Lateblt2953.jpg,late_blight,irish
D:\Potato\IrishPotato37G\earlyblt\Earlyblt6154.JPG,early_blight,irish
D:\Potato\IrishPotato37G\healthy\healthy3691.jpg,healthy,irish
D:\Potato\IrishPotato37G\lateblt\Lateblt651.jpg,late_blight,irish
D:\Potato\IrishPotato37G\healthy\healthy616.jpg,healthy,irish
D:\Potato\IrishPotato37G\healthy\healthy2302.jpg,healthy,irish
D:\Potato\IrishPotato37G\healthy\healthy1288.jpg,healthy,irish
D:\Potato\IrishPotato37G\healthy\healthy4905.jpg,healthy,irish
D:\Potato\IrishPotato37G\lateblt\Lateblt1485.jpg,late_blight,irish
D:\Potato\IrishPotato37G\healthy\healthy3269.jpg,healthy,irish
D:\Potato\IrishPotato37G\lateblt\Lateblt453.jpg,late_blight,irish
D:\Potato\IrishPotato37G\healthy\healthy2110.jpg,healthy,irish
D:\Potato\IrishPotato37G\earlyblt\Earlyblt3632.jpg,early_blight,irish
D:\Potato\IrishPotato37G\earlyblt\Earlyblt2131.JPG,early_blight,irish
D:\Potato\IrishPotato37G\lateblt\Lateblt448.jpg,late_blight,irish
D:\Potato\IrishPotato37G\lateblt\Lateblt81.jpg,late_blight,irish
D:\Potato\IrishPotato37G\healthy\healthy2881.jpg,healthy,irish
D:\Potato\IrishPotato37G\earlyblt\Earlyblt6371.JPG,early_blight,irish
D:\Potato\IrishPotato37G\earlyblt\Earlyblt587.JPG,early_blight,irish
D:\Potato\IrishPotato37G\earlyblt\Earlyblt6163.JPG,early_blight,irish
D:\Potato\IrishPotato37G\lateblt\Lateblt1133.jpg,late_blight,irish
D:\Potato\IrishPotato37G\earlyblt\Earlyblt1307.JPG,early_blight,irish
D:\Potato\IrishPotato37G\earlyblt\Earlyblt753.JPG,early_blight,irish
D:\Potato\IrishPotato37G\healthy\healthy2088.jpg,healthy,irish
D:\Potato\IrishPotato37G\lateblt\Lateblt1615.jpg,late_blight,irish
D:\Potato\IrishPotato37G\healthy\healthy4141.jpg,healthy,irish
D:\Potato\IrishPotato37G\healthy\healthy529.jpg,healthy,irish
D:\Potato\IrishPotato37G\healthy\healthy3014.jpg,healthy,irish
D:\Potato\IrishPotato37G\earlyblt\Earlyblt6363.JPG,early_blight,irish
D:\Potato\IrishPotato37G\healthy\healthy4665.jpg,healthy,irish
D:\Potato\IrishPotato37G\healthy\healthy246.jpg,healthy,irish
D:\Potato\IrishPotato37G\earlyblt\Earlyblt6740.jpg,early_blight,irish
D:\Potato\IrishPotato37G\lateblt\Lateblt2602.jpg,late_blight,irish
D:\Potato\IrishPotato37G\earlyblt\Earlyblt3675.JPG,early_blight,irish
D:\Potato\IrishPotato37G\healthy\healthy3800.jpg,healthy,irish
D:\Potato\IrishPotato37G\lateblt\Lateblt1105.jpg,late_blight,irish
D:\Potato\IrishPotato37G\lateblt\Lateblt625.jpg,late_blight,irish
D:\Potato\IrishPotato37G\healthy\healthy2811.jpg,healthy,irish
D:\Potato\IrishPotato37G\healthy\healthy210.jpg,healthy,irish
D:\Potato\IrishPotato37G\healthy\healthy259.jpg,healthy,irish
D:\Potato\IrishPotato37G\earlyblt\Earlyblt6702.jpg,early_blight,irish
D:\Potato\IrishPotato37G\earlyblt\Earlyblt7024.JPG,early_blight,irish
D:\Potato\IrishPotato37G\healthy\healthy3058.jpg,healthy,irish
D:\Potato\IrishPotato37G\lateblt\Lateblt2786.jpg,late_blight,irish
D:\Potato\IrishPotato37G\healthy\healthy142.jpg,healthy,irish
D:\Potato\IrishPotato37G\lateblt\Lateblt1265.jpg,late_blight,irish
D:\Potato\IrishPotato37G\lateblt\Lateblt237.jpg,late_blight,irish
D:\Potato\IrishPotato37G\lateblt\Lateblt1021.jpg,late_blight,irish
D:\Potato\IrishPotato37G\earlyblt\Earlyblt2906.JPG,early_blight,irish
D:\Potato\IrishPotato37G\earlyblt\Earlyblt6996.JPG,early_blight,irish
D:\Potato\IrishPotato37G\lateblt\Lateblt1656.jpg,late_blight,irish
D:\Potato\IrishPotato37G\healthy\healthy5226.jpg,healthy,irish
D:\Potato\IrishPotato37G\lateblt\Lateblt1158.jpg,late_blight,irish
D:\Potato\IrishPotato37G\healthy\healthy2347.jpg,healthy,irish
D:\Potato\IrishPotato37G\lateblt\Lateblt1991.jpg,late_blight,irish
D:\Potato\IrishPotato37G\earlyblt\Earlyblt2731.JPG,early_blight,irish
D:\Potato\IrishPotato37G\healthy\healthy5453.jpg,healthy,irish
D:\Potato\IrishPotato37G\lateblt\Lateblt2319.jpg,late_blight,irish
D:\Potato\IrishPotato37G\healthy\healthy3633.jpg,healthy,irish
D:\Potato\IrishPotato37G\healthy\healthy970.jpg,healthy,irish
D:\Potato\IrishPotato37G\earlyblt\Earlyblt92.JPG,early_blight,irish
D:\Potato\IrishPotato37G\lateblt\Lateblt2898.jpg,late_blight,irish
D:\Potato\IrishPotato37G\earlyblt\Earlyblt2313.JPG,early_blight,irish
D:\Potato\IrishPotato37G\earlyblt\Earlyblt1363.JPG,early_blight,irish
D:\Potato\IrishPotato37G\earlyblt\Earlyblt2578.JPG,early_blight,irish
D:\Potato\IrishPotato37G\healthy\healthy3814.jpg,healthy,irish
D:\Potato\IrishPotato37G\healthy\healthy300.jpg,healthy,irish
D:\Potato\IrishPotato37G\lateblt\Lateblt124.jpg,late_blight,irish
D:\Potato\IrishPotato37G\earlyblt\Earlyblt6589.jpg,early_blight,irish
D:\Potato\IrishPotato37G\healthy\healthy557.jpg,healthy,irish
D:\Potato\IrishPotato37G\healthy\healthy2057.jpg,healthy,irish
D:\Potato\IrishPotato37G\lateblt\Lateblt1555.jpg,late_blight,irish
D:\Potato\IrishPotato37G\lateblt\Lateblt2984.jpg,late_blight,irish
D:\Potato\IrishPotato37G\healthy\healthy1991.jpg,healthy,irish
D:\Potato\IrishPotato37G\healthy\healthy2477.jpg,healthy,irish
D:\Potato\IrishPotato37G\lateblt\Lateblt2421.jpg,late_blight,irish
D:\Potato\IrishPotato37G\earlyblt\Earlyblt2355.JPG,early_blight,irish
D:\Potato\IrishPotato37G\healthy\healthy5584.jpg,healthy,irish
D:\Potato\IrishPotato37G\healthy\healthy4919.jpg,healthy,irish
D:\Potato\IrishPotato37G\healthy\healthy3950.jpg,healthy,irish
D:\Potato\IrishPotato37G\lateblt\Lateblt1041.jpg,late_blight,irish
D:\Potato\IrishPotato37G\healthy\healthy5528.jpg,healthy,irish
D:\Potato\IrishPotato37G\earlyblt\Earlyblt2907.JPG,early_blight,irish
D:\Potato\IrishPotato37G\lateblt\Lateblt149.jpg,late_blight,irish
D:\Potato\IrishPotato37G\earlyblt\Earlyblt1580.JPG,early_blight,irish
D:\Potato\IrishPotato37G\lateblt\Lateblt573.jpg,late_blight,irish
D:\Potato\IrishPotato37G\earlyblt\Earlyblt2081.JPG,early_blight,irish
D:\Potato\IrishPotato37G\earlyblt\Earlyblt1945.JPG,early_blight,irish
D:\Potato\IrishPotato37G\earlyblt\Earlyblt7004.JPG,early_blight,irish
D:\Potato\IrishPotato37G\lateblt\Lateblt1687.jpg,late_blight,irish
D:\Potato\IrishPotato37G\healthy\healthy3846.jpg,healthy,irish
D:\Potato\IrishPotato37G\earlyblt\Earlyblt6984.JPG,early_blight,irish
D:\Potato\IrishPotato37G\earlyblt\Earlyblt4699.JPG,early_blight,irish
D:\Potato\IrishPotato37G\lateblt\Lateblt1865.jpg,late_blight,irish
D:\Potato\IrishPotato37G\earlyblt\Earlyblt2737.JPG,early_blight,irish
D:\Potato\IrishPotato37G\earlyblt\Earlyblt1720.JPG,early_blight,irish
D:\Potato\IrishPotato37G\healthy\healthy3043.jpg,healthy,irish
D:\Potato\IrishPotato37G\healthy\healthy5313.jpg,healthy,irish
D:\Potato\IrishPotato37G\earlyblt\Earlyblt3823.jpg,early_blight,irish
D:\Potato\IrishPotato37G\earlyblt\Earlyblt853.JPG,early_blight,irish
D:\Potato\IrishPotato37G\lateblt\Lateblt2387.jpg,late_blight,irish
D:\Potato\IrishPotato37G\healthy\healthy5220.jpg,healthy,irish
D:\Potato\IrishPotato37G\lateblt\Lateblt2402.jpg,late_blight,irish
D:\Potato\IrishPotato37G\lateblt\Lateblt1653.jpg,late_blight,irish
D:\Potato\IrishPotato37G\lateblt\Lateblt1036.jpg,late_blight,irish
D:\Potato\IrishPotato37G\lateblt\Lateblt332.jpg,late_blight,irish
D:\Potato\IrishPotato37G\healthy\healthy5427.jpg,healthy,irish
D:\Potato\IrishPotato37G\earlyblt\Earlyblt3003.JPG,early_blight,irish
D:\Potato\IrishPotato37G\healthy\healthy151.jpg,healthy,irish
D:\Potato\IrishPotato37G\earlyblt\Earlyblt6420.JPG,early_blight,irish
D:\Potato\IrishPotato37G\earlyblt\Earlyblt30.JPG,early_blight,irish
D:\Potato\IrishPotato37G\healthy\healthy2717.jpg,healthy,irish
D:\Potato\IrishPotato37G\earlyblt\Earlyblt2442.JPG,early_blight,irish
D:\Potato\IrishPotato37G\earlyblt\Earlyblt151.JPG,early_blight,irish
D:\Potato\IrishPotato37G\earlyblt\Earlyblt6167.JPG,early_blight,irish
D:\Potato\IrishPotato37G\earlyblt\Earlyblt231.JPG,early_blight,irish
D:\Potato\IrishPotato37G\earlyblt\Earlyblt5926.jpg,early_blight,irish
D:\Potato\IrishPotato37G\earlyblt\Earlyblt2111.JPG,early_blight,irish
D:\Potato\IrishPotato37G\healthy\healthy5058.jpg,healthy,irish
D:\Potato\IrishPotato37G\healthy\healthy2254.jpg,healthy,irish
D:\Potato\IrishPotato37G\healthy\healthy5554.jpg,healthy,irish
D:\Potato\IrishPotato37G\lateblt\Lateblt1820.jpg,late_blight,irish
D:\Potato\IrishPotato37G\healthy\healthy4545.jpg,healthy,irish
D:\Potato\IrishPotato37G\lateblt\Lateblt1937.jpg,late_blight,irish
D:\Potato\IrishPotato37G\earlyblt\Earlyblt4691.JPG,early_blight,irish
D:\Potato\IrishPotato37G\healthy\healthy5396.jpg,healthy,irish
D:\Potato\IrishPotato37G\earlyblt\Earlyblt236.JPG,early_blight,irish
D:\Potato\IrishPotato37G\healthy\healthy5484.jpg,healthy,irish
D:\Potato\IrishPotato37G\healthy\healthy4857.jpg,healthy,irish
D:\Potato\IrishPotato37G\earlyblt\Earlyblt3271.jpg,early_blight,irish
D:\Potato\IrishPotato37G\healthy\healthy257.jpg,healthy,irish
D:\Potato\IrishPotato37G\earlyblt\Earlyblt2748.JPG,early_blight,irish
D:\Potato\IrishPotato37G\earlyblt\Earlyblt4970.jpg,early_blight,irish
D:\Potato\IrishPotato37G\earlyblt\Earlyblt969.JPG,early_blight,irish
D:\Potato\IrishPotato37G\earlyblt\Earlyblt3684.jpg,early_blight,irish
D:\Potato\IrishPotato37G\healthy\healthy2162.jpg,healthy,irish
D:\Potato\IrishPotato37G\healthy\healthy1151.jpg,healthy,irish
D:\Potato\IrishPotato37G\healthy\healthy3833.jpg,healthy,irish
D:\Potato\IrishPotato37G\lateblt\Lateblt45.jpg,late_blight,irish
D:\Potato\IrishPotato37G\lateblt\Lateblt1882.jpg,late_blight,irish
D:\Potato\IrishPotato37G\lateblt\Lateblt1413.jpg,late_blight,irish
D:\Potato\IrishPotato37G\earlyblt\Earlyblt6097.jpg,early_blight,irish
D:\Potato\IrishPotato37G\earlyblt\Earlyblt2505.JPG,early_blight,irish
D:\Potato\IrishPotato37G\earlyblt\Earlyblt297.JPG,early_blight,irish
D:\Potato\IrishPotato37G\healthy\healthy5199.jpg,healthy,irish
D:\Potato\IrishPotato37G\lateblt\Lateblt257.jpg,late_blight,irish
D:\Potato\IrishPotato37G\earlyblt\Earlyblt6689.jpg,early_blight,irish
D:\Potato\IrishPotato37G\lateblt\Lateblt2962.jpg,late_blight,irish
D:\Potato\IrishPotato37G\earlyblt\Earlyblt6124.jpg,early_blight,irish
D:\Potato\IrishPotato37G\healthy\healthy309.jpg,healthy,irish
D:\Potato\IrishPotato37G\lateblt\Lateblt1780.jpg,late_blight,irish
D:\Potato\IrishPotato37G\lateblt\Lateblt945.jpg,late_blight,irish
D:\Potato\IrishPotato37G\lateblt\Lateblt1210.jpg,late_blight,irish
D:\Potato\IrishPotato37G\healthy\healthy59.jpg,healthy,irish
D:\Potato\IrishPotato37G\healthy\healthy302.jpg,healthy,irish
D:\Potato\IrishPotato37G\healthy\healthy4143.jpg,healthy,irish
D:\Potato\IrishPotato37G\healthy\healthy3404.jpg,healthy,irish
D:\Potato\IrishPotato37G\earlyblt\Earlyblt6266.JPG,early_blight,irish
D:\Potato\IrishPotato37G\lateblt\Lateblt2487_1.jpg,late_blight,irish
D:\Potato\IrishPotato37G\earlyblt\Earlyblt1781.JPG,early_blight,irish
D:\Potato\IrishPotato37G\healthy\healthy233.jpg,healthy,irish
D:\Potato\IrishPotato37G\healthy\healthy274.jpg,healthy,irish
D:\Potato\IrishPotato37G\earlyblt\Earlyblt6357.JPG,early_blight,irish
D:\Potato\IrishPotato37G\earlyblt\Earlyblt3029.JPG,early_blight,irish
D:\Potato\IrishPotato37G\earlyblt\Earlyblt1485.JPG,early_blight,irish
D:\Potato\IrishPotato37G\lateblt\Lateblt2893.jpg,late_blight,irish
D:\Potato\IrishPotato37G\healthy\healthy1662.jpg,healthy,irish
D:\Potato\IrishPotato37G\earlyblt\Earlyblt737.JPG,early_blight,irish
D:\Potato\IrishPotato37G\earlyblt\Earlyblt2110.JPG,early_blight,irish
D:\Potato\IrishPotato37G\lateblt\Lateblt628.jpg,late_blight,irish
D:\Potato\IrishPotato37G\earlyblt\Earlyblt1197.JPG,early_blight,irish
D:\Potato\IrishPotato37G\earlyblt\Earlyblt2449.JPG,early_blight,irish
D:\Potato\IrishPotato37G\healthy\healthy3632.jpg,healthy,irish
D:\Potato\IrishPotato37G\earlyblt\Earlyblt4888.jpg,early_blight,irish
D:\Potato\IrishPotato37G\lateblt\Lateblt2374.jpg,late_blight,irish
D:\Potato\IrishPotato37G\earlyblt\Earlyblt20.JPG,early_blight,irish
D:\Potato\IrishPotato37G\healthy\healthy2422.jpg,healthy,irish
D:\Potato\IrishPotato37G\earlyblt\Earlyblt665.JPG,early_blight,irish
D:\Potato\IrishPotato37G\lateblt\Lateblt2083.jpg,late_blight,irish
D:\Potato\IrishPotato37G\healthy\healthy1098.jpg,healthy,irish
D:\Potato\IrishPotato37G\earlyblt\Earlyblt1848.JPG,early_blight,irish
D:\Potato\IrishPotato37G\lateblt\Lateblt2511.jpg,late_blight,irish
D:\Potato\IrishPotato37G\healthy\healthy692.jpg,healthy,irish
D:\Potato\IrishPotato37G\earlyblt\Earlyblt3434.jpg,early_blight,irish
D:\Potato\IrishPotato37G\earlyblt\Earlyblt1038.JPG,early_blight,irish
D:\Potato\IrishPotato37G\lateblt\Lateblt1509.jpg,late_blight,irish
D:\Potato\IrishPotato37G\lateblt\Lateblt2998.jpg,late_blight,irish
D:\Potato\IrishPotato37G\lateblt\Lateblt1798.jpg,late_blight,irish
D:\Potato\IrishPotato37G\healthy\healthy3483.jpg,healthy,irish
D:\Potato\IrishPotato37G\earlyblt\Earlyblt4942.jpg,early_blight,irish
D:\Potato\IrishPotato37G\lateblt\Lateblt1538.jpg,late_blight,irish
D:\Potato\IrishPotato37G\lateblt\Lateblt1236.jpg,late_blight,irish
D:\Potato\IrishPotato37G\earlyblt\Earlyblt1749.JPG,early_blight,irish
D:\Potato\IrishPotato37G\healthy\healthy3294.jpg,healthy,irish
D:\Potato\IrishPotato37G\healthy\healthy4974.jpg,healthy,irish
D:\Potato\IrishPotato37G\earlyblt\Earlyblt2813.JPG,early_blight,irish
D:\Potato\IrishPotato37G\earlyblt\Earlyblt4715.JPG,early_blight,irish
D:\Potato\IrishPotato37G\healthy\healthy3660.jpg,healthy,irish
D:\Potato\IrishPotato37G\lateblt\Lateblt1345.jpg,late_blight,irish
D:\Potato\IrishPotato37G\lateblt\Lateblt980.jpg,late_blight,irish
D:\Potato\IrishPotato37G\earlyblt\Earlyblt1453.JPG,early_blight,irish
D:\Potato\IrishPotato37G\healthy\healthy4409.jpg,healthy,irish
D:\Potato\IrishPotato37G\healthy\healthy2151.jpg,healthy,irish
D:\Potato\IrishPotato37G\earlyblt\Earlyblt106.JPG,early_blight,irish
D:\Potato\IrishPotato37G\earlyblt\Earlyblt3071.JPG,early_blight,irish
D:\Potato\IrishPotato37G\healthy\healthy3296.jpg,healthy,irish
D:\Potato\IrishPotato37G\healthy\healthy1381.jpg,healthy,irish
D:\Potato\IrishPotato37G\lateblt\Lateblt5038.jpg,late_blight,irish
D:\Potato\IrishPotato37G\lateblt\Lateblt2221.jpg,late_blight,irish
D:\Potato\IrishPotato37G\healthy\healthy2705.jpg,healthy,irish
D:\Potato\IrishPotato37G\earlyblt\Earlyblt3862.jpg,early_blight,irish
D:\Potato\IrishPotato37G\earlyblt\Earlyblt1262.JPG,early_blight,irish
D:\Potato\IrishPotato37G\lateblt\Lateblt2091.jpg,late_blight,irish
D:\Potato\IrishPotato37G\healthy\healthy5491.jpg,healthy,irish
D:\Potato\IrishPotato37G\lateblt\Lateblt1881.jpg,late_blight,irish
D:\Potato\IrishPotato37G\earlyblt\Earlyblt3648.jpg,early_blight,irish
D:\Potato\IrishPotato37G\healthy\healthy4542.jpg,healthy,irish
D:\Potato\IrishPotato37G\earlyblt\Earlyblt119.JPG,early_blight,irish
D:\Potato\IrishPotato37G\earlyblt\Earlyblt3203.jpg,early_blight,irish
D:\Potato\IrishPotato37G\lateblt\Lateblt2896.jpg,late_blight,irish
D:\Potato\IrishPotato37G\lateblt\Lateblt2925.jpg,late_blight,irish
D:\Potato\IrishPotato37G\lateblt\Lateblt1131.jpg,late_blight,irish
D:\Potato\IrishPotato37G\healthy\healthy1806.jpg,healthy,irish
D:\Potato\IrishPotato37G\lateblt\Lateblt1734.jpg,late_blight,irish
D:\Potato\IrishPotato37G\earlyblt\Earlyblt265.JPG,early_blight,irish
D:\Potato\IrishPotato37G\lateblt\Lateblt2080.jpg,late_blight,irish
D:\Potato\IrishPotato37G\lateblt\Lateblt365.jpg,late_blight,irish
D:\Potato\IrishPotato37G\lateblt\Lateblt513.jpg,late_blight,irish
D:\Potato\IrishPotato37G\healthy\healthy1589.jpg,healthy,irish
D:\Potato\IrishPotato37G\lateblt\Lateblt1954.jpg,late_blight,irish
D:\Potato\IrishPotato37G\healthy\healthy4486.jpg,healthy,irish
D:\Potato\IrishPotato37G\earlyblt\Earlyblt6010.jpg,early_blight,irish
D:\Potato\IrishPotato37G\lateblt\Lateblt1315.jpg,late_blight,irish
D:\Potato\IrishPotato37G\lateblt\Lateblt1572.jpg,late_blight,irish
D:\Potato\IrishPotato37G\earlyblt\Earlyblt1273.JPG,early_blight,irish
D:\Potato\IrishPotato37G\earlyblt\Earlyblt6505.JPG,early_blight,irish
D:\Potato\IrishPotato37G\lateblt\Lateblt2986.jpg,late_blight,irish
D:\Potato\IrishPotato37G\healthy\healthy3086.jpg,healthy,irish
D:\Potato\IrishPotato37G\lateblt\Lateblt2046.jpg,late_blight,irish
D:\Potato\IrishPotato37G\healthy\healthy3792.jpg,healthy,irish
D:\Potato\IrishPotato37G\lateblt\Lateblt1918.jpg,late_blight,irish
D:\Potato\IrishPotato37G\lateblt\Lateblt763.jpg,late_blight,irish
D:\Potato\IrishPotato37G\lateblt\Lateblt2232.jpg,late_blight,irish
D:\Potato\IrishPotato37G\lateblt\Lateblt788.jpg,late_blight,irish
D:\Potato\IrishPotato37G\healthy\healthy3766.jpg,healthy,irish
D:\Potato\IrishPotato37G\lateblt\Lateblt1138.jpg,late_blight,irish
D:\Potato\IrishPotato37G\lateblt\Lateblt2227.jpg,late_blight,irish
D:\Potato\IrishPotato37G\healthy\healthy1791.jpg,healthy,irish
D:\Potato\IrishPotato37G\lateblt\Lateblt922.jpg,late_blight,irish
D:\Potato\IrishPotato37G\earlyblt\Earlyblt6590.jpg,early_blight,irish
D:\Potato\IrishPotato37G\earlyblt\Earlyblt6932.JPG,early_blight,irish
D:\Potato\IrishPotato37G\earlyblt\Earlyblt2637.JPG,early_blight,irish
D:\Potato\IrishPotato37G\healthy\healthy1296.jpg,healthy,irish
D:\Potato\IrishPotato37G\healthy\healthy1433.jpg,healthy,irish
D:\Potato\IrishPotato37G\healthy\healthy2959.jpg,healthy,irish
D:\Potato\IrishPotato37G\lateblt\Lateblt1201.JPG,late_blight,irish
D:\Potato\IrishPotato37G\earlyblt\Earlyblt6271.JPG,early_blight,irish
D:\Potato\IrishPotato37G\earlyblt\Earlyblt2742.JPG,early_blight,irish
D:\Potato\IrishPotato37G\lateblt\Lateblt1191.jpg,late_blight,irish
D:\Potato\IrishPotato37G\earlyblt\Earlyblt578.JPG,early_blight,irish
D:\Potato\IrishPotato37G\earlyblt\Earlyblt4706.JPG,early_blight,irish
D:\Potato\IrishPotato37G\earlyblt\Earlyblt2099.JPG,early_blight,irish
D:\Potato\IrishPotato37G\healthy\healthy807.jpg,healthy,irish
D:\Potato\IrishPotato37G\earlyblt\Earlyblt4913.jpg,early_blight,irish
D:\Potato\IrishPotato37G\healthy\healthy1647.jpg,healthy,irish
D:\Potato\IrishPotato37G\healthy\healthy3387.jpg,healthy,irish
D:\Potato\IrishPotato37G\healthy\healthy4740.jpg,healthy,irish
D:\Potato\IrishPotato37G\earlyblt\Earlyblt626.jpg,early_blight,irish
D:\Potato\IrishPotato37G\lateblt\Lateblt1369.jpg,late_blight,irish
D:\Potato\IrishPotato37G\healthy\healthy3.jpg,healthy,irish
D:\Potato\IrishPotato37G\lateblt\Lateblt944.jpg,late_blight,irish
D:\Potato\IrishPotato37G\lateblt\Lateblt857.jpg,late_blight,irish
D:\Potato\IrishPotato37G\lateblt\Lateblt2940.jpg,late_blight,irish
D:\Potato\IrishPotato37G\earlyblt\Earlyblt611.jpg,early_blight,irish
D:\Potato\IrishPotato37G\earlyblt\Earlyblt6404.JPG,early_blight,irish
D:\Potato\IrishPotato37G\earlyblt\Earlyblt3932.jpg,early_blight,irish
D:\Potato\IrishPotato37G\lateblt\Lateblt1135.jpg,late_blight,irish
D:\Potato\IrishPotato37G\lateblt\Lateblt1430.jpg,late_blight,irish
D:\Potato\IrishPotato37G\lateblt\Lateblt2526.jpg,late_blight,irish
D:\Potato\IrishPotato37G\healthy\healthy721.jpg,healthy,irish
D:\Potato\IrishPotato37G\lateblt\Lateblt793.jpg,late_blight,irish
D:\Potato\IrishPotato37G\healthy\healthy1779.jpg,healthy,irish
D:\Potato\IrishPotato37G\lateblt\Lateblt87.jpg,late_blight,irish
D:\Potato\IrishPotato37G\lateblt\Lateblt5058.jpg,late_blight,irish
D:\Potato\IrishPotato37G\lateblt\Lateblt341.jpg,late_blight,irish
D:\Potato\IrishPotato37G\lateblt\Lateblt1655.jpg,late_blight,irish
D:\Potato\IrishPotato37G\earlyblt\Earlyblt3396.jpg,early_blight,irish
D:\Potato\IrishPotato37G\healthy\healthy1196.jpg,healthy,irish
D:\Potato\IrishPotato37G\earlyblt\Earlyblt261.JPG,early_blight,irish
D:\Potato\IrishPotato37G\healthy\healthy2792.jpg,healthy,irish
D:\Potato\IrishPotato37G\earlyblt\Earlyblt2876.JPG,early_blight,irish
D:\Potato\IrishPotato37G\lateblt\Lateblt2814.jpg,late_blight,irish
D:\Potato\IrishPotato37G\lateblt\Lateblt2792.jpg,late_blight,irish
D:\Potato\IrishPotato37G\healthy\healthy962.jpg,healthy,irish
D:\Potato\IrishPotato37G\healthy\healthy5227.jpg,healthy,irish
D:\Potato\IrishPotato37G\lateblt\Lateblt231.jpg,late_blight,irish
D:\Potato\IrishPotato37G\lateblt\Lateblt2688.jpg,late_blight,irish
D:\Potato\IrishPotato37G\lateblt\Lateblt1894.jpg,late_blight,irish
D:\Potato\IrishPotato37G\earlyblt\Earlyblt1896.JPG,early_blight,irish
D:\Potato\IrishPotato37G\lateblt\Lateblt2821.jpg,late_blight,irish
D:\Potato\IrishPotato37G\earlyblt\Earlyblt2891.JPG,early_blight,irish
D:\Potato\IrishPotato37G\healthy\healthy2568.jpg,healthy,irish
D:\Potato\IrishPotato37G\lateblt\Lateblt2863.jpg,late_blight,irish
D:\Potato\IrishPotato37G\healthy\healthy2157.jpg,healthy,irish
D:\Potato\IrishPotato37G\healthy\healthy4620.jpg,healthy,irish
D:\Potato\IrishPotato37G\lateblt\Lateblt2937.jpg,late_blight,irish
D:\Potato\IrishPotato37G\healthy\healthy5329.jpg,healthy,irish
D:\Potato\IrishPotato37G\healthy\healthy4511.jpg,healthy,irish
D:\Potato\IrishPotato37G\healthy\healthy2700.jpg,healthy,irish
D:\Potato\IrishPotato37G\earlyblt\Earlyblt1130.JPG,early_blight,irish
D:\Potato\IrishPotato37G\healthy\healthy5347.jpg,healthy,irish
D:\Potato\IrishPotato37G\healthy\healthy477.jpg,healthy,irish
D:\Potato\IrishPotato37G\lateblt\Lateblt2900.jpg,late_blight,irish
D:\Potato\IrishPotato37G\earlyblt\Earlyblt2408.JPG,early_blight,irish
D:\Potato\IrishPotato37G\lateblt\Lateblt2848.jpg,late_blight,irish
D:\Potato\IrishPotato37G\healthy\healthy3573.jpg,healthy,irish
D:\Potato\IrishPotato37G\earlyblt\Earlyblt1735.JPG,early_blight,irish
D:\Potato\IrishPotato37G\lateblt\Lateblt2820.jpg,late_blight,irish
D:\Potato\IrishPotato37G\healthy\healthy5487.jpg,healthy,irish
D:\Potato\IrishPotato37G\healthy\healthy3316.jpg,healthy,irish
D:\Potato\IrishPotato37G\healthy\healthy4966.jpg,healthy,irish
D:\Potato\IrishPotato37G\healthy\healthy4731.jpg,healthy,irish
D:\Potato\IrishPotato37G\lateblt\Lateblt2609.jpg,late_blight,irish
D:\Potato\IrishPotato37G\healthy\healthy3763.jpg,healthy,irish
D:\Potato\IrishPotato37G\earlyblt\Earlyblt6611.jpg,early_blight,irish
D:\Potato\IrishPotato37G\lateblt\Lateblt765.jpg,late_blight,irish
D:\Potato\IrishPotato37G\lateblt\Lateblt2168.jpg,late_blight,irish
D:\Potato\IrishPotato37G\lateblt\Lateblt1050.jpg,late_blight,irish
D:\Potato\IrishPotato37G\lateblt\Lateblt485.jpg,late_blight,irish
D:\Potato\IrishPotato37G\lateblt\Lateblt1115.jpg,late_blight,irish
D:\Potato\IrishPotato37G\lateblt\Lateblt282.jpg,late_blight,irish
D:\Potato\IrishPotato37G\healthy\healthy1669.jpg,healthy,irish
D:\Potato\IrishPotato37G\healthy\healthy810.jpg,healthy,irish
D:\Potato\IrishPotato37G\lateblt\Lateblt475.jpg,late_blight,irish
D:\Potato\IrishPotato37G\earlyblt\Earlyblt865.JPG,early_blight,irish
D:\Potato\IrishPotato37G\healthy\healthy873.jpg,healthy,irish
D:\Potato\IrishPotato37G\earlyblt\Earlyblt3338.jpg,early_blight,irish
D:\Potato\IrishPotato37G\healthy\healthy913.jpg,healthy,irish
D:\Potato\IrishPotato37G\lateblt\Lateblt2985.jpg,late_blight,irish
D:\Potato\IrishPotato37G\healthy\healthy5074.jpg,healthy,irish
D:\Potato\IrishPotato37G\lateblt\Lateblt451.jpg,late_blight,irish
D:\Potato\IrishPotato37G\lateblt\Lateblt1990.jpg,late_blight,irish
D:\Potato\IrishPotato37G\earlyblt\Earlyblt639.JPG,early_blight,irish
D:\Potato\IrishPotato37G\healthy\healthy1558.jpg,healthy,irish
D:\Potato\IrishPotato37G\earlyblt\Earlyblt3175.jpg,early_blight,irish
D:\Potato\IrishPotato37G\earlyblt\Earlyblt6765.jpg,early_blight,irish
D:\Potato\IrishPotato37G\lateblt\Lateblt19.jpg,late_blight,irish
D:\Potato\IrishPotato37G\healthy\healthy125.jpg,healthy,irish
D:\Potato\IrishPotato37G\healthy\healthy5001.jpg,healthy,irish
D:\Potato\IrishPotato37G\healthy\healthy32.jpg,healthy,irish
D:\Potato\IrishPotato37G\healthy\healthy4115.jpg,healthy,irish
D:\Potato\IrishPotato37G\lateblt\Lateblt2380.jpg,late_blight,irish
D:\Potato\IrishPotato37G\earlyblt\Earlyblt1524.JPG,early_blight,irish
D:\Potato\IrishPotato37G\lateblt\Lateblt1862.jpg,late_blight,irish
D:\Potato\IrishPotato37G\earlyblt\Earlyblt6472.JPG,early_blight,irish
D:\Potato\IrishPotato37G\healthy\healthy357.jpg,healthy,irish
D:\Potato\IrishPotato37G\lateblt\Lateblt1049.jpg,late_blight,irish
D:\Potato\IrishPotato37G\lateblt\Lateblt2184.jpg,late_blight,irish
D:\Potato\IrishPotato37G\healthy\healthy4621.jpg,healthy,irish
D:\Potato\IrishPotato37G\healthy\healthy2401.jpg,healthy,irish
D:\Potato\IrishPotato37G\lateblt\Lateblt1445.jpg,late_blight,irish
D:\Potato\IrishPotato37G\lateblt\Lateblt1476.jpg,late_blight,irish
D:\Potato\IrishPotato37G\lateblt\Lateblt287.jpg,late_blight,irish
D:\Potato\IrishPotato37G\earlyblt\Earlyblt4979.jpg,early_blight,irish
D:\Potato\IrishPotato37G\healthy\healthy1491.jpg,healthy,irish
D:\Potato\IrishPotato37G\earlyblt\Earlyblt1091.JPG,early_blight,irish
D:\Potato\IrishPotato37G\lateblt\Lateblt1900.jpg,late_blight,irish
D:\Potato\IrishPotato37G\earlyblt\Earlyblt3627.jpg,early_blight,irish
D:\Potato\IrishPotato37G\earlyblt\Earlyblt1368.JPG,early_blight,irish
D:\Potato\IrishPotato37G\lateblt\Lateblt2211.jpg,late_blight,irish
D:\Potato\IrishPotato37G\earlyblt\Earlyblt2679.JPG,early_blight,irish
D:\Potato\IrishPotato37G\lateblt\Lateblt1788.jpg,late_blight,irish
D:\Potato\IrishPotato37G\healthy\healthy4001.jpg,healthy,irish
D:\Potato\IrishPotato37G\lateblt\Lateblt1374.jpg,late_blight,irish
D:\Potato\IrishPotato37G\lateblt\Lateblt116.jpg,late_blight,irish
D:\Potato\IrishPotato37G\healthy\healthy4401.jpg,healthy,irish
D:\Potato\IrishPotato37G\healthy\healthy3293.jpg,healthy,irish
D:\Potato\IrishPotato37G\lateblt\Lateblt2751.jpg,late_blight,irish
D:\Potato\IrishPotato37G\lateblt\Lateblt2150.jpg,late_blight,irish
D:\Potato\IrishPotato37G\earlyblt\Earlyblt15.JPG,early_blight,irish
D:\Potato\IrishPotato37G\earlyblt\Earlyblt6562.jpg,early_blight,irish
D:\Potato\IrishPotato37G\healthy\healthy4122.jpg,healthy,irish
D:\Potato\IrishPotato37G\lateblt\Lateblt1367.jpg,late_blight,irish
D:\Potato\IrishPotato37G\lateblt\Lateblt243.jpg,late_blight,irish
D:\Potato\IrishPotato37G\earlyblt\Earlyblt2754.JPG,early_blight,irish
D:\Potato\IrishPotato37G\earlyblt\Earlyblt697.JPG,early_blight,irish
D:\Potato\IrishPotato37G\earlyblt\Earlyblt1370.JPG,early_blight,irish
D:\Potato\IrishPotato37G\healthy\healthy5622.jpg,healthy,irish
D:\Potato\IrishPotato37G\earlyblt\Earlyblt1986.JPG,early_blight,irish
D:\Potato\IrishPotato37G\lateblt\Lateblt1759.jpg,late_blight,irish
D:\Potato\IrishPotato37G\healthy\healthy5533.jpg,healthy,irish
D:\Potato\IrishPotato37G\healthy\healthy2902.jpg,healthy,irish
D:\Potato\IrishPotato37G\lateblt\Lateblt1046.jpg,late_blight,irish
D:\Potato\IrishPotato37G\earlyblt\Earlyblt6832.JPG,early_blight,irish
D:\Potato\IrishPotato37G\earlyblt\Earlyblt1066.JPG,early_blight,irish
D:\Potato\IrishPotato37G\earlyblt\Earlyblt1468.JPG,early_blight,irish
D:\Potato\IrishPotato37G\lateblt\Lateblt1095.jpg,late_blight,irish
D:\Potato\IrishPotato37G\healthy\healthy3051.jpg,healthy,irish
D:\Potato\IrishPotato37G\healthy\healthy3527.jpg,healthy,irish
D:\Potato\IrishPotato37G\lateblt\Lateblt359.jpg,late_blight,irish
D:\Potato\IrishPotato37G\lateblt\Lateblt2395_1.jpg,late_blight,irish
D:\Potato\IrishPotato37G\healthy\healthy1962.jpg,healthy,irish
D:\Potato\IrishPotato37G\healthy\healthy5618.jpg,healthy,irish
D:\Potato\IrishPotato37G\healthy\healthy360.jpg,healthy,irish
D:\Potato\IrishPotato37G\healthy\healthy5208.jpg,healthy,irish
D:\Potato\IrishPotato37G\earlyblt\Earlyblt6492.JPG,early_blight,irish
D:\Potato\IrishPotato37G\lateblt\Lateblt1523.jpg,late_blight,irish
D:\Potato\IrishPotato37G\earlyblt\Earlyblt3924.jpg,early_blight,irish
D:\Potato\IrishPotato37G\healthy\healthy2066.jpg,healthy,irish
D:\Potato\IrishPotato37G\lateblt\Lateblt2954.jpg,late_blight,irish
D:\Potato\IrishPotato37G\healthy\healthy168.jpg,healthy,irish
D:\Potato\IrishPotato37G\earlyblt\Earlyblt2931.JPG,early_blight,irish
D:\Potato\IrishPotato37G\lateblt\Lateblt1824.jpg,late_blight,irish
D:\Potato\IrishPotato37G\lateblt\Lateblt2831.jpg,late_blight,irish
D:\Potato\IrishPotato37G\healthy\healthy4259.jpg,healthy,irish
D:\Potato\IrishPotato37G\earlyblt\Earlyblt2503.JPG,early_blight,irish
D:\Potato\IrishPotato37G\lateblt\Lateblt1588.jpg,late_blight,irish
D:\Potato\IrishPotato37G\lateblt\Lateblt488.jpg,late_blight,irish
D:\Potato\IrishPotato37G\earlyblt\Earlyblt3289.jpg,early_blight,irish
D:\Potato\IrishPotato37G\healthy\healthy2929.jpg,healthy,irish
D:\Potato\IrishPotato37G\lateblt\Lateblt1821.jpg,late_blight,irish
D:\Potato\IrishPotato37G\healthy\healthy5306.jpg,healthy,irish
D:\Potato\IrishPotato37G\lateblt\Lateblt2008.jpg,late_blight,irish
D:\Potato\IrishPotato37G\healthy\healthy4180.jpg,healthy,irish
D:\Potato\IrishPotato37G\healthy\healthy712.jpg,healthy,irish
D:\Potato\IrishPotato37G\earlyblt\Earlyblt6786.JPG,early_blight,irish
D:\Potato\IrishPotato37G\lateblt\Lateblt1044.jpg,late_blight,irish
D:\Potato\IrishPotato37G\healthy\healthy5072.jpg,healthy,irish
D:\Potato\IrishPotato37G\healthy\healthy1473.jpg,healthy,irish
D:\Potato\IrishPotato37G\healthy\healthy4312.jpg,healthy,irish
D:\Potato\IrishPotato37G\earlyblt\Earlyblt910.JPG,early_blight,irish
D:\Potato\IrishPotato37G\lateblt\Lateblt1713.jpg,late_blight,irish
D:\Potato\IrishPotato37G\lateblt\Lateblt771.jpg,late_blight,irish
D:\Potato\IrishPotato37G\earlyblt\Earlyblt6929.JPG,early_blight,irish
D:\Potato\IrishPotato37G\earlyblt\Earlyblt2166.JPG,early_blight,irish
D:\Potato\IrishPotato37G\healthy\healthy1405.jpg,healthy,irish
D:\Potato\IrishPotato37G\earlyblt\Earlyblt648.jpg,early_blight,irish
D:\Potato\IrishPotato37G\earlyblt\Earlyblt53.JPG,early_blight,irish
D:\Potato\IrishPotato37G\lateblt\Lateblt888.jpg,late_blight,irish
D:\Potato\IrishPotato37G\earlyblt\Earlyblt2001.JPG,early_blight,irish
D:\Potato\IrishPotato37G\earlyblt\Earlyblt6597.jpg,early_blight,irish
D:\Potato\IrishPotato37G\earlyblt\Earlyblt1723.JPG,early_blight,irish
D:\Potato\IrishPotato37G\lateblt\Lateblt1444.jpg,late_blight,irish
D:\Potato\IrishPotato37G\healthy\healthy374.jpg,healthy,irish
D:\Potato\IrishPotato37G\lateblt\Lateblt1958.jpg,late_blight,irish
D:\Potato\IrishPotato37G\lateblt\Lateblt1478.jpg,late_blight,irish
D:\Potato\IrishPotato37G\healthy\healthy4843.jpg,healthy,irish
D:\Potato\IrishPotato37G\healthy\healthy3222.jpg,healthy,irish
D:\Potato\IrishPotato37G\healthy\healthy2710.jpg,healthy,irish
D:\Potato\IrishPotato37G\healthy\healthy2677.jpg,healthy,irish
D:\Potato\IrishPotato37G\lateblt\Lateblt1339.jpg,late_blight,irish
D:\Potato\IrishPotato37G\healthy\healthy5303.jpg,healthy,irish
D:\Potato\IrishPotato37G\healthy\healthy3010.jpg,healthy,irish
D:\Potato\IrishPotato37G\earlyblt\Earlyblt1691.JPG,early_blight,irish
D:\Potato\IrishPotato37G\lateblt\Lateblt1705.jpg,late_blight,irish
D:\Potato\IrishPotato37G\earlyblt\Earlyblt2348.JPG,early_blight,irish
D:\Potato\IrishPotato37G\healthy\healthy1371.jpg,healthy,irish
D:\Potato\IrishPotato37G\lateblt\Lateblt2292.jpg,late_blight,irish
D:\Potato\IrishPotato37G\healthy\healthy4756.jpg,healthy,irish
D:\Potato\IrishPotato37G\earlyblt\Earlyblt1925.JPG,early_blight,irish
D:\Potato\IrishPotato37G\healthy\healthy565.jpg,healthy,irish
D:\Potato\IrishPotato37G\lateblt\Lateblt2646.jpg,late_blight,irish
D:\Potato\IrishPotato37G\lateblt\Lateblt137.jpg,late_blight,irish
D:\Potato\IrishPotato37G\lateblt\Lateblt337.jpg,late_blight,irish
D:\Potato\IrishPotato37G\healthy\healthy4733.jpg,healthy,irish
D:\Potato\IrishPotato37G\lateblt\Lateblt1928.jpg,late_blight,irish
D:\Potato\IrishPotato37G\earlyblt\Earlyblt4.JPG,early_blight,irish
D:\Potato\IrishPotato37G\earlyblt\Earlyblt6662.jpg,early_blight,irish
D:\Potato\IrishPotato37G\lateblt\Lateblt1350.jpg,late_blight,irish
D:\Potato\IrishPotato37G\lateblt\Lateblt395.jpg,late_blight,irish
D:\Potato\IrishPotato37G\earlyblt\Earlyblt372.JPG,early_blight,irish
D:\Potato\IrishPotato37G\healthy\healthy1846.jpg,healthy,irish
D:\Potato\IrishPotato37G\earlyblt\Earlyblt2781.JPG,early_blight,irish
D:\Potato\IrishPotato37G\lateblt\Lateblt713.jpg,late_blight,irish
D:\Potato\IrishPotato37G\earlyblt\Earlyblt2318.JPG,early_blight,irish
D:\Potato\IrishPotato37G\earlyblt\Earlyblt6341.JPG,early_blight,irish
D:\Potato\IrishPotato37G\lateblt\Lateblt1014.jpg,late_blight,irish
D:\Potato\IrishPotato37G\lateblt\Lateblt2450.jpg,late_blight,irish
D:\Potato\IrishPotato37G\healthy\healthy3687.jpg,healthy,irish
D:\Potato\IrishPotato37G\lateblt\Lateblt1092.jpg,late_blight,irish
D:\Potato\IrishPotato37G\lateblt\Lateblt338.jpg,late_blight,irish
D:\Potato\IrishPotato37G\healthy\healthy1535.jpg,healthy,irish
D:\Potato\IrishPotato37G\healthy\healthy437.jpg,healthy,irish
D:\Potato\IrishPotato37G\lateblt\Lateblt2634.jpg,late_blight,irish
D:\Potato\IrishPotato37G\healthy\healthy2491.jpg,healthy,irish
D:\Potato\IrishPotato37G\lateblt\Lateblt401.jpg,late_blight,irish
D:\Potato\IrishPotato37G\healthy\healthy1979.jpg,healthy,irish
D:\Potato\IrishPotato37G\healthy\healthy5514.jpg,healthy,irish
D:\Potato\IrishPotato37G\lateblt\Lateblt558.jpg,late_blight,irish
D:\Potato\IrishPotato37G\earlyblt\Earlyblt786.JPG,early_blight,irish
D:\Potato\IrishPotato37G\earlyblt\Earlyblt1267.JPG,early_blight,irish
D:\Potato\IrishPotato37G\earlyblt\Earlyblt6582.jpg,early_blight,irish
D:\Potato\IrishPotato37G\healthy\healthy1517.jpg,healthy,irish
D:\Potato\IrishPotato37G\lateblt\Lateblt520.jpg,late_blight,irish
D:\Potato\IrishPotato37G\healthy\healthy4223.jpg,healthy,irish
D:\Potato\IrishPotato37G\lateblt\Lateblt2827.jpg,late_blight,irish
D:\Potato\IrishPotato37G\healthy\healthy2069.jpg,healthy,irish
D:\Potato\IrishPotato37G\lateblt\Lateblt2492.jpg,late_blight,irish
D:\Potato\IrishPotato37G\healthy\healthy4729.jpg,healthy,irish
D:\Potato\IrishPotato37G\lateblt\Lateblt1172.jpg,late_blight,irish
D:\Potato\IrishPotato37G\lateblt\Lateblt2860.jpg,late_blight,irish
D:\Potato\IrishPotato37G\healthy\healthy5494.jpg,healthy,irish
D:\Potato\IrishPotato37G\earlyblt\Earlyblt6406.JPG,early_blight,irish
D:\Potato\IrishPotato37G\earlyblt\Earlyblt6956.JPG,early_blight,irish
D:\Potato\IrishPotato37G\earlyblt\Earlyblt1515.JPG,early_blight,irish
D:\Potato\IrishPotato37G\healthy\healthy4907.jpg,healthy,irish
D:\Potato\IrishPotato37G\healthy\healthy4864.jpg,healthy,irish
D:\Potato\IrishPotato37G\lateblt\Lateblt2784.jpg,late_blight,irish
D:\Potato\IrishPotato37G\lateblt\Lateblt1108.jpg,late_blight,irish
D:\Potato\IrishPotato37G\earlyblt\Earlyblt1221.JPG,early_blight,irish
D:\Potato\IrishPotato37G\lateblt\Lateblt717.jpg,late_blight,irish
D:\Potato\IrishPotato37G\lateblt\Lateblt2436.jpg,late_blight,irish
D:\Potato\IrishPotato37G\healthy\healthy1156.jpg,healthy,irish
D:\Potato\IrishPotato37G\earlyblt\Earlyblt6819.JPG,early_blight,irish
D:\Potato\IrishPotato37G\lateblt\Lateblt2005.jpg,late_blight,irish
D:\Potato\IrishPotato37G\healthy\healthy1157.jpg,healthy,irish
D:\Potato\IrishPotato37G\healthy\healthy111.jpg,healthy,irish
D:\Potato\IrishPotato37G\earlyblt\Earlyblt3742.JPG,early_blight,irish
D:\Potato\IrishPotato37G\healthy\healthy442.jpg,healthy,irish
D:\Potato\IrishPotato37G\healthy\healthy1256.jpg,healthy,irish
D:\Potato\IrishPotato37G\healthy\healthy3957.jpg,healthy,irish
D:\Potato\IrishPotato37G\lateblt\Lateblt1818.jpg,late_blight,irish
D:\Potato\IrishPotato37G\lateblt\Lateblt2111.jpg,late_blight,irish
D:\Potato\IrishPotato37G\earlyblt\Earlyblt2880.JPG,early_blight,irish
D:\Potato\IrishPotato37G\healthy\healthy4619.jpg,healthy,irish
D:\Potato\IrishPotato37G\healthy\healthy3850.jpg,healthy,irish
D:\Potato\IrishPotato37G\earlyblt\Earlyblt2752.JPG,early_blight,irish
D:\Potato\IrishPotato37G\healthy\healthy3318.jpg,healthy,irish
D:\Potato\IrishPotato37G\earlyblt\Earlyblt2925.JPG,early_blight,irish
D:\Potato\IrishPotato37G\earlyblt\Earlyblt6151.JPG,early_blight,irish
D:\Potato\IrishPotato37G\earlyblt\Earlyblt4697.JPG,early_blight,irish
D:\Potato\IrishPotato37G\earlyblt\Earlyblt6768.jpg,early_blight,irish
D:\Potato\IrishPotato37G\healthy\healthy4387.jpg,healthy,irish
D:\Potato\IrishPotato37G\lateblt\Lateblt659.jpg,late_blight,irish
D:\Potato\IrishPotato37G\earlyblt\Earlyblt2065.JPG,early_blight,irish
D:\Potato\IrishPotato37G\lateblt\Lateblt330.jpg,late_blight,irish
D:\Potato\IrishPotato37G\lateblt\Lateblt518.jpg,late_blight,irish
D:\Potato\IrishPotato37G\earlyblt\Earlyblt3481.jpg,early_blight,irish
D:\Potato\IrishPotato37G\healthy\healthy3064.jpg,healthy,irish
D:\Potato\IrishPotato37G\lateblt\Lateblt2078.jpg,late_blight,irish
D:\Potato\IrishPotato37G\earlyblt\Earlyblt2568.JPG,early_blight,irish
D:\Potato\IrishPotato37G\healthy\healthy863.jpg,healthy,irish
D:\Potato\IrishPotato37G\healthy\healthy2874.jpg,healthy,irish
D:\Potato\IrishPotato37G\lateblt\Lateblt2504.jpg,late_blight,irish
D:\Potato\IrishPotato37G\earlyblt\Earlyblt1640.JPG,early_blight,irish
D:\Potato\IrishPotato37G\lateblt\Lateblt2236.jpg,late_blight,irish
D:\Potato\IrishPotato37G\earlyblt\Earlyblt4879.jpg,early_blight,irish
D:\Potato\IrishPotato37G\healthy\healthy2663.jpg,healthy,irish
D:\Potato\IrishPotato37G\healthy\healthy4100.jpg,healthy,irish
D:\Potato\IrishPotato37G\healthy\healthy1313.jpg,healthy,irish
D:\Potato\IrishPotato37G\healthy\healthy1557.jpg,healthy,irish
D:\Potato\IrishPotato37G\lateblt\Lateblt997.jpg,late_blight,irish
D:\Potato\IrishPotato37G\earlyblt\Earlyblt1133.JPG,early_blight,irish
D:\Potato\IrishPotato37G\healthy\healthy4969.jpg,healthy,irish
D:\Potato\IrishPotato37G\healthy\healthy5442.jpg,healthy,irish
D:\Potato\IrishPotato37G\lateblt\Lateblt217.jpg,late_blight,irish
D:\Potato\IrishPotato37G\healthy\healthy4854.jpg,healthy,irish
D:\Potato\IrishPotato37G\healthy\healthy2440.jpg,healthy,irish
D:\Potato\IrishPotato37G\earlyblt\Earlyblt1414.JPG,early_blight,irish
D:\Potato\IrishPotato37G\healthy\healthy5316.jpg,healthy,irish
D:\Potato\IrishPotato37G\healthy\healthy1385.jpg,healthy,irish
D:\Potato\IrishPotato37G\earlyblt\Earlyblt6617.jpg,early_blight,irish
D:\Potato\IrishPotato37G\lateblt\Lateblt2558.jpg,late_blight,irish
D:\Potato\IrishPotato37G\earlyblt\Earlyblt6145.JPG,early_blight,irish
D:\Potato\IrishPotato37G\earlyblt\Earlyblt1994.JPG,early_blight,irish
D:\Potato\IrishPotato37G\lateblt\Lateblt2811.jpg,late_blight,irish
D:\Potato\IrishPotato37G\healthy\healthy3965.jpg,healthy,irish
D:\Potato\IrishPotato37G\lateblt\Lateblt1054.jpg,late_blight,irish
D:\Potato\IrishPotato37G\earlyblt\Earlyblt1929.JPG,early_blight,irish
D:\Potato\IrishPotato37G\healthy\healthy3837.jpg,healthy,irish
D:\Potato\IrishPotato37G\earlyblt\Earlyblt2863.JPG,early_blight,irish
D:\Potato\IrishPotato37G\lateblt\Lateblt2647.jpg,late_blight,irish
D:\Potato\IrishPotato37G\lateblt\Lateblt183.jpg,late_blight,irish
D:\Potato\IrishPotato37G\earlyblt\Earlyblt429.JPG,early_blight,irish
D:\Potato\IrishPotato37G\lateblt\Lateblt112.jpg,late_blight,irish
D:\Potato\IrishPotato37G\healthy\healthy876.jpg,healthy,irish
D:\Potato\IrishPotato37G\healthy\healthy865.jpg,healthy,irish
D:\Potato\IrishPotato37G\lateblt\Lateblt2400.jpg,late_blight,irish
D:\Potato\IrishPotato37G\lateblt\Lateblt1025.jpg,late_blight,irish
D:\Potato\IrishPotato37G\earlyblt\Earlyblt1513.JPG,early_blight,irish
D:\Potato\IrishPotato37G\lateblt\Lateblt1436.jpg,late_blight,irish
D:\Potato\IrishPotato37G\earlyblt\Earlyblt1863.JPG,early_blight,irish
D:\Potato\IrishPotato37G\healthy\healthy2366.jpg,healthy,irish
D:\Potato\IrishPotato37G\earlyblt\Earlyblt1209.JPG,early_blight,irish
D:\Potato\IrishPotato37G\lateblt\Lateblt1322.jpg,late_blight,irish
D:\Potato\IrishPotato37G\healthy\healthy5221.jpg,healthy,irish
D:\Potato\IrishPotato37G\earlyblt\Earlyblt1729.JPG,early_blight,irish
D:\Potato\IrishPotato37G\healthy\healthy4638.jpg,healthy,irish
D:\Potato\IrishPotato37G\healthy\healthy4953.jpg,healthy,irish
D:\Potato\IrishPotato37G\lateblt\Lateblt2077.jpg,late_blight,irish
D:\Potato\IrishPotato37G\lateblt\Lateblt741.jpg,late_blight,irish
D:\Potato\IrishPotato37G\earlyblt\Earlyblt550.JPG,early_blight,irish
D:\Potato\IrishPotato37G\healthy\healthy2078.jpg,healthy,irish
D:\Potato\IrishPotato37G\healthy\healthy5433.jpg,healthy,irish
D:\Potato\IrishPotato37G\lateblt\Lateblt2177.jpg,late_blight,irish
D:\Potato\IrishPotato37G\healthy\healthy2186.jpg,healthy,irish
D:\Potato\IrishPotato37G\earlyblt\Earlyblt3907.jpg,early_blight,irish
D:\Potato\IrishPotato37G\healthy\healthy1890.jpg,healthy,irish
D:\Potato\IrishPotato37G\lateblt\Lateblt2769.jpg,late_blight,irish
D:\Potato\IrishPotato37G\earlyblt\Earlyblt453.JPG,early_blight,irish
D:\Potato\IrishPotato37G\earlyblt\Earlyblt707.JPG,early_blight,irish
D:\Potato\IrishPotato37G\earlyblt\Earlyblt2973.JPG,early_blight,irish
D:\Potato\IrishPotato37G\earlyblt\Earlyblt3474.jpg,early_blight,irish
D:\Potato\IrishPotato37G\lateblt\Lateblt978.jpg,late_blight,irish
D:\Potato\IrishPotato37G\earlyblt\Earlyblt2059.JPG,early_blight,irish
D:\Potato\IrishPotato37G\earlyblt\Earlyblt1760.JPG,early_blight,irish
D:\Potato\IrishPotato37G\healthy\healthy5592.jpg,healthy,irish
D:\Potato\IrishPotato37G\lateblt\Lateblt1232.jpg,late_blight,irish
D:\Potato\IrishPotato37G\healthy\healthy5385.jpg,healthy,irish
D:\Potato\IrishPotato37G\earlyblt\Earlyblt2175.JPG,early_blight,irish
D:\Potato\IrishPotato37G\lateblt\Lateblt1619.jpg,late_blight,irish
D:\Potato\IrishPotato37G\healthy\healthy1277.jpg,healthy,irish
D:\Potato\IrishPotato37G\lateblt\Lateblt247.jpg,late_blight,irish
D:\Potato\IrishPotato37G\earlyblt\Earlyblt1021.JPG,early_blight,irish
D:\Potato\IrishPotato37G\healthy\healthy3565.jpg,healthy,irish
D:\Potato\IrishPotato37G\lateblt\Lateblt2325.jpg,late_blight,irish
D:\Potato\IrishPotato37G\lateblt\Lateblt1035.jpg,late_blight,irish
D:\Potato\IrishPotato37G\lateblt\Lateblt2136.jpg,late_blight,irish
D:\Potato\IrishPotato37G\lateblt\Lateblt1174.jpg,late_blight,irish
D:\Potato\IrishPotato37G\healthy\healthy4862.jpg,healthy,irish
D:\Potato\IrishPotato37G\lateblt\Lateblt588.jpg,late_blight,irish
D:\Potato\IrishPotato37G\earlyblt\Earlyblt6227.JPG,early_blight,irish
D:\Potato\IrishPotato37G\healthy\healthy3160.jpg,healthy,irish
D:\Potato\IrishPotato37G\healthy\healthy4587.jpg,healthy,irish
D:\Potato\IrishPotato37G\healthy\healthy3048.jpg,healthy,irish
D:\Potato\IrishPotato37G\earlyblt\Earlyblt1417.JPG,early_blight,irish
D:\Potato\IrishPotato37G\earlyblt\Earlyblt3989.jpg,early_blight,irish
D:\Potato\IrishPotato37G\healthy\healthy3628.jpg,healthy,irish
D:\Potato\IrishPotato37G\healthy\healthy3597.jpg,healthy,irish
D:\Potato\IrishPotato37G\earlyblt\Earlyblt3284.jpg,early_blight,irish
D:\Potato\IrishPotato37G\healthy\healthy2455.jpg,healthy,irish
D:\Potato\IrishPotato37G\healthy\healthy1758.jpg,healthy,irish
D:\Potato\IrishPotato37G\lateblt\Lateblt1466.jpg,late_blight,irish
D:\Potato\IrishPotato37G\lateblt\Lateblt2767.jpg,late_blight,irish
D:\Potato\IrishPotato37G\lateblt\Lateblt1422.jpg,late_blight,irish
D:\Potato\IrishPotato37G\earlyblt\Earlyblt6802.jpg,early_blight,irish
D:\Potato\IrishPotato37G\earlyblt\Earlyblt2861.JPG,early_blight,irish
D:\Potato\IrishPotato37G\healthy\healthy5023.jpg,healthy,irish
D:\Potato\IrishPotato37G\healthy\healthy939.jpg,healthy,irish
D:\Potato\IrishPotato37G\earlyblt\Earlyblt3906.jpg,early_blight,irish
D:\Potato\IrishPotato37G\healthy\healthy484.jpg,healthy,irish
D:\Potato\IrishPotato37G\lateblt\Lateblt2307.jpg,late_blight,irish
D:\Potato\IrishPotato37G\healthy\healthy4419.jpg,healthy,irish
D:\Potato\IrishPotato37G\healthy\healthy3625.jpg,healthy,irish
D:\Potato\IrishPotato37G\lateblt\Lateblt1598.jpg,late_blight,irish
D:\Potato\IrishPotato37G\lateblt\Lateblt50.jpg,late_blight,irish
D:\Potato\IrishPotato37G\earlyblt\Earlyblt2529.JPG,early_blight,irish
D:\Potato\IrishPotato37G\healthy\healthy2383.jpg,healthy,irish
D:\Potato\IrishPotato37G\lateblt\Lateblt304.jpg,late_blight,irish
D:\Potato\IrishPotato37G\earlyblt\Earlyblt1409.JPG,early_blight,irish
D:\Potato\IrishPotato37G\healthy\healthy729.jpg,healthy,irish
D:\Potato\IrishPotato37G\lateblt\Lateblt244.jpg,late_blight,irish
D:\Potato\IrishPotato37G\lateblt\Lateblt61.jpg,late_blight,irish
D:\Potato\IrishPotato37G\earlyblt\Earlyblt6794.jpg,early_blight,irish
D:\Potato\IrishPotato37G\healthy\healthy1787.jpg,healthy,irish
D:\Potato\IrishPotato37G\earlyblt\Earlyblt1393.JPG,early_blight,irish
D:\Potato\IrishPotato37G\earlyblt\Earlyblt6299.JPG,early_blight,irish
D:\Potato\IrishPotato37G\healthy\healthy858.jpg,healthy,irish
D:\Potato\IrishPotato37G\healthy\healthy3532.jpg,healthy,irish
D:\Potato\IrishPotato37G\lateblt\Lateblt385.jpg,late_blight,irish
D:\Potato\IrishPotato37G\lateblt\Lateblt2485.jpg,late_blight,irish
D:\Potato\IrishPotato37G\lateblt\Lateblt97.jpg,late_blight,irish
D:\Potato\IrishPotato37G\lateblt\Lateblt2997.jpg,late_blight,irish
D:\Potato\IrishPotato37G\earlyblt\Earlyblt6507.jpg,early_blight,irish
D:\Potato\IrishPotato37G\earlyblt\Earlyblt3290.jpg,early_blight,irish
D:\Potato\IrishPotato37G\earlyblt\Earlyblt3141.jpg,early_blight,irish
D:\Potato\IrishPotato37G\lateblt\Lateblt2384.jpg,late_blight,irish
D:\Potato\IrishPotato37G\earlyblt\Earlyblt4908.jpg,early_blight,irish
D:\Potato\IrishPotato37G\earlyblt\Earlyblt1386.JPG,early_blight,irish
D:\Potato\IrishPotato37G\healthy\healthy2322.jpg,healthy,irish
D:\Potato\IrishPotato37G\lateblt\Lateblt950.jpg,late_blight,irish
D:\Potato\IrishPotato37G\healthy\healthy2307.jpg,healthy,irish
D:\Potato\IrishPotato37G\earlyblt\Earlyblt1077.JPG,early_blight,irish
D:\Potato\IrishPotato37G\earlyblt\Earlyblt3426.jpg,early_blight,irish
D:\Potato\IrishPotato37G\healthy\healthy1948.jpg,healthy,irish
D:\Potato\IrishPotato37G\earlyblt\Earlyblt996.JPG,early_blight,irish
D:\Potato\IrishPotato37G\lateblt\Lateblt2970.jpg,late_blight,irish
D:\Potato\IrishPotato37G\healthy\healthy2303.jpg,healthy,irish
D:\Potato\IrishPotato37G\earlyblt\Earlyblt2887.JPG,early_blight,irish
D:\Potato\IrishPotato37G\lateblt\Lateblt1587.jpg,late_blight,irish
D:\Potato\IrishPotato37G\healthy\healthy1562.jpg,healthy,irish
D:\Potato\IrishPotato37G\healthy\healthy5497.jpg,healthy,irish
D:\Potato\IrishPotato37G\lateblt\Lateblt806.jpg,late_blight,irish
D:\Potato\IrishPotato37G\healthy\healthy4364.jpg,healthy,irish
D:\Potato\IrishPotato37G\earlyblt\Earlyblt1487.JPG,early_blight,irish
D:\Potato\IrishPotato37G\earlyblt\Earlyblt3671.jpg,early_blight,irish
D:\Potato\IrishPotato37G\earlyblt\Earlyblt6056.JPG,early_blight,irish
D:\Potato\IrishPotato37G\healthy\healthy2396.jpg,healthy,irish
D:\Potato\IrishPotato37G\earlyblt\Earlyblt1473.JPG,early_blight,irish
D:\Potato\IrishPotato37G\lateblt\Lateblt1359.jpg,late_blight,irish
D:\Potato\IrishPotato37G\earlyblt\Earlyblt3189.jpg,early_blight,irish
D:\Potato\IrishPotato37G\earlyblt\Earlyblt2715.JPG,early_blight,irish
D:\Potato\IrishPotato37G\healthy\healthy112.jpg,healthy,irish
D:\Potato\IrishPotato37G\lateblt\Lateblt1874.jpg,late_blight,irish
D:\Potato\IrishPotato37G\earlyblt\Earlyblt3555.jpg,early_blight,irish
D:\Potato\IrishPotato37G\healthy\healthy2389.jpg,healthy,irish
D:\Potato\IrishPotato37G\earlyblt\Earlyblt6382.JPG,early_blight,irish
D:\Potato\IrishPotato37G\earlyblt\Earlyblt6575.jpg,early_blight,irish
D:\Potato\IrishPotato37G\lateblt\Lateblt1451.jpg,late_blight,irish
D:\Potato\IrishPotato37G\lateblt\Lateblt248.jpg,late_blight,irish
D:\Potato\IrishPotato37G\lateblt\Lateblt1033.jpg,late_blight,irish
D:\Potato\IrishPotato37G\healthy\healthy1404.jpg,healthy,irish
D:\Potato\IrishPotato37G\lateblt\Lateblt2218.jpg,late_blight,irish
D:\Potato\IrishPotato37G\lateblt\Lateblt1023.jpg,late_blight,irish
D:\Potato\IrishPotato37G\healthy\healthy3153.jpg,healthy,irish
D:\Potato\IrishPotato37G\lateblt\Lateblt2674.jpg,late_blight,irish
D:\Potato\IrishPotato37G\healthy\healthy247.jpg,healthy,irish
D:\Potato\IrishPotato37G\earlyblt\Earlyblt4804.JPG,early_blight,irish
D:\Potato\IrishPotato37G\healthy\healthy1792.jpg,healthy,irish
D:\Potato\IrishPotato37G\healthy\healthy306.jpg,healthy,irish
D:\Potato\IrishPotato37G\lateblt\Lateblt8.jpg,late_blight,irish
D:\Potato\IrishPotato37G\healthy\healthy2609.jpg,healthy,irish
D:\Potato\IrishPotato37G\earlyblt\Earlyblt91.JPG,early_blight,irish
D:\Potato\IrishPotato37G\lateblt\Lateblt266.jpg,late_blight,irish
D:\Potato\IrishPotato37G\earlyblt\Earlyblt5982.jpg,early_blight,irish
D:\Potato\IrishPotato37G\healthy\healthy5595.jpg,healthy,irish
D:\Potato\IrishPotato37G\lateblt\Lateblt688.jpg,late_blight,irish
D:\Potato\IrishPotato37G\lateblt\Lateblt489.jpg,late_blight,irish
D:\Potato\IrishPotato37G\healthy\healthy372.jpg,healthy,irish
D:\Potato\IrishPotato37G\healthy\healthy1039.jpg,healthy,irish
D:\Potato\IrishPotato37G\earlyblt\Earlyblt776.JPG,early_blight,irish
D:\Potato\IrishPotato37G\healthy\healthy1490.jpg,healthy,irish
D:\Potato\IrishPotato37G\healthy\healthy4174.jpg,healthy,irish
D:\Potato\IrishPotato37G\healthy\healthy2158.jpg,healthy,irish
D:\Potato\IrishPotato37G\healthy\healthy585.jpg,healthy,irish
D:\Potato\IrishPotato37G\lateblt\Lateblt2435_1.jpg,late_blight,irish
D:\Potato\IrishPotato37G\healthy\healthy5621.jpg,healthy,irish
D:\Potato\IrishPotato37G\lateblt\Lateblt1216.jpg,late_blight,irish
D:\Potato\IrishPotato37G\earlyblt\Earlyblt3159.jpg,early_blight,irish
D:\Potato\IrishPotato37G\earlyblt\Earlyblt4935.jpg,early_blight,irish
D:\Potato\IrishPotato37G\healthy\healthy4097.jpg,healthy,irish
D:\Potato\IrishPotato37G\healthy\healthy4885.jpg,healthy,irish
D:\Potato\IrishPotato37G\earlyblt\Earlyblt390.JPG,early_blight,irish
D:\Potato\IrishPotato37G\earlyblt\Earlyblt1630.JPG,early_blight,irish
D:\Potato\IrishPotato37G\earlyblt\Earlyblt6000.jpg,early_blight,irish
D:\Potato\IrishPotato37G\lateblt\Lateblt797.jpg,late_blight,irish
D:\Potato\IrishPotato37G\earlyblt\Earlyblt498.JPG,early_blight,irish
D:\Potato\IrishPotato37G\lateblt\Lateblt1808.jpg,late_blight,irish
D:\Potato\IrishPotato37G\healthy\healthy1645.jpg,healthy,irish
D:\Potato\IrishPotato37G\healthy\healthy2831.jpg,healthy,irish
D:\Potato\IrishPotato37G\earlyblt\Earlyblt1559.JPG,early_blight,irish
D:\Potato\IrishPotato37G\lateblt\Lateblt1227.jpg,late_blight,irish
D:\Potato\IrishPotato37G\lateblt\Lateblt825.jpg,late_blight,irish
D:\Potato\IrishPotato37G\healthy\healthy336.jpg,healthy,irish
D:\Potato\IrishPotato37G\earlyblt\Earlyblt96.JPG,early_blight,irish
D:\Potato\IrishPotato37G\earlyblt\Earlyblt217.JPG,early_blight,irish
D:\Potato\IrishPotato37G\healthy\healthy2128.jpg,healthy,irish
D:\Potato\IrishPotato37G\lateblt\Lateblt1276.jpg,late_blight,irish
D:\Potato\IrishPotato37G\lateblt\Lateblt222.jpg,late_blight,irish
D:\Potato\IrishPotato37G\healthy\healthy5.jpg,healthy,irish
D:\Potato\IrishPotato37G\healthy\healthy4348.jpg,healthy,irish
D:\Potato\IrishPotato37G\healthy\healthy3828.jpg,healthy,irish
D:\Potato\IrishPotato37G\earlyblt\Earlyblt637.JPG,early_blight,irish
D:\Potato\IrishPotato37G\lateblt\Lateblt5065.jpg,late_blight,irish
D:\Potato\IrishPotato37G\lateblt\Lateblt1284.jpg,late_blight,irish
D:\Potato\IrishPotato37G\earlyblt\Earlyblt238.JPG,early_blight,irish
D:\Potato\IrishPotato37G\healthy\healthy4483.jpg,healthy,irish
D:\Potato\IrishPotato37G\healthy\healthy4750.jpg,healthy,irish
D:\Potato\IrishPotato37G\lateblt\Lateblt2354.jpg,late_blight,irish
D:\Potato\IrishPotato37G\lateblt\Lateblt618.jpg,late_blight,irish
D:\Potato\IrishPotato37G\lateblt\Lateblt1292.jpg,late_blight,irish
D:\Potato\IrishPotato37G\earlyblt\Earlyblt1813.JPG,early_blight,irish
D:\Potato\IrishPotato37G\healthy\healthy1651.jpg,healthy,irish
D:\Potato\IrishPotato37G\earlyblt\Earlyblt342.JPG,early_blight,irish
D:\Potato\IrishPotato37G\lateblt\Lateblt468.jpg,late_blight,irish
D:\Potato\IrishPotato37G\healthy\healthy761.jpg,healthy,irish
D:\Potato\IrishPotato37G\earlyblt\Earlyblt2398.JPG,early_blight,irish
D:\Potato\IrishPotato37G\earlyblt\Earlyblt1080.JPG,early_blight,irish
D:\Potato\IrishPotato37G\lateblt\Lateblt563.jpg,late_blight,irish
D:\Potato\IrishPotato37G\earlyblt\Earlyblt216.JPG,early_blight,irish
D:\Potato\IrishPotato37G\earlyblt\Earlyblt2007.JPG,early_blight,irish
D:\Potato\IrishPotato37G\earlyblt\Earlyblt2086.JPG,early_blight,irish
D:\Potato\IrishPotato37G\lateblt\Lateblt2818.jpg,late_blight,irish
D:\Potato\IrishPotato37G\earlyblt\Earlyblt4883.jpg,early_blight,irish
D:\Potato\IrishPotato37G\lateblt\Lateblt18.jpg,late_blight,irish
D:\Potato\IrishPotato37G\lateblt\Lateblt764.jpg,late_blight,irish
D:\Potato\IrishPotato37G\earlyblt\Earlyblt6601.jpg,early_blight,irish
D:\Potato\IrishPotato37G\earlyblt\Earlyblt6870.JPG,early_blight,irish
D:\Potato\IrishPotato37G\earlyblt\Earlyblt6480.JPG,early_blight,irish
D:\Potato\IrishPotato37G\healthy\healthy1747.jpg,healthy,irish
D:\Potato\IrishPotato37G\lateblt\Lateblt1611.jpg,late_blight,irish
D:\Potato\IrishPotato37G\lateblt\Lateblt2780.jpg,late_blight,irish
D:\Potato\IrishPotato37G\earlyblt\Earlyblt1071.JPG,early_blight,irish
D:\Potato\IrishPotato37G\lateblt\Lateblt2819.jpg,late_blight,irish
D:\Potato\IrishPotato37G\earlyblt\Earlyblt1858.JPG,early_blight,irish
D:\Potato\IrishPotato37G\lateblt\Lateblt827.jpg,late_blight,irish
D:\Potato\IrishPotato37G\earlyblt\Earlyblt2263.JPG,early_blight,irish
D:\Potato\IrishPotato37G\lateblt\Lateblt474.jpg,late_blight,irish
D:\Potato\IrishPotato37G\earlyblt\Earlyblt1854.JPG,early_blight,irish
D:\Potato\IrishPotato37G\healthy\healthy4816.jpg,healthy,irish
D:\Potato\IrishPotato37G\lateblt\Lateblt2230.jpg,late_blight,irish
D:\Potato\IrishPotato37G\healthy\healthy4697.jpg,healthy,irish
D:\Potato\IrishPotato37G\earlyblt\Earlyblt2979.JPG,early_blight,irish
D:\Potato\IrishPotato37G\healthy\healthy4482.jpg,healthy,irish
D:\Potato\IrishPotato37G\healthy\healthy5519.jpg,healthy,irish
D:\Potato\IrishPotato37G\healthy\healthy3427.jpg,healthy,irish
D:\Potato\IrishPotato37G\healthy\healthy3421.jpg,healthy,irish
D:\Potato\IrishPotato37G\earlyblt\Earlyblt3281.JPG,early_blight,irish
D:\Potato\IrishPotato37G\healthy\healthy2803.jpg,healthy,irish
D:\Potato\IrishPotato37G\healthy\healthy732.jpg,healthy,irish
D:\Potato\IrishPotato37G\lateblt\Lateblt893.jpg,late_blight,irish
D:\Potato\IrishPotato37G\lateblt\Lateblt1351.jpg,late_blight,irish
D:\Potato\IrishPotato37G\healthy\healthy208.jpg,healthy,irish
D:\Potato\IrishPotato37G\lateblt\Lateblt985.jpg,late_blight,irish
D:\Potato\IrishPotato37G\earlyblt\Earlyblt3027.JPG,early_blight,irish
D:\Potato\IrishPotato37G\healthy\healthy3824.jpg,healthy,irish
D:\Potato\IrishPotato37G\earlyblt\Earlyblt2294.JPG,early_blight,irish
D:\Potato\IrishPotato37G\healthy\healthy370.jpg,healthy,irish
D:\Potato\IrishPotato37G\earlyblt\Earlyblt3666.jpg,early_blight,irish
D:\Potato\IrishPotato37G\lateblt\Lateblt1382.jpg,late_blight,irish
D:\Potato\IrishPotato37G\lateblt\Lateblt1814.jpg,late_blight,irish
D:\Potato\IrishPotato37G\healthy\healthy3192.jpg,healthy,irish
D:\Potato\IrishPotato37G\earlyblt\Earlyblt1183.JPG,early_blight,irish
D:\Potato\IrishPotato37G\lateblt\Lateblt1347.jpg,late_blight,irish
D:\Potato\IrishPotato37G\earlyblt\Earlyblt2036.JPG,early_blight,irish
D:\Potato\IrishPotato37G\healthy\healthy1734.jpg,healthy,irish
D:\Potato\IrishPotato37G\healthy\healthy5456.jpg,healthy,irish
D:\Potato\IrishPotato37G\healthy\healthy2650.jpg,healthy,irish
D:\Potato\IrishPotato37G\earlyblt\Earlyblt5994.jpg,early_blight,irish
D:\Potato\IrishPotato37G\lateblt\Lateblt1547.jpg,late_blight,irish
D:\Potato\IrishPotato37G\earlyblt\Earlyblt2606.JPG,early_blight,irish
D:\Potato\IrishPotato37G\earlyblt\Earlyblt4683.JPG,early_blight,irish
D:\Potato\IrishPotato37G\healthy\healthy3674.jpg,healthy,irish
D:\Potato\IrishPotato37G\healthy\healthy82.jpg,healthy,irish
D:\Potato\IrishPotato37G\healthy\healthy5324.jpg,healthy,irish
D:\Potato\IrishPotato37G\healthy\healthy3647.jpg,healthy,irish
D:\Potato\IrishPotato37G\lateblt\Lateblt875.jpg,late_blight,irish
D:\Potato\IrishPotato37G\lateblt\Lateblt478.jpg,late_blight,irish
D:\Potato\IrishPotato37G\healthy\healthy776.jpg,healthy,irish
D:\Potato\IrishPotato37G\lateblt\Lateblt1004.jpg,late_blight,irish
D:\Potato\IrishPotato37G\earlyblt\Earlyblt6287.JPG,early_blight,irish
D:\Potato\IrishPotato37G\lateblt\Lateblt408.jpg,late_blight,irish
D:\Potato\IrishPotato37G\healthy\healthy1655.jpg,healthy,irish
D:\Potato\IrishPotato37G\earlyblt\Earlyblt3589.jpg,early_blight,irish
D:\Potato\IrishPotato37G\healthy\healthy3238.jpg,healthy,irish
D:\Potato\IrishPotato37G\healthy\healthy2501.jpg,healthy,irish
D:\Potato\IrishPotato37G\earlyblt\Earlyblt4954.jpg,early_blight,irish
D:\Potato\IrishPotato37G\healthy\healthy5486.jpg,healthy,irish
D:\Potato\IrishPotato37G\healthy\healthy4567.jpg,healthy,irish
D:\Potato\IrishPotato37G\lateblt\Lateblt42.jpg,late_blight,irish
D:\Potato\IrishPotato37G\earlyblt\Earlyblt1264.JPG,early_blight,irish
D:\Potato\IrishPotato37G\healthy\healthy4261.jpg,healthy,irish
D:\Potato\IrishPotato37G\healthy\healthy1028.jpg,healthy,irish
D:\Potato\IrishPotato37G\earlyblt\Earlyblt3700.JPG,early_blight,irish
D:\Potato\IrishPotato37G\lateblt\Lateblt1770.jpg,late_blight,irish
D:\Potato\IrishPotato37G\lateblt\Lateblt292.jpg,late_blight,irish
D:\Potato\IrishPotato37G\lateblt\Lateblt2543.jpg,late_blight,irish
D:\Potato\IrishPotato37G\earlyblt\Earlyblt3008.JPG,early_blight,irish
D:\Potato\IrishPotato37G\healthy\healthy2709.jpg,healthy,irish
D:\Potato\IrishPotato37G\healthy\healthy1173.jpg,healthy,irish
D:\Potato\IrishPotato37G\lateblt\Lateblt1520.jpg,late_blight,irish
D:\Potato\IrishPotato37G\lateblt\Lateblt807.jpg,late_blight,irish
D:\Potato\IrishPotato37G\earlyblt\Earlyblt2695.JPG,early_blight,irish
D:\Potato\IrishPotato37G\earlyblt\Earlyblt6413.JPG,early_blight,irish
D:\Potato\IrishPotato37G\lateblt\Lateblt2433.jpg,late_blight,irish
D:\Potato\IrishPotato37G\earlyblt\Earlyblt573.JPG,early_blight,irish
D:\Potato\IrishPotato37G\lateblt\Lateblt33.jpg,late_blight,irish
D:\Potato\IrishPotato37G\lateblt\Lateblt1740.jpg,late_blight,irish
D:\Potato\IrishPotato37G\healthy\healthy1567.jpg,healthy,irish
D:\Potato\IrishPotato37G\healthy\healthy2299.jpg,healthy,irish
D:\Potato\IrishPotato37G\earlyblt\Earlyblt2253.JPG,early_blight,irish
D:\Potato\IrishPotato37G\healthy\healthy5186.jpg,healthy,irish
D:\Potato\IrishPotato37G\lateblt\Lateblt2608.jpg,late_blight,irish
D:\Potato\IrishPotato37G\lateblt\Lateblt1782.jpg,late_blight,irish
D:\Potato\IrishPotato37G\lateblt\Lateblt90.jpg,late_blight,irish
D:\Potato\IrishPotato37G\earlyblt\Earlyblt2191.JPG,early_blight,irish
D:\Potato\IrishPotato37G\lateblt\Lateblt2105.jpg,late_blight,irish
D:\Potato\IrishPotato37G\earlyblt\Earlyblt477.JPG,early_blight,irish
D:\Potato\IrishPotato37G\healthy\healthy3767.jpg,healthy,irish
D:\Potato\IrishPotato37G\lateblt\Lateblt2331.jpg,late_blight,irish
D:\Potato\IrishPotato37G\healthy\healthy2431.jpg,healthy,irish
D:\Potato\IrishPotato37G\lateblt\Lateblt5044.jpg,late_blight,irish
D:\Potato\IrishPotato37G\earlyblt\Earlyblt1412.JPG,early_blight,irish
D:\Potato\IrishPotato37G\lateblt\Lateblt1627.jpg,late_blight,irish
D:\Potato\IrishPotato37G\earlyblt\Earlyblt4902.jpg,early_blight,irish
D:\Potato\IrishPotato37G\lateblt\Lateblt2381.jpg,late_blight,irish
D:\Potato\IrishPotato37G\healthy\healthy4162.jpg,healthy,irish
D:\Potato\IrishPotato37G\lateblt\Lateblt501.jpg,late_blight,irish
D:\Potato\IrishPotato37G\lateblt\Lateblt897.jpg,late_blight,irish
D:\Potato\IrishPotato37G\healthy\healthy2451.jpg,healthy,irish
D:\Potato\IrishPotato37G\lateblt\Lateblt2106.jpg,late_blight,irish
D:\Potato\IrishPotato37G\healthy\healthy188.jpg,healthy,irish
D:\Potato\IrishPotato37G\healthy\healthy5422.jpg,healthy,irish
D:\Potato\IrishPotato37G\earlyblt\Earlyblt309.JPG,early_blight,irish
D:\Potato\IrishPotato37G\lateblt\Lateblt214.jpg,late_blight,irish
D:\Potato\IrishPotato37G\healthy\healthy3709.jpg,healthy,irish
D:\Potato\IrishPotato37G\healthy\healthy3234.jpg,healthy,irish
D:\Potato\IrishPotato37G\earlyblt\Earlyblt2275.JPG,early_blight,irish
D:\Potato\IrishPotato37G\earlyblt\Earlyblt432.JPG,early_blight,irish
D:\Potato\IrishPotato37G\healthy\healthy3999.jpg,healthy,irish
D:\Potato\IrishPotato37G\earlyblt\Earlyblt393.JPG,early_blight,irish
D:\Potato\IrishPotato37G\lateblt\Lateblt2172.jpg,late_blight,irish
D:\Potato\IrishPotato37G\earlyblt\Earlyblt1709.JPG,early_blight,irish
D:\Potato\IrishPotato37G\earlyblt\Earlyblt182.JPG,early_blight,irish
D:\Potato\IrishPotato37G\healthy\healthy1402.jpg,healthy,irish
D:\Potato\IrishPotato37G\lateblt\Lateblt2383.jpg,late_blight,irish
D:\Potato\IrishPotato37G\lateblt\Lateblt2412.jpg,late_blight,irish
D:\Potato\IrishPotato37G\lateblt\Lateblt2129.jpg,late_blight,irish
D:\Potato\IrishPotato37G\lateblt\Lateblt176.jpg,late_blight,irish
D:\Potato\IrishPotato37G\healthy\healthy1636.jpg,healthy,irish
D:\Potato\IrishPotato37G\healthy\healthy49.jpg,healthy,irish
D:\Potato\IrishPotato37G\earlyblt\Earlyblt2885.JPG,early_blight,irish
D:\Potato\IrishPotato37G\lateblt\Lateblt77.jpg,late_blight,irish
D:\Potato\IrishPotato37G\lateblt\Lateblt961.jpg,late_blight,irish
D:\Potato\IrishPotato37G\lateblt\Lateblt5009.jpg,late_blight,irish
D:\Potato\IrishPotato37G\lateblt\Lateblt2758.jpg,late_blight,irish
D:\Potato\IrishPotato37G\lateblt\Lateblt720.jpg,late_blight,irish
D:\Potato\IrishPotato37G\lateblt\Lateblt1993.jpg,late_blight,irish
D:\Potato\IrishPotato37G\earlyblt\Earlyblt6640.jpg,early_blight,irish
D:\Potato\IrishPotato37G\lateblt\Lateblt2871.jpg,late_blight,irish
D:\Potato\IrishPotato37G\earlyblt\Earlyblt6401.JPG,early_blight,irish
D:\Potato\IrishPotato37G\healthy\healthy268.jpg,healthy,irish
D:\Potato\IrishPotato37G\earlyblt\Earlyblt1266.JPG,early_blight,irish
D:\Potato\IrishPotato37G\healthy\healthy5540.jpg,healthy,irish
D:\Potato\IrishPotato37G\lateblt\Lateblt2054.jpg,late_blight,irish
D:\Potato\IrishPotato37G\lateblt\Lateblt312.jpg,late_blight,irish
D:\Potato\IrishPotato37G\healthy\healthy4260.jpg,healthy,irish
D:\Potato\IrishPotato37G\earlyblt\Earlyblt1224.JPG,early_blight,irish
D:\Potato\IrishPotato37G\healthy\healthy1489.jpg,healthy,irish
D:\Potato\IrishPotato37G\lateblt\Lateblt41.jpg,late_blight,irish
D:\Potato\IrishPotato37G\healthy\healthy4987.jpg,healthy,irish
D:\Potato\IrishPotato37G\earlyblt\Earlyblt3943.jpg,early_blight,irish
D:\Potato\IrishPotato37G\healthy\healthy5073.jpg,healthy,irish
D:\Potato\IrishPotato37G\lateblt\Lateblt578.jpg,late_blight,irish
D:\Potato\IrishPotato37G\earlyblt\Earlyblt6886.JPG,early_blight,irish
D:\Potato\IrishPotato37G\lateblt\Lateblt1720.jpg,late_blight,irish
D:\Potato\IrishPotato37G\healthy\healthy1199.jpg,healthy,irish
D:\Potato\IrishPotato37G\lateblt\Lateblt1164.jpg,late_blight,irish
D:\Potato\IrishPotato37G\lateblt\Lateblt2580.jpg,late_blight,irish
D:\Potato\IrishPotato37G\earlyblt\Earlyblt818.JPG,early_blight,irish
D:\Potato\IrishPotato37G\lateblt\Lateblt1974.jpg,late_blight,irish
D:\Potato\IrishPotato37G\lateblt\Lateblt1541.jpg,late_blight,irish
D:\Potato\IrishPotato37G\lateblt\Lateblt2011.jpg,late_blight,irish
D:\Potato\IrishPotato37G\healthy\healthy1268.jpg,healthy,irish
D:\Potato\IrishPotato37G\lateblt\Lateblt2516.jpg,late_blight,irish
D:\Potato\IrishPotato37G\healthy\healthy4434.jpg,healthy,irish
D:\Potato\IrishPotato37G\healthy\healthy5393.jpg,healthy,irish
D:\Potato\IrishPotato37G\earlyblt\Earlyblt486.JPG,early_blight,irish
D:\Potato\IrishPotato37G\earlyblt\Earlyblt364.JPG,early_blight,irish
D:\Potato\IrishPotato37G\lateblt\Lateblt709.jpg,late_blight,irish
D:\Potato\IrishPotato37G\earlyblt\Earlyblt6377.JPG,early_blight,irish
D:\Potato\IrishPotato37G\healthy\healthy1171.jpg,healthy,irish
D:\Potato\IrishPotato37G\earlyblt\Earlyblt6236.JPG,early_blight,irish
D:\Potato\IrishPotato37G\earlyblt\Earlyblt2288.JPG,early_blight,irish
D:\Potato\IrishPotato37G\earlyblt\Earlyblt3878.jpg,early_blight,irish
D:\Potato\IrishPotato37G\lateblt\Lateblt1877.jpg,late_blight,irish
D:\Potato\IrishPotato37G\earlyblt\Earlyblt678.JPG,early_blight,irish
D:\Potato\IrishPotato37G\earlyblt\Earlyblt6974.JPG,early_blight,irish
D:\Potato\IrishPotato37G\lateblt\Lateblt2641.jpg,late_blight,irish
D:\Potato\IrishPotato37G\earlyblt\Earlyblt518.JPG,early_blight,irish
D:\Potato\IrishPotato37G\lateblt\Lateblt814.jpg,late_blight,irish
D:\Potato\IrishPotato37G\lateblt\Lateblt1059.jpg,late_blight,irish
D:\Potato\IrishPotato37G\healthy\healthy431.jpg,healthy,irish
D:\Potato\IrishPotato37G\healthy\healthy2599.jpg,healthy,irish
D:\Potato\IrishPotato37G\earlyblt\Earlyblt2684.JPG,early_blight,irish
D:\Potato\IrishPotato37G\lateblt\Lateblt2552.jpg,late_blight,irish
D:\Potato\IrishPotato37G\healthy\healthy4805.jpg,healthy,irish
D:\Potato\IrishPotato37G\healthy\healthy2177.jpg,healthy,irish
D:\Potato\IrishPotato37G\earlyblt\Earlyblt1814.JPG,early_blight,irish
D:\Potato\IrishPotato37G\lateblt\Lateblt2789.jpg,late_blight,irish
D:\Potato\IrishPotato37G\earlyblt\Earlyblt2324.JPG,early_blight,irish
D:\Potato\IrishPotato37G\earlyblt\Earlyblt3828.jpg,early_blight,irish
D:\Potato\IrishPotato37G\lateblt\Lateblt1500.jpg,late_blight,irish
D:\Potato\IrishPotato37G\healthy\healthy69.jpg,healthy,irish
D:\Potato\IrishPotato37G\healthy\healthy1777.jpg,healthy,irish
D:\Potato\IrishPotato37G\earlyblt\Earlyblt2260.JPG,early_blight,irish
D:\Potato\IrishPotato37G\lateblt\Lateblt1260.jpg,late_blight,irish
D:\Potato\IrishPotato37G\healthy\healthy1574.jpg,healthy,irish
D:\Potato\IrishPotato37G\healthy\healthy192.jpg,healthy,irish
D:\Potato\IrishPotato37G\healthy\healthy1750.jpg,healthy,irish
D:\Potato\IrishPotato37G\earlyblt\Earlyblt24.JPG,early_blight,irish
D:\Potato\IrishPotato37G\lateblt\Lateblt1911.jpg,late_blight,irish
