filepath,label,source
D:\Potato\IrishPotato37G_full\healthy\healthy575.jpg,healthy,irish
D:\Potato\IrishPotato37G_full\healthy\healthy3301.jpg,healthy,irish
D:\Potato\IrishPotato37G_full\healthy\healthy2453.jpg,healthy,irish
D:\Potato\IrishPotato37G_full\lateblt\lateblt671.jpg,late_blight,irish
D:\Potato\IrishPotato37G_full\earlyblt\earlyblt3202.jpg,early_blight,irish
D:\Potato\IrishPotato37G_full\earlyblt\earlyblt338.jpg,early_blight,irish
D:\Potato\IrishPotato37G_full\earlyblt\earlyblt1145.jpg,early_blight,irish
D:\Potato\IrishPotato37G_full\healthy\healthy931.jpg,healthy,irish
D:\Potato\IrishPotato37G_full\healthy\healthy2956.jpg,healthy,irish
D:\Potato\IrishPotato37G_full\lateblt\lateblt1359.jpg,late_blight,irish
D:\Potato\IrishPotato37G_full\healthy\healthy4183.jpg,healthy,irish
D:\Potato\IrishPotato37G_full\lateblt\lateblt1555.jpg,late_blight,irish
D:\Potato\IrishPotato37G_full\lateblt\lateblt2778.jpg,late_blight,irish
D:\Potato\non_leaf\coco_person\000000481390.jpg,non_leaf,coco_person
D:\Potato\IrishPotato37G_full\earlyblt\earlyblt6683.jpg,early_blight,irish
D:\Potato\IrishPotato37G_full\healthy\healthy1360.jpg,healthy,irish
D:\Potato\IrishPotato37G_full\healthy\healthy558.jpg,healthy,irish
D:\Potato\IrishPotato37G_full\earlyblt\earlyblt6071.jpg,early_blight,irish
D:\Potato\non_leaf\coco_person\000000035279.jpg,non_leaf,coco_person
D:\Potato\IrishPotato37G_full\healthy\healthy358.jpg,healthy,irish
D:\Potato\IrishPotato37G_full\lateblt\lateblt2110.jpg,late_blight,irish
D:\Potato\IrishPotato37G_full\healthy\healthy3016.jpg,healthy,irish
D:\Potato\IrishPotato37G_full\lateblt\lateblt2790.jpg,late_blight,irish
D:\Potato\IrishPotato37G_full\healthy\healthy3569.jpg,healthy,irish
D:\Potato\IrishPotato37G_full\earlyblt\earlyblt4754.jpg,early_blight,irish
D:\Potato\IrishPotato37G_full\lateblt\lateblt2408.jpg,late_blight,irish
D:\Potato\non_leaf\coco_person\000000358195.jpg,non_leaf,coco_person
D:\Potato\IrishPotato37G_full\earlyblt\earlyblt2736.jpg,early_blight,irish
D:\Potato\IrishPotato37G_full\healthy\healthy3007.jpg,healthy,irish
D:\Potato\IrishPotato37G_full\healthy\healthy2352.jpg,healthy,irish
D:\Potato\IrishPotato37G_full\healthy\healthy2811.jpg,healthy,irish
D:\Potato\IrishPotato37G_full\lateblt\lateblt2441.jpg,late_blight,irish
D:\Potato\IrishPotato37G_full\lateblt\lateblt13.jpg,late_blight,irish
D:\Potato\IrishPotato37G_full\lateblt\lateblt2936.jpg,late_blight,irish
D:\Potato\IrishPotato37G_full\earlyblt\earlyblt6019.jpg,early_blight,irish
D:\Potato\IrishPotato37G_full\lateblt\lateblt274.jpg,late_blight,irish
D:\Potato\IrishPotato37G_full\healthy\healthy2362.jpg,healthy,irish
D:\Potato\non_leaf\coco_person\000000352760.jpg,non_leaf,coco_person
D:\Potato\IrishPotato37G_full\lateblt\lateblt2404.jpg,late_blight,irish
D:\Potato\IrishPotato37G_full\healthy\healthy3698.jpg,healthy,irish
D:\Potato\IrishPotato37G_full\earlyblt\earlyblt6257.jpg,early_blight,irish
D:\Potato\IrishPotato37G_full\lateblt\lateblt2615.jpg,late_blight,irish
D:\Potato\IrishPotato37G_full\earlyblt\earlyblt925.jpg,early_blight,irish
D:\Potato\IrishPotato37G_full\earlyblt\earlyblt6900.jpg,early_blight,irish
D:\Potato\IrishPotato37G_full\earlyblt\earlyblt299.jpg,early_blight,irish
D:\Potato\IrishPotato37G_full\healthy\healthy3550.jpg,healthy,irish
D:\Potato\IrishPotato37G_full\healthy\healthy1525.jpg,healthy,irish
D:\Potato\IrishPotato37G_full\healthy\healthy4988.jpg,healthy,irish
D:\Potato\IrishPotato37G_full\lateblt\lateblt665.jpg,late_blight,irish
D:\Potato\IrishPotato37G_full\earlyblt\earlyblt869.jpg,early_blight,irish
D:\Potato\IrishPotato37G_full\healthy\healthy853.jpg,healthy,irish
D:\Potato\IrishPotato37G_full\healthy\healthy1154.jpg,healthy,irish
D:\Potato\IrishPotato37G_full\lateblt\lateblt2711.jpg,late_blight,irish
D:\Potato\IrishPotato37G_full\earlyblt\earlyblt6404.jpg,early_blight,irish
D:\Potato\IrishPotato37G_full\earlyblt\earlyblt2979.jpg,early_blight,irish
D:\Potato\IrishPotato37G_full\lateblt\lateblt503.jpg,late_blight,irish
D:\Potato\IrishPotato37G_full\lateblt\lateblt813.jpg,late_blight,irish
D:\Potato\IrishPotato37G_full\earlyblt\earlyblt2471.jpg,early_blight,irish
D:\Potato\IrishPotato37G_full\healthy\healthy3097.jpg,healthy,irish
D:\Potato\IrishPotato37G_full\earlyblt\earlyblt1092.jpg,early_blight,irish
D:\Potato\IrishPotato37G_full\earlyblt\earlyblt1620.jpg,early_blight,irish
D:\Potato\IrishPotato37G_full\lateblt\lateblt979.jpg,late_blight,irish
D:\Potato\IrishPotato37G_full\healthy\healthy4640.jpg,healthy,irish
D:\Potato\IrishPotato37G_full\healthy\healthy4824.jpg,healthy,irish
D:\Potato\non_leaf\coco_person\000000308328.jpg,non_leaf,coco_person
D:\Potato\IrishPotato37G_full\lateblt\lateblt2687.jpg,late_blight,irish
D:\Potato\IrishPotato37G_full\healthy\healthy1417.jpg,healthy,irish
D:\Potato\IrishPotato37G_full\healthy\healthy4601.jpg,healthy,irish
D:\Potato\IrishPotato37G_full\lateblt\lateblt2823.jpg,late_blight,irish
D:\Potato\IrishPotato37G_full\earlyblt\earlyblt6269.jpg,early_blight,irish
D:\Potato\IrishPotato37G_full\lateblt\lateblt835.jpg,late_blight,irish
D:\Potato\non_leaf\coco_person\000000229659.jpg,non_leaf,coco_person
D:\Potato\IrishPotato37G_full\lateblt\lateblt295.jpg,late_blight,irish
D:\Potato\IrishPotato37G_full\earlyblt\earlyblt2965.jpg,early_blight,irish
D:\Potato\IrishPotato37G_full\healthy\healthy2059.jpg,healthy,irish
D:\Potato\IrishPotato37G_full\earlyblt\earlyblt1066.jpg,early_blight,irish
D:\Potato\IrishPotato37G_full\lateblt\lateblt1596.jpg,late_blight,irish
D:\Potato\IrishPotato37G_full\earlyblt\earlyblt2712.jpg,early_blight,irish
D:\Potato\IrishPotato37G_full\earlyblt\earlyblt148.jpg,early_blight,irish
D:\Potato\IrishPotato37G_full\healthy\healthy3333.jpg,healthy,irish
D:\Potato\IrishPotato37G_full\healthy\healthy994.jpg,healthy,irish
D:\Potato\IrishPotato37G_full\healthy\healthy4999.jpg,healthy,irish
D:\Potato\IrishPotato37G_full\lateblt\lateblt28.jpg,late_blight,irish
D:\Potato\IrishPotato37G_full\healthy\healthy183.jpg,healthy,irish
D:\Potato\IrishPotato37G_full\healthy\healthy2991.jpg,healthy,irish
D:\Potato\IrishPotato37G_full\earlyblt\earlyblt6274.jpg,early_blight,irish
D:\Potato\IrishPotato37G_full\healthy\healthy152.jpg,healthy,irish
D:\Potato\IrishPotato37G_full\lateblt\lateblt2870.jpg,late_blight,irish
D:\Potato\IrishPotato37G_full\earlyblt\earlyblt6751.jpg,early_blight,irish
D:\Potato\IrishPotato37G_full\healthy\healthy5625.jpg,healthy,irish
D:\Potato\IrishPotato37G_full\healthy\healthy2313.jpg,healthy,irish
D:\Potato\non_leaf\coco_person\000000192964.jpg,non_leaf,coco_person
D:\Potato\IrishPotato37G_full\earlyblt\earlyblt1788.jpg,early_blight,irish
D:\Potato\IrishPotato37G_full\earlyblt\earlyblt4904.jpg,early_blight,irish
D:\Potato\IrishPotato37G_full\healthy\healthy3976.jpg,healthy,irish
D:\Potato\IrishPotato37G_full\lateblt\lateblt2787.jpg,late_blight,irish
D:\Potato\IrishPotato37G_full\healthy\healthy714.jpg,healthy,irish
D:\Potato\IrishPotato37G_full\earlyblt\earlyblt907.jpg,early_blight,irish
D:\Potato\IrishPotato37G_full\earlyblt\earlyblt2683.jpg,early_blight,irish
D:\Potato\IrishPotato37G_full\healthy\healthy4954.jpg,healthy,irish
D:\Potato\IrishPotato37G_full\lateblt\lateblt477.jpg,late_blight,irish
D:\Potato\IrishPotato37G_full\lateblt\lateblt892.jpg,late_blight,irish
D:\Potato\IrishPotato37G_full\healthy\healthy197.jpg,healthy,irish
D:\Potato\IrishPotato37G_full\healthy\healthy2214.jpg,healthy,irish
D:\Potato\IrishPotato37G_full\lateblt\lateblt2978.jpg,late_blight,irish
D:\Potato\IrishPotato37G_full\lateblt\lateblt2012.jpg,late_blight,irish
D:\Potato\IrishPotato37G_full\lateblt\lateblt2616.jpg,late_blight,irish
D:\Potato\IrishPotato37G_full\lateblt\lateblt531.jpg,late_blight,irish
D:\Potato\IrishPotato37G_full\lateblt\lateblt1198.jpg,late_blight,irish
D:\Potato\IrishPotato37G_full\lateblt\lateblt5046.jpg,late_blight,irish
D:\Potato\IrishPotato37G_full\earlyblt\earlyblt250.jpg,early_blight,irish
D:\Potato\IrishPotato37G_full\healthy\healthy3381.jpg,healthy,irish
D:\Potato\IrishPotato37G_full\healthy\healthy84.jpg,healthy,irish
D:\Potato\IrishPotato37G_full\lateblt\lateblt2508.jpg,late_blight,irish
D:\Potato\IrishPotato37G_full\healthy\healthy4134.jpg,healthy,irish
D:\Potato\IrishPotato37G_full\lateblt\lateblt2199.jpg,late_blight,irish
D:\Potato\IrishPotato37G_full\healthy\healthy4617.jpg,healthy,irish
D:\Potato\IrishPotato37G_full\healthy\healthy3780.jpg,healthy,irish
D:\Potato\IrishPotato37G_full\earlyblt\earlyblt2283.jpg,early_blight,irish
D:\Potato\IrishPotato37G_full\lateblt\lateblt1152.jpg,late_blight,irish
D:\Potato\IrishPotato37G_full\lateblt\lateblt764.jpg,late_blight,irish
D:\Potato\IrishPotato37G_full\lateblt\lateblt5019.jpg,late_blight,irish
D:\Potato\IrishPotato37G_full\lateblt\lateblt5006.jpg,late_blight,irish
D:\Potato\IrishPotato37G_full\healthy\healthy4258.jpg,healthy,irish
D:\Potato\IrishPotato37G_full\healthy\healthy4404.jpg,healthy,irish
D:\Potato\IrishPotato37G_full\healthy\healthy3365.jpg,healthy,irish
D:\Potato\IrishPotato37G_full\lateblt\lateblt165.jpg,late_blight,irish
D:\Potato\IrishPotato37G_full\earlyblt\earlyblt4788.jpg,early_blight,irish
D:\Potato\IrishPotato37G_full\healthy\healthy934.jpg,healthy,irish
D:\Potato\IrishPotato37G_full\lateblt\lateblt2568.jpg,late_blight,irish
D:\Potato\IrishPotato37G_full\healthy\healthy1778.jpg,healthy,irish
D:\Potato\IrishPotato37G_full\lateblt\lateblt1167.jpg,late_blight,irish
D:\Potato\IrishPotato37G_full\lateblt\lateblt442.jpg,late_blight,irish
D:\Potato\IrishPotato37G_full\lateblt\lateblt1965.jpg,late_blight,irish
D:\Potato\IrishPotato37G_full\earlyblt\earlyblt3767.jpg,early_blight,irish
D:\Potato\IrishPotato37G_full\lateblt\lateblt1593.jpg,late_blight,irish
D:\Potato\IrishPotato37G_full\healthy\healthy879.jpg,healthy,irish
D:\Potato\IrishPotato37G_full\earlyblt\earlyblt2833.jpg,early_blight,irish
D:\Potato\IrishPotato37G_full\lateblt\lateblt90.jpg,late_blight,irish
D:\Potato\IrishPotato37G_full\healthy\healthy2937.jpg,healthy,irish
D:\Potato\IrishPotato37G_full\lateblt\lateblt1449.jpg,late_blight,irish
D:\Potato\IrishPotato37G_full\earlyblt\earlyblt1669.jpg,early_blight,irish
D:\Potato\IrishPotato37G_full\healthy\healthy2406.jpg,healthy,irish
D:\Potato\IrishPotato37G_full\earlyblt\earlyblt1641.jpg,early_blight,irish
D:\Potato\IrishPotato37G_full\healthy\healthy4616.jpg,healthy,irish
D:\Potato\IrishPotato37G_full\lateblt\lateblt2215.jpg,late_blight,irish
D:\Potato\IrishPotato37G_full\earlyblt\earlyblt2674.jpg,early_blight,irish
D:\Potato\IrishPotato37G_full\healthy\healthy4864.jpg,healthy,irish
D:\Potato\IrishPotato37G_full\lateblt\lateblt1333.jpg,late_blight,irish
D:\Potato\IrishPotato37G_full\lateblt\lateblt675.jpg,late_blight,irish
D:\Potato\IrishPotato37G_full\healthy\healthy5628.jpg,healthy,irish
D:\Potato\IrishPotato37G_full\earlyblt\earlyblt2036.jpg,early_blight,irish
D:\Potato\IrishPotato37G_full\earlyblt\earlyblt359.jpg,early_blight,irish
D:\Potato\IrishPotato37G_full\healthy\healthy5411.jpg,healthy,irish
D:\Potato\IrishPotato37G_full\earlyblt\earlyblt6908.jpg,early_blight,irish
D:\Potato\IrishPotato37G_full\healthy\healthy1346.jpg,healthy,irish
D:\Potato\IrishPotato37G_full\healthy\healthy5633.jpg,healthy,irish
D:\Potato\IrishPotato37G_full\earlyblt\earlyblt3216.jpg,early_blight,irish
D:\Potato\IrishPotato37G_full\lateblt\lateblt148.jpg,late_blight,irish
D:\Potato\IrishPotato37G_full\earlyblt\earlyblt360.jpg,early_blight,irish
D:\Potato\IrishPotato37G_full\healthy\healthy4244.jpg,healthy,irish
D:\Potato\IrishPotato37G_full\earlyblt\earlyblt2630.jpg,early_blight,irish
D:\Potato\IrishPotato37G_full\earlyblt\earlyblt843.jpg,early_blight,irish
D:\Potato\IrishPotato37G_full\lateblt\lateblt1148.jpg,late_blight,irish
D:\Potato\IrishPotato37G_full\lateblt\lateblt2741.jpg,late_blight,irish
D:\Potato\IrishPotato37G_full\lateblt\lateblt1189.jpg,late_blight,irish
D:\Potato\IrishPotato37G_full\earlyblt\earlyblt3298.jpg,early_blight,irish
D:\Potato\IrishPotato37G_full\earlyblt\earlyblt2276.jpg,early_blight,irish
D:\Potato\IrishPotato37G_full\lateblt\lateblt2736.jpg,late_blight,irish
D:\Potato\IrishPotato37G_full\lateblt\lateblt2410.jpg,late_blight,irish
D:\Potato\IrishPotato37G_full\earlyblt\earlyblt884.jpg,early_blight,irish
D:\Potato\IrishPotato37G_full\lateblt\lateblt1396.jpg,late_blight,irish
D:\Potato\IrishPotato37G_full\earlyblt\earlyblt911.jpg,early_blight,irish
D:\Potato\IrishPotato37G_full\lateblt\lateblt1401.jpg,late_blight,irish
D:\Potato\IrishPotato37G_full\lateblt\lateblt2592.jpg,late_blight,irish
D:\Potato\IrishPotato37G_full\lateblt\lateblt1303.jpg,late_blight,irish
D:\Potato\IrishPotato37G_full\earlyblt\earlyblt6643.jpg,early_blight,irish
D:\Potato\non_leaf\coco_person\000000410510.jpg,non_leaf,coco_person
D:\Potato\non_leaf\coco_person\000000563604.jpg,non_leaf,coco_person
D:\Potato\IrishPotato37G_full\earlyblt\earlyblt6095.jpg,early_blight,irish
D:\Potato\IrishPotato37G_full\earlyblt\earlyblt1635.jpg,early_blight,irish
D:\Potato\IrishPotato37G_full\healthy\healthy2454.jpg,healthy,irish
D:\Potato\IrishPotato37G_full\healthy\healthy2167.jpg,healthy,irish
D:\Potato\IrishPotato37G_full\lateblt\lateblt1669.jpg,late_blight,irish
D:\Potato\IrishPotato37G_full\lateblt\lateblt2486.jpg,late_blight,irish
D:\Potato\IrishPotato37G_full\lateblt\lateblt562.jpg,late_blight,irish
D:\Potato\IrishPotato37G_full\healthy\healthy712.jpg,healthy,irish
D:\Potato\IrishPotato37G_full\earlyblt\earlyblt170.jpg,early_blight,irish
D:\Potato\IrishPotato37G_full\earlyblt\earlyblt334.jpg,early_blight,irish
D:\Potato\IrishPotato37G_full\healthy\healthy2570.jpg,healthy,irish
D:\Potato\IrishPotato37G_full\healthy\healthy360.jpg,healthy,irish
D:\Potato\IrishPotato37G_full\healthy\healthy4826.jpg,healthy,irish
D:\Potato\IrishPotato37G_full\healthy\healthy556.jpg,healthy,irish
D:\Potato\IrishPotato37G_full\healthy\healthy4955.jpg,healthy,irish
D:\Potato\IrishPotato37G_full\lateblt\lateblt2476.jpg,late_blight,irish
D:\Potato\IrishPotato37G_full\healthy\healthy531.jpg,healthy,irish
D:\Potato\IrishPotato37G_full\lateblt\lateblt244.jpg,late_blight,irish
D:\Potato\IrishPotato37G_full\lateblt\lateblt745.jpg,late_blight,irish
D:\Potato\IrishPotato37G_full\earlyblt\earlyblt6302.jpg,early_blight,irish
D:\Potato\non_leaf\coco_person\000000292446.jpg,non_leaf,coco_person
D:\Potato\IrishPotato37G_full\lateblt\lateblt5010.jpg,late_blight,irish
D:\Potato\IrishPotato37G_full\healthy\healthy5114.jpg,healthy,irish
D:\Potato\IrishPotato37G_full\healthy\healthy4833.jpg,healthy,irish
D:\Potato\IrishPotato37G_full\lateblt\lateblt1960.jpg,late_blight,irish
D:\Potato\IrishPotato37G_full\healthy\healthy1204.jpg,healthy,irish
D:\Potato\IrishPotato37G_full\earlyblt\earlyblt1686.jpg,early_blight,irish
D:\Potato\IrishPotato37G_full\earlyblt\earlyblt1508.jpg,early_blight,irish
D:\Potato\non_leaf\coco_person\000000168337.jpg,non_leaf,coco_person
D:\Potato\IrishPotato37G_full\earlyblt\earlyblt6440.jpg,early_blight,irish
D:\Potato\non_leaf\coco_person\000000530162.jpg,non_leaf,coco_person
D:\Potato\IrishPotato37G_full\lateblt\lateblt2117.jpg,late_blight,irish
D:\Potato\IrishPotato37G_full\lateblt\lateblt2976.jpg,late_blight,irish
D:\Potato\IrishPotato37G_full\earlyblt\earlyblt241.jpg,early_blight,irish
D:\Potato\IrishPotato37G_full\healthy\healthy512.jpg,healthy,irish
D:\Potato\IrishPotato37G_full\lateblt\lateblt1687.jpg,late_blight,irish
D:\Potato\IrishPotato37G_full\earlyblt\earlyblt4819.jpg,early_blight,irish
D:\Potato\IrishPotato37G_full\lateblt\lateblt891.jpg,late_blight,irish
D:\Potato\IrishPotato37G_full\lateblt\lateblt687.jpg,late_blight,irish
D:\Potato\IrishPotato37G_full\healthy\healthy373.jpg,healthy,irish
D:\Potato\non_leaf\coco_person\000000511599.jpg,non_leaf,coco_person
D:\Potato\IrishPotato37G_full\earlyblt\earlyblt808.jpg,early_blight,irish
D:\Potato\IrishPotato37G_full\earlyblt\earlyblt6326.jpg,early_blight,irish
D:\Potato\IrishPotato37G_full\earlyblt\earlyblt3271.jpg,early_blight,irish
D:\Potato\IrishPotato37G_full\earlyblt\earlyblt2559.jpg,early_blight,irish
D:\Potato\IrishPotato37G_full\lateblt\lateblt1643.jpg,late_blight,irish
D:\Potato\IrishPotato37G_full\healthy\healthy1230.jpg,healthy,irish
D:\Potato\IrishPotato37G_full\earlyblt\earlyblt623.jpg,early_blight,irish
D:\Potato\IrishPotato37G_full\earlyblt\earlyblt975.jpg,early_blight,irish
D:\Potato\IrishPotato37G_full\lateblt\lateblt544.jpg,late_blight,irish
D:\Potato\IrishPotato37G_full\healthy\healthy2730.jpg,healthy,irish
D:\Potato\IrishPotato37G_full\healthy\healthy3985.jpg,healthy,irish
D:\Potato\IrishPotato37G_full\lateblt\lateblt2403.jpg,late_blight,irish
D:\Potato\IrishPotato37G_full\healthy\healthy3798.jpg,healthy,irish
D:\Potato\IrishPotato37G_full\healthy\healthy1123.jpg,healthy,irish
D:\Potato\IrishPotato37G_full\healthy\healthy5644.jpg,healthy,irish
D:\Potato\IrishPotato37G_full\earlyblt\earlyblt3093.jpg,early_blight,irish
D:\Potato\IrishPotato37G_full\lateblt\lateblt2248.jpg,late_blight,irish
D:\Potato\IrishPotato37G_full\healthy\healthy72.jpg,healthy,irish
D:\Potato\IrishPotato37G_full\earlyblt\earlyblt6279.jpg,early_blight,irish
D:\Potato\IrishPotato37G_full\earlyblt\earlyblt3554.jpg,early_blight,irish
D:\Potato\IrishPotato37G_full\earlyblt\earlyblt4855.jpg,early_blight,irish
D:\Potato\IrishPotato37G_full\earlyblt\earlyblt6960.jpg,early_blight,irish
D:\Potato\IrishPotato37G_full\earlyblt\earlyblt256.jpg,early_blight,irish
D:\Potato\IrishPotato37G_full\lateblt\lateblt2238.jpg,late_blight,irish
D:\Potato\IrishPotato37G_full\lateblt\lateblt195.jpg,late_blight,irish
D:\Potato\IrishPotato37G_full\earlyblt\earlyblt2509.jpg,early_blight,irish
D:\Potato\IrishPotato37G_full\healthy\healthy2952.jpg,healthy,irish
D:\Potato\IrishPotato37G_full\healthy\healthy4733.jpg,healthy,irish
D:\Potato\IrishPotato37G_full\healthy\healthy996.jpg,healthy,irish
D:\Potato\IrishPotato37G_full\lateblt\lateblt2678.jpg,late_blight,irish
D:\Potato\IrishPotato37G_full\lateblt\lateblt2559.jpg,late_blight,irish
D:\Potato\IrishPotato37G_full\lateblt\lateblt56.jpg,late_blight,irish
D:\Potato\IrishPotato37G_full\earlyblt\earlyblt4911.jpg,early_blight,irish
D:\Potato\IrishPotato37G_full\lateblt\lateblt2113.jpg,late_blight,irish
D:\Potato\IrishPotato37G_full\lateblt\lateblt2701.jpg,late_blight,irish
D:\Potato\IrishPotato37G_full\healthy\healthy1389.jpg,healthy,irish
D:\Potato\IrishPotato37G_full\earlyblt\earlyblt141.jpg,early_blight,irish
D:\Potato\IrishPotato37G_full\lateblt\lateblt2243.jpg,late_blight,irish
D:\Potato\IrishPotato37G_full\earlyblt\earlyblt6402.jpg,early_blight,irish
D:\Potato\IrishPotato37G_full\healthy\healthy3095.jpg,healthy,irish
D:\Potato\IrishPotato37G_full\earlyblt\earlyblt879.jpg,early_blight,irish
D:\Potato\IrishPotato37G_full\lateblt\lateblt5023.jpg,late_blight,irish
D:\Potato\IrishPotato37G_full\lateblt\lateblt795.jpg,late_blight,irish
D:\Potato\IrishPotato37G_full\lateblt\lateblt173.jpg,late_blight,irish
D:\Potato\IrishPotato37G_full\lateblt\lateblt2217.jpg,late_blight,irish
D:\Potato\IrishPotato37G_full\earlyblt\earlyblt632.jpg,early_blight,irish
D:\Potato\IrishPotato37G_full\earlyblt\earlyblt3962.jpg,early_blight,irish
D:\Potato\non_leaf\coco_person\000000502737.jpg,non_leaf,coco_person
D:\Potato\IrishPotato37G_full\earlyblt\earlyblt6094.jpg,early_blight,irish
D:\Potato\IrishPotato37G_full\healthy\healthy2073.jpg,healthy,irish
D:\Potato\IrishPotato37G_full\lateblt\lateblt2424.jpg,late_blight,irish
D:\Potato\IrishPotato37G_full\healthy\healthy588.jpg,healthy,irish
D:\Potato\IrishPotato37G_full\earlyblt\earlyblt4707.jpg,early_blight,irish
D:\Potato\IrishPotato37G_full\earlyblt\earlyblt1800.jpg,early_blight,irish
D:\Potato\IrishPotato37G_full\earlyblt\earlyblt2202.jpg,early_blight,irish
D:\Potato\IrishPotato37G_full\earlyblt\earlyblt6702.jpg,early_blight,irish
D:\Potato\IrishPotato37G_full\earlyblt\earlyblt720.jpg,early_blight,irish
D:\Potato\IrishPotato37G_full\healthy\healthy3658.jpg,healthy,irish
D:\Potato\IrishPotato37G_full\healthy\healthy2488.jpg,healthy,irish
D:\Potato\IrishPotato37G_full\lateblt\lateblt2468.jpg,late_blight,irish
D:\Potato\IrishPotato37G_full\healthy\healthy108.jpg,healthy,irish
D:\Potato\IrishPotato37G_full\healthy\healthy2098.jpg,healthy,irish
D:\Potato\IrishPotato37G_full\healthy\healthy2827.jpg,healthy,irish
D:\Potato\IrishPotato37G_full\earlyblt\earlyblt6463.jpg,early_blight,irish
D:\Potato\IrishPotato37G_full\lateblt\lateblt1403.jpg,late_blight,irish
D:\Potato\IrishPotato37G_full\healthy\healthy2408.jpg,healthy,irish
D:\Potato\IrishPotato37G_full\lateblt\lateblt1184.jpg,late_blight,irish
D:\Potato\IrishPotato37G_full\earlyblt\earlyblt243.jpg,early_blight,irish
D:\Potato\IrishPotato37G_full\lateblt\lateblt129.jpg,late_blight,irish
D:\Potato\IrishPotato37G_full\lateblt\lateblt1494.jpg,late_blight,irish
D:\Potato\IrishPotato37G_full\healthy\healthy3670.jpg,healthy,irish
D:\Potato\IrishPotato37G_full\lateblt\lateblt2731.jpg,late_blight,irish
D:\Potato\IrishPotato37G_full\lateblt\lateblt2996.jpg,late_blight,irish
D:\Potato\IrishPotato37G_full\lateblt\lateblt1462.jpg,late_blight,irish
D:\Potato\IrishPotato37G_full\healthy\healthy2428.jpg,healthy,irish
D:\Potato\IrishPotato37G_full\earlyblt\earlyblt3999.jpg,early_blight,irish
D:\Potato\IrishPotato37G_full\lateblt\lateblt1180.jpg,late_blight,irish
D:\Potato\IrishPotato37G_full\earlyblt\earlyblt722.jpg,early_blight,irish
D:\Potato\IrishPotato37G_full\lateblt\lateblt2797.jpg,late_blight,irish
D:\Potato\IrishPotato37G_full\lateblt\lateblt2108.jpg,late_blight,irish
D:\Potato\non_leaf\coco_person\000000441247.jpg,non_leaf,coco_person
D:\Potato\IrishPotato37G_full\healthy\healthy4121.jpg,healthy,irish
D:\Potato\non_leaf\coco_person\000000252776.jpg,non_leaf,coco_person
D:\Potato\IrishPotato37G_full\lateblt\lateblt121.jpg,late_blight,irish
D:\Potato\IrishPotato37G_full\healthy\healthy1506.jpg,healthy,irish
D:\Potato\IrishPotato37G_full\earlyblt\earlyblt6287.jpg,early_blight,irish
D:\Potato\IrishPotato37G_full\healthy\healthy1721.jpg,healthy,irish
D:\Potato\IrishPotato37G_full\earlyblt\earlyblt2520.jpg,early_blight,irish
D:\Potato\IrishPotato37G_full\earlyblt\earlyblt1632.jpg,early_blight,irish
D:\Potato\IrishPotato37G_full\lateblt\lateblt793.jpg,late_blight,irish
D:\Potato\IrishPotato37G_full\healthy\healthy110.jpg,healthy,irish
D:\Potato\IrishPotato37G_full\lateblt\lateblt2926.jpg,late_blight,irish
D:\Potato\IrishPotato37G_full\lateblt\lateblt1375.jpg,late_blight,irish
D:\Potato\IrishPotato37G_full\healthy\healthy584.jpg,healthy,irish
D:\Potato\IrishPotato37G_full\healthy\healthy3073.jpg,healthy,irish
D:\Potato\IrishPotato37G_full\healthy\healthy312.jpg,healthy,irish
D:\Potato\IrishPotato37G_full\earlyblt\earlyblt4697.jpg,early_blight,irish
D:\Potato\IrishPotato37G_full\earlyblt\earlyblt7005.jpg,early_blight,irish
D:\Potato\IrishPotato37G_full\earlyblt\earlyblt6240.jpg,early_blight,irish
D:\Potato\IrishPotato37G_full\lateblt\lateblt2162.jpg,late_blight,irish
D:\Potato\IrishPotato37G_full\healthy\healthy1737.jpg,healthy,irish
D:\Potato\IrishPotato37G_full\lateblt\lateblt2438.jpg,late_blight,irish
D:\Potato\IrishPotato37G_full\earlyblt\earlyblt2356.jpg,early_blight,irish
D:\Potato\IrishPotato37G_full\earlyblt\earlyblt4715.jpg,early_blight,irish
D:\Potato\IrishPotato37G_full\healthy\healthy3603.jpg,healthy,irish
D:\Potato\IrishPotato37G_full\lateblt\lateblt1511.jpg,late_blight,irish
D:\Potato\IrishPotato37G_full\earlyblt\earlyblt914.jpg,early_blight,irish
D:\Potato\IrishPotato37G_full\earlyblt\earlyblt2293.jpg,early_blight,irish
D:\Potato\IrishPotato37G_full\lateblt\lateblt188.jpg,late_blight,irish
D:\Potato\IrishPotato37G_full\healthy\healthy4991.jpg,healthy,irish
D:\Potato\IrishPotato37G_full\earlyblt\earlyblt2111.jpg,early_blight,irish
D:\Potato\IrishPotato37G_full\earlyblt\earlyblt4964.jpg,early_blight,irish
D:\Potato\IrishPotato37G_full\healthy\healthy3388.jpg,healthy,irish
D:\Potato\IrishPotato37G_full\earlyblt\earlyblt2721.jpg,early_blight,irish
D:\Potato\IrishPotato37G_full\earlyblt\earlyblt239.jpg,early_blight,irish
D:\Potato\IrishPotato37G_full\healthy\healthy4698.jpg,healthy,irish
D:\Potato\IrishPotato37G_full\earlyblt\earlyblt7002.jpg,early_blight,irish
D:\Potato\non_leaf\coco_person\000000013201.jpg,non_leaf,coco_person
D:\Potato\IrishPotato37G_full\lateblt\lateblt2974.jpg,late_blight,irish
D:\Potato\IrishPotato37G_full\healthy\healthy2186.jpg,healthy,irish
D:\Potato\IrishPotato37G_full\lateblt\lateblt890.jpg,late_blight,irish
D:\Potato\IrishPotato37G_full\lateblt\lateblt735.jpg,late_blight,irish
D:\Potato\IrishPotato37G_full\lateblt\lateblt2862.jpg,late_blight,irish
D:\Potato\IrishPotato37G_full\earlyblt\earlyblt1899.jpg,early_blight,irish
D:\Potato\IrishPotato37G_full\lateblt\lateblt1473.jpg,late_blight,irish
D:\Potato\IrishPotato37G_full\earlyblt\earlyblt3063.jpg,early_blight,irish
D:\Potato\IrishPotato37G_full\lateblt\lateblt480.jpg,late_blight,irish
D:\Potato\IrishPotato37G_full\earlyblt\earlyblt823.jpg,early_blight,irish
D:\Potato\IrishPotato37G_full\lateblt\lateblt2093.jpg,late_blight,irish
D:\Potato\IrishPotato37G_full\lateblt\lateblt298.jpg,late_blight,irish
D:\Potato\IrishPotato37G_full\lateblt\lateblt209.jpg,late_blight,irish
D:\Potato\IrishPotato37G_full\lateblt\lateblt2780.jpg,late_blight,irish
D:\Potato\IrishPotato37G_full\earlyblt\earlyblt1881.jpg,early_blight,irish
D:\Potato\IrishPotato37G_full\lateblt\lateblt2669.jpg,late_blight,irish
D:\Potato\IrishPotato37G_full\healthy\healthy592.jpg,healthy,irish
D:\Potato\IrishPotato37G_full\healthy\healthy3428.jpg,healthy,irish
D:\Potato\IrishPotato37G_full\earlyblt\earlyblt2024.jpg,early_blight,irish
D:\Potato\IrishPotato37G_full\healthy\healthy2545.jpg,healthy,irish
D:\Potato\IrishPotato37G_full\lateblt\lateblt877.jpg,late_blight,irish
D:\Potato\IrishPotato37G_full\earlyblt\earlyblt2611.jpg,early_blight,irish
D:\Potato\IrishPotato37G_full\earlyblt\earlyblt7006.jpg,early_blight,irish
D:\Potato\IrishPotato37G_full\healthy\healthy4677.jpg,healthy,irish
D:\Potato\IrishPotato37G_full\healthy\healthy3922.jpg,healthy,irish
D:\Potato\IrishPotato37G_full\healthy\healthy1757.jpg,healthy,irish
D:\Potato\non_leaf\coco_person\000000125472.jpg,non_leaf,coco_person
D:\Potato\IrishPotato37G_full\earlyblt\earlyblt1491.jpg,early_blight,irish
D:\Potato\IrishPotato37G_full\healthy\healthy2052.jpg,healthy,irish
D:\Potato\IrishPotato37G_full\lateblt\lateblt2087.jpg,late_blight,irish
D:\Potato\IrishPotato37G_full\lateblt\lateblt1382.jpg,late_blight,irish
D:\Potato\IrishPotato37G_full\lateblt\lateblt836.jpg,late_blight,irish
D:\Potato\IrishPotato37G_full\earlyblt\earlyblt1085.jpg,early_blight,irish
D:\Potato\IrishPotato37G_full\earlyblt\earlyblt1844.jpg,early_blight,irish
D:\Potato\non_leaf\coco_person\000000190676.jpg,non_leaf,coco_person
D:\Potato\IrishPotato37G_full\lateblt\lateblt123.jpg,late_blight,irish
D:\Potato\IrishPotato37G_full\lateblt\lateblt2416.jpg,late_blight,irish
D:\Potato\IrishPotato37G_full\earlyblt\earlyblt2011.jpg,early_blight,irish
D:\Potato\IrishPotato37G_full\healthy\healthy168.jpg,healthy,irish
D:\Potato\IrishPotato37G_full\earlyblt\earlyblt1061.jpg,early_blight,irish
D:\Potato\IrishPotato37G_full\lateblt\lateblt2401.jpg,late_blight,irish
D:\Potato\IrishPotato37G_full\earlyblt\earlyblt2077.jpg,early_blight,irish
D:\Potato\IrishPotato37G_full\earlyblt\earlyblt3212.jpg,early_blight,irish
D:\Potato\IrishPotato37G_full\healthy\healthy1164.jpg,healthy,irish
D:\Potato\IrishPotato37G_full\healthy\healthy4459.jpg,healthy,irish
D:\Potato\IrishPotato37G_full\earlyblt\earlyblt6740.jpg,early_blight,irish
D:\Potato\IrishPotato37G_full\earlyblt\earlyblt2861.jpg,early_blight,irish
D:\Potato\IrishPotato37G_full\earlyblt\earlyblt6984.jpg,early_blight,irish
D:\Potato\non_leaf\coco_person\000000423229.jpg,non_leaf,coco_person
D:\Potato\IrishPotato37G_full\healthy\healthy2196.jpg,healthy,irish
D:\Potato\non_leaf\coco_person\000000129812.jpg,non_leaf,coco_person
D:\Potato\IrishPotato37G_full\lateblt\lateblt2768.jpg,late_blight,irish
D:\Potato\IrishPotato37G_full\earlyblt\earlyblt6358.jpg,early_blight,irish
D:\Potato\IrishPotato37G_full\lateblt\lateblt2795.jpg,late_blight,irish
D:\Potato\IrishPotato37G_full\earlyblt\earlyblt6778.jpg,early_blight,irish
D:\Potato\IrishPotato37G_full\healthy\healthy56.jpg,healthy,irish
D:\Potato\IrishPotato37G_full\healthy\healthy1656.jpg,healthy,irish
D:\Potato\IrishPotato37G_full\earlyblt\earlyblt2043.jpg,early_blight,irish
D:\Potato\non_leaf\coco_person\000000283268.jpg,non_leaf,coco_person
D:\Potato\IrishPotato37G_full\earlyblt\earlyblt2973.jpg,early_blight,irish
D:\Potato\IrishPotato37G_full\healthy\healthy3930.jpg,healthy,irish
D:\Potato\IrishPotato37G_full\earlyblt\earlyblt2976.jpg,early_blight,irish
D:\Potato\non_leaf\coco_person\000000053626.jpg,non_leaf,coco_person
D:\Potato\IrishPotato37G_full\earlyblt\earlyblt2360.jpg,early_blight,irish
D:\Potato\IrishPotato37G_full\healthy\healthy5445.jpg,healthy,irish
D:\Potato\IrishPotato37G_full\lateblt\lateblt2254.jpg,late_blight,irish
D:\Potato\IrishPotato37G_full\lateblt\lateblt697.jpg,late_blight,irish
D:\Potato\IrishPotato37G_full\earlyblt\earlyblt1588.jpg,early_blight,irish
D:\Potato\IrishPotato37G_full\earlyblt\earlyblt4903.jpg,early_blight,irish
D:\Potato\IrishPotato37G_full\earlyblt\earlyblt886.jpg,early_blight,irish
D:\Potato\IrishPotato37G_full\lateblt\lateblt1426.jpg,late_blight,irish
D:\Potato\IrishPotato37G_full\lateblt\lateblt261.jpg,late_blight,irish
D:\Potato\IrishPotato37G_full\lateblt\lateblt207.jpg,late_blight,irish
D:\Potato\IrishPotato37G_full\lateblt\lateblt68.jpg,late_blight,irish
D:\Potato\IrishPotato37G_full\healthy\healthy1593.jpg,healthy,irish
D:\Potato\IrishPotato37G_full\healthy\healthy2108.jpg,healthy,irish
D:\Potato\IrishPotato37G_full\healthy\healthy3075.jpg,healthy,irish
D:\Potato\IrishPotato37G_full\lateblt\lateblt1908.jpg,late_blight,irish
D:\Potato\IrishPotato37G_full\earlyblt\earlyblt2553.jpg,early_blight,irish
D:\Potato\IrishPotato37G_full\healthy\healthy1298.jpg,healthy,irish
D:\Potato\IrishPotato37G_full\healthy\healthy2090.jpg,healthy,irish
D:\Potato\IrishPotato37G_full\lateblt\lateblt2924.jpg,late_blight,irish
D:\Potato\IrishPotato37G_full\healthy\healthy4962.jpg,healthy,irish
D:\Potato\IrishPotato37G_full\lateblt\lateblt5021.jpg,late_blight,irish
D:\Potato\IrishPotato37G_full\healthy\healthy947.jpg,healthy,irish
D:\Potato\IrishPotato37G_full\healthy\healthy625.jpg,healthy,irish
D:\Potato\IrishPotato37G_full\earlyblt\earlyblt1104.jpg,early_blight,irish
D:\Potato\non_leaf\coco_person\000000097924.jpg,non_leaf,coco_person
D:\Potato\IrishPotato37G_full\lateblt\lateblt5036.jpg,late_blight,irish
D:\Potato\IrishPotato37G_full\healthy\healthy2208.jpg,healthy,irish
D:\Potato\IrishPotato37G_full\healthy\healthy984.jpg,healthy,irish
D:\Potato\IrishPotato37G_full\lateblt\lateblt2744.jpg,late_blight,irish
D:\Potato\IrishPotato37G_full\earlyblt\earlyblt6246.jpg,early_blight,irish
D:\Potato\IrishPotato37G_full\healthy\healthy503.jpg,healthy,irish
D:\Potato\non_leaf\coco_person\000000292024.jpg,non_leaf,coco_person
D:\Potato\IrishPotato37G_full\lateblt\lateblt1151.jpg,late_blight,irish
D:\Potato\IrishPotato37G_full\earlyblt\earlyblt2666.jpg,early_blight,irish
D:\Potato\IrishPotato37G_full\earlyblt\earlyblt2244.jpg,early_blight,irish
D:\Potato\IrishPotato37G_full\healthy\healthy74.jpg,healthy,irish
D:\Potato\IrishPotato37G_full\healthy\healthy3378.jpg,healthy,irish
D:\Potato\IrishPotato37G_full\lateblt\lateblt2918.jpg,late_blight,irish
D:\Potato\IrishPotato37G_full\healthy\healthy1609.jpg,healthy,irish
D:\Potato\IrishPotato37G_full\earlyblt\earlyblt2649.jpg,early_blight,irish
D:\Potato\IrishPotato37G_full\lateblt\lateblt1949.jpg,late_blight,irish
D:\Potato\IrishPotato37G_full\healthy\healthy5454.jpg,healthy,irish
D:\Potato\IrishPotato37G_full\earlyblt\earlyblt3845.jpg,early_blight,irish
D:\Potato\IrishPotato37G_full\lateblt\lateblt177.jpg,late_blight,irish
D:\Potato\IrishPotato37G_full\earlyblt\earlyblt1950.jpg,early_blight,irish
D:\Potato\IrishPotato37G_full\earlyblt\earlyblt6608.jpg,early_blight,irish
D:\Potato\IrishPotato37G_full\healthy\healthy2432.jpg,healthy,irish
D:\Potato\IrishPotato37G_full\earlyblt\earlyblt3562.jpg,early_blight,irish
D:\Potato\IrishPotato37G_full\healthy\healthy1199.jpg,healthy,irish
D:\Potato\IrishPotato37G_full\healthy\healthy5133.jpg,healthy,irish
D:\Potato\IrishPotato37G_full\lateblt\lateblt2131.jpg,late_blight,irish
D:\Potato\IrishPotato37G_full\lateblt\lateblt830.jpg,late_blight,irish
D:\Potato\IrishPotato37G_full\healthy\healthy3195.jpg,healthy,irish
D:\Potato\IrishPotato37G_full\earlyblt\earlyblt1027.jpg,early_blight,irish
D:\Potato\IrishPotato37G_full\healthy\healthy3987.jpg,healthy,irish
D:\Potato\IrishPotato37G_full\lateblt\lateblt2412.jpg,late_blight,irish
D:\Potato\IrishPotato37G_full\earlyblt\earlyblt6913.jpg,early_blight,irish
D:\Potato\IrishPotato37G_full\healthy\healthy1170.jpg,healthy,irish
D:\Potato\IrishPotato37G_full\lateblt\lateblt698.jpg,late_blight,irish
D:\Potato\non_leaf\coco_person\000000488251.jpg,non_leaf,coco_person
D:\Potato\IrishPotato37G_full\earlyblt\earlyblt3417.jpg,early_blight,irish
D:\Potato\IrishPotato37G_full\earlyblt\earlyblt6709.jpg,early_blight,irish
D:\Potato\IrishPotato37G_full\lateblt\lateblt593.jpg,late_blight,irish
D:\Potato\IrishPotato37G_full\lateblt\lateblt249.jpg,late_blight,irish
D:\Potato\IrishPotato37G_full\earlyblt\earlyblt1854.jpg,early_blight,irish
D:\Potato\IrishPotato37G_full\earlyblt\earlyblt6674.jpg,early_blight,irish
D:\Potato\non_leaf\coco_person\000000013729.jpg,non_leaf,coco_person
D:\Potato\IrishPotato37G_full\lateblt\lateblt2811.jpg,late_blight,irish
D:\Potato\IrishPotato37G_full\earlyblt\earlyblt647.jpg,early_blight,irish
D:\Potato\IrishPotato37G_full\healthy\healthy963.jpg,healthy,irish
D:\Potato\IrishPotato37G_full\earlyblt\earlyblt2428.jpg,early_blight,irish
D:\Potato\IrishPotato37G_full\lateblt\lateblt5067.jpg,late_blight,irish
D:\Potato\IrishPotato37G_full\earlyblt\earlyblt1094.jpg,early_blight,irish
D:\Potato\IrishPotato37G_full\lateblt\lateblt2059.jpg,late_blight,irish
D:\Potato\IrishPotato37G_full\healthy\healthy5451.jpg,healthy,irish
D:\Potato\non_leaf\coco_person\000000363840.jpg,non_leaf,coco_person
D:\Potato\IrishPotato37G_full\lateblt\lateblt728.jpg,late_blight,irish
D:\Potato\non_leaf\coco_person\000000252716.jpg,non_leaf,coco_person
D:\Potato\IrishPotato37G_full\healthy\healthy5216.jpg,healthy,irish
D:\Potato\IrishPotato37G_full\earlyblt\earlyblt2053.jpg,early_blight,irish
D:\Potato\IrishPotato37G_full\earlyblt\earlyblt7025.jpg,early_blight,irish
D:\Potato\IrishPotato37G_full\lateblt\lateblt97.jpg,late_blight,irish
D:\Potato\IrishPotato37G_full\lateblt\lateblt2728.jpg,late_blight,irish
D:\Potato\IrishPotato37G_full\lateblt\lateblt2098.jpg,late_blight,irish
D:\Potato\IrishPotato37G_full\earlyblt\earlyblt3443.jpg,early_blight,irish
D:\Potato\IrishPotato37G_full\healthy\healthy2938.jpg,healthy,irish
D:\Potato\IrishPotato37G_full\lateblt\lateblt2949.jpg,late_blight,irish
D:\Potato\IrishPotato37G_full\healthy\healthy860.jpg,healthy,irish
D:\Potato\IrishPotato37G_full\healthy\healthy2268.jpg,healthy,irish
D:\Potato\IrishPotato37G_full\lateblt\lateblt1136.jpg,late_blight,irish
D:\Potato\IrishPotato37G_full\earlyblt\earlyblt6624.jpg,early_blight,irish
D:\Potato\IrishPotato37G_full\lateblt\lateblt2419.jpg,late_blight,irish
D:\Potato\IrishPotato37G_full\healthy\healthy5121.jpg,healthy,irish
D:\Potato\IrishPotato37G_full\lateblt\lateblt5008.jpg,late_blight,irish
D:\Potato\IrishPotato37G_full\healthy\healthy4641.jpg,healthy,irish
D:\Potato\IrishPotato37G_full\earlyblt\earlyblt3748.jpg,early_blight,irish
D:\Potato\IrishPotato37G_full\healthy\healthy357.jpg,healthy,irish
D:\Potato\IrishPotato37G_full\lateblt\lateblt2788.jpg,late_blight,irish
D:\Potato\IrishPotato37G_full\healthy\healthy5220.jpg,healthy,irish
D:\Potato\IrishPotato37G_full\healthy\healthy1424.jpg,healthy,irish
D:\Potato\IrishPotato37G_full\earlyblt\earlyblt400.jpg,early_blight,irish
D:\Potato\IrishPotato37G_full\earlyblt\earlyblt2958.jpg,early_blight,irish
D:\Potato\IrishPotato37G_full\lateblt\lateblt834.jpg,late_blight,irish
D:\Potato\IrishPotato37G_full\earlyblt\earlyblt2581.jpg,early_blight,irish
D:\Potato\IrishPotato37G_full\earlyblt\earlyblt229.jpg,early_blight,irish
D:\Potato\IrishPotato37G_full\healthy\healthy4936.jpg,healthy,irish
D:\Potato\IrishPotato37G_full\healthy\healthy2882.jpg,healthy,irish
D:\Potato\IrishPotato37G_full\earlyblt\earlyblt1038.jpg,early_blight,irish
D:\Potato\IrishPotato37G_full\lateblt\lateblt991.jpg,late_blight,irish
D:\Potato\IrishPotato37G_full\healthy\healthy564.jpg,healthy,irish
D:\Potato\IrishPotato37G_full\earlyblt\earlyblt1602.jpg,early_blight,irish
D:\Potato\IrishPotato37G_full\earlyblt\earlyblt323.jpg,early_blight,irish
D:\Potato\non_leaf\coco_person\000000197388.jpg,non_leaf,coco_person
D:\Potato\IrishPotato37G_full\healthy\healthy1332.jpg,healthy,irish
D:\Potato\IrishPotato37G_full\earlyblt\earlyblt753.jpg,early_blight,irish
D:\Potato\IrishPotato37G_full\lateblt\lateblt666.jpg,late_blight,irish
D:\Potato\IrishPotato37G_full\earlyblt\earlyblt987.jpg,early_blight,irish
D:\Potato\IrishPotato37G_full\earlyblt\earlyblt1123.jpg,early_blight,irish
D:\Potato\IrishPotato37G_full\healthy\healthy3149.jpg,healthy,irish
D:\Potato\non_leaf\coco_person\000000441468.jpg,non_leaf,coco_person
D:\Potato\IrishPotato37G_full\healthy\healthy4312.jpg,healthy,irish
D:\Potato\IrishPotato37G_full\healthy\healthy4830.jpg,healthy,irish
D:\Potato\IrishPotato37G_full\earlyblt\earlyblt6363.jpg,early_blight,irish
D:\Potato\non_leaf\coco_person\000000507667.jpg,non_leaf,coco_person
D:\Potato\IrishPotato37G_full\earlyblt\earlyblt2493.jpg,early_blight,irish
D:\Potato\IrishPotato37G_full\earlyblt\earlyblt2285.jpg,early_blight,irish
D:\Potato\IrishPotato37G_full\earlyblt\earlyblt2009.jpg,early_blight,irish
D:\Potato\IrishPotato37G_full\earlyblt\earlyblt6482.jpg,early_blight,irish
D:\Potato\IrishPotato37G_full\lateblt\lateblt447.jpg,late_blight,irish
D:\Potato\IrishPotato37G_full\earlyblt\earlyblt3026.jpg,early_blight,irish
D:\Potato\IrishPotato37G_full\healthy\healthy3045.jpg,healthy,irish
D:\Potato\IrishPotato37G_full\lateblt\lateblt2596.jpg,late_blight,irish
D:\Potato\IrishPotato37G_full\lateblt\lateblt2988.jpg,late_blight,irish
D:\Potato\IrishPotato37G_full\lateblt\lateblt1479.jpg,late_blight,irish
D:\Potato\IrishPotato37G_full\lateblt\lateblt2602.jpg,late_blight,irish
D:\Potato\IrishPotato37G_full\healthy\healthy4358.jpg,healthy,irish
D:\Potato\IrishPotato37G_full\lateblt\lateblt61.jpg,late_blight,irish
D:\Potato\IrishPotato37G_full\earlyblt\earlyblt6357.jpg,early_blight,irish
D:\Potato\IrishPotato37G_full\lateblt\lateblt806.jpg,late_blight,irish
D:\Potato\IrishPotato37G_full\healthy\healthy1478.jpg,healthy,irish
D:\Potato\IrishPotato37G_full\healthy\healthy5138.jpg,healthy,irish
D:\Potato\IrishPotato37G_full\earlyblt\earlyblt1464.jpg,early_blight,irish
D:\Potato\IrishPotato37G_full\earlyblt\earlyblt6088.jpg,early_blight,irish
D:\Potato\non_leaf\coco_person\000000461009.jpg,non_leaf,coco_person
D:\Potato\IrishPotato37G_full\lateblt\lateblt237.jpg,late_blight,irish
D:\Potato\IrishPotato37G_full\healthy\healthy3047.jpg,healthy,irish
D:\Potato\IrishPotato37G_full\healthy\healthy3138.jpg,healthy,irish
D:\Potato\IrishPotato37G_full\lateblt\lateblt1192.jpg,late_blight,irish
D:\Potato\IrishPotato37G_full\earlyblt\earlyblt203.jpg,early_blight,irish
D:\Potato\IrishPotato37G_full\earlyblt\earlyblt2475.jpg,early_blight,irish
D:\Potato\IrishPotato37G_full\earlyblt\earlyblt2026.jpg,early_blight,irish
D:\Potato\IrishPotato37G_full\earlyblt\earlyblt2339.jpg,early_blight,irish
D:\Potato\IrishPotato37G_full\earlyblt\earlyblt6689.jpg,early_blight,irish
D:\Potato\IrishPotato37G_full\healthy\healthy2272.jpg,healthy,irish
D:\Potato\IrishPotato37G_full\healthy\healthy4740.jpg,healthy,irish
D:\Potato\IrishPotato37G_full\lateblt\lateblt1946.jpg,late_blight,irish
D:\Potato\IrishPotato37G_full\earlyblt\earlyblt681.jpg,early_blight,irish
D:\Potato\IrishPotato37G_full\earlyblt\earlyblt603.jpg,early_blight,irish
D:\Potato\IrishPotato37G_full\earlyblt\earlyblt165.jpg,early_blight,irish
D:\Potato\IrishPotato37G_full\lateblt\lateblt2940.jpg,late_blight,irish
D:\Potato\IrishPotato37G_full\lateblt\lateblt1508.jpg,late_blight,irish
D:\Potato\IrishPotato37G_full\earlyblt\earlyblt1916.jpg,early_blight,irish
D:\Potato\IrishPotato37G_full\lateblt\lateblt240.jpg,late_blight,irish
D:\Potato\IrishPotato37G_full\earlyblt\earlyblt2287.jpg,early_blight,irish
D:\Potato\IrishPotato37G_full\lateblt\lateblt1480.jpg,late_blight,irish
D:\Potato\IrishPotato37G_full\lateblt\lateblt550.jpg,late_blight,irish
D:\Potato\IrishPotato37G_full\healthy\healthy571.jpg,healthy,irish
D:\Potato\IrishPotato37G_full\healthy\healthy2971.jpg,healthy,irish
D:\Potato\IrishPotato37G_full\healthy\healthy2082.jpg,healthy,irish
D:\Potato\IrishPotato37G_full\lateblt\lateblt2284.jpg,late_blight,irish
D:\Potato\IrishPotato37G_full\lateblt\lateblt1667.jpg,late_blight,irish
D:\Potato\IrishPotato37G_full\healthy\healthy2265.jpg,healthy,irish
D:\Potato\non_leaf\coco_person\000000349594.jpg,non_leaf,coco_person
D:\Potato\IrishPotato37G_full\earlyblt\earlyblt2095.jpg,early_blight,irish
D:\Potato\IrishPotato37G_full\healthy\healthy3470.jpg,healthy,irish
D:\Potato\IrishPotato37G_full\healthy\healthy2381.jpg,healthy,irish
D:\Potato\IrishPotato37G_full\lateblt\lateblt1442.jpg,late_blight,irish
D:\Potato\IrishPotato37G_full\lateblt\lateblt164.jpg,late_blight,irish
D:\Potato\IrishPotato37G_full\healthy\healthy762.jpg,healthy,irish
D:\Potato\non_leaf\coco_person\000000163118.jpg,non_leaf,coco_person
D:\Potato\IrishPotato37G_full\lateblt\lateblt2457.jpg,late_blight,irish
D:\Potato\IrishPotato37G_full\lateblt\lateblt476.jpg,late_blight,irish
D:\Potato\IrishPotato37G_full\earlyblt\earlyblt2640.jpg,early_blight,irish
D:\Potato\IrishPotato37G_full\lateblt\lateblt597.jpg,late_blight,irish
D:\Potato\IrishPotato37G_full\healthy\healthy2361.jpg,healthy,irish
D:\Potato\IrishPotato37G_full\lateblt\lateblt2694.jpg,late_blight,irish
D:\Potato\IrishPotato37G_full\lateblt\lateblt130.jpg,late_blight,irish
D:\Potato\IrishPotato37G_full\lateblt\lateblt1993.jpg,late_blight,irish
D:\Potato\IrishPotato37G_full\earlyblt\earlyblt2175.jpg,early_blight,irish
D:\Potato\IrishPotato37G_full\earlyblt\earlyblt486.jpg,early_blight,irish
D:\Potato\IrishPotato37G_full\earlyblt\earlyblt3133.jpg,early_blight,irish
D:\Potato\IrishPotato37G_full\earlyblt\earlyblt3984.jpg,early_blight,irish
D:\Potato\IrishPotato37G_full\healthy\healthy1695.jpg,healthy,irish
D:\Potato\IrishPotato37G_full\earlyblt\earlyblt3919.jpg,early_blight,irish
D:\Potato\IrishPotato37G_full\healthy\healthy3539.jpg,healthy,irish
D:\Potato\IrishPotato37G_full\earlyblt\earlyblt2294.jpg,early_blight,irish
D:\Potato\IrishPotato37G_full\healthy\healthy2192.jpg,healthy,irish
D:\Potato\IrishPotato37G_full\healthy\healthy849.jpg,healthy,irish
D:\Potato\IrishPotato37G_full\earlyblt\earlyblt661.jpg,early_blight,irish
D:\Potato\IrishPotato37G_full\healthy\healthy2767.jpg,healthy,irish
D:\Potato\IrishPotato37G_full\earlyblt\earlyblt2998.jpg,early_blight,irish
D:\Potato\IrishPotato37G_full\healthy\healthy1675.jpg,healthy,irish
D:\Potato\IrishPotato37G_full\earlyblt\earlyblt6013.jpg,early_blight,irish
D:\Potato\IrishPotato37G_full\lateblt\lateblt62.jpg,late_blight,irish
D:\Potato\IrishPotato37G_full\lateblt\lateblt2005.jpg,late_blight,irish
D:\Potato\IrishPotato37G_full\lateblt\lateblt482.jpg,late_blight,irish
D:\Potato\IrishPotato37G_full\earlyblt\earlyblt4808.jpg,early_blight,irish
D:\Potato\IrishPotato37G_full\earlyblt\earlyblt6034.jpg,early_blight,irish
D:\Potato\IrishPotato37G_full\earlyblt\earlyblt1919.jpg,early_blight,irish
D:\Potato\IrishPotato37G_full\lateblt\lateblt2077.jpg,late_blight,irish
D:\Potato\IrishPotato37G_full\healthy\healthy980.jpg,healthy,irish
D:\Potato\IrishPotato37G_full\lateblt\lateblt1635.jpg,late_blight,irish
D:\Potato\IrishPotato37G_full\earlyblt\earlyblt682.jpg,early_blight,irish
D:\Potato\IrishPotato37G_full\lateblt\lateblt2826.jpg,late_blight,irish
D:\Potato\IrishPotato37G_full\healthy\healthy1626.jpg,healthy,irish
D:\Potato\IrishPotato37G_full\earlyblt\earlyblt2203.jpg,early_blight,irish
D:\Potato\IrishPotato37G_full\earlyblt\earlyblt441.jpg,early_blight,irish
D:\Potato\IrishPotato37G_full\healthy\healthy4256.jpg,healthy,irish
D:\Potato\IrishPotato37G_full\lateblt\lateblt2181.jpg,late_blight,irish
D:\Potato\IrishPotato37G_full\lateblt\lateblt2178.jpg,late_blight,irish
D:\Potato\IrishPotato37G_full\lateblt\lateblt918.jpg,late_blight,irish
D:\Potato\IrishPotato37G_full\healthy\healthy1581.jpg,healthy,irish
D:\Potato\IrishPotato37G_full\lateblt\lateblt2105.jpg,late_blight,irish
D:\Potato\IrishPotato37G_full\earlyblt\earlyblt3444.jpg,early_blight,irish
D:\Potato\IrishPotato37G_full\lateblt\lateblt1305.jpg,late_blight,irish
D:\Potato\IrishPotato37G_full\lateblt\lateblt1199.jpg,late_blight,irish
D:\Potato\IrishPotato37G_full\healthy\healthy2252.jpg,healthy,irish
D:\Potato\IrishPotato37G_full\healthy\healthy5225.jpg,healthy,irish
D:\Potato\IrishPotato37G_full\lateblt\lateblt1578.jpg,late_blight,irish
D:\Potato\non_leaf\coco_person\000000523033.jpg,non_leaf,coco_person
D:\Potato\IrishPotato37G_full\healthy\healthy2308.jpg,healthy,irish
D:\Potato\IrishPotato37G_full\lateblt\lateblt2487.jpg,late_blight,irish
D:\Potato\IrishPotato37G_full\earlyblt\earlyblt737.jpg,early_blight,irish
D:\Potato\non_leaf\coco_person\000000214869.jpg,non_leaf,coco_person
D:\Potato\IrishPotato37G_full\healthy\healthy539.jpg,healthy,irish
D:\Potato\IrishPotato37G_full\healthy\healthy4334.jpg,healthy,irish
D:\Potato\IrishPotato37G_full\earlyblt\earlyblt6293.jpg,early_blight,irish
D:\Potato\IrishPotato37G_full\healthy\healthy4890.jpg,healthy,irish
D:\Potato\IrishPotato37G_full\earlyblt\earlyblt2775.jpg,early_blight,irish
D:\Potato\IrishPotato37G_full\lateblt\lateblt470.jpg,late_blight,irish
D:\Potato\IrishPotato37G_full\healthy\healthy5638.jpg,healthy,irish
D:\Potato\IrishPotato37G_full\earlyblt\earlyblt4907.jpg,early_blight,irish
D:\Potato\IrishPotato37G_full\lateblt\lateblt5045.jpg,late_blight,irish
D:\Potato\IrishPotato37G_full\lateblt\lateblt1391.jpg,late_blight,irish
D:\Potato\IrishPotato37G_full\lateblt\lateblt916.jpg,late_blight,irish
D:\Potato\IrishPotato37G_full\lateblt\lateblt2517.jpg,late_blight,irish
D:\Potato\IrishPotato37G_full\healthy\healthy3511.jpg,healthy,irish
D:\Potato\IrishPotato37G_full\lateblt\lateblt857.jpg,late_blight,irish
D:\Potato\IrishPotato37G_full\lateblt\lateblt2043.jpg,late_blight,irish
D:\Potato\IrishPotato37G_full\earlyblt\earlyblt778.jpg,early_blight,irish
D:\Potato\IrishPotato37G_full\lateblt\lateblt611.jpg,late_blight,irish
D:\Potato\IrishPotato37G_full\lateblt\lateblt420.jpg,late_blight,irish
D:\Potato\IrishPotato37G_full\earlyblt\earlyblt6799.jpg,early_blight,irish
D:\Potato\non_leaf\coco_person\000000025057.jpg,non_leaf,coco_person
D:\Potato\IrishPotato37G_full\lateblt\lateblt2948.jpg,late_blight,irish
D:\Potato\non_leaf\coco_person\000000426203.jpg,non_leaf,coco_person
D:\Potato\IrishPotato37G_full\lateblt\lateblt2276.jpg,late_blight,irish
D:\Potato\non_leaf\coco_person\000000091495.jpg,non_leaf,coco_person
D:\Potato\IrishPotato37G_full\earlyblt\earlyblt621.jpg,early_blight,irish
D:\Potato\non_leaf\coco_person\000000025386.jpg,non_leaf,coco_person
D:\Potato\IrishPotato37G_full\healthy\healthy1745.jpg,healthy,irish
D:\Potato\IrishPotato37G_full\healthy\healthy3072.jpg,healthy,irish
D:\Potato\IrishPotato37G_full\lateblt\lateblt78.jpg,late_blight,irish
D:\Potato\IrishPotato37G_full\lateblt\lateblt1900.jpg,late_blight,irish
D:\Potato\IrishPotato37G_full\lateblt\lateblt1112.jpg,late_blight,irish
D:\Potato\IrishPotato37G_full\lateblt\lateblt502.jpg,late_blight,irish
D:\Potato\IrishPotato37G_full\earlyblt\earlyblt3464.jpg,early_blight,irish
D:\Potato\IrishPotato37G_full\earlyblt\earlyblt1164.jpg,early_blight,irish
D:\Potato\IrishPotato37G_full\healthy\healthy4189.jpg,healthy,irish
D:\Potato\IrishPotato37G_full\lateblt\lateblt1101.jpg,late_blight,irish
D:\Potato\IrishPotato37G_full\lateblt\lateblt423.jpg,late_blight,irish
D:\Potato\IrishPotato37G_full\healthy\healthy21.jpg,healthy,irish
D:\Potato\non_leaf\coco_person\000000255917.jpg,non_leaf,coco_person
D:\Potato\IrishPotato37G_full\earlyblt\earlyblt2854.jpg,early_blight,irish
D:\Potato\non_leaf\coco_person\000000281687.jpg,non_leaf,coco_person
D:\Potato\IrishPotato37G_full\lateblt\lateblt2850.jpg,late_blight,irish
D:\Potato\non_leaf\coco_person\000000116068.jpg,non_leaf,coco_person
D:\Potato\IrishPotato37G_full\healthy\healthy2054.jpg,healthy,irish
D:\Potato\IrishPotato37G_full\lateblt\lateblt1464.jpg,late_blight,irish
D:\Potato\IrishPotato37G_full\lateblt\lateblt1368.jpg,late_blight,irish
D:\Potato\IrishPotato37G_full\earlyblt\earlyblt4712.jpg,early_blight,irish
D:\Potato\IrishPotato37G_full\earlyblt\earlyblt6766.jpg,early_blight,irish
D:\Potato\non_leaf\coco_person\000000199771.jpg,non_leaf,coco_person
D:\Potato\IrishPotato37G_full\earlyblt\earlyblt5895.jpg,early_blight,irish
D:\Potato\IrishPotato37G_full\healthy\healthy1150.jpg,healthy,irish
D:\Potato\IrishPotato37G_full\lateblt\lateblt2873.jpg,late_blight,irish
D:\Potato\IrishPotato37G_full\lateblt\lateblt1335.jpg,late_blight,irish
D:\Potato\non_leaf\coco_person\000000093437.jpg,non_leaf,coco_person
D:\Potato\IrishPotato37G_full\healthy\healthy1108.jpg,healthy,irish
D:\Potato\IrishPotato37G_full\lateblt\lateblt1546.jpg,late_blight,irish
D:\Potato\IrishPotato37G_full\healthy\healthy2864.jpg,healthy,irish
D:\Potato\IrishPotato37G_full\earlyblt\earlyblt4683.jpg,early_blight,irish
D:\Potato\IrishPotato37G_full\healthy\healthy4436.jpg,healthy,irish
D:\Potato\IrishPotato37G_full\earlyblt\earlyblt608.jpg,early_blight,irish
D:\Potato\IrishPotato37G_full\earlyblt\earlyblt1737.jpg,early_blight,irish
D:\Potato\IrishPotato37G_full\healthy\healthy2346.jpg,healthy,irish
D:\Potato\IrishPotato37G_full\lateblt\lateblt2726.jpg,late_blight,irish
D:\Potato\IrishPotato37G_full\healthy\healthy1554.jpg,healthy,irish
D:\Potato\IrishPotato37G_full\healthy\healthy4697.jpg,healthy,irish
D:\Potato\IrishPotato37G_full\healthy\healthy842.jpg,healthy,irish
D:\Potato\IrishPotato37G_full\healthy\healthy1397.jpg,healthy,irish
D:\Potato\IrishPotato37G_full\earlyblt\earlyblt1885.jpg,early_blight,irish
D:\Potato\IrishPotato37G_full\lateblt\lateblt767.jpg,late_blight,irish
D:\Potato\IrishPotato37G_full\lateblt\lateblt44.jpg,late_blight,irish
D:\Potato\IrishPotato37G_full\healthy\healthy1219.jpg,healthy,irish
D:\Potato\IrishPotato37G_full\healthy\healthy4344.jpg,healthy,irish
D:\Potato\IrishPotato37G_full\earlyblt\earlyblt1783.jpg,early_blight,irish
D:\Potato\IrishPotato37G_full\earlyblt\earlyblt1621.jpg,early_blight,irish
D:\Potato\IrishPotato37G_full\lateblt\lateblt2957.jpg,late_blight,irish
D:\Potato\IrishPotato37G_full\healthy\healthy2027.jpg,healthy,irish
D:\Potato\IrishPotato37G_full\earlyblt\earlyblt6347.jpg,early_blight,irish
D:\Potato\IrishPotato37G_full\healthy\healthy5208.jpg,healthy,irish
D:\Potato\IrishPotato37G_full\healthy\healthy2394.jpg,healthy,irish
D:\Potato\IrishPotato37G_full\healthy\healthy1781.jpg,healthy,irish
D:\Potato\IrishPotato37G_full\lateblt\lateblt2122.jpg,late_blight,irish
D:\Potato\non_leaf\coco_person\000000466125.jpg,non_leaf,coco_person
D:\Potato\IrishPotato37G_full\healthy\healthy5279.jpg,healthy,irish
D:\Potato\IrishPotato37G_full\earlyblt\earlyblt2153.jpg,early_blight,irish
D:\Potato\IrishPotato37G_full\healthy\healthy3445.jpg,healthy,irish
D:\Potato\IrishPotato37G_full\earlyblt\earlyblt2858.jpg,early_blight,irish
D:\Potato\non_leaf\coco_person\000000250901.jpg,non_leaf,coco_person
D:\Potato\IrishPotato37G_full\earlyblt\earlyblt1980.jpg,early_blight,irish
D:\Potato\IrishPotato37G_full\lateblt\lateblt3.jpg,late_blight,irish
D:\Potato\IrishPotato37G_full\healthy\healthy2819.jpg,healthy,irish
D:\Potato\IrishPotato37G_full\lateblt\lateblt2874.jpg,late_blight,irish
D:\Potato\IrishPotato37G_full\healthy\healthy2112.jpg,healthy,irish
D:\Potato\IrishPotato37G_full\earlyblt\earlyblt967.jpg,early_blight,irish
D:\Potato\IrishPotato37G_full\lateblt\lateblt1936.jpg,late_blight,irish
D:\Potato\IrishPotato37G_full\healthy\healthy3027.jpg,healthy,irish
D:\Potato\IrishPotato37G_full\healthy\healthy4873.jpg,healthy,irish
D:\Potato\IrishPotato37G_full\earlyblt\earlyblt6760.jpg,early_blight,irish
D:\Potato\IrishPotato37G_full\earlyblt\earlyblt6934.jpg,early_blight,irish
D:\Potato\IrishPotato37G_full\earlyblt\earlyblt2062.jpg,early_blight,irish
D:\Potato\non_leaf\coco_person\000000383337.jpg,non_leaf,coco_person
D:\Potato\IrishPotato37G_full\healthy\healthy5613.jpg,healthy,irish
D:\Potato\IrishPotato37G_full\healthy\healthy4931.jpg,healthy,irish
D:\Potato\IrishPotato37G_full\healthy\healthy804.jpg,healthy,irish
D:\Potato\IrishPotato37G_full\earlyblt\earlyblt3810.jpg,early_blight,irish
D:\Potato\IrishPotato37G_full\earlyblt\earlyblt3481.jpg,early_blight,irish
D:\Potato\IrishPotato37G_full\lateblt\lateblt600.jpg,late_blight,irish
D:\Potato\IrishPotato37G_full\lateblt\lateblt1681.jpg,late_blight,irish
D:\Potato\IrishPotato37G_full\healthy\healthy4775.jpg,healthy,irish
D:\Potato\IrishPotato37G_full\healthy\healthy4450.jpg,healthy,irish
D:\Potato\IrishPotato37G_full\healthy\healthy2337.jpg,healthy,irish
D:\Potato\IrishPotato37G_full\healthy\healthy2028.jpg,healthy,irish
D:\Potato\IrishPotato37G_full\earlyblt\earlyblt1973.jpg,early_blight,irish
D:\Potato\IrishPotato37G_full\healthy\healthy3318.jpg,healthy,irish
D:\Potato\IrishPotato37G_full\healthy\healthy4491.jpg,healthy,irish
D:\Potato\IrishPotato37G_full\earlyblt\earlyblt3713.jpg,early_blight,irish
D:\Potato\IrishPotato37G_full\earlyblt\earlyblt2163.jpg,early_blight,irish
D:\Potato\IrishPotato37G_full\healthy\healthy5446.jpg,healthy,irish
D:\Potato\IrishPotato37G_full\healthy\healthy3031.jpg,healthy,irish
D:\Potato\IrishPotato37G_full\healthy\healthy911.jpg,healthy,irish
D:\Potato\IrishPotato37G_full\lateblt\lateblt1515.jpg,late_blight,irish
D:\Potato\IrishPotato37G_full\earlyblt\earlyblt3128.jpg,early_blight,irish
D:\Potato\IrishPotato37G_full\earlyblt\earlyblt2334.jpg,early_blight,irish
D:\Potato\IrishPotato37G_full\healthy\healthy3535.jpg,healthy,irish
D:\Potato\IrishPotato37G_full\healthy\healthy1139.jpg,healthy,irish
D:\Potato\IrishPotato37G_full\earlyblt\earlyblt6948.jpg,early_blight,irish
D:\Potato\IrishPotato37G_full\earlyblt\earlyblt3199.jpg,early_blight,irish
D:\Potato\IrishPotato37G_full\earlyblt\earlyblt1994.jpg,early_blight,irish
D:\Potato\IrishPotato37G_full\healthy\healthy3039.jpg,healthy,irish
D:\Potato\IrishPotato37G_full\earlyblt\earlyblt965.jpg,early_blight,irish
D:\Potato\non_leaf\coco_person\000000297353.jpg,non_leaf,coco_person
D:\Potato\IrishPotato37G_full\lateblt\lateblt2094.jpg,late_blight,irish
D:\Potato\IrishPotato37G_full\earlyblt\earlyblt2957.jpg,early_blight,irish
D:\Potato\IrishPotato37G_full\earlyblt\earlyblt1838.jpg,early_blight,irish
D:\Potato\IrishPotato37G_full\healthy\healthy1191.jpg,healthy,irish
D:\Potato\IrishPotato37G_full\earlyblt\earlyblt6672.jpg,early_blight,irish
D:\Potato\IrishPotato37G_full\healthy\healthy70.jpg,healthy,irish
D:\Potato\IrishPotato37G_full\healthy\healthy5113.jpg,healthy,irish
D:\Potato\IrishPotato37G_full\healthy\healthy2929.jpg,healthy,irish
D:\Potato\IrishPotato37G_full\earlyblt\earlyblt651.jpg,early_blight,irish
D:\Potato\IrishPotato37G_full\lateblt\lateblt2417.jpg,late_blight,irish
D:\Potato\IrishPotato37G_full\earlyblt\earlyblt1671.jpg,early_blight,irish
D:\Potato\non_leaf\coco_person\000000397351.jpg,non_leaf,coco_person
D:\Potato\IrishPotato37G_full\healthy\healthy5103.jpg,healthy,irish
D:\Potato\IrishPotato37G_full\lateblt\lateblt802.jpg,late_blight,irish
D:\Potato\IrishPotato37G_full\healthy\healthy1135.jpg,healthy,irish
D:\Potato\IrishPotato37G_full\earlyblt\earlyblt2532.jpg,early_blight,irish
D:\Potato\IrishPotato37G_full\lateblt\lateblt1458.jpg,late_blight,irish
D:\Potato\IrishPotato37G_full\healthy\healthy3019.jpg,healthy,irish
D:\Potato\IrishPotato37G_full\earlyblt\earlyblt6712.jpg,early_blight,irish
D:\Potato\IrishPotato37G_full\healthy\healthy1679.jpg,healthy,irish
D:\Potato\IrishPotato37G_full\earlyblt\earlyblt3931.jpg,early_blight,irish
D:\Potato\IrishPotato37G_full\healthy\healthy1794.jpg,healthy,irish
D:\Potato\IrishPotato37G_full\earlyblt\earlyblt3491.jpg,early_blight,irish
D:\Potato\IrishPotato37G_full\lateblt\lateblt2081.jpg,late_blight,irish
D:\Potato\IrishPotato37G_full\lateblt\lateblt1697.jpg,late_blight,irish
D:\Potato\IrishPotato37G_full\earlyblt\earlyblt2577.jpg,early_blight,irish
D:\Potato\IrishPotato37G_full\lateblt\lateblt625.jpg,late_blight,irish
D:\Potato\non_leaf\coco_person\000000521717.jpg,non_leaf,coco_person
D:\Potato\IrishPotato37G_full\lateblt\lateblt2972.jpg,late_blight,irish
D:\Potato\IrishPotato37G_full\healthy\healthy855.jpg,healthy,irish
D:\Potato\IrishPotato37G_full\earlyblt\earlyblt2169.jpg,early_blight,irish
D:\Potato\IrishPotato37G_full\lateblt\lateblt2968.jpg,late_blight,irish
D:\Potato\IrishPotato37G_full\healthy\healthy5203.jpg,healthy,irish
D:\Potato\IrishPotato37G_full\lateblt\lateblt814.jpg,late_blight,irish
D:\Potato\IrishPotato37G_full\healthy\healthy1384.jpg,healthy,irish
D:\Potato\IrishPotato37G_full\healthy\healthy2963.jpg,healthy,irish
D:\Potato\IrishPotato37G_full\earlyblt\earlyblt3041.jpg,early_blight,irish
D:\Potato\IrishPotato37G_full\lateblt\lateblt641.jpg,late_blight,irish
D:\Potato\IrishPotato37G_full\earlyblt\earlyblt1584.jpg,early_blight,irish
D:\Potato\IrishPotato37G_full\healthy\healthy2465.jpg,healthy,irish
D:\Potato\IrishPotato37G_full\lateblt\lateblt1491.jpg,late_blight,irish
D:\Potato\IrishPotato37G_full\healthy\healthy953.jpg,healthy,irish
D:\Potato\IrishPotato37G_full\earlyblt\earlyblt123.jpg,early_blight,irish
D:\Potato\IrishPotato37G_full\earlyblt\earlyblt2625.jpg,early_blight,irish
D:\Potato\IrishPotato37G_full\lateblt\lateblt251.jpg,late_blight,irish
D:\Potato\non_leaf\coco_person\000000351530.jpg,non_leaf,coco_person
D:\Potato\IrishPotato37G_full\lateblt\lateblt606.jpg,late_blight,irish
D:\Potato\IrishPotato37G_full\healthy\healthy1173.jpg,healthy,irish
D:\Potato\IrishPotato37G_full\earlyblt\earlyblt1982.jpg,early_blight,irish
D:\Potato\IrishPotato37G_full\healthy\healthy5629.jpg,healthy,irish
D:\Potato\non_leaf\coco_person\000000226408.jpg,non_leaf,coco_person
D:\Potato\IrishPotato37G_full\lateblt\lateblt2413.jpg,late_blight,irish
D:\Potato\IrishPotato37G_full\lateblt\lateblt2120.jpg,late_blight,irish
D:\Potato\IrishPotato37G_full\healthy\healthy2423.jpg,healthy,irish
D:\Potato\IrishPotato37G_full\healthy\healthy172.jpg,healthy,irish
D:\Potato\IrishPotato37G_full\earlyblt\earlyblt2081.jpg,early_blight,irish
D:\Potato\IrishPotato37G_full\lateblt\lateblt2138.jpg,late_blight,irish
D:\Potato\IrishPotato37G_full\healthy\healthy548.jpg,healthy,irish
D:\Potato\IrishPotato37G_full\lateblt\lateblt547.jpg,late_blight,irish
D:\Potato\IrishPotato37G_full\healthy\healthy5431.jpg,healthy,irish
D:\Potato\IrishPotato37G_full\earlyblt\earlyblt2164.jpg,early_blight,irish
D:\Potato\IrishPotato37G_full\healthy\healthy4260.jpg,healthy,irish
D:\Potato\IrishPotato37G_full\earlyblt\earlyblt3721.jpg,early_blight,irish
D:\Potato\IrishPotato37G_full\lateblt\lateblt275.jpg,late_blight,irish
D:\Potato\IrishPotato37G_full\healthy\healthy2092.jpg,healthy,irish
D:\Potato\IrishPotato37G_full\lateblt\lateblt2876.jpg,late_blight,irish
D:\Potato\IrishPotato37G_full\healthy\healthy732.jpg,healthy,irish
D:\Potato\IrishPotato37G_full\healthy\healthy913.jpg,healthy,irish
D:\Potato\IrishPotato37G_full\earlyblt\earlyblt4935.jpg,early_blight,irish
D:\Potato\IrishPotato37G_full\earlyblt\earlyblt2728.jpg,early_blight,irish
D:\Potato\IrishPotato37G_full\earlyblt\earlyblt3135.jpg,early_blight,irish
D:\Potato\IrishPotato37G_full\healthy\healthy3632.jpg,healthy,irish
D:\Potato\IrishPotato37G_full\earlyblt\earlyblt2467.jpg,early_blight,irish
D:\Potato\IrishPotato37G_full\earlyblt\earlyblt712.jpg,early_blight,irish
D:\Potato\IrishPotato37G_full\lateblt\lateblt2484.jpg,late_blight,irish
D:\Potato\IrishPotato37G_full\earlyblt\earlyblt2137.jpg,early_blight,irish
D:\Potato\IrishPotato37G_full\healthy\healthy567.jpg,healthy,irish
D:\Potato\IrishPotato37G_full\earlyblt\earlyblt4803.jpg,early_blight,irish
D:\Potato\IrishPotato37G_full\healthy\healthy302.jpg,healthy,irish
D:\Potato\IrishPotato37G_full\lateblt\lateblt2296.jpg,late_blight,irish
D:\Potato\IrishPotato37G_full\lateblt\lateblt1938.jpg,late_blight,irish
D:\Potato\IrishPotato37G_full\healthy\healthy5186.jpg,healthy,irish
D:\Potato\IrishPotato37G_full\earlyblt\earlyblt955.jpg,early_blight,irish
D:\Potato\IrishPotato37G_full\healthy\healthy3375.jpg,healthy,irish
D:\Potato\IrishPotato37G_full\lateblt\lateblt1492.jpg,late_blight,irish
D:\Potato\IrishPotato37G_full\healthy\healthy1543.jpg,healthy,irish
D:\Potato\IrishPotato37G_full\earlyblt\earlyblt890.jpg,early_blight,irish
D:\Potato\IrishPotato37G_full\lateblt\lateblt2523.jpg,late_blight,irish
D:\Potato\IrishPotato37G_full\healthy\healthy3153.jpg,healthy,irish
D:\Potato\IrishPotato37G_full\earlyblt\earlyblt2804.jpg,early_blight,irish
D:\Potato\IrishPotato37G_full\earlyblt\earlyblt989.jpg,early_blight,irish
D:\Potato\IrishPotato37G_full\earlyblt\earlyblt6268.jpg,early_blight,irish
D:\Potato\non_leaf\coco_person\000000579321.jpg,non_leaf,coco_person
D:\Potato\IrishPotato37G_full\lateblt\lateblt2995.jpg,late_blight,irish
D:\Potato\IrishPotato37G_full\earlyblt\earlyblt6741.jpg,early_blight,irish
D:\Potato\IrishPotato37G_full\healthy\healthy4825.jpg,healthy,irish
D:\Potato\IrishPotato37G_full\earlyblt\earlyblt228.jpg,early_blight,irish
D:\Potato\IrishPotato37G_full\lateblt\lateblt769.jpg,late_blight,irish
D:\Potato\IrishPotato37G_full\lateblt\lateblt5049.jpg,late_blight,irish
D:\Potato\IrishPotato37G_full\healthy\healthy3171.jpg,healthy,irish
D:\Potato\IrishPotato37G_full\earlyblt\earlyblt2042.jpg,early_blight,irish
D:\Potato\non_leaf\coco_person\000000500716.jpg,non_leaf,coco_person
D:\Potato\IrishPotato37G_full\lateblt\lateblt1914.jpg,late_blight,irish
D:\Potato\IrishPotato37G_full\earlyblt\earlyblt2602.jpg,early_blight,irish
D:\Potato\IrishPotato37G_full\healthy\healthy4166.jpg,healthy,irish
D:\Potato\IrishPotato37G_full\earlyblt\earlyblt2236.jpg,early_blight,irish
D:\Potato\IrishPotato37G_full\healthy\healthy3113.jpg,healthy,irish
D:\Potato\IrishPotato37G_full\earlyblt\earlyblt6432.jpg,early_blight,irish
D:\Potato\IrishPotato37G_full\earlyblt\earlyblt2766.jpg,early_blight,irish
D:\Potato\IrishPotato37G_full\lateblt\lateblt1119.jpg,late_blight,irish
D:\Potato\IrishPotato37G_full\lateblt\lateblt2703.jpg,late_blight,irish
D:\Potato\IrishPotato37G_full\lateblt\lateblt77.jpg,late_blight,irish
D:\Potato\IrishPotato37G_full\lateblt\lateblt5030.jpg,late_blight,irish
D:\Potato\IrishPotato37G_full\lateblt\lateblt1523.jpg,late_blight,irish
D:\Potato\IrishPotato37G_full\healthy\healthy2055.jpg,healthy,irish
D:\Potato\IrishPotato37G_full\lateblt\lateblt1495.jpg,late_blight,irish
D:\Potato\IrishPotato37G_full\lateblt\lateblt799.jpg,late_blight,irish
D:\Potato\IrishPotato37G_full\healthy\healthy5105.jpg,healthy,irish
D:\Potato\IrishPotato37G_full\lateblt\lateblt1150.jpg,late_blight,irish
D:\Potato\IrishPotato37G_full\lateblt\lateblt2848.jpg,late_blight,irish
D:\Potato\IrishPotato37G_full\healthy\healthy4659.jpg,healthy,irish
D:\Potato\IrishPotato37G_full\lateblt\lateblt2555.jpg,late_blight,irish
D:\Potato\IrishPotato37G_full\lateblt\lateblt132.jpg,late_blight,irish
D:\Potato\IrishPotato37G_full\lateblt\lateblt2001.jpg,late_blight,irish
D:\Potato\IrishPotato37G_full\healthy\healthy2302.jpg,healthy,irish
D:\Potato\IrishPotato37G_full\lateblt\lateblt659.jpg,late_blight,irish
D:\Potato\IrishPotato37G_full\healthy\healthy2712.jpg,healthy,irish
D:\Potato\IrishPotato37G_full\earlyblt\earlyblt2575.jpg,early_blight,irish
D:\Potato\IrishPotato37G_full\lateblt\lateblt2919.jpg,late_blight,irish
D:\Potato\IrishPotato37G_full\earlyblt\earlyblt330.jpg,early_blight,irish
D:\Potato\IrishPotato37G_full\lateblt\lateblt1134.jpg,late_blight,irish
D:\Potato\IrishPotato37G_full\lateblt\lateblt2027.jpg,late_blight,irish
D:\Potato\IrishPotato37G_full\healthy\healthy744.jpg,healthy,irish
D:\Potato\IrishPotato37G_full\earlyblt\earlyblt2206.jpg,early_blight,irish
D:\Potato\IrishPotato37G_full\lateblt\lateblt732.jpg,late_blight,irish
D:\Potato\non_leaf\coco_person\000000575187.jpg,non_leaf,coco_person
D:\Potato\IrishPotato37G_full\earlyblt\earlyblt6747.jpg,early_blight,irish
D:\Potato\IrishPotato37G_full\lateblt\lateblt644.jpg,late_blight,irish
D:\Potato\IrishPotato37G_full\healthy\healthy5285.jpg,healthy,irish
D:\Potato\IrishPotato37G_full\earlyblt\earlyblt961.jpg,early_blight,irish
D:\Potato\IrishPotato37G_full\healthy\healthy4004.jpg,healthy,irish
D:\Potato\IrishPotato37G_full\healthy\healthy4024.jpg,healthy,irish
D:\Potato\IrishPotato37G_full\lateblt\lateblt137.jpg,late_blight,irish
D:\Potato\IrishPotato37G_full\lateblt\lateblt536.jpg,late_blight,irish
D:\Potato\IrishPotato37G_full\healthy\healthy2993.jpg,healthy,irish
D:\Potato\IrishPotato37G_full\healthy\healthy4185.jpg,healthy,irish
D:\Potato\IrishPotato37G_full\lateblt\lateblt5004.jpg,late_blight,irish
D:\Potato\IrishPotato37G_full\healthy\healthy383.jpg,healthy,irish
D:\Potato\IrishPotato37G_full\lateblt\lateblt948.jpg,late_blight,irish
D:\Potato\IrishPotato37G_full\healthy\healthy3467.jpg,healthy,irish
D:\Potato\IrishPotato37G_full\healthy\healthy5226.jpg,healthy,irish
D:\Potato\IrishPotato37G_full\earlyblt\earlyblt6375.jpg,early_blight,irish
D:\Potato\IrishPotato37G_full\earlyblt\earlyblt6495.jpg,early_blight,irish
D:\Potato\IrishPotato37G_full\lateblt\lateblt2804.jpg,late_blight,irish
D:\Potato\IrishPotato37G_full\lateblt\lateblt2637.jpg,late_blight,irish
D:\Potato\IrishPotato37G_full\earlyblt\earlyblt272.jpg,early_blight,irish
D:\Potato\IrishPotato37G_full\earlyblt\earlyblt2370.jpg,early_blight,irish
D:\Potato\IrishPotato37G_full\healthy\healthy3520.jpg,healthy,irish
D:\Potato\IrishPotato37G_full\lateblt\lateblt2532.jpg,late_blight,irish
D:\Potato\non_leaf\coco_person\000000028993.jpg,non_leaf,coco_person
D:\Potato\IrishPotato37G_full\earlyblt\earlyblt1404.jpg,early_blight,irish
D:\Potato\IrishPotato37G_full\healthy\healthy3696.jpg,healthy,irish
D:\Potato\IrishPotato37G_full\earlyblt\earlyblt238.jpg,early_blight,irish
D:\Potato\IrishPotato37G_full\healthy\healthy2332.jpg,healthy,irish
D:\Potato\IrishPotato37G_full\earlyblt\earlyblt1194.jpg,early_blight,irish
D:\Potato\IrishPotato37G_full\earlyblt\earlyblt3066.jpg,early_blight,irish
D:\Potato\IrishPotato37G_full\lateblt\lateblt2986.jpg,late_blight,irish
D:\Potato\IrishPotato37G_full\lateblt\lateblt946.jpg,late_blight,irish
D:\Potato\IrishPotato37G_full\earlyblt\earlyblt4792.jpg,early_blight,irish
D:\Potato\IrishPotato37G_full\healthy\healthy4812.jpg,healthy,irish
D:\Potato\IrishPotato37G_full\healthy\healthy3421.jpg,healthy,irish
D:\Potato\IrishPotato37G_full\lateblt\lateblt232.jpg,late_blight,irish
D:\Potato\IrishPotato37G_full\healthy\healthy1174.jpg,healthy,irish
D:\Potato\IrishPotato37G_full\earlyblt\earlyblt1892.jpg,early_blight,irish
D:\Potato\IrishPotato37G_full\lateblt\lateblt27.jpg,late_blight,irish
D:\Potato\IrishPotato37G_full\healthy\healthy929.jpg,healthy,irish
D:\Potato\IrishPotato37G_full\healthy\healthy1243.jpg,healthy,irish
D:\Potato\IrishPotato37G_full\lateblt\lateblt2846.jpg,late_blight,irish
D:\Potato\IrishPotato37G_full\earlyblt\earlyblt2260.jpg,early_blight,irish
D:\Potato\IrishPotato37G_full\healthy\healthy3395.jpg,healthy,irish
D:\Potato\IrishPotato37G_full\lateblt\lateblt2202.jpg,late_blight,irish
D:\Potato\IrishPotato37G_full\healthy\healthy2124.jpg,healthy,irish
D:\Potato\IrishPotato37G_full\healthy\healthy4975.jpg,healthy,irish
D:\Potato\IrishPotato37G_full\lateblt\lateblt861.jpg,late_blight,irish
D:\Potato\non_leaf\coco_person\000000243867.jpg,non_leaf,coco_person
D:\Potato\IrishPotato37G_full\earlyblt\earlyblt2813.jpg,early_blight,irish
D:\Potato\IrishPotato37G_full\lateblt\lateblt5.jpg,late_blight,irish
D:\Potato\IrishPotato37G_full\lateblt\lateblt1563.jpg,late_blight,irish
D:\Potato\IrishPotato37G_full\earlyblt\earlyblt6695.jpg,early_blight,irish
D:\Potato\IrishPotato37G_full\lateblt\lateblt128.jpg,late_blight,irish
D:\Potato\IrishPotato37G_full\healthy\healthy3757.jpg,healthy,irish
D:\Potato\IrishPotato37G_full\earlyblt\earlyblt315.jpg,early_blight,irish
D:\Potato\IrishPotato37G_full\earlyblt\earlyblt2409.jpg,early_blight,irish
D:\Potato\IrishPotato37G_full\healthy\healthy2820.jpg,healthy,irish
D:\Potato\IrishPotato37G_full\healthy\healthy1231.jpg,healthy,irish
D:\Potato\IrishPotato37G_full\lateblt\lateblt445.jpg,late_blight,irish
D:\Potato\IrishPotato37G_full\healthy\healthy3117.jpg,healthy,irish
D:\Potato\IrishPotato37G_full\lateblt\lateblt273.jpg,late_blight,irish
D:\Potato\IrishPotato37G_full\healthy\healthy4242.jpg,healthy,irish
D:\Potato\IrishPotato37G_full\earlyblt\earlyblt311.jpg,early_blight,irish
D:\Potato\IrishPotato37G_full\lateblt\lateblt2566.jpg,late_blight,irish
D:\Potato\IrishPotato37G_full\earlyblt\earlyblt6266.jpg,early_blight,irish
D:\Potato\IrishPotato37G_full\earlyblt\earlyblt2313.jpg,early_blight,irish
D:\Potato\non_leaf\coco_person\000000529762.jpg,non_leaf,coco_person
D:\Potato\IrishPotato37G_full\earlyblt\earlyblt3085.jpg,early_blight,irish
D:\Potato\IrishPotato37G_full\healthy\healthy3315.jpg,healthy,irish
D:\Potato\IrishPotato37G_full\earlyblt\earlyblt1948.jpg,early_blight,irish
D:\Potato\non_leaf\coco_person\000000378139.jpg,non_leaf,coco_person
D:\Potato\IrishPotato37G_full\healthy\healthy4828.jpg,healthy,irish
D:\Potato\non_leaf\coco_person\000000484978.jpg,non_leaf,coco_person
D:\Potato\IrishPotato37G_full\earlyblt\earlyblt4937.jpg,early_blight,irish
D:\Potato\IrishPotato37G_full\earlyblt\earlyblt415.jpg,early_blight,irish
D:\Potato\non_leaf\coco_person\000000135604.jpg,non_leaf,coco_person
D:\Potato\non_leaf\coco_person\000000126226.jpg,non_leaf,coco_person
D:\Potato\IrishPotato37G_full\lateblt\lateblt2565.jpg,late_blight,irish
D:\Potato\IrishPotato37G_full\earlyblt\earlyblt2681.jpg,early_blight,irish
D:\Potato\IrishPotato37G_full\lateblt\lateblt2439.jpg,late_blight,irish
D:\Potato\IrishPotato37G_full\earlyblt\earlyblt230.jpg,early_blight,irish
D:\Potato\IrishPotato37G_full\lateblt\lateblt1124.jpg,late_blight,irish
D:\Potato\IrishPotato37G_full\lateblt\lateblt83.jpg,late_blight,irish
D:\Potato\IrishPotato37G_full\earlyblt\earlyblt733.jpg,early_blight,irish
D:\Potato\IrishPotato37G_full\healthy\healthy4152.jpg,healthy,irish
D:\Potato\IrishPotato37G_full\earlyblt\earlyblt306.jpg,early_blight,irish
D:\Potato\IrishPotato37G_full\healthy\healthy5134.jpg,healthy,irish
D:\Potato\IrishPotato37G_full\lateblt\lateblt2456.jpg,late_blight,irish
D:\Potato\IrishPotato37G_full\lateblt\lateblt2212.jpg,late_blight,irish
D:\Potato\IrishPotato37G_full\earlyblt\earlyblt1746.jpg,early_blight,irish
D:\Potato\IrishPotato37G_full\healthy\healthy3000.jpg,healthy,irish
D:\Potato\IrishPotato37G_full\earlyblt\earlyblt6610.jpg,early_blight,irish
D:\Potato\IrishPotato37G_full\earlyblt\earlyblt304.jpg,early_blight,irish
D:\Potato\IrishPotato37G_full\lateblt\lateblt283.jpg,late_blight,irish
D:\Potato\IrishPotato37G_full\lateblt\lateblt543.jpg,late_blight,irish
D:\Potato\IrishPotato37G_full\earlyblt\earlyblt3261.jpg,early_blight,irish
D:\Potato\IrishPotato37G_full\earlyblt\earlyblt2821.jpg,early_blight,irish
D:\Potato\IrishPotato37G_full\earlyblt\earlyblt6401.jpg,early_blight,irish
D:\Potato\IrishPotato37G_full\healthy\healthy5637.jpg,healthy,irish
D:\Potato\IrishPotato37G_full\lateblt\lateblt2080.jpg,late_blight,irish
D:\Potato\IrishPotato37G_full\earlyblt\earlyblt2415.jpg,early_blight,irish
D:\Potato\IrishPotato37G_full\earlyblt\earlyblt2508.jpg,early_blight,irish
D:\Potato\IrishPotato37G_full\lateblt\lateblt845.jpg,late_blight,irish
D:\Potato\IrishPotato37G_full\lateblt\lateblt1573.jpg,late_blight,irish
D:\Potato\IrishPotato37G_full\lateblt\lateblt2489.jpg,late_blight,irish
D:\Potato\IrishPotato37G_full\healthy\healthy1296.jpg,healthy,irish
D:\Potato\IrishPotato37G_full\healthy\healthy3105.jpg,healthy,irish
D:\Potato\IrishPotato37G_full\earlyblt\earlyblt3077.jpg,early_blight,irish
D:\Potato\IrishPotato37G_full\lateblt\lateblt2088.jpg,late_blight,irish
D:\Potato\IrishPotato37G_full\lateblt\lateblt2922.jpg,late_blight,irish
D:\Potato\non_leaf\coco_person\000000143931.jpg,non_leaf,coco_person
D:\Potato\IrishPotato37G_full\healthy\healthy1669.jpg,healthy,irish
D:\Potato\IrishPotato37G_full\earlyblt\earlyblt1530.jpg,early_blight,irish
D:\Potato\non_leaf\coco_person\000000328601.jpg,non_leaf,coco_person
D:\Potato\IrishPotato37G_full\lateblt\lateblt2192.jpg,late_blight,irish
D:\Potato\IrishPotato37G_full\earlyblt\earlyblt2639.jpg,early_blight,irish
D:\Potato\IrishPotato37G_full\lateblt\lateblt264.jpg,late_blight,irish
D:\Potato\IrishPotato37G_full\earlyblt\earlyblt3433.jpg,early_blight,irish
D:\Potato\IrishPotato37G_full\healthy\healthy2896.jpg,healthy,irish
D:\Potato\IrishPotato37G_full\healthy\healthy2097.jpg,healthy,irish
D:\Potato\IrishPotato37G_full\earlyblt\earlyblt1939.jpg,early_blight,irish
D:\Potato\IrishPotato37G_full\earlyblt\earlyblt3813.jpg,early_blight,irish
D:\Potato\IrishPotato37G_full\healthy\healthy936.jpg,healthy,irish
D:\Potato\IrishPotato37G_full\lateblt\lateblt279.jpg,late_blight,irish
D:\Potato\IrishPotato37G_full\healthy\healthy1289.jpg,healthy,irish
D:\Potato\IrishPotato37G_full\healthy\healthy5227.jpg,healthy,irish
D:\Potato\IrishPotato37G_full\earlyblt\earlyblt401.jpg,early_blight,irish
D:\Potato\IrishPotato37G_full\lateblt\lateblt2109.jpg,late_blight,irish
D:\Potato\IrishPotato37G_full\earlyblt\earlyblt3096.jpg,early_blight,irish
D:\Potato\IrishPotato37G_full\lateblt\lateblt618.jpg,late_blight,irish
D:\Potato\non_leaf\coco_person\000000311928.jpg,non_leaf,coco_person
D:\Potato\IrishPotato37G_full\healthy\healthy3442.jpg,healthy,irish
D:\Potato\IrishPotato37G_full\earlyblt\earlyblt1689.jpg,early_blight,irish
D:\Potato\IrishPotato37G_full\earlyblt\earlyblt704.jpg,early_blight,irish
D:\Potato\IrishPotato37G_full\lateblt\lateblt1478.jpg,late_blight,irish
D:\Potato\IrishPotato37G_full\healthy\healthy930.jpg,healthy,irish
D:\Potato\IrishPotato37G_full\earlyblt\earlyblt2324.jpg,early_blight,irish
D:\Potato\IrishPotato37G_full\lateblt\lateblt2420.jpg,late_blight,irish
D:\Potato\non_leaf\coco_person\000000521819.jpg,non_leaf,coco_person
D:\Potato\IrishPotato37G_full\earlyblt\earlyblt6924.jpg,early_blight,irish
D:\Potato\IrishPotato37G_full\lateblt\lateblt241.jpg,late_blight,irish
D:\Potato\IrishPotato37G_full\earlyblt\earlyblt2990.jpg,early_blight,irish
D:\Potato\IrishPotato37G_full\earlyblt\earlyblt4694.jpg,early_blight,irish
D:\Potato\IrishPotato37G_full\lateblt\lateblt2002.jpg,late_blight,irish
D:\Potato\IrishPotato37G_full\lateblt\lateblt1664.jpg,late_blight,irish
D:\Potato\IrishPotato37G_full\lateblt\lateblt1639.jpg,late_blight,irish
D:\Potato\IrishPotato37G_full\healthy\healthy554.jpg,healthy,irish
D:\Potato\IrishPotato37G_full\earlyblt\earlyblt2676.jpg,early_blight,irish
D:\Potato\IrishPotato37G_full\lateblt\lateblt575.jpg,late_blight,irish
D:\Potato\IrishPotato37G_full\lateblt\lateblt142.jpg,late_blight,irish
D:\Potato\IrishPotato37G_full\lateblt\lateblt965.jpg,late_blight,irish
D:\Potato\non_leaf\coco_person\000000477805.jpg,non_leaf,coco_person
D:\Potato\IrishPotato37G_full\lateblt\lateblt971.jpg,late_blight,irish
D:\Potato\IrishPotato37G_full\lateblt\lateblt2535.jpg,late_blight,irish
D:\Potato\non_leaf\coco_person\000000020571.jpg,non_leaf,coco_person
D:\Potato\IrishPotato37G_full\earlyblt\earlyblt762.jpg,early_blight,irish
D:\Potato\IrishPotato37G_full\earlyblt\earlyblt1701.jpg,early_blight,irish
D:\Potato\IrishPotato37G_full\healthy\healthy4448.jpg,healthy,irish
D:\Potato\IrishPotato37G_full\healthy\healthy3108.jpg,healthy,irish
D:\Potato\IrishPotato37G_full\lateblt\lateblt2750.jpg,late_blight,irish
D:\Potato\IrishPotato37G_full\lateblt\lateblt902.jpg,late_blight,irish
D:\Potato\IrishPotato37G_full\lateblt\lateblt2269.jpg,late_blight,irish
D:\Potato\IrishPotato37G_full\healthy\healthy1792.jpg,healthy,irish
D:\Potato\IrishPotato37G_full\lateblt\lateblt1466.jpg,late_blight,irish
D:\Potato\IrishPotato37G_full\healthy\healthy524.jpg,healthy,irish
D:\Potato\IrishPotato37G_full\earlyblt\earlyblt1456.jpg,early_blight,irish
D:\Potato\IrishPotato37G_full\healthy\healthy1567.jpg,healthy,irish
D:\Potato\IrishPotato37G_full\lateblt\lateblt2440.jpg,late_blight,irish
D:\Potato\IrishPotato37G_full\lateblt\lateblt1397.jpg,late_blight,irish
D:\Potato\IrishPotato37G_full\healthy\healthy2707.jpg,healthy,irish
D:\Potato\IrishPotato37G_full\earlyblt\earlyblt6016.jpg,early_blight,irish
D:\Potato\IrishPotato37G_full\lateblt\lateblt984.jpg,late_blight,irish
D:\Potato\IrishPotato37G_full\earlyblt\earlyblt211.jpg,early_blight,irish
D:\Potato\IrishPotato37G_full\lateblt\lateblt458.jpg,late_blight,irish
D:\Potato\IrishPotato37G_full\lateblt\lateblt181.jpg,late_blight,irish
D:\Potato\IrishPotato37G_full\earlyblt\earlyblt3119.jpg,early_blight,irish
D:\Potato\non_leaf\coco_person\000000132796.jpg,non_leaf,coco_person
D:\Potato\IrishPotato37G_full\lateblt\lateblt652.jpg,late_blight,irish
D:\Potato\IrishPotato37G_full\healthy\healthy1498.jpg,healthy,irish
D:\Potato\IrishPotato37G_full\earlyblt\earlyblt1443.jpg,early_blight,irish
D:\Potato\IrishPotato37G_full\lateblt\lateblt1971.jpg,late_blight,irish
D:\Potato\IrishPotato37G_full\earlyblt\earlyblt3891.jpg,early_blight,irish
D:\Potato\IrishPotato37G_full\earlyblt\earlyblt6338.jpg,early_blight,irish
D:\Potato\IrishPotato37G_full\healthy\healthy2466.jpg,healthy,irish
D:\Potato\IrishPotato37G_full\earlyblt\earlyblt370.jpg,early_blight,irish
D:\Potato\IrishPotato37G_full\lateblt\lateblt1997.jpg,late_blight,irish
D:\Potato\IrishPotato37G_full\healthy\healthy2200.jpg,healthy,irish
D:\Potato\IrishPotato37G_full\earlyblt\earlyblt6641.jpg,early_blight,irish
D:\Potato\IrishPotato37G_full\healthy\healthy1264.jpg,healthy,irish
D:\Potato\IrishPotato37G_full\healthy\healthy2769.jpg,healthy,irish
D:\Potato\IrishPotato37G_full\earlyblt\earlyblt6010.jpg,early_blight,irish
D:\Potato\non_leaf\coco_person\000000441442.jpg,non_leaf,coco_person
D:\Potato\IrishPotato37G_full\lateblt\lateblt81.jpg,late_blight,irish
D:\Potato\IrishPotato37G_full\healthy\healthy4157.jpg,healthy,irish
D:\Potato\IrishPotato37G_full\healthy\healthy2111.jpg,healthy,irish
D:\Potato\IrishPotato37G_full\lateblt\lateblt2572.jpg,late_blight,irish
D:\Potato\IrishPotato37G_full\lateblt\lateblt2765.jpg,late_blight,irish
D:\Potato\IrishPotato37G_full\earlyblt\earlyblt601.jpg,early_blight,irish
D:\Potato\IrishPotato37G_full\earlyblt\earlyblt1678.jpg,early_blight,irish
D:\Potato\IrishPotato37G_full\healthy\healthy4477.jpg,healthy,irish
D:\Potato\IrishPotato37G_full\lateblt\lateblt2518.jpg,late_blight,irish
D:\Potato\IrishPotato37G_full\lateblt\lateblt2673.jpg,late_blight,irish
D:\Potato\IrishPotato37G_full\healthy\healthy3331.jpg,healthy,irish
D:\Potato\IrishPotato37G_full\lateblt\lateblt1358.jpg,late_blight,irish
D:\Potato\IrishPotato37G_full\healthy\healthy542.jpg,healthy,irish
D:\Potato\IrishPotato37G_full\healthy\healthy656.jpg,healthy,irish
D:\Potato\IrishPotato37G_full\healthy\healthy1168.jpg,healthy,irish
D:\Potato\IrishPotato37G_full\lateblt\lateblt99.jpg,late_blight,irish
D:\Potato\IrishPotato37G_full\healthy\healthy578.jpg,healthy,irish
D:\Potato\IrishPotato37G_full\healthy\healthy5632.jpg,healthy,irish
D:\Potato\IrishPotato37G_full\lateblt\lateblt2495.jpg,late_blight,irish
D:\Potato\IrishPotato37G_full\lateblt\lateblt1612.jpg,late_blight,irish
D:\Potato\IrishPotato37G_full\lateblt\lateblt176.jpg,late_blight,irish
D:\Potato\IrishPotato37G_full\healthy\healthy1562.jpg,healthy,irish
D:\Potato\IrishPotato37G_full\healthy\healthy1253.jpg,healthy,irish
D:\Potato\IrishPotato37G_full\healthy\healthy2825.jpg,healthy,irish
D:\Potato\IrishPotato37G_full\lateblt\lateblt682.jpg,late_blight,irish
D:\Potato\IrishPotato37G_full\earlyblt\earlyblt1721.jpg,early_blight,irish
D:\Potato\IrishPotato37G_full\earlyblt\earlyblt1003.jpg,early_blight,irish
D:\Potato\IrishPotato37G_full\earlyblt\earlyblt6322.jpg,early_blight,irish
D:\Potato\IrishPotato37G_full\earlyblt\earlyblt2267.jpg,early_blight,irish
D:\Potato\IrishPotato37G_full\healthy\healthy5104.jpg,healthy,irish
D:\Potato\IrishPotato37G_full\healthy\healthy1783.jpg,healthy,irish
D:\Potato\IrishPotato37G_full\earlyblt\earlyblt1989.jpg,early_blight,irish
D:\Potato\IrishPotato37G_full\earlyblt\earlyblt6361.jpg,early_blight,irish
D:\Potato\IrishPotato37G_full\earlyblt\earlyblt3778.jpg,early_blight,irish
D:\Potato\IrishPotato37G_full\healthy\healthy1587.jpg,healthy,irish
D:\Potato\IrishPotato37G_full\lateblt\lateblt2101.jpg,late_blight,irish
D:\Potato\IrishPotato37G_full\earlyblt\earlyblt1831.jpg,early_blight,irish
D:\Potato\IrishPotato37G_full\healthy\healthy1489.jpg,healthy,irish
D:\Potato\IrishPotato37G_full\lateblt\lateblt2128.jpg,late_blight,irish
D:\Potato\IrishPotato37G_full\healthy\healthy4896.jpg,healthy,irish
D:\Potato\IrishPotato37G_full\healthy\healthy3972.jpg,healthy,irish
D:\Potato\IrishPotato37G_full\lateblt\lateblt2761.jpg,late_blight,irish
D:\Potato\IrishPotato37G_full\lateblt\lateblt214.jpg,late_blight,irish
D:\Potato\IrishPotato37G_full\lateblt\lateblt2742.jpg,late_blight,irish
D:\Potato\IrishPotato37G_full\earlyblt\earlyblt3879.jpg,early_blight,irish
D:\Potato\IrishPotato37G_full\lateblt\lateblt787.jpg,late_blight,irish
D:\Potato\IrishPotato37G_full\earlyblt\earlyblt6374.jpg,early_blight,irish
D:\Potato\IrishPotato37G_full\healthy\healthy4163.jpg,healthy,irish
D:\Potato\IrishPotato37G_full\earlyblt\earlyblt942.jpg,early_blight,irish
D:\Potato\IrishPotato37G_full\lateblt\lateblt669.jpg,late_blight,irish
D:\Potato\IrishPotato37G_full\lateblt\lateblt2040.jpg,late_blight,irish
D:\Potato\IrishPotato37G_full\healthy\healthy543.jpg,healthy,irish
D:\Potato\IrishPotato37G_full\earlyblt\earlyblt826.jpg,early_blight,irish
D:\Potato\IrishPotato37G_full\healthy\healthy2328.jpg,healthy,irish
D:\Potato\IrishPotato37G_full\healthy\healthy3139.jpg,healthy,irish
D:\Potato\IrishPotato37G_full\lateblt\lateblt2021.jpg,late_blight,irish
D:\Potato\IrishPotato37G_full\lateblt\lateblt2240.jpg,late_blight,irish
D:\Potato\IrishPotato37G_full\lateblt\lateblt2662.jpg,late_blight,irish
D:\Potato\IrishPotato37G_full\earlyblt\earlyblt2818.jpg,early_blight,irish
D:\Potato\non_leaf\coco_person\000000081594.jpg,non_leaf,coco_person
D:\Potato\IrishPotato37G_full\lateblt\lateblt2432.jpg,late_blight,irish
D:\Potato\IrishPotato37G_full\healthy\healthy5612.jpg,healthy,irish
D:\Potato\IrishPotato37G_full\lateblt\lateblt1177.jpg,late_blight,irish
D:\Potato\IrishPotato37G_full\healthy\healthy306.jpg,healthy,irish
D:\Potato\IrishPotato37G_full\lateblt\lateblt2144.jpg,late_blight,irish
D:\Potato\IrishPotato37G_full\healthy\healthy2069.jpg,healthy,irish
D:\Potato\IrishPotato37G_full\healthy\healthy5199.jpg,healthy,irish
D:\Potato\IrishPotato37G_full\lateblt\lateblt1533.jpg,late_blight,irish
D:\Potato\IrishPotato37G_full\lateblt\lateblt2562.jpg,late_blight,irish
D:\Potato\IrishPotato37G_full\lateblt\lateblt721.jpg,late_blight,irish
D:\Potato\IrishPotato37G_full\lateblt\lateblt1378.jpg,late_blight,irish
D:\Potato\IrishPotato37G_full\earlyblt\earlyblt296.jpg,early_blight,irish
D:\Potato\IrishPotato37G_full\lateblt\lateblt2230.jpg,late_blight,irish
D:\Potato\IrishPotato37G_full\lateblt\lateblt2227.jpg,late_blight,irish
D:\Potato\IrishPotato37G_full\lateblt\lateblt218.jpg,late_blight,irish
D:\Potato\IrishPotato37G_full\lateblt\lateblt1157.jpg,late_blight,irish
D:\Potato\IrishPotato37G_full\lateblt\lateblt481.jpg,late_blight,irish
D:\Potato\IrishPotato37G_full\healthy\healthy793.jpg,healthy,irish
D:\Potato\IrishPotato37G_full\lateblt\lateblt701.jpg,late_blight,irish
D:\Potato\IrishPotato37G_full\healthy\healthy2492.jpg,healthy,irish
D:\Potato\IrishPotato37G_full\lateblt\lateblt2718.jpg,late_blight,irish
D:\Potato\IrishPotato37G_full\earlyblt\earlyblt3989.jpg,early_blight,irish
D:\Potato\non_leaf\coco_person\000000160864.jpg,non_leaf,coco_person
D:\Potato\IrishPotato37G_full\healthy\healthy3556.jpg,healthy,irish
D:\Potato\IrishPotato37G_full\healthy\healthy1598.jpg,healthy,irish
D:\Potato\IrishPotato37G_full\healthy\healthy4865.jpg,healthy,irish
D:\Potato\IrishPotato37G_full\lateblt\lateblt1105.jpg,late_blight,irish
D:\Potato\IrishPotato37G_full\earlyblt\earlyblt656.jpg,early_blight,irish
D:\Potato\IrishPotato37G_full\earlyblt\earlyblt2699.jpg,early_blight,irish
D:\Potato\IrishPotato37G_full\lateblt\lateblt2257.jpg,late_blight,irish
D:\Potato\IrishPotato37G_full\healthy\healthy605.jpg,healthy,irish
D:\Potato\IrishPotato37G_full\lateblt\lateblt823.jpg,late_blight,irish
D:\Potato\IrishPotato37G_full\healthy\healthy1196.jpg,healthy,irish
D:\Potato\IrishPotato37G_full\earlyblt\earlyblt5897.jpg,early_blight,irish
D:\Potato\IrishPotato37G_full\healthy\healthy657.jpg,healthy,irish
D:\Potato\IrishPotato37G_full\lateblt\lateblt510.jpg,late_blight,irish
D:\Potato\IrishPotato37G_full\earlyblt\earlyblt3567.jpg,early_blight,irish
D:\Potato\IrishPotato37G_full\healthy\healthy3969.jpg,healthy,irish
D:\Potato\IrishPotato37G_full\earlyblt\earlyblt2364.jpg,early_blight,irish
D:\Potato\IrishPotato37G_full\healthy\healthy164.jpg,healthy,irish
D:\Potato\IrishPotato37G_full\lateblt\lateblt2999.jpg,late_blight,irish
D:\Potato\IrishPotato37G_full\earlyblt\earlyblt202.jpg,early_blight,irish
D:\Potato\IrishPotato37G_full\healthy\healthy2912.jpg,healthy,irish
D:\Potato\non_leaf\coco_person\000000239717.jpg,non_leaf,coco_person
D:\Potato\non_leaf\coco_person\000000093717.jpg,non_leaf,coco_person
D:\Potato\IrishPotato37G_full\lateblt\lateblt553.jpg,late_blight,irish
D:\Potato\IrishPotato37G_full\earlyblt\earlyblt1133.jpg,early_blight,irish
D:\Potato\IrishPotato37G_full\lateblt\lateblt563.jpg,late_blight,irish
D:\Potato\IrishPotato37G_full\healthy\healthy4331.jpg,healthy,irish
D:\Potato\IrishPotato37G_full\healthy\healthy3006.jpg,healthy,irish
D:\Potato\IrishPotato37G_full\lateblt\lateblt484.jpg,late_blight,irish
D:\Potato\IrishPotato37G_full\healthy\healthy2440.jpg,healthy,irish
D:\Potato\IrishPotato37G_full\healthy\healthy1584.jpg,healthy,irish
D:\Potato\IrishPotato37G_full\healthy\healthy1639.jpg,healthy,irish
D:\Potato\IrishPotato37G_full\healthy\healthy2068.jpg,healthy,irish
D:\Potato\IrishPotato37G_full\lateblt\lateblt2643.jpg,late_blight,irish
D:\Potato\non_leaf\coco_person\000000319607.jpg,non_leaf,coco_person
D:\Potato\IrishPotato37G_full\lateblt\lateblt773.jpg,late_blight,irish
D:\Potato\IrishPotato37G_full\healthy\healthy4180.jpg,healthy,irish
D:\Potato\IrishPotato37G_full\lateblt\lateblt1616.jpg,late_blight,irish
D:\Potato\IrishPotato37G_full\lateblt\lateblt781.jpg,late_blight,irish
D:\Potato\IrishPotato37G_full\earlyblt\earlyblt1938.jpg,early_blight,irish
D:\Potato\IrishPotato37G_full\lateblt\lateblt712.jpg,late_blight,irish
D:\Potato\IrishPotato37G_full\healthy\healthy3363.jpg,healthy,irish
D:\Potato\IrishPotato37G_full\lateblt\lateblt2531.jpg,late_blight,irish
D:\Potato\IrishPotato37G_full\lateblt\lateblt935.jpg,late_blight,irish
D:\Potato\IrishPotato37G_full\lateblt\lateblt2092.jpg,late_blight,irish
D:\Potato\IrishPotato37G_full\lateblt\lateblt2170.jpg,late_blight,irish
D:\Potato\IrishPotato37G_full\healthy\healthy1126.jpg,healthy,irish
D:\Potato\IrishPotato37G_full\healthy\healthy713.jpg,healthy,irish
D:\Potato\IrishPotato37G_full\earlyblt\earlyblt2245.jpg,early_blight,irish
D:\Potato\IrishPotato37G_full\healthy\healthy1163.jpg,healthy,irish
D:\Potato\IrishPotato37G_full\healthy\healthy1134.jpg,healthy,irish
D:\Potato\IrishPotato37G_full\earlyblt\earlyblt3025.jpg,early_blight,irish
D:\Potato\IrishPotato37G_full\healthy\healthy4951.jpg,healthy,irish
D:\Potato\IrishPotato37G_full\lateblt\lateblt182.jpg,late_blight,irish
D:\Potato\IrishPotato37G_full\earlyblt\earlyblt861.jpg,early_blight,irish
D:\Potato\IrishPotato37G_full\healthy\healthy2148.jpg,healthy,irish
D:\Potato\IrishPotato37G_full\healthy\healthy2071.jpg,healthy,irish
D:\Potato\IrishPotato37G_full\lateblt\lateblt5062.jpg,late_blight,irish
D:\Potato\IrishPotato37G_full\healthy\healthy1352.jpg,healthy,irish
D:\Potato\IrishPotato37G_full\healthy\healthy4335.jpg,healthy,irish
D:\Potato\IrishPotato37G_full\earlyblt\earlyblt3242.jpg,early_blight,irish
D:\Potato\IrishPotato37G_full\earlyblt\earlyblt1992.jpg,early_blight,irish
D:\Potato\IrishPotato37G_full\healthy\healthy521.jpg,healthy,irish
D:\Potato\IrishPotato37G_full\healthy\healthy4498.jpg,healthy,irish
D:\Potato\IrishPotato37G_full\earlyblt\earlyblt3970.jpg,early_blight,irish
D:\Potato\IrishPotato37G_full\earlyblt\earlyblt6391.jpg,early_blight,irish
D:\Potato\IrishPotato37G_full\lateblt\lateblt789.jpg,late_blight,irish
D:\Potato\IrishPotato37G_full\lateblt\lateblt2779.jpg,late_blight,irish
D:\Potato\IrishPotato37G_full\healthy\healthy1291.jpg,healthy,irish
D:\Potato\IrishPotato37G_full\lateblt\lateblt2464.jpg,late_blight,irish
D:\Potato\IrishPotato37G_full\healthy\healthy4018.jpg,healthy,irish
D:\Potato\IrishPotato37G_full\lateblt\lateblt2471.jpg,late_blight,irish
D:\Potato\IrishPotato37G_full\healthy\healthy1138.jpg,healthy,irish
D:\Potato\IrishPotato37G_full\lateblt\lateblt1120.jpg,late_blight,irish
D:\Potato\IrishPotato37G_full\healthy\healthy904.jpg,healthy,irish
D:\Potato\IrishPotato37G_full\lateblt\lateblt882.jpg,late_blight,irish
D:\Potato\IrishPotato37G_full\healthy\healthy3545.jpg,healthy,irish
D:\Potato\IrishPotato37G_full\lateblt\lateblt1493.jpg,late_blight,irish
D:\Potato\IrishPotato37G_full\earlyblt\earlyblt3478.jpg,early_blight,irish
D:\Potato\IrishPotato37G_full\earlyblt\earlyblt1661.jpg,early_blight,irish
D:\Potato\IrishPotato37G_full\earlyblt\earlyblt1793.jpg,early_blight,irish
D:\Potato\IrishPotato37G_full\earlyblt\earlyblt6049.jpg,early_blight,irish
D:\Potato\IrishPotato37G_full\healthy\healthy2722.jpg,healthy,irish
D:\Potato\IrishPotato37G_full\earlyblt\earlyblt6685.jpg,early_blight,irish
D:\Potato\IrishPotato37G_full\earlyblt\earlyblt213.jpg,early_blight,irish
D:\Potato\IrishPotato37G_full\lateblt\lateblt266.jpg,late_blight,irish
D:\Potato\IrishPotato37G_full\healthy\healthy534.jpg,healthy,irish
D:\Potato\IrishPotato37G_full\earlyblt\earlyblt6710.jpg,early_blight,irish
D:\Potato\IrishPotato37G_full\lateblt\lateblt2111.jpg,late_blight,irish
D:\Potato\IrishPotato37G_full\lateblt\lateblt2550.jpg,late_blight,irish
D:\Potato\IrishPotato37G_full\earlyblt\earlyblt3030.jpg,early_blight,irish
D:\Potato\IrishPotato37G_full\lateblt\lateblt404.jpg,late_blight,irish
D:\Potato\IrishPotato37G_full\lateblt\lateblt2775.jpg,late_blight,irish
D:\Potato\IrishPotato37G_full\healthy\healthy5219.jpg,healthy,irish
D:\Potato\IrishPotato37G_full\lateblt\lateblt1474.jpg,late_blight,irish
D:\Potato\IrishPotato37G_full\lateblt\lateblt152.jpg,late_blight,irish
D:\Potato\non_leaf\coco_person\000000068409.jpg,non_leaf,coco_person
D:\Potato\IrishPotato37G_full\lateblt\lateblt289.jpg,late_blight,irish
D:\Potato\IrishPotato37G_full\earlyblt\earlyblt6283.jpg,early_blight,irish
D:\Potato\IrishPotato37G_full\lateblt\lateblt2157.jpg,late_blight,irish
D:\Potato\IrishPotato37G_full\lateblt\lateblt1589.jpg,late_blight,irish
D:\Potato\IrishPotato37G_full\healthy\healthy622.jpg,healthy,irish
D:\Potato\non_leaf\coco_person\000000079031.jpg,non_leaf,coco_person
D:\Potato\IrishPotato37G_full\lateblt\lateblt731.jpg,late_blight,irish
D:\Potato\IrishPotato37G_full\lateblt\lateblt1440.jpg,late_blight,irish
D:\Potato\IrishPotato37G_full\lateblt\lateblt493.jpg,late_blight,irish
D:\Potato\IrishPotato37G_full\lateblt\lateblt1361.jpg,late_blight,irish
D:\Potato\IrishPotato37G_full\lateblt\lateblt1411.jpg,late_blight,irish
D:\Potato\IrishPotato37G_full\healthy\healthy3135.jpg,healthy,irish
D:\Potato\IrishPotato37G_full\lateblt\lateblt2833.jpg,late_blight,irish
D:\Potato\IrishPotato37G_full\lateblt\lateblt1354.jpg,late_blight,irish
D:\Potato\IrishPotato37G_full\healthy\healthy4143.jpg,healthy,irish
D:\Potato\IrishPotato37G_full\healthy\healthy3720.jpg,healthy,irish
D:\Potato\IrishPotato37G_full\lateblt\lateblt2039.jpg,late_blight,irish
D:\Potato\IrishPotato37G_full\healthy\healthy3691.jpg,healthy,irish
D:\Potato\IrishPotato37G_full\lateblt\lateblt2830.jpg,late_blight,irish
D:\Potato\IrishPotato37G_full\earlyblt\earlyblt2331.jpg,early_blight,irish
D:\Potato\IrishPotato37G_full\healthy\healthy3585.jpg,healthy,irish
D:\Potato\IrishPotato37G_full\earlyblt\earlyblt1178.jpg,early_blight,irish
D:\Potato\IrishPotato37G_full\earlyblt\earlyblt6325.jpg,early_blight,irish
D:\Potato\IrishPotato37G_full\earlyblt\earlyblt3181.jpg,early_blight,irish
D:\Potato\IrishPotato37G_full\lateblt\lateblt2049.jpg,late_blight,irish
D:\Potato\IrishPotato37G_full\earlyblt\earlyblt3915.jpg,early_blight,irish
D:\Potato\IrishPotato37G_full\lateblt\lateblt262.jpg,late_blight,irish
D:\Potato\non_leaf\coco_person\000000142585.jpg,non_leaf,coco_person
D:\Potato\IrishPotato37G_full\lateblt\lateblt768.jpg,late_blight,irish
D:\Potato\IrishPotato37G_full\healthy\healthy4843.jpg,healthy,irish
D:\Potato\IrishPotato37G_full\healthy\healthy2283.jpg,healthy,irish
D:\Potato\IrishPotato37G_full\lateblt\lateblt2946.jpg,late_blight,irish
D:\Potato\IrishPotato37G_full\lateblt\lateblt2252.jpg,late_blight,irish
D:\Potato\non_leaf\coco_person\000000009772.jpg,non_leaf,coco_person
D:\Potato\IrishPotato37G_full\earlyblt\earlyblt1774.jpg,early_blight,irish
D:\Potato\IrishPotato37G_full\lateblt\lateblt1638.jpg,late_blight,irish
D:\Potato\IrishPotato37G_full\earlyblt\earlyblt2113.jpg,early_blight,irish
D:\Potato\IrishPotato37G_full\earlyblt\earlyblt3084.jpg,early_blight,irish
D:\Potato\IrishPotato37G_full\lateblt\lateblt680.jpg,late_blight,irish
D:\Potato\IrishPotato37G_full\lateblt\lateblt159.jpg,late_blight,irish
D:\Potato\IrishPotato37G_full\earlyblt\earlyblt4954.jpg,early_blight,irish
D:\Potato\IrishPotato37G_full\earlyblt\earlyblt3712.jpg,early_blight,irish
D:\Potato\IrishPotato37G_full\earlyblt\earlyblt4691.jpg,early_blight,irish
D:\Potato\IrishPotato37G_full\earlyblt\earlyblt3130.jpg,early_blight,irish
D:\Potato\IrishPotato37G_full\healthy\healthy3174.jpg,healthy,irish
D:\Potato\IrishPotato37G_full\lateblt\lateblt2509.jpg,late_blight,irish
D:\Potato\IrishPotato37G_full\earlyblt\earlyblt1951.jpg,early_blight,irish
D:\Potato\IrishPotato37G_full\healthy\healthy3786.jpg,healthy,irish
D:\Potato\IrishPotato37G_full\healthy\healthy852.jpg,healthy,irish
D:\Potato\IrishPotato37G_full\lateblt\lateblt2934.jpg,late_blight,irish
D:\Potato\IrishPotato37G_full\lateblt\lateblt973.jpg,late_blight,irish
D:\Potato\IrishPotato37G_full\healthy\healthy4743.jpg,healthy,irish
D:\Potato\IrishPotato37G_full\earlyblt\earlyblt6985.jpg,early_blight,irish
D:\Potato\IrishPotato37G_full\healthy\healthy1799.jpg,healthy,irish
D:\Potato\IrishPotato37G_full\healthy\healthy2233.jpg,healthy,irish
D:\Potato\IrishPotato37G_full\earlyblt\earlyblt2578.jpg,early_blight,irish
D:\Potato\IrishPotato37G_full\earlyblt\earlyblt809.jpg,early_blight,irish
D:\Potato\IrishPotato37G_full\earlyblt\earlyblt3105.jpg,early_blight,irish
D:\Potato\IrishPotato37G_full\healthy\healthy3052.jpg,healthy,irish
D:\Potato\IrishPotato37G_full\lateblt\lateblt1102.jpg,late_blight,irish
D:\Potato\IrishPotato37G_full\earlyblt\earlyblt4719.jpg,early_blight,irish
D:\Potato\IrishPotato37G_full\lateblt\lateblt2737.jpg,late_blight,irish
D:\Potato\IrishPotato37G_full\lateblt\lateblt772.jpg,late_blight,irish
D:\Potato\IrishPotato37G_full\healthy\healthy4970.jpg,healthy,irish
D:\Potato\IrishPotato37G_full\healthy\healthy2954.jpg,healthy,irish
D:\Potato\IrishPotato37G_full\earlyblt\earlyblt6726.jpg,early_blight,irish
D:\Potato\IrishPotato37G_full\healthy\healthy2235.jpg,healthy,irish
D:\Potato\IrishPotato37G_full\lateblt\lateblt2299.jpg,late_blight,irish
D:\Potato\IrishPotato37G_full\lateblt\lateblt867.jpg,late_blight,irish
D:\Potato\IrishPotato37G_full\earlyblt\earlyblt4942.jpg,early_blight,irish
D:\Potato\IrishPotato37G_full\earlyblt\earlyblt6009.jpg,early_blight,irish
D:\Potato\IrishPotato37G_full\lateblt\lateblt1425.jpg,late_blight,irish
D:\Potato\IrishPotato37G_full\healthy\healthy4928.jpg,healthy,irish
D:\Potato\non_leaf\coco_person\000000388056.jpg,non_leaf,coco_person
D:\Potato\IrishPotato37G_full\earlyblt\earlyblt2063.jpg,early_blight,irish
D:\Potato\IrishPotato37G_full\healthy\healthy1436.jpg,healthy,irish
D:\Potato\IrishPotato37G_full\healthy\healthy618.jpg,healthy,irish
D:\Potato\IrishPotato37G_full\healthy\healthy5405.jpg,healthy,irish
D:\Potato\IrishPotato37G_full\earlyblt\earlyblt6680.jpg,early_blight,irish
D:\Potato\IrishPotato37G_full\healthy\healthy4729.jpg,healthy,irish
D:\Potato\IrishPotato37G_full\healthy\healthy1559.jpg,healthy,irish
D:\Potato\IrishPotato37G_full\lateblt\lateblt59.jpg,late_blight,irish
D:\Potato\IrishPotato37G_full\earlyblt\earlyblt6486.jpg,early_blight,irish
D:\Potato\IrishPotato37G_full\lateblt\lateblt2497.jpg,late_blight,irish
D:\Potato\IrishPotato37G_full\lateblt\lateblt2208.jpg,late_blight,irish
D:\Potato\non_leaf\coco_person\000000297595.jpg,non_leaf,coco_person
D:\Potato\IrishPotato37G_full\healthy\healthy2878.jpg,healthy,irish
D:\Potato\IrishPotato37G_full\earlyblt\earlyblt4709.jpg,early_blight,irish
D:\Potato\IrishPotato37G_full\earlyblt\earlyblt4908.jpg,early_blight,irish
D:\Potato\IrishPotato37G_full\earlyblt\earlyblt1138.jpg,early_blight,irish
D:\Potato\IrishPotato37G_full\healthy\healthy2333.jpg,healthy,irish
D:\Potato\non_leaf\coco_person\000000140583.jpg,non_leaf,coco_person
D:\Potato\IrishPotato37G_full\earlyblt\earlyblt1174.jpg,early_blight,irish
D:\Potato\IrishPotato37G_full\healthy\healthy4314.jpg,healthy,irish
D:\Potato\IrishPotato37G_full\healthy\healthy722.jpg,healthy,irish
D:\Potato\IrishPotato37G_full\healthy\healthy5453.jpg,healthy,irish
D:\Potato\IrishPotato37G_full\healthy\healthy1503.jpg,healthy,irish
D:\Potato\non_leaf\coco_person\000000493442.jpg,non_leaf,coco_person
D:\Potato\IrishPotato37G_full\healthy\healthy3597.jpg,healthy,irish
D:\Potato\IrishPotato37G_full\healthy\healthy3493.jpg,healthy,irish
D:\Potato\IrishPotato37G_full\lateblt\lateblt23.jpg,late_blight,irish
D:\Potato\IrishPotato37G_full\healthy\healthy2449.jpg,healthy,irish
D:\Potato\IrishPotato37G_full\lateblt\lateblt18.jpg,late_blight,irish
D:\Potato\IrishPotato37G_full\lateblt\lateblt1622.jpg,late_blight,irish
D:\Potato\IrishPotato37G_full\lateblt\lateblt428.jpg,late_blight,irish
D:\Potato\IrishPotato37G_full\lateblt\lateblt2180.jpg,late_blight,irish
D:\Potato\IrishPotato37G_full\healthy\healthy2527.jpg,healthy,irish
D:\Potato\IrishPotato37G_full\lateblt\lateblt2136.jpg,late_blight,irish
D:\Potato\IrishPotato37G_full\healthy\healthy1707.jpg,healthy,irish
D:\Potato\IrishPotato37G_full\healthy\healthy96.jpg,healthy,irish
D:\Potato\IrishPotato37G_full\earlyblt\earlyblt2272.jpg,early_blight,irish
D:\Potato\IrishPotato37G_full\lateblt\lateblt1308.jpg,late_blight,irish
D:\Potato\IrishPotato37G_full\lateblt\lateblt2115.jpg,late_blight,irish
D:\Potato\non_leaf\coco_person\000000297147.jpg,non_leaf,coco_person
D:\Potato\IrishPotato37G_full\lateblt\lateblt2647.jpg,late_blight,irish
D:\Potato\IrishPotato37G_full\lateblt\lateblt2239.jpg,late_blight,irish
D:\Potato\IrishPotato37G_full\healthy\healthy2999.jpg,healthy,irish
D:\Potato\IrishPotato37G_full\lateblt\lateblt2712.jpg,late_blight,irish
D:\Potato\IrishPotato37G_full\healthy\healthy2355.jpg,healthy,irish
D:\Potato\IrishPotato37G_full\earlyblt\earlyblt2407.jpg,early_blight,irish
D:\Potato\IrishPotato37G_full\lateblt\lateblt1483.jpg,late_blight,irish
D:\Potato\IrishPotato37G_full\healthy\healthy526.jpg,healthy,irish
D:\Potato\IrishPotato37G_full\earlyblt\earlyblt4914.jpg,early_blight,irish
D:\Potato\IrishPotato37G_full\healthy\healthy1719.jpg,healthy,irish
D:\Potato\non_leaf\coco_person\000000476514.jpg,non_leaf,coco_person
D:\Potato\IrishPotato37G_full\lateblt\lateblt1902.jpg,late_blight,irish
D:\Potato\IrishPotato37G_full\lateblt\lateblt1414.jpg,late_blight,irish
D:\Potato\IrishPotato37G_full\healthy\healthy5410.jpg,healthy,irish
D:\Potato\IrishPotato37G_full\healthy\healthy2304.jpg,healthy,irish
D:\Potato\IrishPotato37G_full\earlyblt\earlyblt2240.jpg,early_blight,irish
D:\Potato\IrishPotato37G_full\earlyblt\earlyblt2956.jpg,early_blight,irish
D:\Potato\IrishPotato37G_full\lateblt\lateblt944.jpg,late_blight,irish
D:\Potato\IrishPotato37G_full\healthy\healthy4912.jpg,healthy,irish
D:\Potato\IrishPotato37G_full\earlyblt\earlyblt2357.jpg,early_blight,irish
D:\Potato\IrishPotato37G_full\healthy\healthy4883.jpg,healthy,irish
D:\Potato\IrishPotato37G_full\earlyblt\earlyblt2101.jpg,early_blight,irish
D:\Potato\IrishPotato37G_full\healthy\healthy4204.jpg,healthy,irish
D:\Potato\IrishPotato37G_full\lateblt\lateblt2639.jpg,late_blight,irish
D:\Potato\IrishPotato37G_full\healthy\healthy667.jpg,healthy,irish
D:\Potato\IrishPotato37G_full\healthy\healthy3648.jpg,healthy,irish
D:\Potato\IrishPotato37G_full\earlyblt\earlyblt3834.jpg,early_blight,irish
D:\Potato\IrishPotato37G_full\earlyblt\earlyblt2969.jpg,early_blight,irish
D:\Potato\IrishPotato37G_full\earlyblt\earlyblt1814.jpg,early_blight,irish
D:\Potato\IrishPotato37G_full\earlyblt\earlyblt750.jpg,early_blight,irish
D:\Potato\IrishPotato37G_full\earlyblt\earlyblt859.jpg,early_blight,irish
D:\Potato\IrishPotato37G_full\healthy\healthy3335.jpg,healthy,irish
D:\Potato\non_leaf\coco_person\000000057760.jpg,non_leaf,coco_person
D:\Potato\IrishPotato37G_full\healthy\healthy2366.jpg,healthy,irish
D:\Potato\non_leaf\coco_person\000000439994.jpg,non_leaf,coco_person
D:\Potato\IrishPotato37G_full\earlyblt\earlyblt4831.jpg,early_blight,irish
D:\Potato\non_leaf\coco_person\000000134886.jpg,non_leaf,coco_person
D:\Potato\IrishPotato37G_full\lateblt\lateblt975.jpg,late_blight,irish
D:\Potato\IrishPotato37G_full\earlyblt\earlyblt2570.jpg,early_blight,irish
D:\Potato\IrishPotato37G_full\earlyblt\earlyblt1749.jpg,early_blight,irish
D:\Potato\IrishPotato37G_full\earlyblt\earlyblt660.jpg,early_blight,irish
D:\Potato\IrishPotato37G_full\earlyblt\earlyblt2352.jpg,early_blight,irish
D:\Potato\IrishPotato37G_full\healthy\healthy4320.jpg,healthy,irish
D:\Potato\IrishPotato37G_full\lateblt\lateblt2461.jpg,late_blight,irish
D:\Potato\IrishPotato37G_full\lateblt\lateblt460.jpg,late_blight,irish
D:\Potato\IrishPotato37G_full\lateblt\lateblt784.jpg,late_blight,irish
D:\Potato\non_leaf\coco_person\000000552775.jpg,non_leaf,coco_person
D:\Potato\IrishPotato37G_full\lateblt\lateblt657.jpg,late_blight,irish
D:\Potato\IrishPotato37G_full\earlyblt\earlyblt3835.jpg,early_blight,irish
D:\Potato\IrishPotato37G_full\lateblt\lateblt1571.jpg,late_blight,irish
D:\Potato\IrishPotato37G_full\earlyblt\earlyblt1520.jpg,early_blight,irish
D:\Potato\IrishPotato37G_full\lateblt\lateblt2659.jpg,late_blight,irish
D:\Potato\IrishPotato37G_full\lateblt\lateblt426.jpg,late_blight,irish
D:\Potato\IrishPotato37G_full\lateblt\lateblt710.jpg,late_blight,irish
D:\Potato\IrishPotato37G_full\earlyblt\earlyblt124.jpg,early_blight,irish
D:\Potato\IrishPotato37G_full\healthy\healthy4181.jpg,healthy,irish
D:\Potato\IrishPotato37G_full\healthy\healthy4693.jpg,healthy,irish
D:\Potato\IrishPotato37G_full\lateblt\lateblt2142.jpg,late_blight,irish
D:\Potato\IrishPotato37G_full\lateblt\lateblt1955.jpg,late_blight,irish
D:\Potato\IrishPotato37G_full\earlyblt\earlyblt6921.jpg,early_blight,irish
D:\Potato\IrishPotato37G_full\lateblt\lateblt2073.jpg,late_blight,irish
D:\Potato\IrishPotato37G_full\healthy\healthy1709.jpg,healthy,irish
D:\Potato\IrishPotato37G_full\lateblt\lateblt98.jpg,late_blight,irish
D:\Potato\IrishPotato37G_full\lateblt\lateblt147.jpg,late_blight,irish
D:\Potato\IrishPotato37G_full\healthy\healthy1775.jpg,healthy,irish
D:\Potato\IrishPotato37G_full\lateblt\lateblt2950.jpg,late_blight,irish
D:\Potato\IrishPotato37G_full\earlyblt\earlyblt899.jpg,early_blight,irish
D:\Potato\IrishPotato37G_full\healthy\healthy4699.jpg,healthy,irish
D:\Potato\IrishPotato37G_full\lateblt\lateblt524.jpg,late_blight,irish
D:\Potato\IrishPotato37G_full\earlyblt\earlyblt1181.jpg,early_blight,irish
D:\Potato\IrishPotato37G_full\earlyblt\earlyblt1187.jpg,early_blight,irish
D:\Potato\IrishPotato37G_full\healthy\healthy3700.jpg,healthy,irish
D:\Potato\IrishPotato37G_full\lateblt\lateblt2671.jpg,late_blight,irish
D:\Potato\IrishPotato37G_full\lateblt\lateblt869.jpg,late_blight,irish
D:\Potato\IrishPotato37G_full\lateblt\lateblt1326.jpg,late_blight,irish
D:\Potato\IrishPotato37G_full\earlyblt\earlyblt4731.jpg,early_blight,irish
D:\Potato\IrishPotato37G_full\lateblt\lateblt2528.jpg,late_blight,irish
D:\Potato\IrishPotato37G_full\lateblt\lateblt2055.jpg,late_blight,irish
D:\Potato\IrishPotato37G_full\lateblt\lateblt883.jpg,late_blight,irish
D:\Potato\IrishPotato37G_full\healthy\healthy3474.jpg,healthy,irish
D:\Potato\IrishPotato37G_full\lateblt\lateblt143.jpg,late_blight,irish
D:\Potato\IrishPotato37G_full\earlyblt\earlyblt6646.jpg,early_blight,irish
D:\Potato\IrishPotato37G_full\earlyblt\earlyblt6664.jpg,early_blight,irish
D:\Potato\IrishPotato37G_full\earlyblt\earlyblt274.jpg,early_blight,irish
D:\Potato\IrishPotato37G_full\earlyblt\earlyblt6618.jpg,early_blight,irish
D:\Potato\IrishPotato37G_full\lateblt\lateblt517.jpg,late_blight,irish
D:\Potato\IrishPotato37G_full\earlyblt\earlyblt1655.jpg,early_blight,irish
D:\Potato\IrishPotato37G_full\lateblt\lateblt1549.jpg,late_blight,irish
D:\Potato\IrishPotato37G_full\earlyblt\earlyblt2397.jpg,early_blight,irish
D:\Potato\IrishPotato37G_full\lateblt\lateblt2892.jpg,late_blight,irish
D:\Potato\non_leaf\coco_person\000000355257.jpg,non_leaf,coco_person
D:\Potato\IrishPotato37G_full\earlyblt\earlyblt4974.jpg,early_blight,irish
D:\Potato\IrishPotato37G_full\lateblt\lateblt2577.jpg,late_blight,irish
D:\Potato\IrishPotato37G_full\healthy\healthy1682.jpg,healthy,irish
D:\Potato\IrishPotato37G_full\healthy\healthy4916.jpg,healthy,irish
D:\Potato\IrishPotato37G_full\earlyblt\earlyblt665.jpg,early_blight,irish
D:\Potato\IrishPotato37G_full\lateblt\lateblt1125.jpg,late_blight,irish
D:\Potato\IrishPotato37G_full\lateblt\lateblt449.jpg,late_blight,irish
D:\Potato\IrishPotato37G_full\earlyblt\earlyblt1154.jpg,early_blight,irish
D:\Potato\IrishPotato37G_full\lateblt\lateblt2884.jpg,late_blight,irish
D:\Potato\non_leaf\coco_person\000000474854.jpg,non_leaf,coco_person
D:\Potato\IrishPotato37G_full\healthy\healthy3050.jpg,healthy,irish
D:\Potato\IrishPotato37G_full\earlyblt\earlyblt4724.jpg,early_blight,irish
D:\Potato\IrishPotato37G_full\earlyblt\earlyblt1968.jpg,early_blight,irish
D:\Potato\IrishPotato37G_full\earlyblt\earlyblt2305.jpg,early_blight,irish
D:\Potato\IrishPotato37G_full\healthy\healthy4015.jpg,healthy,irish
D:\Potato\IrishPotato37G_full\healthy\healthy1160.jpg,healthy,irish
D:\Potato\IrishPotato37G_full\lateblt\lateblt2759.jpg,late_blight,irish
D:\Potato\IrishPotato37G_full\earlyblt\earlyblt6207.jpg,early_blight,irish
D:\Potato\IrishPotato37G_full\lateblt\lateblt467.jpg,late_blight,irish
D:\Potato\IrishPotato37G_full\earlyblt\earlyblt2351.jpg,early_blight,irish
D:\Potato\IrishPotato37G_full\healthy\healthy720.jpg,healthy,irish
D:\Potato\IrishPotato37G_full\healthy\healthy3433.jpg,healthy,irish
D:\Potato\IrishPotato37G_full\earlyblt\earlyblt2593.jpg,early_blight,irish
D:\Potato\IrishPotato37G_full\healthy\healthy729.jpg,healthy,irish
D:\Potato\IrishPotato37G_full\healthy\healthy504.jpg,healthy,irish
D:\Potato\IrishPotato37G_full\lateblt\lateblt775.jpg,late_blight,irish
D:\Potato\IrishPotato37G_full\lateblt\lateblt2828.jpg,late_blight,irish
D:\Potato\non_leaf\coco_person\000000538364.jpg,non_leaf,coco_person
D:\Potato\IrishPotato37G_full\lateblt\lateblt635.jpg,late_blight,irish
D:\Potato\IrishPotato37G_full\lateblt\lateblt565.jpg,late_blight,irish
D:\Potato\IrishPotato37G_full\lateblt\lateblt718.jpg,late_blight,irish
D:\Potato\IrishPotato37G_full\lateblt\lateblt866.jpg,late_blight,irish
D:\Potato\IrishPotato37G_full\healthy\healthy4228.jpg,healthy,irish
D:\Potato\IrishPotato37G_full\lateblt\lateblt1547.jpg,late_blight,irish
D:\Potato\IrishPotato37G_full\healthy\healthy2287.jpg,healthy,irish
D:\Potato\IrishPotato37G_full\healthy\healthy3924.jpg,healthy,irish
D:\Potato\IrishPotato37G_full\lateblt\lateblt860.jpg,late_blight,irish
D:\Potato\non_leaf\coco_person\000000003934.jpg,non_leaf,coco_person
D:\Potato\IrishPotato37G_full\lateblt\lateblt1653.jpg,late_blight,irish
D:\Potato\IrishPotato37G_full\lateblt\lateblt2640.jpg,late_blight,irish
D:\Potato\IrishPotato37G_full\lateblt\lateblt2754.jpg,late_blight,irish
D:\Potato\non_leaf\coco_person\000000270474.jpg,non_leaf,coco_person
D:\Potato\non_leaf\coco_person\000000005060.jpg,non_leaf,coco_person
D:\Potato\IrishPotato37G_full\lateblt\lateblt1528.jpg,late_blight,irish
D:\Potato\IrishPotato37G_full\lateblt\lateblt2734.jpg,late_blight,irish
D:\Potato\IrishPotato37G_full\lateblt\lateblt2216.jpg,late_blight,irish
D:\Potato\IrishPotato37G_full\earlyblt\earlyblt2465.jpg,early_blight,irish
D:\Potato\IrishPotato37G_full\earlyblt\earlyblt5893.jpg,early_blight,irish
D:\Potato\IrishPotato37G_full\lateblt\lateblt1400.jpg,late_blight,irish
D:\Potato\IrishPotato37G_full\lateblt\lateblt2218.jpg,late_blight,irish
D:\Potato\IrishPotato37G_full\lateblt\lateblt1434.jpg,late_blight,irish
D:\Potato\IrishPotato37G_full\earlyblt\earlyblt6473.jpg,early_blight,irish
D:\Potato\IrishPotato37G_full\earlyblt\earlyblt695.jpg,early_blight,irish
D:\Potato\non_leaf\coco_person\000000012576.jpg,non_leaf,coco_person
D:\Potato\IrishPotato37G_full\earlyblt\earlyblt2632.jpg,early_blight,irish
D:\Potato\IrishPotato37G_full\healthy\healthy160.jpg,healthy,irish
D:\Potato\IrishPotato37G_full\healthy\healthy4142.jpg,healthy,irish
D:\Potato\IrishPotato37G_full\earlyblt\earlyblt2954.jpg,early_blight,irish
D:\Potato\IrishPotato37G_full\earlyblt\earlyblt3011.jpg,early_blight,irish
D:\Potato\IrishPotato37G_full\lateblt\lateblt1117.jpg,late_blight,irish
D:\Potato\IrishPotato37G_full\healthy\healthy4486.jpg,healthy,irish
D:\Potato\IrishPotato37G_full\earlyblt\earlyblt2922.jpg,early_blight,irish
D:\Potato\IrishPotato37G_full\healthy\healthy3689.jpg,healthy,irish
D:\Potato\IrishPotato37G_full\lateblt\lateblt206.jpg,late_blight,irish
D:\Potato\IrishPotato37G_full\lateblt\lateblt1388.jpg,late_blight,irish
D:\Potato\IrishPotato37G_full\earlyblt\earlyblt1067.jpg,early_blight,irish
D:\Potato\non_leaf\coco_person\000000549738.jpg,non_leaf,coco_person
D:\Potato\IrishPotato37G_full\lateblt\lateblt1341.jpg,late_blight,irish
D:\Potato\IrishPotato37G_full\earlyblt\earlyblt2841.jpg,early_blight,irish
D:\Potato\IrishPotato37G_full\lateblt\lateblt939.jpg,late_blight,irish
D:\Potato\IrishPotato37G_full\lateblt\lateblt180.jpg,late_blight,irish
D:\Potato\IrishPotato37G_full\earlyblt\earlyblt1422.jpg,early_blight,irish
D:\Potato\IrishPotato37G_full\earlyblt\earlyblt3704.jpg,early_blight,irish
D:\Potato\IrishPotato37G_full\healthy\healthy1473.jpg,healthy,irish
D:\Potato\IrishPotato37G_full\earlyblt\earlyblt3759.jpg,early_blight,irish
D:\Potato\non_leaf\coco_person\000000192607.jpg,non_leaf,coco_person
D:\Potato\IrishPotato37G_full\lateblt\lateblt2896.jpg,late_blight,irish
D:\Potato\IrishPotato37G_full\lateblt\lateblt2443.jpg,late_blight,irish
D:\Potato\IrishPotato37G_full\lateblt\lateblt717.jpg,late_blight,irish
D:\Potato\IrishPotato37G_full\lateblt\lateblt2530.jpg,late_blight,irish
D:\Potato\IrishPotato37G_full\healthy\healthy3165.jpg,healthy,irish
D:\Potato\IrishPotato37G_full\lateblt\lateblt1640.jpg,late_blight,irish
D:\Potato\IrishPotato37G_full\earlyblt\earlyblt1010.jpg,early_blight,irish
D:\Potato\IrishPotato37G_full\lateblt\lateblt513.jpg,late_blight,irish
D:\Potato\IrishPotato37G_full\lateblt\lateblt1956.jpg,late_blight,irish
D:\Potato\IrishPotato37G_full\healthy\healthy612.jpg,healthy,irish
D:\Potato\IrishPotato37G_full\lateblt\lateblt974.jpg,late_blight,irish
D:\Potato\IrishPotato37G_full\healthy\healthy1552.jpg,healthy,irish
D:\Potato\IrishPotato37G_full\lateblt\lateblt2516.jpg,late_blight,irish
D:\Potato\IrishPotato37G_full\healthy\healthy4929.jpg,healthy,irish
D:\Potato\IrishPotato37G_full\healthy\healthy792.jpg,healthy,irish
D:\Potato\IrishPotato37G_full\healthy\healthy1751.jpg,healthy,irish
D:\Potato\IrishPotato37G_full\healthy\healthy708.jpg,healthy,irish
D:\Potato\IrishPotato37G_full\lateblt\lateblt2961.jpg,late_blight,irish
D:\Potato\non_leaf\coco_person\000000055150.jpg,non_leaf,coco_person
D:\Potato\IrishPotato37G_full\healthy\healthy5480.jpg,healthy,irish
D:\Potato\IrishPotato37G_full\earlyblt\earlyblt1055.jpg,early_blight,irish
D:\Potato\IrishPotato37G_full\healthy\healthy4252.jpg,healthy,irish
D:\Potato\IrishPotato37G_full\healthy\healthy2940.jpg,healthy,irish
D:\Potato\IrishPotato37G_full\healthy\healthy2327.jpg,healthy,irish
D:\Potato\IrishPotato37G_full\lateblt\lateblt614.jpg,late_blight,irish
D:\Potato\IrishPotato37G_full\healthy\healthy569.jpg,healthy,irish
D:\Potato\IrishPotato37G_full\healthy\healthy4365.jpg,healthy,irish
D:\Potato\non_leaf\coco_person\000000064868.jpg,non_leaf,coco_person
D:\Potato\IrishPotato37G_full\healthy\healthy2581.jpg,healthy,irish
D:\Potato\IrishPotato37G_full\healthy\healthy4764.jpg,healthy,irish
D:\Potato\IrishPotato37G_full\healthy\healthy114.jpg,healthy,irish
D:\Potato\IrishPotato37G_full\earlyblt\earlyblt302.jpg,early_blight,irish
D:\Potato\IrishPotato37G_full\healthy\healthy4042.jpg,healthy,irish
D:\Potato\IrishPotato37G_full\healthy\healthy22.jpg,healthy,irish
D:\Potato\IrishPotato37G_full\earlyblt\earlyblt866.jpg,early_blight,irish
D:\Potato\IrishPotato37G_full\healthy\healthy5616.jpg,healthy,irish
D:\Potato\IrishPotato37G_full\earlyblt\earlyblt825.jpg,early_blight,irish
D:\Potato\IrishPotato37G_full\lateblt\lateblt592.jpg,late_blight,irish
D:\Potato\IrishPotato37G_full\healthy\healthy2732.jpg,healthy,irish
D:\Potato\IrishPotato37G_full\healthy\healthy140.jpg,healthy,irish
D:\Potato\IrishPotato37G_full\lateblt\lateblt2035.jpg,late_blight,irish
D:\Potato\IrishPotato37G_full\lateblt\lateblt247.jpg,late_blight,irish
D:\Potato\IrishPotato37G_full\healthy\healthy4879.jpg,healthy,irish
D:\Potato\IrishPotato37G_full\lateblt\lateblt11.jpg,late_blight,irish
D:\Potato\IrishPotato37G_full\lateblt\lateblt947.jpg,late_blight,irish
D:\Potato\IrishPotato37G_full\healthy\healthy2756.jpg,healthy,irish
D:\Potato\IrishPotato37G_full\healthy\healthy1368.jpg,healthy,irish
D:\Potato\IrishPotato37G_full\lateblt\lateblt452.jpg,late_blight,irish
D:\Potato\IrishPotato37G_full\lateblt\lateblt2805.jpg,late_blight,irish
D:\Potato\IrishPotato37G_full\lateblt\lateblt2815.jpg,late_blight,irish
D:\Potato\IrishPotato37G_full\lateblt\lateblt2645.jpg,late_blight,irish
D:\Potato\IrishPotato37G_full\earlyblt\earlyblt1990.jpg,early_blight,irish
D:\Potato\IrishPotato37G_full\earlyblt\earlyblt4986.jpg,early_blight,irish
D:\Potato\IrishPotato37G_full\healthy\healthy37.jpg,healthy,irish
D:\Potato\IrishPotato37G_full\earlyblt\earlyblt1013.jpg,early_blight,irish
D:\Potato\IrishPotato37G_full\earlyblt\earlyblt3458.jpg,early_blight,irish
D:\Potato\IrishPotato37G_full\healthy\healthy1227.jpg,healthy,irish
D:\Potato\IrishPotato37G_full\earlyblt\earlyblt3033.jpg,early_blight,irish
D:\Potato\IrishPotato37G_full\lateblt\lateblt2264.jpg,late_blight,irish
D:\Potato\IrishPotato37G_full\lateblt\lateblt876.jpg,late_blight,irish
D:\Potato\IrishPotato37G_full\healthy\healthy2718.jpg,healthy,irish
D:\Potato\IrishPotato37G_full\lateblt\lateblt227.jpg,late_blight,irish
D:\Potato\IrishPotato37G_full\lateblt\lateblt640.jpg,late_blight,irish
D:\Potato\IrishPotato37G_full\lateblt\lateblt104.jpg,late_blight,irish
D:\Potato\non_leaf\coco_person\000000020992.jpg,non_leaf,coco_person
D:\Potato\IrishPotato37G_full\healthy\healthy4857.jpg,healthy,irish
D:\Potato\IrishPotato37G_full\healthy\healthy1499.jpg,healthy,irish
D:\Potato\IrishPotato37G_full\healthy\healthy5286.jpg,healthy,irish
D:\Potato\IrishPotato37G_full\earlyblt\earlyblt2961.jpg,early_blight,irish
D:\Potato\IrishPotato37G_full\healthy\healthy3679.jpg,healthy,irish
D:\Potato\IrishPotato37G_full\healthy\healthy5406.jpg,healthy,irish
D:\Potato\IrishPotato37G_full\lateblt\lateblt1620.jpg,late_blight,irish
D:\Potato\IrishPotato37G_full\earlyblt\earlyblt747.jpg,early_blight,irish
D:\Potato\IrishPotato37G_full\healthy\healthy3021.jpg,healthy,irish
D:\Potato\IrishPotato37G_full\lateblt\lateblt1404.jpg,late_blight,irish
D:\Potato\IrishPotato37G_full\lateblt\lateblt705.jpg,late_blight,irish
D:\Potato\IrishPotato37G_full\lateblt\lateblt978.jpg,late_blight,irish
D:\Potato\non_leaf\coco_person\000000158660.jpg,non_leaf,coco_person
D:\Potato\IrishPotato37G_full\lateblt\lateblt210.jpg,late_blight,irish
D:\Potato\IrishPotato37G_full\healthy\healthy4920.jpg,healthy,irish
D:\Potato\IrishPotato37G_full\healthy\healthy4327.jpg,healthy,irish
D:\Potato\non_leaf\coco_person\000000007278.jpg,non_leaf,coco_person
D:\Potato\IrishPotato37G_full\healthy\healthy2118.jpg,healthy,irish
D:\Potato\IrishPotato37G_full\healthy\healthy4092.jpg,healthy,irish
D:\Potato\IrishPotato37G_full\healthy\healthy4610.jpg,healthy,irish
D:\Potato\IrishPotato37G_full\healthy\healthy1339.jpg,healthy,irish
D:\Potato\IrishPotato37G_full\earlyblt\earlyblt1524.jpg,early_blight,irish
D:\Potato\non_leaf\coco_person\000000523100.jpg,non_leaf,coco_person
D:\Potato\IrishPotato37G_full\earlyblt\earlyblt6031.jpg,early_blight,irish
D:\Potato\IrishPotato37G_full\lateblt\lateblt931.jpg,late_blight,irish
D:\Potato\IrishPotato37G_full\lateblt\lateblt962.jpg,late_blight,irish
D:\Potato\IrishPotato37G_full\earlyblt\earlyblt3499.jpg,early_blight,irish
D:\Potato\IrishPotato37G_full\earlyblt\earlyblt3221.jpg,early_blight,irish
D:\Potato\IrishPotato37G_full\healthy\healthy4039.jpg,healthy,irish
D:\Potato\IrishPotato37G_full\healthy\healthy3960.jpg,healthy,irish
D:\Potato\IrishPotato37G_full\earlyblt\earlyblt6096.jpg,early_blight,irish
D:\Potato\IrishPotato37G_full\healthy\healthy2735.jpg,healthy,irish
D:\Potato\IrishPotato37G_full\healthy\healthy4300.jpg,healthy,irish
D:\Potato\IrishPotato37G_full\lateblt\lateblt751.jpg,late_blight,irish
D:\Potato\non_leaf\coco_person\000000388215.jpg,non_leaf,coco_person
D:\Potato\IrishPotato37G_full\healthy\healthy5153.jpg,healthy,irish
D:\Potato\IrishPotato37G_full\earlyblt\earlyblt1615.jpg,early_blight,irish
D:\Potato\IrishPotato37G_full\earlyblt\earlyblt223.jpg,early_blight,irish
D:\Potato\IrishPotato37G_full\lateblt\lateblt2483.jpg,late_blight,irish
D:\Potato\IrishPotato37G_full\healthy\healthy3741.jpg,healthy,irish
D:\Potato\IrishPotato37G_full\earlyblt\earlyblt6241.jpg,early_blight,irish
D:\Potato\IrishPotato37G_full\lateblt\lateblt2929.jpg,late_blight,irish
D:\Potato\IrishPotato37G_full\lateblt\lateblt2690.jpg,late_blight,irish
D:\Potato\IrishPotato37G_full\lateblt\lateblt146.jpg,late_blight,irish
D:\Potato\IrishPotato37G_full\healthy\healthy3959.jpg,healthy,irish
D:\Potato\non_leaf\coco_person\000000100510.jpg,non_leaf,coco_person
D:\Potato\IrishPotato37G_full\lateblt\lateblt886.jpg,late_blight,irish
D:\Potato\non_leaf\coco_person\000000362716.jpg,non_leaf,coco_person
D:\Potato\IrishPotato37G_full\earlyblt\earlyblt2554.jpg,early_blight,irish
D:\Potato\IrishPotato37G_full\earlyblt\earlyblt3069.jpg,early_blight,irish
D:\Potato\IrishPotato37G_full\healthy\healthy1307.jpg,healthy,irish
D:\Potato\IrishPotato37G_full\earlyblt\earlyblt2070.jpg,early_blight,irish
D:\Potato\IrishPotato37G_full\lateblt\lateblt1365.jpg,late_blight,irish
D:\Potato\non_leaf\coco_person\000000478721.jpg,non_leaf,coco_person
D:\Potato\IrishPotato37G_full\earlyblt\earlyblt3490.jpg,early_blight,irish
D:\Potato\IrishPotato37G_full\lateblt\lateblt1689.jpg,late_blight,irish
D:\Potato\IrishPotato37G_full\lateblt\lateblt779.jpg,late_blight,irish
D:\Potato\IrishPotato37G_full\lateblt\lateblt810.jpg,late_blight,irish
D:\Potato\IrishPotato37G_full\earlyblt\earlyblt6492.jpg,early_blight,irish
D:\Potato\IrishPotato37G_full\healthy\healthy4423.jpg,healthy,irish
D:\Potato\IrishPotato37G_full\earlyblt\earlyblt6380.jpg,early_blight,irish
D:\Potato\IrishPotato37G_full\lateblt\lateblt921.jpg,late_blight,irish
D:\Potato\IrishPotato37G_full\lateblt\lateblt1659.jpg,late_blight,irish
D:\Potato\IrishPotato37G_full\healthy\healthy3022.jpg,healthy,irish
D:\Potato\IrishPotato37G_full\earlyblt\earlyblt1614.jpg,early_blight,irish
D:\Potato\IrishPotato37G_full\lateblt\lateblt2436.jpg,late_blight,irish
D:\Potato\IrishPotato37G_full\lateblt\lateblt1104.jpg,late_blight,irish
D:\Potato\IrishPotato37G_full\healthy\healthy800.jpg,healthy,irish
D:\Potato\IrishPotato37G_full\lateblt\lateblt800.jpg,late_blight,irish
D:\Potato\IrishPotato37G_full\earlyblt\earlyblt6604.jpg,early_blight,irish
D:\Potato\IrishPotato37G_full\lateblt\lateblt2651.jpg,late_blight,irish
D:\Potato\IrishPotato37G_full\lateblt\lateblt1614.jpg,late_blight,irish
D:\Potato\IrishPotato37G_full\earlyblt\earlyblt6004.jpg,early_blight,irish
D:\Potato\non_leaf\coco_person\000000526728.jpg,non_leaf,coco_person
D:\Potato\IrishPotato37G_full\healthy\healthy2089.jpg,healthy,irish
D:\Potato\IrishPotato37G_full\earlyblt\earlyblt3091.jpg,early_blight,irish
D:\Potato\IrishPotato37G_full\earlyblt\earlyblt116.jpg,early_blight,irish
D:\Potato\IrishPotato37G_full\lateblt\lateblt1922.jpg,late_blight,irish
D:\Potato\non_leaf\coco_person\000000492077.jpg,non_leaf,coco_person
D:\Potato\IrishPotato37G_full\healthy\healthy4456.jpg,healthy,irish
D:\Potato\IrishPotato37G_full\earlyblt\earlyblt3871.jpg,early_blight,irish
D:\Potato\IrishPotato37G_full\healthy\healthy3527.jpg,healthy,irish
D:\Potato\IrishPotato37G_full\healthy\healthy3521.jpg,healthy,irish
D:\Potato\IrishPotato37G_full\healthy\healthy2065.jpg,healthy,irish
D:\Potato\IrishPotato37G_full\earlyblt\earlyblt4727.jpg,early_blight,irish
D:\Potato\IrishPotato37G_full\earlyblt\earlyblt2020.jpg,early_blight,irish
D:\Potato\IrishPotato37G_full\earlyblt\earlyblt893.jpg,early_blight,irish
D:\Potato\non_leaf\coco_person\000000079229.jpg,non_leaf,coco_person
D:\Potato\IrishPotato37G_full\healthy\healthy956.jpg,healthy,irish
D:\Potato\IrishPotato37G_full\healthy\healthy711.jpg,healthy,irish
D:\Potato\IrishPotato37G_full\healthy\healthy4173.jpg,healthy,irish
D:\Potato\IrishPotato37G_full\lateblt\lateblt10.jpg,late_blight,irish
D:\Potato\IrishPotato37G_full\earlyblt\earlyblt2684.jpg,early_blight,irish
D:\Potato\IrishPotato37G_full\lateblt\lateblt2916.jpg,late_blight,irish
D:\Potato\IrishPotato37G_full\healthy\healthy1161.jpg,healthy,irish
D:\Potato\IrishPotato37G_full\lateblt\lateblt2134.jpg,late_blight,irish
D:\Potato\IrishPotato37G_full\healthy\healthy761.jpg,healthy,irish
D:\Potato\IrishPotato37G_full\earlyblt\earlyblt1037.jpg,early_blight,irish
D:\Potato\IrishPotato37G_full\healthy\healthy3419.jpg,healthy,irish
D:\Potato\IrishPotato37G_full\healthy\healthy3672.jpg,healthy,irish
D:\Potato\IrishPotato37G_full\healthy\healthy2529.jpg,healthy,irish
D:\Potato\IrishPotato37G_full\earlyblt\earlyblt3763.jpg,early_blight,irish
D:\Potato\non_leaf\coco_person\000000308394.jpg,non_leaf,coco_person
D:\Potato\IrishPotato37G_full\earlyblt\earlyblt1186.jpg,early_blight,irish
D:\Potato\non_leaf\coco_person\000000550714.jpg,non_leaf,coco_person
D:\Potato\IrishPotato37G_full\lateblt\lateblt809.jpg,late_blight,irish
D:\Potato\IrishPotato37G_full\earlyblt\earlyblt4740.jpg,early_blight,irish
D:\Potato\IrishPotato37G_full\lateblt\lateblt2890.jpg,late_blight,irish
D:\Potato\IrishPotato37G_full\healthy\healthy4041.jpg,healthy,irish
D:\Potato\IrishPotato37G_full\healthy\healthy1647.jpg,healthy,irish
D:\Potato\IrishPotato37G_full\lateblt\lateblt211.jpg,late_blight,irish
D:\Potato\IrishPotato37G_full\lateblt\lateblt2939.jpg,late_blight,irish
D:\Potato\IrishPotato37G_full\earlyblt\earlyblt6271.jpg,early_blight,irish
D:\Potato\IrishPotato37G_full\healthy\healthy4084.jpg,healthy,irish
D:\Potato\IrishPotato37G_full\lateblt\lateblt2242.jpg,late_blight,irish
D:\Potato\IrishPotato37G_full\lateblt\lateblt1137.jpg,late_blight,irish
D:\Potato\IrishPotato37G_full\lateblt\lateblt2648.jpg,late_blight,irish
D:\Potato\IrishPotato37G_full\earlyblt\earlyblt680.jpg,early_blight,irish
D:\Potato\IrishPotato37G_full\lateblt\lateblt1310.jpg,late_blight,irish
D:\Potato\IrishPotato37G_full\lateblt\lateblt2938.jpg,late_blight,irish
D:\Potato\IrishPotato37G_full\lateblt\lateblt812.jpg,late_blight,irish
D:\Potato\IrishPotato37G_full\earlyblt\earlyblt4744.jpg,early_blight,irish
D:\Potato\IrishPotato37G_full\earlyblt\earlyblt683.jpg,early_blight,irish
D:\Potato\IrishPotato37G_full\healthy\healthy704.jpg,healthy,irish
D:\Potato\IrishPotato37G_full\healthy\healthy665.jpg,healthy,irish
D:\Potato\IrishPotato37G_full\lateblt\lateblt409.jpg,late_blight,irish
D:\Potato\IrishPotato37G_full\healthy\healthy5643.jpg,healthy,irish
D:\Potato\IrishPotato37G_full\healthy\healthy3730.jpg,healthy,irish
D:\Potato\IrishPotato37G_full\healthy\healthy3133.jpg,healthy,irish
D:\Potato\IrishPotato37G_full\healthy\healthy3601.jpg,healthy,irish
D:\Potato\IrishPotato37G_full\healthy\healthy779.jpg,healthy,irish
D:\Potato\IrishPotato37G_full\healthy\healthy3638.jpg,healthy,irish
D:\Potato\IrishPotato37G_full\earlyblt\earlyblt1490.jpg,early_blight,irish
D:\Potato\IrishPotato37G_full\healthy\healthy3618.jpg,healthy,irish
D:\Potato\IrishPotato37G_full\earlyblt\earlyblt1535.jpg,early_blight,irish
D:\Potato\IrishPotato37G_full\healthy\healthy388.jpg,healthy,irish
D:\Potato\IrishPotato37G_full\earlyblt\earlyblt4834.jpg,early_blight,irish
D:\Potato\IrishPotato37G_full\lateblt\lateblt1575.jpg,late_blight,irish
D:\Potato\IrishPotato37G_full\healthy\healthy4333.jpg,healthy,irish
D:\Potato\non_leaf\coco_person\000000048564.jpg,non_leaf,coco_person
D:\Potato\IrishPotato37G_full\lateblt\lateblt2150.jpg,late_blight,irish
D:\Potato\IrishPotato37G_full\lateblt\lateblt667.jpg,late_blight,irish
D:\Potato\IrishPotato37G_full\healthy\healthy4349.jpg,healthy,irish
D:\Potato\IrishPotato37G_full\earlyblt\earlyblt2890.jpg,early_blight,irish
D:\Potato\IrishPotato37G_full\earlyblt\earlyblt1922.jpg,early_blight,irish
D:\Potato\IrishPotato37G_full\healthy\healthy692.jpg,healthy,irish
D:\Potato\IrishPotato37G_full\healthy\healthy2479.jpg,healthy,irish
D:\Potato\IrishPotato37G_full\lateblt\lateblt512.jpg,late_blight,irish
D:\Potato\IrishPotato37G_full\healthy\healthy4194.jpg,healthy,irish
D:\Potato\IrishPotato37G_full\healthy\healthy691.jpg,healthy,irish
D:\Potato\IrishPotato37G_full\lateblt\lateblt474.jpg,late_blight,irish
D:\Potato\IrishPotato37G_full\earlyblt\earlyblt114.jpg,early_blight,irish
D:\Potato\IrishPotato37G_full\lateblt\lateblt2288.jpg,late_blight,irish
D:\Potato\IrishPotato37G_full\earlyblt\earlyblt2612.jpg,early_blight,irish
D:\Potato\IrishPotato37G_full\healthy\healthy4274.jpg,healthy,irish
D:\Potato\IrishPotato37G_full\lateblt\lateblt2434.jpg,late_blight,irish
D:\Potato\IrishPotato37G_full\earlyblt\earlyblt2892.jpg,early_blight,irish
D:\Potato\IrishPotato37G_full\earlyblt\earlyblt2046.jpg,early_blight,irish
D:\Potato\IrishPotato37G_full\earlyblt\earlyblt2220.jpg,early_blight,irish
D:\Potato\IrishPotato37G_full\earlyblt\earlyblt6901.jpg,early_blight,irish
D:\Potato\IrishPotato37G_full\lateblt\lateblt1471.jpg,late_blight,irish
D:\Potato\non_leaf\coco_person\000000006471.jpg,non_leaf,coco_person
D:\Potato\IrishPotato37G_full\earlyblt\earlyblt2873.jpg,early_blight,irish
D:\Potato\IrishPotato37G_full\healthy\healthy5601.jpg,healthy,irish
D:\Potato\IrishPotato37G_full\earlyblt\earlyblt741.jpg,early_blight,irish
D:\Potato\IrishPotato37G_full\earlyblt\earlyblt613.jpg,early_blight,irish
D:\Potato\IrishPotato37G_full\lateblt\lateblt2429.jpg,late_blight,irish
D:\Potato\IrishPotato37G_full\earlyblt\earlyblt6421.jpg,early_blight,irish
D:\Potato\IrishPotato37G_full\healthy\healthy1320.jpg,healthy,irish
D:\Potato\IrishPotato37G_full\healthy\healthy3589.jpg,healthy,irish
D:\Potato\IrishPotato37G_full\earlyblt\earlyblt1430.jpg,early_blight,irish
D:\Potato\IrishPotato37G_full\healthy\healthy4466.jpg,healthy,irish
D:\Potato\IrishPotato37G_full\healthy\healthy2330.jpg,healthy,irish
D:\Potato\IrishPotato37G_full\lateblt\lateblt2493.jpg,late_blight,irish
D:\Potato\IrishPotato37G_full\earlyblt\earlyblt2150.jpg,early_blight,irish
D:\Potato\IrishPotato37G_full\lateblt\lateblt263.jpg,late_blight,irish
D:\Potato\IrishPotato37G_full\healthy\healthy3967.jpg,healthy,irish
D:\Potato\IrishPotato37G_full\earlyblt\earlyblt2449.jpg,early_blight,irish
D:\Potato\IrishPotato37G_full\earlyblt\earlyblt3705.jpg,early_blight,irish
D:\Potato\IrishPotato37G_full\lateblt\lateblt1670.jpg,late_blight,irish
D:\Potato\IrishPotato37G_full\healthy\healthy5250.jpg,healthy,irish
D:\Potato\IrishPotato37G_full\earlyblt\earlyblt6639.jpg,early_blight,irish
D:\Potato\IrishPotato37G_full\healthy\healthy1195.jpg,healthy,irish
D:\Potato\IrishPotato37G_full\earlyblt\earlyblt6056.jpg,early_blight,irish
D:\Potato\IrishPotato37G_full\healthy\healthy5128.jpg,healthy,irish
D:\Potato\IrishPotato37G_full\lateblt\lateblt761.jpg,late_blight,irish
D:\Potato\IrishPotato37G_full\healthy\healthy4689.jpg,healthy,irish
D:\Potato\IrishPotato37G_full\lateblt\lateblt1519.jpg,late_blight,irish
D:\Potato\IrishPotato37G_full\earlyblt\earlyblt2610.jpg,early_blight,irish
D:\Potato\IrishPotato37G_full\earlyblt\earlyblt4677.jpg,early_blight,irish
D:\Potato\IrishPotato37G_full\healthy\healthy5639.jpg,healthy,irish
D:\Potato\IrishPotato37G_full\lateblt\lateblt2148.jpg,late_blight,irish
D:\Potato\IrishPotato37G_full\earlyblt\earlyblt3150.jpg,early_blight,irish
D:\Potato\IrishPotato37G_full\earlyblt\earlyblt291.jpg,early_blight,irish
D:\Potato\IrishPotato37G_full\healthy\healthy5259.jpg,healthy,irish
D:\Potato\IrishPotato37G_full\earlyblt\earlyblt3926.jpg,early_blight,irish
D:\Potato\IrishPotato37G_full\lateblt\lateblt5063.jpg,late_blight,irish
D:\Potato\IrishPotato37G_full\lateblt\lateblt41.jpg,late_blight,irish
D:\Potato\IrishPotato37G_full\earlyblt\earlyblt969.jpg,early_blight,irish
D:\Potato\IrishPotato37G_full\healthy\healthy2710.jpg,healthy,irish
D:\Potato\IrishPotato37G_full\healthy\healthy77.jpg,healthy,irish
D:\Potato\IrishPotato37G_full\lateblt\lateblt69.jpg,late_blight,irish
D:\Potato\IrishPotato37G_full\earlyblt\earlyblt6351.jpg,early_blight,irish
D:\Potato\non_leaf\coco_person\000000507975.jpg,non_leaf,coco_person
D:\Potato\IrishPotato37G_full\healthy\healthy4402.jpg,healthy,irish
D:\Potato\IrishPotato37G_full\earlyblt\earlyblt3253.jpg,early_blight,irish
D:\Potato\IrishPotato37G_full\lateblt\lateblt1924.jpg,late_blight,irish
D:\Potato\IrishPotato37G_full\earlyblt\earlyblt3003.jpg,early_blight,irish
D:\Potato\non_leaf\coco_person\000000471567.jpg,non_leaf,coco_person
D:\Potato\IrishPotato37G_full\lateblt\lateblt569.jpg,late_blight,irish
D:\Potato\IrishPotato37G_full\earlyblt\earlyblt1413.jpg,early_blight,irish
D:\Potato\IrishPotato37G_full\lateblt\lateblt2680.jpg,late_blight,irish
D:\Potato\IrishPotato37G_full\lateblt\lateblt822.jpg,late_blight,irish
D:\Potato\IrishPotato37G_full\healthy\healthy126.jpg,healthy,irish
D:\Potato\IrishPotato37G_full\earlyblt\earlyblt2210.jpg,early_blight,irish
D:\Potato\IrishPotato37G_full\earlyblt\earlyblt897.jpg,early_blight,irish
D:\Potato\IrishPotato37G_full\lateblt\lateblt1509.jpg,late_blight,irish
D:\Potato\IrishPotato37G_full\earlyblt\earlyblt145.jpg,early_blight,irish
D:\Potato\IrishPotato37G_full\lateblt\lateblt2642.jpg,late_blight,irish
D:\Potato\non_leaf\coco_person\000000393115.jpg,non_leaf,coco_person
D:\Potato\IrishPotato37G_full\lateblt\lateblt2166.jpg,late_blight,irish
D:\Potato\non_leaf\coco_person\000000400815.jpg,non_leaf,coco_person
D:\Potato\IrishPotato37G_full\lateblt\lateblt2290.jpg,late_blight,irish
D:\Potato\IrishPotato37G_full\earlyblt\earlyblt3461.jpg,early_blight,irish
D:\Potato\IrishPotato37G_full\earlyblt\earlyblt2801.jpg,early_blight,irish
D:\Potato\IrishPotato37G_full\earlyblt\earlyblt1790.jpg,early_blight,irish
D:\Potato\IrishPotato37G_full\earlyblt\earlyblt3770.jpg,early_blight,irish
D:\Potato\IrishPotato37G_full\earlyblt\earlyblt1986.jpg,early_blight,irish
D:\Potato\IrishPotato37G_full\lateblt\lateblt65.jpg,late_blight,irish
D:\Potato\IrishPotato37G_full\earlyblt\earlyblt1134.jpg,early_blight,irish
D:\Potato\IrishPotato37G_full\earlyblt\earlyblt282.jpg,early_blight,irish
D:\Potato\IrishPotato37G_full\healthy\healthy2596.jpg,healthy,irish
D:\Potato\IrishPotato37G_full\lateblt\lateblt534.jpg,late_blight,irish
D:\Potato\IrishPotato37G_full\earlyblt\earlyblt803.jpg,early_blight,irish
D:\Potato\IrishPotato37G_full\lateblt\lateblt998.jpg,late_blight,irish
D:\Potato\IrishPotato37G_full\earlyblt\earlyblt2600.jpg,early_blight,irish
D:\Potato\IrishPotato37G_full\lateblt\lateblt2605.jpg,late_blight,irish
D:\Potato\IrishPotato37G_full\healthy\healthy4892.jpg,healthy,irish
D:\Potato\IrishPotato37G_full\lateblt\lateblt5053.jpg,late_blight,irish
D:\Potato\IrishPotato37G_full\earlyblt\earlyblt326.jpg,early_blight,irish
D:\Potato\IrishPotato37G_full\healthy\healthy4107.jpg,healthy,irish
D:\Potato\non_leaf\coco_person\000000450399.jpg,non_leaf,coco_person
D:\Potato\IrishPotato37G_full\earlyblt\earlyblt300.jpg,early_blight,irish
D:\Potato\IrishPotato37G_full\healthy\healthy5166.jpg,healthy,irish
D:\Potato\IrishPotato37G_full\lateblt\lateblt2973.jpg,late_blight,irish
D:\Potato\IrishPotato37G_full\lateblt\lateblt2746.jpg,late_blight,irish
D:\Potato\IrishPotato37G_full\earlyblt\earlyblt3022.jpg,early_blight,irish
D:\Potato\IrishPotato37G_full\earlyblt\earlyblt3228.jpg,early_blight,irish
D:\Potato\non_leaf\coco_person\000000437351.jpg,non_leaf,coco_person
D:\Potato\IrishPotato37G_full\lateblt\lateblt217.jpg,late_blight,irish
D:\Potato\IrishPotato37G_full\earlyblt\earlyblt663.jpg,early_blight,irish
D:\Potato\IrishPotato37G_full\lateblt\lateblt485.jpg,late_blight,irish
D:\Potato\IrishPotato37G_full\earlyblt\earlyblt4879.jpg,early_blight,irish
D:\Potato\IrishPotato37G_full\healthy\healthy5298.jpg,healthy,irish
D:\Potato\IrishPotato37G_full\healthy\healthy128.jpg,healthy,irish
D:\Potato\IrishPotato37G_full\lateblt\lateblt2022.jpg,late_blight,irish
D:\Potato\IrishPotato37G_full\lateblt\lateblt2415.jpg,late_blight,irish
D:\Potato\IrishPotato37G_full\healthy\healthy2011.jpg,healthy,irish
D:\Potato\IrishPotato37G_full\earlyblt\earlyblt150.jpg,early_blight,irish
D:\Potato\IrishPotato37G_full\lateblt\lateblt776.jpg,late_blight,irish
D:\Potato\non_leaf\coco_person\000000569972.jpg,non_leaf,coco_person
D:\Potato\IrishPotato37G_full\lateblt\lateblt79.jpg,late_blight,irish
D:\Potato\IrishPotato37G_full\healthy\healthy3123.jpg,healthy,irish
D:\Potato\IrishPotato37G_full\healthy\healthy2888.jpg,healthy,irish
D:\Potato\IrishPotato37G_full\earlyblt\earlyblt178.jpg,early_blight,irish
D:\Potato\IrishPotato37G_full\healthy\healthy1789.jpg,healthy,irish
D:\Potato\IrishPotato37G_full\earlyblt\earlyblt6265.jpg,early_blight,irish
D:\Potato\IrishPotato37G_full\lateblt\lateblt2617.jpg,late_blight,irish
D:\Potato\IrishPotato37G_full\healthy\healthy1454.jpg,healthy,irish
D:\Potato\IrishPotato37G_full\healthy\healthy5183.jpg,healthy,irish
D:\Potato\non_leaf\coco_person\000000500257.jpg,non_leaf,coco_person
D:\Potato\IrishPotato37G_full\healthy\healthy4299.jpg,healthy,irish
D:\Potato\IrishPotato37G_full\lateblt\lateblt2710.jpg,late_blight,irish
D:\Potato\IrishPotato37G_full\lateblt\lateblt2899.jpg,late_blight,irish
D:\Potato\IrishPotato37G_full\earlyblt\earlyblt4901.jpg,early_blight,irish
D:\Potato\IrishPotato37G_full\earlyblt\earlyblt3571.jpg,early_blight,irish
D:\Potato\IrishPotato37G_full\earlyblt\earlyblt6629.jpg,early_blight,irish
D:\Potato\IrishPotato37G_full\healthy\healthy3488.jpg,healthy,irish
D:\Potato\IrishPotato37G_full\healthy\healthy4480.jpg,healthy,irish
D:\Potato\IrishPotato37G_full\healthy\healthy648.jpg,healthy,irish
D:\Potato\IrishPotato37G_full\healthy\healthy4141.jpg,healthy,irish
D:\Potato\IrishPotato37G_full\earlyblt\earlyblt4835.jpg,early_blight,irish
D:\Potato\IrishPotato37G_full\lateblt\lateblt2133.jpg,late_blight,irish
D:\Potato\IrishPotato37G_full\earlyblt\earlyblt2083.jpg,early_blight,irish
D:\Potato\IrishPotato37G_full\healthy\healthy3070.jpg,healthy,irish
D:\Potato\IrishPotato37G_full\earlyblt\earlyblt3994.jpg,early_blight,irish
D:\Potato\IrishPotato37G_full\lateblt\lateblt1437.jpg,late_blight,irish
D:\Potato\IrishPotato37G_full\healthy\healthy4981.jpg,healthy,irish
D:\Potato\IrishPotato37G_full\healthy\healthy3532.jpg,healthy,irish
D:\Potato\IrishPotato37G_full\lateblt\lateblt1489.jpg,late_blight,irish
D:\Potato\IrishPotato37G_full\healthy\healthy1699.jpg,healthy,irish
D:\Potato\IrishPotato37G_full\healthy\healthy3743.jpg,healthy,irish
D:\Potato\IrishPotato37G_full\healthy\healthy769.jpg,healthy,irish
D:\Potato\non_leaf\coco_person\000000001761.jpg,non_leaf,coco_person
D:\Potato\IrishPotato37G_full\earlyblt\earlyblt2238.jpg,early_blight,irish
D:\Potato\IrishPotato37G_full\healthy\healthy1119.jpg,healthy,irish
D:\Potato\IrishPotato37G_full\earlyblt\earlyblt3072.jpg,early_blight,irish
D:\Potato\IrishPotato37G_full\lateblt\lateblt647.jpg,late_blight,irish
D:\Potato\IrishPotato37G_full\earlyblt\earlyblt1977.jpg,early_blight,irish
D:\Potato\IrishPotato37G_full\earlyblt\earlyblt3278.jpg,early_blight,irish
D:\Potato\IrishPotato37G_full\healthy\healthy356.jpg,healthy,irish
D:\Potato\IrishPotato37G_full\healthy\healthy4993.jpg,healthy,irish
D:\Potato\IrishPotato37G_full\earlyblt\earlyblt629.jpg,early_blight,irish
D:\Potato\IrishPotato37G_full\healthy\healthy4336.jpg,healthy,irish
D:\Potato\IrishPotato37G_full\earlyblt\earlyblt6977.jpg,early_blight,irish
D:\Potato\IrishPotato37G_full\earlyblt\earlyblt6386.jpg,early_blight,irish
D:\Potato\IrishPotato37G_full\earlyblt\earlyblt6397.jpg,early_blight,irish
D:\Potato\IrishPotato37G_full\healthy\healthy631.jpg,healthy,irish
D:\Potato\IrishPotato37G_full\earlyblt\earlyblt2265.jpg,early_blight,irish
D:\Potato\IrishPotato37G_full\earlyblt\earlyblt1436.jpg,early_blight,irish
D:\Potato\IrishPotato37G_full\earlyblt\earlyblt787.jpg,early_blight,irish
D:\Potato\IrishPotato37G_full\lateblt\lateblt2511.jpg,late_blight,irish
D:\Potato\IrishPotato37G_full\lateblt\lateblt2925.jpg,late_blight,irish
D:\Potato\IrishPotato37G_full\earlyblt\earlyblt290.jpg,early_blight,irish
D:\Potato\IrishPotato37G_full\lateblt\lateblt1356.jpg,late_blight,irish
D:\Potato\IrishPotato37G_full\lateblt\lateblt1540.jpg,late_blight,irish
D:\Potato\IrishPotato37G_full\healthy\healthy1434.jpg,healthy,irish
D:\Potato\IrishPotato37G_full\lateblt\lateblt2866.jpg,late_blight,irish
D:\Potato\IrishPotato37G_full\healthy\healthy4199.jpg,healthy,irish
D:\Potato\IrishPotato37G_full\lateblt\lateblt1306.jpg,late_blight,irish
D:\Potato\non_leaf\coco_person\000000312720.jpg,non_leaf,coco_person
D:\Potato\IrishPotato37G_full\lateblt\lateblt2280.jpg,late_blight,irish
D:\Potato\IrishPotato37G_full\lateblt\lateblt2653.jpg,late_blight,irish
D:\Potato\IrishPotato37G_full\earlyblt\earlyblt4802.jpg,early_blight,irish
D:\Potato\IrishPotato37G_full\earlyblt\earlyblt3266.jpg,early_blight,irish
D:\Potato\IrishPotato37G_full\healthy\healthy4994.jpg,healthy,irish
D:\Potato\IrishPotato37G_full\lateblt\lateblt820.jpg,late_blight,irish
D:\Potato\IrishPotato37G_full\healthy\healthy3452.jpg,healthy,irish
D:\Potato\IrishPotato37G_full\lateblt\lateblt455.jpg,late_blight,irish
D:\Potato\IrishPotato37G_full\healthy\healthy1464.jpg,healthy,irish
D:\Potato\IrishPotato37G_full\healthy\healthy1404.jpg,healthy,irish
D:\Potato\IrishPotato37G_full\healthy\healthy5222.jpg,healthy,irish
D:\Potato\IrishPotato37G_full\healthy\healthy1750.jpg,healthy,irish
D:\Potato\non_leaf\coco_person\000000580418.jpg,non_leaf,coco_person
D:\Potato\IrishPotato37G_full\lateblt\lateblt532.jpg,late_blight,irish
D:\Potato\IrishPotato37G_full\earlyblt\earlyblt2996.jpg,early_blight,irish
D:\Potato\IrishPotato37G_full\healthy\healthy2278.jpg,healthy,irish
D:\Potato\IrishPotato37G_full\lateblt\lateblt922.jpg,late_blight,irish
D:\Potato\IrishPotato37G_full\lateblt\lateblt1972.jpg,late_blight,irish
D:\Potato\IrishPotato37G_full\lateblt\lateblt556.jpg,late_blight,irish
D:\Potato\IrishPotato37G_full\earlyblt\earlyblt3247.jpg,early_blight,irish
D:\Potato\IrishPotato37G_full\earlyblt\earlyblt6339.jpg,early_blight,irish
D:\Potato\IrishPotato37G_full\earlyblt\earlyblt474.jpg,early_blight,irish
D:\Potato\non_leaf\coco_person\000000553221.jpg,non_leaf,coco_person
D:\Potato\IrishPotato37G_full\lateblt\lateblt2137.jpg,late_blight,irish
D:\Potato\IrishPotato37G_full\lateblt\lateblt1453.jpg,late_blight,irish
D:\Potato\IrishPotato37G_full\lateblt\lateblt819.jpg,late_blight,irish
D:\Potato\IrishPotato37G_full\healthy\healthy2126.jpg,healthy,irish
D:\Potato\IrishPotato37G_full\lateblt\lateblt1381.jpg,late_blight,irish
D:\Potato\IrishPotato37G_full\earlyblt\earlyblt2747.jpg,early_blight,irish
D:\Potato\IrishPotato37G_full\earlyblt\earlyblt1672.jpg,early_blight,irish
D:\Potato\IrishPotato37G_full\lateblt\lateblt53.jpg,late_blight,irish
D:\Potato\IrishPotato37G_full\healthy\healthy3903.jpg,healthy,irish
D:\Potato\IrishPotato37G_full\lateblt\lateblt252.jpg,late_blight,irish
D:\Potato\IrishPotato37G_full\earlyblt\earlyblt4829.jpg,early_blight,irish
D:\Potato\IrishPotato37G_full\healthy\healthy2250.jpg,healthy,irish
D:\Potato\IrishPotato37G_full\healthy\healthy3345.jpg,healthy,irish
D:\Potato\non_leaf\coco_person\000000346703.jpg,non_leaf,coco_person
D:\Potato\IrishPotato37G_full\lateblt\lateblt2085.jpg,late_blight,irish
D:\Potato\IrishPotato37G_full\earlyblt\earlyblt6955.jpg,early_blight,irish
D:\Potato\IrishPotato37G_full\healthy\healthy4093.jpg,healthy,irish
D:\Potato\IrishPotato37G_full\earlyblt\earlyblt2204.jpg,early_blight,irish
D:\Potato\IrishPotato37G_full\lateblt\lateblt2604.jpg,late_blight,irish
D:\Potato\IrishPotato37G_full\earlyblt\earlyblt2714.jpg,early_blight,irish
D:\Potato\IrishPotato37G_full\lateblt\lateblt1338.jpg,late_blight,irish
D:\Potato\IrishPotato37G_full\healthy\healthy3320.jpg,healthy,irish
D:\Potato\IrishPotato37G_full\earlyblt\earlyblt6728.jpg,early_blight,irish
D:\Potato\IrishPotato37G_full\earlyblt\earlyblt807.jpg,early_blight,irish
D:\Potato\IrishPotato37G_full\earlyblt\earlyblt1952.jpg,early_blight,irish
D:\Potato\IrishPotato37G_full\earlyblt\earlyblt6795.jpg,early_blight,irish
D:\Potato\IrishPotato37G_full\healthy\healthy3791.jpg,healthy,irish
D:\Potato\IrishPotato37G_full\earlyblt\earlyblt2327.jpg,early_blight,irish
D:\Potato\IrishPotato37G_full\earlyblt\earlyblt6971.jpg,early_blight,irish
D:\Potato\IrishPotato37G_full\healthy\healthy4462.jpg,healthy,irish
D:\Potato\IrishPotato37G_full\earlyblt\earlyblt655.jpg,early_blight,irish
D:\Potato\IrishPotato37G_full\earlyblt\earlyblt2021.jpg,early_blight,irish
D:\Potato\IrishPotato37G_full\healthy\healthy2259.jpg,healthy,irish
D:\Potato\IrishPotato37G_full\healthy\healthy3131.jpg,healthy,irish
D:\Potato\IrishPotato37G_full\earlyblt\earlyblt312.jpg,early_blight,irish
D:\Potato\IrishPotato37G_full\earlyblt\earlyblt3841.jpg,early_blight,irish
D:\Potato\IrishPotato37G_full\earlyblt\earlyblt1171.jpg,early_blight,irish
D:\Potato\IrishPotato37G_full\lateblt\lateblt280.jpg,late_blight,irish
D:\Potato\IrishPotato37G_full\lateblt\lateblt909.jpg,late_blight,irish
D:\Potato\IrishPotato37G_full\healthy\healthy2791.jpg,healthy,irish
D:\Potato\IrishPotato37G_full\lateblt\lateblt2827.jpg,late_blight,irish
D:\Potato\IrishPotato37G_full\earlyblt\earlyblt7004.jpg,early_blight,irish
D:\Potato\IrishPotato37G_full\lateblt\lateblt2042.jpg,late_blight,irish
D:\Potato\IrishPotato37G_full\lateblt\lateblt1590.jpg,late_blight,irish
D:\Potato\IrishPotato37G_full\lateblt\lateblt770.jpg,late_blight,irish
D:\Potato\IrishPotato37G_full\earlyblt\earlyblt2654.jpg,early_blight,irish
D:\Potato\IrishPotato37G_full\lateblt\lateblt854.jpg,late_blight,irish
D:\Potato\IrishPotato37G_full\healthy\healthy3509.jpg,healthy,irish
D:\Potato\IrishPotato37G_full\earlyblt\earlyblt1175.jpg,early_blight,irish
D:\Potato\IrishPotato37G_full\earlyblt\earlyblt6705.jpg,early_blight,irish
D:\Potato\IrishPotato37G_full\healthy\healthy1366.jpg,healthy,irish
D:\Potato\IrishPotato37G_full\lateblt\lateblt5015.jpg,late_blight,irish
D:\Potato\IrishPotato37G_full\healthy\healthy4961.jpg,healthy,irish
D:\Potato\IrishPotato37G_full\healthy\healthy880.jpg,healthy,irish
D:\Potato\IrishPotato37G_full\earlyblt\earlyblt6932.jpg,early_blight,irish
D:\Potato\IrishPotato37G_full\lateblt\lateblt1175.jpg,late_blight,irish
D:\Potato\IrishPotato37G_full\earlyblt\earlyblt3792.jpg,early_blight,irish
D:\Potato\IrishPotato37G_full\earlyblt\earlyblt6928.jpg,early_blight,irish
D:\Potato\IrishPotato37G_full\earlyblt\earlyblt2252.jpg,early_blight,irish
D:\Potato\IrishPotato37G_full\healthy\healthy1370.jpg,healthy,irish
D:\Potato\IrishPotato37G_full\lateblt\lateblt1513.jpg,late_blight,irish
D:\Potato\IrishPotato37G_full\earlyblt\earlyblt269.jpg,early_blight,irish
D:\Potato\IrishPotato37G_full\healthy\healthy528.jpg,healthy,irish
D:\Potato\IrishPotato37G_full\earlyblt\earlyblt7021.jpg,early_blight,irish
D:\Potato\IrishPotato37G_full\healthy\healthy4001.jpg,healthy,irish
D:\Potato\IrishPotato37G_full\lateblt\lateblt472.jpg,late_blight,irish
D:\Potato\IrishPotato37G_full\lateblt\lateblt677.jpg,late_blight,irish
D:\Potato\non_leaf\coco_person\000000352491.jpg,non_leaf,coco_person
D:\Potato\IrishPotato37G_full\lateblt\lateblt1394.jpg,late_blight,irish
D:\Potato\IrishPotato37G_full\lateblt\lateblt430.jpg,late_blight,irish
D:\Potato\IrishPotato37G_full\lateblt\lateblt2619.jpg,late_blight,irish
D:\Potato\IrishPotato37G_full\lateblt\lateblt535.jpg,late_blight,irish
D:\Potato\IrishPotato37G_full\healthy\healthy4162.jpg,healthy,irish
D:\Potato\IrishPotato37G_full\healthy\healthy3912.jpg,healthy,irish
D:\Potato\IrishPotato37G_full\earlyblt\earlyblt3401.jpg,early_blight,irish
D:\Potato\non_leaf\coco_person\000000535608.jpg,non_leaf,coco_person
D:\Potato\IrishPotato37G_full\lateblt\lateblt571.jpg,late_blight,irish
D:\Potato\IrishPotato37G_full\lateblt\lateblt2891.jpg,late_blight,irish
D:\Potato\IrishPotato37G_full\healthy\healthy3957.jpg,healthy,irish
D:\Potato\IrishPotato37G_full\earlyblt\earlyblt4889.jpg,early_blight,irish
D:\Potato\IrishPotato37G_full\lateblt\lateblt1534.jpg,late_blight,irish
D:\Potato\IrishPotato37G_full\lateblt\lateblt5048.jpg,late_blight,irish
D:\Potato\IrishPotato37G_full\lateblt\lateblt650.jpg,late_blight,irish
D:\Potato\IrishPotato37G_full\lateblt\lateblt1172.jpg,late_blight,irish
D:\Potato\IrishPotato37G_full\healthy\healthy4122.jpg,healthy,irish
D:\Potato\IrishPotato37G_full\lateblt\lateblt833.jpg,late_blight,irish
D:\Potato\IrishPotato37G_full\healthy\healthy2053.jpg,healthy,irish
D:\Potato\IrishPotato37G_full\earlyblt\earlyblt3803.jpg,early_blight,irish
D:\Potato\IrishPotato37G_full\healthy\healthy2316.jpg,healthy,irish
D:\Potato\IrishPotato37G_full\earlyblt\earlyblt5898.jpg,early_blight,irish
D:\Potato\IrishPotato37G_full\lateblt\lateblt22.jpg,late_blight,irish
D:\Potato\IrishPotato37G_full\lateblt\lateblt2228.jpg,late_blight,irish
D:\Potato\IrishPotato37G_full\healthy\healthy831.jpg,healthy,irish
D:\Potato\non_leaf\coco_person\000000281754.jpg,non_leaf,coco_person
D:\Potato\IrishPotato37G_full\healthy\healthy1149.jpg,healthy,irish
D:\Potato\IrishPotato37G_full\earlyblt\earlyblt252.jpg,early_blight,irish
D:\Potato\IrishPotato37G_full\healthy\healthy2773.jpg,healthy,irish
D:\Potato\IrishPotato37G_full\earlyblt\earlyblt1499.jpg,early_blight,irish
D:\Potato\IrishPotato37G_full\healthy\healthy3454.jpg,healthy,irish
D:\Potato\IrishPotato37G_full\earlyblt\earlyblt3897.jpg,early_blight,irish
D:\Potato\IrishPotato37G_full\earlyblt\earlyblt1197.jpg,early_blight,irish
D:\Potato\IrishPotato37G_full\earlyblt\earlyblt4670.jpg,early_blight,irish
D:\Potato\IrishPotato37G_full\lateblt\lateblt887.jpg,late_blight,irish
D:\Potato\IrishPotato37G_full\earlyblt\earlyblt3503.jpg,early_blight,irish
D:\Potato\IrishPotato37G_full\earlyblt\earlyblt3895.jpg,early_blight,irish
D:\Potato\IrishPotato37G_full\lateblt\lateblt1688.jpg,late_blight,irish
D:\Potato\IrishPotato37G_full\healthy\healthy3633.jpg,healthy,irish
D:\Potato\IrishPotato37G_full\earlyblt\earlyblt842.jpg,early_blight,irish
D:\Potato\IrishPotato37G_full\lateblt\lateblt695.jpg,late_blight,irish
D:\Potato\IrishPotato37G_full\lateblt\lateblt1343.jpg,late_blight,irish
D:\Potato\IrishPotato37G_full\earlyblt\earlyblt339.jpg,early_blight,irish
D:\Potato\IrishPotato37G_full\healthy\healthy2051.jpg,healthy,irish
D:\Potato\IrishPotato37G_full\earlyblt\earlyblt6021.jpg,early_blight,irish
D:\Potato\IrishPotato37G_full\earlyblt\earlyblt2019.jpg,early_blight,irish
D:\Potato\IrishPotato37G_full\earlyblt\earlyblt7023.jpg,early_blight,irish
D:\Potato\IrishPotato37G_full\earlyblt\earlyblt2029.jpg,early_blight,irish
D:\Potato\IrishPotato37G_full\earlyblt\earlyblt2598.jpg,early_blight,irish
D:\Potato\IrishPotato37G_full\healthy\healthy3710.jpg,healthy,irish
D:\Potato\non_leaf\coco_person\000000386879.jpg,non_leaf,coco_person
D:\Potato\IrishPotato37G_full\lateblt\lateblt2079.jpg,late_blight,irish
D:\Potato\IrishPotato37G_full\healthy\healthy3631.jpg,healthy,irish
D:\Potato\IrishPotato37G_full\lateblt\lateblt898.jpg,late_blight,irish
D:\Potato\IrishPotato37G_full\healthy\healthy5196.jpg,healthy,irish
D:\Potato\IrishPotato37G_full\earlyblt\earlyblt2310.jpg,early_blight,irish
D:\Potato\IrishPotato37G_full\healthy\healthy3747.jpg,healthy,irish
D:\Potato\IrishPotato37G_full\lateblt\lateblt2704.jpg,late_blight,irish
D:\Potato\IrishPotato37G_full\lateblt\lateblt853.jpg,late_blight,irish
D:\Potato\IrishPotato37G_full\healthy\healthy2705.jpg,healthy,irish
D:\Potato\IrishPotato37G_full\healthy\healthy3035.jpg,healthy,irish
D:\Potato\IrishPotato37G_full\healthy\healthy4245.jpg,healthy,irish
D:\Potato\IrishPotato37G_full\healthy\healthy977.jpg,healthy,irish
D:\Potato\IrishPotato37G_full\lateblt\lateblt792.jpg,late_blight,irish
D:\Potato\IrishPotato37G_full\earlyblt\earlyblt686.jpg,early_blight,irish
D:\Potato\IrishPotato37G_full\healthy\healthy3965.jpg,healthy,irish
D:\Potato\non_leaf\coco_person\000000012639.jpg,non_leaf,coco_person
D:\Potato\IrishPotato37G_full\lateblt\lateblt2707.jpg,late_blight,irish
D:\Potato\IrishPotato37G_full\earlyblt\earlyblt1703.jpg,early_blight,irish
D:\Potato\IrishPotato37G_full\lateblt\lateblt1551.jpg,late_blight,irish
D:\Potato\IrishPotato37G_full\earlyblt\earlyblt1684.jpg,early_blight,irish
D:\Potato\IrishPotato37G_full\healthy\healthy2530.jpg,healthy,irish
D:\Potato\IrishPotato37G_full\healthy\healthy4745.jpg,healthy,irish
D:\Potato\IrishPotato37G_full\lateblt\lateblt1591.jpg,late_blight,irish
D:\Potato\IrishPotato37G_full\healthy\healthy2303.jpg,healthy,irish
D:\Potato\IrishPotato37G_full\healthy\healthy4257.jpg,healthy,irish
D:\Potato\IrishPotato37G_full\healthy\healthy4453.jpg,healthy,irish
D:\Potato\IrishPotato37G_full\earlyblt\earlyblt335.jpg,early_blight,irish
D:\Potato\IrishPotato37G_full\lateblt\lateblt5042.jpg,late_blight,irish
D:\Potato\IrishPotato37G_full\earlyblt\earlyblt2041.jpg,early_blight,irish
D:\Potato\IrishPotato37G_full\lateblt\lateblt2981.jpg,late_blight,irish
D:\Potato\IrishPotato37G_full\lateblt\lateblt2686.jpg,late_blight,irish
D:\Potato\IrishPotato37G_full\healthy\healthy2099.jpg,healthy,irish
D:\Potato\IrishPotato37G_full\healthy\healthy958.jpg,healthy,irish
D:\Potato\IrishPotato37G_full\earlyblt\earlyblt3961.jpg,early_blight,irish
D:\Potato\IrishPotato37G_full\healthy\healthy3942.jpg,healthy,irish
D:\Potato\IrishPotato37G_full\earlyblt\earlyblt1429.jpg,early_blight,irish
D:\Potato\IrishPotato37G_full\earlyblt\earlyblt2487.jpg,early_blight,irish
D:\Potato\IrishPotato37G_full\lateblt\lateblt1364.jpg,late_blight,irish
D:\Potato\IrishPotato37G_full\lateblt\lateblt193.jpg,late_blight,irish
D:\Potato\IrishPotato37G_full\lateblt\lateblt2125.jpg,late_blight,irish
D:\Potato\IrishPotato37G_full\earlyblt\earlyblt2233.jpg,early_blight,irish
D:\Potato\IrishPotato37G_full\earlyblt\earlyblt1576.jpg,early_blight,irish
D:\Potato\non_leaf\coco_person\000000302107.jpg,non_leaf,coco_person
D:\Potato\IrishPotato37G_full\earlyblt\earlyblt1677.jpg,early_blight,irish
D:\Potato\IrishPotato37G_full\healthy\healthy1622.jpg,healthy,irish
D:\Potato\IrishPotato37G_full\lateblt\lateblt520.jpg,late_blight,irish
D:\Potato\IrishPotato37G_full\earlyblt\earlyblt6711.jpg,early_blight,irish
D:\Potato\non_leaf\coco_person\000000332901.jpg,non_leaf,coco_person
D:\Potato\IrishPotato37G_full\healthy\healthy2520.jpg,healthy,irish
D:\Potato\IrishPotato37G_full\healthy\healthy529.jpg,healthy,irish
D:\Potato\IrishPotato37G_full\lateblt\lateblt6.jpg,late_blight,irish
D:\Potato\IrishPotato37G_full\earlyblt\earlyblt4675.jpg,early_blight,irish
D:\Potato\IrishPotato37G_full\healthy\healthy2484.jpg,healthy,irish
D:\Potato\IrishPotato37G_full\lateblt\lateblt2753.jpg,late_blight,irish
D:\Potato\IrishPotato37G_full\earlyblt\earlyblt3083.jpg,early_blight,irish
D:\Potato\IrishPotato37G_full\earlyblt\earlyblt3908.jpg,early_blight,irish
D:\Potato\IrishPotato37G_full\earlyblt\earlyblt2321.jpg,early_blight,irish
D:\Potato\IrishPotato37G_full\earlyblt\earlyblt1601.jpg,early_blight,irish
D:\Potato\IrishPotato37G_full\earlyblt\earlyblt4825.jpg,early_blight,irish
D:\Potato\IrishPotato37G_full\earlyblt\earlyblt6454.jpg,early_blight,irish
D:\Potato\IrishPotato37G_full\lateblt\lateblt1330.jpg,late_blight,irish
D:\Potato\IrishPotato37G_full\lateblt\lateblt654.jpg,late_blight,irish
D:\Potato\IrishPotato37G_full\lateblt\lateblt436.jpg,late_blight,irish
D:\Potato\IrishPotato37G_full\earlyblt\earlyblt2374.jpg,early_blight,irish
D:\Potato\IrishPotato37G_full\healthy\healthy14.jpg,healthy,irish
D:\Potato\IrishPotato37G_full\lateblt\lateblt229.jpg,late_blight,irish
D:\Potato\IrishPotato37G_full\earlyblt\earlyblt3250.jpg,early_blight,irish
D:\Potato\IrishPotato37G_full\lateblt\lateblt2864.jpg,late_blight,irish
D:\Potato\IrishPotato37G_full\healthy\healthy2463.jpg,healthy,irish
D:\Potato\IrishPotato37G_full\earlyblt\earlyblt4916.jpg,early_blight,irish
D:\Potato\IrishPotato37G_full\healthy\healthy4688.jpg,healthy,irish
D:\Potato\IrishPotato37G_full\healthy\healthy3330.jpg,healthy,irish
D:\Potato\IrishPotato37G_full\healthy\healthy124.jpg,healthy,irish
D:\Potato\non_leaf\coco_person\000000042102.jpg,non_leaf,coco_person
D:\Potato\IrishPotato37G_full\healthy\healthy5146.jpg,healthy,irish
D:\Potato\IrishPotato37G_full\healthy\healthy4293.jpg,healthy,irish
D:\Potato\IrishPotato37G_full\earlyblt\earlyblt1597.jpg,early_blight,irish
D:\Potato\IrishPotato37G_full\earlyblt\earlyblt2201.jpg,early_blight,irish
D:\Potato\IrishPotato37G_full\lateblt\lateblt964.jpg,late_blight,irish
D:\Potato\IrishPotato37G_full\lateblt\lateblt2869.jpg,late_blight,irish
D:\Potato\IrishPotato37G_full\lateblt\lateblt2583.jpg,late_blight,irish
D:\Potato\IrishPotato37G_full\lateblt\lateblt2836.jpg,late_blight,irish
D:\Potato\IrishPotato37G_full\earlyblt\earlyblt3766.jpg,early_blight,irish
D:\Potato\IrishPotato37G_full\healthy\healthy1159.jpg,healthy,irish
D:\Potato\IrishPotato37G_full\healthy\healthy1591.jpg,healthy,irish
D:\Potato\IrishPotato37G_full\earlyblt\earlyblt1972.jpg,early_blight,irish
D:\Potato\IrishPotato37G_full\earlyblt\earlyblt2889.jpg,early_blight,irish
D:\Potato\IrishPotato37G_full\healthy\healthy142.jpg,healthy,irish
D:\Potato\IrishPotato37G_full\lateblt\lateblt1451.jpg,late_blight,irish
D:\Potato\IrishPotato37G_full\earlyblt\earlyblt3958.jpg,early_blight,irish
D:\Potato\IrishPotato37G_full\healthy\healthy726.jpg,healthy,irish
D:\Potato\IrishPotato37G_full\healthy\healthy2378.jpg,healthy,irish
D:\Potato\IrishPotato37G_full\healthy\healthy2715.jpg,healthy,irish
D:\Potato\IrishPotato37G_full\lateblt\lateblt1686.jpg,late_blight,irish
D:\Potato\IrishPotato37G_full\earlyblt\earlyblt3224.jpg,early_blight,irish
D:\Potato\IrishPotato37G_full\lateblt\lateblt1905.jpg,late_blight,irish
D:\Potato\IrishPotato37G_full\healthy\healthy873.jpg,healthy,irish
D:\Potato\IrishPotato37G_full\lateblt\lateblt2655.jpg,late_blight,irish
D:\Potato\IrishPotato37G_full\lateblt\lateblt1149.jpg,late_blight,irish
D:\Potato\IrishPotato37G_full\lateblt\lateblt220.jpg,late_blight,irish
D:\Potato\IrishPotato37G_full\lateblt\lateblt1989.jpg,late_blight,irish
D:\Potato\IrishPotato37G_full\earlyblt\earlyblt3002.jpg,early_blight,irish
D:\Potato\IrishPotato37G_full\healthy\healthy5623.jpg,healthy,irish
D:\Potato\IrishPotato37G_full\lateblt\lateblt1431.jpg,late_blight,irish
D:\Potato\IrishPotato37G_full\healthy\healthy1382.jpg,healthy,irish
D:\Potato\IrishPotato37G_full\earlyblt\earlyblt209.jpg,early_blight,irish
D:\Potato\IrishPotato37G_full\earlyblt\earlyblt1454.jpg,early_blight,irish
D:\Potato\IrishPotato37G_full\healthy\healthy2876.jpg,healthy,irish
D:\Potato\IrishPotato37G_full\healthy\healthy5200.jpg,healthy,irish
D:\Potato\IrishPotato37G_full\earlyblt\earlyblt6260.jpg,early_blight,irish
D:\Potato\IrishPotato37G_full\earlyblt\earlyblt3430.jpg,early_blight,irish
D:\Potato\IrishPotato37G_full\earlyblt\earlyblt3042.jpg,early_blight,irish
D:\Potato\IrishPotato37G_full\lateblt\lateblt2700.jpg,late_blight,irish
D:\Potato\non_leaf\coco_person\000000176606.jpg,non_leaf,coco_person
D:\Potato\IrishPotato37G_full\healthy\healthy3613.jpg,healthy,irish
D:\Potato\IrishPotato37G_full\lateblt\lateblt720.jpg,late_blight,irish
D:\Potato\IrishPotato37G_full\healthy\healthy5293.jpg,healthy,irish
D:\Potato\IrishPotato37G_full\earlyblt\earlyblt3281.jpg,early_blight,irish
D:\Potato\IrishPotato37G_full\lateblt\lateblt2029.jpg,late_blight,irish
D:\Potato\IrishPotato37G_full\lateblt\lateblt949.jpg,late_blight,irish
D:\Potato\IrishPotato37G_full\healthy\healthy2709.jpg,healthy,irish
D:\Potato\IrishPotato37G_full\lateblt\lateblt2994.jpg,late_blight,irish
D:\Potato\IrishPotato37G_full\healthy\healthy532.jpg,healthy,irish
D:\Potato\IrishPotato37G_full\earlyblt\earlyblt6284.jpg,early_blight,irish
D:\Potato\IrishPotato37G_full\healthy\healthy533.jpg,healthy,irish
D:\Potato\IrishPotato37G_full\healthy\healthy4048.jpg,healthy,irish
D:\Potato\IrishPotato37G_full\lateblt\lateblt2006.jpg,late_blight,irish
D:\Potato\IrishPotato37G_full\healthy\healthy97.jpg,healthy,irish
D:\Potato\IrishPotato37G_full\healthy\healthy107.jpg,healthy,irish
D:\Potato\non_leaf\coco_person\000000025603.jpg,non_leaf,coco_person
D:\Potato\IrishPotato37G_full\lateblt\lateblt2713.jpg,late_blight,irish
D:\Potato\non_leaf\coco_person\000000083540.jpg,non_leaf,coco_person
D:\Potato\IrishPotato37G_full\earlyblt\earlyblt1723.jpg,early_blight,irish
D:\Potato\IrishPotato37G_full\lateblt\lateblt74.jpg,late_blight,irish
D:\Potato\IrishPotato37G_full\earlyblt\earlyblt1921.jpg,early_blight,irish
D:\Potato\IrishPotato37G_full\earlyblt\earlyblt6993.jpg,early_blight,irish
D:\Potato\IrishPotato37G_full\lateblt\lateblt2246.jpg,late_blight,irish
D:\Potato\IrishPotato37G_full\healthy\healthy4470.jpg,healthy,irish
D:\Potato\IrishPotato37G_full\lateblt\lateblt1973.jpg,late_blight,irish
D:\Potato\IrishPotato37G_full\lateblt\lateblt401.jpg,late_blight,irish
D:\Potato\IrishPotato37G_full\earlyblt\earlyblt3162.jpg,early_blight,irish
D:\Potato\IrishPotato37G_full\lateblt\lateblt911.jpg,late_blight,irish
D:\Potato\IrishPotato37G_full\lateblt\lateblt2628.jpg,late_blight,irish
D:\Potato\IrishPotato37G_full\healthy\healthy1612.jpg,healthy,irish
D:\Potato\non_leaf\coco_person\000000065798.jpg,non_leaf,coco_person
D:\Potato\IrishPotato37G_full\earlyblt\earlyblt6638.jpg,early_blight,irish
D:\Potato\IrishPotato37G_full\earlyblt\earlyblt2758.jpg,early_blight,irish
D:\Potato\IrishPotato37G_full\earlyblt\earlyblt3445.jpg,early_blight,irish
D:\Potato\IrishPotato37G_full\lateblt\lateblt1507.jpg,late_blight,irish
D:\Potato\IrishPotato37G_full\earlyblt\earlyblt2429.jpg,early_blight,irish
D:\Potato\IrishPotato37G_full\healthy\healthy1701.jpg,healthy,irish
D:\Potato\IrishPotato37G_full\earlyblt\earlyblt140.jpg,early_blight,irish
D:\Potato\non_leaf\coco_person\000000463522.jpg,non_leaf,coco_person
D:\Potato\IrishPotato37G_full\earlyblt\earlyblt931.jpg,early_blight,irish
D:\Potato\IrishPotato37G_full\healthy\healthy2989.jpg,healthy,irish
D:\Potato\non_leaf\coco_person\000000579635.jpg,non_leaf,coco_person
D:\Potato\IrishPotato37G_full\earlyblt\earlyblt6429.jpg,early_blight,irish
D:\Potato\IrishPotato37G_full\earlyblt\earlyblt1523.jpg,early_blight,irish
D:\Potato\non_leaf\coco_person\000000489305.jpg,non_leaf,coco_person
D:\Potato\IrishPotato37G_full\lateblt\lateblt2807.jpg,late_blight,irish
D:\Potato\IrishPotato37G_full\earlyblt\earlyblt1545.jpg,early_blight,irish
D:\Potato\IrishPotato37G_full\healthy\healthy2462.jpg,healthy,irish
D:\Potato\IrishPotato37G_full\earlyblt\earlyblt1781.jpg,early_blight,irish
D:\Potato\non_leaf\coco_person\000000393469.jpg,non_leaf,coco_person
D:\Potato\IrishPotato37G_full\healthy\healthy1167.jpg,healthy,irish
D:\Potato\IrishPotato37G_full\lateblt\lateblt150.jpg,late_blight,irish
D:\Potato\IrishPotato37G_full\healthy\healthy2360.jpg,healthy,irish
D:\Potato\IrishPotato37G_full\lateblt\lateblt421.jpg,late_blight,irish
D:\Potato\IrishPotato37G_full\earlyblt\earlyblt378.jpg,early_blight,irish
D:\Potato\IrishPotato37G_full\earlyblt\earlyblt6062.jpg,early_blight,irish
D:\Potato\IrishPotato37G_full\healthy\healthy4098.jpg,healthy,irish
D:\Potato\IrishPotato37G_full\lateblt\lateblt93.jpg,late_blight,irish
D:\Potato\IrishPotato37G_full\lateblt\lateblt616.jpg,late_blight,irish
D:\Potato\IrishPotato37G_full\lateblt\lateblt2867.jpg,late_blight,irish
D:\Potato\IrishPotato37G_full\healthy\healthy4715.jpg,healthy,irish
D:\Potato\IrishPotato37G_full\earlyblt\earlyblt4951.jpg,early_blight,irish
D:\Potato\IrishPotato37G_full\earlyblt\earlyblt3052.jpg,early_blight,irish
D:\Potato\IrishPotato37G_full\healthy\healthy1497.jpg,healthy,irish
D:\Potato\IrishPotato37G_full\healthy\healthy4894.jpg,healthy,irish
D:\Potato\IrishPotato37G_full\healthy\healthy3711.jpg,healthy,irish
D:\Potato\IrishPotato37G_full\healthy\healthy5622.jpg,healthy,irish
D:\Potato\IrishPotato37G_full\healthy\healthy1334.jpg,healthy,irish
D:\Potato\non_leaf\coco_person\000000036539.jpg,non_leaf,coco_person
D:\Potato\IrishPotato37G_full\earlyblt\earlyblt3716.jpg,early_blight,irish
D:\Potato\IrishPotato37G_full\healthy\healthy35.jpg,healthy,irish
D:\Potato\IrishPotato37G_full\lateblt\lateblt2204.jpg,late_blight,irish
D:\Potato\IrishPotato37G_full\earlyblt\earlyblt1987.jpg,early_blight,irish
D:\Potato\IrishPotato37G_full\lateblt\lateblt178.jpg,late_blight,irish
D:\Potato\IrishPotato37G_full\earlyblt\earlyblt939.jpg,early_blight,irish
D:\Potato\IrishPotato37G_full\lateblt\lateblt1671.jpg,late_blight,irish
D:\Potato\IrishPotato37G_full\lateblt\lateblt1677.jpg,late_blight,irish
D:\Potato\IrishPotato37G_full\earlyblt\earlyblt2556.jpg,early_blight,irish
D:\Potato\IrishPotato37G_full\earlyblt\earlyblt771.jpg,early_blight,irish
D:\Potato\IrishPotato37G_full\lateblt\lateblt2452.jpg,late_blight,irish
D:\Potato\IrishPotato37G_full\lateblt\lateblt900.jpg,late_blight,irish
D:\Potato\IrishPotato37G_full\earlyblt\earlyblt2749.jpg,early_blight,irish
D:\Potato\IrishPotato37G_full\earlyblt\earlyblt3579.jpg,early_blight,irish
D:\Potato\IrishPotato37G_full\healthy\healthy5232.jpg,healthy,irish
D:\Potato\IrishPotato37G_full\lateblt\lateblt2603.jpg,late_blight,irish
D:\Potato\IrishPotato37G_full\lateblt\lateblt1665.jpg,late_blight,irish
D:\Potato\IrishPotato37G_full\lateblt\lateblt2991.jpg,late_blight,irish
D:\Potato\IrishPotato37G_full\earlyblt\earlyblt371.jpg,early_blight,irish
D:\Potato\non_leaf\coco_person\000000082812.jpg,non_leaf,coco_person
D:\Potato\IrishPotato37G_full\lateblt\lateblt45.jpg,late_blight,irish
D:\Potato\IrishPotato37G_full\lateblt\lateblt236.jpg,late_blight,irish
D:\Potato\IrishPotato37G_full\healthy\healthy2774.jpg,healthy,irish
D:\Potato\IrishPotato37G_full\healthy\healthy628.jpg,healthy,irish
D:\Potato\IrishPotato37G_full\earlyblt\earlyblt435.jpg,early_blight,irish
D:\Potato\IrishPotato37G_full\lateblt\lateblt749.jpg,late_blight,irish
D:\Potato\IrishPotato37G_full\healthy\healthy3676.jpg,healthy,irish
D:\Potato\IrishPotato37G_full\lateblt\lateblt1420.jpg,late_blight,irish
D:\Potato\IrishPotato37G_full\healthy\healthy1586.jpg,healthy,irish
D:\Potato\IrishPotato37G_full\lateblt\lateblt540.jpg,late_blight,irish
D:\Potato\IrishPotato37G_full\healthy\healthy2007.jpg,healthy,irish
D:\Potato\IrishPotato37G_full\healthy\healthy846.jpg,healthy,irish
D:\Potato\IrishPotato37G_full\healthy\healthy4063.jpg,healthy,irish
D:\Potato\IrishPotato37G_full\lateblt\lateblt2881.jpg,late_blight,irish
D:\Potato\IrishPotato37G_full\healthy\healthy4956.jpg,healthy,irish
D:\Potato\IrishPotato37G_full\lateblt\lateblt419.jpg,late_blight,irish
D:\Potato\IrishPotato37G_full\lateblt\lateblt1941.jpg,late_blight,irish
D:\Potato\IrishPotato37G_full\healthy\healthy4911.jpg,healthy,irish
D:\Potato\IrishPotato37G_full\earlyblt\earlyblt1696.jpg,early_blight,irish
D:\Potato\IrishPotato37G_full\lateblt\lateblt2915.jpg,late_blight,irish
D:\Potato\IrishPotato37G_full\lateblt\lateblt2272.jpg,late_blight,irish
D:\Potato\non_leaf\coco_person\000000012748.jpg,non_leaf,coco_person
D:\Potato\IrishPotato37G_full\lateblt\lateblt1424.jpg,late_blight,irish
D:\Potato\IrishPotato37G_full\earlyblt\earlyblt4686.jpg,early_blight,irish
D:\Potato\IrishPotato37G_full\earlyblt\earlyblt6630.jpg,early_blight,irish
D:\Potato\IrishPotato37G_full\lateblt\lateblt2646.jpg,late_blight,irish
D:\Potato\IrishPotato37G_full\lateblt\lateblt970.jpg,late_blight,irish
D:\Potato\IrishPotato37G_full\lateblt\lateblt1179.jpg,late_blight,irish
D:\Potato\IrishPotato37G_full\earlyblt\earlyblt1132.jpg,early_blight,irish
D:\Potato\IrishPotato37G_full\healthy\healthy4411.jpg,healthy,irish
D:\Potato\IrishPotato37G_full\healthy\healthy5187.jpg,healthy,irish
D:\Potato\IrishPotato37G_full\earlyblt\earlyblt152.jpg,early_blight,irish
D:\Potato\IrishPotato37G_full\healthy\healthy2813.jpg,healthy,irish
D:\Potato\IrishPotato37G_full\earlyblt\earlyblt1077.jpg,early_blight,irish
D:\Potato\IrishPotato37G_full\healthy\healthy547.jpg,healthy,irish
D:\Potato\IrishPotato37G_full\lateblt\lateblt2422.jpg,late_blight,irish
D:\Potato\IrishPotato37G_full\earlyblt\earlyblt3431.jpg,early_blight,irish
D:\Potato\IrishPotato37G_full\earlyblt\earlyblt1660.jpg,early_blight,irish
D:\Potato\IrishPotato37G_full\earlyblt\earlyblt3279.jpg,early_blight,irish
D:\Potato\IrishPotato37G_full\healthy\healthy1281.jpg,healthy,irish
D:\Potato\IrishPotato37G_full\healthy\healthy2149.jpg,healthy,irish
D:\Potato\IrishPotato37G_full\earlyblt\earlyblt877.jpg,early_blight,irish
D:\Potato\IrishPotato37G_full\earlyblt\earlyblt133.jpg,early_blight,irish
D:\Potato\IrishPotato37G_full\healthy\healthy3792.jpg,healthy,irish
D:\Potato\IrishPotato37G_full\earlyblt\earlyblt4830.jpg,early_blight,irish
D:\Potato\IrishPotato37G_full\healthy\healthy582.jpg,healthy,irish
D:\Potato\IrishPotato37G_full\healthy\healthy2158.jpg,healthy,irish
D:\Potato\IrishPotato37G_full\healthy\healthy3347.jpg,healthy,irish
D:\Potato\IrishPotato37G_full\lateblt\lateblt655.jpg,late_blight,irish
D:\Potato\IrishPotato37G_full\earlyblt\earlyblt2048.jpg,early_blight,irish
D:\Potato\IrishPotato37G_full\healthy\healthy3400.jpg,healthy,irish
D:\Potato\IrishPotato37G_full\earlyblt\earlyblt6754.jpg,early_blight,irish
D:\Potato\IrishPotato37G_full\earlyblt\earlyblt713.jpg,early_blight,irish
D:\Potato\IrishPotato37G_full\earlyblt\earlyblt3263.jpg,early_blight,irish
D:\Potato\IrishPotato37G_full\healthy\healthy2347.jpg,healthy,irish
D:\Potato\IrishPotato37G_full\earlyblt\earlyblt964.jpg,early_blight,irish
D:\Potato\IrishPotato37G_full\earlyblt\earlyblt1965.jpg,early_blight,irish
D:\Potato\IrishPotato37G_full\earlyblt\earlyblt1729.jpg,early_blight,irish
D:\Potato\IrishPotato37G_full\lateblt\lateblt1352.jpg,late_blight,irish
D:\Potato\IrishPotato37G_full\lateblt\lateblt133.jpg,late_blight,irish
D:\Potato\IrishPotato37G_full\earlyblt\earlyblt2769.jpg,early_blight,irish
D:\Potato\IrishPotato37G_full\earlyblt\earlyblt2155.jpg,early_blight,irish
D:\Potato\IrishPotato37G_full\earlyblt\earlyblt3438.jpg,early_blight,irish
D:\Potato\IrishPotato37G_full\lateblt\lateblt63.jpg,late_blight,irish
D:\Potato\IrishPotato37G_full\healthy\healthy3340.jpg,healthy,irish
D:\Potato\IrishPotato37G_full\healthy\healthy932.jpg,healthy,irish
D:\Potato\IrishPotato37G_full\earlyblt\earlyblt2073.jpg,early_blight,irish
D:\Potato\IrishPotato37G_full\healthy\healthy4713.jpg,healthy,irish
D:\Potato\IrishPotato37G_full\healthy\healthy4949.jpg,healthy,irish
D:\Potato\IrishPotato37G_full\lateblt\lateblt1525.jpg,late_blight,irish
D:\Potato\IrishPotato37G_full\healthy\healthy1672.jpg,healthy,irish
D:\Potato\IrishPotato37G_full\lateblt\lateblt907.jpg,late_blight,irish
D:\Potato\IrishPotato37G_full\earlyblt\earlyblt4672.jpg,early_blight,irish
D:\Potato\IrishPotato37G_full\earlyblt\earlyblt2863.jpg,early_blight,irish
D:\Potato\IrishPotato37G_full\lateblt\lateblt2571.jpg,late_blight,irish
D:\Potato\IrishPotato37G_full\lateblt\lateblt412.jpg,late_blight,irish
D:\Potato\IrishPotato37G_full\earlyblt\earlyblt904.jpg,early_blight,irish
D:\Potato\IrishPotato37G_full\earlyblt\earlyblt4860.jpg,early_blight,irish
D:\Potato\IrishPotato37G_full\healthy\healthy2429.jpg,healthy,irish
D:\Potato\IrishPotato37G_full\lateblt\lateblt2261.jpg,late_blight,irish
D:\Potato\IrishPotato37G_full\earlyblt\earlyblt2138.jpg,early_blight,irish
D:\Potato\IrishPotato37G_full\healthy\healthy5242.jpg,healthy,irish
D:\Potato\IrishPotato37G_full\healthy\healthy3530.jpg,healthy,irish
D:\Potato\IrishPotato37G_full\earlyblt\earlyblt6488.jpg,early_blight,irish
D:\Potato\IrishPotato37G_full\earlyblt\earlyblt2486.jpg,early_blight,irish
D:\Potato\IrishPotato37G_full\healthy\healthy1449.jpg,healthy,irish
D:\Potato\IrishPotato37G_full\earlyblt\earlyblt1444.jpg,early_blight,irish
D:\Potato\IrishPotato37G_full\healthy\healthy4225.jpg,healthy,irish
D:\Potato\IrishPotato37G_full\earlyblt\earlyblt2034.jpg,early_blight,irish
D:\Potato\IrishPotato37G_full\lateblt\lateblt1621.jpg,late_blight,irish
D:\Potato\IrishPotato37G_full\lateblt\lateblt203.jpg,late_blight,irish
D:\Potato\IrishPotato37G_full\lateblt\lateblt1188.jpg,late_blight,irish
D:\Potato\IrishPotato37G_full\earlyblt\earlyblt6460.jpg,early_blight,irish
D:\Potato\IrishPotato37G_full\lateblt\lateblt2116.jpg,late_blight,irish
D:\Potato\IrishPotato37G_full\earlyblt\earlyblt3862.jpg,early_blight,irish
D:\Potato\IrishPotato37G_full\lateblt\lateblt2282.jpg,late_blight,irish
D:\Potato\IrishPotato37G_full\earlyblt\earlyblt1624.jpg,early_blight,irish
D:\Potato\IrishPotato37G_full\healthy\healthy2996.jpg,healthy,irish
D:\Potato\IrishPotato37G_full\healthy\healthy318.jpg,healthy,irish
D:\Potato\IrishPotato37G_full\lateblt\lateblt1475.jpg,late_blight,irish
D:\Potato\IrishPotato37G_full\healthy\healthy2170.jpg,healthy,irish
D:\Potato\IrishPotato37G_full\lateblt\lateblt649.jpg,late_blight,irish
D:\Potato\IrishPotato37G_full\lateblt\lateblt76.jpg,late_blight,irish
D:\Potato\IrishPotato37G_full\earlyblt\earlyblt3737.jpg,early_blight,irish
D:\Potato\IrishPotato37G_full\earlyblt\earlyblt6307.jpg,early_blight,irish
D:\Potato\IrishPotato37G_full\healthy\healthy2151.jpg,healthy,irish
D:\Potato\IrishPotato37G_full\healthy\healthy1245.jpg,healthy,irish
D:\Potato\IrishPotato37G_full\earlyblt\earlyblt2883.jpg,early_blight,irish
D:\Potato\IrishPotato37G_full\healthy\healthy1624.jpg,healthy,irish
D:\Potato\IrishPotato37G_full\lateblt\lateblt1312.jpg,late_blight,irish
D:\Potato\IrishPotato37G_full\earlyblt\earlyblt3256.jpg,early_blight,irish
D:\Potato\IrishPotato37G_full\earlyblt\earlyblt4847.jpg,early_blight,irish
D:\Potato\IrishPotato37G_full\earlyblt\earlyblt1486.jpg,early_blight,irish
D:\Potato\IrishPotato37G_full\healthy\healthy2538.jpg,healthy,irish
D:\Potato\IrishPotato37G_full\earlyblt\earlyblt6098.jpg,early_blight,irish
D:\Potato\IrishPotato37G_full\lateblt\lateblt1568.jpg,late_blight,irish
D:\Potato\IrishPotato37G_full\earlyblt\earlyblt2301.jpg,early_blight,irish
D:\Potato\IrishPotato37G_full\earlyblt\earlyblt6064.jpg,early_blight,irish
D:\Potato\IrishPotato37G_full\healthy\healthy5135.jpg,healthy,irish
D:\Potato\IrishPotato37G_full\healthy\healthy4846.jpg,healthy,irish
D:\Potato\IrishPotato37G_full\lateblt\lateblt2514.jpg,late_blight,irish
D:\Potato\IrishPotato37G_full\healthy\healthy1260.jpg,healthy,irish
D:\Potato\IrishPotato37G_full\lateblt\lateblt542.jpg,late_blight,irish
D:\Potato\IrishPotato37G_full\healthy\healthy4899.jpg,healthy,irish
D:\Potato\IrishPotato37G_full\lateblt\lateblt2250.jpg,late_blight,irish
D:\Potato\IrishPotato37G_full\earlyblt\earlyblt6479.jpg,early_blight,irish
D:\Potato\IrishPotato37G_full\lateblt\lateblt1952.jpg,late_blight,irish
D:\Potato\IrishPotato37G_full\lateblt\lateblt160.jpg,late_blight,irish
D:\Potato\IrishPotato37G_full\lateblt\lateblt878.jpg,late_blight,irish
D:\Potato\IrishPotato37G_full\lateblt\lateblt2477.jpg,late_blight,irish
D:\Potato\IrishPotato37G_full\lateblt\lateblt2193.jpg,late_blight,irish
D:\Potato\IrishPotato37G_full\healthy\healthy4635.jpg,healthy,irish
D:\Potato\IrishPotato37G_full\earlyblt\earlyblt743.jpg,early_blight,irish
D:\Potato\IrishPotato37G_full\lateblt\lateblt1384.jpg,late_blight,irish
D:\Potato\IrishPotato37G_full\earlyblt\earlyblt1638.jpg,early_blight,irish
D:\Potato\IrishPotato37G_full\healthy\healthy4043.jpg,healthy,irish
D:\Potato\IrishPotato37G_full\earlyblt\earlyblt1487.jpg,early_blight,irish
D:\Potato\IrishPotato37G_full\lateblt\lateblt1501.jpg,late_blight,irish
D:\Potato\IrishPotato37G_full\lateblt\lateblt2760.jpg,late_blight,irish
D:\Potato\IrishPotato37G_full\healthy\healthy2528.jpg,healthy,irish
D:\Potato\IrishPotato37G_full\lateblt\lateblt684.jpg,late_blight,irish
D:\Potato\IrishPotato37G_full\earlyblt\earlyblt2741.jpg,early_blight,irish
D:\Potato\IrishPotato37G_full\earlyblt\earlyblt6291.jpg,early_blight,irish
D:\Potato\IrishPotato37G_full\healthy\healthy3391.jpg,healthy,irish
D:\Potato\IrishPotato37G_full\healthy\healthy1511.jpg,healthy,irish
D:\Potato\IrishPotato37G_full\lateblt\lateblt2969.jpg,late_blight,irish
D:\Potato\IrishPotato37G_full\lateblt\lateblt2169.jpg,late_blight,irish
D:\Potato\IrishPotato37G_full\lateblt\lateblt595.jpg,late_blight,irish
D:\Potato\IrishPotato37G_full\lateblt\lateblt1347.jpg,late_blight,irish
D:\Potato\IrishPotato37G_full\healthy\healthy659.jpg,healthy,irish
D:\Potato\non_leaf\coco_person\000000361919.jpg,non_leaf,coco_person
D:\Potato\IrishPotato37G_full\healthy\healthy4131.jpg,healthy,irish
D:\Potato\IrishPotato37G_full\earlyblt\earlyblt6738.jpg,early_blight,irish
D:\Potato\IrishPotato37G_full\earlyblt\earlyblt4891.jpg,early_blight,irish
D:\Potato\IrishPotato37G_full\healthy\healthy2236.jpg,healthy,irish
D:\Potato\IrishPotato37G_full\lateblt\lateblt609.jpg,late_blight,irish
D:\Potato\IrishPotato37G_full\earlyblt\earlyblt2422.jpg,early_blight,irish
D:\Potato\IrishPotato37G_full\earlyblt\earlyblt1577.jpg,early_blight,irish
D:\Potato\IrishPotato37G_full\earlyblt\earlyblt6423.jpg,early_blight,irish
D:\Potato\IrishPotato37G_full\earlyblt\earlyblt846.jpg,early_blight,irish
D:\Potato\IrishPotato37G_full\healthy\healthy4.jpg,healthy,irish
D:\Potato\IrishPotato37G_full\earlyblt\earlyblt4787.jpg,early_blight,irish
D:\Potato\IrishPotato37G_full\healthy\healthy4858.jpg,healthy,irish
D:\Potato\IrishPotato37G_full\lateblt\lateblt1663.jpg,late_blight,irish
D:\Potato\IrishPotato37G_full\earlyblt\earlyblt4968.jpg,early_blight,irish
D:\Potato\IrishPotato37G_full\healthy\healthy6.jpg,healthy,irish
D:\Potato\IrishPotato37G_full\earlyblt\earlyblt1837.jpg,early_blight,irish
D:\Potato\IrishPotato37G_full\healthy\healthy2228.jpg,healthy,irish
D:\Potato\IrishPotato37G_full\earlyblt\earlyblt4900.jpg,early_blight,irish
D:\Potato\IrishPotato37G_full\earlyblt\earlyblt946.jpg,early_blight,irish
D:\Potato\IrishPotato37G_full\healthy\healthy4792.jpg,healthy,irish
D:\Potato\non_leaf\coco_person\000000151657.jpg,non_leaf,coco_person
D:\Potato\IrishPotato37G_full\lateblt\lateblt2488.jpg,late_blight,irish
D:\Potato\IrishPotato37G_full\healthy\healthy3542.jpg,healthy,irish
D:\Potato\IrishPotato37G_full\lateblt\lateblt999.jpg,late_blight,irish
D:\Potato\IrishPotato37G_full\earlyblt\earlyblt1688.jpg,early_blight,irish
D:\Potato\IrishPotato37G_full\healthy\healthy4439.jpg,healthy,irish
D:\Potato\IrishPotato37G_full\earlyblt\earlyblt2656.jpg,early_blight,irish
D:\Potato\IrishPotato37G_full\lateblt\lateblt2928.jpg,late_blight,irish
D:\Potato\IrishPotato37G_full\lateblt\lateblt446.jpg,late_blight,irish
D:\Potato\IrishPotato37G_full\healthy\healthy2523.jpg,healthy,irish
D:\Potato\IrishPotato37G_full\earlyblt\earlyblt2734.jpg,early_blight,irish
D:\Potato\IrishPotato37G_full\healthy\healthy2595.jpg,healthy,irish
D:\Potato\IrishPotato37G_full\lateblt\lateblt2031.jpg,late_blight,irish
D:\Potato\IrishPotato37G_full\healthy\healthy886.jpg,healthy,irish
D:\Potato\IrishPotato37G_full\earlyblt\earlyblt2652.jpg,early_blight,irish
D:\Potato\IrishPotato37G_full\healthy\healthy2043.jpg,healthy,irish
D:\Potato\IrishPotato37G_full\healthy\healthy131.jpg,healthy,irish
D:\Potato\IrishPotato37G_full\earlyblt\earlyblt3822.jpg,early_blight,irish
D:\Potato\IrishPotato37G_full\earlyblt\earlyblt2692.jpg,early_blight,irish
D:\Potato\IrishPotato37G_full\healthy\healthy1480.jpg,healthy,irish
D:\Potato\non_leaf\coco_person\000000335328.jpg,non_leaf,coco_person
D:\Potato\IrishPotato37G_full\healthy\healthy5482.jpg,healthy,irish
D:\Potato\IrishPotato37G_full\healthy\healthy69.jpg,healthy,irish
D:\Potato\IrishPotato37G_full\lateblt\lateblt2485.jpg,late_blight,irish
D:\Potato\IrishPotato37G_full\earlyblt\earlyblt275.jpg,early_blight,irish
D:\Potato\IrishPotato37G_full\earlyblt\earlyblt255.jpg,early_blight,irish
D:\Potato\IrishPotato37G_full\lateblt\lateblt679.jpg,late_blight,irish
D:\Potato\IrishPotato37G_full\earlyblt\earlyblt2930.jpg,early_blight,irish
D:\Potato\IrishPotato37G_full\lateblt\lateblt950.jpg,late_blight,irish
D:\Potato\IrishPotato37G_full\healthy\healthy3508.jpg,healthy,irish
D:\Potato\IrishPotato37G_full\lateblt\lateblt479.jpg,late_blight,irish
D:\Potato\IrishPotato37G_full\healthy\healthy64.jpg,healthy,irish
D:\Potato\IrishPotato37G_full\healthy\healthy345.jpg,healthy,irish
D:\Potato\IrishPotato37G_full\earlyblt\earlyblt2849.jpg,early_blight,irish
D:\Potato\IrishPotato37G_full\healthy\healthy1762.jpg,healthy,irish
D:\Potato\IrishPotato37G_full\earlyblt\earlyblt2995.jpg,early_blight,irish
D:\Potato\IrishPotato37G_full\lateblt\lateblt5059.jpg,late_blight,irish
D:\Potato\IrishPotato37G_full\earlyblt\earlyblt259.jpg,early_blight,irish
D:\Potato\non_leaf\coco_person\000000347174.jpg,non_leaf,coco_person
D:\Potato\IrishPotato37G_full\healthy\healthy143.jpg,healthy,irish
D:\Potato\IrishPotato37G_full\earlyblt\earlyblt878.jpg,early_blight,irish
D:\Potato\IrishPotato37G_full\lateblt\lateblt1566.jpg,late_blight,irish
D:\Potato\IrishPotato37G_full\earlyblt\earlyblt2805.jpg,early_blight,irish
D:\Potato\IrishPotato37G_full\healthy\healthy5236.jpg,healthy,irish
D:\Potato\IrishPotato37G_full\lateblt\lateblt138.jpg,late_blight,irish
D:\Potato\IrishPotato37G_full\earlyblt\earlyblt142.jpg,early_blight,irish
D:\Potato\IrishPotato37G_full\lateblt\lateblt2975.jpg,late_blight,irish
D:\Potato\IrishPotato37G_full\lateblt\lateblt661.jpg,late_blight,irish
D:\Potato\IrishPotato37G_full\lateblt\lateblt1191.jpg,late_blight,irish
D:\Potato\IrishPotato37G_full\healthy\healthy576.jpg,healthy,irish
D:\Potato\IrishPotato37G_full\healthy\healthy3788.jpg,healthy,irish
D:\Potato\IrishPotato37G_full\earlyblt\earlyblt2982.jpg,early_blight,irish
D:\Potato\IrishPotato37G_full\healthy\healthy538.jpg,healthy,irish
D:\Potato\IrishPotato37G_full\lateblt\lateblt664.jpg,late_blight,irish
D:\Potato\IrishPotato37G_full\earlyblt\earlyblt3959.jpg,early_blight,irish
D:\Potato\IrishPotato37G_full\earlyblt\earlyblt1720.jpg,early_blight,irish
D:\Potato\IrishPotato37G_full\healthy\healthy3012.jpg,healthy,irish
D:\Potato\IrishPotato37G_full\healthy\healthy2768.jpg,healthy,irish
D:\Potato\IrishPotato37G_full\healthy\healthy4433.jpg,healthy,irish
D:\Potato\IrishPotato37G_full\lateblt\lateblt1334.jpg,late_blight,irish
D:\Potato\IrishPotato37G_full\earlyblt\earlyblt2080.jpg,early_blight,irish
D:\Potato\IrishPotato37G_full\earlyblt\earlyblt2688.jpg,early_blight,irish
D:\Potato\IrishPotato37G_full\lateblt\lateblt629.jpg,late_blight,irish
D:\Potato\IrishPotato37G_full\earlyblt\earlyblt6640.jpg,early_blight,irish
D:\Potato\non_leaf\coco_person\000000179141.jpg,non_leaf,coco_person
D:\Potato\IrishPotato37G_full\lateblt\lateblt49.jpg,late_blight,irish
D:\Potato\IrishPotato37G_full\lateblt\lateblt2668.jpg,late_blight,irish
D:\Potato\non_leaf\coco_person\000000248334.jpg,non_leaf,coco_person
D:\Potato\IrishPotato37G_full\earlyblt\earlyblt2698.jpg,early_blight,irish
D:\Potato\IrishPotato37G_full\earlyblt\earlyblt2126.jpg,early_blight,irish
D:\Potato\IrishPotato37G_full\lateblt\lateblt1435.jpg,late_blight,irish
D:\Potato\IrishPotato37G_full\lateblt\lateblt290.jpg,late_blight,irish
D:\Potato\IrishPotato37G_full\earlyblt\earlyblt2653.jpg,early_blight,irish
D:\Potato\IrishPotato37G_full\lateblt\lateblt2187.jpg,late_blight,irish
D:\Potato\IrishPotato37G_full\earlyblt\earlyblt2479.jpg,early_blight,irish
D:\Potato\IrishPotato37G_full\lateblt\lateblt80.jpg,late_blight,irish
D:\Potato\IrishPotato37G_full\healthy\healthy2173.jpg,healthy,irish
D:\Potato\IrishPotato37G_full\earlyblt\earlyblt1039.jpg,early_blight,irish
D:\Potato\IrishPotato37G_full\earlyblt\earlyblt2781.jpg,early_blight,irish
D:\Potato\IrishPotato37G_full\lateblt\lateblt1417.jpg,late_blight,irish
D:\Potato\IrishPotato37G_full\lateblt\lateblt422.jpg,late_blight,irish
D:\Potato\IrishPotato37G_full\lateblt\lateblt2244.jpg,late_blight,irish
D:\Potato\IrishPotato37G_full\earlyblt\earlyblt994.jpg,early_blight,irish
D:\Potato\IrishPotato37G_full\earlyblt\earlyblt2702.jpg,early_blight,irish
D:\Potato\IrishPotato37G_full\earlyblt\earlyblt6040.jpg,early_blight,irish
D:\Potato\IrishPotato37G_full\earlyblt\earlyblt1483.jpg,early_blight,irish
D:\Potato\IrishPotato37G_full\lateblt\lateblt47.jpg,late_blight,irish
D:\Potato\IrishPotato37G_full\healthy\healthy371.jpg,healthy,irish
D:\Potato\IrishPotato37G_full\healthy\healthy2072.jpg,healthy,irish
D:\Potato\IrishPotato37G_full\earlyblt\earlyblt6734.jpg,early_blight,irish
D:\Potato\IrishPotato37G_full\lateblt\lateblt1627.jpg,late_blight,irish
D:\Potato\IrishPotato37G_full\healthy\healthy5127.jpg,healthy,irish
D:\Potato\IrishPotato37G_full\lateblt\lateblt2182.jpg,late_blight,irish
D:\Potato\IrishPotato37G_full\lateblt\lateblt2633.jpg,late_blight,irish
D:\Potato\IrishPotato37G_full\lateblt\lateblt2503.jpg,late_blight,irish
D:\Potato\IrishPotato37G_full\earlyblt\earlyblt1018.jpg,early_blight,irish
D:\Potato\IrishPotato37G_full\earlyblt\earlyblt606.jpg,early_blight,irish
D:\Potato\IrishPotato37G_full\healthy\healthy4907.jpg,healthy,irish
D:\Potato\IrishPotato37G_full\lateblt\lateblt2446.jpg,late_blight,irish
D:\Potato\IrishPotato37G_full\lateblt\lateblt2247.jpg,late_blight,irish
D:\Potato\IrishPotato37G_full\earlyblt\earlyblt700.jpg,early_blight,irish
D:\Potato\IrishPotato37G_full\earlyblt\earlyblt707.jpg,early_blight,irish
D:\Potato\IrishPotato37G_full\earlyblt\earlyblt6717.jpg,early_blight,irish
D:\Potato\IrishPotato37G_full\healthy\healthy1355.jpg,healthy,irish
D:\Potato\IrishPotato37G_full\healthy\healthy2906.jpg,healthy,irish
D:\Potato\IrishPotato37G_full\lateblt\lateblt2600.jpg,late_blight,irish
D:\Potato\IrishPotato37G_full\lateblt\lateblt2277.jpg,late_blight,irish
D:\Potato\IrishPotato37G_full\healthy\healthy1608.jpg,healthy,irish
D:\Potato\IrishPotato37G_full\earlyblt\earlyblt2485.jpg,early_blight,irish
D:\Potato\IrishPotato37G_full\lateblt\lateblt259.jpg,late_blight,irish
D:\Potato\IrishPotato37G_full\healthy\healthy4111.jpg,healthy,irish
D:\Potato\IrishPotato37G_full\lateblt\lateblt2455.jpg,late_blight,irish
D:\Potato\non_leaf\coco_person\000000401244.jpg,non_leaf,coco_person
D:\Potato\IrishPotato37G_full\lateblt\lateblt2225.jpg,late_blight,irish
D:\Potato\IrishPotato37G_full\healthy\healthy4708.jpg,healthy,irish
D:\Potato\IrishPotato37G_full\healthy\healthy2588.jpg,healthy,irish
D:\Potato\IrishPotato37G_full\earlyblt\earlyblt3933.jpg,early_blight,irish
D:\Potato\IrishPotato37G_full\lateblt\lateblt1322.jpg,late_blight,irish
D:\Potato\IrishPotato37G_full\lateblt\lateblt864.jpg,late_blight,irish
D:\Potato\IrishPotato37G_full\earlyblt\earlyblt4884.jpg,early_blight,irish
D:\Potato\IrishPotato37G_full\lateblt\lateblt2722.jpg,late_blight,irish
D:\Potato\IrishPotato37G_full\earlyblt\earlyblt1730.jpg,early_blight,irish
D:\Potato\IrishPotato37G_full\healthy\healthy1459.jpg,healthy,irish
D:\Potato\IrishPotato37G_full\lateblt\lateblt1977.jpg,late_blight,irish
D:\Potato\IrishPotato37G_full\healthy\healthy2251.jpg,healthy,irish
D:\Potato\IrishPotato37G_full\lateblt\lateblt1504.jpg,late_blight,irish
D:\Potato\IrishPotato37G_full\earlyblt\earlyblt2128.jpg,early_blight,irish
D:\Potato\IrishPotato37G_full\earlyblt\earlyblt1792.jpg,early_blight,irish
D:\Potato\IrishPotato37G_full\healthy\healthy4281.jpg,healthy,irish
D:\Potato\IrishPotato37G_full\earlyblt\earlyblt6476.jpg,early_blight,irish
D:\Potato\IrishPotato37G_full\healthy\healthy123.jpg,healthy,irish
D:\Potato\IrishPotato37G_full\healthy\healthy2775.jpg,healthy,irish
D:\Potato\IrishPotato37G_full\healthy\healthy4418.jpg,healthy,irish
D:\Potato\IrishPotato37G_full\earlyblt\earlyblt1510.jpg,early_blight,irish
D:\Potato\IrishPotato37G_full\lateblt\lateblt2963.jpg,late_blight,irish
D:\Potato\IrishPotato37G_full\lateblt\lateblt2451.jpg,late_blight,irish
D:\Potato\IrishPotato37G_full\healthy\healthy1187.jpg,healthy,irish
D:\Potato\IrishPotato37G_full\healthy\healthy1651.jpg,healthy,irish
D:\Potato\IrishPotato37G_full\earlyblt\earlyblt390.jpg,early_blight,irish
D:\Potato\IrishPotato37G_full\lateblt\lateblt2905.jpg,late_blight,irish
D:\Potato\IrishPotato37G_full\earlyblt\earlyblt2680.jpg,early_blight,irish
D:\Potato\IrishPotato37G_full\healthy\healthy32.jpg,healthy,irish
D:\Potato\IrishPotato37G_full\lateblt\lateblt2253.jpg,late_blight,irish
D:\Potato\IrishPotato37G_full\lateblt\lateblt508.jpg,late_blight,irish
D:\Potato\IrishPotato37G_full\earlyblt\earlyblt3099.jpg,early_blight,irish
D:\Potato\IrishPotato37G_full\earlyblt\earlyblt6327.jpg,early_blight,irish
D:\Potato\IrishPotato37G_full\healthy\healthy1703.jpg,healthy,irish
D:\Potato\IrishPotato37G_full\earlyblt\earlyblt3248.jpg,early_blight,irish
D:\Potato\IrishPotato37G_full\earlyblt\earlyblt924.jpg,early_blight,irish
D:\Potato\IrishPotato37G_full\healthy\healthy1465.jpg,healthy,irish
D:\Potato\IrishPotato37G_full\lateblt\lateblt530.jpg,late_blight,irish
D:\Potato\IrishPotato37G_full\lateblt\lateblt2739.jpg,late_blight,irish
D:\Potato\IrishPotato37G_full\earlyblt\earlyblt2585.jpg,early_blight,irish
D:\Potato\IrishPotato37G_full\healthy\healthy1533.jpg,healthy,irish
D:\Potato\IrishPotato37G_full\healthy\healthy3160.jpg,healthy,irish
D:\Potato\IrishPotato37G_full\healthy\healthy53.jpg,healthy,irish
D:\Potato\IrishPotato37G_full\healthy\healthy4947.jpg,healthy,irish
D:\Potato\IrishPotato37G_full\earlyblt\earlyblt6669.jpg,early_blight,irish
D:\Potato\IrishPotato37G_full\earlyblt\earlyblt4758.jpg,early_blight,irish
D:\Potato\IrishPotato37G_full\healthy\healthy337.jpg,healthy,irish
D:\Potato\IrishPotato37G_full\lateblt\lateblt281.jpg,late_blight,irish
D:\Potato\IrishPotato37G_full\earlyblt\earlyblt883.jpg,early_blight,irish
D:\Potato\IrishPotato37G_full\healthy\healthy2130.jpg,healthy,irish
D:\Potato\IrishPotato37G_full\healthy\healthy4490.jpg,healthy,irish
D:\Potato\IrishPotato37G_full\lateblt\lateblt2732.jpg,late_blight,irish
D:\Potato\IrishPotato37G_full\earlyblt\earlyblt2558.jpg,early_blight,irish
D:\Potato\IrishPotato37G_full\earlyblt\earlyblt2563.jpg,early_blight,irish
D:\Potato\IrishPotato37G_full\earlyblt\earlyblt678.jpg,early_blight,irish
D:\Potato\IrishPotato37G_full\healthy\healthy1601.jpg,healthy,irish
D:\Potato\IrishPotato37G_full\healthy\healthy1423.jpg,healthy,irish
D:\Potato\IrishPotato37G_full\healthy\healthy2340.jpg,healthy,irish
D:\Potato\IrishPotato37G_full\lateblt\lateblt2185.jpg,late_blight,irish
D:\Potato\IrishPotato37G_full\earlyblt\earlyblt3234.jpg,early_blight,irish
D:\Potato\IrishPotato37G_full\earlyblt\earlyblt2396.jpg,early_blight,irish
D:\Potato\IrishPotato37G_full\healthy\healthy5448.jpg,healthy,irish
D:\Potato\IrishPotato37G_full\earlyblt\earlyblt1983.jpg,early_blight,irish
D:\Potato\IrishPotato37G_full\lateblt\lateblt636.jpg,late_blight,irish
D:\Potato\IrishPotato37G_full\lateblt\lateblt187.jpg,late_blight,irish
D:\Potato\IrishPotato37G_full\earlyblt\earlyblt6255.jpg,early_blight,irish
D:\Potato\IrishPotato37G_full\lateblt\lateblt1147.jpg,late_blight,irish
D:\Potato\IrishPotato37G_full\lateblt\lateblt937.jpg,late_blight,irish
D:\Potato\IrishPotato37G_full\earlyblt\earlyblt1528.jpg,early_blight,irish
D:\Potato\non_leaf\coco_person\000000494188.jpg,non_leaf,coco_person
D:\Potato\IrishPotato37G_full\lateblt\lateblt1416.jpg,late_blight,irish
D:\Potato\IrishPotato37G_full\earlyblt\earlyblt6220.jpg,early_blight,irish
D:\Potato\IrishPotato37G_full\earlyblt\earlyblt3423.jpg,early_blight,irish
D:\Potato\IrishPotato37G_full\healthy\healthy1392.jpg,healthy,irish
D:\Potato\IrishPotato37G_full\lateblt\lateblt202.jpg,late_blight,irish
D:\Potato\IrishPotato37G_full\healthy\healthy3708.jpg,healthy,irish
D:\Potato\IrishPotato37G_full\earlyblt\earlyblt2016.jpg,early_blight,irish
D:\Potato\IrishPotato37G_full\lateblt\lateblt2597.jpg,late_blight,irish
D:\Potato\IrishPotato37G_full\healthy\healthy715.jpg,healthy,irish
D:\Potato\IrishPotato37G_full\lateblt\lateblt2078.jpg,late_blight,irish
D:\Potato\IrishPotato37G_full\lateblt\lateblt1490.jpg,late_blight,irish
D:\Potato\IrishPotato37G_full\earlyblt\earlyblt1578.jpg,early_blight,irish
D:\Potato\IrishPotato37G_full\earlyblt\earlyblt2425.jpg,early_blight,irish
D:\Potato\IrishPotato37G_full\healthy\healthy4627.jpg,healthy,irish
D:\Potato\IrishPotato37G_full\earlyblt\earlyblt2572.jpg,early_blight,irish
D:\Potato\IrishPotato37G_full\earlyblt\earlyblt2814.jpg,early_blight,irish
D:\Potato\IrishPotato37G_full\healthy\healthy1132.jpg,healthy,irish
D:\Potato\IrishPotato37G_full\earlyblt\earlyblt3906.jpg,early_blight,irish
D:\Potato\IrishPotato37G_full\lateblt\lateblt2611.jpg,late_blight,irish
D:\Potato\IrishPotato37G_full\healthy\healthy5151.jpg,healthy,irish
D:\Potato\IrishPotato37G_full\earlyblt\earlyblt6792.jpg,early_blight,irish
D:\Potato\IrishPotato37G_full\lateblt\lateblt2004.jpg,late_blight,irish
D:\Potato\IrishPotato37G_full\healthy\healthy2575.jpg,healthy,irish
D:\Potato\IrishPotato37G_full\earlyblt\earlyblt2940.jpg,early_blight,irish
D:\Potato\IrishPotato37G_full\lateblt\lateblt2071.jpg,late_blight,irish
D:\Potato\IrishPotato37G_full\healthy\healthy4816.jpg,healthy,irish
D:\Potato\IrishPotato37G_full\healthy\healthy2483.jpg,healthy,irish
D:\Potato\IrishPotato37G_full\earlyblt\earlyblt3473.jpg,early_blight,irish
D:\Potato\non_leaf\coco_person\000000174371.jpg,non_leaf,coco_person
D:\Potato\IrishPotato37G_full\lateblt\lateblt2708.jpg,late_blight,irish
D:\Potato\IrishPotato37G_full\healthy\healthy1772.jpg,healthy,irish
D:\Potato\IrishPotato37G_full\earlyblt\earlyblt2306.jpg,early_blight,irish
D:\Potato\IrishPotato37G_full\earlyblt\earlyblt7027.jpg,early_blight,irish
D:\Potato\non_leaf\coco_person\000000090956.jpg,non_leaf,coco_person
D:\Potato\IrishPotato37G_full\healthy\healthy4959.jpg,healthy,irish
D:\Potato\IrishPotato37G_full\healthy\healthy5282.jpg,healthy,irish
D:\Potato\IrishPotato37G_full\healthy\healthy2389.jpg,healthy,irish
D:\Potato\IrishPotato37G_full\healthy\healthy859.jpg,healthy,irish
D:\Potato\IrishPotato37G_full\earlyblt\earlyblt3985.jpg,early_blight,irish
D:\Potato\IrishPotato37G_full\earlyblt\earlyblt2256.jpg,early_blight,irish
D:\Potato\IrishPotato37G_full\healthy\healthy695.jpg,healthy,irish
D:\Potato\IrishPotato37G_full\earlyblt\earlyblt670.jpg,early_blight,irish
D:\Potato\IrishPotato37G_full\healthy\healthy4062.jpg,healthy,irish
D:\Potato\IrishPotato37G_full\healthy\healthy1671.jpg,healthy,irish
D:\Potato\IrishPotato37G_full\healthy\healthy4685.jpg,healthy,irish
D:\Potato\IrishPotato37G_full\earlyblt\earlyblt3073.jpg,early_blight,irish
D:\Potato\IrishPotato37G_full\lateblt\lateblt2675.jpg,late_blight,irish
D:\Potato\IrishPotato37G_full\earlyblt\earlyblt1981.jpg,early_blight,irish
D:\Potato\IrishPotato37G_full\healthy\healthy353.jpg,healthy,irish
D:\Potato\IrishPotato37G_full\lateblt\lateblt1652.jpg,late_blight,irish
D:\Potato\IrishPotato37G_full\earlyblt\earlyblt6671.jpg,early_blight,irish
D:\Potato\non_leaf\coco_person\000000011699.jpg,non_leaf,coco_person
D:\Potato\IrishPotato37G_full\earlyblt\earlyblt3983.jpg,early_blight,irish
D:\Potato\IrishPotato37G_full\earlyblt\earlyblt261.jpg,early_blight,irish
D:\Potato\IrishPotato37G_full\healthy\healthy4683.jpg,healthy,irish
D:\Potato\IrishPotato37G_full\earlyblt\earlyblt622.jpg,early_blight,irish
D:\Potato\IrishPotato37G_full\healthy\healthy2869.jpg,healthy,irish
D:\Potato\IrishPotato37G_full\lateblt\lateblt879.jpg,late_blight,irish
D:\Potato\IrishPotato37G_full\earlyblt\earlyblt3451.jpg,early_blight,irish
D:\Potato\IrishPotato37G_full\earlyblt\earlyblt3056.jpg,early_blight,irish
D:\Potato\IrishPotato37G_full\lateblt\lateblt2923.jpg,late_blight,irish
D:\Potato\IrishPotato37G_full\lateblt\lateblt2644.jpg,late_blight,irish
D:\Potato\IrishPotato37G_full\earlyblt\earlyblt210.jpg,early_blight,irish
D:\Potato\IrishPotato37G_full\lateblt\lateblt2920.jpg,late_blight,irish
D:\Potato\IrishPotato37G_full\healthy\healthy4420.jpg,healthy,irish
D:\Potato\IrishPotato37G_full\healthy\healthy1444.jpg,healthy,irish
D:\Potato\IrishPotato37G_full\healthy\healthy2274.jpg,healthy,irish
D:\Potato\IrishPotato37G_full\earlyblt\earlyblt6008.jpg,early_blight,irish
D:\Potato\IrishPotato37G_full\earlyblt\earlyblt2988.jpg,early_blight,irish
D:\Potato\IrishPotato37G_full\earlyblt\earlyblt3944.jpg,early_blight,irish
D:\Potato\IrishPotato37G_full\earlyblt\earlyblt1652.jpg,early_blight,irish
D:\Potato\IrishPotato37G_full\healthy\healthy4229.jpg,healthy,irish
D:\Potato\IrishPotato37G_full\lateblt\lateblt1699.jpg,late_blight,irish
D:\Potato\IrishPotato37G_full\healthy\healthy3486.jpg,healthy,irish
D:\Potato\IrishPotato37G_full\earlyblt\earlyblt1780.jpg,early_blight,irish
D:\Potato\non_leaf\coco_person\000000322610.jpg,non_leaf,coco_person
D:\Potato\IrishPotato37G_full\healthy\healthy4442.jpg,healthy,irish
D:\Potato\IrishPotato37G_full\earlyblt\earlyblt628.jpg,early_blight,irish
D:\Potato\IrishPotato37G_full\lateblt\lateblt208.jpg,late_blight,irish
D:\Potato\IrishPotato37G_full\healthy\healthy112.jpg,healthy,irish
D:\Potato\IrishPotato37G_full\healthy\healthy4345.jpg,healthy,irish
D:\Potato\IrishPotato37G_full\healthy\healthy2106.jpg,healthy,irish
D:\Potato\IrishPotato37G_full\earlyblt\earlyblt6221.jpg,early_blight,irish
D:\Potato\IrishPotato37G_full\lateblt\lateblt2460.jpg,late_blight,irish
D:\Potato\IrishPotato37G_full\healthy\healthy4214.jpg,healthy,irish
D:\Potato\IrishPotato37G_full\lateblt\lateblt1666.jpg,late_blight,irish
D:\Potato\IrishPotato37G_full\earlyblt\earlyblt6452.jpg,early_blight,irish
D:\Potato\IrishPotato37G_full\lateblt\lateblt5058.jpg,late_blight,irish
D:\Potato\IrishPotato37G_full\healthy\healthy4254.jpg,healthy,irish
D:\Potato\IrishPotato37G_full\healthy\healthy4108.jpg,healthy,irish
D:\Potato\IrishPotato37G_full\earlyblt\earlyblt2434.jpg,early_blight,irish
D:\Potato\non_leaf\coco_person\000000071711.jpg,non_leaf,coco_person
D:\Potato\IrishPotato37G_full\earlyblt\earlyblt6420.jpg,early_blight,irish
D:\Potato\IrishPotato37G_full\healthy\healthy4119.jpg,healthy,irish
D:\Potato\IrishPotato37G_full\lateblt\lateblt615.jpg,late_blight,irish
D:\Potato\IrishPotato37G_full\healthy\healthy1369.jpg,healthy,irish
D:\Potato\IrishPotato37G_full\healthy\healthy2531.jpg,healthy,irish
D:\Potato\IrishPotato37G_full\earlyblt\earlyblt3728.jpg,early_blight,irish
D:\Potato\IrishPotato37G_full\lateblt\lateblt5007.jpg,late_blight,irish
D:\Potato\IrishPotato37G_full\lateblt\lateblt494.jpg,late_blight,irish
D:\Potato\IrishPotato37G_full\healthy\healthy1155.jpg,healthy,irish
D:\Potato\IrishPotato37G_full\earlyblt\earlyblt437.jpg,early_blight,irish
D:\Potato\IrishPotato37G_full\lateblt\lateblt473.jpg,late_blight,irish
D:\Potato\IrishPotato37G_full\healthy\healthy1151.jpg,healthy,irish
D:\Potato\IrishPotato37G_full\lateblt\lateblt1950.jpg,late_blight,irish
D:\Potato\IrishPotato37G_full\lateblt\lateblt2674.jpg,late_blight,irish
D:\Potato\IrishPotato37G_full\lateblt\lateblt16.jpg,late_blight,irish
D:\Potato\IrishPotato37G_full\healthy\healthy2231.jpg,healthy,irish
D:\Potato\non_leaf\coco_person\000000447917.jpg,non_leaf,coco_person
D:\Potato\IrishPotato37G_full\healthy\healthy5254.jpg,healthy,irish
D:\Potato\IrishPotato37G_full\lateblt\lateblt1309.jpg,late_blight,irish
D:\Potato\IrishPotato37G_full\healthy\healthy4430.jpg,healthy,irish
D:\Potato\IrishPotato37G_full\healthy\healthy4170.jpg,healthy,irish
D:\Potato\IrishPotato37G_full\healthy\healthy2946.jpg,healthy,irish
D:\Potato\IrishPotato37G_full\healthy\healthy2741.jpg,healthy,irish
D:\Potato\IrishPotato37G_full\healthy\healthy2135.jpg,healthy,irish
D:\Potato\IrishPotato37G_full\earlyblt\earlyblt294.jpg,early_blight,irish
D:\Potato\IrishPotato37G_full\healthy\healthy4963.jpg,healthy,irish
D:\Potato\IrishPotato37G_full\lateblt\lateblt468.jpg,late_blight,irish
D:\Potato\IrishPotato37G_full\earlyblt\earlyblt2894.jpg,early_blight,irish
D:\Potato\IrishPotato37G_full\lateblt\lateblt1693.jpg,late_blight,irish
D:\Potato\IrishPotato37G_full\lateblt\lateblt2944.jpg,late_blight,irish
D:\Potato\IrishPotato37G_full\healthy\healthy1189.jpg,healthy,irish
D:\Potato\IrishPotato37G_full\healthy\healthy115.jpg,healthy,irish
D:\Potato\IrishPotato37G_full\earlyblt\earlyblt1959.jpg,early_blight,irish
D:\Potato\IrishPotato37G_full\healthy\healthy797.jpg,healthy,irish
D:\Potato\IrishPotato37G_full\lateblt\lateblt205.jpg,late_blight,irish
D:\Potato\IrishPotato37G_full\lateblt\lateblt2558.jpg,late_blight,irish
D:\Potato\IrishPotato37G_full\earlyblt\earlyblt3809.jpg,early_blight,irish
D:\Potato\IrishPotato37G_full\healthy\healthy3163.jpg,healthy,irish
D:\Potato\IrishPotato37G_full\earlyblt\earlyblt724.jpg,early_blight,irish
D:\Potato\IrishPotato37G_full\lateblt\lateblt2062.jpg,late_blight,irish
D:\Potato\IrishPotato37G_full\healthy\healthy327.jpg,healthy,irish
D:\Potato\IrishPotato37G_full\lateblt\lateblt222.jpg,late_blight,irish
D:\Potato\IrishPotato37G_full\earlyblt\earlyblt1956.jpg,early_blight,irish
D:\Potato\IrishPotato37G_full\earlyblt\earlyblt2399.jpg,early_blight,irish
D:\Potato\IrishPotato37G_full\healthy\healthy3088.jpg,healthy,irish
D:\Potato\IrishPotato37G_full\lateblt\lateblt186.jpg,late_blight,irish
D:\Potato\IrishPotato37G_full\lateblt\lateblt1903.jpg,late_blight,irish
D:\Potato\IrishPotato37G_full\healthy\healthy2078.jpg,healthy,irish
D:\Potato\IrishPotato37G_full\healthy\healthy3500.jpg,healthy,irish
D:\Potato\IrishPotato37G_full\earlyblt\earlyblt777.jpg,early_blight,irish
D:\Potato\IrishPotato37G_full\earlyblt\earlyblt4913.jpg,early_blight,irish
D:\Potato\IrishPotato37G_full\earlyblt\earlyblt1674.jpg,early_blight,irish
D:\Potato\IrishPotato37G_full\healthy\healthy957.jpg,healthy,irish
D:\Potato\IrishPotato37G_full\healthy\healthy2552.jpg,healthy,irish
D:\Potato\IrishPotato37G_full\lateblt\lateblt843.jpg,late_blight,irish
D:\Potato\IrishPotato37G_full\lateblt\lateblt906.jpg,late_blight,irish
D:\Potato\IrishPotato37G_full\lateblt\lateblt2889.jpg,late_blight,irish
D:\Potato\IrishPotato37G_full\earlyblt\earlyblt4737.jpg,early_blight,irish
D:\Potato\non_leaf\coco_person\000000391722.jpg,non_leaf,coco_person
D:\Potato\IrishPotato37G_full\lateblt\lateblt2474.jpg,late_blight,irish
D:\Potato\IrishPotato37G_full\lateblt\lateblt683.jpg,late_blight,irish
D:\Potato\IrishPotato37G_full\lateblt\lateblt2051.jpg,late_blight,irish
D:\Potato\IrishPotato37G_full\lateblt\lateblt1477.jpg,late_blight,irish
D:\Potato\IrishPotato37G_full\lateblt\lateblt1990.jpg,late_blight,irish
D:\Potato\non_leaf\coco_person\000000278973.jpg,non_leaf,coco_person
D:\Potato\IrishPotato37G_full\healthy\healthy2384.jpg,healthy,irish
D:\Potato\IrishPotato37G_full\healthy\healthy3415.jpg,healthy,irish
D:\Potato\IrishPotato37G_full\healthy\healthy151.jpg,healthy,irish
D:\Potato\IrishPotato37G_full\healthy\healthy2000.jpg,healthy,irish
D:\Potato\IrishPotato37G_full\earlyblt\earlyblt760.jpg,early_blight,irish
D:\Potato\IrishPotato37G_full\lateblt\lateblt268.jpg,late_blight,irish
D:\Potato\IrishPotato37G_full\earlyblt\earlyblt2007.jpg,early_blight,irish
D:\Potato\IrishPotato37G_full\healthy\healthy4643.jpg,healthy,irish
D:\Potato\IrishPotato37G_full\lateblt\lateblt170.jpg,late_blight,irish
D:\Potato\IrishPotato37G_full\healthy\healthy4632.jpg,healthy,irish
D:\Potato\IrishPotato37G_full\healthy\healthy5619.jpg,healthy,irish
D:\Potato\IrishPotato37G_full\lateblt\lateblt491.jpg,late_blight,irish
D:\Potato\IrishPotato37G_full\healthy\healthy2189.jpg,healthy,irish
D:\Potato\IrishPotato37G_full\lateblt\lateblt443.jpg,late_blight,irish
D:\Potato\IrishPotato37G_full\lateblt\lateblt139.jpg,late_blight,irish
D:\Potato\IrishPotato37G_full\healthy\healthy1485.jpg,healthy,irish
D:\Potato\IrishPotato37G_full\healthy\healthy3086.jpg,healthy,irish
D:\Potato\IrishPotato37G_full\earlyblt\earlyblt2742.jpg,early_blight,irish
D:\Potato\IrishPotato37G_full\lateblt\lateblt1336.jpg,late_blight,irish
D:\Potato\IrishPotato37G_full\healthy\healthy3744.jpg,healthy,irish
D:\Potato\IrishPotato37G_full\earlyblt\earlyblt2141.jpg,early_blight,irish
D:\Potato\IrishPotato37G_full\healthy\healthy1372.jpg,healthy,irish
D:\Potato\IrishPotato37G_full\healthy\healthy889.jpg,healthy,irish
D:\Potato\IrishPotato37G_full\lateblt\lateblt2672.jpg,late_blight,irish
D:\Potato\IrishPotato37G_full\earlyblt\earlyblt723.jpg,early_blight,irish
D:\Potato\IrishPotato37G_full\healthy\healthy5176.jpg,healthy,irish
D:\Potato\IrishPotato37G_full\healthy\healthy1755.jpg,healthy,irish
D:\Potato\IrishPotato37G_full\healthy\healthy5289.jpg,healthy,irish
D:\Potato\IrishPotato37G_full\earlyblt\earlyblt600.jpg,early_blight,irish
D:\Potato\IrishPotato37G_full\healthy\healthy686.jpg,healthy,irish
D:\Potato\IrishPotato37G_full\lateblt\lateblt2618.jpg,late_blight,irish
D:\Potato\IrishPotato37G_full\earlyblt\earlyblt3291.jpg,early_blight,irish
D:\Potato\IrishPotato37G_full\healthy\healthy3099.jpg,healthy,irish
D:\Potato\IrishPotato37G_full\earlyblt\earlyblt4700.jpg,early_blight,irish
D:\Potato\IrishPotato37G_full\lateblt\lateblt740.jpg,late_blight,irish
D:\Potato\IrishPotato37G_full\healthy\healthy3384.jpg,healthy,irish
D:\Potato\IrishPotato37G_full\earlyblt\earlyblt6022.jpg,early_blight,irish
D:\Potato\IrishPotato37G_full\lateblt\lateblt895.jpg,late_blight,irish
D:\Potato\IrishPotato37G_full\healthy\healthy2410.jpg,healthy,irish
D:\Potato\IrishPotato37G_full\healthy\healthy328.jpg,healthy,irish
D:\Potato\IrishPotato37G_full\lateblt\lateblt2665.jpg,late_blight,irish
D:\Potato\IrishPotato37G_full\lateblt\lateblt1583.jpg,late_blight,irish
D:\Potato\IrishPotato37G_full\lateblt\lateblt2579.jpg,late_blight,irish
D:\Potato\IrishPotato37G_full\earlyblt\earlyblt6253.jpg,early_blight,irish
D:\Potato\IrishPotato37G_full\earlyblt\earlyblt6046.jpg,early_blight,irish
D:\Potato\IrishPotato37G_full\healthy\healthy1577.jpg,healthy,irish
D:\Potato\IrishPotato37G_full\earlyblt\earlyblt482.jpg,early_blight,irish
D:\Potato\IrishPotato37G_full\earlyblt\earlyblt391.jpg,early_blight,irish
D:\Potato\IrishPotato37G_full\earlyblt\earlyblt357.jpg,early_blight,irish
D:\Potato\IrishPotato37G_full\healthy\healthy580.jpg,healthy,irish
D:\Potato\IrishPotato37G_full\earlyblt\earlyblt6076.jpg,early_blight,irish
D:\Potato\IrishPotato37G_full\earlyblt\earlyblt944.jpg,early_blight,irish
D:\Potato\IrishPotato37G_full\earlyblt\earlyblt840.jpg,early_blight,irish
D:\Potato\IrishPotato37G_full\earlyblt\earlyblt6606.jpg,early_blight,irish
D:\Potato\IrishPotato37G_full\earlyblt\earlyblt2343.jpg,early_blight,irish
D:\Potato\IrishPotato37G_full\healthy\healthy727.jpg,healthy,irish
D:\Potato\IrishPotato37G_full\earlyblt\earlyblt2942.jpg,early_blight,irish
D:\Potato\IrishPotato37G_full\lateblt\lateblt2194.jpg,late_blight,irish
D:\Potato\IrishPotato37G_full\lateblt\lateblt1353.jpg,late_blight,irish
D:\Potato\IrishPotato37G_full\lateblt\lateblt1981.jpg,late_blight,irish
D:\Potato\IrishPotato37G_full\earlyblt\earlyblt2732.jpg,early_blight,irish
D:\Potato\IrishPotato37G_full\earlyblt\earlyblt6611.jpg,early_blight,irish
D:\Potato\non_leaf\coco_person\000000460347.jpg,non_leaf,coco_person
D:\Potato\IrishPotato37G_full\healthy\healthy2325.jpg,healthy,irish
D:\Potato\IrishPotato37G_full\lateblt\lateblt221.jpg,late_blight,irish
D:\Potato\IrishPotato37G_full\healthy\healthy4357.jpg,healthy,irish
D:\Potato\IrishPotato37G_full\healthy\healthy2376.jpg,healthy,irish
D:\Potato\IrishPotato37G_full\earlyblt\earlyblt3447.jpg,early_blight,irish
D:\Potato\non_leaf\coco_person\000000483999.jpg,non_leaf,coco_person
D:\Potato\non_leaf\coco_person\000000356505.jpg,non_leaf,coco_person
D:\Potato\IrishPotato37G_full\lateblt\lateblt645.jpg,late_blight,irish
D:\Potato\IrishPotato37G_full\healthy\healthy3773.jpg,healthy,irish
D:\Potato\IrishPotato37G_full\earlyblt\earlyblt4943.jpg,early_blight,irish
D:\Potato\IrishPotato37G_full\healthy\healthy2281.jpg,healthy,irish
D:\Potato\IrishPotato37G_full\earlyblt\earlyblt714.jpg,early_blight,irish
D:\Potato\IrishPotato37G_full\earlyblt\earlyblt3921.jpg,early_blight,irish
D:\Potato\IrishPotato37G_full\lateblt\lateblt1159.jpg,late_blight,irish
D:\Potato\IrishPotato37G_full\earlyblt\earlyblt1855.jpg,early_blight,irish
D:\Potato\IrishPotato37G_full\lateblt\lateblt57.jpg,late_blight,irish
D:\Potato\IrishPotato37G_full\earlyblt\earlyblt2492.jpg,early_blight,irish
D:\Potato\IrishPotato37G_full\earlyblt\earlyblt221.jpg,early_blight,irish
D:\Potato\IrishPotato37G_full\healthy\healthy3162.jpg,healthy,irish
D:\Potato\non_leaf\coco_person\000000119365.jpg,non_leaf,coco_person
D:\Potato\IrishPotato37G_full\lateblt\lateblt952.jpg,late_blight,irish
D:\Potato\IrishPotato37G_full\earlyblt\earlyblt2329.jpg,early_blight,irish
D:\Potato\IrishPotato37G_full\earlyblt\earlyblt611.jpg,early_blight,irish
D:\Potato\IrishPotato37G_full\lateblt\lateblt2068.jpg,late_blight,irish
D:\Potato\IrishPotato37G_full\earlyblt\earlyblt3182.jpg,early_blight,irish
D:\Potato\IrishPotato37G_full\earlyblt\earlyblt1613.jpg,early_blight,irish
D:\Potato\IrishPotato37G_full\earlyblt\earlyblt4878.jpg,early_blight,irish
D:\Potato\IrishPotato37G_full\lateblt\lateblt1422.jpg,late_blight,irish
D:\Potato\non_leaf\coco_person\000000510095.jpg,non_leaf,coco_person
D:\Potato\IrishPotato37G_full\healthy\healthy5241.jpg,healthy,irish
D:\Potato\IrishPotato37G_full\lateblt\lateblt107.jpg,late_blight,irish
D:\Potato\IrishPotato37G_full\healthy\healthy4075.jpg,healthy,irish
D:\Potato\non_leaf\coco_person\000000161032.jpg,non_leaf,coco_person
D:\Potato\IrishPotato37G_full\healthy\healthy4475.jpg,healthy,irish
D:\Potato\IrishPotato37G_full\earlyblt\earlyblt3007.jpg,early_blight,irish
D:\Potato\IrishPotato37G_full\earlyblt\earlyblt2636.jpg,early_blight,irish
D:\Potato\IrishPotato37G_full\healthy\healthy5456.jpg,healthy,irish
D:\Potato\IrishPotato37G_full\healthy\healthy2503.jpg,healthy,irish
D:\Potato\IrishPotato37G_full\lateblt\lateblt821.jpg,late_blight,irish
D:\Potato\IrishPotato37G_full\healthy\healthy597.jpg,healthy,irish
D:\Potato\IrishPotato37G_full\healthy\healthy2885.jpg,healthy,irish
D:\Potato\IrishPotato37G_full\earlyblt\earlyblt2478.jpg,early_blight,irish
D:\Potato\IrishPotato37G_full\earlyblt\earlyblt2827.jpg,early_blight,irish
D:\Potato\IrishPotato37G_full\healthy\healthy682.jpg,healthy,irish
D:\Potato\IrishPotato37G_full\earlyblt\earlyblt3928.jpg,early_blight,irish
D:\Potato\IrishPotato37G_full\lateblt\lateblt2469.jpg,late_blight,irish
D:\Potato\IrishPotato37G_full\lateblt\lateblt704.jpg,late_blight,irish
D:\Potato\IrishPotato37G_full\lateblt\lateblt7.jpg,late_blight,irish
D:\Potato\IrishPotato37G_full\earlyblt\earlyblt3274.jpg,early_blight,irish
D:\Potato\IrishPotato37G_full\healthy\healthy1266.jpg,healthy,irish
D:\Potato\IrishPotato37G_full\earlyblt\earlyblt1901.jpg,early_blight,irish
D:\Potato\IrishPotato37G_full\earlyblt\earlyblt2349.jpg,early_blight,irish
D:\Potato\IrishPotato37G_full\earlyblt\earlyblt111.jpg,early_blight,irish
D:\Potato\IrishPotato37G_full\earlyblt\earlyblt6468.jpg,early_blight,irish
D:\Potato\IrishPotato37G_full\earlyblt\earlyblt1509.jpg,early_blight,irish
D:\Potato\IrishPotato37G_full\earlyblt\earlyblt3024.jpg,early_blight,irish
D:\Potato\IrishPotato37G_full\lateblt\lateblt1692.jpg,late_blight,irish
D:\Potato\IrishPotato37G_full\healthy\healthy2514.jpg,healthy,irish
D:\Potato\non_leaf\coco_person\000000217400.jpg,non_leaf,coco_person
D:\Potato\IrishPotato37G_full\healthy\healthy1717.jpg,healthy,irish
D:\Potato\IrishPotato37G_full\lateblt\lateblt198.jpg,late_blight,irish
D:\Potato\IrishPotato37G_full\earlyblt\earlyblt3141.jpg,early_blight,irish
D:\Potato\IrishPotato37G_full\healthy\healthy3592.jpg,healthy,irish
D:\Potato\IrishPotato37G_full\healthy\healthy2256.jpg,healthy,irish
D:\Potato\IrishPotato37G_full\earlyblt\earlyblt1603.jpg,early_blight,irish
D:\Potato\IrishPotato37G_full\healthy\healthy398.jpg,healthy,irish
D:\Potato\IrishPotato37G_full\healthy\healthy4212.jpg,healthy,irish
D:\Potato\IrishPotato37G_full\healthy\healthy2066.jpg,healthy,irish
D:\Potato\IrishPotato37G_full\healthy\healthy1753.jpg,healthy,irish
D:\Potato\IrishPotato37G_full\healthy\healthy1433.jpg,healthy,irish
D:\Potato\non_leaf\coco_person\000000125572.jpg,non_leaf,coco_person
D:\Potato\IrishPotato37G_full\lateblt\lateblt2706.jpg,late_blight,irish
D:\Potato\IrishPotato37G_full\earlyblt\earlyblt4773.jpg,early_blight,irish
D:\Potato\non_leaf\coco_person\000000519688.jpg,non_leaf,coco_person
D:\Potato\IrishPotato37G_full\healthy\healthy3598.jpg,healthy,irish
D:\Potato\IrishPotato37G_full\lateblt\lateblt604.jpg,late_blight,irish
D:\Potato\IrishPotato37G_full\earlyblt\earlyblt6678.jpg,early_blight,irish
D:\Potato\IrishPotato37G_full\earlyblt\earlyblt453.jpg,early_blight,irish
D:\Potato\IrishPotato37G_full\lateblt\lateblt26.jpg,late_blight,irish
D:\Potato\IrishPotato37G_full\lateblt\lateblt171.jpg,late_blight,irish
D:\Potato\IrishPotato37G_full\healthy\healthy509.jpg,healthy,irish
D:\Potato\non_leaf\coco_person\000000180101.jpg,non_leaf,coco_person
D:\Potato\IrishPotato37G_full\healthy\healthy1758.jpg,healthy,irish
D:\Potato\non_leaf\coco_person\000000461751.jpg,non_leaf,coco_person
D:\Potato\IrishPotato37G_full\lateblt\lateblt2574.jpg,late_blight,irish
D:\Potato\IrishPotato37G_full\earlyblt\earlyblt6733.jpg,early_blight,irish
D:\Potato\IrishPotato37G_full\earlyblt\earlyblt6742.jpg,early_blight,irish
D:\Potato\non_leaf\coco_person\000000133418.jpg,non_leaf,coco_person
D:\Potato\IrishPotato37G_full\lateblt\lateblt1598.jpg,late_blight,irish
D:\Potato\IrishPotato37G_full\earlyblt\earlyblt1622.jpg,early_blight,irish
D:\Potato\IrishPotato37G_full\earlyblt\earlyblt2782.jpg,early_blight,irish
D:\Potato\IrishPotato37G_full\lateblt\lateblt646.jpg,late_blight,irish
D:\Potato\IrishPotato37G_full\healthy\healthy4969.jpg,healthy,irish
D:\Potato\non_leaf\coco_person\000000516143.jpg,non_leaf,coco_person
D:\Potato\IrishPotato37G_full\lateblt\lateblt1387.jpg,late_blight,irish
D:\Potato\IrishPotato37G_full\earlyblt\earlyblt6341.jpg,early_blight,irish
D:\Potato\IrishPotato37G_full\healthy\healthy910.jpg,healthy,irish
D:\Potato\IrishPotato37G_full\lateblt\lateblt82.jpg,late_blight,irish
D:\Potato\IrishPotato37G_full\healthy\healthy4192.jpg,healthy,irish
D:\Potato\IrishPotato37G_full\healthy\healthy1221.jpg,healthy,irish
D:\Potato\IrishPotato37G_full\lateblt\lateblt450.jpg,late_blight,irish
D:\Potato\IrishPotato37G_full\lateblt\lateblt1581.jpg,late_blight,irish
D:\Potato\non_leaf\coco_person\000000059044.jpg,non_leaf,coco_person
D:\Potato\IrishPotato37G_full\lateblt\lateblt2966.jpg,late_blight,irish
D:\Potato\IrishPotato37G_full\lateblt\lateblt1153.jpg,late_blight,irish
D:\Potato\IrishPotato37G_full\healthy\healthy4028.jpg,healthy,irish
D:\Potato\IrishPotato37G_full\healthy\healthy1280.jpg,healthy,irish
D:\Potato\IrishPotato37G_full\lateblt\lateblt2160.jpg,late_blight,irish
D:\Potato\IrishPotato37G_full\lateblt\lateblt2428.jpg,late_blight,irish
D:\Potato\IrishPotato37G_full\healthy\healthy3129.jpg,healthy,irish
D:\Potato\non_leaf\coco_person\000000274411.jpg,non_leaf,coco_person
D:\Potato\IrishPotato37G_full\earlyblt\earlyblt607.jpg,early_blight,irish
D:\Potato\IrishPotato37G_full\earlyblt\earlyblt2756.jpg,early_blight,irish
D:\Potato\IrishPotato37G_full\healthy\healthy4262.jpg,healthy,irish
D:\Potato\IrishPotato37G_full\lateblt\lateblt2190.jpg,late_blight,irish
D:\Potato\IrishPotato37G_full\earlyblt\earlyblt3938.jpg,early_blight,irish
D:\Potato\IrishPotato37G_full\lateblt\lateblt990.jpg,late_blight,irish
D:\Potato\IrishPotato37G_full\lateblt\lateblt672.jpg,late_blight,irish
D:\Potato\IrishPotato37G_full\earlyblt\earlyblt7019.jpg,early_blight,irish
D:\Potato\IrishPotato37G_full\earlyblt\earlyblt316.jpg,early_blight,irish
D:\Potato\IrishPotato37G_full\lateblt\lateblt2479.jpg,late_blight,irish
D:\Potato\IrishPotato37G_full\lateblt\lateblt1427.jpg,late_blight,irish
D:\Potato\IrishPotato37G_full\earlyblt\earlyblt6047.jpg,early_blight,irish
D:\Potato\IrishPotato37G_full\lateblt\lateblt557.jpg,late_blight,irish
D:\Potato\IrishPotato37G_full\earlyblt\earlyblt6956.jpg,early_blight,irish
D:\Potato\IrishPotato37G_full\healthy\healthy4215.jpg,healthy,irish
D:\Potato\IrishPotato37G_full\healthy\healthy1247.jpg,healthy,irish
D:\Potato\IrishPotato37G_full\lateblt\lateblt579.jpg,late_blight,irish
D:\Potato\IrishPotato37G_full\lateblt\lateblt1939.jpg,late_blight,irish
D:\Potato\IrishPotato37G_full\lateblt\lateblt2632.jpg,late_blight,irish
D:\Potato\IrishPotato37G_full\earlyblt\earlyblt3282.jpg,early_blight,irish
D:\Potato\IrishPotato37G_full\healthy\healthy5165.jpg,healthy,irish
D:\Potato\IrishPotato37G_full\lateblt\lateblt435.jpg,late_blight,irish
D:\Potato\IrishPotato37G_full\lateblt\lateblt2174.jpg,late_blight,irish
D:\Potato\IrishPotato37G_full\earlyblt\earlyblt6316.jpg,early_blight,irish
D:\Potato\IrishPotato37G_full\earlyblt\earlyblt3811.jpg,early_blight,irish
D:\Potato\IrishPotato37G_full\healthy\healthy2755.jpg,healthy,irish
D:\Potato\IrishPotato37G_full\healthy\healthy154.jpg,healthy,irish
D:\Potato\IrishPotato37G_full\healthy\healthy3040.jpg,healthy,irish
D:\Potato\IrishPotato37G_full\earlyblt\earlyblt307.jpg,early_blight,irish
D:\Potato\IrishPotato37G_full\healthy\healthy5117.jpg,healthy,irish
D:\Potato\IrishPotato37G_full\healthy\healthy5428.jpg,healthy,irish
D:\Potato\IrishPotato37G_full\healthy\healthy144.jpg,healthy,irish
D:\Potato\IrishPotato37G_full\healthy\healthy3423.jpg,healthy,irish
D:\Potato\IrishPotato37G_full\healthy\healthy106.jpg,healthy,irish
D:\Potato\IrishPotato37G_full\earlyblt\earlyblt3817.jpg,early_blight,irish
D:\Potato\IrishPotato37G_full\healthy\healthy4482.jpg,healthy,irish
D:\Potato\IrishPotato37G_full\lateblt\lateblt135.jpg,late_blight,irish
D:\Potato\IrishPotato37G_full\healthy\healthy1613.jpg,healthy,irish
D:\Potato\IrishPotato37G_full\healthy\healthy4624.jpg,healthy,irish
D:\Potato\IrishPotato37G_full\earlyblt\earlyblt3172.jpg,early_blight,irish
D:\Potato\IrishPotato37G_full\healthy\healthy3376.jpg,healthy,irish
D:\Potato\IrishPotato37G_full\healthy\healthy2725.jpg,healthy,irish
D:\Potato\IrishPotato37G_full\healthy\healthy1413.jpg,healthy,irish
D:\Potato\IrishPotato37G_full\earlyblt\earlyblt1869.jpg,early_blight,irish
D:\Potato\IrishPotato37G_full\lateblt\lateblt590.jpg,late_blight,irish
D:\Potato\IrishPotato37G_full\lateblt\lateblt2601.jpg,late_blight,irish
D:\Potato\IrishPotato37G_full\healthy\healthy4313.jpg,healthy,irish
D:\Potato\IrishPotato37G_full\lateblt\lateblt750.jpg,late_blight,irish
D:\Potato\IrishPotato37G_full\healthy\healthy3528.jpg,healthy,irish
D:\Potato\IrishPotato37G_full\healthy\healthy4267.jpg,healthy,irish
D:\Potato\IrishPotato37G_full\healthy\healthy3.jpg,healthy,irish
D:\Potato\IrishPotato37G_full\earlyblt\earlyblt6242.jpg,early_blight,irish
D:\Potato\IrishPotato37G_full\healthy\healthy2481.jpg,healthy,irish
D:\Potato\IrishPotato37G_full\lateblt\lateblt782.jpg,late_blight,irish
D:\Potato\IrishPotato37G_full\healthy\healthy2309.jpg,healthy,irish
D:\Potato\IrishPotato37G_full\earlyblt\earlyblt1920.jpg,early_blight,irish
D:\Potato\IrishPotato37G_full\healthy\healthy5264.jpg,healthy,irish
D:\Potato\IrishPotato37G_full\healthy\healthy3918.jpg,healthy,irish
D:\Potato\IrishPotato37G_full\earlyblt\earlyblt4706.jpg,early_blight,irish
D:\Potato\IrishPotato37G_full\healthy\healthy4726.jpg,healthy,irish
D:\Potato\IrishPotato37G_full\lateblt\lateblt2641.jpg,late_blight,irish
D:\Potato\non_leaf\coco_person\000000180383.jpg,non_leaf,coco_person
D:\Potato\non_leaf\coco_person\000000537270.jpg,non_leaf,coco_person
D:\Potato\IrishPotato37G_full\lateblt\lateblt140.jpg,late_blight,irish
D:\Potato\IrishPotato37G_full\earlyblt\earlyblt3288.jpg,early_blight,irish
D:\Potato\IrishPotato37G_full\earlyblt\earlyblt4000.jpg,early_blight,irish
D:\Potato\IrishPotato37G_full\lateblt\lateblt1488.jpg,late_blight,irish
D:\Potato\IrishPotato37G_full\healthy\healthy3413.jpg,healthy,irish
D:\Potato\IrishPotato37G_full\healthy\healthy3590.jpg,healthy,irish
D:\Potato\IrishPotato37G_full\healthy\healthy5157.jpg,healthy,irish
D:\Potato\IrishPotato37G_full\healthy\healthy1514.jpg,healthy,irish
D:\Potato\IrishPotato37G_full\healthy\healthy5238.jpg,healthy,irish
D:\Potato\IrishPotato37G_full\earlyblt\earlyblt3967.jpg,early_blight,irish
D:\Potato\non_leaf\coco_person\000000038048.jpg,non_leaf,coco_person
D:\Potato\IrishPotato37G_full\healthy\healthy2495.jpg,healthy,irish
D:\Potato\IrishPotato37G_full\healthy\healthy3416.jpg,healthy,irish
D:\Potato\IrishPotato37G_full\earlyblt\earlyblt2005.jpg,early_blight,irish
D:\Potato\IrishPotato37G_full\earlyblt\earlyblt6946.jpg,early_blight,irish
D:\Potato\IrishPotato37G_full\earlyblt\earlyblt6000.jpg,early_blight,irish
D:\Potato\IrishPotato37G_full\lateblt\lateblt8.jpg,late_blight,irish
D:\Potato\IrishPotato37G_full\earlyblt\earlyblt2418.jpg,early_blight,irish
D:\Potato\IrishPotato37G_full\healthy\healthy3193.jpg,healthy,irish
D:\Potato\IrishPotato37G_full\healthy\healthy5257.jpg,healthy,irish
D:\Potato\IrishPotato37G_full\healthy\healthy2541.jpg,healthy,irish
D:\Potato\IrishPotato37G_full\earlyblt\earlyblt1736.jpg,early_blight,irish
D:\Potato\IrishPotato37G_full\healthy\healthy5268.jpg,healthy,irish
D:\Potato\IrishPotato37G_full\earlyblt\earlyblt1929.jpg,early_blight,irish
D:\Potato\IrishPotato37G_full\healthy\healthy4732.jpg,healthy,irish
D:\Potato\IrishPotato37G_full\earlyblt\earlyblt6080.jpg,early_blight,irish
D:\Potato\IrishPotato37G_full\healthy\healthy2102.jpg,healthy,irish
D:\Potato\IrishPotato37G_full\lateblt\lateblt5040.jpg,late_blight,irish
D:\Potato\IrishPotato37G_full\healthy\healthy2975.jpg,healthy,irish
D:\Potato\IrishPotato37G_full\earlyblt\earlyblt2226.jpg,early_blight,irish
D:\Potato\IrishPotato37G_full\lateblt\lateblt2066.jpg,late_blight,irish
D:\Potato\IrishPotato37G_full\lateblt\lateblt2458.jpg,late_blight,irish
D:\Potato\IrishPotato37G_full\earlyblt\earlyblt1025.jpg,early_blight,irish
D:\Potato\IrishPotato37G_full\lateblt\lateblt2799.jpg,late_blight,irish
D:\Potato\IrishPotato37G_full\lateblt\lateblt2720.jpg,late_blight,irish
D:\Potato\IrishPotato37G_full\earlyblt\earlyblt2054.jpg,early_blight,irish
D:\Potato\IrishPotato37G_full\earlyblt\earlyblt3254.jpg,early_blight,irish
D:\Potato\IrishPotato37G_full\healthy\healthy5443.jpg,healthy,irish
D:\Potato\IrishPotato37G_full\lateblt\lateblt2234.jpg,late_blight,irish
D:\Potato\IrishPotato37G_full\earlyblt\earlyblt348.jpg,early_blight,irish
D:\Potato\non_leaf\coco_person\000000251824.jpg,non_leaf,coco_person
D:\Potato\IrishPotato37G_full\lateblt\lateblt2705.jpg,late_blight,irish
D:\Potato\IrishPotato37G_full\earlyblt\earlyblt3900.jpg,early_blight,irish
D:\Potato\IrishPotato37G_full\lateblt\lateblt2661.jpg,late_blight,irish
D:\Potato\IrishPotato37G_full\lateblt\lateblt943.jpg,late_blight,irish
D:\Potato\IrishPotato37G_full\lateblt\lateblt564.jpg,late_blight,irish
D:\Potato\IrishPotato37G_full\lateblt\lateblt151.jpg,late_blight,irish
D:\Potato\IrishPotato37G_full\earlyblt\earlyblt456.jpg,early_blight,irish
D:\Potato\IrishPotato37G_full\healthy\healthy5207.jpg,healthy,irish
D:\Potato\IrishPotato37G_full\earlyblt\earlyblt6435.jpg,early_blight,irish
D:\Potato\IrishPotato37G_full\lateblt\lateblt2814.jpg,late_blight,irish
D:\Potato\IrishPotato37G_full\earlyblt\earlyblt6208.jpg,early_blight,irish
D:\Potato\IrishPotato37G_full\lateblt\lateblt149.jpg,late_blight,irish
D:\Potato\IrishPotato37G_full\healthy\healthy308.jpg,healthy,irish
D:\Potato\IrishPotato37G_full\healthy\healthy3571.jpg,healthy,irish
D:\Potato\IrishPotato37G_full\lateblt\lateblt1360.jpg,late_blight,irish
D:\Potato\IrishPotato37G_full\lateblt\lateblt414.jpg,late_blight,irish
D:\Potato\IrishPotato37G_full\earlyblt\earlyblt639.jpg,early_blight,irish
D:\Potato\IrishPotato37G_full\healthy\healthy2005.jpg,healthy,irish
D:\Potato\IrishPotato37G_full\healthy\healthy3776.jpg,healthy,irish
D:\Potato\IrishPotato37G_full\healthy\healthy2103.jpg,healthy,irish
D:\Potato\IrishPotato37G_full\lateblt\lateblt1164.jpg,late_blight,irish
D:\Potato\IrishPotato37G_full\healthy\healthy2182.jpg,healthy,irish
D:\Potato\IrishPotato37G_full\lateblt\lateblt1160.jpg,late_blight,irish
D:\Potato\IrishPotato37G_full\earlyblt\earlyblt3218.jpg,early_blight,irish
D:\Potato\IrishPotato37G_full\lateblt\lateblt2609.jpg,late_blight,irish
D:\Potato\IrishPotato37G_full\lateblt\lateblt1676.jpg,late_blight,irish
D:\Potato\IrishPotato37G_full\lateblt\lateblt554.jpg,late_blight,irish
D:\Potato\IrishPotato37G_full\lateblt\lateblt1954.jpg,late_blight,irish
D:\Potato\IrishPotato37G_full\lateblt\lateblt2226.jpg,late_blight,irish
D:\Potato\IrishPotato37G_full\earlyblt\earlyblt668.jpg,early_blight,irish
D:\Potato\IrishPotato37G_full\healthy\healthy4205.jpg,healthy,irish
D:\Potato\IrishPotato37G_full\earlyblt\earlyblt3894.jpg,early_blight,irish
D:\Potato\IrishPotato37G_full\lateblt\lateblt2576.jpg,late_blight,irish
D:\Potato\IrishPotato37G_full\lateblt\lateblt293.jpg,late_blight,irish
D:\Potato\IrishPotato37G_full\earlyblt\earlyblt3568.jpg,early_blight,irish
D:\Potato\non_leaf\coco_person\000000374545.jpg,non_leaf,coco_person
D:\Potato\IrishPotato37G_full\healthy\healthy4977.jpg,healthy,irish
D:\Potato\IrishPotato37G_full\lateblt\lateblt2656.jpg,late_blight,irish
D:\Potato\IrishPotato37G_full\lateblt\lateblt1468.jpg,late_blight,irish
D:\Potato\non_leaf\coco_person\000000200839.jpg,non_leaf,coco_person
D:\Potato\IrishPotato37G_full\earlyblt\earlyblt1785.jpg,early_blight,irish
D:\Potato\IrishPotato37G_full\lateblt\lateblt2172.jpg,late_blight,irish
D:\Potato\IrishPotato37G_full\lateblt\lateblt15.jpg,late_blight,irish
D:\Potato\IrishPotato37G_full\earlyblt\earlyblt329.jpg,early_blight,irish
D:\Potato\IrishPotato37G_full\healthy\healthy2960.jpg,healthy,irish
D:\Potato\IrishPotato37G_full\earlyblt\earlyblt6699.jpg,early_blight,irish
D:\Potato\IrishPotato37G_full\earlyblt\earlyblt2335.jpg,early_blight,irish
D:\Potato\IrishPotato37G_full\lateblt\lateblt839.jpg,late_blight,irish
D:\Potato\non_leaf\coco_person\000000327617.jpg,non_leaf,coco_person
D:\Potato\IrishPotato37G_full\earlyblt\earlyblt2515.jpg,early_blight,irish
D:\Potato\IrishPotato37G_full\healthy\healthy5436.jpg,healthy,irish
D:\Potato\IrishPotato37G_full\earlyblt\earlyblt3727.jpg,early_blight,irish
D:\Potato\IrishPotato37G_full\lateblt\lateblt134.jpg,late_blight,irish
D:\Potato\IrishPotato37G_full\healthy\healthy4806.jpg,healthy,irish
D:\Potato\IrishPotato37G_full\healthy\healthy1262.jpg,healthy,irish
D:\Potato\IrishPotato37G_full\lateblt\lateblt2820.jpg,late_blight,irish
D:\Potato\IrishPotato37G_full\earlyblt\earlyblt4931.jpg,early_blight,irish
D:\Potato\IrishPotato37G_full\healthy\healthy2738.jpg,healthy,irish
D:\Potato\IrishPotato37G_full\lateblt\lateblt5013.jpg,late_blight,irish
D:\Potato\IrishPotato37G_full\healthy\healthy5499.jpg,healthy,irish
D:\Potato\IrishPotato37G_full\earlyblt\earlyblt2342.jpg,early_blight,irish
D:\Potato\IrishPotato37G_full\healthy\healthy3682.jpg,healthy,irish
D:\Potato\IrishPotato37G_full\earlyblt\earlyblt404.jpg,early_blight,irish
D:\Potato\IrishPotato37G_full\earlyblt\earlyblt6254.jpg,early_blight,irish
D:\Potato\IrishPotato37G_full\healthy\healthy1611.jpg,healthy,irish
D:\Potato\IrishPotato37G_full\earlyblt\earlyblt3482.jpg,early_blight,irish
D:\Potato\IrishPotato37G_full\lateblt\lateblt2772.jpg,late_blight,irish
D:\Potato\IrishPotato37G_full\earlyblt\earlyblt6987.jpg,early_blight,irish
D:\Potato\IrishPotato37G_full\earlyblt\earlyblt3564.jpg,early_blight,irish
D:\Potato\IrishPotato37G_full\lateblt\lateblt1428.jpg,late_blight,irish
D:\Potato\IrishPotato37G_full\lateblt\lateblt2841.jpg,late_blight,irish
D:\Potato\IrishPotato37G_full\healthy\healthy1120.jpg,healthy,irish
D:\Potato\IrishPotato37G_full\healthy\healthy2358.jpg,healthy,irish
D:\Potato\IrishPotato37G_full\healthy\healthy786.jpg,healthy,irish
D:\Potato\IrishPotato37G_full\lateblt\lateblt2414.jpg,late_blight,irish
D:\Potato\IrishPotato37G_full\healthy\healthy4497.jpg,healthy,irish
D:\Potato\IrishPotato37G_full\earlyblt\earlyblt6472.jpg,early_blight,irish
D:\Potato\IrishPotato37G_full\earlyblt\earlyblt1035.jpg,early_blight,irish
D:\Potato\IrishPotato37G_full\lateblt\lateblt2664.jpg,late_blight,irish
D:\Potato\IrishPotato37G_full\earlyblt\earlyblt6682.jpg,early_blight,irish
D:\Potato\IrishPotato37G_full\healthy\healthy4202.jpg,healthy,irish
D:\Potato\IrishPotato37G_full\lateblt\lateblt2649.jpg,late_blight,irish
D:\Potato\IrishPotato37G_full\earlyblt\earlyblt2398.jpg,early_blight,irish
D:\Potato\IrishPotato37G_full\healthy\healthy2085.jpg,healthy,irish
D:\Potato\IrishPotato37G_full\earlyblt\earlyblt6278.jpg,early_blight,irish
D:\Potato\IrishPotato37G_full\lateblt\lateblt1937.jpg,late_blight,irish
D:\Potato\IrishPotato37G_full\healthy\healthy845.jpg,healthy,irish
D:\Potato\IrishPotato37G_full\lateblt\lateblt5025.jpg,late_blight,irish
D:\Potato\IrishPotato37G_full\earlyblt\earlyblt215.jpg,early_blight,irish
D:\Potato\IrishPotato37G_full\healthy\healthy5617.jpg,healthy,irish
D:\Potato\IrishPotato37G_full\healthy\healthy3928.jpg,healthy,irish
D:\Potato\IrishPotato37G_full\earlyblt\earlyblt2934.jpg,early_blight,irish
D:\Potato\IrishPotato37G_full\earlyblt\earlyblt3471.jpg,early_blight,irish
D:\Potato\IrishPotato37G_full\healthy\healthy3101.jpg,healthy,irish
D:\Potato\IrishPotato37G_full\healthy\healthy3042.jpg,healthy,irish
D:\Potato\IrishPotato37G_full\earlyblt\earlyblt1071.jpg,early_blight,irish
D:\Potato\IrishPotato37G_full\healthy\healthy30.jpg,healthy,irish
D:\Potato\IrishPotato37G_full\lateblt\lateblt1979.jpg,late_blight,irish
D:\Potato\non_leaf\coco_person\000000262587.jpg,non_leaf,coco_person
D:\Potato\IrishPotato37G_full\healthy\healthy1316.jpg,healthy,irish
D:\Potato\IrishPotato37G_full\lateblt\lateblt437.jpg,late_blight,irish
D:\Potato\IrishPotato37G_full\earlyblt\earlyblt1158.jpg,early_blight,irish
D:\Potato\IrishPotato37G_full\earlyblt\earlyblt313.jpg,early_blight,irish
D:\Potato\IrishPotato37G_full\lateblt\lateblt1328.jpg,late_blight,irish
D:\Potato\IrishPotato37G_full\earlyblt\earlyblt690.jpg,early_blight,irish
D:\Potato\IrishPotato37G_full\earlyblt\earlyblt2817.jpg,early_blight,irish
D:\Potato\IrishPotato37G_full\earlyblt\earlyblt4998.jpg,early_blight,irish
D:\Potato\IrishPotato37G_full\earlyblt\earlyblt2092.jpg,early_blight,irish
D:\Potato\IrishPotato37G_full\lateblt\lateblt2942.jpg,late_blight,irish
D:\Potato\IrishPotato37G_full\lateblt\lateblt2281.jpg,late_blight,irish
D:\Potato\IrishPotato37G_full\lateblt\lateblt1660.jpg,late_blight,irish
D:\Potato\IrishPotato37G_full\earlyblt\earlyblt2089.jpg,early_blight,irish
D:\Potato\IrishPotato37G_full\lateblt\lateblt105.jpg,late_blight,irish
D:\Potato\IrishPotato37G_full\lateblt\lateblt1611.jpg,late_blight,irish
D:\Potato\IrishPotato37G_full\lateblt\lateblt5011.jpg,late_blight,irish
D:\Potato\IrishPotato37G_full\earlyblt\earlyblt139.jpg,early_blight,irish
D:\Potato\IrishPotato37G_full\healthy\healthy4020.jpg,healthy,irish
D:\Potato\IrishPotato37G_full\earlyblt\earlyblt4739.jpg,early_blight,irish
D:\Potato\IrishPotato37G_full\earlyblt\earlyblt6744.jpg,early_blight,irish
D:\Potato\IrishPotato37G_full\lateblt\lateblt896.jpg,late_blight,irish
D:\Potato\IrishPotato37G_full\healthy\healthy2568.jpg,healthy,irish
D:\Potato\non_leaf\coco_person\000000468954.jpg,non_leaf,coco_person
D:\Potato\non_leaf\coco_person\000000320696.jpg,non_leaf,coco_person
D:\Potato\IrishPotato37G_full\earlyblt\earlyblt3009.jpg,early_blight,irish
D:\Potato\IrishPotato37G_full\earlyblt\earlyblt2231.jpg,early_blight,irish
D:\Potato\IrishPotato37G_full\earlyblt\earlyblt1647.jpg,early_blight,irish
D:\Potato\IrishPotato37G_full\earlyblt\earlyblt3268.jpg,early_blight,irish
D:\Potato\non_leaf\coco_person\000000151000.jpg,non_leaf,coco_person
D:\Potato\IrishPotato37G_full\healthy\healthy4064.jpg,healthy,irish
D:\Potato\IrishPotato37G_full\lateblt\lateblt825.jpg,late_blight,irish
D:\Potato\IrishPotato37G_full\healthy\healthy4012.jpg,healthy,irish
D:\Potato\IrishPotato37G_full\earlyblt\earlyblt6448.jpg,early_blight,irish
D:\Potato\non_leaf\coco_person\000000306893.jpg,non_leaf,coco_person
D:\Potato\IrishPotato37G_full\earlyblt\earlyblt6767.jpg,early_blight,irish
D:\Potato\IrishPotato37G_full\healthy\healthy5615.jpg,healthy,irish
D:\Potato\IrishPotato37G_full\lateblt\lateblt2563.jpg,late_blight,irish
D:\Potato\IrishPotato37G_full\healthy\healthy1158.jpg,healthy,irish
D:\Potato\IrishPotato37G_full\healthy\healthy5484.jpg,healthy,irish
D:\Potato\IrishPotato37G_full\lateblt\lateblt2796.jpg,late_blight,irish
D:\Potato\IrishPotato37G_full\healthy\healthy1693.jpg,healthy,irish
D:\Potato\IrishPotato37G_full\lateblt\lateblt1586.jpg,late_blight,irish
D:\Potato\IrishPotato37G_full\earlyblt\earlyblt4828.jpg,early_blight,irish
D:\Potato\IrishPotato37G_full\earlyblt\earlyblt4718.jpg,early_blight,irish
D:\Potato\IrishPotato37G_full\lateblt\lateblt120.jpg,late_blight,irish
D:\Potato\IrishPotato37G_full\earlyblt\earlyblt7015.jpg,early_blight,irish
D:\Potato\IrishPotato37G_full\lateblt\lateblt1363.jpg,late_blight,irish
D:\Potato\IrishPotato37G_full\earlyblt\earlyblt1091.jpg,early_blight,irish
D:\Potato\IrishPotato37G_full\healthy\healthy3083.jpg,healthy,irish
D:\Potato\IrishPotato37G_full\healthy\healthy3453.jpg,healthy,irish
D:\Potato\IrishPotato37G_full\earlyblt\earlyblt2516.jpg,early_blight,irish
D:\Potato\IrishPotato37G_full\earlyblt\earlyblt3725.jpg,early_blight,irish
D:\Potato\IrishPotato37G_full\lateblt\lateblt5054.jpg,late_blight,irish
D:\Potato\IrishPotato37G_full\earlyblt\earlyblt5888.jpg,early_blight,irish
D:\Potato\IrishPotato37G_full\lateblt\lateblt2176.jpg,late_blight,irish
D:\Potato\IrishPotato37G_full\earlyblt\earlyblt1116.jpg,early_blight,irish
D:\Potato\IrishPotato37G_full\healthy\healthy3383.jpg,healthy,irish
D:\Potato\IrishPotato37G_full\healthy\healthy990.jpg,healthy,irish
D:\Potato\IrishPotato37G_full\earlyblt\earlyblt3950.jpg,early_blight,irish
D:\Potato\IrishPotato37G_full\lateblt\lateblt1447.jpg,late_blight,irish
D:\Potato\IrishPotato37G_full\healthy\healthy2400.jpg,healthy,irish
D:\Potato\IrishPotato37G_full\lateblt\lateblt2591.jpg,late_blight,irish
D:\Potato\IrishPotato37G_full\healthy\healthy378.jpg,healthy,irish
D:\Potato\IrishPotato37G_full\lateblt\lateblt2019.jpg,late_blight,irish
D:\Potato\IrishPotato37G_full\lateblt\lateblt2292.jpg,late_blight,irish
D:\Potato\IrishPotato37G_full\lateblt\lateblt851.jpg,late_blight,irish
D:\Potato\IrishPotato37G_full\healthy\healthy1317.jpg,healthy,irish
D:\Potato\IrishPotato37G_full\lateblt\lateblt66.jpg,late_blight,irish
D:\Potato\IrishPotato37G_full\healthy\healthy938.jpg,healthy,irish
D:\Potato\IrishPotato37G_full\lateblt\lateblt2715.jpg,late_blight,irish
D:\Potato\IrishPotato37G_full\earlyblt\earlyblt1949.jpg,early_blight,irish
D:\Potato\IrishPotato37G_full\lateblt\lateblt2831.jpg,late_blight,irish
D:\Potato\IrishPotato37G_full\healthy\healthy1477.jpg,healthy,irish
D:\Potato\IrishPotato37G_full\healthy\healthy1440.jpg,healthy,irish
D:\Potato\IrishPotato37G_full\lateblt\lateblt156.jpg,late_blight,irish
D:\Potato\IrishPotato37G_full\lateblt\lateblt1585.jpg,late_blight,irish
D:\Potato\IrishPotato37G_full\healthy\healthy1249.jpg,healthy,irish
D:\Potato\IrishPotato37G_full\earlyblt\earlyblt2112.jpg,early_blight,irish
D:\Potato\IrishPotato37G_full\lateblt\lateblt1319.jpg,late_blight,irish
D:\Potato\IrishPotato37G_full\earlyblt\earlyblt6721.jpg,early_blight,irish
D:\Potato\IrishPotato37G_full\earlyblt\earlyblt6739.jpg,early_blight,irish
D:\Potato\IrishPotato37G_full\earlyblt\earlyblt4863.jpg,early_blight,irish
D:\Potato\IrishPotato37G_full\earlyblt\earlyblt2797.jpg,early_blight,irish
D:\Potato\IrishPotato37G_full\earlyblt\earlyblt2459.jpg,early_blight,irish
D:\Potato\IrishPotato37G_full\lateblt\lateblt1524.jpg,late_blight,irish
D:\Potato\IrishPotato37G_full\lateblt\lateblt804.jpg,late_blight,irish
D:\Potato\IrishPotato37G_full\earlyblt\earlyblt6028.jpg,early_blight,irish
D:\Potato\IrishPotato37G_full\earlyblt\earlyblt3071.jpg,early_blight,irish
D:\Potato\IrishPotato37G_full\lateblt\lateblt1162.jpg,late_blight,irish
D:\Potato\IrishPotato37G_full\earlyblt\earlyblt1753.jpg,early_blight,irish
D:\Potato\IrishPotato37G_full\lateblt\lateblt2505.jpg,late_blight,irish
D:\Potato\IrishPotato37G_full\healthy\healthy620.jpg,healthy,irish
D:\Potato\IrishPotato37G_full\lateblt\lateblt2567.jpg,late_blight,irish
D:\Potato\IrishPotato37G_full\earlyblt\earlyblt2704.jpg,early_blight,irish
D:\Potato\IrishPotato37G_full\lateblt\lateblt545.jpg,late_blight,irish
D:\Potato\IrishPotato37G_full\healthy\healthy4261.jpg,healthy,irish
D:\Potato\IrishPotato37G_full\healthy\healthy3111.jpg,healthy,irish
D:\Potato\IrishPotato37G_full\earlyblt\earlyblt3012.jpg,early_blight,irish
D:\Potato\IrishPotato37G_full\healthy\healthy3557.jpg,healthy,irish
D:\Potato\non_leaf\coco_person\000000130586.jpg,non_leaf,coco_person
D:\Potato\IrishPotato37G_full\healthy\healthy1306.jpg,healthy,irish
D:\Potato\IrishPotato37G_full\healthy\healthy4396.jpg,healthy,irish
D:\Potato\IrishPotato37G_full\earlyblt\earlyblt6414.jpg,early_blight,irish
D:\Potato\IrishPotato37G_full\earlyblt\earlyblt4782.jpg,early_blight,irish
D:\Potato\IrishPotato37G_full\lateblt\lateblt122.jpg,late_blight,irish
D:\Potato\IrishPotato37G_full\earlyblt\earlyblt2303.jpg,early_blight,irish
D:\Potato\IrishPotato37G_full\earlyblt\earlyblt2114.jpg,early_blight,irish
D:\Potato\IrishPotato37G_full\earlyblt\earlyblt6366.jpg,early_blight,irish
D:\Potato\IrishPotato37G_full\healthy\healthy3003.jpg,healthy,irish
D:\Potato\IrishPotato37G_full\lateblt\lateblt1487.jpg,late_blight,irish
D:\Potato\IrishPotato37G_full\lateblt\lateblt1441.jpg,late_blight,irish
D:\Potato\IrishPotato37G_full\healthy\healthy550.jpg,healthy,irish
D:\Potato\IrishPotato37G_full\lateblt\lateblt32.jpg,late_blight,irish
D:\Potato\IrishPotato37G_full\lateblt\lateblt2437.jpg,late_blight,irish
D:\Potato\IrishPotato37G_full\lateblt\lateblt919.jpg,late_blight,irish
D:\Potato\IrishPotato37G_full\earlyblt\earlyblt6328.jpg,early_blight,irish
D:\Potato\IrishPotato37G_full\lateblt\lateblt1337.jpg,late_blight,irish
D:\Potato\IrishPotato37G_full\lateblt\lateblt791.jpg,late_blight,irish
D:\Potato\IrishPotato37G_full\healthy\healthy5465.jpg,healthy,irish
D:\Potato\IrishPotato37G_full\lateblt\lateblt2557.jpg,late_blight,irish
D:\Potato\IrishPotato37G_full\healthy\healthy2439.jpg,healthy,irish
D:\Potato\IrishPotato37G_full\earlyblt\earlyblt630.jpg,early_blight,irish
D:\Potato\IrishPotato37G_full\lateblt\lateblt981.jpg,late_blight,irish
D:\Potato\IrishPotato37G_full\earlyblt\earlyblt4846.jpg,early_blight,irish
D:\Potato\IrishPotato37G_full\earlyblt\earlyblt7003.jpg,early_blight,irish
D:\Potato\IrishPotato37G_full\earlyblt\earlyblt452.jpg,early_blight,irish
D:\Potato\IrishPotato37G_full\earlyblt\earlyblt2790.jpg,early_blight,irish
D:\Potato\IrishPotato37G_full\lateblt\lateblt1126.jpg,late_blight,irish
D:\Potato\IrishPotato37G_full\earlyblt\earlyblt2284.jpg,early_blight,irish
D:\Potato\IrishPotato37G_full\earlyblt\earlyblt3943.jpg,early_blight,irish
D:\Potato\IrishPotato37G_full\earlyblt\earlyblt3580.jpg,early_blight,irish
D:\Potato\IrishPotato37G_full\earlyblt\earlyblt1809.jpg,early_blight,irish
D:\Potato\IrishPotato37G_full\lateblt\lateblt1543.jpg,late_blight,irish
D:\Potato\IrishPotato37G_full\earlyblt\earlyblt906.jpg,early_blight,irish
D:\Potato\IrishPotato37G_full\earlyblt\earlyblt2442.jpg,early_blight,irish
D:\Potato\IrishPotato37G_full\healthy\healthy1563.jpg,healthy,irish
D:\Potato\IrishPotato37G_full\lateblt\lateblt163.jpg,late_blight,irish
D:\Potato\IrishPotato37G_full\earlyblt\earlyblt3297.jpg,early_blight,irish
D:\Potato\IrishPotato37G_full\lateblt\lateblt1935.jpg,late_blight,irish
D:\Potato\IrishPotato37G_full\lateblt\lateblt2091.jpg,late_blight,irish
D:\Potato\IrishPotato37G_full\healthy\healthy4778.jpg,healthy,irish
D:\Potato\IrishPotato37G_full\healthy\healthy4350.jpg,healthy,irish
D:\Potato\IrishPotato37G_full\healthy\healthy3480.jpg,healthy,irish
D:\Potato\IrishPotato37G_full\healthy\healthy3514.jpg,healthy,irish
D:\Potato\IrishPotato37G_full\lateblt\lateblt1915.jpg,late_blight,irish
D:\Potato\IrishPotato37G_full\earlyblt\earlyblt1967.jpg,early_blight,irish
D:\Potato\IrishPotato37G_full\earlyblt\earlyblt669.jpg,early_blight,irish
D:\Potato\IrishPotato37G_full\lateblt\lateblt2223.jpg,late_blight,irish
D:\Potato\non_leaf\coco_person\000000256868.jpg,non_leaf,coco_person
D:\Potato\IrishPotato37G_full\earlyblt\earlyblt1435.jpg,early_blight,irish
D:\Potato\IrishPotato37G_full\healthy\healthy1633.jpg,healthy,irish
D:\Potato\IrishPotato37G_full\healthy\healthy1735.jpg,healthy,irish
D:\Potato\IrishPotato37G_full\earlyblt\earlyblt3932.jpg,early_blight,irish
D:\Potato\IrishPotato37G_full\lateblt\lateblt1176.jpg,late_blight,irish
D:\Potato\IrishPotato37G_full\lateblt\lateblt1696.jpg,late_blight,irish
D:\Potato\IrishPotato37G_full\lateblt\lateblt2854.jpg,late_blight,irish
D:\Potato\IrishPotato37G_full\earlyblt\earlyblt2179.jpg,early_blight,irish
D:\Potato\IrishPotato37G_full\healthy\healthy4712.jpg,healthy,irish
D:\Potato\non_leaf\coco_person\000000000785.jpg,non_leaf,coco_person
D:\Potato\IrishPotato37G_full\earlyblt\earlyblt432.jpg,early_blight,irish
D:\Potato\IrishPotato37G_full\lateblt\lateblt2803.jpg,late_blight,irish
D:\Potato\IrishPotato37G_full\earlyblt\earlyblt1570.jpg,early_blight,irish
D:\Potato\IrishPotato37G_full\earlyblt\earlyblt1511.jpg,early_blight,irish
D:\Potato\IrishPotato37G_full\earlyblt\earlyblt4669.jpg,early_blight,irish
D:\Potato\IrishPotato37G_full\lateblt\lateblt658.jpg,late_blight,irish
D:\Potato\IrishPotato37G_full\lateblt\lateblt169.jpg,late_blight,irish
D:\Potato\IrishPotato37G_full\earlyblt\earlyblt4856.jpg,early_blight,irish
D:\Potato\IrishPotato37G_full\lateblt\lateblt292.jpg,late_blight,irish
D:\Potato\IrishPotato37G_full\earlyblt\earlyblt1659.jpg,early_blight,irish
D:\Potato\IrishPotato37G_full\earlyblt\earlyblt3192.jpg,early_blight,irish
D:\Potato\IrishPotato37G_full\earlyblt\earlyblt6310.jpg,early_blight,irish
D:\Potato\non_leaf\coco_person\000000216277.jpg,non_leaf,coco_person
D:\Potato\IrishPotato37G_full\healthy\healthy2437.jpg,healthy,irish
D:\Potato\IrishPotato37G_full\healthy\healthy5145.jpg,healthy,irish
D:\Potato\IrishPotato37G_full\lateblt\lateblt594.jpg,late_blight,irish
D:\Potato\IrishPotato37G_full\lateblt\lateblt2548.jpg,late_blight,irish
D:\Potato\non_leaf\coco_person\000000365521.jpg,non_leaf,coco_person
D:\Potato\IrishPotato37G_full\healthy\healthy3475.jpg,healthy,irish
D:\Potato\IrishPotato37G_full\lateblt\lateblt803.jpg,late_blight,irish
D:\Potato\IrishPotato37G_full\healthy\healthy1705.jpg,healthy,irish
D:\Potato\IrishPotato37G_full\lateblt\lateblt2449.jpg,late_blight,irish
D:\Potato\IrishPotato37G_full\healthy\healthy4347.jpg,healthy,irish
D:\Potato\IrishPotato37G_full\lateblt\lateblt960.jpg,late_blight,irish
D:\Potato\IrishPotato37G_full\healthy\healthy5664.jpg,healthy,irish
D:\Potato\IrishPotato37G_full\earlyblt\earlyblt3936.jpg,early_blight,irish
D:\Potato\IrishPotato37G_full\earlyblt\earlyblt2776.jpg,early_blight,irish
D:\Potato\IrishPotato37G_full\lateblt\lateblt2670.jpg,late_blight,irish
D:\Potato\IrishPotato37G_full\lateblt\lateblt408.jpg,late_blight,irish
D:\Potato\IrishPotato37G_full\lateblt\lateblt431.jpg,late_blight,irish
D:\Potato\IrishPotato37G_full\healthy\healthy3014.jpg,healthy,irish
D:\Potato\IrishPotato37G_full\healthy\healthy2022.jpg,healthy,irish
D:\Potato\IrishPotato37G_full\healthy\healthy2262.jpg,healthy,irish
D:\Potato\IrishPotato37G_full\earlyblt\earlyblt2100.jpg,early_blight,irish
D:\Potato\IrishPotato37G_full\earlyblt\earlyblt2190.jpg,early_blight,irish
D:\Potato\IrishPotato37G_full\earlyblt\earlyblt436.jpg,early_blight,irish
D:\Potato\IrishPotato37G_full\lateblt\lateblt5055.jpg,late_blight,irish
D:\Potato\IrishPotato37G_full\healthy\healthy3504.jpg,healthy,irish
D:\Potato\IrishPotato37G_full\healthy\healthy3758.jpg,healthy,irish
D:\Potato\IrishPotato37G_full\healthy\healthy3357.jpg,healthy,irish
D:\Potato\IrishPotato37G_full\healthy\healthy1341.jpg,healthy,irish
D:\Potato\IrishPotato37G_full\healthy\healthy1518.jpg,healthy,irish
D:\Potato\IrishPotato37G_full\healthy\healthy4174.jpg,healthy,irish
D:\Potato\IrishPotato37G_full\earlyblt\earlyblt1560.jpg,early_blight,irish
D:\Potato\IrishPotato37G_full\earlyblt\earlyblt2320.jpg,early_blight,irish
D:\Potato\IrishPotato37G_full\healthy\healthy1493.jpg,healthy,irish
D:\Potato\IrishPotato37G_full\healthy\healthy3602.jpg,healthy,irish
D:\Potato\IrishPotato37G_full\healthy\healthy2789.jpg,healthy,irish
D:\Potato\IrishPotato37G_full\earlyblt\earlyblt245.jpg,early_blight,irish
D:\Potato\non_leaf\coco_person\000000254016.jpg,non_leaf,coco_person
D:\Potato\IrishPotato37G_full\lateblt\lateblt2840.jpg,late_blight,irish
D:\Potato\IrishPotato37G_full\lateblt\lateblt2020.jpg,late_blight,irish
D:\Potato\IrishPotato37G_full\earlyblt\earlyblt246.jpg,early_blight,irish
D:\Potato\IrishPotato37G_full\lateblt\lateblt2454.jpg,late_blight,irish
D:\Potato\IrishPotato37G_full\earlyblt\earlyblt1005.jpg,early_blight,irish
D:\Potato\IrishPotato37G_full\lateblt\lateblt941.jpg,late_blight,irish
D:\Potato\IrishPotato37G_full\lateblt\lateblt2418.jpg,late_blight,irish
D:\Potato\IrishPotato37G_full\earlyblt\earlyblt6632.jpg,early_blight,irish
D:\Potato\IrishPotato37G_full\healthy\healthy527.jpg,healthy,irish
D:\Potato\IrishPotato37G_full\lateblt\lateblt96.jpg,late_blight,irish
D:\Potato\IrishPotato37G_full\healthy\healthy3481.jpg,healthy,irish
D:\Potato\IrishPotato37G_full\earlyblt\earlyblt297.jpg,early_blight,irish
D:\Potato\IrishPotato37G_full\lateblt\lateblt1918.jpg,late_blight,irish
D:\Potato\IrishPotato37G_full\lateblt\lateblt2879.jpg,late_blight,irish
D:\Potato\IrishPotato37G_full\healthy\healthy5483.jpg,healthy,irish
D:\Potato\IrishPotato37G_full\lateblt\lateblt204.jpg,late_blight,irish
D:\Potato\IrishPotato37G_full\healthy\healthy4855.jpg,healthy,irish
D:\Potato\IrishPotato37G_full\healthy\healthy1542.jpg,healthy,irish
D:\Potato\IrishPotato37G_full\healthy\healthy4905.jpg,healthy,irish
D:\Potato\IrishPotato37G_full\earlyblt\earlyblt849.jpg,early_blight,irish
D:\Potato\IrishPotato37G_full\lateblt\lateblt2635.jpg,late_blight,irish
D:\Potato\IrishPotato37G_full\healthy\healthy4630.jpg,healthy,irish
D:\Potato\IrishPotato37G_full\healthy\healthy4922.jpg,healthy,irish
D:\Potato\IrishPotato37G_full\earlyblt\earlyblt2166.jpg,early_blight,irish
D:\Potato\IrishPotato37G_full\healthy\healthy734.jpg,healthy,irish
D:\Potato\non_leaf\coco_person\000000360960.jpg,non_leaf,coco_person
D:\Potato\IrishPotato37G_full\lateblt\lateblt2587.jpg,late_blight,irish
D:\Potato\IrishPotato37G_full\healthy\healthy1589.jpg,healthy,irish
D:\Potato\IrishPotato37G_full\lateblt\lateblt2433.jpg,late_blight,irish
D:\Potato\IrishPotato37G_full\healthy\healthy2742.jpg,healthy,irish
D:\Potato\IrishPotato37G_full\lateblt\lateblt2808.jpg,late_blight,irish
D:\Potato\IrishPotato37G_full\healthy\healthy1507.jpg,healthy,irish
D:\Potato\IrishPotato37G_full\earlyblt\earlyblt1541.jpg,early_blight,irish
D:\Potato\IrishPotato37G_full\lateblt\lateblt1386.jpg,late_blight,irish
D:\Potato\IrishPotato37G_full\lateblt\lateblt5052.jpg,late_blight,irish
D:\Potato\IrishPotato37G_full\earlyblt\earlyblt717.jpg,early_blight,irish
D:\Potato\IrishPotato37G_full\healthy\healthy1509.jpg,healthy,irish
D:\Potato\IrishPotato37G_full\healthy\healthy3389.jpg,healthy,irish
D:\Potato\IrishPotato37G_full\lateblt\lateblt2262.jpg,late_blight,irish
D:\Potato\IrishPotato37G_full\lateblt\lateblt5018.jpg,late_blight,irish
D:\Potato\IrishPotato37G_full\healthy\healthy1171.jpg,healthy,irish
D:\Potato\IrishPotato37G_full\earlyblt\earlyblt476.jpg,early_blight,irish
D:\Potato\IrishPotato37G_full\earlyblt\earlyblt3761.jpg,early_blight,irish
D:\Potato\non_leaf\coco_person\000000082688.jpg,non_leaf,coco_person
D:\Potato\IrishPotato37G_full\lateblt\lateblt910.jpg,late_blight,irish
D:\Potato\IrishPotato37G_full\lateblt\lateblt1436.jpg,late_blight,irish
D:\Potato\IrishPotato37G_full\healthy\healthy2269.jpg,healthy,irish
D:\Potato\IrishPotato37G_full\lateblt\lateblt183.jpg,late_blight,irish
D:\Potato\IrishPotato37G_full\lateblt\lateblt2747.jpg,late_blight,irish
D:\Potato\IrishPotato37G_full\lateblt\lateblt2914.jpg,late_blight,irish
D:\Potato\IrishPotato37G_full\healthy\healthy1285.jpg,healthy,irish
D:\Potato\IrishPotato37G_full\healthy\healthy5658.jpg,healthy,irish
D:\Potato\IrishPotato37G_full\earlyblt\earlyblt6299.jpg,early_blight,irish
D:\Potato\non_leaf\coco_person\000000232692.jpg,non_leaf,coco_person
D:\Potato\IrishPotato37G_full\lateblt\lateblt624.jpg,late_blight,irish
D:\Potato\IrishPotato37G_full\healthy\healthy4211.jpg,healthy,irish
D:\Potato\IrishPotato37G_full\healthy\healthy188.jpg,healthy,irish
D:\Potato\IrishPotato37G_full\earlyblt\earlyblt2408.jpg,early_blight,irish
D:\Potato\IrishPotato37G_full\earlyblt\earlyblt6942.jpg,early_blight,irish
D:\Potato\IrishPotato37G_full\earlyblt\earlyblt2829.jpg,early_blight,irish
D:\Potato\IrishPotato37G_full\earlyblt\earlyblt6312.jpg,early_blight,irish
D:\Potato\IrishPotato37G_full\earlyblt\earlyblt3132.jpg,early_blight,irish
D:\Potato\IrishPotato37G_full\earlyblt\earlyblt2200.jpg,early_blight,irish
D:\Potato\non_leaf\coco_person\000000229948.jpg,non_leaf,coco_person
D:\Potato\IrishPotato37G_full\earlyblt\earlyblt2131.jpg,early_blight,irish
D:\Potato\IrishPotato37G_full\lateblt\lateblt2789.jpg,late_blight,irish
D:\Potato\IrishPotato37G_full\lateblt\lateblt1608.jpg,late_blight,irish
D:\Potato\IrishPotato37G_full\earlyblt\earlyblt2253.jpg,early_blight,irish
D:\Potato\IrishPotato37G_full\earlyblt\earlyblt4928.jpg,early_blight,irish
D:\Potato\IrishPotato37G_full\earlyblt\earlyblt1403.jpg,early_blight,irish
D:\Potato\IrishPotato37G_full\earlyblt\earlyblt6321.jpg,early_blight,irish
D:\Potato\non_leaf\coco_person\000000182611.jpg,non_leaf,coco_person
D:\Potato\IrishPotato37G_full\lateblt\lateblt2667.jpg,late_blight,irish
D:\Potato\IrishPotato37G_full\earlyblt\earlyblt3474.jpg,early_blight,irish
D:\Potato\IrishPotato37G_full\lateblt\lateblt1964.jpg,late_blight,irish
D:\Potato\IrishPotato37G_full\healthy\healthy1117.jpg,healthy,irish
D:\Potato\IrishPotato37G_full\healthy\healthy4022.jpg,healthy,irish
D:\Potato\non_leaf\coco_person\000000453841.jpg,non_leaf,coco_person
D:\Potato\IrishPotato37G_full\earlyblt\earlyblt3223.jpg,early_blight,irish
D:\Potato\IrishPotato37G_full\earlyblt\earlyblt6768.jpg,early_blight,irish
D:\Potato\IrishPotato37G_full\earlyblt\earlyblt900.jpg,early_blight,irish
D:\Potato\IrishPotato37G_full\healthy\healthy2012.jpg,healthy,irish
D:\Potato\IrishPotato37G_full\healthy\healthy836.jpg,healthy,irish
D:\Potato\IrishPotato37G_full\lateblt\lateblt633.jpg,late_blight,irish
D:\Potato\IrishPotato37G_full\lateblt\lateblt1301.jpg,late_blight,irish
D:\Potato\non_leaf\coco_person\000000066886.jpg,non_leaf,coco_person
D:\Potato\IrishPotato37G_full\earlyblt\earlyblt1739.jpg,early_blight,irish
D:\Potato\IrishPotato37G_full\healthy\healthy2420.jpg,healthy,irish
D:\Potato\IrishPotato37G_full\earlyblt\earlyblt6917.jpg,early_blight,irish
D:\Potato\non_leaf\coco_person\000000142790.jpg,non_leaf,coco_person
D:\Potato\IrishPotato37G_full\healthy\healthy2967.jpg,healthy,irish
D:\Potato\IrishPotato37G_full\healthy\healthy3796.jpg,healthy,irish
D:\Potato\IrishPotato37G_full\healthy\healthy5174.jpg,healthy,irish
D:\Potato\IrishPotato37G_full\lateblt\lateblt5026.jpg,late_blight,irish
D:\Potato\IrishPotato37G_full\earlyblt\earlyblt1755.jpg,early_blight,irish
D:\Potato\IrishPotato37G_full\lateblt\lateblt1385.jpg,late_blight,irish
D:\Potato\non_leaf\coco_person\000000187585.jpg,non_leaf,coco_person
D:\Potato\IrishPotato37G_full\lateblt\lateblt599.jpg,late_blight,irish
D:\Potato\IrishPotato37G_full\lateblt\lateblt678.jpg,late_blight,irish
D:\Potato\IrishPotato37G_full\earlyblt\earlyblt6765.jpg,early_blight,irish
D:\Potato\IrishPotato37G_full\healthy\healthy2498.jpg,healthy,irish
D:\Potato\IrishPotato37G_full\earlyblt\earlyblt2489.jpg,early_blight,irish
D:\Potato\IrishPotato37G_full\lateblt\lateblt2724.jpg,late_blight,irish
D:\Potato\IrishPotato37G_full\earlyblt\earlyblt423.jpg,early_blight,irish
D:\Potato\IrishPotato37G_full\earlyblt\earlyblt1917.jpg,early_blight,irish
D:\Potato\IrishPotato37G_full\healthy\healthy675.jpg,healthy,irish
D:\Potato\IrishPotato37G_full\earlyblt\earlyblt1768.jpg,early_blight,irish
D:\Potato\IrishPotato37G_full\earlyblt\earlyblt2014.jpg,early_blight,irish
D:\Potato\IrishPotato37G_full\healthy\healthy3385.jpg,healthy,irish
D:\Potato\IrishPotato37G_full\lateblt\lateblt2533.jpg,late_blight,irish
D:\Potato\IrishPotato37G_full\earlyblt\earlyblt3207.jpg,early_blight,irish
D:\Potato\IrishPotato37G_full\healthy\healthy2583.jpg,healthy,irish
D:\Potato\IrishPotato37G_full\earlyblt\earlyblt4696.jpg,early_blight,irish
D:\Potato\IrishPotato37G_full\healthy\healthy3068.jpg,healthy,irish
D:\Potato\IrishPotato37G_full\earlyblt\earlyblt2110.jpg,early_blight,irish
D:\Potato\IrishPotato37G_full\earlyblt\earlyblt3001.jpg,early_blight,irish
D:\Potato\IrishPotato37G_full\healthy\healthy610.jpg,healthy,irish
D:\Potato\IrishPotato37G_full\earlyblt\earlyblt1587.jpg,early_blight,irish
D:\Potato\IrishPotato37G_full\earlyblt\earlyblt1930.jpg,early_blight,irish
D:\Potato\IrishPotato37G_full\healthy\healthy4739.jpg,healthy,irish
D:\Potato\IrishPotato37G_full\healthy\healthy3408.jpg,healthy,irish
D:\Potato\IrishPotato37G_full\lateblt\lateblt1619.jpg,late_blight,irish
D:\Potato\IrishPotato37G_full\healthy\healthy3192.jpg,healthy,irish
D:\Potato\IrishPotato37G_full\healthy\healthy3036.jpg,healthy,irish
D:\Potato\IrishPotato37G_full\lateblt\lateblt1520.jpg,late_blight,irish
D:\Potato\IrishPotato37G_full\lateblt\lateblt824.jpg,late_blight,irish
D:\Potato\IrishPotato37G_full\healthy\healthy5423.jpg,healthy,irish
D:\Potato\IrishPotato37G_full\healthy\healthy4908.jpg,healthy,irish
D:\Potato\IrishPotato37G_full\healthy\healthy924.jpg,healthy,irish
D:\Potato\IrishPotato37G_full\earlyblt\earlyblt1835.jpg,early_blight,irish
D:\Potato\IrishPotato37G_full\lateblt\lateblt2832.jpg,late_blight,irish
D:\Potato\IrishPotato37G_full\earlyblt\earlyblt1074.jpg,early_blight,irish
D:\Potato\IrishPotato37G_full\lateblt\lateblt118.jpg,late_blight,irish
D:\Potato\IrishPotato37G_full\earlyblt\earlyblt6944.jpg,early_blight,irish
D:\Potato\non_leaf\coco_person\000000345941.jpg,non_leaf,coco_person
D:\Potato\IrishPotato37G_full\earlyblt\earlyblt3877.jpg,early_blight,irish
D:\Potato\IrishPotato37G_full\earlyblt\earlyblt2594.jpg,early_blight,irish
D:\Potato\IrishPotato37G_full\lateblt\lateblt1311.jpg,late_blight,irish
D:\Potato\IrishPotato37G_full\healthy\healthy2965.jpg,healthy,irish
D:\Potato\IrishPotato37G_full\earlyblt\earlyblt6320.jpg,early_blight,irish
D:\Potato\IrishPotato37G_full\lateblt\lateblt559.jpg,late_blight,irish
D:\Potato\IrishPotato37G_full\earlyblt\earlyblt144.jpg,early_blight,irish
D:\Potato\IrishPotato37G_full\lateblt\lateblt1959.jpg,late_blight,irish
D:\Potato\IrishPotato37G_full\earlyblt\earlyblt1476.jpg,early_blight,irish
D:\Potato\IrishPotato37G_full\healthy\healthy1661.jpg,healthy,irish
D:\Potato\IrishPotato37G_full\lateblt\lateblt811.jpg,late_blight,irish
D:\Potato\IrishPotato37G_full\healthy\healthy5148.jpg,healthy,irish
D:\Potato\IrishPotato37G_full\lateblt\lateblt904.jpg,late_blight,irish
D:\Potato\IrishPotato37G_full\lateblt\lateblt2549.jpg,late_blight,irish
D:\Potato\IrishPotato37G_full\earlyblt\earlyblt3783.jpg,early_blight,irish
D:\Potato\IrishPotato37G_full\healthy\healthy581.jpg,healthy,irish
D:\Potato\IrishPotato37G_full\earlyblt\earlyblt7026.jpg,early_blight,irish
D:\Potato\IrishPotato37G_full\healthy\healthy4944.jpg,healthy,irish
D:\Potato\IrishPotato37G_full\healthy\healthy2040.jpg,healthy,irish
D:\Potato\IrishPotato37G_full\earlyblt\earlyblt4681.jpg,early_blight,irish
D:\Potato\IrishPotato37G_full\healthy\healthy2561.jpg,healthy,irish
D:\Potato\IrishPotato37G_full\earlyblt\earlyblt2547.jpg,early_blight,irish
D:\Potato\IrishPotato37G_full\healthy\healthy3629.jpg,healthy,irish
D:\Potato\IrishPotato37G_full\healthy\healthy317.jpg,healthy,irish
D:\Potato\IrishPotato37G_full\lateblt\lateblt2636.jpg,late_blight,irish
D:\Potato\IrishPotato37G_full\earlyblt\earlyblt2870.jpg,early_blight,irish
D:\Potato\IrishPotato37G_full\earlyblt\earlyblt2647.jpg,early_blight,irish
D:\Potato\IrishPotato37G_full\lateblt\lateblt2852.jpg,late_blight,irish
D:\Potato\non_leaf\coco_person\000000074860.jpg,non_leaf,coco_person
D:\Potato\IrishPotato37G_full\healthy\healthy4266.jpg,healthy,irish
D:\Potato\IrishPotato37G_full\healthy\healthy4749.jpg,healthy,irish
D:\Potato\IrishPotato37G_full\healthy\healthy88.jpg,healthy,irish
D:\Potato\IrishPotato37G_full\healthy\healthy336.jpg,healthy,irish
D:\Potato\IrishPotato37G_full\earlyblt\earlyblt1162.jpg,early_blight,irish
D:\Potato\IrishPotato37G_full\healthy\healthy4128.jpg,healthy,irish
D:\Potato\IrishPotato37G_full\earlyblt\earlyblt4673.jpg,early_blight,irish
D:\Potato\IrishPotato37G_full\lateblt\lateblt2135.jpg,late_blight,irish
D:\Potato\IrishPotato37G_full\healthy\healthy304.jpg,healthy,irish
D:\Potato\IrishPotato37G_full\lateblt\lateblt2153.jpg,late_blight,irish
D:\Potato\IrishPotato37G_full\healthy\healthy746.jpg,healthy,irish
D:\Potato\IrishPotato37G_full\earlyblt\earlyblt6927.jpg,early_blight,irish
D:\Potato\IrishPotato37G_full\lateblt\lateblt1409.jpg,late_blight,irish
D:\Potato\IrishPotato37G_full\healthy\healthy3763.jpg,healthy,irish
D:\Potato\IrishPotato37G_full\earlyblt\earlyblt3718.jpg,early_blight,irish
D:\Potato\IrishPotato37G_full\healthy\healthy4612.jpg,healthy,irish
D:\Potato\non_leaf\coco_person\000000477288.jpg,non_leaf,coco_person
D:\Potato\IrishPotato37G_full\earlyblt\earlyblt3598.jpg,early_blight,irish
D:\Potato\IrishPotato37G_full\earlyblt\earlyblt2280.jpg,early_blight,irish
D:\Potato\IrishPotato37G_full\lateblt\lateblt2984.jpg,late_blight,irish
D:\Potato\IrishPotato37G_full\earlyblt\earlyblt867.jpg,early_blight,irish
D:\Potato\IrishPotato37G_full\earlyblt\earlyblt2715.jpg,early_blight,irish
D:\Potato\IrishPotato37G_full\healthy\healthy2277.jpg,healthy,irish
D:\Potato\IrishPotato37G_full\lateblt\lateblt1399.jpg,late_blight,irish
D:\Potato\IrishPotato37G_full\healthy\healthy4126.jpg,healthy,irish
D:\Potato\non_leaf\coco_person\000000474039.jpg,non_leaf,coco_person
D:\Potato\IrishPotato37G_full\healthy\healthy1749.jpg,healthy,irish
D:\Potato\IrishPotato37G_full\earlyblt\earlyblt1888.jpg,early_blight,irish
D:\Potato\IrishPotato37G_full\lateblt\lateblt1304.jpg,late_blight,irish
D:\Potato\IrishPotato37G_full\earlyblt\earlyblt2354.jpg,early_blight,irish
D:\Potato\IrishPotato37G_full\earlyblt\earlyblt3498.jpg,early_blight,irish
D:\Potato\non_leaf\coco_person\000000244099.jpg,non_leaf,coco_person
D:\Potato\non_leaf\coco_person\000000499622.jpg,non_leaf,coco_person
D:\Potato\IrishPotato37G_full\earlyblt\earlyblt4975.jpg,early_blight,irish
D:\Potato\IrishPotato37G_full\earlyblt\earlyblt3741.jpg,early_blight,irish
D:\Potato\IrishPotato37G_full\earlyblt\earlyblt4781.jpg,early_blight,irish
D:\Potato\IrishPotato37G_full\earlyblt\earlyblt2794.jpg,early_blight,irish
D:\Potato\IrishPotato37G_full\earlyblt\earlyblt158.jpg,early_blight,irish
D:\Potato\IrishPotato37G_full\healthy\healthy4027.jpg,healthy,irish
D:\Potato\IrishPotato37G_full\lateblt\lateblt2729.jpg,late_blight,irish
D:\Potato\IrishPotato37G_full\lateblt\lateblt1412.jpg,late_blight,irish
D:\Potato\IrishPotato37G_full\earlyblt\earlyblt7018.jpg,early_blight,irish
D:\Potato\IrishPotato37G_full\healthy\healthy1479.jpg,healthy,irish
D:\Potato\IrishPotato37G_full\earlyblt\earlyblt1779.jpg,early_blight,irish
D:\Potato\IrishPotato37G_full\healthy\healthy1214.jpg,healthy,irish
D:\Potato\IrishPotato37G_full\lateblt\lateblt1130.jpg,late_blight,irish
D:\Potato\non_leaf\coco_person\000000407298.jpg,non_leaf,coco_person
D:\Potato\IrishPotato37G_full\healthy\healthy3611.jpg,healthy,irish
D:\Potato\IrishPotato37G_full\earlyblt\earlyblt1717.jpg,early_blight,irish
D:\Potato\IrishPotato37G_full\earlyblt\earlyblt6399.jpg,early_blight,irish
D:\Potato\IrishPotato37G_full\lateblt\lateblt2265.jpg,late_blight,irish
D:\Potato\IrishPotato37G_full\lateblt\lateblt2442.jpg,late_blight,irish
D:\Potato\IrishPotato37G_full\lateblt\lateblt953.jpg,late_blight,irish
D:\Potato\non_leaf\coco_person\000000329827.jpg,non_leaf,coco_person
D:\Potato\IrishPotato37G_full\earlyblt\earlyblt6485.jpg,early_blight,irish
D:\Potato\IrishPotato37G_full\healthy\healthy3409.jpg,healthy,irish
D:\Potato\IrishPotato37G_full\lateblt\lateblt1966.jpg,late_blight,irish
D:\Potato\non_leaf\coco_person\000000407083.jpg,non_leaf,coco_person
D:\Potato\IrishPotato37G_full\healthy\healthy4124.jpg,healthy,irish
D:\Potato\non_leaf\coco_person\000000343803.jpg,non_leaf,coco_person
D:\Potato\IrishPotato37G_full\earlyblt\earlyblt3284.jpg,early_blight,irish
D:\Potato\non_leaf\coco_person\000000336628.jpg,non_leaf,coco_person
D:\Potato\IrishPotato37G_full\lateblt\lateblt2069.jpg,late_blight,irish
D:\Potato\IrishPotato37G_full\lateblt\lateblt2545.jpg,late_blight,irish
D:\Potato\IrishPotato37G_full\earlyblt\earlyblt3121.jpg,early_blight,irish
D:\Potato\IrishPotato37G_full\earlyblt\earlyblt1697.jpg,early_blight,irish
D:\Potato\IrishPotato37G_full\lateblt\lateblt1496.jpg,late_blight,irish
D:\Potato\IrishPotato37G_full\lateblt\lateblt2224.jpg,late_blight,irish
D:\Potato\IrishPotato37G_full\lateblt\lateblt2537.jpg,late_blight,irish
D:\Potato\IrishPotato37G_full\earlyblt\earlyblt2802.jpg,early_blight,irish
D:\Potato\IrishPotato37G_full\earlyblt\earlyblt1401.jpg,early_blight,irish
D:\Potato\IrishPotato37G_full\healthy\healthy2904.jpg,healthy,irish
D:\Potato\IrishPotato37G_full\earlyblt\earlyblt2318.jpg,early_blight,irish
D:\Potato\IrishPotato37G_full\lateblt\lateblt2561.jpg,late_blight,irish
D:\Potato\IrishPotato37G_full\healthy\healthy4960.jpg,healthy,irish
D:\Potato\IrishPotato37G_full\lateblt\lateblt1539.jpg,late_blight,irish
D:\Potato\IrishPotato37G_full\lateblt\lateblt2696.jpg,late_blight,irish
D:\Potato\IrishPotato37G_full\lateblt\lateblt690.jpg,late_blight,irish
D:\Potato\IrishPotato37G_full\healthy\healthy3755.jpg,healthy,irish
D:\Potato\non_leaf\coco_person\000000182805.jpg,non_leaf,coco_person
D:\Potato\IrishPotato37G_full\lateblt\lateblt2513.jpg,late_blight,irish
D:\Potato\IrishPotato37G_full\healthy\healthy2959.jpg,healthy,irish
D:\Potato\IrishPotato37G_full\healthy\healthy3483.jpg,healthy,irish
D:\Potato\IrishPotato37G_full\healthy\healthy2547.jpg,healthy,irish
D:\Potato\IrishPotato37G_full\earlyblt\earlyblt783.jpg,early_blight,irish
D:\Potato\IrishPotato37G_full\earlyblt\earlyblt2383.jpg,early_blight,irish
D:\Potato\IrishPotato37G_full\earlyblt\earlyblt3561.jpg,early_blight,irish
D:\Potato\IrishPotato37G_full\earlyblt\earlyblt1731.jpg,early_blight,irish
D:\Potato\IrishPotato37G_full\earlyblt\earlyblt4970.jpg,early_blight,irish
D:\Potato\IrishPotato37G_full\lateblt\lateblt172.jpg,late_blight,irish
D:\Potato\IrishPotato37G_full\lateblt\lateblt2512.jpg,late_blight,irish
D:\Potato\IrishPotato37G_full\lateblt\lateblt797.jpg,late_blight,irish
D:\Potato\IrishPotato37G_full\healthy\healthy2881.jpg,healthy,irish
D:\Potato\IrishPotato37G_full\earlyblt\earlyblt2852.jpg,early_blight,irish
D:\Potato\IrishPotato37G_full\lateblt\lateblt58.jpg,late_blight,irish
D:\Potato\IrishPotato37G_full\lateblt\lateblt1975.jpg,late_blight,irish
D:\Potato\IrishPotato37G_full\lateblt\lateblt2902.jpg,late_blight,irish
D:\Potato\non_leaf\coco_person\000000555050.jpg,non_leaf,coco_person
D:\Potato\IrishPotato37G_full\healthy\healthy1303.jpg,healthy,irish
D:\Potato\IrishPotato37G_full\lateblt\lateblt872.jpg,late_blight,irish
D:\Potato\IrishPotato37G_full\healthy\healthy5263.jpg,healthy,irish
D:\Potato\IrishPotato37G_full\earlyblt\earlyblt3746.jpg,early_blight,irish
D:\Potato\IrishPotato37G_full\healthy\healthy3785.jpg,healthy,irish
D:\Potato\IrishPotato37G_full\earlyblt\earlyblt1820.jpg,early_blight,irish
D:\Potato\IrishPotato37G_full\lateblt\lateblt2099.jpg,late_blight,irish
D:\Potato\IrishPotato37G_full\healthy\healthy1688.jpg,healthy,irish
D:\Potato\IrishPotato37G_full\earlyblt\earlyblt3016.jpg,early_blight,irish
D:\Potato\IrishPotato37G_full\lateblt\lateblt1920.jpg,late_blight,irish
D:\Potato\IrishPotato37G_full\earlyblt\earlyblt1501.jpg,early_blight,irish
D:\Potato\IrishPotato37G_full\earlyblt\earlyblt4699.jpg,early_blight,irish
D:\Potato\IrishPotato37G_full\lateblt\lateblt2126.jpg,late_blight,irish
D:\Potato\IrishPotato37G_full\healthy\healthy3076.jpg,healthy,irish
D:\Potato\IrishPotato37G_full\healthy\healthy2413.jpg,healthy,irish
D:\Potato\IrishPotato37G_full\lateblt\lateblt466.jpg,late_blight,irish
D:\Potato\non_leaf\coco_person\000000374982.jpg,non_leaf,coco_person
D:\Potato\IrishPotato37G_full\healthy\healthy1723.jpg,healthy,irish
D:\Potato\IrishPotato37G_full\earlyblt\earlyblt2359.jpg,early_blight,irish
D:\Potato\IrishPotato37G_full\lateblt\lateblt497.jpg,late_blight,irish
D:\Potato\IrishPotato37G_full\lateblt\lateblt1522.jpg,late_blight,irish
D:\Potato\IrishPotato37G_full\healthy\healthy2485.jpg,healthy,irish
D:\Potato\IrishPotato37G_full\earlyblt\earlyblt235.jpg,early_blight,irish
D:\Potato\IrishPotato37G_full\earlyblt\earlyblt2480.jpg,early_blight,irish
D:\Potato\IrishPotato37G_full\earlyblt\earlyblt4921.jpg,early_blight,irish
D:\Potato\IrishPotato37G_full\healthy\healthy2021.jpg,healthy,irish
D:\Potato\IrishPotato37G_full\earlyblt\earlyblt2391.jpg,early_blight,irish
D:\Potato\IrishPotato37G_full\earlyblt\earlyblt4938.jpg,early_blight,irish
D:\Potato\IrishPotato37G_full\lateblt\lateblt1110.jpg,late_blight,irish
D:\Potato\IrishPotato37G_full\earlyblt\earlyblt1626.jpg,early_blight,irish
D:\Potato\IrishPotato37G_full\lateblt\lateblt1921.jpg,late_blight,irish
D:\Potato\IrishPotato37G_full\earlyblt\earlyblt3425.jpg,early_blight,irish
D:\Potato\non_leaf\coco_person\000000092939.jpg,non_leaf,coco_person
D:\Potato\IrishPotato37G_full\earlyblt\earlyblt6424.jpg,early_blight,irish
D:\Potato\IrishPotato37G_full\healthy\healthy4437.jpg,healthy,irish
D:\Potato\non_leaf\coco_person\000000515350.jpg,non_leaf,coco_person
D:\Potato\IrishPotato37G_full\lateblt\lateblt410.jpg,late_blight,irish
D:\Potato\non_leaf\coco_person\000000531134.jpg,non_leaf,coco_person
D:\Potato\IrishPotato37G_full\earlyblt\earlyblt6745.jpg,early_blight,irish
D:\Potato\IrishPotato37G_full\lateblt\lateblt2267.jpg,late_blight,irish
D:\Potato\IrishPotato37G_full\lateblt\lateblt2685.jpg,late_blight,irish
D:\Potato\IrishPotato37G_full\healthy\healthy565.jpg,healthy,irish
D:\Potato\IrishPotato37G_full\lateblt\lateblt52.jpg,late_blight,irish
D:\Potato\IrishPotato37G_full\earlyblt\earlyblt1097.jpg,early_blight,irish
D:\Potato\IrishPotato37G_full\earlyblt\earlyblt416.jpg,early_blight,irish
D:\Potato\IrishPotato37G_full\healthy\healthy4414.jpg,healthy,irish
D:\Potato\IrishPotato37G_full\lateblt\lateblt2104.jpg,late_blight,irish
D:\Potato\IrishPotato37G_full\earlyblt\earlyblt2546.jpg,early_blight,irish
D:\Potato\IrishPotato37G_full\lateblt\lateblt1486.jpg,late_blight,irish
D:\Potato\IrishPotato37G_full\lateblt\lateblt741.jpg,late_blight,irish
D:\Potato\IrishPotato37G_full\lateblt\lateblt2917.jpg,late_blight,irish
D:\Potato\IrishPotato37G_full\lateblt\lateblt2851.jpg,late_blight,irish
D:\Potato\IrishPotato37G_full\lateblt\lateblt2220.jpg,late_blight,irish
D:\Potato\IrishPotato37G_full\lateblt\lateblt1106.jpg,late_blight,irish
D:\Potato\IrishPotato37G_full\lateblt\lateblt5014.jpg,late_blight,irish
D:\Potato\IrishPotato37G_full\healthy\healthy2566.jpg,healthy,irish
D:\Potato\IrishPotato37G_full\healthy\healthy2341.jpg,healthy,irish
D:\Potato\IrishPotato37G_full\earlyblt\earlyblt3797.jpg,early_blight,irish
D:\Potato\IrishPotato37G_full\earlyblt\earlyblt6069.jpg,early_blight,irish
D:\Potato\IrishPotato37G_full\earlyblt\earlyblt2751.jpg,early_blight,irish
D:\Potato\IrishPotato37G_full\healthy\healthy1125.jpg,healthy,irish
D:\Potato\IrishPotato37G_full\earlyblt\earlyblt2705.jpg,early_blight,irish
D:\Potato\IrishPotato37G_full\earlyblt\earlyblt1148.jpg,early_blight,irish
D:\Potato\IrishPotato37G_full\healthy\healthy4343.jpg,healthy,irish
D:\Potato\IrishPotato37G_full\earlyblt\earlyblt3426.jpg,early_blight,irish
D:\Potato\IrishPotato37G_full\earlyblt\earlyblt3038.jpg,early_blight,irish
D:\Potato\IrishPotato37G_full\earlyblt\earlyblt6903.jpg,early_blight,irish
D:\Potato\IrishPotato37G_full\earlyblt\earlyblt6226.jpg,early_blight,irish
D:\Potato\IrishPotato37G_full\earlyblt\earlyblt6637.jpg,early_blight,irish
D:\Potato\IrishPotato37G_full\earlyblt\earlyblt6607.jpg,early_blight,irish
D:\Potato\IrishPotato37G_full\earlyblt\earlyblt3112.jpg,early_blight,irish
D:\Potato\IrishPotato37G_full\earlyblt\earlyblt3578.jpg,early_blight,irish
D:\Potato\IrishPotato37G_full\healthy\healthy2339.jpg,healthy,irish
D:\Potato\IrishPotato37G_full\earlyblt\earlyblt6773.jpg,early_blight,irish
D:\Potato\IrishPotato37G_full\earlyblt\earlyblt2580.jpg,early_blight,irish
D:\Potato\IrishPotato37G_full\earlyblt\earlyblt2282.jpg,early_blight,irish
D:\Potato\IrishPotato37G_full\lateblt\lateblt2060.jpg,late_blight,irish
D:\Potato\IrishPotato37G_full\lateblt\lateblt1170.jpg,late_blight,irish
D:\Potato\non_leaf\coco_person\000000032081.jpg,non_leaf,coco_person
D:\Potato\IrishPotato37G_full\healthy\healthy2397.jpg,healthy,irish
D:\Potato\IrishPotato37G_full\lateblt\lateblt1144.jpg,late_blight,irish
D:\Potato\IrishPotato37G_full\earlyblt\earlyblt2703.jpg,early_blight,irish
D:\Potato\IrishPotato37G_full\earlyblt\earlyblt2266.jpg,early_blight,irish
D:\Potato\IrishPotato37G_full\earlyblt\earlyblt439.jpg,early_blight,irish
D:\Potato\IrishPotato37G_full\healthy\healthy5440.jpg,healthy,irish
D:\Potato\IrishPotato37G_full\earlyblt\earlyblt2010.jpg,early_blight,irish
D:\Potato\IrishPotato37G_full\earlyblt\earlyblt1516.jpg,early_blight,irish
D:\Potato\IrishPotato37G_full\healthy\healthy1777.jpg,healthy,irish
D:\Potato\IrishPotato37G_full\earlyblt\earlyblt1936.jpg,early_blight,irish
D:\Potato\IrishPotato37G_full\earlyblt\earlyblt3844.jpg,early_blight,irish
D:\Potato\IrishPotato37G_full\earlyblt\earlyblt6633.jpg,early_blight,irish
D:\Potato\IrishPotato37G_full\earlyblt\earlyblt3703.jpg,early_blight,irish
D:\Potato\IrishPotato37G_full\lateblt\lateblt415.jpg,late_blight,irish
D:\Potato\IrishPotato37G_full\earlyblt\earlyblt3290.jpg,early_blight,irish
D:\Potato\IrishPotato37G_full\lateblt\lateblt2465.jpg,late_blight,irish
D:\Potato\IrishPotato37G_full\earlyblt\earlyblt2565.jpg,early_blight,irish
D:\Potato\IrishPotato37G_full\earlyblt\earlyblt2708.jpg,early_blight,irish
D:\Potato\IrishPotato37G_full\earlyblt\earlyblt2134.jpg,early_blight,irish
D:\Potato\IrishPotato37G_full\earlyblt\earlyblt2143.jpg,early_blight,irish
D:\Potato\IrishPotato37G_full\lateblt\lateblt2112.jpg,late_blight,irish
D:\Potato\IrishPotato37G_full\earlyblt\earlyblt6091.jpg,early_blight,irish
D:\Potato\IrishPotato37G_full\earlyblt\earlyblt2400.jpg,early_blight,irish
D:\Potato\IrishPotato37G_full\earlyblt\earlyblt3475.jpg,early_blight,irish
D:\Potato\IrishPotato37G_full\earlyblt\earlyblt2904.jpg,early_blight,irish
D:\Potato\IrishPotato37G_full\earlyblt\earlyblt1414.jpg,early_blight,irish
D:\Potato\IrishPotato37G_full\earlyblt\earlyblt972.jpg,early_blight,irish
D:\Potato\IrishPotato37G_full\healthy\healthy3085.jpg,healthy,irish
D:\Potato\IrishPotato37G_full\healthy\healthy2815.jpg,healthy,irish
D:\Potato\IrishPotato37G_full\earlyblt\earlyblt2075.jpg,early_blight,irish
D:\Potato\IrishPotato37G_full\healthy\healthy4966.jpg,healthy,irish
D:\Potato\IrishPotato37G_full\earlyblt\earlyblt2385.jpg,early_blight,irish
D:\Potato\IrishPotato37G_full\earlyblt\earlyblt6277.jpg,early_blight,irish
D:\Potato\IrishPotato37G_full\healthy\healthy3986.jpg,healthy,irish
D:\Potato\IrishPotato37G_full\healthy\healthy888.jpg,healthy,irish
D:\Potato\IrishPotato37G_full\healthy\healthy3543.jpg,healthy,irish
D:\Potato\IrishPotato37G_full\healthy\healthy26.jpg,healthy,irish
D:\Potato\IrishPotato37G_full\earlyblt\earlyblt6247.jpg,early_blight,irish
D:\Potato\IrishPotato37G_full\lateblt\lateblt2256.jpg,late_blight,irish
D:\Potato\IrishPotato37G_full\lateblt\lateblt888.jpg,late_blight,irish
D:\Potato\IrishPotato37G_full\lateblt\lateblt2865.jpg,late_blight,irish
D:\Potato\IrishPotato37G_full\earlyblt\earlyblt4784.jpg,early_blight,irish
D:\Potato\non_leaf\coco_person\000000464476.jpg,non_leaf,coco_person
D:\Potato\IrishPotato37G_full\lateblt\lateblt729.jpg,late_blight,irish
D:\Potato\IrishPotato37G_full\lateblt\lateblt1154.jpg,late_blight,irish
D:\Potato\IrishPotato37G_full\lateblt\lateblt1370.jpg,late_blight,irish
D:\Potato\IrishPotato37G_full\earlyblt\earlyblt6915.jpg,early_blight,irish
D:\Potato\IrishPotato37G_full\healthy\healthy2533.jpg,healthy,irish
D:\Potato\IrishPotato37G_full\earlyblt\earlyblt1705.jpg,early_blight,irish
D:\Potato\IrishPotato37G_full\healthy\healthy1521.jpg,healthy,irish
D:\Potato\IrishPotato37G_full\healthy\healthy1780.jpg,healthy,irish
D:\Potato\IrishPotato37G_full\lateblt\lateblt620.jpg,late_blight,irish
D:\Potato\IrishPotato37G_full\healthy\healthy4839.jpg,healthy,irish
D:\Potato\IrishPotato37G_full\healthy\healthy835.jpg,healthy,irish
D:\Potato\IrishPotato37G_full\earlyblt\earlyblt366.jpg,early_blight,irish
D:\Potato\IrishPotato37G_full\healthy\healthy2893.jpg,healthy,irish
D:\Potato\IrishPotato37G_full\earlyblt\earlyblt6994.jpg,early_blight,irish
D:\Potato\IrishPotato37G_full\earlyblt\earlyblt6953.jpg,early_blight,irish
D:\Potato\IrishPotato37G_full\earlyblt\earlyblt3826.jpg,early_blight,irish
D:\Potato\IrishPotato37G_full\lateblt\lateblt558.jpg,late_blight,irish
D:\Potato\IrishPotato37G_full\lateblt\lateblt689.jpg,late_blight,irish
D:\Potato\IrishPotato37G_full\healthy\healthy4638.jpg,healthy,irish
D:\Potato\IrishPotato37G_full\healthy\healthy1550.jpg,healthy,irish
D:\Potato\non_leaf\coco_person\000000151938.jpg,non_leaf,coco_person
D:\Potato\IrishPotato37G_full\lateblt\lateblt1527.jpg,late_blight,irish
D:\Potato\non_leaf\coco_person\000000193674.jpg,non_leaf,coco_person
D:\Potato\IrishPotato37G_full\healthy\healthy2818.jpg,healthy,irish
D:\Potato\IrishPotato37G_full\healthy\healthy3479.jpg,healthy,irish
D:\Potato\IrishPotato37G_full\lateblt\lateblt1576.jpg,late_blight,irish
D:\Potato\IrishPotato37G_full\lateblt\lateblt583.jpg,late_blight,irish
D:\Potato\IrishPotato37G_full\earlyblt\earlyblt652.jpg,early_blight,irish
D:\Potato\IrishPotato37G_full\healthy\healthy2457.jpg,healthy,irish
D:\Potato\IrishPotato37G_full\earlyblt\earlyblt4680.jpg,early_blight,irish
D:\Potato\IrishPotato37G_full\earlyblt\earlyblt648.jpg,early_blight,irish
D:\Potato\IrishPotato37G_full\lateblt\lateblt2201.jpg,late_blight,irish
D:\Potato\IrishPotato37G_full\healthy\healthy2923.jpg,healthy,irish
D:\Potato\non_leaf\coco_person\000000177213.jpg,non_leaf,coco_person
D:\Potato\IrishPotato37G_full\lateblt\lateblt2551.jpg,late_blight,irish
D:\Potato\IrishPotato37G_full\lateblt\lateblt2695.jpg,late_blight,irish
D:\Potato\IrishPotato37G_full\healthy\healthy1172.jpg,healthy,irish
D:\Potato\IrishPotato37G_full\healthy\healthy4684.jpg,healthy,irish
D:\Potato\IrishPotato37G_full\healthy\healthy1686.jpg,healthy,irish
D:\Potato\IrishPotato37G_full\earlyblt\earlyblt1682.jpg,early_blight,irish
D:\Potato\IrishPotato37G_full\healthy\healthy2598.jpg,healthy,irish
D:\Potato\non_leaf\coco_person\000000292155.jpg,non_leaf,coco_person
D:\Potato\IrishPotato37G_full\lateblt\lateblt1109.jpg,late_blight,irish
D:\Potato\IrishPotato37G_full\earlyblt\earlyblt3183.jpg,early_blight,irish
D:\Potato\IrishPotato37G_full\earlyblt\earlyblt1488.jpg,early_blight,irish
D:\Potato\IrishPotato37G_full\healthy\healthy540.jpg,healthy,irish
D:\Potato\IrishPotato37G_full\healthy\healthy2501.jpg,healthy,irish
D:\Potato\IrishPotato37G_full\lateblt\lateblt1569.jpg,late_blight,irish
D:\Potato\IrishPotato37G_full\lateblt\lateblt2608.jpg,late_blight,irish
D:\Potato\IrishPotato37G_full\healthy\healthy5491.jpg,healthy,irish
D:\Potato\IrishPotato37G_full\earlyblt\earlyblt1045.jpg,early_blight,irish
D:\Potato\IrishPotato37G_full\earlyblt\earlyblt1446.jpg,early_blight,irish
D:\Potato\IrishPotato37G_full\lateblt\lateblt880.jpg,late_blight,irish
D:\Potato\IrishPotato37G_full\lateblt\lateblt1503.jpg,late_blight,irish
D:\Potato\IrishPotato37G_full\lateblt\lateblt2540.jpg,late_blight,irish
D:\Potato\IrishPotato37G_full\earlyblt\earlyblt6408.jpg,early_blight,irish
D:\Potato\IrishPotato37G_full\lateblt\lateblt2959.jpg,late_blight,irish
D:\Potato\IrishPotato37G_full\lateblt\lateblt1634.jpg,late_blight,irish
D:\Potato\IrishPotato37G_full\earlyblt\earlyblt1631.jpg,early_blight,irish
D:\Potato\IrishPotato37G_full\lateblt\lateblt1980.jpg,late_blight,irish
D:\Potato\IrishPotato37G_full\lateblt\lateblt1532.jpg,late_blight,irish
D:\Potato\IrishPotato37G_full\lateblt\lateblt2719.jpg,late_blight,irish
D:\Potato\IrishPotato37G_full\lateblt\lateblt269.jpg,late_blight,irish
D:\Potato\IrishPotato37G_full\lateblt\lateblt2490.jpg,late_blight,irish
D:\Potato\IrishPotato37G_full\healthy\healthy5433.jpg,healthy,irish
D:\Potato\IrishPotato37G_full\earlyblt\earlyblt276.jpg,early_blight,irish
D:\Potato\IrishPotato37G_full\earlyblt\earlyblt2160.jpg,early_blight,irish
D:\Potato\IrishPotato37G_full\healthy\healthy2404.jpg,healthy,irish
D:\Potato\IrishPotato37G_full\healthy\healthy5442.jpg,healthy,irish
D:\Potato\IrishPotato37G_full\lateblt\lateblt723.jpg,late_blight,irish
D:\Potato\IrishPotato37G_full\earlyblt\earlyblt679.jpg,early_blight,irish
D:\Potato\IrishPotato37G_full\earlyblt\earlyblt2786.jpg,early_blight,irish
D:\Potato\IrishPotato37G_full\lateblt\lateblt504.jpg,late_blight,irish
D:\Potato\IrishPotato37G_full\lateblt\lateblt2581.jpg,late_blight,irish
D:\Potato\IrishPotato37G_full\healthy\healthy4424.jpg,healthy,irish
D:\Potato\IrishPotato37G_full\lateblt\lateblt983.jpg,late_blight,irish
D:\Potato\IrishPotato37G_full\earlyblt\earlyblt2605.jpg,early_blight,irish
D:\Potato\IrishPotato37G_full\healthy\healthy876.jpg,healthy,irish
D:\Potato\IrishPotato37G_full\healthy\healthy1186.jpg,healthy,irish
D:\Potato\IrishPotato37G_full\healthy\healthy1347.jpg,healthy,irish
D:\Potato\IrishPotato37G_full\earlyblt\earlyblt6922.jpg,early_blight,irish
D:\Potato\non_leaf\coco_person\000000107226.jpg,non_leaf,coco_person
D:\Potato\IrishPotato37G_full\earlyblt\earlyblt626.jpg,early_blight,irish
D:\Potato\non_leaf\coco_person\000000126137.jpg,non_leaf,coco_person
D:\Potato\IrishPotato37G_full\lateblt\lateblt605.jpg,late_blight,irish
D:\Potato\IrishPotato37G_full\lateblt\lateblt278.jpg,late_blight,irish
D:\Potato\IrishPotato37G_full\earlyblt\earlyblt2525.jpg,early_blight,irish
D:\Potato\IrishPotato37G_full\healthy\healthy171.jpg,healthy,irish
D:\Potato\IrishPotato37G_full\earlyblt\earlyblt2807.jpg,early_blight,irish
D:\Potato\IrishPotato37G_full\healthy\healthy861.jpg,healthy,irish
D:\Potato\IrishPotato37G_full\earlyblt\earlyblt1515.jpg,early_blight,irish
D:\Potato\IrishPotato37G_full\earlyblt\earlyblt697.jpg,early_blight,irish
D:\Potato\IrishPotato37G_full\healthy\healthy4388.jpg,healthy,irish
D:\Potato\IrishPotato37G_full\lateblt\lateblt2546.jpg,late_blight,irish
D:\Potato\IrishPotato37G_full\lateblt\lateblt2139.jpg,late_blight,irish
D:\Potato\IrishPotato37G_full\healthy\healthy4415.jpg,healthy,irish
D:\Potato\non_leaf\coco_person\000000574702.jpg,non_leaf,coco_person
D:\Potato\IrishPotato37G_full\healthy\healthy1314.jpg,healthy,irish
D:\Potato\IrishPotato37G_full\healthy\healthy4070.jpg,healthy,irish
D:\Potato\IrishPotato37G_full\healthy\healthy3449.jpg,healthy,irish
D:\Potato\IrishPotato37G_full\lateblt\lateblt2067.jpg,late_blight,irish
D:\Potato\IrishPotato37G_full\lateblt\lateblt2084.jpg,late_blight,irish
D:\Potato\IrishPotato37G_full\lateblt\lateblt2658.jpg,late_blight,irish
D:\Potato\IrishPotato37G_full\healthy\healthy5.jpg,healthy,irish
D:\Potato\IrishPotato37G_full\lateblt\lateblt2699.jpg,late_blight,irish
D:\Potato\IrishPotato37G_full\lateblt\lateblt707.jpg,late_blight,irish
D:\Potato\IrishPotato37G_full\earlyblt\earlyblt1927.jpg,early_blight,irish
D:\Potato\IrishPotato37G_full\earlyblt\earlyblt1715.jpg,early_blight,irish
D:\Potato\IrishPotato37G_full\earlyblt\earlyblt2234.jpg,early_blight,irish
D:\Potato\IrishPotato37G_full\earlyblt\earlyblt309.jpg,early_blight,irish
D:\Potato\non_leaf\coco_person\000000072852.jpg,non_leaf,coco_person
D:\Potato\IrishPotato37G_full\healthy\healthy5611.jpg,healthy,irish
D:\Potato\IrishPotato37G_full\earlyblt\earlyblt1848.jpg,early_blight,irish
D:\Potato\IrishPotato37G_full\earlyblt\earlyblt6707.jpg,early_blight,irish
D:\Potato\IrishPotato37G_full\healthy\healthy3030.jpg,healthy,irish
D:\Potato\IrishPotato37G_full\healthy\healthy2558.jpg,healthy,irish
D:\Potato\IrishPotato37G_full\healthy\healthy1342.jpg,healthy,irish
D:\Potato\IrishPotato37G_full\earlyblt\earlyblt1817.jpg,early_blight,irish
D:\Potato\non_leaf\coco_person\000000084031.jpg,non_leaf,coco_person
D:\Potato\IrishPotato37G_full\lateblt\lateblt2127.jpg,late_blight,irish
D:\Potato\IrishPotato37G_full\healthy\healthy1657.jpg,healthy,irish
D:\Potato\IrishPotato37G_full\earlyblt\earlyblt4833.jpg,early_blight,irish
D:\Potato\IrishPotato37G_full\lateblt\lateblt1302.jpg,late_blight,irish
D:\Potato\IrishPotato37G_full\lateblt\lateblt2237.jpg,late_blight,irish
D:\Potato\IrishPotato37G_full\healthy\healthy3966.jpg,healthy,irish
D:\Potato\non_leaf\coco_person\000000048396.jpg,non_leaf,coco_person
D:\Potato\IrishPotato37G_full\healthy\healthy2846.jpg,healthy,irish
D:\Potato\IrishPotato37G_full\lateblt\lateblt2967.jpg,late_blight,irish
D:\Potato\IrishPotato37G_full\healthy\healthy3066.jpg,healthy,irish
D:\Potato\IrishPotato37G_full\earlyblt\earlyblt4793.jpg,early_blight,irish
D:\Potato\IrishPotato37G_full\healthy\healthy2260.jpg,healthy,irish
D:\Potato\IrishPotato37G_full\earlyblt\earlyblt3827.jpg,early_blight,irish
D:\Potato\IrishPotato37G_full\earlyblt\earlyblt643.jpg,early_blight,irish
D:\Potato\non_leaf\coco_person\000000458045.jpg,non_leaf,coco_person
D:\Potato\IrishPotato37G_full\earlyblt\earlyblt6798.jpg,early_blight,irish
D:\Potato\IrishPotato37G_full\healthy\healthy570.jpg,healthy,irish
D:\Potato\IrishPotato37G_full\healthy\healthy598.jpg,healthy,irish
D:\Potato\IrishPotato37G_full\lateblt\lateblt1415.jpg,late_blight,irish
D:\Potato\IrishPotato37G_full\earlyblt\earlyblt6627.jpg,early_blight,irish
D:\Potato\IrishPotato37G_full\lateblt\lateblt2794.jpg,late_blight,irish
D:\Potato\IrishPotato37G_full\earlyblt\earlyblt1563.jpg,early_blight,irish
D:\Potato\IrishPotato37G_full\healthy\healthy1655.jpg,healthy,irish
D:\Potato\IrishPotato37G_full\healthy\healthy3983.jpg,healthy,irish
D:\Potato\IrishPotato37G_full\healthy\healthy3001.jpg,healthy,irish
D:\Potato\non_leaf\coco_person\000000392722.jpg,non_leaf,coco_person
D:\Potato\IrishPotato37G_full\earlyblt\earlyblt498.jpg,early_blight,irish
D:\Potato\IrishPotato37G_full\lateblt\lateblt1323.jpg,late_blight,irish
D:\Potato\IrishPotato37G_full\healthy\healthy3610.jpg,healthy,irish
D:\Potato\IrishPotato37G_full\earlyblt\earlyblt418.jpg,early_blight,irish
D:\Potato\IrishPotato37G_full\lateblt\lateblt2606.jpg,late_blight,irish
D:\Potato\IrishPotato37G_full\lateblt\lateblt924.jpg,late_blight,irish
D:\Potato\IrishPotato37G_full\healthy\healthy166.jpg,healthy,irish
D:\Potato\IrishPotato37G_full\earlyblt\earlyblt6787.jpg,early_blight,irish
D:\Potato\IrishPotato37G_full\healthy\healthy2401.jpg,healthy,irish
D:\Potato\IrishPotato37G_full\healthy\healthy1607.jpg,healthy,irish
D:\Potato\IrishPotato37G_full\healthy\healthy1213.jpg,healthy,irish
D:\Potato\IrishPotato37G_full\healthy\healthy3975.jpg,healthy,irish
D:\Potato\IrishPotato37G_full\healthy\healthy3310.jpg,healthy,irish
D:\Potato\IrishPotato37G_full\earlyblt\earlyblt2919.jpg,early_blight,irish
D:\Potato\IrishPotato37G_full\healthy\healthy960.jpg,healthy,irish
D:\Potato\IrishPotato37G_full\lateblt\lateblt2063.jpg,late_blight,irish
D:\Potato\IrishPotato37G_full\lateblt\lateblt1314.jpg,late_blight,irish
D:\Potato\IrishPotato37G_full\lateblt\lateblt2255.jpg,late_blight,irish
D:\Potato\IrishPotato37G_full\healthy\healthy513.jpg,healthy,irish
D:\Potato\IrishPotato37G_full\earlyblt\earlyblt161.jpg,early_blight,irish
D:\Potato\IrishPotato37G_full\lateblt\lateblt533.jpg,late_blight,irish
D:\Potato\IrishPotato37G_full\earlyblt\earlyblt1710.jpg,early_blight,irish
D:\Potato\IrishPotato37G_full\healthy\healthy3995.jpg,healthy,irish
D:\Potato\IrishPotato37G_full\lateblt\lateblt1632.jpg,late_blight,irish
D:\Potato\IrishPotato37G_full\lateblt\lateblt1646.jpg,late_blight,irish
D:\Potato\IrishPotato37G_full\healthy\healthy4765.jpg,healthy,irish
D:\Potato\IrishPotato37G_full\lateblt\lateblt1607.jpg,late_blight,irish
D:\Potato\IrishPotato37G_full\earlyblt\earlyblt766.jpg,early_blight,irish
D:\Potato\IrishPotato37G_full\lateblt\lateblt936.jpg,late_blight,irish
D:\Potato\non_leaf\coco_person\000000512564.jpg,non_leaf,coco_person
D:\Potato\IrishPotato37G_full\healthy\healthy3920.jpg,healthy,irish
D:\Potato\IrishPotato37G_full\earlyblt\earlyblt1871.jpg,early_blight,irish
D:\Potato\IrishPotato37G_full\lateblt\lateblt619.jpg,late_blight,irish
D:\Potato\non_leaf\coco_person\000000414385.jpg,non_leaf,coco_person
D:\Potato\IrishPotato37G_full\earlyblt\earlyblt3152.jpg,early_blight,irish
D:\Potato\IrishPotato37G_full\lateblt\lateblt2650.jpg,late_blight,irish
D:\Potato\IrishPotato37G_full\earlyblt\earlyblt892.jpg,early_blight,irish
D:\Potato\IrishPotato37G_full\healthy\healthy4191.jpg,healthy,irish
D:\Potato\IrishPotato37G_full\healthy\healthy655.jpg,healthy,irish
D:\Potato\IrishPotato37G_full\lateblt\lateblt1691.jpg,late_blight,irish
D:\Potato\IrishPotato37G_full\healthy\healthy676.jpg,healthy,irish
D:\Potato\IrishPotato37G_full\earlyblt\earlyblt3405.jpg,early_blight,irish
D:\Potato\IrishPotato37G_full\earlyblt\earlyblt751.jpg,early_blight,irish
D:\Potato\IrishPotato37G_full\lateblt\lateblt1662.jpg,late_blight,irish
D:\Potato\IrishPotato37G_full\earlyblt\earlyblt6775.jpg,early_blight,irish
D:\Potato\IrishPotato37G_full\lateblt\lateblt551.jpg,late_blight,irish
D:\Potato\IrishPotato37G_full\lateblt\lateblt2260.jpg,late_blight,irish
D:\Potato\IrishPotato37G_full\lateblt\lateblt35.jpg,late_blight,irish
D:\Potato\IrishPotato37G_full\lateblt\lateblt699.jpg,late_blight,irish
D:\Potato\IrishPotato37G_full\earlyblt\earlyblt1198.jpg,early_blight,irish
D:\Potato\IrishPotato37G_full\earlyblt\earlyblt2452.jpg,early_blight,irish
D:\Potato\IrishPotato37G_full\earlyblt\earlyblt6342.jpg,early_blight,irish
D:\Potato\IrishPotato37G_full\earlyblt\earlyblt3156.jpg,early_blight,irish
D:\Potato\IrishPotato37G_full\healthy\healthy1664.jpg,healthy,irish
D:\Potato\IrishPotato37G_full\earlyblt\earlyblt2135.jpg,early_blight,irish
D:\Potato\IrishPotato37G_full\lateblt\lateblt1128.jpg,late_blight,irish
D:\Potato\IrishPotato37G_full\earlyblt\earlyblt128.jpg,early_blight,irish
D:\Potato\IrishPotato37G_full\healthy\healthy4036.jpg,healthy,irish
D:\Potato\IrishPotato37G_full\healthy\healthy5434.jpg,healthy,irish
D:\Potato\IrishPotato37G_full\healthy\healthy2101.jpg,healthy,irish
D:\Potato\IrishPotato37G_full\earlyblt\earlyblt1040.jpg,early_blight,irish
D:\Potato\IrishPotato37G_full\healthy\healthy2168.jpg,healthy,irish
D:\Potato\IrishPotato37G_full\lateblt\lateblt730.jpg,late_blight,irish
D:\Potato\IrishPotato37G_full\lateblt\lateblt2014.jpg,late_blight,irish
D:\Potato\IrishPotato37G_full\lateblt\lateblt2097.jpg,late_blight,irish
D:\Potato\IrishPotato37G_full\lateblt\lateblt1658.jpg,late_blight,irish
D:\Potato\IrishPotato37G_full\earlyblt\earlyblt4671.jpg,early_blight,irish
D:\Potato\IrishPotato37G_full\earlyblt\earlyblt2691.jpg,early_blight,irish
D:\Potato\IrishPotato37G_full\healthy\healthy809.jpg,healthy,irish
D:\Potato\IrishPotato37G_full\lateblt\lateblt2149.jpg,late_blight,irish
D:\Potato\IrishPotato37G_full\lateblt\lateblt5024.jpg,late_blight,irish
D:\Potato\IrishPotato37G_full\lateblt\lateblt1644.jpg,late_blight,irish
D:\Potato\IrishPotato37G_full\lateblt\lateblt2470.jpg,late_blight,irish
D:\Potato\IrishPotato37G_full\earlyblt\earlyblt4772.jpg,early_blight,irish
D:\Potato\IrishPotato37G_full\lateblt\lateblt2520.jpg,late_blight,irish
D:\Potato\non_leaf\coco_person\000000420840.jpg,non_leaf,coco_person
D:\Potato\non_leaf\coco_person\000000400044.jpg,non_leaf,coco_person
D:\Potato\IrishPotato37G_full\healthy\healthy4626.jpg,healthy,irish
D:\Potato\IrishPotato37G_full\lateblt\lateblt610.jpg,late_blight,irish
D:\Potato\IrishPotato37G_full\healthy\healthy2706.jpg,healthy,irish
D:\Potato\IrishPotato37G_full\earlyblt\earlyblt131.jpg,early_blight,irish
D:\Potato\IrishPotato37G_full\healthy\healthy5111.jpg,healthy,irish
D:\Potato\IrishPotato37G_full\healthy\healthy4284.jpg,healthy,irish
D:\Potato\IrishPotato37G_full\lateblt\lateblt942.jpg,late_blight,irish
D:\Potato\IrishPotato37G_full\healthy\healthy3623.jpg,healthy,irish
D:\Potato\IrishPotato37G_full\healthy\healthy2740.jpg,healthy,irish
D:\Potato\IrishPotato37G_full\healthy\healthy2087.jpg,healthy,irish
D:\Potato\IrishPotato37G_full\lateblt\lateblt2259.jpg,late_blight,irish
D:\Potato\IrishPotato37G_full\healthy\healthy954.jpg,healthy,irish
D:\Potato\IrishPotato37G_full\lateblt\lateblt2526.jpg,late_blight,irish
D:\Potato\IrishPotato37G_full\lateblt\lateblt1408.jpg,late_blight,irish
D:\Potato\IrishPotato37G_full\healthy\healthy374.jpg,healthy,irish
D:\Potato\IrishPotato37G_full\healthy\healthy4485.jpg,healthy,irish
D:\Potato\IrishPotato37G_full\earlyblt\earlyblt2727.jpg,early_blight,irish
D:\Potato\IrishPotato37G_full\healthy\healthy4985.jpg,healthy,irish
D:\Potato\IrishPotato37G_full\healthy\healthy2576.jpg,healthy,irish
D:\Potato\IrishPotato37G_full\earlyblt\earlyblt2271.jpg,early_blight,irish
D:\Potato\IrishPotato37G_full\lateblt\lateblt215.jpg,late_blight,irish
D:\Potato\IrishPotato37G_full\earlyblt\earlyblt3468.jpg,early_blight,irish
D:\Potato\IrishPotato37G_full\healthy\healthy3466.jpg,healthy,irish
D:\Potato\IrishPotato37G_full\healthy\healthy2034.jpg,healthy,irish
D:\Potato\IrishPotato37G_full\earlyblt\earlyblt6722.jpg,early_blight,irish
D:\Potato\IrishPotato37G_full\lateblt\lateblt1348.jpg,late_blight,irish
D:\Potato\IrishPotato37G_full\earlyblt\earlyblt3029.jpg,early_blight,irish
D:\Potato\IrishPotato37G_full\earlyblt\earlyblt2058.jpg,early_blight,irish
D:\Potato\IrishPotato37G_full\lateblt\lateblt1371.jpg,late_blight,irish
D:\Potato\IrishPotato37G_full\healthy\healthy5636.jpg,healthy,irish
D:\Potato\IrishPotato37G_full\earlyblt\earlyblt1122.jpg,early_blight,irish
D:\Potato\IrishPotato37G_full\healthy\healthy2513.jpg,healthy,irish
D:\Potato\IrishPotato37G_full\healthy\healthy3356.jpg,healthy,irish
D:\Potato\IrishPotato37G_full\lateblt\lateblt25.jpg,late_blight,irish
D:\Potato\IrishPotato37G_full\lateblt\lateblt1377.jpg,late_blight,irish
D:\Potato\IrishPotato37G_full\lateblt\lateblt688.jpg,late_blight,irish
D:\Potato\IrishPotato37G_full\healthy\healthy2734.jpg,healthy,irish
D:\Potato\IrishPotato37G_full\lateblt\lateblt859.jpg,late_blight,irish
D:\Potato\IrishPotato37G_full\earlyblt\earlyblt1089.jpg,early_blight,irish
D:\Potato\non_leaf\coco_person\000000258541.jpg,non_leaf,coco_person
D:\Potato\IrishPotato37G_full\earlyblt\earlyblt3005.jpg,early_blight,irish
D:\Potato\IrishPotato37G_full\earlyblt\earlyblt2977.jpg,early_blight,irish
D:\Potato\IrishPotato37G_full\healthy\healthy1572.jpg,healthy,irish
D:\Potato\IrishPotato37G_full\lateblt\lateblt2298.jpg,late_blight,irish
D:\Potato\IrishPotato37G_full\earlyblt\earlyblt6216.jpg,early_blight,irish
D:\Potato\IrishPotato37G_full\lateblt\lateblt932.jpg,late_blight,irish
D:\Potato\IrishPotato37G_full\lateblt\lateblt1680.jpg,late_blight,irish
D:\Potato\IrishPotato37G_full\lateblt\lateblt1550.jpg,late_blight,irish
D:\Potato\IrishPotato37G_full\healthy\healthy3686.jpg,healthy,irish
D:\Potato\non_leaf\coco_person\000000213547.jpg,non_leaf,coco_person
D:\Potato\IrishPotato37G_full\earlyblt\earlyblt635.jpg,early_blight,irish
D:\Potato\IrishPotato37G_full\healthy\healthy321.jpg,healthy,irish
D:\Potato\IrishPotato37G_full\healthy\healthy2901.jpg,healthy,irish
D:\Potato\IrishPotato37G_full\earlyblt\earlyblt1172.jpg,early_blight,irish
D:\Potato\IrishPotato37G_full\earlyblt\earlyblt3955.jpg,early_blight,irish
D:\Potato\IrishPotato37G_full\lateblt\lateblt1685.jpg,late_blight,irish
D:\Potato\IrishPotato37G_full\healthy\healthy4282.jpg,healthy,irish
D:\Potato\IrishPotato37G_full\healthy\healthy167.jpg,healthy,irish
D:\Potato\IrishPotato37G_full\lateblt\lateblt2638.jpg,late_blight,irish
D:\Potato\non_leaf\coco_person\000000253695.jpg,non_leaf,coco_person
D:\Potato\IrishPotato37G_full\earlyblt\earlyblt2433.jpg,early_blight,irish
D:\Potato\IrishPotato37G_full\earlyblt\earlyblt1155.jpg,early_blight,irish
D:\Potato\IrishPotato37G_full\healthy\healthy810.jpg,healthy,irish
D:\Potato\non_leaf\coco_person\000000005586.jpg,non_leaf,coco_person
D:\Potato\IrishPotato37G_full\healthy\healthy4652.jpg,healthy,irish
D:\Potato\IrishPotato37G_full\healthy\healthy173.jpg,healthy,irish
D:\Potato\IrishPotato37G_full\healthy\healthy2232.jpg,healthy,irish
D:\Potato\IrishPotato37G_full\earlyblt\earlyblt3078.jpg,early_blight,irish
D:\Potato\IrishPotato37G_full\lateblt\lateblt1146.jpg,late_blight,irish
D:\Potato\IrishPotato37G_full\healthy\healthy4259.jpg,healthy,irish
D:\Potato\IrishPotato37G_full\lateblt\lateblt2124.jpg,late_blight,irish
D:\Potato\IrishPotato37G_full\lateblt\lateblt288.jpg,late_blight,irish
D:\Potato\IrishPotato37G_full\lateblt\lateblt2990.jpg,late_blight,irish
D:\Potato\IrishPotato37G_full\healthy\healthy679.jpg,healthy,irish
D:\Potato\IrishPotato37G_full\earlyblt\earlyblt653.jpg,early_blight,irish
D:\Potato\IrishPotato37G_full\healthy\healthy3921.jpg,healthy,irish
D:\Potato\IrishPotato37G_full\earlyblt\earlyblt2094.jpg,early_blight,irish
D:\Potato\IrishPotato37G_full\earlyblt\earlyblt2697.jpg,early_blight,irish
D:\Potato\IrishPotato37G_full\earlyblt\earlyblt1942.jpg,early_blight,irish
D:\Potato\IrishPotato37G_full\lateblt\lateblt2515.jpg,late_blight,irish
D:\Potato\IrishPotato37G_full\earlyblt\earlyblt2051.jpg,early_blight,irish
D:\Potato\IrishPotato37G_full\lateblt\lateblt2083.jpg,late_blight,irish
D:\Potato\IrishPotato37G_full\earlyblt\earlyblt1119.jpg,early_blight,irish
D:\Potato\IrishPotato37G_full\earlyblt\earlyblt1402.jpg,early_blight,irish
D:\Potato\IrishPotato37G_full\earlyblt\earlyblt2549.jpg,early_blight,irish
D:\Potato\IrishPotato37G_full\healthy\healthy11.jpg,healthy,irish
D:\Potato\IrishPotato37G_full\earlyblt\earlyblt2993.jpg,early_blight,irish
D:\Potato\IrishPotato37G_full\healthy\healthy3130.jpg,healthy,irish
D:\Potato\IrishPotato37G_full\earlyblt\earlyblt2224.jpg,early_blight,irish
D:\Potato\IrishPotato37G_full\healthy\healthy4791.jpg,healthy,irish
D:\Potato\IrishPotato37G_full\earlyblt\earlyblt1562.jpg,early_blight,irish
D:\Potato\IrishPotato37G_full\earlyblt\earlyblt602.jpg,early_blight,irish
D:\Potato\IrishPotato37G_full\earlyblt\earlyblt3421.jpg,early_blight,irish
D:\Potato\IrishPotato37G_full\lateblt\lateblt849.jpg,late_blight,irish
D:\Potato\IrishPotato37G_full\earlyblt\earlyblt1898.jpg,early_blight,irish
D:\Potato\IrishPotato37G_full\earlyblt\earlyblt830.jpg,early_blight,irish
D:\Potato\IrishPotato37G_full\earlyblt\earlyblt6762.jpg,early_blight,irish
D:\Potato\IrishPotato37G_full\lateblt\lateblt224.jpg,late_blight,irish
D:\Potato\IrishPotato37G_full\earlyblt\earlyblt7011.jpg,early_blight,irish
D:\Potato\IrishPotato37G_full\earlyblt\earlyblt1109.jpg,early_blight,irish
D:\Potato\IrishPotato37G_full\lateblt\lateblt1498.jpg,late_blight,irish
D:\Potato\IrishPotato37G_full\lateblt\lateblt987.jpg,late_blight,irish
D:\Potato\non_leaf\coco_person\000000425226.jpg,non_leaf,coco_person
D:\Potato\IrishPotato37G_full\healthy\healthy2856.jpg,healthy,irish
D:\Potato\IrishPotato37G_full\earlyblt\earlyblt1771.jpg,early_blight,irish
D:\Potato\IrishPotato37G_full\healthy\healthy4451.jpg,healthy,irish
D:\Potato\non_leaf\coco_person\000000190756.jpg,non_leaf,coco_person
D:\Potato\IrishPotato37G_full\healthy\healthy1373.jpg,healthy,irish
D:\Potato\IrishPotato37G_full\earlyblt\earlyblt2687.jpg,early_blight,irish
D:\Potato\IrishPotato37G_full\lateblt\lateblt48.jpg,late_blight,irish
D:\Potato\IrishPotato37G_full\healthy\healthy392.jpg,healthy,irish
D:\Potato\IrishPotato37G_full\earlyblt\earlyblt343.jpg,early_blight,irish
D:\Potato\IrishPotato37G_full\healthy\healthy58.jpg,healthy,irish
D:\Potato\IrishPotato37G_full\earlyblt\earlyblt1057.jpg,early_blight,irish
D:\Potato\IrishPotato37G_full\earlyblt\earlyblt6457.jpg,early_blight,irish
D:\Potato\IrishPotato37G_full\earlyblt\earlyblt1188.jpg,early_blight,irish
D:\Potato\IrishPotato37G_full\healthy\healthy3687.jpg,healthy,irish
D:\Potato\IrishPotato37G_full\lateblt\lateblt483.jpg,late_blight,irish
D:\Potato\IrishPotato37G_full\lateblt\lateblt980.jpg,late_blight,irish
D:\Potato\IrishPotato37G_full\lateblt\lateblt2709.jpg,late_blight,irish
D:\Potato\IrishPotato37G_full\earlyblt\earlyblt3113.jpg,early_blight,irish
D:\Potato\IrishPotato37G_full\healthy\healthy3560.jpg,healthy,irish
D:\Potato\IrishPotato37G_full\earlyblt\earlyblt3180.jpg,early_blight,irish
D:\Potato\IrishPotato37G_full\lateblt\lateblt2270.jpg,late_blight,irish
D:\Potato\IrishPotato37G_full\lateblt\lateblt2048.jpg,late_blight,irish
D:\Potato\IrishPotato37G_full\lateblt\lateblt1183.jpg,late_blight,irish
D:\Potato\IrishPotato37G_full\lateblt\lateblt1929.jpg,late_blight,irish
D:\Potato\IrishPotato37G_full\healthy\healthy1728.jpg,healthy,irish
D:\Potato\IrishPotato37G_full\earlyblt\earlyblt2707.jpg,early_blight,irish
D:\Potato\IrishPotato37G_full\earlyblt\earlyblt2983.jpg,early_blight,irish
D:\Potato\IrishPotato37G_full\lateblt\lateblt441.jpg,late_blight,irish
D:\Potato\IrishPotato37G_full\earlyblt\earlyblt835.jpg,early_blight,irish
D:\Potato\non_leaf\coco_person\000000074733.jpg,non_leaf,coco_person
D:\Potato\IrishPotato37G_full\healthy\healthy763.jpg,healthy,irish
D:\Potato\IrishPotato37G_full\healthy\healthy2202.jpg,healthy,irish
D:\Potato\IrishPotato37G_full\earlyblt\earlyblt231.jpg,early_blight,irish
D:\Potato\non_leaf\coco_person\000000003156.jpg,non_leaf,coco_person
D:\Potato\IrishPotato37G_full\healthy\healthy2703.jpg,healthy,irish
D:\Potato\IrishPotato37G_full\earlyblt\earlyblt1465.jpg,early_blight,irish
D:\Potato\IrishPotato37G_full\healthy\healthy5190.jpg,healthy,irish
D:\Potato\IrishPotato37G_full\healthy\healthy1202.jpg,healthy,irish
D:\Potato\IrishPotato37G_full\lateblt\lateblt2931.jpg,late_blight,irish
D:\Potato\IrishPotato37G_full\earlyblt\earlyblt887.jpg,early_blight,irish
D:\Potato\IrishPotato37G_full\lateblt\lateblt912.jpg,late_blight,irish
D:\Potato\IrishPotato37G_full\earlyblt\earlyblt6059.jpg,early_blight,irish
D:\Potato\IrishPotato37G_full\healthy\healthy962.jpg,healthy,irish
D:\Potato\IrishPotato37G_full\earlyblt\earlyblt953.jpg,early_blight,irish
D:\Potato\IrishPotato37G_full\healthy\healthy2301.jpg,healthy,irish
D:\Potato\IrishPotato37G_full\lateblt\lateblt1601.jpg,late_blight,irish
D:\Potato\IrishPotato37G_full\earlyblt\earlyblt1564.jpg,early_blight,irish
D:\Potato\IrishPotato37G_full\earlyblt\earlyblt991.jpg,early_blight,irish
D:\Potato\IrishPotato37G_full\healthy\healthy871.jpg,healthy,irish
D:\Potato\IrishPotato37G_full\lateblt\lateblt162.jpg,late_blight,irish
D:\Potato\IrishPotato37G_full\healthy\healthy1513.jpg,healthy,irish
D:\Potato\IrishPotato37G_full\healthy\healthy4679.jpg,healthy,irish
D:\Potato\IrishPotato37G_full\earlyblt\earlyblt2752.jpg,early_blight,irish
D:\Potato\IrishPotato37G_full\healthy\healthy3999.jpg,healthy,irish
D:\Potato\IrishPotato37G_full\healthy\healthy3084.jpg,healthy,irish
D:\Potato\IrishPotato37G_full\lateblt\lateblt2472.jpg,late_blight,irish
D:\Potato\IrishPotato37G_full\healthy\healthy4130.jpg,healthy,irish
D:\Potato\IrishPotato37G_full\earlyblt\earlyblt2713.jpg,early_blight,irish
D:\Potato\IrishPotato37G_full\earlyblt\earlyblt999.jpg,early_blight,irish
D:\Potato\IrishPotato37G_full\earlyblt\earlyblt3463.jpg,early_blight,irish
D:\Potato\non_leaf\coco_person\000000177861.jpg,non_leaf,coco_person
D:\Potato\non_leaf\coco_person\000000575081.jpg,non_leaf,coco_person
D:\Potato\IrishPotato37G_full\healthy\healthy3323.jpg,healthy,irish
D:\Potato\IrishPotato37G_full\earlyblt\earlyblt1609.jpg,early_blight,irish
D:\Potato\IrishPotato37G_full\healthy\healthy365.jpg,healthy,irish
D:\Potato\IrishPotato37G_full\earlyblt\earlyblt2309.jpg,early_blight,irish
D:\Potato\IrishPotato37G_full\earlyblt\earlyblt427.jpg,early_blight,irish
D:\Potato\IrishPotato37G_full\lateblt\lateblt2979.jpg,late_blight,irish
D:\Potato\IrishPotato37G_full\healthy\healthy2194.jpg,healthy,irish
D:\Potato\IrishPotato37G_full\lateblt\lateblt1393.jpg,late_blight,irish
D:\Potato\IrishPotato37G_full\healthy\healthy5665.jpg,healthy,irish
D:\Potato\IrishPotato37G_full\healthy\healthy4940.jpg,healthy,irish
D:\Potato\IrishPotato37G_full\earlyblt\earlyblt6694.jpg,early_blight,irish
D:\Potato\IrishPotato37G_full\healthy\healthy1133.jpg,healthy,irish
D:\Potato\IrishPotato37G_full\earlyblt\earlyblt2884.jpg,early_blight,irish
D:\Potato\non_leaf\coco_person\000000273493.jpg,non_leaf,coco_person
D:\Potato\IrishPotato37G_full\healthy\healthy3396.jpg,healthy,irish
D:\Potato\IrishPotato37G_full\earlyblt\earlyblt2001.jpg,early_blight,irish
D:\Potato\IrishPotato37G_full\lateblt\lateblt968.jpg,late_blight,irish
D:\Potato\IrishPotato37G_full\earlyblt\earlyblt6085.jpg,early_blight,irish
D:\Potato\non_leaf\coco_person\000000356424.jpg,non_leaf,coco_person
D:\Potato\IrishPotato37G_full\healthy\healthy1402.jpg,healthy,irish
D:\Potato\IrishPotato37G_full\lateblt\lateblt255.jpg,late_blight,irish
D:\Potato\IrishPotato37G_full\lateblt\lateblt840.jpg,late_blight,irish
D:\Potato\IrishPotato37G_full\lateblt\lateblt584.jpg,late_blight,irish
D:\Potato\IrishPotato37G_full\healthy\healthy1610.jpg,healthy,irish
D:\Potato\IrishPotato37G_full\earlyblt\earlyblt1595.jpg,early_blight,irish
D:\Potato\IrishPotato37G_full\earlyblt\earlyblt1579.jpg,early_blight,irish
D:\Potato\IrishPotato37G_full\healthy\healthy801.jpg,healthy,irish
D:\Potato\IrishPotato37G_full\lateblt\lateblt1454.jpg,late_blight,irish
D:\Potato\IrishPotato37G_full\healthy\healthy2002.jpg,healthy,irish
D:\Potato\IrishPotato37G_full\lateblt\lateblt2221.jpg,late_blight,irish
D:\Potato\IrishPotato37G_full\lateblt\lateblt50.jpg,late_blight,irish
D:\Potato\IrishPotato37G_full\healthy\healthy2711.jpg,healthy,irish
D:\Potato\IrishPotato37G_full\lateblt\lateblt496.jpg,late_blight,irish
D:\Potato\IrishPotato37G_full\earlyblt\earlyblt1933.jpg,early_blight,irish
D:\Potato\non_leaf\coco_person\000000070229.jpg,non_leaf,coco_person
D:\Potato\IrishPotato37G_full\earlyblt\earlyblt1592.jpg,early_blight,irish
D:\Potato\IrishPotato37G_full\earlyblt\earlyblt244.jpg,early_blight,irish
D:\Potato\IrishPotato37G_full\healthy\healthy4217.jpg,healthy,irish
D:\Potato\IrishPotato37G_full\earlyblt\earlyblt738.jpg,early_blight,irish
D:\Potato\IrishPotato37G_full\lateblt\lateblt1624.jpg,late_blight,irish
D:\Potato\IrishPotato37G_full\earlyblt\earlyblt3893.jpg,early_blight,irish
D:\Potato\IrishPotato37G_full\lateblt\lateblt2652.jpg,late_blight,irish
D:\Potato\IrishPotato37G_full\healthy\healthy4756.jpg,healthy,irish
D:\Potato\IrishPotato37G_full\lateblt\lateblt2773.jpg,late_blight,irish
D:\Potato\IrishPotato37G_full\earlyblt\earlyblt779.jpg,early_blight,irish
D:\Potato\IrishPotato37G_full\lateblt\lateblt560.jpg,late_blight,irish
D:\Potato\IrishPotato37G_full\earlyblt\earlyblt1815.jpg,early_blight,irish
D:\Potato\IrishPotato37G_full\earlyblt\earlyblt1416.jpg,early_blight,irish
D:\Potato\IrishPotato37G_full\healthy\healthy4310.jpg,healthy,irish
D:\Potato\IrishPotato37G_full\earlyblt\earlyblt921.jpg,early_blight,irish
D:\Potato\IrishPotato37G_full\lateblt\lateblt2593.jpg,late_blight,irish
D:\Potato\IrishPotato37G_full\healthy\healthy743.jpg,healthy,irish
D:\Potato\IrishPotato37G_full\earlyblt\earlyblt318.jpg,early_blight,irish
D:\Potato\IrishPotato37G_full\earlyblt\earlyblt1593.jpg,early_blight,irish
D:\Potato\IrishPotato37G_full\earlyblt\earlyblt1096.jpg,early_blight,irish
D:\Potato\IrishPotato37G_full\healthy\healthy896.jpg,healthy,irish
D:\Potato\IrishPotato37G_full\earlyblt\earlyblt813.jpg,early_blight,irish
D:\Potato\IrishPotato37G_full\earlyblt\earlyblt2898.jpg,early_blight,irish
D:\Potato\IrishPotato37G_full\healthy\healthy3742.jpg,healthy,irish
D:\Potato\IrishPotato37G_full\lateblt\lateblt2003.jpg,late_blight,irish
D:\Potato\IrishPotato37G_full\earlyblt\earlyblt2363.jpg,early_blight,irish
D:\Potato\IrishPotato37G_full\earlyblt\earlyblt3839.jpg,early_blight,irish
D:\Potato\IrishPotato37G_full\healthy\healthy2088.jpg,healthy,irish
D:\Potato\IrishPotato37G_full\healthy\healthy5602.jpg,healthy,irish
D:\Potato\IrishPotato37G_full\healthy\healthy2700.jpg,healthy,irish
D:\Potato\IrishPotato37G_full\lateblt\lateblt2910.jpg,late_blight,irish
D:\Potato\IrishPotato37G_full\lateblt\lateblt2405.jpg,late_blight,irish
D:\Potato\IrishPotato37G_full\earlyblt\earlyblt4759.jpg,early_blight,irish
D:\Potato\IrishPotato37G_full\earlyblt\earlyblt6490.jpg,early_blight,irish
D:\Potato\IrishPotato37G_full\lateblt\lateblt1600.jpg,late_blight,irish
D:\Potato\IrishPotato37G_full\earlyblt\earlyblt1940.jpg,early_blight,irish
D:\Potato\IrishPotato37G_full\earlyblt\earlyblt2436.jpg,early_blight,irish
D:\Potato\IrishPotato37G_full\earlyblt\earlyblt2337.jpg,early_blight,irish
D:\Potato\IrishPotato37G_full\healthy\healthy1182.jpg,healthy,irish
D:\Potato\IrishPotato37G_full\earlyblt\earlyblt615.jpg,early_blight,irish
D:\Potato\IrishPotato37G_full\healthy\healthy2024.jpg,healthy,irish
D:\Potato\IrishPotato37G_full\healthy\healthy566.jpg,healthy,irish
D:\Potato\non_leaf\coco_person\000000248284.jpg,non_leaf,coco_person
D:\Potato\IrishPotato37G_full\earlyblt\earlyblt814.jpg,early_blight,irish
D:\Potato\IrishPotato37G_full\healthy\healthy3380.jpg,healthy,irish
D:\Potato\IrishPotato37G_full\earlyblt\earlyblt6306.jpg,early_blight,irish
D:\Potato\IrishPotato37G_full\healthy\healthy3709.jpg,healthy,irish
D:\Potato\IrishPotato37G_full\healthy\healthy4974.jpg,healthy,irish
D:\Potato\IrishPotato37G_full\lateblt\lateblt2156.jpg,late_blight,irish
D:\Potato\IrishPotato37G_full\lateblt\lateblt2189.jpg,late_blight,irish
D:\Potato\IrishPotato37G_full\healthy\healthy909.jpg,healthy,irish
D:\Potato\IrishPotato37G_full\healthy\healthy3931.jpg,healthy,irish
D:\Potato\IrishPotato37G_full\lateblt\lateblt245.jpg,late_blight,irish
D:\Potato\IrishPotato37G_full\earlyblt\earlyblt3142.jpg,early_blight,irish
D:\Potato\IrishPotato37G_full\earlyblt\earlyblt6390.jpg,early_blight,irish
D:\Potato\IrishPotato37G_full\earlyblt\earlyblt3053.jpg,early_blight,irish
D:\Potato\IrishPotato37G_full\earlyblt\earlyblt3840.jpg,early_blight,irish
D:\Potato\IrishPotato37G_full\healthy\healthy3402.jpg,healthy,irish
D:\Potato\IrishPotato37G_full\healthy\healthy4452.jpg,healthy,irish
D:\Potato\IrishPotato37G_full\earlyblt\earlyblt1681.jpg,early_blight,irish
D:\Potato\IrishPotato37G_full\healthy\healthy2379.jpg,healthy,irish
D:\Potato\IrishPotato37G_full\earlyblt\earlyblt6794.jpg,early_blight,irish
D:\Potato\IrishPotato37G_full\earlyblt\earlyblt2358.jpg,early_blight,irish
D:\Potato\IrishPotato37G_full\earlyblt\earlyblt2882.jpg,early_blight,irish
D:\Potato\IrishPotato37G_full\earlyblt\earlyblt6382.jpg,early_blight,irish
D:\Potato\IrishPotato37G_full\lateblt\lateblt1419.jpg,late_blight,irish
D:\Potato\IrishPotato37G_full\healthy\healthy3609.jpg,healthy,irish
D:\Potato\IrishPotato37G_full\earlyblt\earlyblt1995.jpg,early_blight,irish
D:\Potato\IrishPotato37G_full\earlyblt\earlyblt6763.jpg,early_blight,irish
D:\Potato\IrishPotato37G_full\lateblt\lateblt2857.jpg,late_blight,irish
D:\Potato\IrishPotato37G_full\earlyblt\earlyblt481.jpg,early_blight,irish
D:\Potato\IrishPotato37G_full\lateblt\lateblt1985.jpg,late_blight,irish
D:\Potato\IrishPotato37G_full\earlyblt\earlyblt3287.jpg,early_blight,irish
D:\Potato\IrishPotato37G_full\healthy\healthy4359.jpg,healthy,irish
D:\Potato\IrishPotato37G_full\earlyblt\earlyblt1550.jpg,early_blight,irish
D:\Potato\IrishPotato37G_full\earlyblt\earlyblt3262.jpg,early_blight,irish
D:\Potato\IrishPotato37G_full\earlyblt\earlyblt4854.jpg,early_blight,irish
D:\Potato\IrishPotato37G_full\healthy\healthy3538.jpg,healthy,irish
D:\Potato\IrishPotato37G_full\earlyblt\earlyblt1144.jpg,early_blight,irish
D:\Potato\non_leaf\coco_person\000000191672.jpg,non_leaf,coco_person
D:\Potato\IrishPotato37G_full\earlyblt\earlyblt1663.jpg,early_blight,irish
D:\Potato\IrishPotato37G_full\healthy\healthy1720.jpg,healthy,irish
D:\Potato\IrishPotato37G_full\healthy\healthy2974.jpg,healthy,irish
D:\Potato\IrishPotato37G_full\earlyblt\earlyblt1691.jpg,early_blight,irish
D:\Potato\IrishPotato37G_full\earlyblt\earlyblt488.jpg,early_blight,irish
D:\Potato\IrishPotato37G_full\lateblt\lateblt2146.jpg,late_blight,irish
D:\Potato\IrishPotato37G_full\healthy\healthy1558.jpg,healthy,irish
D:\Potato\IrishPotato37G_full\lateblt\lateblt2953.jpg,late_blight,irish
D:\Potato\IrishPotato37G_full\lateblt\lateblt2278.jpg,late_blight,irish
D:\Potato\IrishPotato37G_full\lateblt\lateblt2751.jpg,late_blight,irish
D:\Potato\IrishPotato37G_full\earlyblt\earlyblt2388.jpg,early_blight,irish
D:\Potato\IrishPotato37G_full\lateblt\lateblt110.jpg,late_blight,irish
D:\Potato\IrishPotato37G_full\earlyblt\earlyblt3170.jpg,early_blight,irish
D:\Potato\IrishPotato37G_full\lateblt\lateblt1916.jpg,late_blight,irish
D:\Potato\non_leaf\coco_person\000000245026.jpg,non_leaf,coco_person
D:\Potato\IrishPotato37G_full\earlyblt\earlyblt372.jpg,early_blight,irish
D:\Potato\IrishPotato37G_full\lateblt\lateblt29.jpg,late_blight,irish
D:\Potato\IrishPotato37G_full\healthy\healthy3158.jpg,healthy,irish
D:\Potato\IrishPotato37G_full\earlyblt\earlyblt2530.jpg,early_blight,irish
D:\Potato\IrishPotato37G_full\lateblt\lateblt87.jpg,late_blight,irish
D:\Potato\IrishPotato37G_full\healthy\healthy630.jpg,healthy,irish
D:\Potato\IrishPotato37G_full\lateblt\lateblt1155.jpg,late_blight,irish
D:\Potato\IrishPotato37G_full\healthy\healthy3984.jpg,healthy,irish
D:\Potato\IrishPotato37G_full\healthy\healthy4054.jpg,healthy,irish
D:\Potato\IrishPotato37G_full\healthy\healthy2434.jpg,healthy,irish
D:\Potato\IrishPotato37G_full\lateblt\lateblt1512.jpg,late_blight,irish
D:\Potato\IrishPotato37G_full\earlyblt\earlyblt2290.jpg,early_blight,irish
D:\Potato\IrishPotato37G_full\earlyblt\earlyblt2494.jpg,early_blight,irish
D:\Potato\IrishPotato37G_full\healthy\healthy122.jpg,healthy,irish
D:\Potato\IrishPotato37G_full\earlyblt\earlyblt4747.jpg,early_blight,irish
D:\Potato\IrishPotato37G_full\earlyblt\earlyblt2464.jpg,early_blight,irish
D:\Potato\non_leaf\coco_person\000000045090.jpg,non_leaf,coco_person
D:\Potato\IrishPotato37G_full\earlyblt\earlyblt3059.jpg,early_blight,irish
D:\Potato\IrishPotato37G_full\healthy\healthy1188.jpg,healthy,irish
D:\Potato\IrishPotato37G_full\lateblt\lateblt2200.jpg,late_blight,irish
D:\Potato\IrishPotato37G_full\earlyblt\earlyblt6051.jpg,early_blight,irish
D:\Potato\IrishPotato37G_full\lateblt\lateblt631.jpg,late_blight,irish
D:\Potato\IrishPotato37G_full\earlyblt\earlyblt173.jpg,early_blight,irish
D:\Potato\IrishPotato37G_full\earlyblt\earlyblt732.jpg,early_blight,irish
D:\Potato\IrishPotato37G_full\lateblt\lateblt2791.jpg,late_blight,irish
D:\Potato\IrishPotato37G_full\lateblt\lateblt285.jpg,late_blight,irish
D:\Potato\IrishPotato37G_full\earlyblt\earlyblt2931.jpg,early_blight,irish
D:\Potato\IrishPotato37G_full\lateblt\lateblt2459.jpg,late_blight,irish
D:\Potato\IrishPotato37G_full\healthy\healthy4990.jpg,healthy,irish
D:\Potato\IrishPotato37G_full\earlyblt\earlyblt6002.jpg,early_blight,irish
D:\Potato\IrishPotato37G_full\lateblt\lateblt1340.jpg,late_blight,irish
D:\Potato\IrishPotato37G_full\earlyblt\earlyblt755.jpg,early_blight,irish
D:\Potato\IrishPotato37G_full\healthy\healthy3630.jpg,healthy,irish
D:\Potato\IrishPotato37G_full\lateblt\lateblt648.jpg,late_blight,irish
D:\Potato\IrishPotato37G_full\earlyblt\earlyblt1054.jpg,early_blight,irish
D:\Potato\IrishPotato37G_full\lateblt\lateblt2798.jpg,late_blight,irish
D:\Potato\IrishPotato37G_full\lateblt\lateblt841.jpg,late_blight,irish
D:\Potato\IrishPotato37G_full\earlyblt\earlyblt2315.jpg,early_blight,irish
D:\Potato\non_leaf\coco_person\000000334371.jpg,non_leaf,coco_person
D:\Potato\IrishPotato37G_full\healthy\healthy3311.jpg,healthy,irish
D:\Potato\IrishPotato37G_full\earlyblt\earlyblt6996.jpg,early_blight,irish
D:\Potato\IrishPotato37G_full\lateblt\lateblt2534.jpg,late_blight,irish
D:\Potato\IrishPotato37G_full\earlyblt\earlyblt2920.jpg,early_blight,irish
D:\Potato\IrishPotato37G_full\lateblt\lateblt2911.jpg,late_blight,irish
D:\Potato\IrishPotato37G_full\lateblt\lateblt673.jpg,late_blight,irish
D:\Potato\IrishPotato37G_full\lateblt\lateblt2793.jpg,late_blight,irish
D:\Potato\IrishPotato37G_full\lateblt\lateblt603.jpg,late_blight,irish
D:\Potato\IrishPotato37G_full\earlyblt\earlyblt4794.jpg,early_blight,irish
D:\Potato\IrishPotato37G_full\earlyblt\earlyblt2879.jpg,early_blight,irish
D:\Potato\IrishPotato37G_full\healthy\healthy3734.jpg,healthy,irish
D:\Potato\IrishPotato37G_full\healthy\healthy2.jpg,healthy,irish
D:\Potato\IrishPotato37G_full\earlyblt\earlyblt2441.jpg,early_blight,irish
D:\Potato\IrishPotato37G_full\healthy\healthy3981.jpg,healthy,irish
D:\Potato\IrishPotato37G_full\earlyblt\earlyblt3201.jpg,early_blight,irish
D:\Potato\IrishPotato37G_full\lateblt\lateblt995.jpg,late_blight,irish
D:\Potato\IrishPotato37G_full\lateblt\lateblt5047.jpg,late_blight,irish
D:\Potato\IrishPotato37G_full\healthy\healthy1698.jpg,healthy,irish
D:\Potato\IrishPotato37G_full\healthy\healthy1786.jpg,healthy,irish
D:\Potato\IrishPotato37G_full\healthy\healthy4854.jpg,healthy,irish
D:\Potato\IrishPotato37G_full\lateblt\lateblt706.jpg,late_blight,irish
D:\Potato\non_leaf\coco_person\000000139099.jpg,non_leaf,coco_person
D:\Potato\IrishPotato37G_full\lateblt\lateblt113.jpg,late_blight,irish
D:\Potato\IrishPotato37G_full\healthy\healthy4065.jpg,healthy,irish
D:\Potato\IrishPotato37G_full\earlyblt\earlyblt2188.jpg,early_blight,irish
D:\Potato\IrishPotato37G_full\earlyblt\earlyblt6385.jpg,early_blight,irish
D:\Potato\IrishPotato37G_full\lateblt\lateblt2096.jpg,late_blight,irish
D:\Potato\IrishPotato37G_full\healthy\healthy2902.jpg,healthy,irish
D:\Potato\IrishPotato37G_full\healthy\healthy3079.jpg,healthy,irish
D:\Potato\IrishPotato37G_full\lateblt\lateblt127.jpg,late_blight,irish
D:\Potato\IrishPotato37G_full\earlyblt\earlyblt674.jpg,early_blight,irish
D:\Potato\IrishPotato37G_full\earlyblt\earlyblt3500.jpg,early_blight,irish
D:\Potato\IrishPotato37G_full\lateblt\lateblt2813.jpg,late_blight,irish
D:\Potato\IrishPotato37G_full\earlyblt\earlyblt3708.jpg,early_blight,irish
D:\Potato\IrishPotato37G_full\healthy\healthy4705.jpg,healthy,irish
D:\Potato\non_leaf\coco_person\000000133343.jpg,non_leaf,coco_person
D:\Potato\IrishPotato37G_full\lateblt\lateblt2425.jpg,late_blight,irish
D:\Potato\IrishPotato37G_full\lateblt\lateblt928.jpg,late_blight,irish
D:\Potato\IrishPotato37G_full\healthy\healthy2338.jpg,healthy,irish
D:\Potato\non_leaf\coco_person\000000067213.jpg,non_leaf,coco_person
D:\Potato\IrishPotato37G_full\healthy\healthy2988.jpg,healthy,irish
D:\Potato\IrishPotato37G_full\earlyblt\earlyblt4898.jpg,early_blight,irish
D:\Potato\non_leaf\coco_person\000000240049.jpg,non_leaf,coco_person
D:\Potato\IrishPotato37G_full\lateblt\lateblt1911.jpg,late_blight,irish
D:\Potato\IrishPotato37G_full\healthy\healthy2335.jpg,healthy,irish
D:\Potato\IrishPotato37G_full\lateblt\lateblt2766.jpg,late_blight,irish
D:\Potato\IrishPotato37G_full\earlyblt\earlyblt2341.jpg,early_blight,irish
D:\Potato\IrishPotato37G_full\earlyblt\earlyblt3487.jpg,early_blight,irish
D:\Potato\IrishPotato37G_full\healthy\healthy2573.jpg,healthy,irish
D:\Potato\IrishPotato37G_full\earlyblt\earlyblt4684.jpg,early_blight,irish
D:\Potato\IrishPotato37G_full\earlyblt\earlyblt6377.jpg,early_blight,irish
D:\Potato\IrishPotato37G_full\lateblt\lateblt2912.jpg,late_blight,irish
D:\Potato\IrishPotato37G_full\lateblt\lateblt1329.jpg,late_blight,irish
D:\Potato\IrishPotato37G_full\lateblt\lateblt908.jpg,late_blight,irish
D:\Potato\IrishPotato37G_full\lateblt\lateblt788.jpg,late_blight,irish
D:\Potato\IrishPotato37G_full\earlyblt\earlyblt3195.jpg,early_blight,irish
D:\Potato\IrishPotato37G_full\lateblt\lateblt2007.jpg,late_blight,irish
D:\Potato\IrishPotato37G_full\lateblt\lateblt2956.jpg,late_blight,irish
D:\Potato\IrishPotato37G_full\lateblt\lateblt1682.jpg,late_blight,irish
D:\Potato\IrishPotato37G_full\lateblt\lateblt1313.jpg,late_blight,irish
D:\Potato\IrishPotato37G_full\earlyblt\earlyblt3434.jpg,early_blight,irish
D:\Potato\IrishPotato37G_full\earlyblt\earlyblt6910.jpg,early_blight,irish
D:\Potato\IrishPotato37G_full\lateblt\lateblt2119.jpg,late_blight,irish
D:\Potato\non_leaf\coco_person\000000470779.jpg,non_leaf,coco_person
D:\Potato\non_leaf\coco_person\000000484351.jpg,non_leaf,coco_person
D:\Potato\IrishPotato37G_full\healthy\healthy5160.jpg,healthy,irish
D:\Potato\IrishPotato37G_full\lateblt\lateblt1444.jpg,late_blight,irish
D:\Potato\IrishPotato37G_full\earlyblt\earlyblt2694.jpg,early_blight,irish
D:\Potato\IrishPotato37G_full\earlyblt\earlyblt112.jpg,early_blight,irish
D:\Potato\IrishPotato37G_full\lateblt\lateblt5050.jpg,late_blight,irish
D:\Potato\IrishPotato37G_full\lateblt\lateblt1668.jpg,late_blight,irish
D:\Potato\IrishPotato37G_full\lateblt\lateblt780.jpg,late_blight,irish
D:\Potato\IrishPotato37G_full\lateblt\lateblt2900.jpg,late_blight,irish
D:\Potato\IrishPotato37G_full\earlyblt\earlyblt6750.jpg,early_blight,irish
D:\Potato\IrishPotato37G_full\earlyblt\earlyblt3023.jpg,early_blight,irish
D:\Potato\IrishPotato37G_full\lateblt\lateblt2880.jpg,late_blight,irish
D:\Potato\IrishPotato37G_full\healthy\healthy29.jpg,healthy,irish
D:\Potato\IrishPotato37G_full\lateblt\lateblt2082.jpg,late_blight,irish
D:\Potato\IrishPotato37G_full\earlyblt\earlyblt6235.jpg,early_blight,irish
D:\Potato\IrishPotato37G_full\healthy\healthy178.jpg,healthy,irish
D:\Potato\IrishPotato37G_full\healthy\healthy2448.jpg,healthy,irish
D:\Potato\IrishPotato37G_full\healthy\healthy2096.jpg,healthy,irish
D:\Potato\IrishPotato37G_full\healthy\healthy3425.jpg,healthy,irish
D:\Potato\non_leaf\coco_person\000000270297.jpg,non_leaf,coco_person
D:\Potato\IrishPotato37G_full\earlyblt\earlyblt3111.jpg,early_blight,irish
D:\Potato\IrishPotato37G_full\earlyblt\earlyblt891.jpg,early_blight,irish
D:\Potato\IrishPotato37G_full\healthy\healthy650.jpg,healthy,irish
D:\Potato\IrishPotato37G_full\earlyblt\earlyblt1722.jpg,early_blight,irish
D:\Potato\IrishPotato37G_full\earlyblt\earlyblt996.jpg,early_blight,irish
D:\Potato\IrishPotato37G_full\earlyblt\earlyblt2535.jpg,early_blight,irish
D:\Potato\IrishPotato37G_full\healthy\healthy1235.jpg,healthy,irish
D:\Potato\IrishPotato37G_full\earlyblt\earlyblt1551.jpg,early_blight,irish
D:\Potato\IrishPotato37G_full\healthy\healthy2746.jpg,healthy,irish
D:\Potato\IrishPotato37G_full\lateblt\lateblt755.jpg,late_blight,irish
D:\Potato\IrishPotato37G_full\lateblt\lateblt21.jpg,late_blight,irish
D:\Potato\IrishPotato37G_full\earlyblt\earlyblt3745.jpg,early_blight,irish
D:\Potato\IrishPotato37G_full\lateblt\lateblt2738.jpg,late_blight,irish
D:\Potato\IrishPotato37G_full\healthy\healthy1183.jpg,healthy,irish
D:\Potato\IrishPotato37G_full\earlyblt\earlyblt1590.jpg,early_blight,irish
D:\Potato\IrishPotato37G_full\healthy\healthy5139.jpg,healthy,irish
D:\Potato\IrishPotato37G_full\lateblt\lateblt487.jpg,late_blight,irish
D:\Potato\IrishPotato37G_full\lateblt\lateblt2895.jpg,late_blight,irish
D:\Potato\IrishPotato37G_full\earlyblt\earlyblt3159.jpg,early_blight,irish
D:\Potato\IrishPotato37G_full\earlyblt\earlyblt2826.jpg,early_blight,irish
D:\Potato\IrishPotato37G_full\healthy\healthy703.jpg,healthy,irish
D:\Potato\IrishPotato37G_full\healthy\healthy2920.jpg,healthy,irish
D:\Potato\IrishPotato37G_full\lateblt\lateblt1174.jpg,late_blight,irish
D:\Potato\IrishPotato37G_full\earlyblt\earlyblt6275.jpg,early_blight,irish
D:\Potato\IrishPotato37G_full\earlyblt\earlyblt3865.jpg,early_blight,irish
D:\Potato\IrishPotato37G_full\earlyblt\earlyblt6660.jpg,early_blight,irish
D:\Potato\IrishPotato37G_full\lateblt\lateblt2842.jpg,late_blight,irish
D:\Potato\IrishPotato37G_full\earlyblt\earlyblt3872.jpg,early_blight,irish
D:\Potato\IrishPotato37G_full\lateblt\lateblt2989.jpg,late_blight,irish
D:\Potato\IrishPotato37G_full\earlyblt\earlyblt6061.jpg,early_blight,irish
D:\Potato\IrishPotato37G_full\lateblt\lateblt2431.jpg,late_blight,irish
D:\Potato\IrishPotato37G_full\healthy\healthy1574.jpg,healthy,irish
D:\Potato\IrishPotato37G_full\healthy\healthy3004.jpg,healthy,irish
D:\Potato\non_leaf\coco_person\000000433103.jpg,non_leaf,coco_person
D:\Potato\IrishPotato37G_full\earlyblt\earlyblt6988.jpg,early_blight,irish
D:\Potato\IrishPotato37G_full\lateblt\lateblt621.jpg,late_blight,irish
D:\Potato\IrishPotato37G_full\earlyblt\earlyblt1447.jpg,early_blight,irish
D:\Potato\IrishPotato37G_full\healthy\healthy4645.jpg,healthy,irish
D:\Potato\IrishPotato37G_full\earlyblt\earlyblt2573.jpg,early_blight,irish
D:\Potato\IrishPotato37G_full\lateblt\lateblt2235.jpg,late_blight,irish
D:\Potato\IrishPotato37G_full\healthy\healthy4085.jpg,healthy,irish
D:\Potato\IrishPotato37G_full\healthy\healthy3733.jpg,healthy,irish
D:\Potato\IrishPotato37G_full\earlyblt\earlyblt2454.jpg,early_blight,irish
D:\Potato\IrishPotato37G_full\earlyblt\earlyblt3495.jpg,early_blight,irish
D:\Potato\IrishPotato37G_full\healthy\healthy2238.jpg,healthy,irish
D:\Potato\IrishPotato37G_full\lateblt\lateblt2286.jpg,late_blight,irish
D:\Potato\IrishPotato37G_full\earlyblt\earlyblt321.jpg,early_blight,irish
D:\Potato\IrishPotato37G_full\earlyblt\earlyblt2820.jpg,early_blight,irish
D:\Potato\IrishPotato37G_full\lateblt\lateblt37.jpg,late_blight,irish
D:\Potato\IrishPotato37G_full\healthy\healthy2419.jpg,healthy,irish
D:\Potato\IrishPotato37G_full\earlyblt\earlyblt273.jpg,early_blight,irish
D:\Potato\IrishPotato37G_full\lateblt\lateblt1445.jpg,late_blight,irish
D:\Potato\IrishPotato37G_full\lateblt\lateblt20.jpg,late_blight,irish
D:\Potato\IrishPotato37G_full\lateblt\lateblt920.jpg,late_blight,irish
D:\Potato\non_leaf\coco_person\000000050006.jpg,non_leaf,coco_person
D:\Potato\IrishPotato37G_full\healthy\healthy3397.jpg,healthy,irish
D:\Potato\IrishPotato37G_full\lateblt\lateblt954.jpg,late_blight,irish
D:\Potato\IrishPotato37G_full\earlyblt\earlyblt3040.jpg,early_blight,irish
D:\Potato\non_leaf\coco_person\000000153229.jpg,non_leaf,coco_person
D:\Potato\IrishPotato37G_full\lateblt\lateblt2266.jpg,late_blight,irish
D:\Potato\IrishPotato37G_full\earlyblt\earlyblt6057.jpg,early_blight,irish
D:\Potato\IrishPotato37G_full\healthy\healthy4915.jpg,healthy,irish
D:\Potato\IrishPotato37G_full\lateblt\lateblt1514.jpg,late_blight,irish
D:\Potato\IrishPotato37G_full\lateblt\lateblt734.jpg,late_blight,irish
D:\Potato\IrishPotato37G_full\healthy\healthy1391.jpg,healthy,irish
D:\Potato\IrishPotato37G_full\lateblt\lateblt1165.jpg,late_blight,irish
D:\Potato\IrishPotato37G_full\lateblt\lateblt765.jpg,late_blight,irish
D:\Potato\IrishPotato37G_full\earlyblt\earlyblt187.jpg,early_blight,irish
D:\Potato\IrishPotato37G_full\earlyblt\earlyblt3971.jpg,early_blight,irish
D:\Potato\IrishPotato37G_full\earlyblt\earlyblt819.jpg,early_blight,irish
D:\Potato\IrishPotato37G_full\healthy\healthy3681.jpg,healthy,irish
D:\Potato\IrishPotato37G_full\lateblt\lateblt219.jpg,late_blight,irish
D:\Potato\IrishPotato37G_full\healthy\healthy1106.jpg,healthy,irish
D:\Potato\IrishPotato37G_full\healthy\healthy5297.jpg,healthy,irish
D:\Potato\IrishPotato37G_full\lateblt\lateblt1114.jpg,late_blight,irish
D:\Potato\IrishPotato37G_full\lateblt\lateblt19.jpg,late_blight,irish
D:\Potato\IrishPotato37G_full\healthy\healthy3103.jpg,healthy,irish
D:\Potato\IrishPotato37G_full\lateblt\lateblt2061.jpg,late_blight,irish
D:\Potato\IrishPotato37G_full\earlyblt\earlyblt6731.jpg,early_blight,irish
D:\Potato\IrishPotato37G_full\earlyblt\earlyblt2719.jpg,early_blight,irish
D:\Potato\IrishPotato37G_full\lateblt\lateblt1968.jpg,late_blight,irish
D:\Potato\IrishPotato37G_full\earlyblt\earlyblt1409.jpg,early_blight,irish
D:\Potato\IrishPotato37G_full\lateblt\lateblt154.jpg,late_blight,irish
D:\Potato\IrishPotato37G_full\earlyblt\earlyblt685.jpg,early_blight,irish
D:\Potato\IrishPotato37G_full\healthy\healthy2032.jpg,healthy,irish
D:\Potato\IrishPotato37G_full\lateblt\lateblt1410.jpg,late_blight,irish
D:\Potato\IrishPotato37G_full\lateblt\lateblt2165.jpg,late_blight,irish
D:\Potato\IrishPotato37G_full\healthy\healthy1318.jpg,healthy,irish
D:\Potato\non_leaf\coco_person\000000111609.jpg,non_leaf,coco_person
D:\Potato\IrishPotato37G_full\healthy\healthy4878.jpg,healthy,irish
D:\Potato\IrishPotato37G_full\healthy\healthy2201.jpg,healthy,irish
D:\Potato\IrishPotato37G_full\lateblt\lateblt500.jpg,late_blight,irish
D:\Potato\IrishPotato37G_full\healthy\healthy866.jpg,healthy,irish
D:\Potato\IrishPotato37G_full\healthy\healthy850.jpg,healthy,irish
D:\Potato\IrishPotato37G_full\healthy\healthy766.jpg,healthy,irish
D:\Potato\non_leaf\coco_person\000000399296.jpg,non_leaf,coco_person
D:\Potato\IrishPotato37G_full\lateblt\lateblt1107.jpg,late_blight,irish
D:\Potato\non_leaf\coco_person\000000210299.jpg,non_leaf,coco_person
D:\Potato\IrishPotato37G_full\lateblt\lateblt961.jpg,late_blight,irish
D:\Potato\IrishPotato37G_full\earlyblt\earlyblt2380.jpg,early_blight,irish
D:\Potato\IrishPotato37G_full\earlyblt\earlyblt236.jpg,early_blight,irish
D:\Potato\IrishPotato37G_full\earlyblt\earlyblt1867.jpg,early_blight,irish
D:\Potato\IrishPotato37G_full\healthy\healthy3596.jpg,healthy,irish
D:\Potato\IrishPotato37G_full\earlyblt\earlyblt1168.jpg,early_blight,irish
D:\Potato\IrishPotato37G_full\earlyblt\earlyblt1493.jpg,early_blight,irish
D:\Potato\IrishPotato37G_full\earlyblt\earlyblt2431.jpg,early_blight,irish
D:\Potato\IrishPotato37G_full\earlyblt\earlyblt2567.jpg,early_blight,irish
D:\Potato\IrishPotato37G_full\earlyblt\earlyblt1969.jpg,early_blight,irish
D:\Potato\IrishPotato37G_full\healthy\healthy4059.jpg,healthy,irish
D:\Potato\IrishPotato37G_full\healthy\healthy3303.jpg,healthy,irish
D:\Potato\IrishPotato37G_full\earlyblt\earlyblt1504.jpg,early_blight,irish
D:\Potato\non_leaf\coco_person\000000534827.jpg,non_leaf,coco_person
D:\Potato\non_leaf\coco_person\000000411938.jpg,non_leaf,coco_person
D:\Potato\IrishPotato37G_full\lateblt\lateblt43.jpg,late_blight,irish
D:\Potato\IrishPotato37G_full\healthy\healthy5290.jpg,healthy,irish
D:\Potato\IrishPotato37G_full\earlyblt\earlyblt2241.jpg,early_blight,irish
D:\Potato\IrishPotato37G_full\lateblt\lateblt1469.jpg,late_blight,irish
D:\Potato\IrishPotato37G_full\earlyblt\earlyblt1961.jpg,early_blight,irish
D:\Potato\IrishPotato37G_full\lateblt\lateblt2893.jpg,late_blight,irish
D:\Potato\non_leaf\coco_person\000000550691.jpg,non_leaf,coco_person
D:\Potato\IrishPotato37G_full\lateblt\lateblt1131.jpg,late_blight,irish
D:\Potato\IrishPotato37G_full\healthy\healthy4798.jpg,healthy,irish
D:\Potato\IrishPotato37G_full\healthy\healthy2917.jpg,healthy,irish
D:\Potato\IrishPotato37G_full\healthy\healthy577.jpg,healthy,irish
D:\Potato\IrishPotato37G_full\earlyblt\earlyblt6427.jpg,early_blight,irish
D:\Potato\IrishPotato37G_full\healthy\healthy4060.jpg,healthy,irish
D:\Potato\IrishPotato37G_full\healthy\healthy2213.jpg,healthy,irish
D:\Potato\IrishPotato37G_full\healthy\healthy3565.jpg,healthy,irish
D:\Potato\IrishPotato37G_full\earlyblt\earlyblt2055.jpg,early_blight,irish
D:\Potato\IrishPotato37G_full\healthy\healthy2209.jpg,healthy,irish
D:\Potato\IrishPotato37G_full\earlyblt\earlyblt3097.jpg,early_blight,irish
D:\Potato\IrishPotato37G_full\lateblt\lateblt2847.jpg,late_blight,irish
D:\Potato\IrishPotato37G_full\lateblt\lateblt111.jpg,late_blight,irish
D:\Potato\non_leaf\coco_person\000000066771.jpg,non_leaf,coco_person
D:\Potato\IrishPotato37G_full\earlyblt\earlyblt1457.jpg,early_blight,irish
D:\Potato\IrishPotato37G_full\healthy\healthy3522.jpg,healthy,irish
D:\Potato\IrishPotato37G_full\healthy\healthy863.jpg,healthy,irish
D:\Potato\IrishPotato37G_full\lateblt\lateblt2560.jpg,late_blight,irish
D:\Potato\IrishPotato37G_full\healthy\healthy1474.jpg,healthy,irish
D:\Potato\non_leaf\coco_person\000000142971.jpg,non_leaf,coco_person
D:\Potato\IrishPotato37G_full\lateblt\lateblt1127.jpg,late_blight,irish
D:\Potato\IrishPotato37G_full\lateblt\lateblt548.jpg,late_blight,irish
D:\Potato\IrishPotato37G_full\lateblt\lateblt2065.jpg,late_blight,irish
D:\Potato\non_leaf\coco_person\000000369503.jpg,non_leaf,coco_person
D:\Potato\IrishPotato37G_full\earlyblt\earlyblt2439.jpg,early_blight,irish
D:\Potato\IrishPotato37G_full\lateblt\lateblt738.jpg,late_blight,irish
D:\Potato\IrishPotato37G_full\earlyblt\earlyblt4735.jpg,early_blight,irish
D:\Potato\IrishPotato37G_full\earlyblt\earlyblt247.jpg,early_blight,irish
D:\Potato\IrishPotato37G_full\healthy\healthy839.jpg,healthy,irish
D:\Potato\IrishPotato37G_full\lateblt\lateblt1111.jpg,late_blight,irish
D:\Potato\IrishPotato37G_full\earlyblt\earlyblt1935.jpg,early_blight,irish
D:\Potato\IrishPotato37G_full\healthy\healthy1770.jpg,healthy,irish
D:\Potato\IrishPotato37G_full\earlyblt\earlyblt2205.jpg,early_blight,irish
D:\Potato\IrishPotato37G_full\healthy\healthy2056.jpg,healthy,irish
D:\Potato\IrishPotato37G_full\earlyblt\earlyblt1804.jpg,early_blight,irish
D:\Potato\IrishPotato37G_full\earlyblt\earlyblt6648.jpg,early_blight,irish
D:\Potato\IrishPotato37G_full\lateblt\lateblt1675.jpg,late_blight,irish
D:\Potato\IrishPotato37G_full\healthy\healthy4381.jpg,healthy,irish
D:\Potato\IrishPotato37G_full\earlyblt\earlyblt2004.jpg,early_blight,irish
D:\Potato\non_leaf\coco_person\000000341681.jpg,non_leaf,coco_person
D:\Potato\IrishPotato37G_full\healthy\healthy5422.jpg,healthy,irish
D:\Potato\IrishPotato37G_full\healthy\healthy4686.jpg,healthy,irish
D:\Potato\IrishPotato37G_full\earlyblt\earlyblt2003.jpg,early_blight,irish
D:\Potato\IrishPotato37G_full\earlyblt\earlyblt1727.jpg,early_blight,irish
D:\Potato\IrishPotato37G_full\healthy\healthy2276.jpg,healthy,irish
D:\Potato\IrishPotato37G_full\lateblt\lateblt406.jpg,late_blight,irish
D:\Potato\IrishPotato37G_full\healthy\healthy4052.jpg,healthy,irish
D:\Potato\IrishPotato37G_full\healthy\healthy136.jpg,healthy,irish
D:\Potato\IrishPotato37G_full\lateblt\lateblt1529.jpg,late_blight,irish
D:\Potato\IrishPotato37G_full\earlyblt\earlyblt1542.jpg,early_blight,irish
D:\Potato\IrishPotato37G_full\lateblt\lateblt977.jpg,late_blight,irish
D:\Potato\IrishPotato37G_full\healthy\healthy1238.jpg,healthy,irish
D:\Potato\IrishPotato37G_full\earlyblt\earlyblt2172.jpg,early_blight,irish
D:\Potato\IrishPotato37G_full\lateblt\lateblt2171.jpg,late_blight,irish
D:\Potato\IrishPotato37G_full\lateblt\lateblt1502.jpg,late_blight,irish
D:\Potato\IrishPotato37G_full\healthy\healthy4742.jpg,healthy,irish
D:\Potato\IrishPotato37G_full\healthy\healthy2804.jpg,healthy,irish
D:\Potato\IrishPotato37G_full\lateblt\lateblt1402.jpg,late_blight,irish
D:\Potato\IrishPotato37G_full\earlyblt\earlyblt190.jpg,early_blight,irish
D:\Potato\IrishPotato37G_full\healthy\healthy3348.jpg,healthy,irish
D:\Potato\IrishPotato37G_full\healthy\healthy95.jpg,healthy,irish
D:\Potato\IrishPotato37G_full\healthy\healthy759.jpg,healthy,irish
D:\Potato\IrishPotato37G_full\earlyblt\earlyblt188.jpg,early_blight,irish
D:\Potato\IrishPotato37G_full\lateblt\lateblt2500.jpg,late_blight,irish
D:\Potato\IrishPotato37G_full\earlyblt\earlyblt1173.jpg,early_blight,irish
D:\Potato\IrishPotato37G_full\earlyblt\earlyblt308.jpg,early_blight,irish
D:\Potato\IrishPotato37G_full\lateblt\lateblt2554.jpg,late_blight,irish
D:\Potato\IrishPotato37G_full\earlyblt\earlyblt6656.jpg,early_blight,irish
D:\Potato\IrishPotato37G_full\earlyblt\earlyblt6719.jpg,early_blight,irish
D:\Potato\IrishPotato37G_full\earlyblt\earlyblt1170.jpg,early_blight,irish
D:\Potato\IrishPotato37G_full\lateblt\lateblt1438.jpg,late_blight,irish
D:\Potato\IrishPotato37G_full\healthy\healthy3938.jpg,healthy,irish
D:\Potato\IrishPotato37G_full\healthy\healthy4046.jpg,healthy,irish
D:\Potato\IrishPotato37G_full\earlyblt\earlyblt2453.jpg,early_blight,irish
D:\Potato\IrishPotato37G_full\earlyblt\earlyblt3953.jpg,early_blight,irish
D:\Potato\IrishPotato37G_full\healthy\healthy2386.jpg,healthy,irish
D:\Potato\IrishPotato37G_full\lateblt\lateblt754.jpg,late_blight,irish
D:\Potato\non_leaf\coco_person\000000435208.jpg,non_leaf,coco_person
D:\Potato\IrishPotato37G_full\lateblt\lateblt1194.jpg,late_blight,irish
D:\Potato\IrishPotato37G_full\lateblt\lateblt1574.jpg,late_blight,irish
D:\Potato\IrishPotato37G_full\lateblt\lateblt2293.jpg,late_blight,irish
D:\Potato\IrishPotato37G_full\earlyblt\earlyblt3969.jpg,early_blight,irish
D:\Potato\IrishPotato37G_full\healthy\healthy2003.jpg,healthy,irish
D:\Potato\IrishPotato37G_full\lateblt\lateblt434.jpg,late_blight,irish
D:\Potato\IrishPotato37G_full\lateblt\lateblt753.jpg,late_blight,irish
D:\Potato\IrishPotato37G_full\lateblt\lateblt2525.jpg,late_blight,irish
D:\Potato\IrishPotato37G_full\lateblt\lateblt1182.jpg,late_blight,irish
D:\Potato\IrishPotato37G_full\lateblt\lateblt228.jpg,late_blight,irish
D:\Potato\IrishPotato37G_full\earlyblt\earlyblt3418.jpg,early_blight,irish
D:\Potato\IrishPotato37G_full\earlyblt\earlyblt2455.jpg,early_blight,irish
D:\Potato\non_leaf\coco_person\000000013546.jpg,non_leaf,coco_person
D:\Potato\IrishPotato37G_full\earlyblt\earlyblt442.jpg,early_blight,irish
D:\Potato\IrishPotato37G_full\healthy\healthy882.jpg,healthy,irish
D:\Potato\IrishPotato37G_full\healthy\healthy82.jpg,healthy,irish
D:\Potato\IrishPotato37G_full\lateblt\lateblt1457.jpg,late_blight,irish
D:\Potato\IrishPotato37G_full\healthy\healthy3478.jpg,healthy,irish
D:\Potato\IrishPotato37G_full\earlyblt\earlyblt4743.jpg,early_blight,irish
D:\Potato\IrishPotato37G_full\lateblt\lateblt884.jpg,late_blight,irish
D:\Potato\IrishPotato37G_full\healthy\healthy3008.jpg,healthy,irish
D:\Potato\IrishPotato37G_full\earlyblt\earlyblt6230.jpg,early_blight,irish
D:\Potato\IrishPotato37G_full\healthy\healthy3430.jpg,healthy,irish
D:\Potato\non_leaf\coco_person\000000524456.jpg,non_leaf,coco_person
D:\Potato\non_leaf\coco_person\000000132544.jpg,non_leaf,coco_person
D:\Potato\IrishPotato37G_full\healthy\healthy1157.jpg,healthy,irish
D:\Potato\IrishPotato37G_full\lateblt\lateblt2445.jpg,late_blight,irish
D:\Potato\IrishPotato37G_full\earlyblt\earlyblt2258.jpg,early_blight,irish
D:\Potato\IrishPotato37G_full\lateblt\lateblt1948.jpg,late_blight,irish
D:\Potato\IrishPotato37G_full\earlyblt\earlyblt2907.jpg,early_blight,irish
D:\Potato\non_leaf\coco_person\000000395575.jpg,non_leaf,coco_person
D:\Potato\IrishPotato37G_full\lateblt\lateblt1423.jpg,late_blight,irish
D:\Potato\IrishPotato37G_full\lateblt\lateblt2868.jpg,late_blight,irish
D:\Potato\IrishPotato37G_full\lateblt\lateblt708.jpg,late_blight,irish
D:\Potato\IrishPotato37G_full\lateblt\lateblt1390.jpg,late_blight,irish
D:\Potato\IrishPotato37G_full\lateblt\lateblt2036.jpg,late_blight,irish
D:\Potato\IrishPotato37G_full\healthy\healthy2046.jpg,healthy,irish
D:\Potato\IrishPotato37G_full\earlyblt\earlyblt1477.jpg,early_blight,irish
D:\Potato\IrishPotato37G_full\healthy\healthy3551.jpg,healthy,irish
D:\Potato\IrishPotato37G_full\earlyblt\earlyblt749.jpg,early_blight,irish
D:\Potato\IrishPotato37G_full\earlyblt\earlyblt3801.jpg,early_blight,irish
D:\Potato\IrishPotato37G_full\healthy\healthy4276.jpg,healthy,irish
D:\Potato\IrishPotato37G_full\earlyblt\earlyblt1423.jpg,early_blight,irish
D:\Potato\IrishPotato37G_full\lateblt\lateblt2943.jpg,late_blight,irish
D:\Potato\IrishPotato37G_full\lateblt\lateblt33.jpg,late_blight,irish
D:\Potato\IrishPotato37G_full\lateblt\lateblt1609.jpg,late_blight,irish
D:\Potato\IrishPotato37G_full\healthy\healthy5432.jpg,healthy,irish
D:\Potato\IrishPotato37G_full\lateblt\lateblt885.jpg,late_blight,irish
D:\Potato\IrishPotato37G_full\lateblt\lateblt1976.jpg,late_blight,irish
D:\Potato\IrishPotato37G_full\earlyblt\earlyblt1153.jpg,early_blight,irish
D:\Potato\IrishPotato37G_full\lateblt\lateblt1456.jpg,late_blight,irish
D:\Potato\IrishPotato37G_full\lateblt\lateblt1465.jpg,late_blight,irish
D:\Potato\non_leaf\coco_person\000000186449.jpg,non_leaf,coco_person
D:\Potato\IrishPotato37G_full\lateblt\lateblt464.jpg,late_blight,irish
D:\Potato\IrishPotato37G_full\healthy\healthy3697.jpg,healthy,irish
D:\Potato\IrishPotato37G_full\earlyblt\earlyblt2065.jpg,early_blight,irish
D:\Potato\IrishPotato37G_full\healthy\healthy5458.jpg,healthy,irish
D:\Potato\IrishPotato37G_full\lateblt\lateblt2203.jpg,late_blight,irish
D:\Potato\IrishPotato37G_full\earlyblt\earlyblt3768.jpg,early_blight,irish
D:\Potato\IrishPotato37G_full\healthy\healthy3915.jpg,healthy,irish
D:\Potato\IrishPotato37G_full\lateblt\lateblt2599.jpg,late_blight,irish
D:\Potato\IrishPotato37G_full\lateblt\lateblt2681.jpg,late_blight,irish
D:\Potato\non_leaf\coco_person\000000467848.jpg,non_leaf,coco_person
D:\Potato\IrishPotato37G_full\healthy\healthy707.jpg,healthy,irish
D:\Potato\IrishPotato37G_full\healthy\healthy1322.jpg,healthy,irish
D:\Potato\non_leaf\coco_person\000000080340.jpg,non_leaf,coco_person
D:\Potato\IrishPotato37G_full\healthy\healthy4315.jpg,healthy,irish
D:\Potato\IrishPotato37G_full\healthy\healthy1203.jpg,healthy,irish
D:\Potato\IrishPotato37G_full\lateblt\lateblt711.jpg,late_blight,irish
D:\Potato\IrishPotato37G_full\earlyblt\earlyblt138.jpg,early_blight,irish
D:\Potato\non_leaf\coco_person\000000102805.jpg,non_leaf,coco_person
D:\Potato\IrishPotato37G_full\lateblt\lateblt286.jpg,late_blight,irish
D:\Potato\non_leaf\coco_person\000000565563.jpg,non_leaf,coco_person
D:\Potato\IrishPotato37G_full\earlyblt\earlyblt1028.jpg,early_blight,irish
D:\Potato\IrishPotato37G_full\lateblt\lateblt1651.jpg,late_blight,irish
D:\Potato\IrishPotato37G_full\healthy\healthy4061.jpg,healthy,irish
D:\Potato\non_leaf\coco_person\000000262895.jpg,non_leaf,coco_person
D:\Potato\IrishPotato37G_full\lateblt\lateblt762.jpg,late_blight,irish
D:\Potato\IrishPotato37G_full\lateblt\lateblt2697.jpg,late_blight,irish
D:\Potato\IrishPotato37G_full\lateblt\lateblt2103.jpg,late_blight,irish
D:\Potato\IrishPotato37G_full\lateblt\lateblt2692.jpg,late_blight,irish
D:\Potato\IrishPotato37G_full\lateblt\lateblt2236.jpg,late_blight,irish
D:\Potato\IrishPotato37G_full\healthy\healthy4945.jpg,healthy,irish
D:\Potato\IrishPotato37G_full\earlyblt\earlyblt1707.jpg,early_blight,irish
D:\Potato\IrishPotato37G_full\healthy\healthy4446.jpg,healthy,irish
D:\Potato\non_leaf\coco_person\000000142620.jpg,non_leaf,coco_person
D:\Potato\IrishPotato37G_full\healthy\healthy4364.jpg,healthy,irish
D:\Potato\IrishPotato37G_full\healthy\healthy2591.jpg,healthy,irish
D:\Potato\IrishPotato37G_full\earlyblt\earlyblt2949.jpg,early_blight,irish
D:\Potato\IrishPotato37G_full\lateblt\lateblt2498.jpg,late_blight,irish
D:\Potato\IrishPotato37G_full\healthy\healthy819.jpg,healthy,irish
D:\Potato\IrishPotato37G_full\healthy\healthy3624.jpg,healthy,irish
D:\Potato\IrishPotato37G_full\earlyblt\earlyblt3860.jpg,early_blight,irish
D:\Potato\IrishPotato37G_full\lateblt\lateblt1459.jpg,late_blight,irish
D:\Potato\non_leaf\coco_person\000000056350.jpg,non_leaf,coco_person
D:\Potato\non_leaf\coco_person\000000562448.jpg,non_leaf,coco_person
D:\Potato\IrishPotato37G_full\lateblt\lateblt509.jpg,late_blight,irish
D:\Potato\IrishPotato37G_full\earlyblt\earlyblt2497.jpg,early_blight,irish
D:\Potato\IrishPotato37G_full\earlyblt\earlyblt7017.jpg,early_blight,irish
D:\Potato\non_leaf\coco_person\000000370711.jpg,non_leaf,coco_person
D:\Potato\IrishPotato37G_full\lateblt\lateblt5064.jpg,late_blight,irish
D:\Potato\IrishPotato37G_full\lateblt\lateblt46.jpg,late_blight,irish
D:\Potato\IrishPotato37G_full\lateblt\lateblt2102.jpg,late_blight,irish
D:\Potato\IrishPotato37G_full\earlyblt\earlyblt6478.jpg,early_blight,irish
D:\Potato\IrishPotato37G_full\lateblt\lateblt2158.jpg,late_blight,irish
D:\Potato\IrishPotato37G_full\healthy\healthy760.jpg,healthy,irish
D:\Potato\IrishPotato37G_full\healthy\healthy5609.jpg,healthy,irish
D:\Potato\IrishPotato37G_full\earlyblt\earlyblt804.jpg,early_blight,irish
D:\Potato\IrishPotato37G_full\healthy\healthy1.jpg,healthy,irish
D:\Potato\IrishPotato37G_full\healthy\healthy349.jpg,healthy,irish
D:\Potato\IrishPotato37G_full\lateblt\lateblt250.jpg,late_blight,irish
D:\Potato\IrishPotato37G_full\healthy\healthy4620.jpg,healthy,irish
D:\Potato\IrishPotato37G_full\earlyblt\earlyblt3098.jpg,early_blight,irish
D:\Potato\IrishPotato37G_full\lateblt\lateblt700.jpg,late_blight,irish
D:\Potato\IrishPotato37G_full\earlyblt\earlyblt2430.jpg,early_blight,irish
D:\Potato\IrishPotato37G_full\earlyblt\earlyblt4703.jpg,early_blight,irish
D:\Potato\IrishPotato37G_full\lateblt\lateblt144.jpg,late_blight,irish
D:\Potato\IrishPotato37G_full\healthy\healthy1225.jpg,healthy,irish
D:\Potato\IrishPotato37G_full\earlyblt\earlyblt3566.jpg,early_blight,irish
D:\Potato\IrishPotato37G_full\lateblt\lateblt2287.jpg,late_blight,irish
D:\Potato\IrishPotato37G_full\earlyblt\earlyblt281.jpg,early_blight,irish
D:\Potato\IrishPotato37G_full\earlyblt\earlyblt2650.jpg,early_blight,irish
D:\Potato\IrishPotato37G_full\earlyblt\earlyblt1195.jpg,early_blight,irish
D:\Potato\IrishPotato37G_full\healthy\healthy999.jpg,healthy,irish
D:\Potato\IrishPotato37G_full\earlyblt\earlyblt1084.jpg,early_blight,irish
D:\Potato\non_leaf\coco_person\000000489014.jpg,non_leaf,coco_person
D:\Potato\IrishPotato37G_full\lateblt\lateblt2054.jpg,late_blight,irish
D:\Potato\IrishPotato37G_full\lateblt\lateblt2089.jpg,late_blight,irish
D:\Potato\IrishPotato37G_full\earlyblt\earlyblt466.jpg,early_blight,irish
D:\Potato\IrishPotato37G_full\healthy\healthy4895.jpg,healthy,irish
D:\Potato\IrishPotato37G_full\earlyblt\earlyblt2502.jpg,early_blight,irish
D:\Potato\IrishPotato37G_full\lateblt\lateblt1656.jpg,late_blight,irish
D:\Potato\IrishPotato37G_full\earlyblt\earlyblt2662.jpg,early_blight,irish
D:\Potato\IrishPotato37G_full\healthy\healthy4835.jpg,healthy,irish
D:\Potato\IrishPotato37G_full\healthy\healthy2486.jpg,healthy,irish
D:\Potato\IrishPotato37G_full\earlyblt\earlyblt3082.jpg,early_blight,irish
D:\Potato\IrishPotato37G_full\lateblt\lateblt179.jpg,late_blight,irish
D:\Potato\IrishPotato37G_full\earlyblt\earlyblt257.jpg,early_blight,irish
D:\Potato\IrishPotato37G_full\lateblt\lateblt2872.jpg,late_blight,irish
D:\Potato\IrishPotato37G_full\earlyblt\earlyblt6601.jpg,early_blight,irish
D:\Potato\IrishPotato37G_full\healthy\healthy4460.jpg,healthy,irish
D:\Potato\IrishPotato37G_full\healthy\healthy2307.jpg,healthy,irish
D:\Potato\IrishPotato37G_full\earlyblt\earlyblt730.jpg,early_blight,irish
D:\Potato\IrishPotato37G_full\healthy\healthy4216.jpg,healthy,irish
D:\Potato\IrishPotato37G_full\earlyblt\earlyblt3086.jpg,early_blight,irish
D:\Potato\IrishPotato37G_full\lateblt\lateblt2435.jpg,late_blight,irish
D:\Potato\IrishPotato37G_full\lateblt\lateblt2107.jpg,late_blight,irish
D:\Potato\IrishPotato37G_full\lateblt\lateblt155.jpg,late_blight,irish
D:\Potato\IrishPotato37G_full\lateblt\lateblt2887.jpg,late_blight,irish
D:\Potato\IrishPotato37G_full\earlyblt\earlyblt1189.jpg,early_blight,irish
D:\Potato\IrishPotato37G_full\healthy\healthy3570.jpg,healthy,irish
D:\Potato\IrishPotato37G_full\earlyblt\earlyblt968.jpg,early_blight,irish
D:\Potato\IrishPotato37G_full\earlyblt\earlyblt3774.jpg,early_blight,irish
D:\Potato\IrishPotato37G_full\lateblt\lateblt2053.jpg,late_blight,irish
D:\Potato\IrishPotato37G_full\healthy\healthy635.jpg,healthy,irish
D:\Potato\IrishPotato37G_full\lateblt\lateblt873.jpg,late_blight,irish
D:\Potato\IrishPotato37G_full\earlyblt\earlyblt824.jpg,early_blight,irish
D:\Potato\IrishPotato37G_full\healthy\healthy5184.jpg,healthy,irish
D:\Potato\IrishPotato37G_full\healthy\healthy1540.jpg,healthy,irish
D:\Potato\IrishPotato37G_full\lateblt\lateblt2502.jpg,late_blight,irish
D:\Potato\IrishPotato37G_full\earlyblt\earlyblt2361.jpg,early_blight,irish
D:\Potato\IrishPotato37G_full\healthy\healthy2556.jpg,healthy,irish
D:\Potato\IrishPotato37G_full\healthy\healthy993.jpg,healthy,irish
D:\Potato\IrishPotato37G_full\lateblt\lateblt2935.jpg,late_blight,irish
D:\Potato\IrishPotato37G_full\healthy\healthy3756.jpg,healthy,irish
D:\Potato\IrishPotato37G_full\healthy\healthy756.jpg,healthy,irish
D:\Potato\IrishPotato37G_full\healthy\healthy2564.jpg,healthy,irish
D:\Potato\IrishPotato37G_full\lateblt\lateblt1537.jpg,late_blight,irish
D:\Potato\IrishPotato37G_full\lateblt\lateblt5020.jpg,late_blight,irish
D:\Potato\IrishPotato37G_full\healthy\healthy2743.jpg,healthy,irish
D:\Potato\IrishPotato37G_full\earlyblt\earlyblt3855.jpg,early_blight,irish
D:\Potato\IrishPotato37G_full\healthy\healthy1579.jpg,healthy,irish
D:\Potato\IrishPotato37G_full\healthy\healthy109.jpg,healthy,irish
D:\Potato\IrishPotato37G_full\lateblt\lateblt2274.jpg,late_blight,irish
D:\Potato\IrishPotato37G_full\earlyblt\earlyblt1489.jpg,early_blight,irish
D:\Potato\IrishPotato37G_full\healthy\healthy1653.jpg,healthy,irish
D:\Potato\IrishPotato37G_full\healthy\healthy4100.jpg,healthy,irish
D:\Potato\IrishPotato37G_full\lateblt\lateblt2510.jpg,late_blight,irish
D:\Potato\IrishPotato37G_full\lateblt\lateblt267.jpg,late_blight,irish
D:\Potato\IrishPotato37G_full\lateblt\lateblt828.jpg,late_blight,irish
D:\Potato\IrishPotato37G_full\earlyblt\earlyblt2105.jpg,early_blight,irish
D:\Potato\IrishPotato37G_full\lateblt\lateblt2733.jpg,late_blight,irish
D:\Potato\IrishPotato37G_full\lateblt\lateblt1342.jpg,late_blight,irish
D:\Potato\IrishPotato37G_full\earlyblt\earlyblt3062.jpg,early_blight,irish
D:\Potato\IrishPotato37G_full\earlyblt\earlyblt1513.jpg,early_blight,irish
D:\Potato\IrishPotato37G_full\healthy\healthy303.jpg,healthy,irish
D:\Potato\IrishPotato37G_full\earlyblt\earlyblt1107.jpg,early_blight,irish
D:\Potato\IrishPotato37G_full\lateblt\lateblt514.jpg,late_blight,irish
D:\Potato\non_leaf\coco_person\000000113235.jpg,non_leaf,coco_person
D:\Potato\IrishPotato37G_full\healthy\healthy4082.jpg,healthy,irish
D:\Potato\IrishPotato37G_full\earlyblt\earlyblt2555.jpg,early_blight,irish
D:\Potato\IrishPotato37G_full\healthy\healthy1490.jpg,healthy,irish
D:\Potato\non_leaf\coco_person\000000344029.jpg,non_leaf,coco_person
D:\Potato\IrishPotato37G_full\healthy\healthy1385.jpg,healthy,irish
D:\Potato\IrishPotato37G_full\lateblt\lateblt2118.jpg,late_blight,irish
D:\Potato\IrishPotato37G_full\lateblt\lateblt1321.jpg,late_blight,irish
D:\Potato\IrishPotato37G_full\healthy\healthy80.jpg,healthy,irish
D:\Potato\IrishPotato37G_full\earlyblt\earlyblt2405.jpg,early_blight,irish
D:\Potato\IrishPotato37G_full\healthy\healthy155.jpg,healthy,irish
D:\Potato\IrishPotato37G_full\earlyblt\earlyblt2225.jpg,early_blight,irish
D:\Potato\IrishPotato37G_full\healthy\healthy92.jpg,healthy,irish
D:\Potato\IrishPotato37G_full\healthy\healthy319.jpg,healthy,irish
D:\Potato\IrishPotato37G_full\lateblt\lateblt727.jpg,late_blight,irish
D:\Potato\IrishPotato37G_full\earlyblt\earlyblt1078.jpg,early_blight,irish
D:\Potato\non_leaf\coco_person\000000280918.jpg,non_leaf,coco_person
D:\Potato\non_leaf\coco_person\000000206025.jpg,non_leaf,coco_person
D:\Potato\IrishPotato37G_full\healthy\healthy4071.jpg,healthy,irish
D:\Potato\IrishPotato37G_full\lateblt\lateblt2491.jpg,late_blight,irish
D:\Potato\IrishPotato37G_full\lateblt\lateblt1672.jpg,late_blight,irish
D:\Potato\IrishPotato37G_full\earlyblt\earlyblt3061.jpg,early_blight,irish
D:\Potato\non_leaf\coco_person\000000414170.jpg,non_leaf,coco_person
D:\Potato\IrishPotato37G_full\lateblt\lateblt2725.jpg,late_blight,irish
D:\Potato\IrishPotato37G_full\earlyblt\earlyblt2637.jpg,early_blight,irish
D:\Potato\non_leaf\coco_person\000000030828.jpg,non_leaf,coco_person
D:\Potato\IrishPotato37G_full\healthy\healthy3993.jpg,healthy,irish
D:\Potato\IrishPotato37G_full\earlyblt\earlyblt2968.jpg,early_blight,irish
D:\Potato\IrishPotato37G_full\lateblt\lateblt967.jpg,late_blight,irish
D:\Potato\IrishPotato37G_full\earlyblt\earlyblt818.jpg,early_blight,irish
D:\Potato\IrishPotato37G_full\earlyblt\earlyblt4736.jpg,early_blight,irish
D:\Potato\IrishPotato37G_full\healthy\healthy3355.jpg,healthy,irish
D:\Potato\IrishPotato37G_full\lateblt\lateblt1629.jpg,late_blight,irish
D:\Potato\IrishPotato37G_full\healthy\healthy2458.jpg,healthy,irish
D:\Potato\IrishPotato37G_full\lateblt\lateblt993.jpg,late_blight,irish
D:\Potato\IrishPotato37G_full\lateblt\lateblt2213.jpg,late_blight,irish
D:\Potato\IrishPotato37G_full\earlyblt\earlyblt702.jpg,early_blight,irish
D:\Potato\IrishPotato37G_full\healthy\healthy4665.jpg,healthy,irish
D:\Potato\IrishPotato37G_full\healthy\healthy2713.jpg,healthy,irish
D:\Potato\IrishPotato37G_full\healthy\healthy1670.jpg,healthy,irish
D:\Potato\non_leaf\coco_person\000000280779.jpg,non_leaf,coco_person
D:\Potato\IrishPotato37G_full\lateblt\lateblt39.jpg,late_blight,irish
D:\Potato\IrishPotato37G_full\lateblt\lateblt2481.jpg,late_blight,irish
D:\Potato\IrishPotato37G_full\healthy\healthy2143.jpg,healthy,irish
D:\Potato\IrishPotato37G_full\lateblt\lateblt2129.jpg,late_blight,irish
D:\Potato\IrishPotato37G_full\healthy\healthy1175.jpg,healthy,irish
D:\Potato\IrishPotato37G_full\healthy\healthy3316.jpg,healthy,irish
D:\Potato\IrishPotato37G_full\earlyblt\earlyblt4982.jpg,early_blight,irish
D:\Potato\IrishPotato37G_full\earlyblt\earlyblt6205.jpg,early_blight,irish
D:\Potato\IrishPotato37G_full\healthy\healthy1276.jpg,healthy,irish
D:\Potato\IrishPotato37G_full\healthy\healthy4847.jpg,healthy,irish
D:\Potato\IrishPotato37G_full\lateblt\lateblt1113.jpg,late_blight,irish
D:\Potato\IrishPotato37G_full\earlyblt\earlyblt6923.jpg,early_blight,irish
D:\Potato\IrishPotato37G_full\healthy\healthy921.jpg,healthy,irish
D:\Potato\IrishPotato37G_full\healthy\healthy48.jpg,healthy,irish
D:\Potato\IrishPotato37G_full\healthy\healthy116.jpg,healthy,irish
D:\Potato\IrishPotato37G_full\healthy\healthy3498.jpg,healthy,irish
D:\Potato\IrishPotato37G_full\earlyblt\earlyblt5881.jpg,early_blight,irish
D:\Potato\IrishPotato37G_full\lateblt\lateblt713.jpg,late_blight,irish
D:\Potato\IrishPotato37G_full\earlyblt\earlyblt2743.jpg,early_blight,irish
D:\Potato\IrishPotato37G_full\earlyblt\earlyblt2665.jpg,early_blight,irish
D:\Potato\IrishPotato37G_full\lateblt\lateblt2179.jpg,late_blight,irish
D:\Potato\IrishPotato37G_full\healthy\healthy326.jpg,healthy,irish
D:\Potato\IrishPotato37G_full\lateblt\lateblt2547.jpg,late_blight,irish
D:\Potato\IrishPotato37G_full\earlyblt\earlyblt6227.jpg,early_blight,irish
D:\Potato\IrishPotato37G_full\lateblt\lateblt783.jpg,late_blight,irish
D:\Potato\IrishPotato37G_full\lateblt\lateblt2283.jpg,late_blight,irish
D:\Potato\IrishPotato37G_full\healthy\healthy4608.jpg,healthy,irish
D:\Potato\IrishPotato37G_full\lateblt\lateblt1694.jpg,late_blight,irish
D:\Potato\IrishPotato37G_full\earlyblt\earlyblt1988.jpg,early_blight,irish
D:\Potato\IrishPotato37G_full\earlyblt\earlyblt1758.jpg,early_blight,irish
D:\Potato\IrishPotato37G_full\lateblt\lateblt2463.jpg,late_blight,irish
D:\Potato\IrishPotato37G_full\healthy\healthy133.jpg,healthy,irish
D:\Potato\IrishPotato37G_full\healthy\healthy666.jpg,healthy,irish
D:\Potato\IrishPotato37G_full\earlyblt\earlyblt2468.jpg,early_blight,irish
D:\Potato\IrishPotato37G_full\healthy\healthy4647.jpg,healthy,irish
D:\Potato\IrishPotato37G_full\healthy\healthy992.jpg,healthy,irish
D:\Potato\IrishPotato37G_full\lateblt\lateblt2504.jpg,late_blight,irish
D:\Potato\IrishPotato37G_full\healthy\healthy5101.jpg,healthy,irish
D:\Potato\IrishPotato37G_full\healthy\healthy510.jpg,healthy,irish
D:\Potato\IrishPotato37G_full\healthy\healthy685.jpg,healthy,irish
D:\Potato\IrishPotato37G_full\lateblt\lateblt1521.jpg,late_blight,irish
D:\Potato\IrishPotato37G_full\lateblt\lateblt2689.jpg,late_blight,irish
D:\Potato\IrishPotato37G_full\lateblt\lateblt14.jpg,late_blight,irish
D:\Potato\IrishPotato37G_full\lateblt\lateblt831.jpg,late_blight,irish
D:\Potato\IrishPotato37G_full\healthy\healthy4487.jpg,healthy,irish
D:\Potato\IrishPotato37G_full\healthy\healthy2747.jpg,healthy,irish
D:\Potato\IrishPotato37G_full\earlyblt\earlyblt2657.jpg,early_blight,irish
D:\Potato\IrishPotato37G_full\lateblt\lateblt2056.jpg,late_blight,irish
D:\Potato\IrishPotato37G_full\lateblt\lateblt260.jpg,late_blight,irish
D:\Potato\IrishPotato37G_full\earlyblt\earlyblt2145.jpg,early_blight,irish
D:\Potato\IrishPotato37G_full\lateblt\lateblt748.jpg,late_blight,irish
D:\Potato\non_leaf\coco_person\000000362520.jpg,non_leaf,coco_person
D:\Potato\IrishPotato37G_full\healthy\healthy5249.jpg,healthy,irish
D:\Potato\IrishPotato37G_full\healthy\healthy3675.jpg,healthy,irish
D:\Potato\IrishPotato37G_full\healthy\healthy5660.jpg,healthy,irish
D:\Potato\IrishPotato37G_full\lateblt\lateblt2630.jpg,late_blight,irish
D:\Potato\IrishPotato37G_full\lateblt\lateblt992.jpg,late_blight,irish
D:\Potato\IrishPotato37G_full\healthy\healthy1557.jpg,healthy,irish
D:\Potato\IrishPotato37G_full\healthy\healthy3188.jpg,healthy,irish
D:\Potato\non_leaf\coco_person\000000338624.jpg,non_leaf,coco_person
D:\Potato\IrishPotato37G_full\healthy\healthy3339.jpg,healthy,irish
D:\Potato\IrishPotato37G_full\lateblt\lateblt1324.jpg,late_blight,irish
D:\Potato\IrishPotato37G_full\healthy\healthy4619.jpg,healthy,irish
D:\Potato\IrishPotato37G_full\healthy\healthy2865.jpg,healthy,irish
D:\Potato\IrishPotato37G_full\earlyblt\earlyblt3064.jpg,early_blight,irish
D:\Potato\IrishPotato37G_full\healthy\healthy517.jpg,healthy,irish
D:\Potato\IrishPotato37G_full\lateblt\lateblt403.jpg,late_blight,irish
D:\Potato\IrishPotato37G_full\healthy\healthy5415.jpg,healthy,irish
D:\Potato\non_leaf\coco_person\000000472298.jpg,non_leaf,coco_person
D:\Potato\IrishPotato37G_full\earlyblt\earlyblt6756.jpg,early_blight,irish
D:\Potato\IrishPotato37G_full\earlyblt\earlyblt1657.jpg,early_blight,irish
D:\Potato\IrishPotato37G_full\healthy\healthy4672.jpg,healthy,irish
D:\Potato\IrishPotato37G_full\healthy\healthy4822.jpg,healthy,irish
D:\Potato\IrishPotato37G_full\healthy\healthy2392.jpg,healthy,irish
D:\Potato\non_leaf\coco_person\000000004134.jpg,non_leaf,coco_person
D:\Potato\IrishPotato37G_full\lateblt\lateblt463.jpg,late_blight,irish
D:\Potato\IrishPotato37G_full\earlyblt\earlyblt3911.jpg,early_blight,irish
D:\Potato\IrishPotato37G_full\earlyblt\earlyblt3799.jpg,early_blight,irish
D:\Potato\non_leaf\coco_person\000000464786.jpg,non_leaf,coco_person
D:\Potato\IrishPotato37G_full\earlyblt\earlyblt2189.jpg,early_blight,irish
D:\Potato\IrishPotato37G_full\earlyblt\earlyblt6442.jpg,early_blight,irish
D:\Potato\IrishPotato37G_full\earlyblt\earlyblt1640.jpg,early_blight,irish
D:\Potato\IrishPotato37G_full\earlyblt\earlyblt2633.jpg,early_blight,irish
D:\Potato\non_leaf\coco_person\000000215723.jpg,non_leaf,coco_person
D:\Potato\IrishPotato37G_full\lateblt\lateblt24.jpg,late_blight,irish
D:\Potato\IrishPotato37G_full\lateblt\lateblt945.jpg,late_blight,irish
D:\Potato\IrishPotato37G_full\earlyblt\earlyblt2522.jpg,early_blight,irish
D:\Potato\IrishPotato37G_full\lateblt\lateblt874.jpg,late_blight,irish
D:\Potato\IrishPotato37G_full\healthy\healthy3029.jpg,healthy,irish
D:\Potato\non_leaf\coco_person\000000009378.jpg,non_leaf,coco_person
D:\Potato\IrishPotato37G_full\lateblt\lateblt1565.jpg,late_blight,irish
D:\Potato\IrishPotato37G_full\healthy\healthy190.jpg,healthy,irish
D:\Potato\IrishPotato37G_full\earlyblt\earlyblt1999.jpg,early_blight,irish
D:\Potato\IrishPotato37G_full\earlyblt\earlyblt3217.jpg,early_blight,irish
D:\Potato\IrishPotato37G_full\lateblt\lateblt2735.jpg,late_blight,irish
D:\Potato\IrishPotato37G_full\lateblt\lateblt2258.jpg,late_blight,irish
D:\Potato\IrishPotato37G_full\earlyblt\earlyblt2304.jpg,early_blight,irish
D:\Potato\IrishPotato37G_full\healthy\healthy742.jpg,healthy,irish
D:\Potato\IrishPotato37G_full\lateblt\lateblt2016.jpg,late_blight,irish
D:\Potato\IrishPotato37G_full\healthy\healthy1241.jpg,healthy,irish
D:\Potato\IrishPotato37G_full\healthy\healthy3366.jpg,healthy,irish
D:\Potato\IrishPotato37G_full\earlyblt\earlyblt6097.jpg,early_blight,irish
D:\Potato\IrishPotato37G_full\healthy\healthy3768.jpg,healthy,irish
D:\Potato\IrishPotato37G_full\earlyblt\earlyblt2871.jpg,early_blight,irish
D:\Potato\IrishPotato37G_full\earlyblt\earlyblt1945.jpg,early_blight,irish
D:\Potato\IrishPotato37G_full\lateblt\lateblt1982.jpg,late_blight,irish
D:\Potato\IrishPotato37G_full\healthy\healthy891.jpg,healthy,irish
D:\Potato\IrishPotato37G_full\lateblt\lateblt1379.jpg,late_blight,irish
D:\Potato\IrishPotato37G_full\lateblt\lateblt2009.jpg,late_blight,irish
D:\Potato\IrishPotato37G_full\lateblt\lateblt2205.jpg,late_blight,irish
D:\Potato\IrishPotato37G_full\earlyblt\earlyblt4902.jpg,early_blight,irish
D:\Potato\IrishPotato37G_full\earlyblt\earlyblt1167.jpg,early_blight,irish
D:\Potato\IrishPotato37G_full\earlyblt\earlyblt2353.jpg,early_blight,irish
D:\Potato\IrishPotato37G_full\lateblt\lateblt1953.jpg,late_blight,irish
D:\Potato\IrishPotato37G_full\healthy\healthy614.jpg,healthy,irish
D:\Potato\IrishPotato37G_full\lateblt\lateblt2406.jpg,late_blight,irish
D:\Potato\IrishPotato37G_full\earlyblt\earlyblt993.jpg,early_blight,irish
D:\Potato\IrishPotato37G_full\healthy\healthy4097.jpg,healthy,irish
D:\Potato\IrishPotato37G_full\earlyblt\earlyblt2173.jpg,early_blight,irish
D:\Potato\IrishPotato37G_full\lateblt\lateblt5038.jpg,late_blight,irish
D:\Potato\IrishPotato37G_full\earlyblt\earlyblt381.jpg,early_blight,irish
D:\Potato\IrishPotato37G_full\healthy\healthy2887.jpg,healthy,irish
D:\Potato\IrishPotato37G_full\earlyblt\earlyblt1796.jpg,early_blight,irish
D:\Potato\IrishPotato37G_full\earlyblt\earlyblt219.jpg,early_blight,irish
D:\Potato\IrishPotato37G_full\earlyblt\earlyblt3873.jpg,early_blight,irish
D:\Potato\IrishPotato37G_full\lateblt\lateblt1398.jpg,late_blight,irish
D:\Potato\IrishPotato37G_full\earlyblt\earlyblt2717.jpg,early_blight,irish
D:\Potato\IrishPotato37G_full\lateblt\lateblt1690.jpg,late_blight,irish
D:\Potato\IrishPotato37G_full\earlyblt\earlyblt7007.jpg,early_blight,irish
D:\Potato\IrishPotato37G_full\lateblt\lateblt2057.jpg,late_blight,irish
D:\Potato\IrishPotato37G_full\lateblt\lateblt1350.jpg,late_blight,irish
D:\Potato\IrishPotato37G_full\healthy\healthy3604.jpg,healthy,irish
D:\Potato\IrishPotato37G_full\healthy\healthy2592.jpg,healthy,irish
D:\Potato\IrishPotato37G_full\earlyblt\earlyblt1772.jpg,early_blight,irish
D:\Potato\IrishPotato37G_full\lateblt\lateblt2792.jpg,late_blight,irish
D:\Potato\IrishPotato37G_full\earlyblt\earlyblt6966.jpg,early_blight,irish
D:\Potato\IrishPotato37G_full\earlyblt\earlyblt2765.jpg,early_blight,irish
D:\Potato\IrishPotato37G_full\lateblt\lateblt490.jpg,late_blight,irish
D:\Potato\IrishPotato37G_full\lateblt\lateblt2130.jpg,late_blight,irish
D:\Potato\IrishPotato37G_full\earlyblt\earlyblt176.jpg,early_blight,irish
D:\Potato\IrishPotato37G_full\earlyblt\earlyblt336.jpg,early_blight,irish
D:\Potato\IrishPotato37G_full\lateblt\lateblt642.jpg,late_blight,irish
D:\Potato\IrishPotato37G_full\lateblt\lateblt2877.jpg,late_blight,irish
D:\Potato\IrishPotato37G_full\earlyblt\earlyblt412.jpg,early_blight,irish
D:\Potato\IrishPotato37G_full\earlyblt\earlyblt3103.jpg,early_blight,irish
D:\Potato\IrishPotato37G_full\lateblt\lateblt2161.jpg,late_blight,irish
D:\Potato\IrishPotato37G_full\lateblt\lateblt40.jpg,late_blight,irish
D:\Potato\IrishPotato37G_full\earlyblt\earlyblt426.jpg,early_blight,irish
D:\Potato\non_leaf\coco_person\000000002299.jpg,non_leaf,coco_person
D:\Potato\IrishPotato37G_full\healthy\healthy995.jpg,healthy,irish
D:\Potato\IrishPotato37G_full\healthy\healthy2831.jpg,healthy,irish
D:\Potato\IrishPotato37G_full\lateblt\lateblt555.jpg,late_blight,irish
D:\Potato\IrishPotato37G_full\lateblt\lateblt192.jpg,late_blight,irish
D:\Potato\IrishPotato37G_full\healthy\healthy2388.jpg,healthy,irish
D:\Potato\non_leaf\coco_person\000000570539.jpg,non_leaf,coco_person
D:\Potato\IrishPotato37G_full\healthy\healthy2350.jpg,healthy,irish
D:\Potato\IrishPotato37G_full\earlyblt\earlyblt6696.jpg,early_blight,irish
D:\Potato\IrishPotato37G_full\lateblt\lateblt469.jpg,late_blight,irish
D:\Potato\IrishPotato37G_full\earlyblt\earlyblt1711.jpg,early_blight,irish
D:\Potato\IrishPotato37G_full\lateblt\lateblt1943.jpg,late_blight,irish
D:\Potato\IrishPotato37G_full\lateblt\lateblt758.jpg,late_blight,irish
D:\Potato\IrishPotato37G_full\lateblt\lateblt256.jpg,late_blight,irish
D:\Potato\IrishPotato37G_full\lateblt\lateblt2106.jpg,late_blight,irish
D:\Potato\non_leaf\coco_person\000000001296.jpg,non_leaf,coco_person
D:\Potato\IrishPotato37G_full\healthy\healthy3061.jpg,healthy,irish
D:\Potato\non_leaf\coco_person\000000153527.jpg,non_leaf,coco_person
D:\Potato\IrishPotato37G_full\healthy\healthy634.jpg,healthy,irish
D:\Potato\IrishPotato37G_full\healthy\healthy2476.jpg,healthy,irish
D:\Potato\IrishPotato37G_full\lateblt\lateblt653.jpg,late_blight,irish
D:\Potato\IrishPotato37G_full\lateblt\lateblt539.jpg,late_blight,irish
D:\Potato\IrishPotato37G_full\earlyblt\earlyblt1009.jpg,early_blight,irish
D:\Potato\IrishPotato37G_full\lateblt\lateblt903.jpg,late_blight,irish
D:\Potato\IrishPotato37G_full\lateblt\lateblt894.jpg,late_blight,irish
D:\Potato\IrishPotato37G_full\lateblt\lateblt1562.jpg,late_blight,irish
D:\Potato\IrishPotato37G_full\earlyblt\earlyblt3920.jpg,early_blight,irish
D:\Potato\non_leaf\coco_person\000000188296.jpg,non_leaf,coco_person
D:\Potato\non_leaf\coco_person\000000530854.jpg,non_leaf,coco_person
D:\Potato\IrishPotato37G_full\healthy\healthy823.jpg,healthy,irish
D:\Potato\IrishPotato37G_full\earlyblt\earlyblt2551.jpg,early_blight,irish
D:\Potato\IrishPotato37G_full\lateblt\lateblt1115.jpg,late_blight,irish
D:\Potato\IrishPotato37G_full\earlyblt\earlyblt2876.jpg,early_blight,irish
D:\Potato\IrishPotato37G_full\earlyblt\earlyblt2332.jpg,early_blight,irish
D:\Potato\IrishPotato37G_full\lateblt\lateblt114.jpg,late_blight,irish
D:\Potato\IrishPotato37G_full\healthy\healthy4714.jpg,healthy,irish
D:\Potato\IrishPotato37G_full\lateblt\lateblt2506.jpg,late_blight,irish
D:\Potato\IrishPotato37G_full\healthy\healthy1508.jpg,healthy,irish
D:\Potato\IrishPotato37G_full\healthy\healthy2100.jpg,healthy,irish
D:\Potato\IrishPotato37G_full\earlyblt\earlyblt5884.jpg,early_blight,irish
D:\Potato\IrishPotato37G_full\earlyblt\earlyblt6229.jpg,early_blight,irish
D:\Potato\IrishPotato37G_full\healthy\healthy4965.jpg,healthy,irish
D:\Potato\IrishPotato37G_full\lateblt\lateblt272.jpg,late_blight,irish
D:\Potato\IrishPotato37G_full\lateblt\lateblt1116.jpg,late_blight,irish
D:\Potato\IrishPotato37G_full\lateblt\lateblt2624.jpg,late_blight,irish
D:\Potato\IrishPotato37G_full\healthy\healthy912.jpg,healthy,irish
D:\Potato\IrishPotato37G_full\lateblt\lateblt2232.jpg,late_blight,irish
D:\Potato\IrishPotato37G_full\healthy\healthy4722.jpg,healthy,irish
D:\Potato\IrishPotato37G_full\lateblt\lateblt2229.jpg,late_blight,irish
D:\Potato\IrishPotato37G_full\lateblt\lateblt230.jpg,late_blight,irish
D:\Potato\IrishPotato37G_full\healthy\healthy4656.jpg,healthy,irish
D:\Potato\IrishPotato37G_full\lateblt\lateblt521.jpg,late_blight,irish
D:\Potato\non_leaf\coco_person\000000014226.jpg,non_leaf,coco_person
D:\Potato\IrishPotato37G_full\earlyblt\earlyblt3591.jpg,early_blight,irish
D:\Potato\IrishPotato37G_full\earlyblt\earlyblt810.jpg,early_blight,irish
D:\Potato\IrishPotato37G_full\lateblt\lateblt580.jpg,late_blight,irish
D:\Potato\IrishPotato37G_full\earlyblt\earlyblt249.jpg,early_blight,irish
D:\Potato\IrishPotato37G_full\healthy\healthy3435.jpg,healthy,irish
D:\Potato\IrishPotato37G_full\healthy\healthy2079.jpg,healthy,irish
D:\Potato\IrishPotato37G_full\healthy\healthy3168.jpg,healthy,irish
D:\Potato\IrishPotato37G_full\earlyblt\earlyblt1024.jpg,early_blight,irish
D:\Potato\IrishPotato37G_full\lateblt\lateblt1118.jpg,late_blight,irish
D:\Potato\IrishPotato37G_full\earlyblt\earlyblt3206.jpg,early_blight,irish
D:\Potato\IrishPotato37G_full\earlyblt\earlyblt156.jpg,early_blight,irish
D:\Potato\IrishPotato37G_full\lateblt\lateblt2762.jpg,late_blight,irish
D:\Potato\IrishPotato37G_full\earlyblt\earlyblt4687.jpg,early_blight,irish
D:\Potato\IrishPotato37G_full\earlyblt\earlyblt2235.jpg,early_blight,irish
D:\Potato\IrishPotato37G_full\lateblt\lateblt2038.jpg,late_blight,irish
D:\Potato\IrishPotato37G_full\lateblt\lateblt2475.jpg,late_blight,irish
D:\Potato\IrishPotato37G_full\healthy\healthy3173.jpg,healthy,irish
D:\Potato\IrishPotato37G_full\lateblt\lateblt2025.jpg,late_blight,irish
D:\Potato\IrishPotato37G_full\earlyblt\earlyblt2997.jpg,early_blight,irish
D:\Potato\IrishPotato37G_full\lateblt\lateblt2086.jpg,late_blight,irish
D:\Potato\IrishPotato37G_full\lateblt\lateblt538.jpg,late_blight,irish
D:\Potato\IrishPotato37G_full\healthy\healthy2279.jpg,healthy,irish
D:\Potato\IrishPotato37G_full\lateblt\lateblt270.jpg,late_blight,irish
D:\Potato\IrishPotato37G_full\lateblt\lateblt1542.jpg,late_blight,irish
D:\Potato\IrishPotato37G_full\lateblt\lateblt2058.jpg,late_blight,irish
D:\Potato\IrishPotato37G_full\earlyblt\earlyblt1086.jpg,early_blight,irish
D:\Potato\IrishPotato37G_full\earlyblt\earlyblt6376.jpg,early_blight,irish
D:\Potato\IrishPotato37G_full\healthy\healthy43.jpg,healthy,irish
D:\Potato\IrishPotato37G_full\earlyblt\earlyblt1160.jpg,early_blight,irish
D:\Potato\IrishPotato37G_full\lateblt\lateblt771.jpg,late_blight,irish
D:\Potato\IrishPotato37G_full\earlyblt\earlyblt233.jpg,early_blight,irish
D:\Potato\IrishPotato37G_full\lateblt\lateblt2140.jpg,late_blight,irish
D:\Potato\IrishPotato37G_full\lateblt\lateblt1962.jpg,late_blight,irish
D:\Potato\IrishPotato37G_full\healthy\healthy3048.jpg,healthy,irish
D:\Potato\IrishPotato37G_full\lateblt\lateblt2843.jpg,late_blight,irish
D:\Potato\IrishPotato37G_full\earlyblt\earlyblt3556.jpg,early_blight,irish
D:\Potato\IrishPotato37G_full\healthy\healthy3196.jpg,healthy,irish
D:\Potato\IrishPotato37G_full\lateblt\lateblt2888.jpg,late_blight,irish
D:\Potato\IrishPotato37G_full\lateblt\lateblt167.jpg,late_blight,irish
D:\Potato\IrishPotato37G_full\healthy\healthy3134.jpg,healthy,irish
D:\Potato\IrishPotato37G_full\healthy\healthy2874.jpg,healthy,irish
D:\Potato\IrishPotato37G_full\earlyblt\earlyblt1709.jpg,early_blight,irish
D:\Potato\IrishPotato37G_full\healthy\healthy2995.jpg,healthy,irish
D:\Potato\IrishPotato37G_full\lateblt\lateblt2589.jpg,late_blight,irish
D:\Potato\IrishPotato37G_full\healthy\healthy3054.jpg,healthy,irish
D:\Potato\IrishPotato37G_full\lateblt\lateblt2714.jpg,late_blight,irish
D:\Potato\IrishPotato37G_full\lateblt\lateblt777.jpg,late_blight,irish
D:\Potato\IrishPotato37G_full\healthy\healthy1197.jpg,healthy,irish
D:\Potato\IrishPotato37G_full\healthy\healthy3043.jpg,healthy,irish
D:\Potato\IrishPotato37G_full\lateblt\lateblt2173.jpg,late_blight,irish
D:\Potato\IrishPotato37G_full\lateblt\lateblt858.jpg,late_blight,irish
D:\Potato\IrishPotato37G_full\earlyblt\earlyblt2254.jpg,early_blight,irish
D:\Potato\IrishPotato37G_full\lateblt\lateblt2629.jpg,late_blight,irish
D:\Potato\IrishPotato37G_full\lateblt\lateblt2763.jpg,late_blight,irish
D:\Potato\IrishPotato37G_full\earlyblt\earlyblt854.jpg,early_blight,irish
D:\Potato\IrishPotato37G_full\lateblt\lateblt2856.jpg,late_blight,irish
D:\Potato\IrishPotato37G_full\earlyblt\earlyblt2880.jpg,early_blight,irish
D:\Potato\IrishPotato37G_full\lateblt\lateblt1617.jpg,late_blight,irish
D:\Potato\IrishPotato37G_full\earlyblt\earlyblt4678.jpg,early_blight,irish
D:\Potato\IrishPotato37G_full\lateblt\lateblt417.jpg,late_blight,irish
D:\Potato\IrishPotato37G_full\lateblt\lateblt612.jpg,late_blight,irish
D:\Potato\IrishPotato37G_full\healthy\healthy1645.jpg,healthy,irish
D:\Potato\IrishPotato37G_full\lateblt\lateblt568.jpg,late_blight,irish
D:\Potato\IrishPotato37G_full\lateblt\lateblt756.jpg,late_blight,irish
D:\Potato\IrishPotato37G_full\lateblt\lateblt1173.jpg,late_blight,irish
D:\Potato\IrishPotato37G_full\lateblt\lateblt117.jpg,late_blight,irish
D:\Potato\IrishPotato37G_full\healthy\healthy2171.jpg,healthy,irish
D:\Potato\IrishPotato37G_full\lateblt\lateblt716.jpg,late_blight,irish
D:\Potato\IrishPotato37G_full\lateblt\lateblt801.jpg,late_blight,irish
D:\Potato\IrishPotato37G_full\healthy\healthy4289.jpg,healthy,irish
D:\Potato\IrishPotato37G_full\earlyblt\earlyblt1847.jpg,early_blight,irish
D:\Potato\IrishPotato37G_full\lateblt\lateblt416.jpg,late_blight,irish
D:\Potato\IrishPotato37G_full\healthy\healthy4096.jpg,healthy,irish
D:\Potato\IrishPotato37G_full\earlyblt\earlyblt4872.jpg,early_blight,irish
D:\Potato\IrishPotato37G_full\earlyblt\earlyblt3786.jpg,early_blight,irish
D:\Potato\IrishPotato37G_full\lateblt\lateblt2070.jpg,late_blight,irish
D:\Potato\IrishPotato37G_full\healthy\healthy1405.jpg,healthy,irish
D:\Potato\IrishPotato37G_full\earlyblt\earlyblt2601.jpg,early_blight,irish
D:\Potato\IrishPotato37G_full\healthy\healthy148.jpg,healthy,irish
D:\Potato\IrishPotato37G_full\lateblt\lateblt501.jpg,late_blight,irish
D:\Potato\IrishPotato37G_full\earlyblt\earlyblt945.jpg,early_blight,irish
D:\Potato\IrishPotato37G_full\healthy\healthy1329.jpg,healthy,irish
D:\Potato\non_leaf\coco_person\000000439525.jpg,non_leaf,coco_person
D:\Potato\IrishPotato37G_full\earlyblt\earlyblt3742.jpg,early_blight,irish
D:\Potato\IrishPotato37G_full\healthy\healthy4182.jpg,healthy,irish
D:\Potato\IrishPotato37G_full\lateblt\lateblt2524.jpg,late_blight,irish
D:\Potato\IrishPotato37G_full\healthy\healthy1398.jpg,healthy,irish
D:\Potato\IrishPotato37G_full\earlyblt\earlyblt3789.jpg,early_blight,irish
D:\Potato\IrishPotato37G_full\earlyblt\earlyblt2056.jpg,early_blight,irish
D:\Potato\IrishPotato37G_full\healthy\healthy2569.jpg,healthy,irish
D:\Potato\IrishPotato37G_full\lateblt\lateblt2702.jpg,late_blight,irish
D:\Potato\IrishPotato37G_full\lateblt\lateblt1195.jpg,late_blight,irish
D:\Potato\IrishPotato37G_full\healthy\healthy721.jpg,healthy,irish
D:\Potato\IrishPotato37G_full\lateblt\lateblt1373.jpg,late_blight,irish
D:\Potato\IrishPotato37G_full\healthy\healthy2132.jpg,healthy,irish
D:\Potato\IrishPotato37G_full\healthy\healthy3561.jpg,healthy,irish
D:\Potato\IrishPotato37G_full\lateblt\lateblt915.jpg,late_blight,irish
D:\Potato\IrishPotato37G_full\healthy\healthy5485.jpg,healthy,irish
D:\Potato\IrishPotato37G_full\lateblt\lateblt2154.jpg,late_blight,irish
D:\Potato\IrishPotato37G_full\lateblt\lateblt1998.jpg,late_blight,irish
D:\Potato\IrishPotato37G_full\earlyblt\earlyblt851.jpg,early_blight,irish
D:\Potato\IrishPotato37G_full\earlyblt\earlyblt3851.jpg,early_blight,irish
D:\Potato\IrishPotato37G_full\earlyblt\earlyblt6675.jpg,early_blight,irish
D:\Potato\IrishPotato37G_full\lateblt\lateblt2271.jpg,late_blight,irish
D:\Potato\IrishPotato37G_full\lateblt\lateblt1535.jpg,late_blight,irish
D:\Potato\IrishPotato37G_full\healthy\healthy4731.jpg,healthy,irish
D:\Potato\non_leaf\coco_person\000000460333.jpg,non_leaf,coco_person
D:\Potato\IrishPotato37G_full\healthy\healthy1328.jpg,healthy,irish
D:\Potato\non_leaf\coco_person\000000094751.jpg,non_leaf,coco_person
D:\Potato\IrishPotato37G_full\earlyblt\earlyblt1120.jpg,early_blight,irish
D:\Potato\IrishPotato37G_full\healthy\healthy1522.jpg,healthy,irish
D:\Potato\IrishPotato37G_full\lateblt\lateblt2197.jpg,late_blight,irish
D:\Potato\IrishPotato37G_full\earlyblt\earlyblt1903.jpg,early_blight,irish
D:\Potato\IrishPotato37G_full\earlyblt\earlyblt832.jpg,early_blight,irish
D:\Potato\IrishPotato37G_full\lateblt\lateblt5033.jpg,late_blight,irish
D:\Potato\IrishPotato37G_full\earlyblt\earlyblt3453.jpg,early_blight,irish
D:\Potato\IrishPotato37G_full\healthy\healthy829.jpg,healthy,irish
D:\Potato\IrishPotato37G_full\earlyblt\earlyblt2059.jpg,early_blight,irish
D:\Potato\IrishPotato37G_full\healthy\healthy1403.jpg,healthy,irish
D:\Potato\IrishPotato37G_full\earlyblt\earlyblt1021.jpg,early_blight,irish
D:\Potato\IrishPotato37G_full\lateblt\lateblt1649.jpg,late_blight,irish
D:\Potato\IrishPotato37G_full\earlyblt\earlyblt6475.jpg,early_blight,irish
D:\Potato\IrishPotato37G_full\healthy\healthy3429.jpg,healthy,irish
D:\Potato\IrishPotato37G_full\lateblt\lateblt855.jpg,late_blight,irish
D:\Potato\IrishPotato37G_full\lateblt\lateblt1526.jpg,late_blight,irish
D:\Potato\IrishPotato37G_full\healthy\healthy3674.jpg,healthy,irish
D:\Potato\IrishPotato37G_full\healthy\healthy3472.jpg,healthy,irish
D:\Potato\IrishPotato37G_full\earlyblt\earlyblt3800.jpg,early_blight,irish
D:\Potato\IrishPotato37G_full\healthy\healthy1313.jpg,healthy,irish
D:\Potato\IrishPotato37G_full\earlyblt\earlyblt6367.jpg,early_blight,irish
D:\Potato\IrishPotato37G_full\healthy\healthy1453.jpg,healthy,irish
D:\Potato\IrishPotato37G_full\lateblt\lateblt103.jpg,late_blight,irish
D:\Potato\IrishPotato37G_full\lateblt\lateblt871.jpg,late_blight,irish
D:\Potato\IrishPotato37G_full\healthy\healthy2930.jpg,healthy,irish
D:\Potato\IrishPotato37G_full\healthy\healthy3044.jpg,healthy,irish
D:\Potato\IrishPotato37G_full\lateblt\lateblt2482.jpg,late_blight,irish
D:\Potato\IrishPotato37G_full\lateblt\lateblt282.jpg,late_blight,irish
D:\Potato\IrishPotato37G_full\earlyblt\earlyblt2951.jpg,early_blight,irish
D:\Potato\IrishPotato37G_full\earlyblt\earlyblt6939.jpg,early_blight,irish
D:\Potato\IrishPotato37G_full\earlyblt\earlyblt3422.jpg,early_blight,irish
D:\Potato\IrishPotato37G_full\lateblt\lateblt746.jpg,late_blight,irish
D:\Potato\IrishPotato37G_full\lateblt\lateblt2951.jpg,late_blight,irish
D:\Potato\IrishPotato37G_full\lateblt\lateblt85.jpg,late_blight,irish
D:\Potato\IrishPotato37G_full\healthy\healthy3950.jpg,healthy,irish
D:\Potato\IrishPotato37G_full\lateblt\lateblt1582.jpg,late_blight,irish
D:\Potato\IrishPotato37G_full\healthy\healthy1766.jpg,healthy,irish
D:\Potato\IrishPotato37G_full\healthy\healthy4044.jpg,healthy,irish
D:\Potato\IrishPotato37G_full\earlyblt\earlyblt3861.jpg,early_blight,irish
D:\Potato\IrishPotato37G_full\earlyblt\earlyblt4941.jpg,early_blight,irish
D:\Potato\IrishPotato37G_full\healthy\healthy4232.jpg,healthy,irish
D:\Potato\IrishPotato37G_full\lateblt\lateblt1957.jpg,late_blight,irish
D:\Potato\IrishPotato37G_full\lateblt\lateblt2466.jpg,late_blight,irish
D:\Potato\IrishPotato37G_full\healthy\healthy2950.jpg,healthy,irish
D:\Potato\IrishPotato37G_full\lateblt\lateblt1558.jpg,late_blight,irish
D:\Potato\IrishPotato37G_full\earlyblt\earlyblt3057.jpg,early_blight,irish
D:\Potato\IrishPotato37G_full\lateblt\lateblt2245.jpg,late_blight,irish
D:\Potato\IrishPotato37G_full\earlyblt\earlyblt6353.jpg,early_blight,irish
D:\Potato\IrishPotato37G_full\earlyblt\earlyblt711.jpg,early_blight,irish
D:\Potato\IrishPotato37G_full\earlyblt\earlyblt2660.jpg,early_blight,irish
D:\Potato\IrishPotato37G_full\lateblt\lateblt1927.jpg,late_blight,irish
D:\Potato\IrishPotato37G_full\healthy\healthy3392.jpg,healthy,irish
D:\Potato\IrishPotato37G_full\lateblt\lateblt634.jpg,late_blight,irish
D:\Potato\IrishPotato37G_full\lateblt\lateblt2074.jpg,late_blight,irish
D:\Potato\IrishPotato37G_full\lateblt\lateblt1366.jpg,late_blight,irish
D:\Potato\IrishPotato37G_full\healthy\healthy3404.jpg,healthy,irish
D:\Potato\IrishPotato37G_full\healthy\healthy3432.jpg,healthy,irish
D:\Potato\IrishPotato37G_full\healthy\healthy4811.jpg,healthy,irish
D:\Potato\IrishPotato37G_full\earlyblt\earlyblt895.jpg,early_blight,irish
D:\Potato\IrishPotato37G_full\lateblt\lateblt598.jpg,late_blight,irish
D:\Potato\IrishPotato37G_full\earlyblt\earlyblt2068.jpg,early_blight,irish
D:\Potato\IrishPotato37G_full\earlyblt\earlyblt2182.jpg,early_blight,irish
D:\Potato\IrishPotato37G_full\lateblt\lateblt1642.jpg,late_blight,irish
D:\Potato\IrishPotato37G_full\healthy\healthy559.jpg,healthy,irish
D:\Potato\IrishPotato37G_full\healthy\healthy796.jpg,healthy,irish
D:\Potato\IrishPotato37G_full\earlyblt\earlyblt301.jpg,early_blight,irish
D:\Potato\IrishPotato37G_full\lateblt\lateblt2423.jpg,late_blight,irish
D:\Potato\IrishPotato37G_full\lateblt\lateblt541.jpg,late_blight,irish
D:\Potato\IrishPotato37G_full\lateblt\lateblt2693.jpg,late_blight,irish
D:\Potato\IrishPotato37G_full\lateblt\lateblt5009.jpg,late_blight,irish
D:\Potato\IrishPotato37G_full\healthy\healthy5487.jpg,healthy,irish
D:\Potato\IrishPotato37G_full\lateblt\lateblt5061.jpg,late_blight,irish
D:\Potato\IrishPotato37G_full\lateblt\lateblt5031.jpg,late_blight,irish
D:\Potato\IrishPotato37G_full\healthy\healthy187.jpg,healthy,irish
D:\Potato\IrishPotato37G_full\lateblt\lateblt184.jpg,late_blight,irish
D:\Potato\IrishPotato37G_full\healthy\healthy3343.jpg,healthy,irish
D:\Potato\IrishPotato37G_full\earlyblt\earlyblt4779.jpg,early_blight,irish
D:\Potato\IrishPotato37G_full\healthy\healthy3458.jpg,healthy,irish
D:\Potato\IrishPotato37G_full\healthy\healthy2776.jpg,healthy,irish
D:\Potato\IrishPotato37G_full\healthy\healthy1659.jpg,healthy,irish
D:\Potato\IrishPotato37G_full\earlyblt\earlyblt2102.jpg,early_blight,irish
D:\Potato\IrishPotato37G_full\lateblt\lateblt1958.jpg,late_blight,irish
D:\Potato\IrishPotato37G_full\healthy\healthy4735.jpg,healthy,irish
D:\Potato\IrishPotato37G_full\earlyblt\earlyblt6407.jpg,early_blight,irish
D:\Potato\non_leaf\coco_person\000000456662.jpg,non_leaf,coco_person
D:\Potato\IrishPotato37G_full\healthy\healthy757.jpg,healthy,irish
D:\Potato\IrishPotato37G_full\earlyblt\earlyblt6995.jpg,early_blight,irish
D:\Potato\IrishPotato37G_full\healthy\healthy5473.jpg,healthy,irish
D:\Potato\IrishPotato37G_full\lateblt\lateblt586.jpg,late_blight,irish
D:\Potato\IrishPotato37G_full\lateblt\lateblt2037.jpg,late_blight,irish
D:\Potato\IrishPotato37G_full\lateblt\lateblt1349.jpg,late_blight,irish
D:\Potato\IrishPotato37G_full\earlyblt\earlyblt3838.jpg,early_blight,irish
D:\Potato\IrishPotato37G_full\healthy\healthy3317.jpg,healthy,irish
D:\Potato\IrishPotato37G_full\healthy\healthy607.jpg,healthy,irish
D:\Potato\IrishPotato37G_full\earlyblt\earlyblt719.jpg,early_blight,irish
D:\Potato\IrishPotato37G_full\earlyblt\earlyblt258.jpg,early_blight,irish
D:\Potato\IrishPotato37G_full\healthy\healthy2908.jpg,healthy,irish
D:\Potato\IrishPotato37G_full\healthy\healthy4472.jpg,healthy,irish
D:\Potato\IrishPotato37G_full\lateblt\lateblt2011.jpg,late_blight,irish
D:\Potato\IrishPotato37G_full\healthy\healthy4223.jpg,healthy,irish
D:\Potato\IrishPotato37G_full\healthy\healthy615.jpg,healthy,irish
D:\Potato\IrishPotato37G_full\earlyblt\earlyblt6494.jpg,early_blight,irish
D:\Potato\IrishPotato37G_full\earlyblt\earlyblt125.jpg,early_blight,irish
D:\Potato\non_leaf\coco_person\000000266981.jpg,non_leaf,coco_person
D:\Potato\IrishPotato37G_full\earlyblt\earlyblt6693.jpg,early_blight,irish
D:\Potato\IrishPotato37G_full\earlyblt\earlyblt3764.jpg,early_blight,irish
D:\Potato\IrishPotato37G_full\earlyblt\earlyblt1161.jpg,early_blight,irish
D:\Potato\IrishPotato37G_full\healthy\healthy716.jpg,healthy,irish
D:\Potato\IrishPotato37G_full\lateblt\lateblt2801.jpg,late_blight,irish
D:\Potato\IrishPotato37G_full\healthy\healthy3649.jpg,healthy,irish
D:\Potato\IrishPotato37G_full\earlyblt\earlyblt2690.jpg,early_blight,irish
D:\Potato\IrishPotato37G_full\earlyblt\earlyblt4960.jpg,early_blight,irish
D:\Potato\IrishPotato37G_full\earlyblt\earlyblt6793.jpg,early_blight,irish
D:\Potato\IrishPotato37G_full\healthy\healthy1435.jpg,healthy,irish
D:\Potato\IrishPotato37G_full\lateblt\lateblt72.jpg,late_blight,irish
D:\Potato\IrishPotato37G_full\lateblt\lateblt963.jpg,late_blight,irish
D:\Potato\IrishPotato37G_full\earlyblt\earlyblt234.jpg,early_blight,irish
D:\Potato\IrishPotato37G_full\earlyblt\earlyblt2609.jpg,early_blight,irish
D:\Potato\IrishPotato37G_full\earlyblt\earlyblt3972.jpg,early_blight,irish
D:\Potato\IrishPotato37G_full\earlyblt\earlyblt6239.jpg,early_blight,irish
D:\Potato\IrishPotato37G_full\earlyblt\earlyblt3501.jpg,early_blight,irish
D:\Potato\IrishPotato37G_full\healthy\healthy1377.jpg,healthy,irish
D:\Potato\IrishPotato37G_full\lateblt\lateblt2210.jpg,late_blight,irish
D:\Potato\IrishPotato37G_full\lateblt\lateblt2834.jpg,late_blight,irish
D:\Potato\IrishPotato37G_full\healthy\healthy3110.jpg,healthy,irish
D:\Potato\IrishPotato37G_full\healthy\healthy2717.jpg,healthy,irish
D:\Potato\IrishPotato37G_full\earlyblt\earlyblt396.jpg,early_blight,irish
D:\Potato\IrishPotato37G_full\earlyblt\earlyblt6090.jpg,early_blight,irish
D:\Potato\IrishPotato37G_full\healthy\healthy4746.jpg,healthy,irish
D:\Potato\IrishPotato37G_full\healthy\healthy3660.jpg,healthy,irish
D:\Potato\IrishPotato37G_full\healthy\healthy1205.jpg,healthy,irish
D:\Potato\IrishPotato37G_full\healthy\healthy2905.jpg,healthy,irish
D:\Potato\non_leaf\coco_person\000000447314.jpg,non_leaf,coco_person
D:\Potato\IrishPotato37G_full\healthy\healthy1239.jpg,healthy,irish
D:\Potato\IrishPotato37G_full\earlyblt\earlyblt929.jpg,early_blight,irish
D:\Potato\IrishPotato37G_full\lateblt\lateblt1376.jpg,late_blight,irish
D:\Potato\IrishPotato37G_full\lateblt\lateblt1995.jpg,late_blight,irish
D:\Potato\IrishPotato37G_full\lateblt\lateblt216.jpg,late_blight,irish
D:\Potato\non_leaf\coco_person\000000066706.jpg,non_leaf,coco_person
D:\Potato\IrishPotato37G_full\earlyblt\earlyblt2507.jpg,early_blight,irish
D:\Potato\IrishPotato37G_full\lateblt\lateblt2536.jpg,late_blight,irish
D:\Potato\IrishPotato37G_full\lateblt\lateblt2859.jpg,late_blight,irish
D:\Potato\IrishPotato37G_full\earlyblt\earlyblt3189.jpg,early_blight,irish
D:\Potato\IrishPotato37G_full\earlyblt\earlyblt2686.jpg,early_blight,irish
D:\Potato\IrishPotato37G_full\healthy\healthy5143.jpg,healthy,irish
D:\Potato\IrishPotato37G_full\lateblt\lateblt2132.jpg,late_blight,irish
D:\Potato\IrishPotato37G_full\healthy\healthy1443.jpg,healthy,irish
D:\Potato\IrishPotato37G_full\lateblt\lateblt1606.jpg,late_blight,irish
D:\Potato\IrishPotato37G_full\lateblt\lateblt2756.jpg,late_blight,irish
D:\Potato\IrishPotato37G_full\healthy\healthy3473.jpg,healthy,irish
D:\Potato\IrishPotato37G_full\lateblt\lateblt1560.jpg,late_blight,irish
D:\Potato\IrishPotato37G_full\earlyblt\earlyblt3237.jpg,early_blight,irish
D:\Potato\IrishPotato37G_full\earlyblt\earlyblt3081.jpg,early_blight,irish
D:\Potato\IrishPotato37G_full\healthy\healthy3144.jpg,healthy,irish
D:\Potato\IrishPotato37G_full\healthy\healthy2438.jpg,healthy,irish
D:\Potato\IrishPotato37G_full\earlyblt\earlyblt6679.jpg,early_blight,irish
D:\Potato\IrishPotato37G_full\earlyblt\earlyblt6615.jpg,early_blight,irish
D:\Potato\IrishPotato37G_full\earlyblt\earlyblt2191.jpg,early_blight,irish
D:\Potato\IrishPotato37G_full\lateblt\lateblt2047.jpg,late_blight,irish
D:\Potato\IrishPotato37G_full\lateblt\lateblt2824.jpg,late_blight,irish
D:\Potato\IrishPotato37G_full\healthy\healthy2239.jpg,healthy,irish
D:\Potato\IrishPotato37G_full\earlyblt\earlyblt4823.jpg,early_blight,irish
D:\Potato\non_leaf\coco_person\000000568213.jpg,non_leaf,coco_person
D:\Potato\IrishPotato37G_full\lateblt\lateblt875.jpg,late_blight,irish
D:\Potato\IrishPotato37G_full\healthy\healthy5164.jpg,healthy,irish
D:\Potato\IrishPotato37G_full\earlyblt\earlyblt2456.jpg,early_blight,irish
D:\Potato\IrishPotato37G_full\earlyblt\earlyblt916.jpg,early_blight,irish
D:\Potato\non_leaf\coco_person\000000490171.jpg,non_leaf,coco_person
D:\Potato\IrishPotato37G_full\healthy\healthy807.jpg,healthy,irish
D:\Potato\IrishPotato37G_full\earlyblt\earlyblt2614.jpg,early_blight,irish
D:\Potato\IrishPotato37G_full\earlyblt\earlyblt2015.jpg,early_blight,irish
D:\Potato\IrishPotato37G_full\earlyblt\earlyblt6352.jpg,early_blight,irish
D:\Potato\IrishPotato37G_full\lateblt\lateblt2932.jpg,late_blight,irish
D:\Potato\IrishPotato37G_full\healthy\healthy3067.jpg,healthy,irish
D:\Potato\IrishPotato37G_full\lateblt\lateblt30.jpg,late_blight,irish
D:\Potato\IrishPotato37G_full\earlyblt\earlyblt2104.jpg,early_blight,irish
D:\Potato\IrishPotato37G_full\lateblt\lateblt2612.jpg,late_blight,irish
D:\Potato\non_leaf\coco_person\000000094185.jpg,non_leaf,coco_person
D:\Potato\non_leaf\coco_person\000000089296.jpg,non_leaf,coco_person
D:\Potato\IrishPotato37G_full\lateblt\lateblt5005.jpg,late_blight,irish
D:\Potato\IrishPotato37G_full\earlyblt\earlyblt364.jpg,early_blight,irish
D:\Potato\IrishPotato37G_full\healthy\healthy1208.jpg,healthy,irish
D:\Potato\IrishPotato37G_full\healthy\healthy18.jpg,healthy,irish
D:\Potato\non_leaf\coco_person\000000562207.jpg,non_leaf,coco_person
D:\Potato\IrishPotato37G_full\earlyblt\earlyblt2731.jpg,early_blight,irish
D:\Potato\non_leaf\coco_person\000000448263.jpg,non_leaf,coco_person
D:\Potato\IrishPotato37G_full\lateblt\lateblt194.jpg,late_blight,irish
D:\Potato\IrishPotato37G_full\earlyblt\earlyblt3858.jpg,early_blight,irish
D:\Potato\non_leaf\coco_person\000000035197.jpg,non_leaf,coco_person
D:\Potato\IrishPotato37G_full\healthy\healthy3417.jpg,healthy,irish
D:\Potato\IrishPotato37G_full\healthy\healthy1224.jpg,healthy,irish
D:\Potato\IrishPotato37G_full\earlyblt\earlyblt4776.jpg,early_blight,irish
D:\Potato\IrishPotato37G_full\lateblt\lateblt42.jpg,late_blight,irish
D:\Potato\IrishPotato37G_full\lateblt\lateblt818.jpg,late_blight,irish
D:\Potato\IrishPotato37G_full\earlyblt\earlyblt2451.jpg,early_blight,irish
D:\Potato\IrishPotato37G_full\lateblt\lateblt2863.jpg,late_blight,irish
D:\Potato\IrishPotato37G_full\earlyblt\earlyblt6329.jpg,early_blight,irish
D:\Potato\IrishPotato37G_full\earlyblt\earlyblt4991.jpg,early_blight,irish
D:\Potato\IrishPotato37G_full\lateblt\lateblt5066.jpg,late_blight,irish
D:\Potato\IrishPotato37G_full\lateblt\lateblt693.jpg,late_blight,irish
D:\Potato\IrishPotato37G_full\earlyblt\earlyblt3137.jpg,early_blight,irish
D:\Potato\IrishPotato37G_full\healthy\healthy1529.jpg,healthy,irish
D:\Potato\non_leaf\coco_person\000000369442.jpg,non_leaf,coco_person
D:\Potato\IrishPotato37G_full\lateblt\lateblt100.jpg,late_blight,irish
D:\Potato\IrishPotato37G_full\lateblt\lateblt189.jpg,late_blight,irish
D:\Potato\IrishPotato37G_full\earlyblt\earlyblt1668.jpg,early_blight,irish
D:\Potato\IrishPotato37G_full\earlyblt\earlyblt774.jpg,early_blight,irish
D:\Potato\IrishPotato37G_full\healthy\healthy3573.jpg,healthy,irish
D:\Potato\IrishPotato37G_full\earlyblt\earlyblt6443.jpg,early_blight,irish
D:\Potato\IrishPotato37G_full\healthy\healthy4649.jpg,healthy,irish
D:\Potato\IrishPotato37G_full\healthy\healthy1549.jpg,healthy,irish
D:\Potato\IrishPotato37G_full\healthy\healthy4409.jpg,healthy,irish
D:\Potato\IrishPotato37G_full\earlyblt\earlyblt3913.jpg,early_blight,irish
D:\Potato\IrishPotato37G_full\earlyblt\earlyblt1770.jpg,early_blight,irish
D:\Potato\IrishPotato37G_full\earlyblt\earlyblt408.jpg,early_blight,irish
D:\Potato\IrishPotato37G_full\lateblt\lateblt662.jpg,late_blight,irish
D:\Potato\IrishPotato37G_full\earlyblt\earlyblt708.jpg,early_blight,irish
D:\Potato\IrishPotato37G_full\healthy\healthy2110.jpg,healthy,irish
D:\Potato\IrishPotato37G_full\earlyblt\earlyblt3239.jpg,early_blight,irish
D:\Potato\IrishPotato37G_full\earlyblt\earlyblt1751.jpg,early_blight,irish
D:\Potato\IrishPotato37G_full\healthy\healthy4392.jpg,healthy,irish
D:\Potato\non_leaf\coco_person\000000213605.jpg,non_leaf,coco_person
D:\Potato\IrishPotato37G_full\lateblt\lateblt2285.jpg,late_blight,irish
D:\Potato\IrishPotato37G_full\earlyblt\earlyblt464.jpg,early_blight,irish
D:\Potato\IrishPotato37G_full\healthy\healthy4770.jpg,healthy,irish
D:\Potato\non_leaf\coco_person\000000117645.jpg,non_leaf,coco_person
D:\Potato\IrishPotato37G_full\lateblt\lateblt897.jpg,late_blight,irish
D:\Potato\IrishPotato37G_full\lateblt\lateblt2427.jpg,late_blight,irish
D:\Potato\IrishPotato37G_full\healthy\healthy4885.jpg,healthy,irish
D:\Potato\IrishPotato37G_full\lateblt\lateblt106.jpg,late_blight,irish
D:\Potato\IrishPotato37G_full\healthy\healthy1491.jpg,healthy,irish
D:\Potato\IrishPotato37G_full\healthy\healthy2524.jpg,healthy,irish
D:\Potato\non_leaf\coco_person\000000043314.jpg,non_leaf,coco_person
D:\Potato\IrishPotato37G_full\lateblt\lateblt257.jpg,late_blight,irish
D:\Potato\IrishPotato37G_full\lateblt\lateblt1661.jpg,late_blight,irish
D:\Potato\IrishPotato37G_full\lateblt\lateblt2569.jpg,late_blight,irish
D:\Potato\IrishPotato37G_full\earlyblt\earlyblt2631.jpg,early_blight,irish
D:\Potato\IrishPotato37G_full\earlyblt\earlyblt2084.jpg,early_blight,irish
D:\Potato\IrishPotato37G_full\healthy\healthy970.jpg,healthy,irish
D:\Potato\non_leaf\coco_person\000000412894.jpg,non_leaf,coco_person
D:\Potato\IrishPotato37G_full\healthy\healthy1634.jpg,healthy,irish
D:\Potato\IrishPotato37G_full\healthy\healthy370.jpg,healthy,irish
D:\Potato\IrishPotato37G_full\healthy\healthy1787.jpg,healthy,irish
D:\Potato\IrishPotato37G_full\healthy\healthy4249.jpg,healthy,irish
D:\Potato\IrishPotato37G_full\lateblt\lateblt5035.jpg,late_blight,irish
D:\Potato\IrishPotato37G_full\healthy\healthy2850.jpg,healthy,irish
D:\Potato\IrishPotato37G_full\lateblt\lateblt1395.jpg,late_blight,irish
D:\Potato\IrishPotato37G_full\lateblt\lateblt1139.jpg,late_blight,irish
D:\Potato\IrishPotato37G_full\healthy\healthy5497.jpg,healthy,irish
D:\Potato\IrishPotato37G_full\healthy\healthy2987.jpg,healthy,irish
D:\Potato\IrishPotato37G_full\earlyblt\earlyblt1151.jpg,early_blight,irish
D:\Potato\IrishPotato37G_full\lateblt\lateblt2860.jpg,late_blight,irish
D:\Potato\IrishPotato37G_full\lateblt\lateblt552.jpg,late_blight,irish
D:\Potato\IrishPotato37G_full\lateblt\lateblt238.jpg,late_blight,irish
D:\Potato\IrishPotato37G_full\lateblt\lateblt1178.jpg,late_blight,irish
D:\Potato\IrishPotato37G_full\lateblt\lateblt1564.jpg,late_blight,irish
D:\Potato\IrishPotato37G_full\lateblt\lateblt1392.jpg,late_blight,irish
D:\Potato\IrishPotato37G_full\lateblt\lateblt1545.jpg,late_blight,irish
D:\Potato\IrishPotato37G_full\lateblt\lateblt526.jpg,late_blight,irish
D:\Potato\IrishPotato37G_full\earlyblt\earlyblt2604.jpg,early_blight,irish
D:\Potato\IrishPotato37G_full\lateblt\lateblt578.jpg,late_blight,irish
D:\Potato\IrishPotato37G_full\healthy\healthy3377.jpg,healthy,irish
D:\Potato\IrishPotato37G_full\lateblt\lateblt674.jpg,late_blight,irish
D:\Potato\IrishPotato37G_full\earlyblt\earlyblt936.jpg,early_blight,irish
D:\Potato\IrishPotato37G_full\earlyblt\earlyblt6290.jpg,early_blight,irish
D:\Potato\IrishPotato37G_full\earlyblt\earlyblt3878.jpg,early_blight,irish
D:\Potato\IrishPotato37G_full\earlyblt\earlyblt3946.jpg,early_blight,irish
D:\Potato\IrishPotato37G_full\earlyblt\earlyblt212.jpg,early_blight,irish
D:\Potato\IrishPotato37G_full\healthy\healthy2162.jpg,healthy,irish
D:\Potato\IrishPotato37G_full\earlyblt\earlyblt795.jpg,early_blight,irish
D:\Potato\IrishPotato37G_full\lateblt\lateblt2837.jpg,late_blight,irish
D:\Potato\IrishPotato37G_full\healthy\healthy5498.jpg,healthy,irish
D:\Potato\IrishPotato37G_full\healthy\healthy4953.jpg,healthy,irish
D:\Potato\IrishPotato37G_full\lateblt\lateblt2402.jpg,late_blight,irish
D:\Potato\IrishPotato37G_full\earlyblt\earlyblt5894.jpg,early_blight,irish
D:\Potato\IrishPotato37G_full\lateblt\lateblt2501.jpg,late_blight,irish
D:\Potato\IrishPotato37G_full\earlyblt\earlyblt6089.jpg,early_blight,irish
D:\Potato\IrishPotato37G_full\healthy\healthy4902.jpg,healthy,irish
D:\Potato\IrishPotato37G_full\healthy\healthy690.jpg,healthy,irish
D:\Potato\IrishPotato37G_full\healthy\healthy1144.jpg,healthy,irish
D:\Potato\IrishPotato37G_full\healthy\healthy4441.jpg,healthy,irish
D:\Potato\IrishPotato37G_full\lateblt\lateblt2855.jpg,late_blight,irish
D:\Potato\IrishPotato37G_full\earlyblt\earlyblt143.jpg,early_blight,irish
D:\Potato\IrishPotato37G_full\healthy\healthy5657.jpg,healthy,irish
D:\Potato\IrishPotato37G_full\earlyblt\earlyblt1076.jpg,early_blight,irish
D:\Potato\IrishPotato37G_full\lateblt\lateblt2024.jpg,late_blight,irish
D:\Potato\IrishPotato37G_full\earlyblt\earlyblt1440.jpg,early_blight,irish
D:\Potato\non_leaf\coco_person\000000016598.jpg,non_leaf,coco_person
D:\Potato\IrishPotato37G_full\lateblt\lateblt2607.jpg,late_blight,irish
D:\Potato\IrishPotato37G_full\healthy\healthy2553.jpg,healthy,irish
D:\Potato\IrishPotato37G_full\earlyblt\earlyblt3570.jpg,early_blight,irish
D:\Potato\IrishPotato37G_full\healthy\healthy54.jpg,healthy,irish
D:\Potato\IrishPotato37G_full\lateblt\lateblt1460.jpg,late_blight,irish
D:\Potato\IrishPotato37G_full\healthy\healthy2579.jpg,healthy,irish
D:\Potato\IrishPotato37G_full\lateblt\lateblt1121.jpg,late_blight,irish
D:\Potato\IrishPotato37G_full\lateblt\lateblt116.jpg,late_blight,irish
D:\Potato\IrishPotato37G_full\lateblt\lateblt815.jpg,late_blight,irish
D:\Potato\IrishPotato37G_full\healthy\healthy4819.jpg,healthy,irish
D:\Potato\non_leaf\coco_person\000000032570.jpg,non_leaf,coco_person
D:\Potato\IrishPotato37G_full\healthy\healthy5179.jpg,healthy,irish
D:\Potato\IrishPotato37G_full\lateblt\lateblt742.jpg,late_blight,irish
D:\Potato\IrishPotato37G_full\lateblt\lateblt1163.jpg,late_blight,irish
D:\Potato\IrishPotato37G_full\healthy\healthy5610.jpg,healthy,irish
D:\Potato\non_leaf\coco_person\000000117908.jpg,non_leaf,coco_person
D:\Potato\IrishPotato37G_full\lateblt\lateblt623.jpg,late_blight,irish
D:\Potato\IrishPotato37G_full\lateblt\lateblt5032.jpg,late_blight,irish
D:\Potato\IrishPotato37G_full\earlyblt\earlyblt1918.jpg,early_blight,irish
D:\Potato\IrishPotato37G_full\lateblt\lateblt5003.jpg,late_blight,irish
D:\Potato\IrishPotato37G_full\healthy\healthy4432.jpg,healthy,irish
D:\Potato\IrishPotato37G_full\healthy\healthy138.jpg,healthy,irish
D:\Potato\IrishPotato37G_full\earlyblt\earlyblt1050.jpg,early_blight,irish
D:\Potato\IrishPotato37G_full\healthy\healthy5275.jpg,healthy,irish
D:\Potato\IrishPotato37G_full\lateblt\lateblt938.jpg,late_blight,irish
D:\Potato\IrishPotato37G_full\earlyblt\earlyblt1757.jpg,early_blight,irish
D:\Potato\IrishPotato37G_full\earlyblt\earlyblt610.jpg,early_blight,irish
D:\Potato\IrishPotato37G_full\earlyblt\earlyblt2888.jpg,early_blight,irish
D:\Potato\IrishPotato37G_full\earlyblt\earlyblt2278.jpg,early_blight,irish
D:\Potato\non_leaf\coco_person\000000458223.jpg,non_leaf,coco_person
D:\Potato\IrishPotato37G_full\earlyblt\earlyblt2322.jpg,early_blight,irish
D:\Potato\IrishPotato37G_full\earlyblt\earlyblt2450.jpg,early_blight,irish
D:\Potato\non_leaf\coco_person\000000181499.jpg,non_leaf,coco_person
D:\Potato\non_leaf\coco_person\000000125257.jpg,non_leaf,coco_person
D:\Potato\IrishPotato37G_full\lateblt\lateblt2960.jpg,late_blight,irish
D:\Potato\IrishPotato37G_full\lateblt\lateblt2849.jpg,late_blight,irish
D:\Potato\IrishPotato37G_full\earlyblt\earlyblt1612.jpg,early_blight,irish
D:\Potato\IrishPotato37G_full\healthy\healthy2884.jpg,healthy,irish
D:\Potato\non_leaf\coco_person\000000083172.jpg,non_leaf,coco_person
D:\Potato\IrishPotato37G_full\lateblt\lateblt1530.jpg,late_blight,irish
D:\Potato\IrishPotato37G_full\lateblt\lateblt1650.jpg,late_blight,irish
D:\Potato\IrishPotato37G_full\lateblt\lateblt276.jpg,late_blight,irish
D:\Potato\IrishPotato37G_full\healthy\healthy5641.jpg,healthy,irish
D:\Potato\IrishPotato37G_full\healthy\healthy2702.jpg,healthy,irish
D:\Potato\IrishPotato37G_full\healthy\healthy5294.jpg,healthy,irish
D:\Potato\IrishPotato37G_full\healthy\healthy4302.jpg,healthy,irish
D:\Potato\IrishPotato37G_full\earlyblt\earlyblt3777.jpg,early_blight,irish
D:\Potato\IrishPotato37G_full\healthy\healthy3182.jpg,healthy,irish
D:\Potato\IrishPotato37G_full\healthy\healthy894.jpg,healthy,irish
D:\Potato\IrishPotato37G_full\earlyblt\earlyblt6243.jpg,early_blight,irish
D:\Potato\IrishPotato37G_full\earlyblt\earlyblt2288.jpg,early_blight,irish
D:\Potato\IrishPotato37G_full\earlyblt\earlyblt6617.jpg,early_blight,irish
D:\Potato\IrishPotato37G_full\earlyblt\earlyblt1704.jpg,early_blight,irish
D:\Potato\IrishPotato37G_full\lateblt\lateblt1623.jpg,late_blight,irish
D:\Potato\IrishPotato37G_full\earlyblt\earlyblt2307.jpg,early_blight,irish
D:\Potato\non_leaf\coco_person\000000062808.jpg,non_leaf,coco_person
D:\Potato\IrishPotato37G_full\earlyblt\earlyblt3186.jpg,early_blight,irish
D:\Potato\IrishPotato37G_full\earlyblt\earlyblt6979.jpg,early_blight,irish
D:\Potato\IrishPotato37G_full\healthy\healthy4859.jpg,healthy,irish
D:\Potato\IrishPotato37G_full\healthy\healthy5486.jpg,healthy,irish
D:\Potato\IrishPotato37G_full\lateblt\lateblt2980.jpg,late_blight,irish
D:\Potato\IrishPotato37G_full\lateblt\lateblt2947.jpg,late_blight,irish
D:\Potato\IrishPotato37G_full\healthy\healthy2057.jpg,healthy,irish
D:\Potato\IrishPotato37G_full\earlyblt\earlyblt2047.jpg,early_blight,irish
D:\Potato\IrishPotato37G_full\healthy\healthy5266.jpg,healthy,irish
D:\Potato\IrishPotato37G_full\lateblt\lateblt2114.jpg,late_blight,irish
D:\Potato\IrishPotato37G_full\lateblt\lateblt933.jpg,late_blight,irish
D:\Potato\IrishPotato37G_full\earlyblt\earlyblt6625.jpg,early_blight,irish
D:\Potato\IrishPotato37G_full\earlyblt\earlyblt6706.jpg,early_blight,irish
D:\Potato\IrishPotato37G_full\healthy\healthy3625.jpg,healthy,irish
D:\Potato\IrishPotato37G_full\healthy\healthy3096.jpg,healthy,irish
D:\Potato\non_leaf\coco_person\000000571264.jpg,non_leaf,coco_person
D:\Potato\IrishPotato37G_full\lateblt\lateblt418.jpg,late_blight,irish
D:\Potato\IrishPotato37G_full\healthy\healthy3608.jpg,healthy,irish
D:\Potato\IrishPotato37G_full\earlyblt\earlyblt941.jpg,early_blight,irish
D:\Potato\IrishPotato37G_full\earlyblt\earlyblt1072.jpg,early_blight,irish
D:\Potato\IrishPotato37G_full\earlyblt\earlyblt108.jpg,early_blight,irish
D:\Potato\IrishPotato37G_full\lateblt\lateblt2263.jpg,late_blight,irish
D:\Potato\IrishPotato37G_full\earlyblt\earlyblt3863.jpg,early_blight,irish
D:\Potato\IrishPotato37G_full\earlyblt\earlyblt6068.jpg,early_blight,irish
D:\Potato\IrishPotato37G_full\earlyblt\earlyblt6668.jpg,early_blight,irish
D:\Potato\IrishPotato37G_full\healthy\healthy2191.jpg,healthy,irish
D:\Potato\IrishPotato37G_full\earlyblt\earlyblt4858.jpg,early_blight,irish
D:\Potato\IrishPotato37G_full\earlyblt\earlyblt1049.jpg,early_blight,irish
D:\Potato\IrishPotato37G_full\healthy\healthy2398.jpg,healthy,irish
D:\Potato\IrishPotato37G_full\earlyblt\earlyblt184.jpg,early_blight,irish
D:\Potato\IrishPotato37G_full\healthy\healthy3074.jpg,healthy,irish
D:\Potato\IrishPotato37G_full\lateblt\lateblt881.jpg,late_blight,irish
D:\Potato\IrishPotato37G_full\earlyblt\earlyblt6027.jpg,early_blight,irish
D:\Potato\IrishPotato37G_full\lateblt\lateblt2998.jpg,late_blight,irish
D:\Potato\IrishPotato37G_full\lateblt\lateblt1926.jpg,late_blight,irish
D:\Potato\IrishPotato37G_full\healthy\healthy3507.jpg,healthy,irish
D:\Potato\IrishPotato37G_full\lateblt\lateblt691.jpg,late_blight,irish
D:\Potato\IrishPotato37G_full\lateblt\lateblt2997.jpg,late_blight,irish
D:\Potato\IrishPotato37G_full\earlyblt\earlyblt3904.jpg,early_blight,irish
D:\Potato\non_leaf\coco_person\000000509403.jpg,non_leaf,coco_person
D:\Potato\IrishPotato37G_full\earlyblt\earlyblt4692.jpg,early_blight,irish
D:\Potato\IrishPotato37G_full\lateblt\lateblt296.jpg,late_blight,irish
D:\Potato\IrishPotato37G_full\lateblt\lateblt2010.jpg,late_blight,irish
D:\Potato\non_leaf\coco_person\000000506656.jpg,non_leaf,coco_person
D:\Potato\IrishPotato37G_full\earlyblt\earlyblt3080.jpg,early_blight,irish
D:\Potato\IrishPotato37G_full\healthy\healthy881.jpg,healthy,irish
D:\Potato\IrishPotato37G_full\earlyblt\earlyblt2944.jpg,early_blight,irish
D:\Potato\IrishPotato37G_full\lateblt\lateblt2634.jpg,late_blight,irish
D:\Potato\IrishPotato37G_full\lateblt\lateblt1599.jpg,late_blight,irish
D:\Potato\IrishPotato37G_full\lateblt\lateblt743.jpg,late_blight,irish
D:\Potato\IrishPotato37G_full\earlyblt\earlyblt2371.jpg,early_blight,irish
D:\Potato\IrishPotato37G_full\earlyblt\earlyblt6218.jpg,early_blight,irish
D:\Potato\IrishPotato37G_full\healthy\healthy1791.jpg,healthy,irish
D:\Potato\IrishPotato37G_full\lateblt\lateblt523.jpg,late_blight,irish
D:\Potato\IrishPotato37G_full\earlyblt\earlyblt3823.jpg,early_blight,irish
D:\Potato\IrishPotato37G_full\lateblt\lateblt1963.jpg,late_blight,irish
D:\Potato\IrishPotato37G_full\earlyblt\earlyblt119.jpg,early_blight,irish
D:\Potato\IrishPotato37G_full\earlyblt\earlyblt1884.jpg,early_blight,irish
D:\Potato\IrishPotato37G_full\lateblt\lateblt478.jpg,late_blight,irish
D:\Potato\non_leaf\coco_person\000000069356.jpg,non_leaf,coco_person
D:\Potato\IrishPotato37G_full\lateblt\lateblt2983.jpg,late_blight,irish
D:\Potato\IrishPotato37G_full\lateblt\lateblt2499.jpg,late_blight,irish
D:\Potato\IrishPotato37G_full\earlyblt\earlyblt856.jpg,early_blight,irish
D:\Potato\IrishPotato37G_full\lateblt\lateblt254.jpg,late_blight,irish
D:\Potato\IrishPotato37G_full\earlyblt\earlyblt667.jpg,early_blight,irish
D:\Potato\IrishPotato37G_full\earlyblt\earlyblt7022.jpg,early_blight,irish
D:\Potato\non_leaf\coco_person\000000570834.jpg,non_leaf,coco_person
D:\Potato\IrishPotato37G_full\healthy\healthy5494.jpg,healthy,irish
D:\Potato\IrishPotato37G_full\lateblt\lateblt1580.jpg,late_blight,irish
D:\Potato\IrishPotato37G_full\lateblt\lateblt1567.jpg,late_blight,irish
D:\Potato\IrishPotato37G_full\lateblt\lateblt522.jpg,late_blight,irish
D:\Potato\IrishPotato37G_full\healthy\healthy1590.jpg,healthy,irish
D:\Potato\IrishPotato37G_full\earlyblt\earlyblt659.jpg,early_blight,irish
D:\Potato\IrishPotato37G_full\lateblt\lateblt2829.jpg,late_blight,irish
D:\Potato\IrishPotato37G_full\lateblt\lateblt2992.jpg,late_blight,irish
D:\Potato\IrishPotato37G_full\lateblt\lateblt994.jpg,late_blight,irish
D:\Potato\non_leaf\coco_person\000000021167.jpg,non_leaf,coco_person
D:\Potato\IrishPotato37G_full\lateblt\lateblt525.jpg,late_blight,irish
D:\Potato\IrishPotato37G_full\lateblt\lateblt2721.jpg,late_blight,irish
D:\Potato\IrishPotato37G_full\healthy\healthy4676.jpg,healthy,irish
D:\Potato\IrishPotato37G_full\earlyblt\earlyblt6684.jpg,early_blight,irish
D:\Potato\IrishPotato37G_full\earlyblt\earlyblt4994.jpg,early_blight,irish
D:\Potato\IrishPotato37G_full\healthy\healthy4851.jpg,healthy,irish
D:\Potato\IrishPotato37G_full\earlyblt\earlyblt4774.jpg,early_blight,irish
D:\Potato\IrishPotato37G_full\lateblt\lateblt2723.jpg,late_blight,irish
D:\Potato\IrishPotato37G_full\lateblt\lateblt847.jpg,late_blight,irish
D:\Potato\IrishPotato37G_full\healthy\healthy948.jpg,healthy,irish
D:\Potato\IrishPotato37G_full\earlyblt\earlyblt3876.jpg,early_blight,irish
D:\Potato\non_leaf\coco_person\000000244833.jpg,non_leaf,coco_person
D:\Potato\IrishPotato37G_full\lateblt\lateblt528.jpg,late_blight,irish
D:\Potato\IrishPotato37G_full\lateblt\lateblt2666.jpg,late_blight,irish
D:\Potato\non_leaf\coco_person\000000053909.jpg,non_leaf,coco_person
D:\Potato\IrishPotato37G_full\healthy\healthy870.jpg,healthy,irish
D:\Potato\IrishPotato37G_full\healthy\healthy2758.jpg,healthy,irish
D:\Potato\IrishPotato37G_full\lateblt\lateblt1928.jpg,late_blight,irish
D:\Potato\non_leaf\coco_person\000000047571.jpg,non_leaf,coco_person
D:\Potato\IrishPotato37G_full\earlyblt\earlyblt2967.jpg,early_blight,irish
D:\Potato\IrishPotato37G_full\earlyblt\earlyblt1964.jpg,early_blight,irish
D:\Potato\IrishPotato37G_full\lateblt\lateblt2965.jpg,late_blight,irish
D:\Potato\IrishPotato37G_full\lateblt\lateblt2970.jpg,late_blight,irish
D:\Potato\IrishPotato37G_full\earlyblt\earlyblt928.jpg,early_blight,irish
D:\Potato\IrishPotato37G_full\earlyblt\earlyblt6025.jpg,early_blight,irish
D:\Potato\IrishPotato37G_full\lateblt\lateblt567.jpg,late_blight,irish
D:\Potato\IrishPotato37G_full\lateblt\lateblt929.jpg,late_blight,irish
D:\Potato\IrishPotato37G_full\lateblt\lateblt2147.jpg,late_blight,irish
D:\Potato\IrishPotato37G_full\healthy\healthy5479.jpg,healthy,irish
D:\Potato\IrishPotato37G_full\lateblt\lateblt2844.jpg,late_blight,irish
D:\Potato\IrishPotato37G_full\earlyblt\earlyblt963.jpg,early_blight,irish
D:\Potato\IrishPotato37G_full\lateblt\lateblt2448.jpg,late_blight,irish
D:\Potato\IrishPotato37G_full\lateblt\lateblt2817.jpg,late_blight,irish
D:\Potato\IrishPotato37G_full\lateblt\lateblt2152.jpg,late_blight,irish
D:\Potato\IrishPotato37G_full\healthy\healthy1650.jpg,healthy,irish
D:\Potato\IrishPotato37G_full\lateblt\lateblt1133.jpg,late_blight,irish
D:\Potato\IrishPotato37G_full\healthy\healthy5271.jpg,healthy,irish
D:\Potato\IrishPotato37G_full\earlyblt\earlyblt424.jpg,early_blight,irish
D:\Potato\IrishPotato37G_full\healthy\healthy4805.jpg,healthy,irish
D:\Potato\IrishPotato37G_full\lateblt\lateblt1967.jpg,late_blight,irish
D:\Potato\IrishPotato37G_full\lateblt\lateblt1552.jpg,late_blight,irish
D:\Potato\IrishPotato37G_full\earlyblt\earlyblt2912.jpg,early_blight,irish
D:\Potato\IrishPotato37G_full\lateblt\lateblt2941.jpg,late_blight,irish
D:\Potato\IrishPotato37G_full\earlyblt\earlyblt1082.jpg,early_blight,irish
D:\Potato\IrishPotato37G_full\earlyblt\earlyblt467.jpg,early_blight,irish
D:\Potato\IrishPotato37G_full\healthy\healthy314.jpg,healthy,irish
D:\Potato\IrishPotato37G_full\earlyblt\earlyblt2952.jpg,early_blight,irish
D:\Potato\IrishPotato37G_full\earlyblt\earlyblt3140.jpg,early_blight,irish
D:\Potato\IrishPotato37G_full\lateblt\lateblt109.jpg,late_blight,irish
D:\Potato\IrishPotato37G_full\earlyblt\earlyblt159.jpg,early_blight,irish
D:\Potato\IrishPotato37G_full\healthy\healthy647.jpg,healthy,irish
D:\Potato\IrishPotato37G_full\lateblt\lateblt870.jpg,late_blight,irish
D:\Potato\IrishPotato37G_full\earlyblt\earlyblt1849.jpg,early_blight,irish
D:\Potato\IrishPotato37G_full\lateblt\lateblt1481.jpg,late_blight,irish
D:\Potato\IrishPotato37G_full\lateblt\lateblt2273.jpg,late_blight,irish
D:\Potato\IrishPotato37G_full\healthy\healthy2431.jpg,healthy,irish
D:\Potato\IrishPotato37G_full\earlyblt\earlyblt6070.jpg,early_blight,irish
D:\Potato\IrishPotato37G_full\healthy\healthy1798.jpg,healthy,irish
D:\Potato\IrishPotato37G_full\healthy\healthy2795.jpg,healthy,irish
D:\Potato\IrishPotato37G_full\earlyblt\earlyblt6483.jpg,early_blight,irish
D:\Potato\IrishPotato37G_full\healthy\healthy5461.jpg,healthy,irish
D:\Potato\IrishPotato37G_full\lateblt\lateblt934.jpg,late_blight,irish
D:\Potato\IrishPotato37G_full\earlyblt\earlyblt6365.jpg,early_blight,irish
D:\Potato\IrishPotato37G_full\earlyblt\earlyblt3963.jpg,early_blight,irish
D:\Potato\IrishPotato37G_full\earlyblt\earlyblt1426.jpg,early_blight,irish
D:\Potato\IrishPotato37G_full\earlyblt\earlyblt1777.jpg,early_blight,irish
D:\Potato\IrishPotato37G_full\earlyblt\earlyblt346.jpg,early_blight,irish
D:\Potato\IrishPotato37G_full\healthy\healthy3935.jpg,healthy,irish
D:\Potato\non_leaf\coco_person\000000491867.jpg,non_leaf,coco_person
D:\Potato\IrishPotato37G_full\healthy\healthy737.jpg,healthy,irish
D:\Potato\IrishPotato37G_full\lateblt\lateblt411.jpg,late_blight,irish
D:\Potato\IrishPotato37G_full\lateblt\lateblt17.jpg,late_blight,irish
D:\Potato\IrishPotato37G_full\healthy\healthy5142.jpg,healthy,irish
D:\Potato\IrishPotato37G_full\lateblt\lateblt31.jpg,late_blight,irish
D:\Potato\IrishPotato37G_full\earlyblt\earlyblt3815.jpg,early_blight,irish
D:\Potato\IrishPotato37G_full\earlyblt\earlyblt764.jpg,early_blight,irish
D:\Potato\IrishPotato37G_full\earlyblt\earlyblt4882.jpg,early_blight,irish
D:\Potato\IrishPotato37G_full\healthy\healthy4750.jpg,healthy,irish
D:\Potato\IrishPotato37G_full\lateblt\lateblt2494.jpg,late_blight,irish
D:\Potato\IrishPotato37G_full\earlyblt\earlyblt1653.jpg,early_blight,irish
D:\Potato\IrishPotato37G_full\earlyblt\earlyblt1636.jpg,early_blight,irish
D:\Potato\IrishPotato37G_full\earlyblt\earlyblt106.jpg,early_blight,irish
D:\Potato\IrishPotato37G_full\healthy\healthy1379.jpg,healthy,irish
D:\Potato\non_leaf\coco_person\000000223955.jpg,non_leaf,coco_person
D:\Potato\IrishPotato37G_full\earlyblt\earlyblt6905.jpg,early_blight,irish
D:\Potato\IrishPotato37G_full\healthy\healthy385.jpg,healthy,irish
D:\Potato\IrishPotato37G_full\healthy\healthy1393.jpg,healthy,irish
D:\Potato\IrishPotato37G_full\healthy\healthy3341.jpg,healthy,irish
D:\Potato\IrishPotato37G_full\lateblt\lateblt566.jpg,late_blight,irish
D:\Potato\IrishPotato37G_full\earlyblt\earlyblt3559.jpg,early_blight,irish
D:\Potato\IrishPotato37G_full\earlyblt\earlyblt1882.jpg,early_blight,irish
D:\Potato\IrishPotato37G_full\earlyblt\earlyblt155.jpg,early_blight,irish
D:\Potato\IrishPotato37G_full\lateblt\lateblt628.jpg,late_blight,irish
D:\Potato\IrishPotato37G_full\healthy\healthy5438.jpg,healthy,irish
D:\Potato\IrishPotato37G_full\earlyblt\earlyblt6605.jpg,early_blight,irish
D:\Potato\IrishPotato37G_full\healthy\healthy537.jpg,healthy,irish
D:\Potato\IrishPotato37G_full\earlyblt\earlyblt2744.jpg,early_blight,irish
D:\Potato\IrishPotato37G_full\lateblt\lateblt989.jpg,late_blight,irish
D:\Potato\IrishPotato37G_full\earlyblt\earlyblt6772.jpg,early_blight,irish
D:\Potato\IrishPotato37G_full\earlyblt\earlyblt2215.jpg,early_blight,irish
D:\Potato\IrishPotato37G_full\healthy\healthy3448.jpg,healthy,irish
D:\Potato\IrishPotato37G_full\healthy\healthy3418.jpg,healthy,irish
D:\Potato\IrishPotato37G_full\earlyblt\earlyblt1810.jpg,early_blight,irish
D:\Potato\IrishPotato37G_full\healthy\healthy1483.jpg,healthy,irish
D:\Potato\IrishPotato37G_full\healthy\healthy2369.jpg,healthy,irish
D:\Potato\IrishPotato37G_full\lateblt\lateblt212.jpg,late_blight,irish
D:\Potato\IrishPotato37G_full\lateblt\lateblt724.jpg,late_blight,irish
D:\Potato\IrishPotato37G_full\earlyblt\earlyblt995.jpg,early_blight,irish
D:\Potato\IrishPotato37G_full\earlyblt\earlyblt1611.jpg,early_blight,irish
D:\Potato\non_leaf\coco_person\000000452784.jpg,non_leaf,coco_person
D:\Potato\IrishPotato37G_full\healthy\healthy125.jpg,healthy,irish
D:\Potato\IrishPotato37G_full\lateblt\lateblt2631.jpg,late_blight,irish
D:\Potato\IrishPotato37G_full\healthy\healthy51.jpg,healthy,irish
D:\Potato\IrishPotato37G_full\healthy\healthy1455.jpg,healthy,irish
D:\Potato\IrishPotato37G_full\earlyblt\earlyblt2060.jpg,early_blight,irish
D:\Potato\IrishPotato37G_full\lateblt\lateblt2774.jpg,late_blight,irish
D:\Potato\IrishPotato37G_full\earlyblt\earlyblt1580.jpg,early_blight,irish
D:\Potato\IrishPotato37G_full\earlyblt\earlyblt3027.jpg,early_blight,irish
D:\Potato\IrishPotato37G_full\lateblt\lateblt1439.jpg,late_blight,irish
D:\Potato\IrishPotato37G_full\lateblt\lateblt243.jpg,late_blight,irish
D:\Potato\IrishPotato37G_full\healthy\healthy162.jpg,healthy,irish
D:\Potato\IrishPotato37G_full\earlyblt\earlyblt782.jpg,early_blight,irish
D:\Potato\IrishPotato37G_full\earlyblt\earlyblt6030.jpg,early_blight,irish
D:\Potato\IrishPotato37G_full\earlyblt\earlyblt2709.jpg,early_blight,irish
D:\Potato\IrishPotato37G_full\healthy\healthy4226.jpg,healthy,irish
D:\Potato\IrishPotato37G_full\lateblt\lateblt2582.jpg,late_blight,irish
D:\Potato\IrishPotato37G_full\lateblt\lateblt546.jpg,late_blight,irish
D:\Potato\IrishPotato37G_full\healthy\healthy2395.jpg,healthy,irish
D:\Potato\IrishPotato37G_full\earlyblt\earlyblt6676.jpg,early_blight,irish
D:\Potato\IrishPotato37G_full\lateblt\lateblt966.jpg,late_blight,irish
D:\Potato\IrishPotato37G_full\earlyblt\earlyblt910.jpg,early_blight,irish
D:\Potato\IrishPotato37G_full\lateblt\lateblt2023.jpg,late_blight,irish
D:\Potato\IrishPotato37G_full\lateblt\lateblt92.jpg,late_blight,irish
D:\Potato\IrishPotato37G_full\healthy\healthy1422.jpg,healthy,irish
D:\Potato\IrishPotato37G_full\healthy\healthy3628.jpg,healthy,irish
D:\Potato\IrishPotato37G_full\healthy\healthy858.jpg,healthy,irish
D:\Potato\IrishPotato37G_full\healthy\healthy1343.jpg,healthy,irish
D:\Potato\IrishPotato37G_full\healthy\healthy1729.jpg,healthy,irish
D:\Potato\IrishPotato37G_full\lateblt\lateblt2076.jpg,late_blight,irish
D:\Potato\IrishPotato37G_full\earlyblt\earlyblt224.jpg,early_blight,irish
D:\Potato\IrishPotato37G_full\earlyblt\earlyblt3828.jpg,early_blight,irish
D:\Potato\IrishPotato37G_full\lateblt\lateblt1674.jpg,late_blight,irish
D:\Potato\IrishPotato37G_full\earlyblt\earlyblt4894.jpg,early_blight,irish
D:\Potato\IrishPotato37G_full\lateblt\lateblt5029.jpg,late_blight,irish
D:\Potato\IrishPotato37G_full\earlyblt\earlyblt310.jpg,early_blight,irish
D:\Potato\IrishPotato37G_full\healthy\healthy2765.jpg,healthy,irish
D:\Potato\IrishPotato37G_full\earlyblt\earlyblt193.jpg,early_blight,irish
D:\Potato\IrishPotato37G_full\earlyblt\earlyblt3205.jpg,early_blight,irish
D:\Potato\IrishPotato37G_full\healthy\healthy4972.jpg,healthy,irish
D:\Potato\IrishPotato37G_full\earlyblt\earlyblt2966.jpg,early_blight,irish
D:\Potato\IrishPotato37G_full\earlyblt\earlyblt2488.jpg,early_blight,irish
D:\Potato\IrishPotato37G_full\healthy\healthy94.jpg,healthy,irish
D:\Potato\IrishPotato37G_full\lateblt\lateblt1421.jpg,late_blight,irish
D:\Potato\IrishPotato37G_full\healthy\healthy4354.jpg,healthy,irish
D:\Potato\IrishPotato37G_full\lateblt\lateblt2268.jpg,late_blight,irish
D:\Potato\IrishPotato37G_full\healthy\healthy1488.jpg,healthy,irish
D:\Potato\IrishPotato37G_full\earlyblt\earlyblt3088.jpg,early_blight,irish
D:\Potato\IrishPotato37G_full\healthy\healthy3401.jpg,healthy,irish
D:\Potato\IrishPotato37G_full\earlyblt\earlyblt1873.jpg,early_blight,irish
D:\Potato\IrishPotato37G_full\healthy\healthy2565.jpg,healthy,irish
D:\Potato\IrishPotato37G_full\earlyblt\earlyblt6465.jpg,early_blight,irish
D:\Potato\IrishPotato37G_full\lateblt\lateblt444.jpg,late_blight,irish
D:\Potato\IrishPotato37G_full\healthy\healthy698.jpg,healthy,irish
D:\Potato\IrishPotato37G_full\earlyblt\earlyblt1865.jpg,early_blight,irish
D:\Potato\IrishPotato37G_full\lateblt\lateblt5056.jpg,late_blight,irish
D:\Potato\IrishPotato37G_full\healthy\healthy1537.jpg,healthy,irish
D:\Potato\IrishPotato37G_full\lateblt\lateblt626.jpg,late_blight,irish
D:\Potato\IrishPotato37G_full\lateblt\lateblt499.jpg,late_blight,irish
D:\Potato\IrishPotato37G_full\healthy\healthy1181.jpg,healthy,irish
D:\Potato\non_leaf\coco_person\000000576955.jpg,non_leaf,coco_person
D:\Potato\IrishPotato37G_full\earlyblt\earlyblt6703.jpg,early_blight,irish
D:\Potato\IrishPotato37G_full\lateblt\lateblt2462.jpg,late_blight,irish
D:\Potato\non_leaf\coco_person\000000394559.jpg,non_leaf,coco_person
D:\Potato\IrishPotato37G_full\healthy\healthy1494.jpg,healthy,irish
D:\Potato\IrishPotato37G_full\healthy\healthy379.jpg,healthy,irish
D:\Potato\IrishPotato37G_full\lateblt\lateblt1987.jpg,late_blight,irish
D:\Potato\IrishPotato37G_full\healthy\healthy1555.jpg,healthy,irish
D:\Potato\IrishPotato37G_full\earlyblt\earlyblt4805.jpg,early_blight,irish
D:\Potato\IrishPotato37G_full\healthy\healthy2224.jpg,healthy,irish
D:\Potato\IrishPotato37G_full\healthy\healthy2164.jpg,healthy,irish
D:\Potato\IrishPotato37G_full\healthy\healthy2728.jpg,healthy,irish
D:\Potato\IrishPotato37G_full\healthy\healthy591.jpg,healthy,irish
D:\Potato\IrishPotato37G_full\lateblt\lateblt2985.jpg,late_blight,irish
D:\Potato\IrishPotato37G_full\lateblt\lateblt119.jpg,late_blight,irish
D:\Potato\IrishPotato37G_full\lateblt\lateblt1380.jpg,late_blight,irish
D:\Potato\IrishPotato37G_full\earlyblt\earlyblt3982.jpg,early_blight,irish
D:\Potato\IrishPotato37G_full\lateblt\lateblt2400.jpg,late_blight,irish
D:\Potato\IrishPotato37G_full\lateblt\lateblt271.jpg,late_blight,irish
D:\Potato\IrishPotato37G_full\earlyblt\earlyblt1044.jpg,early_blight,irish
D:\Potato\IrishPotato37G_full\healthy\healthy3932.jpg,healthy,irish
D:\Potato\IrishPotato37G_full\healthy\healthy790.jpg,healthy,irish
D:\Potato\IrishPotato37G_full\healthy\healthy5221.jpg,healthy,irish
D:\Potato\IrishPotato37G_full\lateblt\lateblt766.jpg,late_blight,irish
D:\Potato\IrishPotato37G_full\healthy\healthy5206.jpg,healthy,irish
D:\Potato\IrishPotato37G_full\earlyblt\earlyblt4979.jpg,early_blight,irish
D:\Potato\IrishPotato37G_full\healthy\healthy2372.jpg,healthy,irish
D:\Potato\IrishPotato37G_full\lateblt\lateblt1320.jpg,late_blight,irish
D:\Potato\IrishPotato37G_full\healthy\healthy2320.jpg,healthy,irish
D:\Potato\IrishPotato37G_full\earlyblt\earlyblt1494.jpg,early_blight,irish
D:\Potato\IrishPotato37G_full\lateblt\lateblt930.jpg,late_blight,irish
D:\Potato\IrishPotato37G_full\healthy\healthy4294.jpg,healthy,irish
D:\Potato\IrishPotato37G_full\lateblt\lateblt2878.jpg,late_blight,irish
D:\Potato\IrishPotato37G_full\lateblt\lateblt2222.jpg,late_blight,irish
D:\Potato\IrishPotato37G_full\earlyblt\earlyblt2932.jpg,early_blight,irish
D:\Potato\IrishPotato37G_full\lateblt\lateblt2771.jpg,late_blight,irish
D:\Potato\IrishPotato37G_full\earlyblt\earlyblt1931.jpg,early_blight,irish
D:\Potato\IrishPotato37G_full\earlyblt\earlyblt122.jpg,early_blight,irish
D:\Potato\IrishPotato37G_full\healthy\healthy1519.jpg,healthy,irish
D:\Potato\IrishPotato37G_full\healthy\healthy2571.jpg,healthy,irish
D:\Potato\IrishPotato37G_full\healthy\healthy3647.jpg,healthy,irish
D:\Potato\IrishPotato37G_full\healthy\healthy4492.jpg,healthy,irish
D:\Potato\IrishPotato37G_full\earlyblt\earlyblt2275.jpg,early_blight,irish
D:\Potato\IrishPotato37G_full\lateblt\lateblt2.jpg,late_blight,irish
D:\Potato\IrishPotato37G_full\healthy\healthy13.jpg,healthy,irish
D:\Potato\IrishPotato37G_full\lateblt\lateblt2684.jpg,late_blight,irish
D:\Potato\IrishPotato37G_full\healthy\healthy4938.jpg,healthy,irish
D:\Potato\IrishPotato37G_full\healthy\healthy1268.jpg,healthy,irish
D:\Potato\IrishPotato37G_full\lateblt\lateblt976.jpg,late_blight,irish
D:\Potato\IrishPotato37G_full\healthy\healthy501.jpg,healthy,irish
D:\Potato\IrishPotato37G_full\healthy\healthy507.jpg,healthy,irish
D:\Potato\IrishPotato37G_full\healthy\healthy4367.jpg,healthy,irish
D:\Potato\IrishPotato37G_full\healthy\healthy3175.jpg,healthy,irish
D:\Potato\IrishPotato37G_full\healthy\healthy139.jpg,healthy,irish
D:\Potato\IrishPotato37G_full\healthy\healthy2067.jpg,healthy,irish
D:\Potato\IrishPotato37G_full\earlyblt\earlyblt734.jpg,early_blight,irish
D:\Potato\IrishPotato37G_full\earlyblt\earlyblt6077.jpg,early_blight,irish
D:\Potato\IrishPotato37G_full\healthy\healthy674.jpg,healthy,irish
D:\Potato\non_leaf\coco_person\000000435205.jpg,non_leaf,coco_person
D:\Potato\IrishPotato37G_full\earlyblt\earlyblt4850.jpg,early_blight,irish
D:\Potato\IrishPotato37G_full\healthy\healthy4861.jpg,healthy,irish
D:\Potato\IrishPotato37G_full\earlyblt\earlyblt2831.jpg,early_blight,irish
D:\Potato\IrishPotato37G_full\healthy\healthy4807.jpg,healthy,irish
D:\Potato\IrishPotato37G_full\lateblt\lateblt573.jpg,late_blight,irish
D:\Potato\IrishPotato37G_full\lateblt\lateblt64.jpg,late_blight,irish
D:\Potato\IrishPotato37G_full\healthy\healthy841.jpg,healthy,irish
D:\Potato\IrishPotato37G_full\earlyblt\earlyblt277.jpg,early_blight,irish
D:\Potato\IrishPotato37G_full\healthy\healthy1578.jpg,healthy,irish
D:\Potato\IrishPotato37G_full\healthy\healthy776.jpg,healthy,irish
D:\Potato\IrishPotato37G_full\earlyblt\earlyblt1412.jpg,early_blight,irish
D:\Potato\IrishPotato37G_full\earlyblt\earlyblt3948.jpg,early_blight,irish
D:\Potato\IrishPotato37G_full\healthy\healthy4387.jpg,healthy,irish
D:\Potato\IrishPotato37G_full\lateblt\lateblt1317.jpg,late_blight,irish
D:\Potato\IrishPotato37G_full\earlyblt\earlyblt3937.jpg,early_blight,irish
D:\Potato\non_leaf\coco_person\000000125936.jpg,non_leaf,coco_person
D:\Potato\IrishPotato37G_full\healthy\healthy678.jpg,healthy,irish
D:\Potato\IrishPotato37G_full\healthy\healthy795.jpg,healthy,irish
D:\Potato\IrishPotato37G_full\lateblt\lateblt778.jpg,late_blight,irish
D:\Potato\IrishPotato37G_full\earlyblt\earlyblt2528.jpg,early_blight,irish
D:\Potato\IrishPotato37G_full\earlyblt\earlyblt3416.jpg,early_blight,irish
D:\Potato\IrishPotato37G_full\healthy\healthy5420.jpg,healthy,irish
D:\Potato\IrishPotato37G_full\healthy\healthy2403.jpg,healthy,irish
D:\Potato\IrishPotato37G_full\healthy\healthy24.jpg,healthy,irish
D:\Potato\IrishPotato37G_full\lateblt\lateblt685.jpg,late_blight,irish
D:\Potato\IrishPotato37G_full\earlyblt\earlyblt820.jpg,early_blight,irish
D:\Potato\IrishPotato37G_full\healthy\healthy2927.jpg,healthy,irish
D:\Potato\IrishPotato37G_full\healthy\healthy1426.jpg,healthy,irish
D:\Potato\IrishPotato37G_full\earlyblt\earlyblt2381.jpg,early_blight,irish
D:\Potato\IrishPotato37G_full\healthy\healthy1524.jpg,healthy,irish
D:\Potato\IrishPotato37G_full\lateblt\lateblt1630.jpg,late_blight,irish
D:\Potato\non_leaf\coco_person\000000158227.jpg,non_leaf,coco_person
D:\Potato\IrishPotato37G_full\earlyblt\earlyblt3583.jpg,early_blight,irish
D:\Potato\non_leaf\coco_person\000000039551.jpg,non_leaf,coco_person
D:\Potato\IrishPotato37G_full\earlyblt\earlyblt2962.jpg,early_blight,irish
D:\Potato\IrishPotato37G_full\lateblt\lateblt2522.jpg,late_blight,irish
D:\Potato\IrishPotato37G_full\healthy\healthy4604.jpg,healthy,irish
D:\Potato\IrishPotato37G_full\earlyblt\earlyblt6314.jpg,early_blight,irish
D:\Potato\IrishPotato37G_full\healthy\healthy1122.jpg,healthy,irish
D:\Potato\IrishPotato37G_full\earlyblt\earlyblt1534.jpg,early_blight,irish
D:\Potato\IrishPotato37G_full\earlyblt\earlyblt860.jpg,early_blight,irish
D:\Potato\IrishPotato37G_full\lateblt\lateblt2781.jpg,late_blight,irish
D:\Potato\IrishPotato37G_full\healthy\healthy905.jpg,healthy,irish
D:\Potato\IrishPotato37G_full\lateblt\lateblt725.jpg,late_blight,irish
D:\Potato\IrishPotato37G_full\earlyblt\earlyblt477.jpg,early_blight,irish
D:\Potato\IrishPotato37G_full\healthy\healthy976.jpg,healthy,irish
D:\Potato\IrishPotato37G_full\earlyblt\earlyblt3222.jpg,early_blight,irish
D:\Potato\IrishPotato37G_full\earlyblt\earlyblt6929.jpg,early_blight,irish
D:\Potato\IrishPotato37G_full\lateblt\lateblt2275.jpg,late_blight,irish
D:\Potato\IrishPotato37G_full\lateblt\lateblt2492.jpg,late_blight,irish
D:\Potato\IrishPotato37G_full\healthy\healthy2977.jpg,healthy,irish
D:\Potato\IrishPotato37G_full\earlyblt\earlyblt2724.jpg,early_blight,irish
D:\Potato\IrishPotato37G_full\earlyblt\earlyblt1177.jpg,early_blight,irish
D:\Potato\IrishPotato37G_full\healthy\healthy3387.jpg,healthy,irish
D:\Potato\IrishPotato37G_full\healthy\healthy2153.jpg,healthy,irish
D:\Potato\IrishPotato37G_full\lateblt\lateblt465.jpg,late_blight,irish
D:\Potato\IrishPotato37G_full\earlyblt\earlyblt1610.jpg,early_blight,irish
D:\Potato\IrishPotato37G_full\earlyblt\earlyblt3048.jpg,early_blight,irish
D:\Potato\IrishPotato37G_full\lateblt\lateblt572.jpg,late_blight,irish
D:\Potato\IrishPotato37G_full\lateblt\lateblt670.jpg,late_blight,irish
D:\Potato\IrishPotato37G_full\lateblt\lateblt2184.jpg,late_blight,irish
D:\Potato\IrishPotato37G_full\lateblt\lateblt2921.jpg,late_blight,irish
D:\Potato\IrishPotato37G_full\healthy\healthy1288.jpg,healthy,irish
D:\Potato\IrishPotato37G_full\earlyblt\earlyblt6649.jpg,early_blight,irish
D:\Potato\IrishPotato37G_full\earlyblt\earlyblt637.jpg,early_blight,irish
D:\Potato\IrishPotato37G_full\lateblt\lateblt899.jpg,late_blight,irish
D:\Potato\IrishPotato37G_full\healthy\healthy1620.jpg,healthy,irish
D:\Potato\IrishPotato37G_full\healthy\healthy1500.jpg,healthy,irish
D:\Potato\IrishPotato37G_full\lateblt\lateblt2764.jpg,late_blight,irish
D:\Potato\IrishPotato37G_full\earlyblt\earlyblt2915.jpg,early_blight,irish
D:\Potato\IrishPotato37G_full\earlyblt\earlyblt2606.jpg,early_blight,irish
D:\Potato\IrishPotato37G_full\earlyblt\earlyblt6018.jpg,early_blight,irish
D:\Potato\IrishPotato37G_full\healthy\healthy4033.jpg,healthy,irish
D:\Potato\IrishPotato37G_full\healthy\healthy150.jpg,healthy,irish
D:\Potato\IrishPotato37G_full\earlyblt\earlyblt1934.jpg,early_blight,irish
D:\Potato\IrishPotato37G_full\lateblt\lateblt956.jpg,late_blight,irish
D:\Potato\IrishPotato37G_full\earlyblt\earlyblt3888.jpg,early_blight,irish
D:\Potato\IrishPotato37G_full\lateblt\lateblt234.jpg,late_blight,irish
D:\Potato\non_leaf\coco_person\000000431876.jpg,non_leaf,coco_person
D:\Potato\IrishPotato37G_full\lateblt\lateblt1432.jpg,late_blight,irish
D:\Potato\IrishPotato37G_full\lateblt\lateblt1648.jpg,late_blight,irish
D:\Potato\IrishPotato37G_full\lateblt\lateblt733.jpg,late_blight,irish
D:\Potato\IrishPotato37G_full\lateblt\lateblt2858.jpg,late_blight,irish
D:\Potato\IrishPotato37G_full\earlyblt\earlyblt6990.jpg,early_blight,irish
D:\Potato\IrishPotato37G_full\healthy\healthy2131.jpg,healthy,irish
D:\Potato\IrishPotato37G_full\lateblt\lateblt2757.jpg,late_blight,irish
D:\Potato\IrishPotato37G_full\earlyblt\earlyblt2810.jpg,early_blight,irish
D:\Potato\IrishPotato37G_full\earlyblt\earlyblt894.jpg,early_blight,irish
D:\Potato\IrishPotato37G_full\healthy\healthy1265.jpg,healthy,irish
D:\Potato\IrishPotato37G_full\earlyblt\earlyblt341.jpg,early_blight,irish
D:\Potato\IrishPotato37G_full\earlyblt\earlyblt6776.jpg,early_blight,irish
D:\Potato\IrishPotato37G_full\lateblt\lateblt736.jpg,late_blight,irish
D:\Potato\IrishPotato37G_full\earlyblt\earlyblt1617.jpg,early_blight,irish
D:\Potato\non_leaf\coco_person\000000505638.jpg,non_leaf,coco_person
D:\Potato\IrishPotato37G_full\lateblt\lateblt1548.jpg,late_blight,irish
D:\Potato\IrishPotato37G_full\healthy\healthy4377.jpg,healthy,irish
D:\Potato\IrishPotato37G_full\healthy\healthy3940.jpg,healthy,irish
D:\Potato\IrishPotato37G_full\healthy\healthy3170.jpg,healthy,irish
D:\Potato\IrishPotato37G_full\earlyblt\earlyblt6360.jpg,early_blight,irish
D:\Potato\IrishPotato37G_full\lateblt\lateblt438.jpg,late_blight,irish
D:\Potato\IrishPotato37G_full\lateblt\lateblt1932.jpg,late_blight,irish
D:\Potato\IrishPotato37G_full\earlyblt\earlyblt3244.jpg,early_blight,irish
D:\Potato\IrishPotato37G_full\healthy\healthy661.jpg,healthy,irish
D:\Potato\non_leaf\coco_person\000000560178.jpg,non_leaf,coco_person
D:\Potato\IrishPotato37G_full\earlyblt\earlyblt617.jpg,early_blight,irish
D:\Potato\IrishPotato37G_full\lateblt\lateblt2716.jpg,late_blight,irish
D:\Potato\IrishPotato37G_full\lateblt\lateblt2676.jpg,late_blight,irish
D:\Potato\IrishPotato37G_full\lateblt\lateblt842.jpg,late_blight,irish
D:\Potato\IrishPotato37G_full\earlyblt\earlyblt2777.jpg,early_blight,irish
D:\Potato\IrishPotato37G_full\lateblt\lateblt153.jpg,late_blight,irish
D:\Potato\IrishPotato37G_full\lateblt\lateblt2177.jpg,late_blight,irish
D:\Potato\IrishPotato37G_full\earlyblt\earlyblt901.jpg,early_blight,irish
D:\Potato\IrishPotato37G_full\healthy\healthy2852.jpg,healthy,irish
D:\Potato\IrishPotato37G_full\lateblt\lateblt1584.jpg,late_blight,irish
D:\Potato\IrishPotato37G_full\earlyblt\earlyblt4949.jpg,early_blight,irish
D:\Potato\IrishPotato37G_full\lateblt\lateblt5041.jpg,late_blight,irish
D:\Potato\IrishPotato37G_full\earlyblt\earlyblt6313.jpg,early_blight,irish
D:\Potato\IrishPotato37G_full\healthy\healthy3767.jpg,healthy,irish
D:\Potato\IrishPotato37G_full\lateblt\lateblt1684.jpg,late_blight,irish
D:\Potato\IrishPotato37G_full\earlyblt\earlyblt1519.jpg,early_blight,irish
D:\Potato\IrishPotato37G_full\lateblt\lateblt2598.jpg,late_blight,irish
D:\Potato\IrishPotato37G_full\healthy\healthy3910.jpg,healthy,irish
D:\Potato\IrishPotato37G_full\healthy\healthy4904.jpg,healthy,irish
D:\Potato\IrishPotato37G_full\earlyblt\earlyblt1064.jpg,early_blight,irish
D:\Potato\IrishPotato37G_full\earlyblt\earlyblt2440.jpg,early_blight,irish
D:\Potato\IrishPotato37G_full\lateblt\lateblt462.jpg,late_blight,irish
D:\Potato\IrishPotato37G_full\healthy\healthy3549.jpg,healthy,irish
D:\Potato\IrishPotato37G_full\healthy\healthy3352.jpg,healthy,irish
D:\Potato\IrishPotato37G_full\healthy\healthy1290.jpg,healthy,irish
D:\Potato\IrishPotato37G_full\healthy\healthy2161.jpg,healthy,irish
D:\Potato\IrishPotato37G_full\earlyblt\earlyblt2834.jpg,early_blight,irish
D:\Potato\IrishPotato37G_full\earlyblt\earlyblt6450.jpg,early_blight,irish
D:\Potato\IrishPotato37G_full\healthy\healthy111.jpg,healthy,irish
D:\Potato\IrishPotato37G_full\earlyblt\earlyblt1199.jpg,early_blight,irish
D:\Potato\IrishPotato37G_full\earlyblt\earlyblt2263.jpg,early_blight,irish
D:\Potato\IrishPotato37G_full\lateblt\lateblt1588.jpg,late_blight,irish
D:\Potato\IrishPotato37G_full\lateblt\lateblt829.jpg,late_blight,irish
D:\Potato\IrishPotato37G_full\earlyblt\earlyblt2198.jpg,early_blight,irish
D:\Potato\IrishPotato37G_full\lateblt\lateblt656.jpg,late_blight,irish
D:\Potato\IrishPotato37G_full\lateblt\lateblt997.jpg,late_blight,irish
D:\Potato\IrishPotato37G_full\lateblt\lateblt676.jpg,late_blight,irish
D:\Potato\IrishPotato37G_full\lateblt\lateblt2573.jpg,late_blight,irish
D:\Potato\IrishPotato37G_full\healthy\healthy4292.jpg,healthy,irish
D:\Potato\IrishPotato37G_full\lateblt\lateblt1331.jpg,late_blight,irish
D:\Potato\IrishPotato37G_full\lateblt\lateblt489.jpg,late_blight,irish
D:\Potato\IrishPotato37G_full\healthy\healthy4881.jpg,healthy,irish
D:\Potato\IrishPotato37G_full\healthy\healthy2919.jpg,healthy,irish
D:\Potato\non_leaf\coco_person\000000166747.jpg,non_leaf,coco_person
D:\Potato\IrishPotato37G_full\earlyblt\earlyblt1011.jpg,early_blight,irish
D:\Potato\IrishPotato37G_full\earlyblt\earlyblt1485.jpg,early_blight,irish
D:\Potato\IrishPotato37G_full\healthy\healthy3382.jpg,healthy,irish
D:\Potato\non_leaf\coco_person\000000221754.jpg,non_leaf,coco_person
D:\Potato\IrishPotato37G_full\healthy\healthy3580.jpg,healthy,irish
D:\Potato\IrishPotato37G_full\healthy\healthy3606.jpg,healthy,irish
D:\Potato\IrishPotato37G_full\healthy\healthy4658.jpg,healthy,irish
D:\Potato\IrishPotato37G_full\lateblt\lateblt2175.jpg,late_blight,irish
D:\Potato\IrishPotato37G_full\lateblt\lateblt574.jpg,late_blight,irish
D:\Potato\IrishPotato37G_full\lateblt\lateblt2930.jpg,late_blight,irish
D:\Potato\IrishPotato37G_full\earlyblt\earlyblt6949.jpg,early_blight,irish
D:\Potato\IrishPotato37G_full\healthy\healthy4600.jpg,healthy,irish
D:\Potato\IrishPotato37G_full\healthy\healthy1319.jpg,healthy,irish
D:\Potato\IrishPotato37G_full\healthy\healthy4845.jpg,healthy,irish
D:\Potato\IrishPotato37G_full\healthy\healthy4799.jpg,healthy,irish
D:\Potato\IrishPotato37G_full\earlyblt\earlyblt672.jpg,early_blight,irish
D:\Potato\IrishPotato37G_full\healthy\healthy75.jpg,healthy,irish
D:\Potato\IrishPotato37G_full\lateblt\lateblt102.jpg,late_blight,irish
D:\Potato\IrishPotato37G_full\lateblt\lateblt2000.jpg,late_blight,irish
D:\Potato\IrishPotato37G_full\earlyblt\earlyblt3589.jpg,early_blight,irish
D:\Potato\IrishPotato37G_full\healthy\healthy2383.jpg,healthy,irish
D:\Potato\IrishPotato37G_full\lateblt\lateblt1369.jpg,late_blight,irish
D:\Potato\IrishPotato37G_full\healthy\healthy4454.jpg,healthy,irish
D:\Potato\IrishPotato37G_full\lateblt\lateblt2660.jpg,late_blight,irish
D:\Potato\IrishPotato37G_full\lateblt\lateblt174.jpg,late_blight,irish
D:\Potato\IrishPotato37G_full\healthy\healthy875.jpg,healthy,irish
D:\Potato\IrishPotato37G_full\healthy\healthy3025.jpg,healthy,irish
D:\Potato\IrishPotato37G_full\healthy\healthy4884.jpg,healthy,irish
D:\Potato\IrishPotato37G_full\earlyblt\earlyblt2533.jpg,early_blight,irish
D:\Potato\IrishPotato37G_full\lateblt\lateblt1969.jpg,late_blight,irish
D:\Potato\non_leaf\coco_person\000000085376.jpg,non_leaf,coco_person
D:\Potato\IrishPotato37G_full\earlyblt\earlyblt6612.jpg,early_blight,irish
D:\Potato\IrishPotato37G_full\lateblt\lateblt1983.jpg,late_blight,irish
D:\Potato\non_leaf\coco_person\000000458992.jpg,non_leaf,coco_person
D:\Potato\IrishPotato37G_full\earlyblt\earlyblt2822.jpg,early_blight,irish
D:\Potato\IrishPotato37G_full\earlyblt\earlyblt2599.jpg,early_blight,irish
D:\Potato\IrishPotato37G_full\earlyblt\earlyblt445.jpg,early_blight,irish
D:\Potato\IrishPotato37G_full\healthy\healthy2760.jpg,healthy,irish
D:\Potato\IrishPotato37G_full\earlyblt\earlyblt654.jpg,early_blight,irish
D:\Potato\IrishPotato37G_full\lateblt\lateblt2046.jpg,late_blight,irish
D:\Potato\IrishPotato37G_full\lateblt\lateblt2853.jpg,late_blight,irish
D:\Potato\IrishPotato37G_full\lateblt\lateblt893.jpg,late_blight,irish
D:\Potato\IrishPotato37G_full\earlyblt\earlyblt6909.jpg,early_blight,irish
D:\Potato\IrishPotato37G_full\healthy\healthy2045.jpg,healthy,irish
D:\Potato\IrishPotato37G_full\lateblt\lateblt2962.jpg,late_blight,irish
D:\Potato\IrishPotato37G_full\lateblt\lateblt1991.jpg,late_blight,irish
D:\Potato\IrishPotato37G_full\earlyblt\earlyblt2895.jpg,early_blight,irish
D:\Potato\IrishPotato37G_full\earlyblt\earlyblt2659.jpg,early_blight,irish
D:\Potato\IrishPotato37G_full\lateblt\lateblt850.jpg,late_blight,irish
D:\Potato\non_leaf\coco_person\000000154644.jpg,non_leaf,coco_person
D:\Potato\IrishPotato37G_full\healthy\healthy4772.jpg,healthy,irish
D:\Potato\IrishPotato37G_full\healthy\healthy2291.jpg,healthy,irish
D:\Potato\IrishPotato37G_full\lateblt\lateblt5037.jpg,late_blight,irish
D:\Potato\IrishPotato37G_full\healthy\healthy2257.jpg,healthy,irish
D:\Potato\IrishPotato37G_full\earlyblt\earlyblt6609.jpg,early_blight,irish
D:\Potato\IrishPotato37G_full\earlyblt\earlyblt3437.jpg,early_blight,irish
D:\Potato\IrishPotato37G_full\earlyblt\earlyblt270.jpg,early_blight,irish
D:\Potato\IrishPotato37G_full\earlyblt\earlyblt3074.jpg,early_blight,irish
D:\Potato\IrishPotato37G_full\lateblt\lateblt1961.jpg,late_blight,irish
D:\Potato\IrishPotato37G_full\healthy\healthy3655.jpg,healthy,irish
D:\Potato\IrishPotato37G_full\earlyblt\earlyblt3710.jpg,early_blight,irish
D:\Potato\IrishPotato37G_full\lateblt\lateblt2044.jpg,late_blight,irish
D:\Potato\IrishPotato37G_full\lateblt\lateblt88.jpg,late_blight,irish
D:\Potato\IrishPotato37G_full\earlyblt\earlyblt2273.jpg,early_blight,irish
D:\Potato\IrishPotato37G_full\earlyblt\earlyblt2078.jpg,early_blight,irish
D:\Potato\IrishPotato37G_full\earlyblt\earlyblt3993.jpg,early_blight,irish
D:\Potato\IrishPotato37G_full\lateblt\lateblt2777.jpg,late_blight,irish
D:\Potato\IrishPotato37G_full\lateblt\lateblt2816.jpg,late_blight,irish
D:\Potato\IrishPotato37G_full\lateblt\lateblt714.jpg,late_blight,irish
D:\Potato\IrishPotato37G_full\healthy\healthy4946.jpg,healthy,irish
D:\Potato\IrishPotato37G_full\earlyblt\earlyblt731.jpg,early_blight,irish
D:\Potato\IrishPotato37G_full\lateblt\lateblt2770.jpg,late_blight,irish
D:\Potato\IrishPotato37G_full\earlyblt\earlyblt767.jpg,early_blight,irish
D:\Potato\non_leaf\coco_person\000000188439.jpg,non_leaf,coco_person
D:\Potato\IrishPotato37G_full\lateblt\lateblt798.jpg,late_blight,irish
D:\Potato\non_leaf\coco_person\000000021903.jpg,non_leaf,coco_person
D:\Potato\IrishPotato37G_full\healthy\healthy4935.jpg,healthy,irish
D:\Potato\IrishPotato37G_full\earlyblt\earlyblt2964.jpg,early_blight,irish
D:\Potato\IrishPotato37G_full\earlyblt\earlyblt2295.jpg,early_blight,irish
D:\Potato\IrishPotato37G_full\earlyblt\earlyblt605.jpg,early_blight,irish
D:\Potato\IrishPotato37G_full\lateblt\lateblt1362.jpg,late_blight,irish
D:\Potato\IrishPotato37G_full\earlyblt\earlyblt6937.jpg,early_blight,irish
D:\Potato\IrishPotato37G_full\healthy\healthy3351.jpg,healthy,irish
D:\Potato\IrishPotato37G_full\earlyblt\earlyblt3730.jpg,early_blight,irish
D:\Potato\IrishPotato37G_full\healthy\healthy3656.jpg,healthy,irish
D:\Potato\IrishPotato37G_full\lateblt\lateblt51.jpg,late_blight,irish
D:\Potato\IrishPotato37G_full\earlyblt\earlyblt3068.jpg,early_blight,irish
D:\Potato\IrishPotato37G_full\earlyblt\earlyblt3455.jpg,early_blight,irish
D:\Potato\IrishPotato37G_full\healthy\healthy2159.jpg,healthy,irish
D:\Potato\IrishPotato37G_full\healthy\healthy4355.jpg,healthy,irish
D:\Potato\IrishPotato37G_full\lateblt\lateblt1933.jpg,late_blight,irish
D:\Potato\IrishPotato37G_full\lateblt\lateblt1645.jpg,late_blight,irish
D:\Potato\IrishPotato37G_full\earlyblt\earlyblt151.jpg,early_blight,irish
D:\Potato\IrishPotato37G_full\lateblt\lateblt2594.jpg,late_blight,irish
D:\Potato\IrishPotato37G_full\earlyblt\earlyblt4957.jpg,early_blight,irish
D:\Potato\IrishPotato37G_full\earlyblt\earlyblt2748.jpg,early_blight,irish
D:\Potato\IrishPotato37G_full\lateblt\lateblt2407.jpg,late_blight,irish
D:\Potato\IrishPotato37G_full\earlyblt\earlyblt1088.jpg,early_blight,irish
D:\Potato\IrishPotato37G_full\healthy\healthy2133.jpg,healthy,irish
D:\Potato\IrishPotato37G_full\healthy\healthy4457.jpg,healthy,irish
D:\Potato\IrishPotato37G_full\lateblt\lateblt958.jpg,late_blight,irish
D:\Potato\IrishPotato37G_full\earlyblt\earlyblt6943.jpg,early_blight,irish
D:\Potato\IrishPotato37G_full\earlyblt\earlyblt2270.jpg,early_blight,irish
D:\Potato\IrishPotato37G_full\earlyblt\earlyblt392.jpg,early_blight,irish
D:\Potato\IrishPotato37G_full\healthy\healthy2802.jpg,healthy,irish
D:\Potato\IrishPotato37G_full\lateblt\lateblt1145.jpg,late_blight,irish
D:\Potato\IrishPotato37G_full\earlyblt\earlyblt110.jpg,early_blight,irish
D:\Potato\IrishPotato37G_full\earlyblt\earlyblt864.jpg,early_blight,irish
D:\Potato\IrishPotato37G_full\healthy\healthy1356.jpg,healthy,irish
D:\Potato\IrishPotato37G_full\healthy\healthy3769.jpg,healthy,irish
D:\Potato\IrishPotato37G_full\earlyblt\earlyblt1628.jpg,early_blight,irish
D:\Potato\IrishPotato37G_full\healthy\healthy2555.jpg,healthy,irish
D:\Potato\IrishPotato37G_full\healthy\healthy811.jpg,healthy,irish
D:\Potato\IrishPotato37G_full\lateblt\lateblt2835.jpg,late_blight,irish
D:\Potato\IrishPotato37G_full\earlyblt\earlyblt1480.jpg,early_blight,irish
D:\Potato\IrishPotato37G_full\healthy\healthy794.jpg,healthy,irish
D:\Potato\IrishPotato37G_full\earlyblt\earlyblt6219.jpg,early_blight,irish
D:\Potato\non_leaf\coco_person\000000384468.jpg,non_leaf,coco_person
D:\Potato\IrishPotato37G_full\healthy\healthy890.jpg,healthy,irish
D:\Potato\IrishPotato37G_full\earlyblt\earlyblt2583.jpg,early_blight,irish
D:\Potato\IrishPotato37G_full\healthy\healthy1292.jpg,healthy,irish
D:\Potato\IrishPotato37G_full\lateblt\lateblt5043.jpg,late_blight,irish
D:\Potato\non_leaf\coco_person\000000276804.jpg,non_leaf,coco_person
D:\Potato\non_leaf\coco_person\000000520832.jpg,non_leaf,coco_person
D:\Potato\IrishPotato37G_full\healthy\healthy3706.jpg,healthy,irish
D:\Potato\IrishPotato37G_full\healthy\healthy922.jpg,healthy,irish
D:\Potato\IrishPotato37G_full\lateblt\lateblt1.jpg,late_blight,irish
D:\Potato\IrishPotato37G_full\healthy\healthy3147.jpg,healthy,irish
D:\Potato\IrishPotato37G_full\lateblt\lateblt2838.jpg,late_blight,irish
D:\Potato\IrishPotato37G_full\healthy\healthy3369.jpg,healthy,irish
D:\Potato\IrishPotato37G_full\earlyblt\earlyblt1099.jpg,early_blight,irish
D:\Potato\IrishPotato37G_full\earlyblt\earlyblt6661.jpg,early_blight,irish
D:\Potato\IrishPotato37G_full\healthy\healthy3159.jpg,healthy,irish
D:\Potato\IrishPotato37G_full\lateblt\lateblt1355.jpg,late_blight,irish
D:\Potato\IrishPotato37G_full\healthy\healthy4694.jpg,healthy,irish
D:\Potato\IrishPotato37G_full\earlyblt\earlyblt3089.jpg,early_blight,irish
D:\Potato\IrishPotato37G_full\earlyblt\earlyblt6997.jpg,early_blight,irish
D:\Potato\IrishPotato37G_full\earlyblt\earlyblt644.jpg,early_blight,irish
D:\Potato\non_leaf\coco_person\000000532481.jpg,non_leaf,coco_person
D:\Potato\non_leaf\coco_person\000000356612.jpg,non_leaf,coco_person
D:\Potato\IrishPotato37G_full\earlyblt\earlyblt2289.jpg,early_blight,irish
D:\Potato\IrishPotato37G_full\earlyblt\earlyblt6786.jpg,early_blight,irish
D:\Potato\IrishPotato37G_full\lateblt\lateblt1132.jpg,late_blight,irish
D:\Potato\IrishPotato37G_full\earlyblt\earlyblt107.jpg,early_blight,irish
D:\Potato\IrishPotato37G_full\healthy\healthy4763.jpg,healthy,irish
D:\Potato\IrishPotato37G_full\earlyblt\earlyblt2262.jpg,early_blight,irish
D:\Potato\IrishPotato37G_full\earlyblt\earlyblt2384.jpg,early_blight,irish
D:\Potato\IrishPotato37G_full\lateblt\lateblt2542.jpg,late_blight,irish
D:\Potato\IrishPotato37G_full\lateblt\lateblt1683.jpg,late_blight,irish
D:\Potato\IrishPotato37G_full\lateblt\lateblt1906.jpg,late_blight,irish
D:\Potato\IrishPotato37G_full\earlyblt\earlyblt3775.jpg,early_blight,irish
D:\Potato\IrishPotato37G_full\lateblt\lateblt1169.jpg,late_blight,irish
D:\Potato\IrishPotato37G_full\earlyblt\earlyblt2590.jpg,early_blight,irish
D:\Potato\IrishPotato37G_full\earlyblt\earlyblt6036.jpg,early_blight,irish
D:\Potato\IrishPotato37G_full\healthy\healthy5156.jpg,healthy,irish
D:\Potato\IrishPotato37G_full\lateblt\lateblt400.jpg,late_blight,irish
D:\Potato\IrishPotato37G_full\healthy\healthy3434.jpg,healthy,irish
D:\Potato\IrishPotato37G_full\lateblt\lateblt402.jpg,late_blight,irish
D:\Potato\IrishPotato37G_full\healthy\healthy897.jpg,healthy,irish
D:\Potato\IrishPotato37G_full\earlyblt\earlyblt4820.jpg,early_blight,irish
D:\Potato\IrishPotato37G_full\healthy\healthy3794.jpg,healthy,irish
D:\Potato\IrishPotato37G_full\healthy\healthy5122.jpg,healthy,irish
D:\Potato\IrishPotato37G_full\healthy\healthy1600.jpg,healthy,irish
D:\Potato\IrishPotato37G_full\healthy\healthy1715.jpg,healthy,irish
D:\Potato\IrishPotato37G_full\healthy\healthy3177.jpg,healthy,irish
D:\Potato\IrishPotato37G_full\healthy\healthy641.jpg,healthy,irish
D:\Potato\IrishPotato37G_full\healthy\healthy2563.jpg,healthy,irish
D:\Potato\IrishPotato37G_full\healthy\healthy4850.jpg,healthy,irish
D:\Potato\IrishPotato37G_full\healthy\healthy309.jpg,healthy,irish
D:\Potato\IrishPotato37G_full\earlyblt\earlyblt2401.jpg,early_blight,irish
D:\Potato\IrishPotato37G_full\earlyblt\earlyblt1417.jpg,early_blight,irish
D:\Potato\IrishPotato37G_full\lateblt\lateblt2444.jpg,late_blight,irish
D:\Potato\IrishPotato37G_full\earlyblt\earlyblt1906.jpg,early_blight,irish
D:\Potato\IrishPotato37G_full\earlyblt\earlyblt658.jpg,early_blight,irish
D:\Potato\IrishPotato37G_full\healthy\healthy4434.jpg,healthy,irish
D:\Potato\non_leaf\coco_person\000000052007.jpg,non_leaf,coco_person
D:\Potato\IrishPotato37G_full\earlyblt\earlyblt1449.jpg,early_blight,irish
D:\Potato\non_leaf\coco_person\000000423123.jpg,non_leaf,coco_person
D:\Potato\non_leaf\coco_person\000000184324.jpg,non_leaf,coco_person
D:\Potato\IrishPotato37G_full\healthy\healthy865.jpg,healthy,irish
D:\Potato\IrishPotato37G_full\earlyblt\earlyblt645.jpg,early_blight,irish
D:\Potato\IrishPotato37G_full\earlyblt\earlyblt1649.jpg,early_blight,irish
D:\Potato\IrishPotato37G_full\healthy\healthy2800.jpg,healthy,irish
D:\Potato\IrishPotato37G_full\healthy\healthy1790.jpg,healthy,irish
D:\Potato\IrishPotato37G_full\healthy\healthy4153.jpg,healthy,irish
D:\Potato\IrishPotato37G_full\healthy\healthy4373.jpg,healthy,irish
D:\Potato\IrishPotato37G_full\lateblt\lateblt424.jpg,late_blight,irish
D:\Potato\IrishPotato37G_full\healthy\healthy300.jpg,healthy,irish
D:\Potato\IrishPotato37G_full\healthy\healthy1605.jpg,healthy,irish
D:\Potato\IrishPotato37G_full\lateblt\lateblt986.jpg,late_blight,irish
D:\Potato\non_leaf\coco_person\000000406129.jpg,non_leaf,coco_person
D:\Potato\IrishPotato37G_full\healthy\healthy3759.jpg,healthy,irish
D:\Potato\IrishPotato37G_full\lateblt\lateblt2291.jpg,late_blight,irish
D:\Potato\IrishPotato37G_full\healthy\healthy59.jpg,healthy,irish
D:\Potato\IrishPotato37G_full\healthy\healthy4187.jpg,healthy,irish
D:\Potato\IrishPotato37G_full\lateblt\lateblt75.jpg,late_blight,irish
D:\Potato\IrishPotato37G_full\lateblt\lateblt2544.jpg,late_blight,irish
D:\Potato\IrishPotato37G_full\lateblt\lateblt2018.jpg,late_blight,irish
D:\Potato\IrishPotato37G_full\lateblt\lateblt1951.jpg,late_blight,irish
D:\Potato\IrishPotato37G_full\earlyblt\earlyblt6340.jpg,early_blight,irish
D:\Potato\IrishPotato37G_full\healthy\healthy1548.jpg,healthy,irish
D:\Potato\IrishPotato37G_full\earlyblt\earlyblt1752.jpg,early_blight,irish
D:\Potato\IrishPotato37G_full\lateblt\lateblt889.jpg,late_blight,irish
D:\Potato\IrishPotato37G_full\healthy\healthy1560.jpg,healthy,irish
D:\Potato\IrishPotato37G_full\healthy\healthy4860.jpg,healthy,irish
D:\Potato\IrishPotato37G_full\healthy\healthy1447.jpg,healthy,irish
D:\Potato\IrishPotato37G_full\lateblt\lateblt1327.jpg,late_blight,irish
D:\Potato\IrishPotato37G_full\earlyblt\earlyblt2627.jpg,early_blight,irish
D:\Potato\IrishPotato37G_full\healthy\healthy1429.jpg,healthy,irish
D:\Potato\IrishPotato37G_full\healthy\healthy4653.jpg,healthy,irish
D:\Potato\IrishPotato37G_full\healthy\healthy1294.jpg,healthy,irish
D:\Potato\IrishPotato37G_full\lateblt\lateblt2809.jpg,late_blight,irish
D:\Potato\IrishPotato37G_full\earlyblt\earlyblt2878.jpg,early_blight,irish
D:\Potato\IrishPotato37G_full\healthy\healthy2292.jpg,healthy,irish
D:\Potato\IrishPotato37G_full\earlyblt\earlyblt458.jpg,early_blight,irish
D:\Potato\IrishPotato37G_full\healthy\healthy4201.jpg,healthy,irish
D:\Potato\IrishPotato37G_full\earlyblt\earlyblt3584.jpg,early_blight,irish
D:\Potato\IrishPotato37G_full\healthy\healthy2478.jpg,healthy,irish
D:\Potato\IrishPotato37G_full\healthy\healthy1531.jpg,healthy,irish
D:\Potato\IrishPotato37G_full\healthy\healthy380.jpg,healthy,irish
D:\Potato\IrishPotato37G_full\lateblt\lateblt294.jpg,late_blight,irish
D:\Potato\IrishPotato37G_full\lateblt\lateblt12.jpg,late_blight,irish
D:\Potato\IrishPotato37G_full\lateblt\lateblt432.jpg,late_blight,irish
D:\Potato\IrishPotato37G_full\lateblt\lateblt158.jpg,late_blight,irish
D:\Potato\non_leaf\coco_person\000000264535.jpg,non_leaf,coco_person
D:\Potato\IrishPotato37G_full\healthy\healthy193.jpg,healthy,irish
D:\Potato\IrishPotato37G_full\lateblt\lateblt2206.jpg,late_blight,irish
D:\Potato\IrishPotato37G_full\earlyblt\earlyblt3125.jpg,early_blight,irish
D:\Potato\IrishPotato37G_full\healthy\healthy1667.jpg,healthy,irish
D:\Potato\IrishPotato37G_full\lateblt\lateblt747.jpg,late_blight,irish
D:\Potato\IrishPotato37G_full\earlyblt\earlyblt3409.jpg,early_blight,irish
D:\Potato\IrishPotato37G_full\lateblt\lateblt1592.jpg,late_blight,irish
D:\Potato\IrishPotato37G_full\healthy\healthy4384.jpg,healthy,irish
D:\Potato\IrishPotato37G_full\earlyblt\earlyblt2103.jpg,early_blight,irish
D:\Potato\IrishPotato37G_full\healthy\healthy1299.jpg,healthy,irish
D:\Potato\non_leaf\coco_person\000000370486.jpg,non_leaf,coco_person
D:\Potato\IrishPotato37G_full\healthy\healthy4651.jpg,healthy,irish
D:\Potato\IrishPotato37G_full\healthy\healthy4068.jpg,healthy,irish
D:\Potato\IrishPotato37G_full\earlyblt\earlyblt6063.jpg,early_blight,irish
D:\Potato\IrishPotato37G_full\healthy\healthy102.jpg,healthy,irish
D:\Potato\IrishPotato37G_full\lateblt\lateblt632.jpg,late_blight,irish
D:\Potato\IrishPotato37G_full\earlyblt\earlyblt976.jpg,early_blight,irish
D:\Potato\IrishPotato37G_full\earlyblt\earlyblt1182.jpg,early_blight,irish
D:\Potato\non_leaf\coco_person\000000506933.jpg,non_leaf,coco_person
D:\Potato\IrishPotato37G_full\healthy\healthy192.jpg,healthy,irish
D:\Potato\non_leaf\coco_person\000000423617.jpg,non_leaf,coco_person
D:\Potato\IrishPotato37G_full\lateblt\lateblt168.jpg,late_blight,irish
D:\Potato\IrishPotato37G_full\lateblt\lateblt5002.jpg,late_blight,irish
D:\Potato\IrishPotato37G_full\earlyblt\earlyblt1565.jpg,early_blight,irish
D:\Potato\IrishPotato37G_full\lateblt\lateblt1345.jpg,late_blight,irish
D:\Potato\IrishPotato37G_full\lateblt\lateblt2519.jpg,late_blight,irish
D:\Potato\IrishPotato37G_full\lateblt\lateblt291.jpg,late_blight,irish
D:\Potato\IrishPotato37G_full\healthy\healthy986.jpg,healthy,irish
D:\Potato\non_leaf\coco_person\000000221291.jpg,non_leaf,coco_person
D:\Potato\IrishPotato37G_full\healthy\healthy522.jpg,healthy,irish
D:\Potato\IrishPotato37G_full\lateblt\lateblt1631.jpg,late_blight,irish
D:\Potato\IrishPotato37G_full\healthy\healthy2243.jpg,healthy,irish
D:\Potato\IrishPotato37G_full\lateblt\lateblt2730.jpg,late_blight,irish
D:\Potato\IrishPotato37G_full\healthy\healthy1684.jpg,healthy,irish
D:\Potato\IrishPotato37G_full\lateblt\lateblt2786.jpg,late_blight,irish
D:\Potato\IrishPotato37G_full\earlyblt\earlyblt974.jpg,early_blight,irish
D:\Potato\IrishPotato37G_full\earlyblt\earlyblt3079.jpg,early_blight,irish
D:\Potato\IrishPotato37G_full\earlyblt\earlyblt347.jpg,early_blight,irish
D:\Potato\IrishPotato37G_full\earlyblt\earlyblt6389.jpg,early_blight,irish
D:\Potato\IrishPotato37G_full\lateblt\lateblt2496.jpg,late_blight,irish
D:\Potato\IrishPotato37G_full\earlyblt\earlyblt1135.jpg,early_blight,irish
D:\Potato\IrishPotato37G_full\earlyblt\earlyblt6941.jpg,early_blight,irish
D:\Potato\non_leaf\coco_person\000000263679.jpg,non_leaf,coco_person
D:\Potato\IrishPotato37G_full\lateblt\lateblt1181.jpg,late_blight,irish
D:\Potato\IrishPotato37G_full\lateblt\lateblt2679.jpg,late_blight,irish
D:\Potato\IrishPotato37G_full\healthy\healthy3771.jpg,healthy,irish
D:\Potato\IrishPotato37G_full\earlyblt\earlyblt3299.jpg,early_blight,irish
D:\Potato\IrishPotato37G_full\earlyblt\earlyblt2132.jpg,early_blight,irish
D:\Potato\IrishPotato37G_full\healthy\healthy3324.jpg,healthy,irish
D:\Potato\IrishPotato37G_full\lateblt\lateblt808.jpg,late_blight,irish
D:\Potato\IrishPotato37G_full\lateblt\lateblt2072.jpg,late_blight,irish
D:\Potato\IrishPotato37G_full\healthy\healthy141.jpg,healthy,irish
D:\Potato\IrishPotato37G_full\healthy\healthy2254.jpg,healthy,irish
D:\Potato\IrishPotato37G_full\healthy\healthy4264.jpg,healthy,irish
D:\Potato\IrishPotato37G_full\lateblt\lateblt5034.jpg,late_blight,irish
D:\Potato\IrishPotato37G_full\earlyblt\earlyblt6951.jpg,early_blight,irish
D:\Potato\IrishPotato37G_full\lateblt\lateblt759.jpg,late_blight,irish
D:\Potato\IrishPotato37G_full\earlyblt\earlyblt1095.jpg,early_blight,irish
D:\Potato\IrishPotato37G_full\lateblt\lateblt2034.jpg,late_blight,irish
D:\Potato\IrishPotato37G_full\healthy\healthy301.jpg,healthy,irish
D:\Potato\IrishPotato37G_full\lateblt\lateblt505.jpg,late_blight,irish
D:\Potato\IrishPotato37G_full\earlyblt\earlyblt7029.jpg,early_blight,irish
D:\Potato\IrishPotato37G_full\earlyblt\earlyblt342.jpg,early_blight,irish
D:\Potato\IrishPotato37G_full\healthy\healthy2968.jpg,healthy,irish
D:\Potato\IrishPotato37G_full\earlyblt\earlyblt6758.jpg,early_blight,irish
D:\Potato\IrishPotato37G_full\healthy\healthy1156.jpg,healthy,irish
D:\Potato\IrishPotato37G_full\healthy\healthy3373.jpg,healthy,irish
D:\Potato\IrishPotato37G_full\healthy\healthy3082.jpg,healthy,irish
D:\Potato\IrishPotato37G_full\healthy\healthy307.jpg,healthy,irish
D:\Potato\IrishPotato37G_full\earlyblt\earlyblt3034.jpg,early_blight,irish
D:\Potato\non_leaf\coco_person\000000415748.jpg,non_leaf,coco_person
D:\Potato\IrishPotato37G_full\healthy\healthy1476.jpg,healthy,irish
D:\Potato\IrishPotato37G_full\healthy\healthy71.jpg,healthy,irish
D:\Potato\IrishPotato37G_full\earlyblt\earlyblt4927.jpg,early_blight,irish
D:\Potato\IrishPotato37G_full\healthy\healthy4115.jpg,healthy,irish
D:\Potato\IrishPotato37G_full\healthy\healthy5459.jpg,healthy,irish
D:\Potato\IrishPotato37G_full\healthy\healthy4400.jpg,healthy,irish
D:\Potato\IrishPotato37G_full\healthy\healthy752.jpg,healthy,irish
D:\Potato\IrishPotato37G_full\earlyblt\earlyblt4952.jpg,early_blight,irish
D:\Potato\IrishPotato37G_full\earlyblt\earlyblt4967.jpg,early_blight,irish
D:\Potato\IrishPotato37G_full\lateblt\lateblt926.jpg,late_blight,irish
D:\Potato\IrishPotato37G_full\lateblt\lateblt1657.jpg,late_blight,irish
D:\Potato\IrishPotato37G_full\lateblt\lateblt914.jpg,late_blight,irish
D:\Potato\IrishPotato37G_full\lateblt\lateblt5022.jpg,late_blight,irish
D:\Potato\IrishPotato37G_full\lateblt\lateblt1190.jpg,late_blight,irish
D:\Potato\IrishPotato37G_full\earlyblt\earlyblt3286.jpg,early_blight,irish
D:\Potato\IrishPotato37G_full\healthy\healthy3729.jpg,healthy,irish
D:\Potato\IrishPotato37G_full\lateblt\lateblt1636.jpg,late_blight,irish
D:\Potato\non_leaf\coco_person\000000016228.jpg,non_leaf,coco_person
D:\Potato\IrishPotato37G_full\healthy\healthy4841.jpg,healthy,irish
D:\Potato\IrishPotato37G_full\healthy\healthy2599.jpg,healthy,irish
D:\Potato\IrishPotato37G_full\lateblt\lateblt1103.jpg,late_blight,irish
D:\Potato\IrishPotato37G_full\earlyblt\earlyblt6371.jpg,early_blight,irish
D:\Potato\IrishPotato37G_full\healthy\healthy1427.jpg,healthy,irish
D:\Potato\IrishPotato37G_full\lateblt\lateblt622.jpg,late_blight,irish
D:\Potato\IrishPotato37G_full\lateblt\lateblt451.jpg,late_blight,irish
D:\Potato\IrishPotato37G_full\earlyblt\earlyblt1474.jpg,early_blight,irish
D:\Potato\IrishPotato37G_full\healthy\healthy2116.jpg,healthy,irish
D:\Potato\IrishPotato37G_full\earlyblt\earlyblt365.jpg,early_blight,irish
D:\Potato\non_leaf\coco_person\000000183675.jpg,non_leaf,coco_person
D:\Potato\IrishPotato37G_full\lateblt\lateblt5065.jpg,late_blight,irish
D:\Potato\IrishPotato37G_full\lateblt\lateblt1698.jpg,late_blight,irish
D:\Potato\IrishPotato37G_full\earlyblt\earlyblt3996.jpg,early_blight,irish
D:\Potato\IrishPotato37G_full\earlyblt\earlyblt4832.jpg,early_blight,irish
D:\Potato\IrishPotato37G_full\lateblt\lateblt582.jpg,late_blight,irish
D:\Potato\IrishPotato37G_full\lateblt\lateblt1604.jpg,late_blight,irish
D:\Potato\IrishPotato37G_full\earlyblt\earlyblt6681.jpg,early_blight,irish
D:\Potato\IrishPotato37G_full\healthy\healthy2477.jpg,healthy,irish
D:\Potato\IrishPotato37G_full\healthy\healthy2890.jpg,healthy,irish
D:\Potato\IrishPotato37G_full\lateblt\lateblt2588.jpg,late_blight,irish
D:\Potato\IrishPotato37G_full\earlyblt\earlyblt6634.jpg,early_blight,irish
D:\Potato\IrishPotato37G_full\lateblt\lateblt91.jpg,late_blight,irish
D:\Potato\IrishPotato37G_full\healthy\healthy49.jpg,healthy,irish
D:\Potato\IrishPotato37G_full\lateblt\lateblt2552.jpg,late_blight,irish
D:\Potato\IrishPotato37G_full\earlyblt\earlyblt2673.jpg,early_blight,irish
D:\Potato\IrishPotato37G_full\healthy\healthy3492.jpg,healthy,irish
D:\Potato\non_leaf\coco_person\000000494869.jpg,non_leaf,coco_person
D:\Potato\IrishPotato37G_full\earlyblt\earlyblt3236.jpg,early_blight,irish
D:\Potato\IrishPotato37G_full\lateblt\lateblt827.jpg,late_blight,irish
D:\Potato\IrishPotato37G_full\lateblt\lateblt2188.jpg,late_blight,irish
D:\Potato\IrishPotato37G_full\lateblt\lateblt1470.jpg,late_blight,irish
D:\Potato\IrishPotato37G_full\healthy\healthy2433.jpg,healthy,irish
D:\Potato\non_leaf\coco_person\000000208423.jpg,non_leaf,coco_person
D:\Potato\IrishPotato37G_full\earlyblt\earlyblt6954.jpg,early_blight,irish
D:\Potato\IrishPotato37G_full\lateblt\lateblt852.jpg,late_blight,irish
D:\Potato\IrishPotato37G_full\earlyblt\earlyblt2461.jpg,early_blight,irish
D:\Potato\IrishPotato37G_full\healthy\healthy3663.jpg,healthy,irish
D:\Potato\IrishPotato37G_full\healthy\healthy3781.jpg,healthy,irish
D:\Potato\IrishPotato37G_full\lateblt\lateblt844.jpg,late_blight,irish
D:\Potato\IrishPotato37G_full\earlyblt\earlyblt1896.jpg,early_blight,irish
D:\Potato\IrishPotato37G_full\earlyblt\earlyblt1997.jpg,early_blight,irish
D:\Potato\IrishPotato37G_full\healthy\healthy389.jpg,healthy,irish
D:\Potato\IrishPotato37G_full\lateblt\lateblt1344.jpg,late_blight,irish
D:\Potato\IrishPotato37G_full\lateblt\lateblt2013.jpg,late_blight,irish
D:\Potato\IrishPotato37G_full\earlyblt\earlyblt6297.jpg,early_blight,irish
D:\Potato\IrishPotato37G_full\earlyblt\earlyblt6020.jpg,early_blight,irish
D:\Potato\IrishPotato37G_full\earlyblt\earlyblt2840.jpg,early_blight,irish
D:\Potato\IrishPotato37G_full\earlyblt\earlyblt183.jpg,early_blight,irish
D:\Potato\IrishPotato37G_full\earlyblt\earlyblt6650.jpg,early_blight,irish
D:\Potato\IrishPotato37G_full\healthy\healthy4207.jpg,healthy,irish
D:\Potato\IrishPotato37G_full\healthy\healthy4932.jpg,healthy,irish
D:\Potato\non_leaf\coco_person\000000255749.jpg,non_leaf,coco_person
D:\Potato\IrishPotato37G_full\healthy\healthy4603.jpg,healthy,irish
D:\Potato\IrishPotato37G_full\earlyblt\earlyblt1069.jpg,early_blight,irish
D:\Potato\IrishPotato37G_full\earlyblt\earlyblt2057.jpg,early_blight,irish
D:\Potato\IrishPotato37G_full\lateblt\lateblt2028.jpg,late_blight,irish
D:\Potato\IrishPotato37G_full\healthy\healthy2803.jpg,healthy,irish
D:\Potato\IrishPotato37G_full\earlyblt\earlyblt812.jpg,early_blight,irish
D:\Potato\IrishPotato37G_full\earlyblt\earlyblt3014.jpg,early_blight,irish
D:\Potato\IrishPotato37G_full\lateblt\lateblt1557.jpg,late_blight,irish
D:\Potato\IrishPotato37G_full\healthy\healthy1257.jpg,healthy,irish
D:\Potato\IrishPotato37G_full\lateblt\lateblt760.jpg,late_blight,irish
D:\Potato\IrishPotato37G_full\lateblt\lateblt1476.jpg,late_blight,irish
D:\Potato\non_leaf\coco_person\000000466986.jpg,non_leaf,coco_person
D:\Potato\IrishPotato37G_full\earlyblt\earlyblt872.jpg,early_blight,irish
D:\Potato\IrishPotato37G_full\lateblt\lateblt1556.jpg,late_blight,irish
D:\Potato\IrishPotato37G_full\earlyblt\earlyblt1537.jpg,early_blight,irish
D:\Potato\non_leaf\coco_person\000000277020.jpg,non_leaf,coco_person
D:\Potato\IrishPotato37G_full\lateblt\lateblt2015.jpg,late_blight,irish
D:\Potato\IrishPotato37G_full\lateblt\lateblt1443.jpg,late_blight,irish
D:\Potato\IrishPotato37G_full\healthy\healthy1267.jpg,healthy,irish
D:\Potato\IrishPotato37G_full\lateblt\lateblt5039.jpg,late_blight,irish
D:\Potato\IrishPotato37G_full\healthy\healthy27.jpg,healthy,irish
D:\Potato\IrishPotato37G_full\healthy\healthy4445.jpg,healthy,irish
D:\Potato\IrishPotato37G_full\lateblt\lateblt1942.jpg,late_blight,irish
D:\Potato\IrishPotato37G_full\healthy\healthy3588.jpg,healthy,irish
D:\Potato\IrishPotato37G_full\lateblt\lateblt1559.jpg,late_blight,irish
D:\Potato\IrishPotato37G_full\earlyblt\earlyblt6636.jpg,early_blight,irish
D:\Potato\IrishPotato37G_full\earlyblt\earlyblt3294.jpg,early_blight,irish
D:\Potato\IrishPotato37G_full\earlyblt\earlyblt3560.jpg,early_blight,irish
D:\Potato\IrishPotato37G_full\healthy\healthy3652.jpg,healthy,irish
D:\Potato\IrishPotato37G_full\healthy\healthy3968.jpg,healthy,irish
D:\Potato\IrishPotato37G_full\healthy\healthy4419.jpg,healthy,irish
D:\Potato\IrishPotato37G_full\lateblt\lateblt1570.jpg,late_blight,irish
D:\Potato\IrishPotato37G_full\lateblt\lateblt1673.jpg,late_blight,irish
D:\Potato\IrishPotato37G_full\lateblt\lateblt2717.jpg,late_blight,irish
D:\Potato\IrishPotato37G_full\healthy\healthy2597.jpg,healthy,irish
D:\Potato\IrishPotato37G_full\lateblt\lateblt2570.jpg,late_blight,irish
D:\Potato\IrishPotato37G_full\lateblt\lateblt201.jpg,late_blight,irish
D:\Potato\IrishPotato37G_full\earlyblt\earlyblt2557.jpg,early_blight,irish
D:\Potato\IrishPotato37G_full\lateblt\lateblt1485.jpg,late_blight,irish
D:\Potato\IrishPotato37G_full\earlyblt\earlyblt703.jpg,early_blight,irish
D:\Potato\IrishPotato37G_full\healthy\healthy4761.jpg,healthy,irish
D:\Potato\IrishPotato37G_full\earlyblt\earlyblt2002.jpg,early_blight,irish
D:\Potato\IrishPotato37G_full\earlyblt\earlyblt1858.jpg,early_blight,irish
D:\Potato\IrishPotato37G_full\lateblt\lateblt589.jpg,late_blight,irish
D:\Potato\IrishPotato37G_full\healthy\healthy1286.jpg,healthy,irish
D:\Potato\IrishPotato37G_full\lateblt\lateblt2971.jpg,late_blight,irish
D:\Potato\non_leaf\coco_person\000000416451.jpg,non_leaf,coco_person
D:\Potato\IrishPotato37G_full\earlyblt\earlyblt2503.jpg,early_blight,irish
D:\Potato\non_leaf\coco_person\000000118921.jpg,non_leaf,coco_person
D:\Potato\IrishPotato37G_full\healthy\healthy4241.jpg,healthy,irish
D:\Potato\IrishPotato37G_full\lateblt\lateblt913.jpg,late_blight,irish
D:\Potato\IrishPotato37G_full\lateblt\lateblt848.jpg,late_blight,irish
D:\Potato\IrishPotato37G_full\lateblt\lateblt5044.jpg,late_blight,irish
D:\Potato\IrishPotato37G_full\earlyblt\earlyblt839.jpg,early_blight,irish
D:\Potato\IrishPotato37G_full\healthy\healthy182.jpg,healthy,irish
D:\Potato\IrishPotato37G_full\earlyblt\earlyblt2184.jpg,early_blight,irish
D:\Potato\IrishPotato37G_full\healthy\healthy4921.jpg,healthy,irish
D:\Potato\IrishPotato37G_full\lateblt\lateblt258.jpg,late_blight,irish
D:\Potato\IrishPotato37G_full\earlyblt\earlyblt2989.jpg,early_blight,irish
D:\Potato\IrishPotato37G_full\healthy\healthy1535.jpg,healthy,irish
D:\Potato\IrishPotato37G_full\healthy\healthy4673.jpg,healthy,irish
D:\Potato\IrishPotato37G_full\earlyblt\earlyblt1735.jpg,early_blight,irish
D:\Potato\IrishPotato37G_full\lateblt\lateblt233.jpg,late_blight,irish
D:\Potato\IrishPotato37G_full\earlyblt\earlyblt1943.jpg,early_blight,irish
D:\Potato\IrishPotato37G_full\earlyblt\earlyblt4983.jpg,early_blight,irish
D:\Potato\IrishPotato37G_full\earlyblt\earlyblt3047.jpg,early_blight,irish
D:\Potato\IrishPotato37G_full\earlyblt\earlyblt1081.jpg,early_blight,irish
D:\Potato\IrishPotato37G_full\lateblt\lateblt242.jpg,late_blight,irish
D:\Potato\IrishPotato37G_full\lateblt\lateblt2121.jpg,late_blight,irish
D:\Potato\IrishPotato37G_full\healthy\healthy2382.jpg,healthy,irish
D:\Potato\IrishPotato37G_full\earlyblt\earlyblt6236.jpg,early_blight,irish
D:\Potato\IrishPotato37G_full\healthy\healthy2750.jpg,healthy,irish
D:\Potato\IrishPotato37G_full\healthy\healthy1282.jpg,healthy,irish
D:\Potato\IrishPotato37G_full\lateblt\lateblt2196.jpg,late_blight,irish
D:\Potato\IrishPotato37G_full\lateblt\lateblt1919.jpg,late_blight,irish
D:\Potato\IrishPotato37G_full\earlyblt\earlyblt1051.jpg,early_blight,irish
D:\Potato\IrishPotato37G_full\healthy\healthy2468.jpg,healthy,irish
D:\Potato\IrishPotato37G_full\lateblt\lateblt287.jpg,late_blight,irish
D:\Potato\IrishPotato37G_full\earlyblt\earlyblt2424.jpg,early_blight,irish
D:\Potato\IrishPotato37G_full\healthy\healthy4167.jpg,healthy,irish
D:\Potato\IrishPotato37G_full\healthy\healthy393.jpg,healthy,irish
D:\Potato\IrishPotato37G_full\lateblt\lateblt471.jpg,late_blight,irish
D:\Potato\IrishPotato37G_full\earlyblt\earlyblt1459.jpg,early_blight,irish
D:\Potato\IrishPotato37G_full\healthy\healthy355.jpg,healthy,irish
D:\Potato\IrishPotato37G_full\lateblt\lateblt576.jpg,late_blight,irish
D:\Potato\IrishPotato37G_full\healthy\healthy3705.jpg,healthy,irish
D:\Potato\non_leaf\coco_person\000000146155.jpg,non_leaf,coco_person
D:\Potato\IrishPotato37G_full\lateblt\lateblt2564.jpg,late_blight,irish
D:\Potato\IrishPotato37G_full\earlyblt\earlyblt3882.jpg,early_blight,irish
D:\Potato\IrishPotato37G_full\earlyblt\earlyblt448.jpg,early_blight,irish
D:\Potato\IrishPotato37G_full\lateblt\lateblt2621.jpg,late_blight,irish
D:\Potato\IrishPotato37G_full\healthy\healthy3064.jpg,healthy,irish
D:\Potato\IrishPotato37G_full\earlyblt\earlyblt666.jpg,early_blight,irish
D:\Potato\IrishPotato37G_full\lateblt\lateblt1992.jpg,late_blight,irish
D:\Potato\IrishPotato37G_full\healthy\healthy2289.jpg,healthy,irish
D:\Potato\IrishPotato37G_full\healthy\healthy4996.jpg,healthy,irish
D:\Potato\IrishPotato37G_full\healthy\healthy636.jpg,healthy,irish
D:\Potato\non_leaf\coco_person\000000173008.jpg,non_leaf,coco_person
D:\Potato\IrishPotato37G_full\lateblt\lateblt1695.jpg,late_blight,irish
D:\Potato\IrishPotato37G_full\healthy\healthy2223.jpg,healthy,irish
D:\Potato\IrishPotato37G_full\earlyblt\earlyblt3472.jpg,early_blight,irish
D:\Potato\IrishPotato37G_full\earlyblt\earlyblt2778.jpg,early_blight,irish
D:\Potato\IrishPotato37G_full\healthy\healthy824.jpg,healthy,irish
D:\Potato\IrishPotato37G_full\earlyblt\earlyblt169.jpg,early_blight,irish
D:\Potato\IrishPotato37G_full\earlyblt\earlyblt1053.jpg,early_blight,irish
D:\Potato\non_leaf\coco_person\000000578489.jpg,non_leaf,coco_person
D:\Potato\IrishPotato37G_full\healthy\healthy4607.jpg,healthy,irish
D:\Potato\non_leaf\coco_person\000000394510.jpg,non_leaf,coco_person
D:\Potato\IrishPotato37G_full\earlyblt\earlyblt786.jpg,early_blight,irish
D:\Potato\IrishPotato37G_full\earlyblt\earlyblt2754.jpg,early_blight,irish
D:\Potato\IrishPotato37G_full\earlyblt\earlyblt1130.jpg,early_blight,irish
D:\Potato\IrishPotato37G_full\earlyblt\earlyblt2069.jpg,early_blight,irish
D:\Potato\IrishPotato37G_full\healthy\healthy2015.jpg,healthy,irish
D:\Potato\IrishPotato37G_full\earlyblt\earlyblt3004.jpg,early_blight,irish
D:\Potato\IrishPotato37G_full\earlyblt\earlyblt6461.jpg,early_blight,irish
D:\Potato\IrishPotato37G_full\earlyblt\earlyblt6912.jpg,early_blight,irish
D:\Potato\IrishPotato37G_full\healthy\healthy3312.jpg,healthy,irish
D:\Potato\IrishPotato37G_full\earlyblt\earlyblt1839.jpg,early_blight,irish
D:\Potato\IrishPotato37G_full\lateblt\lateblt5051.jpg,late_blight,irish
D:\Potato\IrishPotato37G_full\lateblt\lateblt498.jpg,late_blight,irish
D:\Potato\IrishPotato37G_full\lateblt\lateblt613.jpg,late_blight,irish
D:\Potato\IrishPotato37G_full\healthy\healthy3537.jpg,healthy,irish
D:\Potato\IrishPotato37G_full\lateblt\lateblt744.jpg,late_blight,irish
D:\Potato\IrishPotato37G_full\lateblt\lateblt1996.jpg,late_blight,irish
D:\Potato\IrishPotato37G_full\lateblt\lateblt1186.jpg,late_blight,irish
D:\Potato\IrishPotato37G_full\healthy\healthy3046.jpg,healthy,irish
D:\Potato\IrishPotato37G_full\healthy\healthy4146.jpg,healthy,irish
D:\Potato\IrishPotato37G_full\lateblt\lateblt796.jpg,late_blight,irish
D:\Potato\IrishPotato37G_full\lateblt\lateblt2818.jpg,late_blight,irish
D:\Potato\IrishPotato37G_full\earlyblt\earlyblt758.jpg,early_blight,irish
D:\Potato\IrishPotato37G_full\earlyblt\earlyblt4910.jpg,early_blight,irish
D:\Potato\IrishPotato37G_full\earlyblt\earlyblt6001.jpg,early_blight,irish
D:\Potato\IrishPotato37G_full\lateblt\lateblt1603.jpg,late_blight,irish
D:\Potato\IrishPotato37G_full\earlyblt\earlyblt1880.jpg,early_blight,irish
D:\Potato\IrishPotato37G_full\lateblt\lateblt2698.jpg,late_blight,irish
D:\Potato\IrishPotato37G_full\lateblt\lateblt248.jpg,late_blight,irish
D:\Potato\IrishPotato37G_full\healthy\healthy652.jpg,healthy,irish
D:\Potato\IrishPotato37G_full\earlyblt\earlyblt1789.jpg,early_blight,irish
D:\Potato\IrishPotato37G_full\lateblt\lateblt763.jpg,late_blight,irish
D:\Potato\IrishPotato37G_full\earlyblt\earlyblt1059.jpg,early_blight,irish
D:\Potato\IrishPotato37G_full\lateblt\lateblt1372.jpg,late_blight,irish
D:\Potato\IrishPotato37G_full\earlyblt\earlyblt1538.jpg,early_blight,irish
D:\Potato\non_leaf\coco_person\000000443969.jpg,non_leaf,coco_person
D:\Potato\IrishPotato37G_full\lateblt\lateblt2045.jpg,late_blight,irish
D:\Potato\IrishPotato37G_full\lateblt\lateblt1628.jpg,late_blight,irish
D:\Potato\IrishPotato37G_full\lateblt\lateblt1482.jpg,late_blight,irish
D:\Potato\IrishPotato37G_full\lateblt\lateblt115.jpg,late_blight,irish
D:\Potato\IrishPotato37G_full\healthy\healthy1220.jpg,healthy,irish
D:\Potato\IrishPotato37G_full\lateblt\lateblt2875.jpg,late_blight,irish
D:\Potato\IrishPotato37G_full\healthy\healthy4268.jpg,healthy,irish
D:\Potato\IrishPotato37G_full\healthy\healthy3191.jpg,healthy,irish
D:\Potato\IrishPotato37G_full\healthy\healthy4390.jpg,healthy,irish
D:\Potato\IrishPotato37G_full\healthy\healthy2093.jpg,healthy,irish
D:\Potato\IrishPotato37G_full\lateblt\lateblt60.jpg,late_blight,irish
D:\Potato\IrishPotato37G_full\lateblt\lateblt587.jpg,late_blight,irish
D:\Potato\IrishPotato37G_full\earlyblt\earlyblt2279.jpg,early_blight,irish
D:\Potato\IrishPotato37G_full\lateblt\lateblt996.jpg,late_blight,irish
D:\Potato\IrishPotato37G_full\lateblt\lateblt1446.jpg,late_blight,irish
D:\Potato\IrishPotato37G_full\healthy\healthy4754.jpg,healthy,irish
D:\Potato\IrishPotato37G_full\healthy\healthy2947.jpg,healthy,irish
D:\Potato\IrishPotato37G_full\earlyblt\earlyblt2037.jpg,early_blight,irish
D:\Potato\IrishPotato37G_full\healthy\healthy702.jpg,healthy,irish
D:\Potato\IrishPotato37G_full\lateblt\lateblt1516.jpg,late_blight,irish
D:\Potato\IrishPotato37G_full\healthy\healthy4283.jpg,healthy,irish
D:\Potato\IrishPotato37G_full\lateblt\lateblt2478.jpg,late_blight,irish
D:\Potato\IrishPotato37G_full\healthy\healthy1381.jpg,healthy,irish
D:\Potato\IrishPotato37G_full\lateblt\lateblt2903.jpg,late_blight,irish
D:\Potato\IrishPotato37G_full\healthy\healthy4094.jpg,healthy,irish
D:\Potato\IrishPotato37G_full\earlyblt\earlyblt154.jpg,early_blight,irish
D:\Potato\IrishPotato37G_full\lateblt\lateblt185.jpg,late_blight,irish
D:\Potato\IrishPotato37G_full\earlyblt\earlyblt1569.jpg,early_blight,irish
D:\Potato\IrishPotato37G_full\healthy\healthy1177.jpg,healthy,irish
D:\Potato\IrishPotato37G_full\healthy\healthy5281.jpg,healthy,irish
D:\Potato\IrishPotato37G_full\earlyblt\earlyblt6079.jpg,early_blight,irish
D:\Potato\IrishPotato37G_full\healthy\healthy1236.jpg,healthy,irish
D:\Potato\IrishPotato37G_full\earlyblt\earlyblt4969.jpg,early_blight,irish
D:\Potato\IrishPotato37G_full\lateblt\lateblt277.jpg,late_blight,irish
D:\Potato\IrishPotato37G_full\healthy\healthy2063.jpg,healthy,irish
D:\Potato\IrishPotato37G_full\lateblt\lateblt2095.jpg,late_blight,irish
D:\Potato\IrishPotato37G_full\earlyblt\earlyblt2620.jpg,early_blight,irish
D:\Potato\IrishPotato37G_full\healthy\healthy1406.jpg,healthy,irish
D:\Potato\IrishPotato37G_full\lateblt\lateblt696.jpg,late_blight,irish
D:\Potato\IrishPotato37G_full\healthy\healthy3739.jpg,healthy,irish
D:\Potato\IrishPotato37G_full\healthy\healthy822.jpg,healthy,irish
D:\Potato\IrishPotato37G_full\earlyblt\earlyblt3414.jpg,early_blight,irish
D:\Potato\IrishPotato37G_full\lateblt\lateblt2982.jpg,late_blight,irish
D:\Potato\IrishPotato37G_full\healthy\healthy1331.jpg,healthy,irish
D:\Potato\IrishPotato37G_full\earlyblt\earlyblt2623.jpg,early_blight,irish
D:\Potato\IrishPotato37G_full\healthy\healthy3058.jpg,healthy,irish
D:\Potato\IrishPotato37G_full\healthy\healthy874.jpg,healthy,irish
D:\Potato\IrishPotato37G_full\earlyblt\earlyblt6203.jpg,early_blight,irish
D:\Potato\IrishPotato37G_full\healthy\healthy2451.jpg,healthy,irish
D:\Potato\IrishPotato37G_full\healthy\healthy3349.jpg,healthy,irish
D:\Potato\IrishPotato37G_full\lateblt\lateblt1332.jpg,late_blight,irish
D:\Potato\IrishPotato37G_full\lateblt\lateblt1448.jpg,late_blight,irish
D:\Potato\IrishPotato37G_full\healthy\healthy4291.jpg,healthy,irish
D:\Potato\IrishPotato37G_full\earlyblt\earlyblt7024.jpg,early_blight,irish
D:\Potato\IrishPotato37G_full\earlyblt\earlyblt1497.jpg,early_blight,irish
D:\Potato\non_leaf\coco_person\000000257865.jpg,non_leaf,coco_person
D:\Potato\IrishPotato37G_full\earlyblt\earlyblt305.jpg,early_blight,irish
D:\Potato\IrishPotato37G_full\lateblt\lateblt2622.jpg,late_blight,irish
D:\Potato\IrishPotato37G_full\healthy\healthy2847.jpg,healthy,irish
D:\Potato\non_leaf\coco_person\000000323263.jpg,non_leaf,coco_person
D:\Potato\IrishPotato37G_full\earlyblt\earlyblt3460.jpg,early_blight,irish
D:\Potato\IrishPotato37G_full\healthy\healthy2204.jpg,healthy,irish
D:\Potato\IrishPotato37G_full\healthy\healthy4427.jpg,healthy,irish
D:\Potato\IrishPotato37G_full\earlyblt\earlyblt1971.jpg,early_blight,irish
D:\Potato\IrishPotato37G_full\healthy\healthy2784.jpg,healthy,irish
D:\Potato\IrishPotato37G_full\healthy\healthy3322.jpg,healthy,irish
D:\Potato\IrishPotato37G_full\lateblt\lateblt2625.jpg,late_blight,irish
D:\Potato\IrishPotato37G_full\lateblt\lateblt145.jpg,late_blight,irish
D:\Potato\IrishPotato37G_full\healthy\healthy1178.jpg,healthy,irish
D:\Potato\IrishPotato37G_full\healthy\healthy5141.jpg,healthy,irish
D:\Potato\IrishPotato37G_full\earlyblt\earlyblt3049.jpg,early_blight,irish
D:\Potato\IrishPotato37G_full\lateblt\lateblt702.jpg,late_blight,irish
D:\Potato\IrishPotato37G_full\earlyblt\earlyblt1004.jpg,early_blight,irish
D:\Potato\non_leaf\coco_person\000000276024.jpg,non_leaf,coco_person
D:\Potato\IrishPotato37G_full\healthy\healthy2177.jpg,healthy,irish
D:\Potato\IrishPotato37G_full\healthy\healthy1734.jpg,healthy,irish
D:\Potato\IrishPotato37G_full\earlyblt\earlyblt6406.jpg,early_blight,irish
D:\Potato\IrishPotato37G_full\lateblt\lateblt2882.jpg,late_blight,irish
D:\Potato\IrishPotato37G_full\earlyblt\earlyblt6384.jpg,early_blight,irish
D:\Potato\IrishPotato37G_full\earlyblt\earlyblt3020.jpg,early_blight,irish
D:\Potato\IrishPotato37G_full\earlyblt\earlyblt6780.jpg,early_blight,irish
D:\Potato\IrishPotato37G_full\lateblt\lateblt1994.jpg,late_blight,irish
D:\Potato\IrishPotato37G_full\lateblt\lateblt2231.jpg,late_blight,irish
D:\Potato\IrishPotato37G_full\healthy\healthy5649.jpg,healthy,irish
D:\Potato\IrishPotato37G_full\lateblt\lateblt1122.jpg,late_blight,irish
D:\Potato\IrishPotato37G_full\earlyblt\earlyblt6024.jpg,early_blight,irish
D:\Potato\IrishPotato37G_full\earlyblt\earlyblt6480.jpg,early_blight,irish
D:\Potato\IrishPotato37G_full\healthy\healthy4351.jpg,healthy,irish
D:\Potato\IrishPotato37G_full\earlyblt\earlyblt2695.jpg,early_blight,irish
D:\Potato\IrishPotato37G_full\earlyblt\earlyblt182.jpg,early_blight,irish
D:\Potato\IrishPotato37G_full\healthy\healthy4287.jpg,healthy,irish
D:\Potato\IrishPotato37G_full\lateblt\lateblt141.jpg,late_blight,irish
D:\Potato\IrishPotato37G_full\earlyblt\earlyblt2628.jpg,early_blight,irish
D:\Potato\IrishPotato37G_full\healthy\healthy1201.jpg,healthy,irish
D:\Potato\IrishPotato37G_full\healthy\healthy3337.jpg,healthy,irish
D:\Potato\IrishPotato37G_full\healthy\healthy4876.jpg,healthy,irish
D:\Potato\IrishPotato37G_full\earlyblt\earlyblt314.jpg,early_blight,irish
D:\Potato\IrishPotato37G_full\earlyblt\earlyblt966.jpg,early_blight,irish
D:\Potato\IrishPotato37G_full\earlyblt\earlyblt959.jpg,early_blight,irish
D:\Potato\IrishPotato37G_full\healthy\healthy1116.jpg,healthy,irish
D:\Potato\IrishPotato37G_full\healthy\healthy3586.jpg,healthy,irish
D:\Potato\IrishPotato37G_full\earlyblt\earlyblt454.jpg,early_blight,irish
D:\Potato\IrishPotato37G_full\earlyblt\earlyblt4693.jpg,early_blight,irish
D:\Potato\IrishPotato37G_full\earlyblt\earlyblt3184.jpg,early_blight,irish
D:\Potato\IrishPotato37G_full\healthy\healthy4762.jpg,healthy,irish
D:\Potato\non_leaf\coco_person\000000188465.jpg,non_leaf,coco_person
D:\Potato\IrishPotato37G_full\healthy\healthy2861.jpg,healthy,irish
D:\Potato\IrishPotato37G_full\earlyblt\earlyblt2911.jpg,early_blight,irish
D:\Potato\IrishPotato37G_full\lateblt\lateblt1389.jpg,late_blight,irish
D:\Potato\IrishPotato37G_full\earlyblt\earlyblt6354.jpg,early_blight,irish
D:\Potato\IrishPotato37G_full\lateblt\lateblt1325.jpg,late_blight,irish
D:\Potato\IrishPotato37G_full\earlyblt\earlyblt7016.jpg,early_blight,irish
D:\Potato\IrishPotato37G_full\earlyblt\earlyblt6060.jpg,early_blight,irish
D:\Potato\IrishPotato37G_full\earlyblt\earlyblt1125.jpg,early_blight,irish
D:\Potato\IrishPotato37G_full\lateblt\lateblt2993.jpg,late_blight,irish
D:\Potato\IrishPotato37G_full\earlyblt\earlyblt483.jpg,early_blight,irish
D:\Potato\non_leaf\coco_person\000000356094.jpg,non_leaf,coco_person
D:\Potato\IrishPotato37G_full\lateblt\lateblt67.jpg,late_blight,irish
D:\Potato\IrishPotato37G_full\healthy\healthy1273.jpg,healthy,irish
D:\Potato\IrishPotato37G_full\earlyblt\earlyblt852.jpg,early_blight,irish
D:\Potato\IrishPotato37G_full\lateblt\lateblt2584.jpg,late_blight,irish
D:\Potato\IrishPotato37G_full\lateblt\lateblt199.jpg,late_blight,irish
D:\Potato\IrishPotato37G_full\lateblt\lateblt2776.jpg,late_blight,irish
D:\Potato\IrishPotato37G_full\healthy\healthy1561.jpg,healthy,irish
D:\Potato\IrishPotato37G_full\lateblt\lateblt1536.jpg,late_blight,irish
D:\Potato\IrishPotato37G_full\earlyblt\earlyblt2901.jpg,early_blight,irish
D:\Potato\IrishPotato37G_full\earlyblt\earlyblt2955.jpg,early_blight,irish
D:\Potato\IrishPotato37G_full\earlyblt\earlyblt3925.jpg,early_blight,irish
D:\Potato\IrishPotato37G_full\healthy\healthy1229.jpg,healthy,irish
D:\Potato\IrishPotato37G_full\lateblt\lateblt94.jpg,late_blight,irish
D:\Potato\IrishPotato37G_full\healthy\healthy3659.jpg,healthy,irish
D:\Potato\IrishPotato37G_full\healthy\healthy2222.jpg,healthy,irish
D:\Potato\IrishPotato37G_full\earlyblt\earlyblt1108.jpg,early_blight,irish
D:\Potato\IrishPotato37G_full\earlyblt\earlyblt1020.jpg,early_blight,irish
D:\Potato\IrishPotato37G_full\earlyblt\earlyblt6974.jpg,early_blight,irish
D:\Potato\IrishPotato37G_full\lateblt\lateblt1405.jpg,late_blight,irish
D:\Potato\IrishPotato37G_full\healthy\healthy1727.jpg,healthy,irish
D:\Potato\IrishPotato37G_full\healthy\healthy1662.jpg,healthy,irish
D:\Potato\IrishPotato37G_full\earlyblt\earlyblt1070.jpg,early_blight,irish
D:\Potato\IrishPotato37G_full\lateblt\lateblt1944.jpg,late_blight,irish
D:\Potato\non_leaf\coco_person\000000189752.jpg,non_leaf,coco_person
D:\Potato\IrishPotato37G_full\lateblt\lateblt2164.jpg,late_blight,irish
D:\Potato\IrishPotato37G_full\earlyblt\earlyblt2571.jpg,early_blight,irish
D:\Potato\IrishPotato37G_full\earlyblt\earlyblt3000.jpg,early_blight,irish
D:\Potato\IrishPotato37G_full\lateblt\lateblt2620.jpg,late_blight,irish
D:\Potato\IrishPotato37G_full\healthy\healthy2219.jpg,healthy,irish
D:\Potato\IrishPotato37G_full\healthy\healthy2141.jpg,healthy,irish
D:\Potato\IrishPotato37G_full\healthy\healthy4758.jpg,healthy,irish
D:\Potato\IrishPotato37G_full\earlyblt\earlyblt4689.jpg,early_blight,irish
D:\Potato\non_leaf\coco_person\000000228942.jpg,non_leaf,coco_person
D:\Potato\IrishPotato37G_full\healthy\healthy3060.jpg,healthy,irish
D:\Potato\IrishPotato37G_full\lateblt\lateblt2052.jpg,late_blight,irish
D:\Potato\IrishPotato37G_full\earlyblt\earlyblt2017.jpg,early_blight,irish
D:\Potato\IrishPotato37G_full\healthy\healthy673.jpg,healthy,irish
D:\Potato\IrishPotato37G_full\lateblt\lateblt1433.jpg,late_blight,irish
D:\Potato\IrishPotato37G_full\healthy\healthy2748.jpg,healthy,irish
D:\Potato\non_leaf\coco_person\000000290843.jpg,non_leaf,coco_person
D:\Potato\IrishPotato37G_full\lateblt\lateblt2784.jpg,late_blight,irish
D:\Potato\IrishPotato37G_full\healthy\healthy4930.jpg,healthy,irish
D:\Potato\IrishPotato37G_full\lateblt\lateblt1429.jpg,late_blight,irish
D:\Potato\IrishPotato37G_full\earlyblt\earlyblt3795.jpg,early_blight,irish
D:\Potato\IrishPotato37G_full\healthy\healthy668.jpg,healthy,irish
D:\Potato\IrishPotato37G_full\earlyblt\earlyblt449.jpg,early_blight,irish
D:\Potato\IrishPotato37G_full\lateblt\lateblt1510.jpg,late_blight,irish
D:\Potato\IrishPotato37G_full\earlyblt\earlyblt1478.jpg,early_blight,irish
D:\Potato\IrishPotato37G_full\earlyblt\earlyblt1183.jpg,early_blight,irish
D:\Potato\IrishPotato37G_full\healthy\healthy3616.jpg,healthy,irish
D:\Potato\IrishPotato37G_full\lateblt\lateblt518.jpg,late_blight,irish
D:\Potato\IrishPotato37G_full\healthy\healthy4238.jpg,healthy,irish
D:\Potato\IrishPotato37G_full\earlyblt\earlyblt2960.jpg,early_blight,irish
D:\Potato\non_leaf\coco_person\000000018770.jpg,non_leaf,coco_person
D:\Potato\IrishPotato37G_full\healthy\healthy4621.jpg,healthy,irish
D:\Potato\IrishPotato37G_full\lateblt\lateblt1497.jpg,late_blight,irish
D:\Potato\IrishPotato37G_full\earlyblt\earlyblt6323.jpg,early_blight,irish
D:\Potato\IrishPotato37G_full\lateblt\lateblt2219.jpg,late_blight,irish
D:\Potato\IrishPotato37G_full\healthy\healthy4987.jpg,healthy,irish
D:\Potato\non_leaf\coco_person\000000249786.jpg,non_leaf,coco_person
D:\Potato\IrishPotato37G_full\healthy\healthy3038.jpg,healthy,irish
D:\Potato\IrishPotato37G_full\lateblt\lateblt126.jpg,late_blight,irish
D:\Potato\IrishPotato37G_full\earlyblt\earlyblt689.jpg,early_blight,irish
D:\Potato\IrishPotato37G_full\healthy\healthy546.jpg,healthy,irish
D:\Potato\non_leaf\coco_person\000000117719.jpg,non_leaf,coco_person
D:\Potato\IrishPotato37G_full\healthy\healthy4132.jpg,healthy,irish
D:\Potato\IrishPotato37G_full\lateblt\lateblt2904.jpg,late_blight,irish
D:\Potato\IrishPotato37G_full\lateblt\lateblt2295.jpg,late_blight,irish
D:\Potato\IrishPotato37G_full\healthy\healthy552.jpg,healthy,irish
D:\Potato\IrishPotato37G_full\healthy\healthy785.jpg,healthy,irish
D:\Potato\IrishPotato37G_full\earlyblt\earlyblt6033.jpg,early_blight,irish
D:\Potato\IrishPotato37G_full\lateblt\lateblt2100.jpg,late_blight,irish
D:\Potato\IrishPotato37G_full\earlyblt\earlyblt4732.jpg,early_blight,irish
D:\Potato\IrishPotato37G_full\earlyblt\earlyblt2823.jpg,early_blight,irish
D:\Potato\IrishPotato37G_full\earlyblt\earlyblt1191.jpg,early_blight,irish
D:\Potato\IrishPotato37G_full\earlyblt\earlyblt2591.jpg,early_blight,irish
D:\Potato\IrishPotato37G_full\lateblt\lateblt2819.jpg,late_blight,irish
D:\Potato\IrishPotato37G_full\lateblt\lateblt2783.jpg,late_blight,irish
D:\Potato\IrishPotato37G_full\lateblt\lateblt515.jpg,late_blight,irish
D:\Potato\non_leaf\coco_person\000000233727.jpg,non_leaf,coco_person
D:\Potato\IrishPotato37G_full\earlyblt\earlyblt115.jpg,early_blight,irish
D:\Potato\IrishPotato37G_full\earlyblt\earlyblt429.jpg,early_blight,irish
D:\Potato\IrishPotato37G_full\earlyblt\earlyblt2608.jpg,early_blight,irish
D:\Potato\IrishPotato37G_full\lateblt\lateblt1407.jpg,late_blight,irish
D:\Potato\IrishPotato37G_full\healthy\healthy79.jpg,healthy,irish
D:\Potato\non_leaf\coco_person\000000447088.jpg,non_leaf,coco_person
D:\Potato\IrishPotato37G_full\lateblt\lateblt5057.jpg,late_blight,irish
D:\Potato\IrishPotato37G_full\healthy\healthy1687.jpg,healthy,irish
D:\Potato\IrishPotato37G_full\earlyblt\earlyblt6764.jpg,early_blight,irish
D:\Potato\IrishPotato37G_full\earlyblt\earlyblt1117.jpg,early_blight,irish
D:\Potato\IrishPotato37G_full\earlyblt\earlyblt1747.jpg,early_blight,irish
D:\Potato\IrishPotato37G_full\earlyblt\earlyblt865.jpg,early_blight,irish
D:\Potato\IrishPotato37G_full\earlyblt\earlyblt1824.jpg,early_blight,irish
D:\Potato\IrishPotato37G_full\lateblt\lateblt2691.jpg,late_blight,irish
D:\Potato\IrishPotato37G_full\healthy\healthy4871.jpg,healthy,irish
D:\Potato\non_leaf\coco_person\000000479126.jpg,non_leaf,coco_person
D:\Potato\IrishPotato37G_full\healthy\healthy3926.jpg,healthy,irish
D:\Potato\IrishPotato37G_full\healthy\healthy2499.jpg,healthy,irish
D:\Potato\IrishPotato37G_full\healthy\healthy3989.jpg,healthy,irish
D:\Potato\IrishPotato37G_full\lateblt\lateblt2825.jpg,late_blight,irish
D:\Potato\IrishPotato37G_full\earlyblt\earlyblt6690.jpg,early_blight,irish
D:\Potato\IrishPotato37G_full\earlyblt\earlyblt1041.jpg,early_blight,irish
D:\Potato\IrishPotato37G_full\earlyblt\earlyblt2745.jpg,early_blight,irish
D:\Potato\IrishPotato37G_full\earlyblt\earlyblt253.jpg,early_blight,irish
D:\Potato\IrishPotato37G_full\earlyblt\earlyblt1725.jpg,early_blight,irish
D:\Potato\IrishPotato37G_full\earlyblt\earlyblt3404.jpg,early_blight,irish
D:\Potato\IrishPotato37G_full\earlyblt\earlyblt2045.jpg,early_blight,irish
D:\Potato\IrishPotato37G_full\healthy\healthy1754.jpg,healthy,irish
D:\Potato\IrishPotato37G_full\lateblt\lateblt2450.jpg,late_blight,irish
D:\Potato\IrishPotato37G_full\healthy\healthy4483.jpg,healthy,irish
D:\Potato\IrishPotato37G_full\earlyblt\earlyblt6392.jpg,early_blight,irish
D:\Potato\non_leaf\coco_person\000000345252.jpg,non_leaf,coco_person
D:\Potato\IrishPotato37G_full\healthy\healthy2367.jpg,healthy,irish
D:\Potato\IrishPotato37G_full\earlyblt\earlyblt332.jpg,early_blight,irish
D:\Potato\IrishPotato37G_full\healthy\healthy90.jpg,healthy,irish
D:\Potato\IrishPotato37G_full\earlyblt\earlyblt853.jpg,early_blight,irish
D:\Potato\IrishPotato37G_full\healthy\healthy4725.jpg,healthy,irish
D:\Potato\IrishPotato37G_full\healthy\healthy1415.jpg,healthy,irish
D:\Potato\IrishPotato37G_full\lateblt\lateblt570.jpg,late_blight,irish
D:\Potato\IrishPotato37G_full\lateblt\lateblt2538.jpg,late_blight,irish
D:\Potato\IrishPotato37G_full\healthy\healthy4888.jpg,healthy,irish
D:\Potato\IrishPotato37G_full\healthy\healthy971.jpg,healthy,irish
D:\Potato\IrishPotato37G_full\earlyblt\earlyblt3439.jpg,early_blight,irish
D:\Potato\IrishPotato37G_full\healthy\healthy747.jpg,healthy,irish
D:\Potato\IrishPotato37G_full\lateblt\lateblt1108.jpg,late_blight,irish
D:\Potato\IrishPotato37G_full\healthy\healthy145.jpg,healthy,irish
D:\Potato\IrishPotato37G_full\earlyblt\earlyblt868.jpg,early_blight,irish
D:\Potato\IrishPotato37G_full\earlyblt\earlyblt6663.jpg,early_blight,irish
D:\Potato\IrishPotato37G_full\healthy\healthy2554.jpg,healthy,irish
D:\Potato\IrishPotato37G_full\healthy\healthy2764.jpg,healthy,irish
D:\Potato\IrishPotato37G_full\lateblt\lateblt488.jpg,late_blight,irish
D:\Potato\IrishPotato37G_full\earlyblt\earlyblt1128.jpg,early_blight,irish
D:\Potato\IrishPotato37G_full\healthy\healthy8.jpg,healthy,irish
D:\Potato\IrishPotato37G_full\healthy\healthy3126.jpg,healthy,irish
D:\Potato\IrishPotato37G_full\lateblt\lateblt507.jpg,late_blight,irish
D:\Potato\IrishPotato37G_full\earlyblt\earlyblt3051.jpg,early_blight,irish
D:\Potato\IrishPotato37G_full\healthy\healthy1538.jpg,healthy,irish
D:\Potato\IrishPotato37G_full\earlyblt\earlyblt776.jpg,early_blight,irish
D:\Potato\IrishPotato37G_full\earlyblt\earlyblt1979.jpg,early_blight,irish
D:\Potato\IrishPotato37G_full\earlyblt\earlyblt997.jpg,early_blight,irish
D:\Potato\IrishPotato37G_full\lateblt\lateblt2186.jpg,late_blight,irish
D:\Potato\non_leaf\coco_person\000000446206.jpg,non_leaf,coco_person
D:\Potato\IrishPotato37G_full\lateblt\lateblt1641.jpg,late_blight,irish
D:\Potato\IrishPotato37G_full\earlyblt\earlyblt4915.jpg,early_blight,irish
D:\Potato\IrishPotato37G_full\healthy\healthy4137.jpg,healthy,irish
D:\Potato\IrishPotato37G_full\earlyblt\earlyblt6318.jpg,early_blight,irish
D:\Potato\IrishPotato37G_full\healthy\healthy1713.jpg,healthy,irish
D:\Potato\IrishPotato37G_full\earlyblt\earlyblt6467.jpg,early_blight,irish
D:\Potato\IrishPotato37G_full\earlyblt\earlyblt1060.jpg,early_blight,irish
D:\Potato\IrishPotato37G_full\healthy\healthy2506.jpg,healthy,irish
D:\Potato\IrishPotato37G_full\lateblt\lateblt2908.jpg,late_blight,irish
D:\Potato\IrishPotato37G_full\lateblt\lateblt1383.jpg,late_blight,irish
D:\Potato\IrishPotato37G_full\lateblt\lateblt940.jpg,late_blight,irish
D:\Potato\IrishPotato37G_full\healthy\healthy710.jpg,healthy,irish
D:\Potato\IrishPotato37G_full\healthy\healthy3354.jpg,healthy,irish
D:\Potato\IrishPotato37G_full\healthy\healthy3577.jpg,healthy,irish
D:\Potato\IrishPotato37G_full\lateblt\lateblt1615.jpg,late_blight,irish
D:\Potato\IrishPotato37G_full\earlyblt\earlyblt6428.jpg,early_blight,irish
D:\Potato\IrishPotato37G_full\lateblt\lateblt1300.jpg,late_blight,irish
D:\Potato\IrishPotato37G_full\lateblt\lateblt663.jpg,late_blight,irish
D:\Potato\IrishPotato37G_full\healthy\healthy3714.jpg,healthy,irish
D:\Potato\IrishPotato37G_full\lateblt\lateblt1505.jpg,late_blight,irish
D:\Potato\IrishPotato37G_full\earlyblt\earlyblt6333.jpg,early_blight,irish
D:\Potato\IrishPotato37G_full\earlyblt\earlyblt1764.jpg,early_blight,irish
D:\Potato\IrishPotato37G_full\healthy\healthy3974.jpg,healthy,irish
D:\Potato\IrishPotato37G_full\healthy\healthy3106.jpg,healthy,irish
D:\Potato\IrishPotato37G_full\lateblt\lateblt2626.jpg,late_blight,irish
D:\Potato\non_leaf\coco_person\000000578545.jpg,non_leaf,coco_person
D:\Potato\IrishPotato37G_full\healthy\healthy2128.jpg,healthy,irish
D:\Potato\IrishPotato37G_full\lateblt\lateblt2952.jpg,late_blight,irish
D:\Potato\IrishPotato37G_full\healthy\healthy2816.jpg,healthy,irish
D:\Potato\IrishPotato37G_full\lateblt\lateblt2556.jpg,late_blight,irish
D:\Potato\IrishPotato37G_full\lateblt\lateblt200.jpg,late_blight,irish
D:\Potato\IrishPotato37G_full\lateblt\lateblt2032.jpg,late_blight,irish
D:\Potato\IrishPotato37G_full\lateblt\lateblt2758.jpg,late_blight,irish
D:\Potato\IrishPotato37G_full\healthy\healthy5645.jpg,healthy,irish
D:\Potato\IrishPotato37G_full\healthy\healthy4316.jpg,healthy,irish
D:\Potato\IrishPotato37G_full\earlyblt\earlyblt2118.jpg,early_blight,irish
D:\Potato\IrishPotato37G_full\earlyblt\earlyblt2348.jpg,early_blight,irish
D:\Potato\IrishPotato37G_full\healthy\healthy3071.jpg,healthy,irish
D:\Potato\IrishPotato37G_full\earlyblt\earlyblt2031.jpg,early_blight,irish
D:\Potato\IrishPotato37G_full\healthy\healthy1277.jpg,healthy,irish
D:\Potato\IrishPotato37G_full\lateblt\lateblt2251.jpg,late_blight,irish
D:\Potato\IrishPotato37G_full\lateblt\lateblt5012.jpg,late_blight,irish
D:\Potato\IrishPotato37G_full\earlyblt\earlyblt2566.jpg,early_blight,irish
D:\Potato\IrishPotato37G_full\lateblt\lateblt2590.jpg,late_blight,irish
D:\Potato\IrishPotato37G_full\healthy\healthy3057.jpg,healthy,irish
D:\Potato\IrishPotato37G_full\lateblt\lateblt9.jpg,late_blight,irish
D:\Potato\IrishPotato37G_full\earlyblt\earlyblt2860.jpg,early_blight,irish
D:\Potato\IrishPotato37G_full\lateblt\lateblt2861.jpg,late_blight,irish
D:\Potato\IrishPotato37G_full\earlyblt\earlyblt6410.jpg,early_blight,irish
D:\Potato\IrishPotato37G_full\earlyblt\earlyblt136.jpg,early_blight,irish
D:\Potato\IrishPotato37G_full\earlyblt\earlyblt1760.jpg,early_blight,irish
D:\Potato\IrishPotato37G_full\earlyblt\earlyblt6631.jpg,early_blight,irish
D:\Potato\IrishPotato37G_full\healthy\healthy4051.jpg,healthy,irish
D:\Potato\IrishPotato37G_full\earlyblt\earlyblt2648.jpg,early_blight,irish
D:\Potato\non_leaf\coco_person\000000078404.jpg,non_leaf,coco_person
D:\Potato\IrishPotato37G_full\healthy\healthy5109.jpg,healthy,irish
D:\Potato\IrishPotato37G_full\lateblt\lateblt2987.jpg,late_blight,irish
D:\Potato\IrishPotato37G_full\lateblt\lateblt2041.jpg,late_blight,irish
D:\Potato\IrishPotato37G_full\healthy\healthy4338.jpg,healthy,irish
D:\Potato\IrishPotato37G_full\lateblt\lateblt2740.jpg,late_blight,irish
D:\Potato\IrishPotato37G_full\lateblt\lateblt190.jpg,late_blight,irish
D:\Potato\IrishPotato37G_full\healthy\healthy2353.jpg,healthy,irish
D:\Potato\IrishPotato37G_full\earlyblt\earlyblt1156.jpg,early_blight,irish
D:\Potato\IrishPotato37G_full\earlyblt\earlyblt1455.jpg,early_blight,irish
D:\Potato\IrishPotato37G_full\healthy\healthy4898.jpg,healthy,irish
D:\Potato\non_leaf\coco_person\000000263425.jpg,non_leaf,coco_person
D:\Potato\IrishPotato37G_full\earlyblt\earlyblt1415.jpg,early_blight,irish
D:\Potato\IrishPotato37G_full\healthy\healthy352.jpg,healthy,irish
D:\Potato\IrishPotato37G_full\earlyblt\earlyblt3285.jpg,early_blight,irish
D:\Potato\IrishPotato37G_full\lateblt\lateblt1613.jpg,late_blight,irish
D:\Potato\IrishPotato37G_full\earlyblt\earlyblt353.jpg,early_blight,irish
D:\Potato\IrishPotato37G_full\lateblt\lateblt2883.jpg,late_blight,irish
D:\Potato\non_leaf\coco_person\000000529148.jpg,non_leaf,coco_person
D:\Potato\IrishPotato37G_full\earlyblt\earlyblt331.jpg,early_blight,irish
D:\Potato\IrishPotato37G_full\earlyblt\earlyblt2369.jpg,early_blight,irish
D:\Potato\IrishPotato37G_full\healthy\healthy3513.jpg,healthy,irish
D:\Potato\IrishPotato37G_full\lateblt\lateblt2447.jpg,late_blight,irish
D:\Potato\IrishPotato37G_full\lateblt\lateblt112.jpg,late_blight,irish
D:\Potato\IrishPotato37G_full\lateblt\lateblt124.jpg,late_blight,irish
D:\Potato\IrishPotato37G_full\lateblt\lateblt1678.jpg,late_blight,irish
D:\Potato\IrishPotato37G_full\earlyblt\earlyblt6621.jpg,early_blight,irish
D:\Potato\IrishPotato37G_full\lateblt\lateblt2480.jpg,late_blight,irish
D:\Potato\IrishPotato37G_full\healthy\healthy4055.jpg,healthy,irish
D:\Potato\IrishPotato37G_full\lateblt\lateblt638.jpg,late_blight,irish
D:\Potato\IrishPotato37G_full\earlyblt\earlyblt1962.jpg,early_blight,irish
D:\Potato\IrishPotato37G_full\healthy\healthy4089.jpg,healthy,irish
D:\Potato\non_leaf\coco_person\000000289222.jpg,non_leaf,coco_person
D:\Potato\IrishPotato37G_full\lateblt\lateblt2886.jpg,late_blight,irish
D:\Potato\IrishPotato37G_full\healthy\healthy3943.jpg,healthy,irish
D:\Potato\IrishPotato37G_full\lateblt\lateblt681.jpg,late_blight,irish
D:\Potato\IrishPotato37G_full\healthy\healthy195.jpg,healthy,irish
D:\Potato\IrishPotato37G_full\lateblt\lateblt108.jpg,late_blight,irish
D:\Potato\IrishPotato37G_full\healthy\healthy2426.jpg,healthy,irish
D:\Potato\IrishPotato37G_full\lateblt\lateblt1572.jpg,late_blight,irish
D:\Potato\IrishPotato37G_full\healthy\healthy3128.jpg,healthy,irish
D:\Potato\IrishPotato37G_full\healthy\healthy2726.jpg,healthy,irish
D:\Potato\IrishPotato37G_full\lateblt\lateblt1984.jpg,late_blight,irish
D:\Potato\IrishPotato37G_full\earlyblt\earlyblt1473.jpg,early_blight,irish
D:\Potato\IrishPotato37G_full\healthy\healthy1311.jpg,healthy,irish
D:\Potato\IrishPotato37G_full\earlyblt\earlyblt4817.jpg,early_blight,irish
D:\Potato\IrishPotato37G_full\lateblt\lateblt2163.jpg,late_blight,irish
D:\Potato\IrishPotato37G_full\earlyblt\earlyblt4888.jpg,early_blight,irish
D:\Potato\IrishPotato37G_full\healthy\healthy1495.jpg,healthy,irish
D:\Potato\IrishPotato37G_full\lateblt\lateblt492.jpg,late_blight,irish
D:\Potato\IrishPotato37G_full\earlyblt\earlyblt1554.jpg,early_blight,irish
D:\Potato\IrishPotato37G_full\healthy\healthy3154.jpg,healthy,irish
D:\Potato\IrishPotato37G_full\healthy\healthy4893.jpg,healthy,irish
D:\Potato\IrishPotato37G_full\healthy\healthy5258.jpg,healthy,irish
D:\Potato\IrishPotato37G_full\earlyblt\earlyblt2237.jpg,early_blight,irish
D:\Potato\IrishPotato37G_full\lateblt\lateblt101.jpg,late_blight,irish
D:\Potato\IrishPotato37G_full\healthy\healthy3978.jpg,healthy,irish
D:\Potato\IrishPotato37G_full\lateblt\lateblt2955.jpg,late_blight,irish
D:\Potato\IrishPotato37G_full\lateblt\lateblt1455.jpg,late_blight,irish
D:\Potato\IrishPotato37G_full\lateblt\lateblt1367.jpg,late_blight,irish
D:\Potato\IrishPotato37G_full\lateblt\lateblt1142.jpg,late_blight,irish
D:\Potato\IrishPotato37G_full\healthy\healthy4479.jpg,healthy,irish
D:\Potato\IrishPotato37G_full\healthy\healthy3080.jpg,healthy,irish
D:\Potato\IrishPotato37G_full\healthy\healthy1261.jpg,healthy,irish
D:\Potato\IrishPotato37G_full\earlyblt\earlyblt915.jpg,early_blight,irish
D:\Potato\IrishPotato37G_full\earlyblt\earlyblt649.jpg,early_blight,irish
D:\Potato\IrishPotato37G_full\healthy\healthy1636.jpg,healthy,irish
D:\Potato\IrishPotato37G_full\earlyblt\earlyblt4814.jpg,early_blight,irish
D:\Potato\IrishPotato37G_full\lateblt\lateblt905.jpg,late_blight,irish
D:\Potato\IrishPotato37G_full\lateblt\lateblt1484.jpg,late_blight,irish
D:\Potato\IrishPotato37G_full\earlyblt\earlyblt6055.jpg,early_blight,irish
D:\Potato\IrishPotato37G_full\healthy\healthy3359.jpg,healthy,irish
D:\Potato\IrishPotato37G_full\earlyblt\earlyblt2194.jpg,early_blight,irish
D:\Potato\IrishPotato37G_full\earlyblt\earlyblt1026.jpg,early_blight,irish
D:\Potato\IrishPotato37G_full\lateblt\lateblt2143.jpg,late_blight,irish
D:\Potato\IrishPotato37G_full\earlyblt\earlyblt4895.jpg,early_blight,irish
D:\Potato\IrishPotato37G_full\healthy\healthy3024.jpg,healthy,irish
D:\Potato\IrishPotato37G_full\earlyblt\earlyblt2311.jpg,early_blight,irish
D:\Potato\IrishPotato37G_full\earlyblt\earlyblt6982.jpg,early_blight,irish
D:\Potato\IrishPotato37G_full\lateblt\lateblt457.jpg,late_blight,irish
D:\Potato\IrishPotato37G_full\lateblt\lateblt519.jpg,late_blight,irish
D:\Potato\non_leaf\coco_person\000000162092.jpg,non_leaf,coco_person
D:\Potato\non_leaf\coco_person\000000440171.jpg,non_leaf,coco_person
D:\Potato\IrishPotato37G_full\healthy\healthy4674.jpg,healthy,irish
D:\Potato\IrishPotato37G_full\earlyblt\earlyblt3107.jpg,early_blight,irish
D:\Potato\IrishPotato37G_full\lateblt\lateblt1316.jpg,late_blight,irish
D:\Potato\IrishPotato37G_full\lateblt\lateblt225.jpg,late_blight,irish
D:\Potato\IrishPotato37G_full\earlyblt\earlyblt1794.jpg,early_blight,irish
D:\Potato\IrishPotato37G_full\lateblt\lateblt2885.jpg,late_blight,irish
D:\Potato\IrishPotato37G_full\lateblt\lateblt2785.jpg,late_blight,irish
D:\Potato\IrishPotato37G_full\lateblt\lateblt2802.jpg,late_blight,irish
D:\Potato\IrishPotato37G_full\lateblt\lateblt1339.jpg,late_blight,irish
D:\Potato\IrishPotato37G_full\earlyblt\earlyblt2291.jpg,early_blight,irish
D:\Potato\IrishPotato37G_full\lateblt\lateblt1579.jpg,late_blight,irish
D:\Potato\IrishPotato37G_full\lateblt\lateblt1925.jpg,late_blight,irish
D:\Potato\IrishPotato37G_full\lateblt\lateblt196.jpg,late_blight,irish
D:\Potato\IrishPotato37G_full\lateblt\lateblt1625.jpg,late_blight,irish
D:\Potato\IrishPotato37G_full\earlyblt\earlyblt2067.jpg,early_blight,irish
D:\Potato\IrishPotato37G_full\earlyblt\earlyblt1544.jpg,early_blight,irish
D:\Potato\IrishPotato37G_full\lateblt\lateblt1647.jpg,late_blight,irish
D:\Potato\IrishPotato37G_full\lateblt\lateblt1351.jpg,late_blight,irish
D:\Potato\IrishPotato37G_full\healthy\healthy2293.jpg,healthy,irish
D:\Potato\IrishPotato37G_full\healthy\healthy4449.jpg,healthy,irish
D:\Potato\IrishPotato37G_full\lateblt\lateblt89.jpg,late_blight,irish
D:\Potato\IrishPotato37G_full\lateblt\lateblt2964.jpg,late_blight,irish
D:\Potato\IrishPotato37G_full\healthy\healthy3094.jpg,healthy,irish
D:\Potato\IrishPotato37G_full\earlyblt\earlyblt2340.jpg,early_blight,irish
D:\Potato\IrishPotato37G_full\healthy\healthy2060.jpg,healthy,irish
D:\Potato\IrishPotato37G_full\healthy\healthy1371.jpg,healthy,irish
D:\Potato\IrishPotato37G_full\earlyblt\earlyblt2412.jpg,early_blight,irish
D:\Potato\IrishPotato37G_full\lateblt\lateblt253.jpg,late_blight,irish
D:\Potato\IrishPotato37G_full\earlyblt\earlyblt6213.jpg,early_blight,irish
D:\Potato\IrishPotato37G_full\lateblt\lateblt739.jpg,late_blight,irish
D:\Potato\IrishPotato37G_full\healthy\healthy4493.jpg,healthy,irish
D:\Potato\IrishPotato37G_full\lateblt\lateblt1544.jpg,late_blight,irish
D:\Potato\IrishPotato37G_full\healthy\healthy3946.jpg,healthy,irish
D:\Potato\IrishPotato37G_full\lateblt\lateblt1910.jpg,late_blight,irish
D:\Potato\IrishPotato37G_full\lateblt\lateblt453.jpg,late_blight,irish
D:\Potato\IrishPotato37G_full\lateblt\lateblt2539.jpg,late_blight,irish
D:\Potato\IrishPotato37G_full\lateblt\lateblt1318.jpg,late_blight,irish
D:\Potato\IrishPotato37G_full\earlyblt\earlyblt6281.jpg,early_blight,irish
D:\Potato\IrishPotato37G_full\lateblt\lateblt2595.jpg,late_blight,irish
D:\Potato\IrishPotato37G_full\healthy\healthy5626.jpg,healthy,irish
D:\Potato\IrishPotato37G_full\lateblt\lateblt1931.jpg,late_blight,irish
D:\Potato\IrishPotato37G_full\healthy\healthy753.jpg,healthy,irish
D:\Potato\non_leaf\coco_person\000000507473.jpg,non_leaf,coco_person
D:\Potato\IrishPotato37G_full\healthy\healthy177.jpg,healthy,irish
D:\Potato\IrishPotato37G_full\lateblt\lateblt511.jpg,late_blight,irish
D:\Potato\IrishPotato37G_full\earlyblt\earlyblt1902.jpg,early_blight,irish
D:\Potato\IrishPotato37G_full\earlyblt\earlyblt3429.jpg,early_blight,irish
D:\Potato\IrishPotato37G_full\healthy\healthy339.jpg,healthy,irish
D:\Potato\IrishPotato37G_full\healthy\healthy4321.jpg,healthy,irish
D:\Potato\IrishPotato37G_full\earlyblt\earlyblt2634.jpg,early_blight,irish
D:\Potato\IrishPotato37G_full\healthy\healthy3002.jpg,healthy,irish
D:\Potato\IrishPotato37G_full\earlyblt\earlyblt3804.jpg,early_blight,irish
D:\Potato\IrishPotato37G_full\lateblt\lateblt405.jpg,late_blight,irish
D:\Potato\IrishPotato37G_full\earlyblt\earlyblt4770.jpg,early_blight,irish
D:\Potato\IrishPotato37G_full\healthy\healthy2163.jpg,healthy,irish
D:\Potato\IrishPotato37G_full\lateblt\lateblt1904.jpg,late_blight,irish
D:\Potato\IrishPotato37G_full\lateblt\lateblt246.jpg,late_blight,irish
D:\Potato\IrishPotato37G_full\lateblt\lateblt157.jpg,late_blight,irish
D:\Potato\IrishPotato37G_full\healthy\healthy2886.jpg,healthy,irish
D:\Potato\IrishPotato37G_full\earlyblt\earlyblt2685.jpg,early_blight,irish
D:\Potato\IrishPotato37G_full\lateblt\lateblt1406.jpg,late_blight,irish
D:\Potato\IrishPotato37G_full\lateblt\lateblt2527.jpg,late_blight,irish
D:\Potato\IrishPotato37G_full\earlyblt\earlyblt3229.jpg,early_blight,irish
D:\Potato\IrishPotato37G_full\earlyblt\earlyblt3867.jpg,early_blight,irish
D:\Potato\IrishPotato37G_full\lateblt\lateblt1517.jpg,late_blight,irish
D:\Potato\IrishPotato37G_full\healthy\healthy3379.jpg,healthy,irish
D:\Potato\IrishPotato37G_full\healthy\healthy2455.jpg,healthy,irish
D:\Potato\IrishPotato37G_full\lateblt\lateblt2553.jpg,late_blight,irish
D:\Potato\IrishPotato37G_full\healthy\healthy1148.jpg,healthy,irish
D:\Potato\IrishPotato37G_full\earlyblt\earlyblt480.jpg,early_blight,irish
D:\Potato\IrishPotato37G_full\healthy\healthy2444.jpg,healthy,irish
D:\Potato\IrishPotato37G_full\earlyblt\earlyblt2885.jpg,early_blight,irish
D:\Potato\IrishPotato37G_full\earlyblt\earlyblt2767.jpg,early_blight,irish
D:\Potato\IrishPotato37G_full\earlyblt\earlyblt6252.jpg,early_blight,irish
D:\Potato\IrishPotato37G_full\healthy\healthy4862.jpg,healthy,irish
D:\Potato\IrishPotato37G_full\earlyblt\earlyblt1756.jpg,early_blight,irish
D:\Potato\IrishPotato37G_full\healthy\healthy2877.jpg,healthy,irish
D:\Potato\IrishPotato37G_full\healthy\healthy1128.jpg,healthy,irish
D:\Potato\non_leaf\coco_person\000000301563.jpg,non_leaf,coco_person
D:\Potato\IrishPotato37G_full\healthy\healthy3766.jpg,healthy,irish
D:\Potato\IrishPotato37G_full\earlyblt\earlyblt6209.jpg,early_blight,irish
D:\Potato\IrishPotato37G_full\healthy\healthy778.jpg,healthy,irish
D:\Potato\IrishPotato37G_full\earlyblt\earlyblt2866.jpg,early_blight,irish
D:\Potato\IrishPotato37G_full\healthy\healthy3523.jpg,healthy,irish
D:\Potato\IrishPotato37G_full\healthy\healthy741.jpg,healthy,irish
D:\Potato\IrishPotato37G_full\lateblt\lateblt2155.jpg,late_blight,irish
D:\Potato\IrishPotato37G_full\earlyblt\earlyblt6261.jpg,early_blight,irish
D:\Potato\IrishPotato37G_full\lateblt\lateblt2810.jpg,late_blight,irish
D:\Potato\IrishPotato37G_full\lateblt\lateblt1418.jpg,late_blight,irish
D:\Potato\IrishPotato37G_full\earlyblt\earlyblt172.jpg,early_blight,irish
D:\Potato\IrishPotato37G_full\lateblt\lateblt2211.jpg,late_blight,irish
D:\Potato\IrishPotato37G_full\lateblt\lateblt709.jpg,late_blight,irish
D:\Potato\IrishPotato37G_full\healthy\healthy2264.jpg,healthy,irish
D:\Potato\IrishPotato37G_full\lateblt\lateblt2977.jpg,late_blight,irish
D:\Potato\IrishPotato37G_full\earlyblt\earlyblt2900.jpg,early_blight,irish
D:\Potato\non_leaf\coco_person\000000145020.jpg,non_leaf,coco_person
D:\Potato\IrishPotato37G_full\lateblt\lateblt1141.jpg,late_blight,irish
D:\Potato\IrishPotato37G_full\healthy\healthy2910.jpg,healthy,irish
D:\Potato\non_leaf\coco_person\000000346968.jpg,non_leaf,coco_person
D:\Potato\IrishPotato37G_full\lateblt\lateblt1940.jpg,late_blight,irish
D:\Potato\IrishPotato37G_full\healthy\healthy1779.jpg,healthy,irish
D:\Potato\IrishPotato37G_full\earlyblt\earlyblt1505.jpg,early_blight,irish
D:\Potato\IrishPotato37G_full\lateblt\lateblt2473.jpg,late_blight,irish
D:\Potato\IrishPotato37G_full\earlyblt\earlyblt1469.jpg,early_blight,irish
D:\Potato\IrishPotato37G_full\lateblt\lateblt832.jpg,late_blight,irish
D:\Potato\IrishPotato37G_full\lateblt\lateblt1500.jpg,late_blight,irish
D:\Potato\IrishPotato37G_full\healthy\healthy1256.jpg,healthy,irish
D:\Potato\IrishPotato37G_full\earlyblt\earlyblt2261.jpg,early_blight,irish
D:\Potato\IrishPotato37G_full\healthy\healthy3646.jpg,healthy,irish
D:\Potato\IrishPotato37G_full\earlyblt\earlyblt4742.jpg,early_blight,irish
D:\Potato\IrishPotato37G_full\healthy\healthy813.jpg,healthy,irish
D:\Potato\IrishPotato37G_full\healthy\healthy5181.jpg,healthy,irish
D:\Potato\IrishPotato37G_full\healthy\healthy2821.jpg,healthy,irish
D:\Potato\IrishPotato37G_full\healthy\healthy4129.jpg,healthy,irish
D:\Potato\IrishPotato37G_full\earlyblt\earlyblt6642.jpg,early_blight,irish
D:\Potato\IrishPotato37G_full\lateblt\lateblt475.jpg,late_blight,irish
D:\Potato\IrishPotato37G_full\lateblt\lateblt1315.jpg,late_blight,irish
D:\Potato\IrishPotato37G_full\earlyblt\earlyblt3087.jpg,early_blight,irish
D:\Potato\non_leaf\coco_person\000000427034.jpg,non_leaf,coco_person
D:\Potato\IrishPotato37G_full\lateblt\lateblt549.jpg,late_blight,irish
D:\Potato\IrishPotato37G_full\lateblt\lateblt2075.jpg,late_blight,irish
D:\Potato\IrishPotato37G_full\earlyblt\earlyblt3977.jpg,early_blight,irish
D:\Potato\IrishPotato37G_full\earlyblt\earlyblt6394.jpg,early_blight,irish
D:\Potato\IrishPotato37G_full\lateblt\lateblt2195.jpg,late_blight,irish
D:\Potato\IrishPotato37G_full\lateblt\lateblt817.jpg,late_blight,irish
D:\Potato\IrishPotato37G_full\healthy\healthy5460.jpg,healthy,irish
D:\Potato\IrishPotato37G_full\lateblt\lateblt2610.jpg,late_blight,irish
D:\Potato\IrishPotato37G_full\lateblt\lateblt2033.jpg,late_blight,irish
D:\Potato\IrishPotato37G_full\earlyblt\earlyblt1819.jpg,early_blight,irish
D:\Potato\IrishPotato37G_full\lateblt\lateblt2090.jpg,late_blight,irish
D:\Potato\IrishPotato37G_full\earlyblt\earlyblt1795.jpg,early_blight,irish
D:\Potato\IrishPotato37G_full\lateblt\lateblt1140.jpg,late_blight,irish
D:\Potato\IrishPotato37G_full\earlyblt\earlyblt3032.jpg,early_blight,irish
D:\Potato\IrishPotato37G_full\healthy\healthy5240.jpg,healthy,irish
D:\Potato\IrishPotato37G_full\lateblt\lateblt805.jpg,late_blight,irish
D:\Potato\IrishPotato37G_full\earlyblt\earlyblt2597.jpg,early_blight,irish
D:\Potato\IrishPotato37G_full\healthy\healthy4952.jpg,healthy,irish
D:\Potato\IrishPotato37G_full\healthy\healthy4786.jpg,healthy,irish
D:\Potato\IrishPotato37G_full\lateblt\lateblt38.jpg,late_blight,irish
D:\Potato\IrishPotato37G_full\lateblt\lateblt516.jpg,late_blight,irish
D:\Potato\IrishPotato37G_full\earlyblt\earlyblt604.jpg,early_blight,irish
D:\Potato\IrishPotato37G_full\lateblt\lateblt1595.jpg,late_blight,irish
D:\Potato\IrishPotato37G_full\healthy\healthy4958.jpg,healthy,irish
D:\Potato\IrishPotato37G_full\healthy\healthy5417.jpg,healthy,irish
D:\Potato\IrishPotato37G_full\lateblt\lateblt1413.jpg,late_blight,irish
D:\Potato\IrishPotato37G_full\healthy\healthy2396.jpg,healthy,irish
D:\Potato\IrishPotato37G_full\lateblt\lateblt1913.jpg,late_blight,irish
D:\Potato\IrishPotato37G_full\healthy\healthy2879.jpg,healthy,irish
D:\Potato\IrishPotato37G_full\lateblt\lateblt957.jpg,late_blight,irish
D:\Potato\IrishPotato37G_full\earlyblt\earlyblt3593.jpg,early_blight,irish
D:\Potato\IrishPotato37G_full\healthy\healthy3326.jpg,healthy,irish
D:\Potato\IrishPotato37G_full\healthy\healthy163.jpg,healthy,irish
D:\Potato\IrishPotato37G_full\healthy\healthy161.jpg,healthy,irish
D:\Potato\IrishPotato37G_full\lateblt\lateblt816.jpg,late_blight,irish
D:\Potato\IrishPotato37G_full\healthy\healthy1300.jpg,healthy,irish
D:\Potato\IrishPotato37G_full\healthy\healthy1625.jpg,healthy,irish
D:\Potato\IrishPotato37G_full\healthy\healthy4246.jpg,healthy,irish
D:\Potato\IrishPotato37G_full\healthy\healthy4633.jpg,healthy,irish
D:\Potato\IrishPotato37G_full\earlyblt\earlyblt2918.jpg,early_blight,irish
D:\Potato\non_leaf\coco_person\000000434230.jpg,non_leaf,coco_person
D:\Potato\IrishPotato37G_full\lateblt\lateblt2663.jpg,late_blight,irish
D:\Potato\IrishPotato37G_full\earlyblt\earlyblt3054.jpg,early_blight,irish
D:\Potato\non_leaf\coco_person\000000563281.jpg,non_leaf,coco_person
D:\Potato\IrishPotato37G_full\healthy\healthy5457.jpg,healthy,irish
D:\Potato\IrishPotato37G_full\healthy\healthy2812.jpg,healthy,irish
D:\Potato\IrishPotato37G_full\lateblt\lateblt1196.jpg,late_blight,irish
D:\Potato\IrishPotato37G_full\healthy\healthy961.jpg,healthy,irish
D:\Potato\IrishPotato37G_full\healthy\healthy4401.jpg,healthy,irish
D:\Potato\IrishPotato37G_full\earlyblt\earlyblt4786.jpg,early_blight,irish
D:\Potato\IrishPotato37G_full\earlyblt\earlyblt2457.jpg,early_blight,irish
D:\Potato\IrishPotato37G_full\earlyblt\earlyblt3988.jpg,early_blight,irish
D:\Potato\IrishPotato37G_full\lateblt\lateblt4.jpg,late_blight,irish
D:\Potato\IrishPotato37G_full\earlyblt\earlyblt1763.jpg,early_blight,irish
D:\Potato\IrishPotato37G_full\earlyblt\earlyblt1761.jpg,early_blight,irish
D:\Potato\IrishPotato37G_full\lateblt\lateblt607.jpg,late_blight,irish
D:\Potato\IrishPotato37G_full\lateblt\lateblt2627.jpg,late_blight,irish
D:\Potato\IrishPotato37G_full\healthy\healthy2136.jpg,healthy,irish
D:\Potato\IrishPotato37G_full\lateblt\lateblt988.jpg,late_blight,irish
D:\Potato\IrishPotato37G_full\lateblt\lateblt2901.jpg,late_blight,irish
D:\Potato\IrishPotato37G_full\lateblt\lateblt1499.jpg,late_blight,irish
D:\Potato\IrishPotato37G_full\lateblt\lateblt1171.jpg,late_blight,irish
D:\Potato\IrishPotato37G_full\healthy\healthy5106.jpg,healthy,irish
D:\Potato\IrishPotato37G_full\earlyblt\earlyblt492.jpg,early_blight,irish
D:\Potato\IrishPotato37G_full\earlyblt\earlyblt6933.jpg,early_blight,irish
D:\Potato\non_leaf\coco_person\000000287291.jpg,non_leaf,coco_person
D:\Potato\non_leaf\coco_person\000000106912.jpg,non_leaf,coco_person
D:\Potato\IrishPotato37G_full\earlyblt\earlyblt919.jpg,early_blight,irish
D:\Potato\IrishPotato37G_full\earlyblt\earlyblt6628.jpg,early_blight,irish
D:\Potato\non_leaf\coco_person\000000527029.jpg,non_leaf,coco_person
D:\Potato\IrishPotato37G_full\healthy\healthy3410.jpg,healthy,irish
D:\Potato\IrishPotato37G_full\healthy\healthy4342.jpg,healthy,irish
D:\Potato\IrishPotato37G_full\healthy\healthy1680.jpg,healthy,irish
D:\Potato\IrishPotato37G_full\lateblt\lateblt2453.jpg,late_blight,irish
D:\Potato\IrishPotato37G_full\earlyblt\earlyblt3700.jpg,early_blight,irish
D:\Potato\IrishPotato37G_full\healthy\healthy1486.jpg,healthy,irish
D:\Potato\IrishPotato37G_full\earlyblt\earlyblt1437.jpg,early_blight,irish
D:\Potato\IrishPotato37G_full\healthy\healthy2809.jpg,healthy,irish
D:\Potato\IrishPotato37G_full\lateblt\lateblt2580.jpg,late_blight,irish
D:\Potato\IrishPotato37G_full\healthy\healthy2009.jpg,healthy,irish
D:\Potato\IrishPotato37G_full\healthy\healthy5495.jpg,healthy,irish
D:\Potato\IrishPotato37G_full\lateblt\lateblt1161.jpg,late_blight,irish
D:\Potato\IrishPotato37G_full\healthy\healthy3487.jpg,healthy,irish
D:\Potato\IrishPotato37G_full\earlyblt\earlyblt1993.jpg,early_blight,irish
D:\Potato\IrishPotato37G_full\lateblt\lateblt223.jpg,late_blight,irish
D:\Potato\IrishPotato37G_full\earlyblt\earlyblt6499.jpg,early_blight,irish
D:\Potato\IrishPotato37G_full\healthy\healthy3167.jpg,healthy,irish
D:\Potato\IrishPotato37G_full\lateblt\lateblt2467.jpg,late_blight,irish
D:\Potato\IrishPotato37G_full\earlyblt\earlyblt1666.jpg,early_blight,irish
D:\Potato\IrishPotato37G_full\healthy\healthy767.jpg,healthy,irish
D:\Potato\IrishPotato37G_full\healthy\healthy198.jpg,healthy,irish
D:\Potato\IrishPotato37G_full\earlyblt\earlyblt920.jpg,early_blight,irish
D:\Potato\IrishPotato37G_full\earlyblt\earlyblt375.jpg,early_blight,irish
D:\Potato\IrishPotato37G_full\earlyblt\earlyblt4869.jpg,early_blight,irish
D:\Potato\non_leaf\coco_person\000000042528.jpg,non_leaf,coco_person
D:\Potato\IrishPotato37G_full\earlyblt\earlyblt1944.jpg,early_blight,irish
D:\Potato\IrishPotato37G_full\earlyblt\earlyblt2264.jpg,early_blight,irish
D:\Potato\IrishPotato37G_full\earlyblt\earlyblt4925.jpg,early_blight,irish
D:\Potato\IrishPotato37G_full\earlyblt\earlyblt1586.jpg,early_blight,irish
D:\Potato\IrishPotato37G_full\earlyblt\earlyblt2217.jpg,early_blight,irish
D:\Potato\IrishPotato37G_full\lateblt\lateblt1605.jpg,late_blight,irish
D:\Potato\IrishPotato37G_full\healthy\healthy2180.jpg,healthy,irish
D:\Potato\IrishPotato37G_full\earlyblt\earlyblt3976.jpg,early_blight,irish
D:\Potato\IrishPotato37G_full\earlyblt\earlyblt908.jpg,early_blight,irish
D:\Potato\IrishPotato37G_full\earlyblt\earlyblt4722.jpg,early_blight,irish
D:\Potato\IrishPotato37G_full\lateblt\lateblt2008.jpg,late_blight,irish
D:\Potato\IrishPotato37G_full\earlyblt\earlyblt4971.jpg,early_blight,irish
D:\Potato\IrishPotato37G_full\lateblt\lateblt299.jpg,late_blight,irish
D:\Potato\IrishPotato37G_full\healthy\healthy4827.jpg,healthy,irish
D:\Potato\IrishPotato37G_full\earlyblt\earlyblt2771.jpg,early_blight,irish
D:\Potato\IrishPotato37G_full\earlyblt\earlyblt1680.jpg,early_blight,irish
D:\Potato\IrishPotato37G_full\earlyblt\earlyblt3966.jpg,early_blight,irish
D:\Potato\IrishPotato37G_full\earlyblt\earlyblt6093.jpg,early_blight,irish
D:\Potato\IrishPotato37G_full\lateblt\lateblt2294.jpg,late_blight,irish
D:\Potato\IrishPotato37G_full\earlyblt\earlyblt4883.jpg,early_blight,irish
D:\Potato\IrishPotato37G_full\healthy\healthy616.jpg,healthy,irish
D:\Potato\non_leaf\coco_person\000000449432.jpg,non_leaf,coco_person
D:\Potato\IrishPotato37G_full\lateblt\lateblt439.jpg,late_blight,irish
D:\Potato\IrishPotato37G_full\healthy\healthy4309.jpg,healthy,irish
D:\Potato\IrishPotato37G_full\lateblt\lateblt863.jpg,late_blight,irish
D:\Potato\IrishPotato37G_full\lateblt\lateblt927.jpg,late_blight,irish
D:\Potato\IrishPotato37G_full\lateblt\lateblt2800.jpg,late_blight,irish
D:\Potato\IrishPotato37G_full\healthy\healthy2044.jpg,healthy,irish
D:\Potato\IrishPotato37G_full\healthy\healthy3738.jpg,healthy,irish
D:\Potato\IrishPotato37G_full\earlyblt\earlyblt2099.jpg,early_blight,irish
D:\Potato\IrishPotato37G_full\healthy\healthy4120.jpg,healthy,irish
D:\Potato\non_leaf\coco_person\000000151962.jpg,non_leaf,coco_person
D:\Potato\IrishPotato37G_full\earlyblt\earlyblt2090.jpg,early_blight,irish
D:\Potato\IrishPotato37G_full\lateblt\lateblt2822.jpg,late_blight,irish
D:\Potato\IrishPotato37G_full\healthy\healthy2270.jpg,healthy,irish
D:\Potato\IrishPotato37G_full\healthy\healthy4403.jpg,healthy,irish
D:\Potato\IrishPotato37G_full\earlyblt\earlyblt3006.jpg,early_blight,irish
D:\Potato\IrishPotato37G_full\lateblt\lateblt2683.jpg,late_blight,irish
D:\Potato\IrishPotato37G_full\earlyblt\earlyblt1813.jpg,early_blight,irish
D:\Potato\IrishPotato37G_full\healthy\healthy3164.jpg,healthy,irish
D:\Potato\IrishPotato37G_full\healthy\healthy5607.jpg,healthy,irish
D:\Potato\IrishPotato37G_full\lateblt\lateblt2541.jpg,late_blight,irish
D:\Potato\IrishPotato37G_full\healthy\healthy2157.jpg,healthy,irish
D:\Potato\IrishPotato37G_full\lateblt\lateblt2688.jpg,late_blight,irish
D:\Potato\IrishPotato37G_full\healthy\healthy2348.jpg,healthy,irish
D:\Potato\IrishPotato37G_full\lateblt\lateblt2909.jpg,late_blight,irish
D:\Potato\IrishPotato37G_full\earlyblt\earlyblt6270.jpg,early_blight,irish
D:\Potato\IrishPotato37G_full\lateblt\lateblt862.jpg,late_blight,irish
D:\Potato\IrishPotato37G_full\healthy\healthy1725.jpg,healthy,irish
D:\Potato\IrishPotato37G_full\healthy\healthy4716.jpg,healthy,irish
D:\Potato\IrishPotato37G_full\lateblt\lateblt197.jpg,late_blight,irish
D:\Potato\IrishPotato37G_full\lateblt\lateblt495.jpg,late_blight,irish
D:\Potato\non_leaf\coco_person\000000374052.jpg,non_leaf,coco_person
D:\Potato\IrishPotato37G_full\lateblt\lateblt1187.jpg,late_blight,irish
D:\Potato\IrishPotato37G_full\earlyblt\earlyblt6263.jpg,early_blight,irish
D:\Potato\IrishPotato37G_full\healthy\healthy2234.jpg,healthy,irish
D:\Potato\IrishPotato37G_full\earlyblt\earlyblt6345.jpg,early_blight,irish
D:\Potato\IrishPotato37G_full\lateblt\lateblt2279.jpg,late_blight,irish
D:\Potato\IrishPotato37G_full\healthy\healthy3558.jpg,healthy,irish
D:\Potato\IrishPotato37G_full\healthy\healthy4066.jpg,healthy,irish
D:\Potato\IrishPotato37G_full\earlyblt\earlyblt1453.jpg,early_blight,irish
D:\Potato\non_leaf\coco_person\000000540932.jpg,non_leaf,coco_person
D:\Potato\IrishPotato37G_full\healthy\healthy2280.jpg,healthy,irish
D:\Potato\non_leaf\coco_person\000000158548.jpg,non_leaf,coco_person
D:\Potato\IrishPotato37G_full\lateblt\lateblt1158.jpg,late_blight,irish
D:\Potato\IrishPotato37G_full\healthy\healthy2594.jpg,healthy,irish
D:\Potato\IrishPotato37G_full\earlyblt\earlyblt709.jpg,early_blight,irish
D:\Potato\IrishPotato37G_full\lateblt\lateblt2017.jpg,late_blight,irish
D:\Potato\IrishPotato37G_full\healthy\healthy4995.jpg,healthy,irish
D:\Potato\IrishPotato37G_full\healthy\healthy3784.jpg,healthy,irish
D:\Potato\IrishPotato37G_full\lateblt\lateblt2748.jpg,late_blight,irish
D:\Potato\IrishPotato37G_full\earlyblt\earlyblt4679.jpg,early_blight,irish
D:\Potato\IrishPotato37G_full\lateblt\lateblt2543.jpg,late_blight,irish
D:\Potato\IrishPotato37G_full\earlyblt\earlyblt102.jpg,early_blight,irish
D:\Potato\IrishPotato37G_full\lateblt\lateblt413.jpg,late_blight,irish
D:\Potato\IrishPotato37G_full\earlyblt\earlyblt3204.jpg,early_blight,irish
D:\Potato\IrishPotato37G_full\healthy\healthy5621.jpg,healthy,irish
D:\Potato\IrishPotato37G_full\lateblt\lateblt2430.jpg,late_blight,irish
D:\Potato\IrishPotato37G_full\lateblt\lateblt588.jpg,late_blight,irish
D:\Potato\non_leaf\coco_person\000000183127.jpg,non_leaf,coco_person
D:\Potato\IrishPotato37G_full\earlyblt\earlyblt1923.jpg,early_blight,irish
D:\Potato\IrishPotato37G_full\healthy\healthy4919.jpg,healthy,irish
D:\Potato\IrishPotato37G_full\earlyblt\earlyblt207.jpg,early_blight,irish
D:\Potato\IrishPotato37G_full\earlyblt\earlyblt2086.jpg,early_blight,irish
D:\Potato\IrishPotato37G_full\earlyblt\earlyblt3997.jpg,early_blight,irish
D:\Potato\IrishPotato37G_full\lateblt\lateblt1156.jpg,late_blight,irish
D:\Potato\IrishPotato37G_full\earlyblt\earlyblt5891.jpg,early_blight,irish
D:\Potato\IrishPotato37G_full\lateblt\lateblt2123.jpg,late_blight,irish
D:\Potato\IrishPotato37G_full\earlyblt\earlyblt6204.jpg,early_blight,irish
D:\Potato\IrishPotato37G_full\earlyblt\earlyblt821.jpg,early_blight,irish
D:\Potato\IrishPotato37G_full\healthy\healthy694.jpg,healthy,irish
D:\Potato\IrishPotato37G_full\earlyblt\earlyblt1405.jpg,early_blight,irish
D:\Potato\IrishPotato37G_full\earlyblt\earlyblt1807.jpg,early_blight,irish
D:\Potato\IrishPotato37G_full\lateblt\lateblt427.jpg,late_blight,irish
D:\Potato\IrishPotato37G_full\earlyblt\earlyblt393.jpg,early_blight,irish
D:\Potato\IrishPotato37G_full\healthy\healthy2076.jpg,healthy,irish
D:\Potato\IrishPotato37G_full\lateblt\lateblt191.jpg,late_blight,irish
D:\Potato\IrishPotato37G_full\lateblt\lateblt1143.jpg,late_blight,irish
D:\Potato\IrishPotato37G_full\lateblt\lateblt2421.jpg,late_blight,irish
D:\Potato\IrishPotato37G_full\healthy\healthy3140.jpg,healthy,irish
D:\Potato\IrishPotato37G_full\lateblt\lateblt5016.jpg,late_blight,irish
D:\Potato\IrishPotato37G_full\lateblt\lateblt1986.jpg,late_blight,irish
D:\Potato\IrishPotato37G_full\lateblt\lateblt1655.jpg,late_blight,irish
D:\Potato\IrishPotato37G_full\lateblt\lateblt2749.jpg,late_blight,irish
D:\Potato\IrishPotato37G_full\earlyblt\earlyblt6493.jpg,early_blight,irish
D:\Potato\IrishPotato37G_full\earlyblt\earlyblt735.jpg,early_blight,irish
D:\Potato\IrishPotato37G_full\earlyblt\earlyblt2299.jpg,early_blight,irish
D:\Potato\IrishPotato37G_full\lateblt\lateblt2907.jpg,late_blight,irish
D:\Potato\IrishPotato37G_full\earlyblt\earlyblt3018.jpg,early_blight,irish
D:\Potato\IrishPotato37G_full\earlyblt\earlyblt180.jpg,early_blight,irish
D:\Potato\IrishPotato37G_full\healthy\healthy4005.jpg,healthy,irish
D:\Potato\IrishPotato37G_full\earlyblt\earlyblt2108.jpg,early_blight,irish
D:\Potato\IrishPotato37G_full\healthy\healthy5126.jpg,healthy,irish
D:\Potato\IrishPotato37G_full\lateblt\lateblt627.jpg,late_blight,irish
D:\Potato\non_leaf\coco_person\000000094871.jpg,non_leaf,coco_person
D:\Potato\IrishPotato37G_full\healthy\healthy2792.jpg,healthy,irish
D:\Potato\IrishPotato37G_full\healthy\healthy3114.jpg,healthy,irish
D:\Potato\IrishPotato37G_full\earlyblt\earlyblt1526.jpg,early_blight,irish
D:\Potato\IrishPotato37G_full\earlyblt\earlyblt3230.jpg,early_blight,irish
D:\Potato\IrishPotato37G_full\earlyblt\earlyblt3754.jpg,early_blight,irish
D:\Potato\IrishPotato37G_full\healthy\healthy3194.jpg,healthy,irish
D:\Potato\IrishPotato37G_full\earlyblt\earlyblt2939.jpg,early_blight,irish
D:\Potato\IrishPotato37G_full\healthy\healthy563.jpg,healthy,irish
D:\Potato\IrishPotato37G_full\lateblt\lateblt265.jpg,late_blight,irish
D:\Potato\IrishPotato37G_full\healthy\healthy66.jpg,healthy,irish
D:\Potato\IrishPotato37G_full\lateblt\lateblt1923.jpg,late_blight,irish
D:\Potato\non_leaf\coco_person\000000063047.jpg,non_leaf,coco_person
D:\Potato\IrishPotato37G_full\lateblt\lateblt901.jpg,late_blight,irish
D:\Potato\IrishPotato37G_full\healthy\healthy505.jpg,healthy,irish
D:\Potato\IrishPotato37G_full\healthy\healthy1629.jpg,healthy,irish
D:\Potato\IrishPotato37G_full\lateblt\lateblt239.jpg,late_blight,irish
D:\Potato\IrishPotato37G_full\healthy\healthy5608.jpg,healthy,irish
D:\Potato\IrishPotato37G_full\earlyblt\earlyblt126.jpg,early_blight,irish
D:\Potato\IrishPotato37G_full\earlyblt\earlyblt3175.jpg,early_blight,irish
D:\Potato\IrishPotato37G_full\lateblt\lateblt2198.jpg,late_blight,irish
D:\Potato\IrishPotato37G_full\earlyblt\earlyblt4947.jpg,early_blight,irish
D:\Potato\IrishPotato37G_full\earlyblt\earlyblt5889.jpg,early_blight,irish
D:\Potato\IrishPotato37G_full\healthy\healthy4348.jpg,healthy,irish
D:\Potato\IrishPotato37G_full\earlyblt\earlyblt1015.jpg,early_blight,irish
D:\Potato\IrishPotato37G_full\healthy\healthy4793.jpg,healthy,irish
D:\Potato\IrishPotato37G_full\earlyblt\earlyblt4757.jpg,early_blight,irish
D:\Potato\IrishPotato37G_full\earlyblt\earlyblt736.jpg,early_blight,irish
D:\Potato\IrishPotato37G_full\healthy\healthy185.jpg,healthy,irish
D:\Potato\IrishPotato37G_full\healthy\healthy3572.jpg,healthy,irish
D:\Potato\IrishPotato37G_full\earlyblt\earlyblt1719.jpg,early_blight,irish
D:\Potato\IrishPotato37G_full\lateblt\lateblt2026.jpg,late_blight,irish
D:\Potato\IrishPotato37G_full\healthy\healthy5280.jpg,healthy,irish
D:\Potato\IrishPotato37G_full\earlyblt\earlyblt6907.jpg,early_blight,irish
D:\Potato\IrishPotato37G_full\lateblt\lateblt1901.jpg,late_blight,irish
D:\Potato\IrishPotato37G_full\healthy\healthy3936.jpg,healthy,irish
D:\Potato\non_leaf\coco_person\000000128748.jpg,non_leaf,coco_person
D:\Potato\IrishPotato37G_full\earlyblt\earlyblt2529.jpg,early_blight,irish
D:\Potato\IrishPotato37G_full\healthy\healthy2322.jpg,healthy,irish
D:\Potato\IrishPotato37G_full\healthy\healthy2452.jpg,healthy,irish
D:\Potato\IrishPotato37G_full\healthy\healthy4000.jpg,healthy,irish
D:\Potato\IrishPotato37G_full\lateblt\lateblt34.jpg,late_blight,irish
D:\Potato\IrishPotato37G_full\earlyblt\earlyblt938.jpg,early_blight,irish
D:\Potato\IrishPotato37G_full\lateblt\lateblt2297.jpg,late_blight,irish
D:\Potato\IrishPotato37G_full\healthy\healthy3578.jpg,healthy,irish
D:\Potato\IrishPotato37G_full\healthy\healthy5234.jpg,healthy,irish
D:\Potato\IrishPotato37G_full\earlyblt\earlyblt3480.jpg,early_blight,irish
D:\Potato\IrishPotato37G_full\earlyblt\earlyblt319.jpg,early_blight,irish
D:\Potato\IrishPotato37G_full\healthy\healthy965.jpg,healthy,irish
D:\Potato\IrishPotato37G_full\healthy\healthy3941.jpg,healthy,irish
D:\Potato\IrishPotato37G_full\lateblt\lateblt166.jpg,late_blight,irish
D:\Potato\IrishPotato37G_full\healthy\healthy2263.jpg,healthy,irish
D:\Potato\IrishPotato37G_full\healthy\healthy884.jpg,healthy,irish
D:\Potato\IrishPotato37G_full\lateblt\lateblt1602.jpg,late_blight,irish
D:\Potato\IrishPotato37G_full\lateblt\lateblt591.jpg,late_blight,irish
D:\Potato\IrishPotato37G_full\earlyblt\earlyblt3424.jpg,early_blight,irish
D:\Potato\IrishPotato37G_full\healthy\healthy1194.jpg,healthy,irish
D:\Potato\IrishPotato37G_full\earlyblt\earlyblt1149.jpg,early_blight,irish
D:\Potato\IrishPotato37G_full\earlyblt\earlyblt1589.jpg,early_blight,irish
D:\Potato\IrishPotato37G_full\earlyblt\earlyblt981.jpg,early_blight,irish
D:\Potato\IrishPotato37G_full\earlyblt\earlyblt6774.jpg,early_blight,irish
D:\Potato\IrishPotato37G_full\healthy\healthy5427.jpg,healthy,irish
D:\Potato\IrishPotato37G_full\healthy\healthy3762.jpg,healthy,irish
D:\Potato\IrishPotato37G_full\lateblt\lateblt703.jpg,late_blight,irish
D:\Potato\IrishPotato37G_full\earlyblt\earlyblt2543.jpg,early_blight,irish
D:\Potato\IrishPotato37G_full\earlyblt\earlyblt217.jpg,early_blight,irish
D:\Potato\non_leaf\coco_person\000000281759.jpg,non_leaf,coco_person
D:\Potato\IrishPotato37G_full\lateblt\lateblt2575.jpg,late_blight,irish
D:\Potato\non_leaf\coco_person\000000199442.jpg,non_leaf,coco_person
D:\Potato\IrishPotato37G_full\earlyblt\earlyblt394.jpg,early_blight,irish
D:\Potato\IrishPotato37G_full\healthy\healthy4964.jpg,healthy,irish
D:\Potato\IrishPotato37G_full\healthy\healthy3722.jpg,healthy,irish
D:\Potato\IrishPotato37G_full\healthy\healthy2075.jpg,healthy,irish
D:\Potato\IrishPotato37G_full\lateblt\lateblt1138.jpg,late_blight,irish
D:\Potato\IrishPotato37G_full\lateblt\lateblt1594.jpg,late_blight,irish
D:\Potato\IrishPotato37G_full\lateblt\lateblt1129.jpg,late_blight,irish
D:\Potato\IrishPotato37G_full\earlyblt\earlyblt3419.jpg,early_blight,irish
D:\Potato\IrishPotato37G_full\earlyblt\earlyblt1559.jpg,early_blight,irish
D:\Potato\IrishPotato37G_full\lateblt\lateblt2752.jpg,late_blight,irish
D:\Potato\IrishPotato37G_full\lateblt\lateblt2743.jpg,late_blight,irish
D:\Potato\IrishPotato37G_full\lateblt\lateblt456.jpg,late_blight,irish
D:\Potato\IrishPotato37G_full\earlyblt\earlyblt620.jpg,early_blight,irish
D:\Potato\IrishPotato37G_full\earlyblt\earlyblt1834.jpg,early_blight,irish
D:\Potato\IrishPotato37G_full\lateblt\lateblt1185.jpg,late_blight,irish
D:\Potato\IrishPotato37G_full\lateblt\lateblt2845.jpg,late_blight,irish
D:\Potato\IrishPotato37G_full\earlyblt\earlyblt2925.jpg,early_blight,irish
D:\Potato\IrishPotato37G_full\earlyblt\earlyblt6784.jpg,early_blight,irish
D:\Potato\IrishPotato37G_full\healthy\healthy4992.jpg,healthy,irish
D:\Potato\IrishPotato37G_full\lateblt\lateblt856.jpg,late_blight,irish
D:\Potato\IrishPotato37G_full\earlyblt\earlyblt2770.jpg,early_blight,irish
D:\Potato\IrishPotato37G_full\earlyblt\earlyblt2886.jpg,early_blight,irish
D:\Potato\IrishPotato37G_full\healthy\healthy1400.jpg,healthy,irish
D:\Potato\IrishPotato37G_full\lateblt\lateblt982.jpg,late_blight,irish
D:\Potato\IrishPotato37G_full\lateblt\lateblt36.jpg,late_blight,irish
D:\Potato\IrishPotato37G_full\lateblt\lateblt1166.jpg,late_blight,irish
D:\Potato\IrishPotato37G_full\earlyblt\earlyblt2677.jpg,early_blight,irish
D:\Potato\IrishPotato37G_full\lateblt\lateblt660.jpg,late_blight,irish
D:\Potato\IrishPotato37G_full\lateblt\lateblt71.jpg,late_blight,irish
D:\Potato\IrishPotato37G_full\earlyblt\earlyblt2286.jpg,early_blight,irish
D:\Potato\IrishPotato37G_full\earlyblt\earlyblt1163.jpg,early_blight,irish
D:\Potato\IrishPotato37G_full\earlyblt\earlyblt6735.jpg,early_blight,irish
D:\Potato\IrishPotato37G_full\lateblt\lateblt719.jpg,late_blight,irish
D:\Potato\IrishPotato37G_full\healthy\healthy2351.jpg,healthy,irish
D:\Potato\IrishPotato37G_full\earlyblt\earlyblt1850.jpg,early_blight,irish
D:\Potato\IrishPotato37G_full\lateblt\lateblt55.jpg,late_blight,irish
D:\Potato\IrishPotato37G_full\healthy\healthy1744.jpg,healthy,irish
D:\Potato\IrishPotato37G_full\healthy\healthy1588.jpg,healthy,irish
D:\Potato\IrishPotato37G_full\healthy\healthy4678.jpg,healthy,irish
D:\Potato\IrishPotato37G_full\healthy\healthy4425.jpg,healthy,irish
D:\Potato\non_leaf\coco_person\000000369541.jpg,non_leaf,coco_person
D:\Potato\IrishPotato37G_full\earlyblt\earlyblt1996.jpg,early_blight,irish
D:\Potato\IrishPotato37G_full\earlyblt\earlyblt6797.jpg,early_blight,irish
D:\Potato\IrishPotato37G_full\healthy\healthy2357.jpg,healthy,irish
D:\Potato\IrishPotato37G_full\lateblt\lateblt2769.jpg,late_blight,irish
D:\Potato\IrishPotato37G_full\earlyblt\earlyblt2156.jpg,early_blight,irish
D:\Potato\IrishPotato37G_full\earlyblt\earlyblt325.jpg,early_blight,irish
D:\Potato\IrishPotato37G_full\healthy\healthy1394.jpg,healthy,irish
D:\Potato\IrishPotato37G_full\healthy\healthy1297.jpg,healthy,irish
D:\Potato\IrishPotato37G_full\lateblt\lateblt2927.jpg,late_blight,irish
D:\Potato\IrishPotato37G_full\lateblt\lateblt1618.jpg,late_blight,irish
D:\Potato\IrishPotato37G_full\lateblt\lateblt486.jpg,late_blight,irish
D:\Potato\IrishPotato37G_full\lateblt\lateblt2050.jpg,late_blight,irish
D:\Potato\IrishPotato37G_full\lateblt\lateblt868.jpg,late_blight,irish
D:\Potato\IrishPotato37G_full\earlyblt\earlyblt6412.jpg,early_blight,irish
D:\Potato\IrishPotato37G_full\lateblt\lateblt786.jpg,late_blight,irish
D:\Potato\IrishPotato37G_full\earlyblt\earlyblt4804.jpg,early_blight,irish
D:\Potato\IrishPotato37G_full\earlyblt\earlyblt6662.jpg,early_blight,irish
D:\Potato\IrishPotato37G_full\healthy\healthy5235.jpg,healthy,irish
D:\Potato\IrishPotato37G_full\earlyblt\earlyblt1445.jpg,early_blight,irish
D:\Potato\IrishPotato37G_full\lateblt\lateblt84.jpg,late_blight,irish
D:\Potato\IrishPotato37G_full\earlyblt\earlyblt2446.jpg,early_blight,irish
D:\Potato\IrishPotato37G_full\lateblt\lateblt1912.jpg,late_blight,irish
D:\Potato\IrishPotato37G_full\healthy\healthy917.jpg,healthy,irish
D:\Potato\IrishPotato37G_full\lateblt\lateblt1610.jpg,late_blight,irish
D:\Potato\IrishPotato37G_full\healthy\healthy5618.jpg,healthy,irish
D:\Potato\IrishPotato37G_full\healthy\healthy5462.jpg,healthy,irish
D:\Potato\IrishPotato37G_full\earlyblt\earlyblt6647.jpg,early_blight,irish
D:\Potato\IrishPotato37G_full\healthy\healthy4407.jpg,healthy,irish
D:\Potato\IrishPotato37G_full\healthy\healthy5496.jpg,healthy,irish
D:\Potato\IrishPotato37G_full\lateblt\lateblt959.jpg,late_blight,irish
D:\Potato\IrishPotato37G_full\earlyblt\earlyblt6245.jpg,early_blight,irish
D:\Potato\IrishPotato37G_full\earlyblt\earlyblt2867.jpg,early_blight,irish
D:\Potato\IrishPotato37G_full\healthy\healthy2998.jpg,healthy,irish
D:\Potato\IrishPotato37G_full\healthy\healthy5283.jpg,healthy,irish
D:\Potato\IrishPotato37G_full\healthy\healthy2491.jpg,healthy,irish
D:\Potato\IrishPotato37G_full\healthy\healthy5213.jpg,healthy,irish
D:\Potato\IrishPotato37G_full\healthy\healthy4087.jpg,healthy,irish
D:\Potato\non_leaf\coco_person\000000177489.jpg,non_leaf,coco_person
D:\Potato\IrishPotato37G_full\healthy\healthy3953.jpg,healthy,irish
D:\Potato\IrishPotato37G_full\lateblt\lateblt969.jpg,late_blight,irish
D:\Potato\IrishPotato37G_full\healthy\healthy1446.jpg,healthy,irish
D:\Potato\IrishPotato37G_full\lateblt\lateblt1518.jpg,late_blight,irish
D:\Potato\IrishPotato37G_full\earlyblt\earlyblt6462.jpg,early_blight,irish
D:\Potato\IrishPotato37G_full\lateblt\lateblt1452.jpg,late_blight,irish
D:\Potato\IrishPotato37G_full\healthy\healthy2913.jpg,healthy,irish
D:\Potato\IrishPotato37G_full\lateblt\lateblt2623.jpg,late_blight,irish
D:\Potato\IrishPotato37G_full\lateblt\lateblt2586.jpg,late_blight,irish
D:\Potato\IrishPotato37G_full\earlyblt\earlyblt1159.jpg,early_blight,irish
D:\Potato\IrishPotato37G_full\lateblt\lateblt794.jpg,late_blight,irish
D:\Potato\IrishPotato37G_full\lateblt\lateblt407.jpg,late_blight,irish
D:\Potato\IrishPotato37G_full\healthy\healthy2188.jpg,healthy,irish
D:\Potato\IrishPotato37G_full\earlyblt\earlyblt6455.jpg,early_blight,irish
D:\Potato\IrishPotato37G_full\lateblt\lateblt2945.jpg,late_blight,irish
D:\Potato\IrishPotato37G_full\earlyblt\earlyblt2701.jpg,early_blight,irish
D:\Potato\IrishPotato37G_full\earlyblt\earlyblt1821.jpg,early_blight,irish
D:\Potato\non_leaf\coco_person\000000167067.jpg,non_leaf,coco_person
D:\Potato\IrishPotato37G_full\lateblt\lateblt1100.jpg,late_blight,irish
D:\Potato\IrishPotato37G_full\healthy\healthy3564.jpg,healthy,irish
D:\Potato\IrishPotato37G_full\earlyblt\earlyblt6491.jpg,early_blight,irish
D:\Potato\IrishPotato37G_full\earlyblt\earlyblt4893.jpg,early_blight,irish
D:\Potato\IrishPotato37G_full\lateblt\lateblt715.jpg,late_blight,irish
D:\Potato\non_leaf\coco_person\000000225405.jpg,non_leaf,coco_person
D:\Potato\IrishPotato37G_full\earlyblt\earlyblt1434.jpg,early_blight,irish
D:\Potato\IrishPotato37G_full\lateblt\lateblt2249.jpg,late_blight,irish
D:\Potato\IrishPotato37G_full\earlyblt\earlyblt2091.jpg,early_blight,irish
D:\Potato\non_leaf\coco_person\000000309655.jpg,non_leaf,coco_person
D:\Potato\IrishPotato37G_full\lateblt\lateblt5017.jpg,late_blight,irish
D:\Potato\IrishPotato37G_full\earlyblt\earlyblt3219.jpg,early_blight,irish
D:\Potato\IrishPotato37G_full\lateblt\lateblt429.jpg,late_blight,irish
D:\Potato\IrishPotato37G_full\healthy\healthy4323.jpg,healthy,irish
D:\Potato\IrishPotato37G_full\lateblt\lateblt2839.jpg,late_blight,irish
D:\Potato\IrishPotato37G_full\earlyblt\earlyblt3116.jpg,early_blight,irish
D:\Potato\IrishPotato37G_full\earlyblt\earlyblt4730.jpg,early_blight,irish
D:\Potato\IrishPotato37G_full\lateblt\lateblt2183.jpg,late_blight,irish
D:\Potato\IrishPotato37G_full\healthy\healthy1648.jpg,healthy,irish
D:\Potato\IrishPotato37G_full\earlyblt\earlyblt636.jpg,early_blight,irish
D:\Potato\IrishPotato37G_full\earlyblt\earlyblt4716.jpg,early_blight,irish
D:\Potato\IrishPotato37G_full\earlyblt\earlyblt369.jpg,early_blight,irish
D:\Potato\IrishPotato37G_full\earlyblt\earlyblt2420.jpg,early_blight,irish
D:\Potato\IrishPotato37G_full\earlyblt\earlyblt2759.jpg,early_blight,irish
D:\Potato\IrishPotato37G_full\healthy\healthy4875.jpg,healthy,irish
D:\Potato\IrishPotato37G_full\lateblt\lateblt2191.jpg,late_blight,irish
D:\Potato\IrishPotato37G_full\lateblt\lateblt838.jpg,late_blight,irish
D:\Potato\IrishPotato37G_full\healthy\healthy1388.jpg,healthy,irish
D:\Potato\IrishPotato37G_full\healthy\healthy585.jpg,healthy,irish
D:\Potato\IrishPotato37G_full\lateblt\lateblt2657.jpg,late_blight,irish
D:\Potato\IrishPotato37G_full\earlyblt\earlyblt1738.jpg,early_blight,irish
D:\Potato\IrishPotato37G_full\lateblt\lateblt2426.jpg,late_blight,irish
D:\Potato\IrishPotato37G_full\earlyblt\earlyblt3136.jpg,early_blight,irish
D:\Potato\IrishPotato37G_full\healthy\healthy1733.jpg,healthy,irish
D:\Potato\IrishPotato37G_full\healthy\healthy3329.jpg,healthy,irish
D:\Potato\IrishPotato37G_full\earlyblt\earlyblt6963.jpg,early_blight,irish
D:\Potato\IrishPotato37G_full\earlyblt\earlyblt631.jpg,early_blight,irish
D:\Potato\non_leaf\coco_person\000000162035.jpg,non_leaf,coco_person
D:\Potato\IrishPotato37G_full\healthy\healthy645.jpg,healthy,irish
D:\Potato\IrishPotato37G_full\earlyblt\earlyblt4682.jpg,early_blight,irish
D:\Potato\IrishPotato37G_full\lateblt\lateblt1307.jpg,late_blight,irish
D:\Potato\IrishPotato37G_full\healthy\healthy815.jpg,healthy,irish
D:\Potato\IrishPotato37G_full\lateblt\lateblt95.jpg,late_blight,irish
D:\Potato\IrishPotato37G_full\healthy\healthy4243.jpg,healthy,irish
D:\Potato\IrishPotato37G_full\healthy\healthy2014.jpg,healthy,irish
D:\Potato\IrishPotato37G_full\lateblt\lateblt454.jpg,late_blight,irish
D:\Potato\IrishPotato37G_full\lateblt\lateblt2745.jpg,late_blight,irish
D:\Potato\IrishPotato37G_full\lateblt\lateblt826.jpg,late_blight,irish
D:\Potato\IrishPotato37G_full\healthy\healthy50.jpg,healthy,irish
D:\Potato\IrishPotato37G_full\earlyblt\earlyblt1196.jpg,early_blight,irish
D:\Potato\IrishPotato37G_full\earlyblt\earlyblt3108.jpg,early_blight,irish
D:\Potato\IrishPotato37G_full\lateblt\lateblt506.jpg,late_blight,irish
D:\Potato\IrishPotato37G_full\healthy\healthy3948.jpg,healthy,irish
D:\Potato\IrishPotato37G_full\earlyblt\earlyblt265.jpg,early_blight,irish
D:\Potato\IrishPotato37G_full\earlyblt\earlyblt2908.jpg,early_blight,irish
D:\Potato\IrishPotato37G_full\earlyblt\earlyblt4710.jpg,early_blight,irish
D:\Potato\IrishPotato37G_full\earlyblt\earlyblt3772.jpg,early_blight,irish
D:\Potato\IrishPotato37G_full\earlyblt\earlyblt1670.jpg,early_blight,irish
D:\Potato\IrishPotato37G_full\earlyblt\earlyblt6067.jpg,early_blight,irish
D:\Potato\IrishPotato37G_full\healthy\healthy3018.jpg,healthy,irish
D:\Potato\IrishPotato37G_full\healthy\healthy599.jpg,healthy,irish
D:\Potato\IrishPotato37G_full\healthy\healthy3325.jpg,healthy,irish
D:\Potato\IrishPotato37G_full\earlyblt\earlyblt2906.jpg,early_blight,irish
D:\Potato\IrishPotato37G_full\earlyblt\earlyblt2386.jpg,early_blight,irish
D:\Potato\IrishPotato37G_full\earlyblt\earlyblt1019.jpg,early_blight,irish
D:\Potato\IrishPotato37G_full\lateblt\lateblt694.jpg,late_blight,irish
D:\Potato\IrishPotato37G_full\healthy\healthy3010.jpg,healthy,irish
D:\Potato\IrishPotato37G_full\earlyblt\earlyblt2971.jpg,early_blight,irish
D:\Potato\IrishPotato37G_full\lateblt\lateblt2167.jpg,late_blight,irish
D:\Potato\IrishPotato37G_full\earlyblt\earlyblt1556.jpg,early_blight,irish
D:\Potato\IrishPotato37G_full\earlyblt\earlyblt216.jpg,early_blight,irish
D:\Potato\non_leaf\coco_person\000000088485.jpg,non_leaf,coco_person
D:\Potato\IrishPotato37G_full\earlyblt\earlyblt1910.jpg,early_blight,irish
D:\Potato\IrishPotato37G_full\earlyblt\earlyblt2568.jpg,early_blight,irish
D:\Potato\IrishPotato37G_full\earlyblt\earlyblt1833.jpg,early_blight,irish
D:\Potato\IrishPotato37G_full\healthy\healthy2061.jpg,healthy,irish
D:\Potato\IrishPotato37G_full\healthy\healthy3441.jpg,healthy,irish
D:\Potato\IrishPotato37G_full\healthy\healthy4378.jpg,healthy,irish
D:\Potato\IrishPotato37G_full\earlyblt\earlyblt1851.jpg,early_blight,irish
D:\Potato\IrishPotato37G_full\earlyblt\earlyblt2395.jpg,early_blight,irish
D:\Potato\IrishPotato37G_full\lateblt\lateblt1467.jpg,late_blight,irish
D:\Potato\non_leaf\coco_person\000000084477.jpg,non_leaf,coco_person
D:\Potato\non_leaf\coco_person\000000094326.jpg,non_leaf,coco_person
D:\Potato\IrishPotato37G_full\lateblt\lateblt846.jpg,late_blight,irish
D:\Potato\IrishPotato37G_full\lateblt\lateblt1999.jpg,late_blight,irish
D:\Potato\IrishPotato37G_full\lateblt\lateblt2933.jpg,late_blight,irish
D:\Potato\IrishPotato37G_full\earlyblt\earlyblt1106.jpg,early_blight,irish
D:\Potato\IrishPotato37G_full\healthy\healthy2166.jpg,healthy,irish
D:\Potato\IrishPotato37G_full\healthy\healthy2364.jpg,healthy,irish
D:\Potato\IrishPotato37G_full\earlyblt\earlyblt1080.jpg,early_blight,irish
D:\Potato\IrishPotato37G_full\healthy\healthy4109.jpg,healthy,irish
D:\Potato\IrishPotato37G_full\earlyblt\earlyblt3203.jpg,early_blight,irish
D:\Potato\IrishPotato37G_full\healthy\healthy518.jpg,healthy,irish
D:\Potato\IrishPotato37G_full\lateblt\lateblt527.jpg,late_blight,irish
D:\Potato\IrishPotato37G_full\earlyblt\earlyblt798.jpg,early_blight,irish
D:\Potato\IrishPotato37G_full\healthy\healthy3497.jpg,healthy,irish
D:\Potato\IrishPotato37G_full\lateblt\lateblt581.jpg,late_blight,irish
D:\Potato\IrishPotato37G_full\lateblt\lateblt235.jpg,late_blight,irish
D:\Potato\IrishPotato37G_full\healthy\healthy4998.jpg,healthy,irish
D:\Potato\IrishPotato37G_full\lateblt\lateblt639.jpg,late_blight,irish
D:\Potato\IrishPotato37G_full\earlyblt\earlyblt478.jpg,early_blight,irish
D:\Potato\IrishPotato37G_full\healthy\healthy600.jpg,healthy,irish
D:\Potato\IrishPotato37G_full\healthy\healthy2288.jpg,healthy,irish
D:\Potato\IrishPotato37G_full\lateblt\lateblt2906.jpg,late_blight,irish
D:\Potato\IrishPotato37G_full\healthy\healthy1198.jpg,healthy,irish
D:\Potato\IrishPotato37G_full\healthy\healthy5412.jpg,healthy,irish
D:\Potato\IrishPotato37G_full\lateblt\lateblt86.jpg,late_blight,irish
D:\Potato\IrishPotato37G_full\lateblt\lateblt2585.jpg,late_blight,irish
D:\Potato\IrishPotato37G_full\earlyblt\earlyblt1583.jpg,early_blight,irish
D:\Potato\IrishPotato37G_full\lateblt\lateblt213.jpg,late_blight,irish
D:\Potato\IrishPotato37G_full\earlyblt\earlyblt4767.jpg,early_blight,irish
D:\Potato\IrishPotato37G_full\earlyblt\earlyblt2259.jpg,early_blight,irish
D:\Potato\IrishPotato37G_full\lateblt\lateblt1947.jpg,late_blight,irish
D:\Potato\IrishPotato37G_full\healthy\healthy642.jpg,healthy,irish
D:\Potato\non_leaf\coco_person\000000133567.jpg,non_leaf,coco_person
D:\Potato\IrishPotato37G_full\earlyblt\earlyblt3289.jpg,early_blight,irish
D:\Potato\IrishPotato37G_full\earlyblt\earlyblt6082.jpg,early_blight,irish
D:\Potato\IrishPotato37G_full\earlyblt\earlyblt699.jpg,early_blight,irish
D:\Potato\IrishPotato37G_full\healthy\healthy4690.jpg,healthy,irish
D:\Potato\IrishPotato37G_full\lateblt\lateblt125.jpg,late_blight,irish
D:\Potato\IrishPotato37G_full\lateblt\lateblt2898.jpg,late_blight,irish
D:\Potato\IrishPotato37G_full\earlyblt\earlyblt4753.jpg,early_blight,irish
D:\Potato\IrishPotato37G_full\lateblt\lateblt1450.jpg,late_blight,irish
D:\Potato\IrishPotato37G_full\lateblt\lateblt2937.jpg,late_blight,irish
D:\Potato\IrishPotato37G_full\healthy\healthy1761.jpg,healthy,irish
D:\Potato\IrishPotato37G_full\lateblt\lateblt752.jpg,late_blight,irish
D:\Potato\IrishPotato37G_full\earlyblt\earlyblt2603.jpg,early_blight,irish
D:\Potato\IrishPotato37G_full\earlyblt\earlyblt3171.jpg,early_blight,irish
D:\Potato\IrishPotato37G_full\lateblt\lateblt1135.jpg,late_blight,irish
D:\Potato\IrishPotato37G_full\earlyblt\earlyblt1574.jpg,early_blight,irish
D:\Potato\IrishPotato37G_full\healthy\healthy2548.jpg,healthy,irish
D:\Potato\IrishPotato37G_full\earlyblt\earlyblt646.jpg,early_blight,irish
D:\Potato\IrishPotato37G_full\lateblt\lateblt3000.jpg,late_blight,irish
D:\Potato\IrishPotato37G_full\earlyblt\earlyblt874.jpg,early_blight,irish
D:\Potato\IrishPotato37G_full\healthy\healthy2282.jpg,healthy,irish
D:\Potato\IrishPotato37G_full\lateblt\lateblt2812.jpg,late_blight,irish
D:\Potato\IrishPotato37G_full\healthy\healthy5463.jpg,healthy,irish
D:\Potato\IrishPotato37G_full\earlyblt\earlyblt3729.jpg,early_blight,irish
D:\Potato\IrishPotato37G_full\healthy\healthy2299.jpg,healthy,irish
D:\Potato\IrishPotato37G_full\lateblt\lateblt175.jpg,late_blight,irish
D:\Potato\IrishPotato37G_full\lateblt\lateblt1193.jpg,late_blight,irish
D:\Potato\IrishPotato37G_full\lateblt\lateblt865.jpg,late_blight,irish
D:\Potato\IrishPotato37G_full\healthy\healthy1375.jpg,healthy,irish
D:\Potato\IrishPotato37G_full\earlyblt\earlyblt2402.jpg,early_blight,irish
D:\Potato\IrishPotato37G_full\lateblt\lateblt2767.jpg,late_blight,irish
D:\Potato\IrishPotato37G_full\healthy\healthy2407.jpg,healthy,irish
D:\Potato\IrishPotato37G_full\healthy\healthy5489.jpg,healthy,irish
D:\Potato\IrishPotato37G_full\earlyblt\earlyblt3225.jpg,early_blight,irish
D:\Potato\IrishPotato37G_full\healthy\healthy4112.jpg,healthy,irish
D:\Potato\IrishPotato37G_full\healthy\healthy2955.jpg,healthy,irish
D:\Potato\non_leaf\coco_person\000000372349.jpg,non_leaf,coco_person
D:\Potato\IrishPotato37G_full\healthy\healthy3179.jpg,healthy,irish
D:\Potato\IrishPotato37G_full\healthy\healthy3933.jpg,healthy,irish
D:\Potato\non_leaf\coco_person\000000033854.jpg,non_leaf,coco_person
D:\Potato\IrishPotato37G_full\earlyblt\earlyblt1947.jpg,early_blight,irish
D:\Potato\IrishPotato37G_full\earlyblt\earlyblt289.jpg,early_blight,irish
D:\Potato\IrishPotato37G_full\lateblt\lateblt925.jpg,late_blight,irish
D:\Potato\IrishPotato37G_full\earlyblt\earlyblt4978.jpg,early_blight,irish
D:\Potato\IrishPotato37G_full\healthy\healthy834.jpg,healthy,irish
D:\Potato\IrishPotato37G_full\earlyblt\earlyblt1759.jpg,early_blight,irish
D:\Potato\IrishPotato37G_full\lateblt\lateblt2871.jpg,late_blight,irish
D:\Potato\IrishPotato37G_full\lateblt\lateblt2677.jpg,late_blight,irish
D:\Potato\IrishPotato37G_full\healthy\healthy2824.jpg,healthy,irish
D:\Potato\IrishPotato37G_full\earlyblt\earlyblt3555.jpg,early_blight,irish
D:\Potato\IrishPotato37G_full\lateblt\lateblt651.jpg,late_blight,irish
D:\Potato\IrishPotato37G_full\lateblt\lateblt2064.jpg,late_blight,irish
D:\Potato\IrishPotato37G_full\earlyblt\earlyblt3446.jpg,early_blight,irish
D:\Potato\IrishPotato37G_full\lateblt\lateblt2682.jpg,late_blight,irish
D:\Potato\IrishPotato37G_full\earlyblt\earlyblt433.jpg,early_blight,irish
D:\Potato\IrishPotato37G_full\healthy\healthy5215.jpg,healthy,irish
D:\Potato\IrishPotato37G_full\lateblt\lateblt1978.jpg,late_blight,irish
D:\Potato\IrishPotato37G_full\earlyblt\earlyblt2848.jpg,early_blight,irish
D:\Potato\IrishPotato37G_full\earlyblt\earlyblt2679.jpg,early_blight,irish
D:\Potato\IrishPotato37G_full\lateblt\lateblt2507.jpg,late_blight,irish
D:\Potato\IrishPotato37G_full\lateblt\lateblt1541.jpg,late_blight,irish
D:\Potato\IrishPotato37G_full\healthy\healthy4295.jpg,healthy,irish
D:\Potato\IrishPotato37G_full\healthy\healthy2871.jpg,healthy,irish
D:\Potato\IrishPotato37G_full\lateblt\lateblt972.jpg,late_blight,irish
D:\Potato\IrishPotato37G_full\lateblt\lateblt5001.jpg,late_blight,irish
D:\Potato\IrishPotato37G_full\lateblt\lateblt537.jpg,late_blight,irish
D:\Potato\IrishPotato37G_full\healthy\healthy2041.jpg,healthy,irish
D:\Potato\IrishPotato37G_full\lateblt\lateblt577.jpg,late_blight,irish
D:\Potato\IrishPotato37G_full\lateblt\lateblt226.jpg,late_blight,irish
D:\Potato\IrishPotato37G_full\lateblt\lateblt2913.jpg,late_blight,irish
D:\Potato\IrishPotato37G_full\healthy\healthy3666.jpg,healthy,irish
D:\Potato\IrishPotato37G_full\earlyblt\earlyblt1750.jpg,early_blight,irish
D:\Potato\IrishPotato37G_full\healthy\healthy5182.jpg,healthy,irish
D:\Potato\IrishPotato37G_full\earlyblt\earlyblt1479.jpg,early_blight,irish
D:\Potato\IrishPotato37G_full\healthy\healthy4251.jpg,healthy,irish
D:\Potato\IrishPotato37G_full\lateblt\lateblt136.jpg,late_blight,irish
D:\Potato\IrishPotato37G_full\earlyblt\earlyblt3147.jpg,early_blight,irish
D:\Potato\IrishPotato37G_full\earlyblt\earlyblt3075.jpg,early_blight,irish
D:\Potato\IrishPotato37G_full\earlyblt\earlyblt1808.jpg,early_blight,irish
D:\Potato\IrishPotato37G_full\healthy\healthy1337.jpg,healthy,irish
D:\Potato\non_leaf\coco_person\000000038678.jpg,non_leaf,coco_person
D:\Potato\IrishPotato37G_full\lateblt\lateblt2145.jpg,late_blight,irish
D:\Potato\IrishPotato37G_full\lateblt\lateblt54.jpg,late_blight,irish
D:\Potato\IrishPotato37G_full\lateblt\lateblt1123.jpg,late_blight,irish
D:\Potato\non_leaf\coco_person\000000357816.jpg,non_leaf,coco_person
D:\Potato\IrishPotato37G_full\healthy\healthy2035.jpg,healthy,irish
D:\Potato\IrishPotato37G_full\earlyblt\earlyblt1157.jpg,early_blight,irish
D:\Potato\non_leaf\coco_person\000000317433.jpg,non_leaf,coco_person
D:\Potato\IrishPotato37G_full\earlyblt\earlyblt3008.jpg,early_blight,irish
D:\Potato\IrishPotato37G_full\earlyblt\earlyblt2355.jpg,early_blight,irish
D:\Potato\IrishPotato37G_full\lateblt\lateblt2233.jpg,late_blight,irish
D:\Potato\IrishPotato37G_full\healthy\healthy3645.jpg,healthy,irish
D:\Potato\IrishPotato37G_full\lateblt\lateblt2411.jpg,late_blight,irish
D:\Potato\IrishPotato37G_full\earlyblt\earlyblt6439.jpg,early_blight,irish
D:\Potato\IrishPotato37G_full\earlyblt\earlyblt191.jpg,early_blight,irish
D:\Potato\IrishPotato37G_full\healthy\healthy3622.jpg,healthy,irish
D:\Potato\non_leaf\coco_person\000000015660.jpg,non_leaf,coco_person
D:\Potato\IrishPotato37G_full\healthy\healthy1386.jpg,healthy,irish
D:\Potato\IrishPotato37G_full\healthy\healthy2187.jpg,healthy,irish
D:\Potato\IrishPotato37G_full\lateblt\lateblt757.jpg,late_blight,irish
D:\Potato\IrishPotato37G_full\lateblt\lateblt2141.jpg,late_blight,irish
D:\Potato\IrishPotato37G_full\lateblt\lateblt5028.jpg,late_blight,irish
D:\Potato\IrishPotato37G_full\earlyblt\earlyblt2505.jpg,early_blight,irish
D:\Potato\IrishPotato37G_full\healthy\healthy699.jpg,healthy,irish
D:\Potato\IrishPotato37G_full\earlyblt\earlyblt3264.jpg,early_blight,irish
D:\Potato\IrishPotato37G_full\lateblt\lateblt608.jpg,late_blight,irish
D:\Potato\IrishPotato37G_full\lateblt\lateblt2214.jpg,late_blight,irish
D:\Potato\IrishPotato37G_full\earlyblt\earlyblt962.jpg,early_blight,irish
D:\Potato\IrishPotato37G_full\lateblt\lateblt1679.jpg,late_blight,irish
D:\Potato\IrishPotato37G_full\lateblt\lateblt790.jpg,late_blight,irish
D:\Potato\non_leaf\coco_person\000000284991.jpg,non_leaf,coco_person
D:\Potato\IrishPotato37G_full\healthy\healthy2001.jpg,healthy,irish
D:\Potato\IrishPotato37G_full\lateblt\lateblt2207.jpg,late_blight,irish
D:\Potato\IrishPotato37G_full\earlyblt\earlyblt3402.jpg,early_blight,irish
D:\Potato\IrishPotato37G_full\lateblt\lateblt1461.jpg,late_blight,irish
D:\Potato\IrishPotato37G_full\earlyblt\earlyblt3504.jpg,early_blight,irish
D:\Potato\IrishPotato37G_full\healthy\healthy4706.jpg,healthy,irish
D:\Potato\IrishPotato37G_full\lateblt\lateblt2958.jpg,late_blight,irish
D:\Potato\IrishPotato37G_full\lateblt\lateblt433.jpg,late_blight,irish
D:\Potato\IrishPotato37G_full\healthy\healthy381.jpg,healthy,irish
D:\Potato\IrishPotato37G_full\lateblt\lateblt785.jpg,late_blight,irish
D:\Potato\IrishPotato37G_full\healthy\healthy4326.jpg,healthy,irish
D:\Potato\IrishPotato37G_full\lateblt\lateblt1934.jpg,late_blight,irish
D:\Potato\IrishPotato37G_full\lateblt\lateblt686.jpg,late_blight,irish
D:\Potato\IrishPotato37G_full\earlyblt\earlyblt789.jpg,early_blight,irish
D:\Potato\IrishPotato37G_full\healthy\healthy4188.jpg,healthy,irish
D:\Potato\IrishPotato37G_full\healthy\healthy2422.jpg,healthy,irish
D:\Potato\IrishPotato37G_full\earlyblt\earlyblt1630.jpg,early_blight,irish
D:\Potato\IrishPotato37G_full\lateblt\lateblt1907.jpg,late_blight,irish
D:\Potato\IrishPotato37G_full\healthy\healthy3427.jpg,healthy,irish
D:\Potato\IrishPotato37G_full\lateblt\lateblt5060.jpg,late_blight,irish
D:\Potato\IrishPotato37G_full\healthy\healthy5468.jpg,healthy,irish
D:\Potato\IrishPotato37G_full\healthy\healthy2980.jpg,healthy,irish
D:\Potato\IrishPotato37G_full\healthy\healthy3477.jpg,healthy,irish
D:\Potato\IrishPotato37G_full\healthy\healthy541.jpg,healthy,irish
D:\Potato\IrishPotato37G_full\healthy\healthy2899.jpg,healthy,irish
D:\Potato\IrishPotato37G_full\earlyblt\earlyblt2013.jpg,early_blight,irish
D:\Potato\IrishPotato37G_full\lateblt\lateblt837.jpg,late_blight,irish
D:\Potato\IrishPotato37G_full\lateblt\lateblt1374.jpg,late_blight,irish
D:\Potato\IrishPotato37G_full\earlyblt\earlyblt2710.jpg,early_blight,irish
D:\Potato\IrishPotato37G_full\lateblt\lateblt1463.jpg,late_blight,irish
D:\Potato\IrishPotato37G_full\lateblt\lateblt2954.jpg,late_blight,irish
D:\Potato\IrishPotato37G_full\earlyblt\earlyblt1539.jpg,early_blight,irish
D:\Potato\IrishPotato37G_full\lateblt\lateblt985.jpg,late_blight,irish
D:\Potato\IrishPotato37G_full\lateblt\lateblt425.jpg,late_blight,irish
D:\Potato\IrishPotato37G_full\earlyblt\earlyblt640.jpg,early_blight,irish
D:\Potato\IrishPotato37G_full\healthy\healthy2526.jpg,healthy,irish
D:\Potato\IrishPotato37G_full\healthy\healthy2490.jpg,healthy,irish
D:\Potato\IrishPotato37G_full\healthy\healthy4412.jpg,healthy,irish
D:\Potato\IrishPotato37G_full\healthy\healthy5224.jpg,healthy,irish
D:\Potato\IrishPotato37G_full\healthy\healthy4023.jpg,healthy,irish
D:\Potato\IrishPotato37G_full\lateblt\lateblt70.jpg,late_blight,irish
D:\Potato\non_leaf\coco_person\000000492937.jpg,non_leaf,coco_person
D:\Potato\non_leaf\coco_person\000000373705.jpg,non_leaf,coco_person
D:\Potato\IrishPotato37G_full\earlyblt\earlyblt1557.jpg,early_blight,irish
D:\Potato\IrishPotato37G_full\earlyblt\earlyblt3167.jpg,early_blight,irish
D:\Potato\IrishPotato37G_full\earlyblt\earlyblt3738.jpg,early_blight,irish
D:\Potato\IrishPotato37G_full\healthy\healthy2544.jpg,healthy,irish
D:\Potato\IrishPotato37G_full\healthy\healthy3501.jpg,healthy,irish
D:\Potato\IrishPotato37G_full\healthy\healthy1582.jpg,healthy,irish
D:\Potato\IrishPotato37G_full\lateblt\lateblt2289.jpg,late_blight,irish
D:\Potato\IrishPotato37G_full\earlyblt\earlyblt618.jpg,early_blight,irish
D:\Potato\IrishPotato37G_full\healthy\healthy5292.jpg,healthy,irish
D:\Potato\IrishPotato37G_full\lateblt\lateblt637.jpg,late_blight,irish
D:\Potato\IrishPotato37G_full\earlyblt\earlyblt2793.jpg,early_blight,irish
D:\Potato\IrishPotato37G_full\lateblt\lateblt1974.jpg,late_blight,irish
D:\Potato\IrishPotato37G_full\healthy\healthy372.jpg,healthy,irish
D:\Potato\IrishPotato37G_full\earlyblt\earlyblt260.jpg,early_blight,irish
D:\Potato\IrishPotato37G_full\earlyblt\earlyblt3762.jpg,early_blight,irish
D:\Potato\IrishPotato37G_full\lateblt\lateblt2151.jpg,late_blight,irish
D:\Potato\IrishPotato37G_full\lateblt\lateblt2613.jpg,late_blight,irish
D:\Potato\IrishPotato37G_full\lateblt\lateblt1654.jpg,late_blight,irish
D:\Potato\IrishPotato37G_full\earlyblt\earlyblt2483.jpg,early_blight,irish
D:\Potato\IrishPotato37G_full\healthy\healthy2285.jpg,healthy,irish
D:\Potato\IrishPotato37G_full\earlyblt\earlyblt6413.jpg,early_blight,irish
D:\Potato\non_leaf\coco_person\000000024243.jpg,non_leaf,coco_person
D:\Potato\IrishPotato37G_full\healthy\healthy311.jpg,healthy,irish
D:\Potato\non_leaf\coco_person\000000483667.jpg,non_leaf,coco_person
D:\Potato\IrishPotato37G_full\earlyblt\earlyblt3818.jpg,early_blight,irish
D:\Potato\IrishPotato37G_full\lateblt\lateblt1430.jpg,late_blight,irish
D:\Potato\IrishPotato37G_full\healthy\healthy1517.jpg,healthy,irish
D:\Potato\IrishPotato37G_full\healthy\healthy1747.jpg,healthy,irish
D:\Potato\IrishPotato37G_full\lateblt\lateblt2614.jpg,late_blight,irish
D:\Potato\IrishPotato37G_full\healthy\healthy914.jpg,healthy,irish
D:\Potato\IrishPotato37G_full\healthy\healthy3313.jpg,healthy,irish
D:\Potato\IrishPotato37G_full\earlyblt\earlyblt1863.jpg,early_blight,irish
D:\Potato\non_leaf\coco_person\000000432553.jpg,non_leaf,coco_person
D:\Potato\IrishPotato37G_full\earlyblt\earlyblt1552.jpg,early_blight,irish
D:\Potato\IrishPotato37G_full\healthy\healthy4103.jpg,healthy,irish
D:\Potato\IrishPotato37G_full\healthy\healthy4339.jpg,healthy,irish
D:\Potato\IrishPotato37G_full\lateblt\lateblt1597.jpg,late_blight,irish
D:\Potato\IrishPotato37G_full\healthy\healthy4301.jpg,healthy,irish
D:\Potato\IrishPotato37G_full\healthy\healthy4628.jpg,healthy,irish
D:\Potato\IrishPotato37G_full\lateblt\lateblt737.jpg,late_blight,irish
D:\Potato\IrishPotato37G_full\lateblt\lateblt1587.jpg,late_blight,irish
D:\Potato\IrishPotato37G_full\earlyblt\earlyblt768.jpg,early_blight,irish
D:\Potato\IrishPotato37G_full\earlyblt\earlyblt3296.jpg,early_blight,irish
D:\Potato\IrishPotato37G_full\healthy\healthy1676.jpg,healthy,irish
D:\Potato\IrishPotato37G_full\lateblt\lateblt585.jpg,late_blight,irish
D:\Potato\IrishPotato37G_full\healthy\healthy3536.jpg,healthy,irish
D:\Potato\IrishPotato37G_full\healthy\healthy733.jpg,healthy,irish
D:\Potato\IrishPotato37G_full\healthy\healthy4069.jpg,healthy,irish
D:\Potato\IrishPotato37G_full\earlyblt\earlyblt2362.jpg,early_blight,irish
D:\Potato\IrishPotato37G_full\healthy\healthy4463.jpg,healthy,irish
D:\Potato\IrishPotato37G_full\earlyblt\earlyblt2929.jpg,early_blight,irish
D:\Potato\IrishPotato37G_full\lateblt\lateblt1633.jpg,late_blight,irish
D:\Potato\IrishPotato37G_full\lateblt\lateblt1909.jpg,late_blight,irish
D:\Potato\IrishPotato37G_full\earlyblt\earlyblt2887.jpg,early_blight,irish
D:\Potato\IrishPotato37G_full\lateblt\lateblt923.jpg,late_blight,irish
D:\Potato\IrishPotato37G_full\healthy\healthy2892.jpg,healthy,irish
D:\Potato\non_leaf\coco_person\000000463730.jpg,non_leaf,coco_person
D:\Potato\IrishPotato37G_full\earlyblt\earlyblt2762.jpg,early_blight,irish
D:\Potato\IrishPotato37G_full\lateblt\lateblt1554.jpg,late_blight,irish
D:\Potato\IrishPotato37G_full\lateblt\lateblt1626.jpg,late_blight,irish
D:\Potato\IrishPotato37G_full\healthy\healthy3642.jpg,healthy,irish
D:\Potato\IrishPotato37G_full\lateblt\lateblt2578.jpg,late_blight,irish
D:\Potato\IrishPotato37G_full\lateblt\lateblt617.jpg,late_blight,irish
D:\Potato\IrishPotato37G_full\lateblt\lateblt602.jpg,late_blight,irish
D:\Potato\IrishPotato37G_full\healthy\healthy4469.jpg,healthy,irish
D:\Potato\IrishPotato37G_full\lateblt\lateblt1472.jpg,late_blight,irish
D:\Potato\IrishPotato37G_full\earlyblt\earlyblt6781.jpg,early_blight,irish
D:\Potato\IrishPotato37G_full\healthy\healthy2013.jpg,healthy,irish
D:\Potato\IrishPotato37G_full\lateblt\lateblt529.jpg,late_blight,irish
D:\Potato\IrishPotato37G_full\healthy\healthy2500.jpg,healthy,irish
D:\Potato\IrishPotato37G_full\earlyblt\earlyblt6688.jpg,early_blight,irish
D:\Potato\IrishPotato37G_full\healthy\healthy4362.jpg,healthy,irish
D:\Potato\non_leaf\coco_person\000000268729.jpg,non_leaf,coco_person
D:\Potato\IrishPotato37G_full\healthy\healthy3902.jpg,healthy,irish
D:\Potato\IrishPotato37G_full\lateblt\lateblt2897.jpg,late_blight,irish
D:\Potato\IrishPotato37G_full\earlyblt\earlyblt3572.jpg,early_blight,irish
D:\Potato\IrishPotato37G_full\earlyblt\earlyblt3055.jpg,early_blight,irish
D:\Potato\IrishPotato37G_full\lateblt\lateblt1930.jpg,late_blight,irish
D:\Potato\IrishPotato37G_full\healthy\healthy4116.jpg,healthy,irish
D:\Potato\IrishPotato37G_full\earlyblt\earlyblt6782.jpg,early_blight,irish
D:\Potato\IrishPotato37G_full\earlyblt\earlyblt1502.jpg,early_blight,irish
D:\Potato\IrishPotato37G_full\lateblt\lateblt2806.jpg,late_blight,irish
D:\Potato\IrishPotato37G_full\earlyblt\earlyblt3868.jpg,early_blight,irish
D:\Potato\IrishPotato37G_full\healthy\healthy1569.jpg,healthy,irish
D:\Potato\IrishPotato37G_full\lateblt\lateblt2209.jpg,late_blight,irish
D:\Potato\IrishPotato37G_full\earlyblt\earlyblt4729.jpg,early_blight,irish
D:\Potato\IrishPotato37G_full\lateblt\lateblt668.jpg,late_blight,irish
D:\Potato\IrishPotato37G_full\healthy\healthy4090.jpg,healthy,irish
D:\Potato\IrishPotato37G_full\earlyblt\earlyblt5899.jpg,early_blight,irish
D:\Potato\IrishPotato37G_full\earlyblt\earlyblt4852.jpg,early_blight,irish
D:\Potato\IrishPotato37G_full\earlyblt\earlyblt3907.jpg,early_blight,irish
D:\Potato\IrishPotato37G_full\healthy\healthy4943.jpg,healthy,irish
D:\Potato\IrishPotato37G_full\healthy\healthy2883.jpg,healthy,irish
D:\Potato\IrishPotato37G_full\healthy\healthy3665.jpg,healthy,irish
D:\Potato\IrishPotato37G_full\lateblt\lateblt601.jpg,late_blight,irish
D:\Potato\IrishPotato37G_full\healthy\healthy939.jpg,healthy,irish
D:\Potato\IrishPotato37G_full\lateblt\lateblt1970.jpg,late_blight,irish
D:\Potato\IrishPotato37G_full\healthy\healthy2017.jpg,healthy,irish
D:\Potato\IrishPotato37G_full\earlyblt\earlyblt2368.jpg,early_blight,irish
D:\Potato\IrishPotato37G_full\healthy\healthy2701.jpg,healthy,irish
D:\Potato\IrishPotato37G_full\healthy\healthy1575.jpg,healthy,irish
D:\Potato\IrishPotato37G_full\healthy\healthy2319.jpg,healthy,irish
D:\Potato\IrishPotato37G_full\healthy\healthy5407.jpg,healthy,irish
D:\Potato\IrishPotato37G_full\healthy\healthy3081.jpg,healthy,irish
D:\Potato\IrishPotato37G_full\earlyblt\earlyblt3820.jpg,early_blight,irish
D:\Potato\IrishPotato37G_full\lateblt\lateblt5027.jpg,late_blight,irish
D:\Potato\IrishPotato37G_full\lateblt\lateblt284.jpg,late_blight,irish
D:\Potato\IrishPotato37G_full\earlyblt\earlyblt1468.jpg,early_blight,irish
D:\Potato\non_leaf\coco_person\000000404839.jpg,non_leaf,coco_person
D:\Potato\IrishPotato37G_full\lateblt\lateblt596.jpg,late_blight,irish
D:\Potato\IrishPotato37G_full\healthy\healthy1456.jpg,healthy,irish
D:\Potato\IrishPotato37G_full\healthy\healthy3148.jpg,healthy,irish
D:\Potato\IrishPotato37G_full\healthy\healthy2837.jpg,healthy,irish
D:\Potato\IrishPotato37G_full\healthy\healthy2405.jpg,healthy,irish
D:\Potato\IrishPotato37G_full\lateblt\lateblt955.jpg,late_blight,irish
D:\Potato\IrishPotato37G_full\earlyblt\earlyblt834.jpg,early_blight,irish
D:\Potato\IrishPotato37G_full\lateblt\lateblt2727.jpg,late_blight,irish
D:\Potato\IrishPotato37G_full\healthy\healthy1212.jpg,healthy,irish
D:\Potato\IrishPotato37G_full\lateblt\lateblt561.jpg,late_blight,irish
D:\Potato\IrishPotato37G_full\lateblt\lateblt630.jpg,late_blight,irish
D:\Potato\IrishPotato37G_full\earlyblt\earlyblt1818.jpg,early_blight,irish
D:\Potato\IrishPotato37G_full\lateblt\lateblt2821.jpg,late_blight,irish
D:\Potato\IrishPotato37G_full\lateblt\lateblt161.jpg,late_blight,irish
D:\Potato\IrishPotato37G_full\healthy\healthy4882.jpg,healthy,irish
D:\Potato\IrishPotato37G_full\healthy\healthy508.jpg,healthy,irish
D:\Potato\IrishPotato37G_full\healthy\healthy787.jpg,healthy,irish
D:\Potato\IrishPotato37G_full\earlyblt\earlyblt6238.jpg,early_blight,irish
D:\Potato\IrishPotato37G_full\lateblt\lateblt1538.jpg,late_blight,irish
D:\Potato\IrishPotato37G_full\lateblt\lateblt1506.jpg,late_blight,irish
D:\Potato\IrishPotato37G_full\earlyblt\earlyblt3903.jpg,early_blight,irish
D:\Potato\IrishPotato37G_full\earlyblt\earlyblt2216.jpg,early_blight,irish
D:\Potato\IrishPotato37G_full\earlyblt\earlyblt6348.jpg,early_blight,irish
D:\Potato\IrishPotato37G_full\earlyblt\earlyblt4864.jpg,early_blight,irish
D:\Potato\IrishPotato37G_full\lateblt\lateblt1531.jpg,late_blight,irish
D:\Potato\IrishPotato37G_full\earlyblt\earlyblt6720.jpg,early_blight,irish
D:\Potato\IrishPotato37G_full\healthy\healthy4165.jpg,healthy,irish
D:\Potato\IrishPotato37G_full\earlyblt\earlyblt1139.jpg,early_blight,irish
D:\Potato\IrishPotato37G_full\lateblt\lateblt1168.jpg,late_blight,irish
D:\Potato\IrishPotato37G_full\lateblt\lateblt440.jpg,late_blight,irish
D:\Potato\IrishPotato37G_full\lateblt\lateblt1561.jpg,late_blight,irish
D:\Potato\IrishPotato37G_full\lateblt\lateblt643.jpg,late_blight,irish
D:\Potato\IrishPotato37G_full\earlyblt\earlyblt384.jpg,early_blight,irish
D:\Potato\IrishPotato37G_full\earlyblt\earlyblt6083.jpg,early_blight,irish
D:\Potato\IrishPotato37G_full\healthy\healthy5175.jpg,healthy,irish
D:\Potato\IrishPotato37G_full\healthy\healthy2889.jpg,healthy,irish
D:\Potato\IrishPotato37G_full\healthy\healthy4231.jpg,healthy,irish
D:\Potato\IrishPotato37G_full\lateblt\lateblt231.jpg,late_blight,irish
D:\Potato\IrishPotato37G_full\lateblt\lateblt1577.jpg,late_blight,irish
D:\Potato\IrishPotato37G_full\healthy\healthy516.jpg,healthy,irish
D:\Potato\IrishPotato37G_full\earlyblt\earlyblt2737.jpg,early_blight,irish
D:\Potato\IrishPotato37G_full\earlyblt\earlyblt2366.jpg,early_blight,irish
D:\Potato\IrishPotato37G_full\lateblt\lateblt807.jpg,late_blight,irish
D:\Potato\IrishPotato37G_full\earlyblt\earlyblt2991.jpg,early_blight,irish
D:\Potato\IrishPotato37G_full\lateblt\lateblt1945.jpg,late_blight,irish
D:\Potato\IrishPotato37G_full\lateblt\lateblt73.jpg,late_blight,irish
D:\Potato\IrishPotato37G_full\healthy\healthy619.jpg,healthy,irish
D:\Potato\IrishPotato37G_full\lateblt\lateblt2521.jpg,late_blight,irish
D:\Potato\IrishPotato37G_full\earlyblt\earlyblt1925.jpg,early_blight,irish
D:\Potato\IrishPotato37G_full\lateblt\lateblt1346.jpg,late_blight,irish
D:\Potato\IrishPotato37G_full\lateblt\lateblt951.jpg,late_blight,irish
D:\Potato\IrishPotato37G_full\healthy\healthy3990.jpg,healthy,irish
D:\Potato\IrishPotato37G_full\healthy\healthy1258.jpg,healthy,irish
D:\Potato\IrishPotato37G_full\healthy\healthy3795.jpg,healthy,irish
D:\Potato\IrishPotato37G_full\healthy\healthy3593.jpg,healthy,irish
D:\Potato\IrishPotato37G_full\healthy\healthy4957.jpg,healthy,irish
D:\Potato\IrishPotato37G_full\healthy\healthy3635.jpg,healthy,irish
D:\Potato\IrishPotato37G_full\earlyblt\earlyblt1090.jpg,early_blight,irish
D:\Potato\IrishPotato37G_full\lateblt\lateblt692.jpg,late_blight,irish
D:\Potato\IrishPotato37G_full\healthy\healthy3575.jpg,healthy,irish
D:\Potato\non_leaf\coco_person\000000368294.jpg,non_leaf,coco_person
D:\Potato\IrishPotato37G_full\healthy\healthy1756.jpg,healthy,irish
D:\Potato\IrishPotato37G_full\earlyblt\earlyblt3979.jpg,early_blight,irish
D:\Potato\IrishPotato37G_full\healthy\healthy4406.jpg,healthy,irish
D:\Potato\non_leaf\coco_person\000000021879.jpg,non_leaf,coco_person
D:\Potato\IrishPotato37G_full\earlyblt\earlyblt317.jpg,early_blight,irish
D:\Potato\IrishPotato37G_full\healthy\healthy3051.jpg,healthy,irish
D:\Potato\IrishPotato37G_full\lateblt\lateblt726.jpg,late_blight,irish
D:\Potato\IrishPotato37G_full\healthy\healthy4609.jpg,healthy,irish
D:\Potato\IrishPotato37G_full\lateblt\lateblt2159.jpg,late_blight,irish
D:\Potato\IrishPotato37G_full\lateblt\lateblt1553.jpg,late_blight,irish
D:\Potato\IrishPotato37G_full\lateblt\lateblt1988.jpg,late_blight,irish
D:\Potato\IrishPotato37G_full\earlyblt\earlyblt3968.jpg,early_blight,irish
D:\Potato\IrishPotato37G_full\healthy\healthy67.jpg,healthy,irish
D:\Potato\IrishPotato37G_full\lateblt\lateblt448.jpg,late_blight,irish
D:\Potato\IrishPotato37G_full\earlyblt\earlyblt3576.jpg,early_blight,irish
D:\Potato\IrishPotato37G_full\earlyblt\earlyblt2616.jpg,early_blight,irish
D:\Potato\IrishPotato37G_full\earlyblt\earlyblt3924.jpg,early_blight,irish
D:\Potato\IrishPotato37G_full\lateblt\lateblt774.jpg,late_blight,irish
D:\Potato\IrishPotato37G_full\healthy\healthy4195.jpg,healthy,irish
D:\Potato\IrishPotato37G_full\earlyblt\earlyblt2693.jpg,early_blight,irish
D:\Potato\IrishPotato37G_full\healthy\healthy3695.jpg,healthy,irish
D:\Potato\non_leaf\coco_person\000000002532.jpg,non_leaf,coco_person
D:\Potato\IrishPotato37G_full\earlyblt\earlyblt3736.jpg,early_blight,irish
D:\Potato\IrishPotato37G_full\lateblt\lateblt2782.jpg,late_blight,irish
D:\Potato\IrishPotato37G_full\lateblt\lateblt2030.jpg,late_blight,irish
D:\Potato\IrishPotato37G_full\healthy\healthy4978.jpg,healthy,irish
D:\Potato\IrishPotato37G_full\lateblt\lateblt722.jpg,late_blight,irish
D:\Potato\IrishPotato37G_full\healthy\healthy3956.jpg,healthy,irish
D:\Potato\IrishPotato37G_full\lateblt\lateblt917.jpg,late_blight,irish
D:\Potato\IrishPotato37G_full\lateblt\lateblt459.jpg,late_blight,irish
D:\Potato\IrishPotato37G_full\healthy\healthy4016.jpg,healthy,irish
D:\Potato\IrishPotato37G_full\earlyblt\earlyblt2815.jpg,early_blight,irish
D:\Potato\non_leaf\coco_person\000000448410.jpg,non_leaf,coco_person
D:\Potato\IrishPotato37G_full\lateblt\lateblt297.jpg,late_blight,irish
D:\Potato\IrishPotato37G_full\lateblt\lateblt1637.jpg,late_blight,irish
D:\Potato\non_leaf\coco_person\000000498807.jpg,non_leaf,coco_person
D:\Potato\IrishPotato37G_full\healthy\healthy2962.jpg,healthy,irish
D:\Potato\IrishPotato37G_full\healthy\healthy1526.jpg,healthy,irish
D:\Potato\IrishPotato37G_full\earlyblt\earlyblt2087.jpg,early_blight,irish
D:\Potato\IrishPotato37G_full\earlyblt\earlyblt6201.jpg,early_blight,irish
D:\Potato\non_leaf\coco_person\000000177015.jpg,non_leaf,coco_person
D:\Potato\IrishPotato37G_full\healthy\healthy4057.jpg,healthy,irish
D:\Potato\IrishPotato37G_full\earlyblt\earlyblt2839.jpg,early_blight,irish
D:\Potato\IrishPotato37G_full\lateblt\lateblt2241.jpg,late_blight,irish
D:\Potato\IrishPotato37G_full\lateblt\lateblt2409.jpg,late_blight,irish
D:\Potato\IrishPotato37G_full\earlyblt\earlyblt2675.jpg,early_blight,irish
D:\Potato\IrishPotato37G_full\lateblt\lateblt131.jpg,late_blight,irish
D:\Potato\IrishPotato37G_full\healthy\healthy4804.jpg,healthy,irish
D:\Potato\IrishPotato37G_full\lateblt\lateblt1197.jpg,late_blight,irish
D:\Potato\IrishPotato37G_full\lateblt\lateblt461.jpg,late_blight,irish
D:\Potato\non_leaf\coco_person\000000411953.jpg,non_leaf,coco_person
D:\Potato\IrishPotato37G_full\healthy\healthy1107.jpg,healthy,irish
D:\Potato\IrishPotato37G_full\healthy\healthy3525.jpg,healthy,irish
D:\Potato\IrishPotato37G_full\lateblt\lateblt2755.jpg,late_blight,irish
D:\Potato\IrishPotato37G_full\healthy\healthy2805.jpg,healthy,irish
D:\Potato\IrishPotato37G_full\earlyblt\earlyblt6920.jpg,early_blight,irish
D:\Potato\IrishPotato37G_full\earlyblt\earlyblt248.jpg,early_blight,irish
D:\Potato\non_leaf\coco_person\000000381587.jpg,non_leaf,coco_person
D:\Potato\IrishPotato37G_full\lateblt\lateblt1357.jpg,late_blight,irish
D:\Potato\IrishPotato37G_full\healthy\healthy4379.jpg,healthy,irish
D:\Potato\IrishPotato37G_full\lateblt\lateblt1917.jpg,late_blight,irish
D:\Potato\IrishPotato37G_full\healthy\healthy3077.jpg,healthy,irish
D:\Potato\IrishPotato37G_full\earlyblt\earlyblt3853.jpg,early_blight,irish
D:\Potato\IrishPotato37G_full\healthy\healthy837.jpg,healthy,irish
D:\Potato\IrishPotato37G_full\healthy\healthy4186.jpg,healthy,irish
D:\Potato\IrishPotato37G_full\earlyblt\earlyblt4826.jpg,early_blight,irish
D:\Potato\IrishPotato37G_full\earlyblt\earlyblt6653.jpg,early_blight,irish
D:\Potato\IrishPotato37G_full\healthy\healthy3482.jpg,healthy,irish
D:\Potato\IrishPotato37G_full\lateblt\lateblt2654.jpg,late_blight,irish
D:\Potato\IrishPotato37G_full\earlyblt\earlyblt3163.jpg,early_blight,irish
D:\Potato\IrishPotato37G_full\healthy\healthy557.jpg,healthy,irish
D:\Potato\IrishPotato37G_full\earlyblt\earlyblt2891.jpg,early_blight,irish
D:\Potato\IrishPotato37G_full\lateblt\lateblt2168.jpg,late_blight,irish
D:\Potato\IrishPotato37G_full\healthy\healthy2447.jpg,healthy,irish
D:\Potato\IrishPotato37G_full\earlyblt\earlyblt2903.jpg,early_blight,irish
D:\Potato\IrishPotato37G_full\healthy\healthy900.jpg,healthy,irish
D:\Potato\IrishPotato37G_full\lateblt\lateblt2529.jpg,late_blight,irish
D:\Potato\IrishPotato37G_full\healthy\healthy1259.jpg,healthy,irish
D:\Potato\IrishPotato37G_full\lateblt\lateblt2894.jpg,late_blight,irish
